1.000000000000000000e+00 2.557147012487304139e-01
1.000921642732741867e+00 2.551730200585335395e-01
1.001844134890810478e+00 2.546324378537860866e-01
1.002767477257072715e+00 2.540929525224784324e-01
1.003691670615116660e+00 2.535545619563823183e-01
1.004616715749252709e+00 2.530172640510447435e-01
1.005542613444514011e+00 2.524810567057815258e-01
1.006469364486657359e+00 2.519459378236713620e-01
1.007396969662163855e+00 2.514119053115497771e-01
1.008325429758239133e+00 2.508789570800029067e-01
1.009254745562814692e+00 2.503470910433614471e-01
1.010184917864547893e+00 2.498163051181187810e-01
1.011115947452823294e+00 2.492865972160014376e-01
1.012047835117752648e+00 2.487579652496870741e-01
1.012980581650176015e+00 2.482304071356808695e-01
1.013914187841662651e+00 2.477039207943108057e-01
1.014848654484510782e+00 2.471785041497216173e-01
1.015783982371749161e+00 2.466541551298677137e-01
1.016720172297137736e+00 2.461308716665067120e-01
1.017657225055167425e+00 2.456086516951933307e-01
1.018595141441061891e+00 2.450874931552719516e-01
1.019533922250777325e+00 2.445673939898709570e-01
1.020473568281003551e+00 2.440483521458960414e-01
1.021414080329164920e+00 2.435303655740228557e-01
1.022355459193420524e+00 2.430134322286916226e-01
1.023297705672665092e+00 2.424975500680999485e-01
1.024240820566529653e+00 2.419827170541966332e-01
1.025184804675382422e+00 2.414689311526748983e-01
1.026129658800329025e+00 2.409561903329662524e-01
1.027075383743213166e+00 2.404444925682341083e-01
1.028021980306618177e+00 2.399338358353666767e-01
1.028969449293866800e+00 2.394242181149710824e-01
1.029917791509021852e+00 2.389156373913671472e-01
1.030867007756887554e+00 2.384080916525804505e-01
1.031817098843010205e+00 2.379015788903356965e-01
1.032768065573677729e+00 2.373960971000515507e-01
1.033719908755921457e+00 2.368916442808329803e-01
1.034672629197517013e+00 2.363882184354651472e-01
1.035626227706983871e+00 2.358858175704077187e-01
1.036580705093586907e+00 2.353844396957877894e-01
1.037536062167336848e+00 2.348840828253937196e-01
1.038492299738990932e+00 2.343847449766692237e-01
1.039449418620053800e+00 2.338864241707061253e-01
1.040407419622777718e+00 2.333891184322390011e-01
1.041366303560163908e+00 2.328928257896384912e-01
1.042326071245962327e+00 2.323975442749047493e-01
1.043286723494673662e+00 2.319032719236616413e-01
1.044248261121548671e+00 2.314100067751501399e-01
1.045210684942589507e+00 2.309177468722223570e-01
1.046173995774551058e+00 2.304264902613344657e-01
1.047138194434940273e+00 2.299362349925418714e-01
1.048103281742017723e+00 2.294469791194916897e-01
1.049069258514798042e+00 2.289587206994173618e-01
1.050036125573051260e+00 2.284714577931316326e-01
1.051003883737302136e+00 2.279851884650213045e-01
1.051972533828832157e+00 2.274999107830402711e-01
1.052942076669679539e+00 2.270156228187038550e-01
1.053912513082640334e+00 2.265323226470820905e-01
1.054883843891268658e+00 2.260500083467941734e-01
1.055856069919877793e+00 2.255686780000018821e-01
1.056829191993540862e+00 2.250883296924034438e-01
1.057803210938091265e+00 2.246089615132276507e-01
1.058778127580123352e+00 2.241305715552276423e-01
1.059753942746993527e+00 2.236531579146747439e-01
1.060730657266820920e+00 2.231767186913521106e-01
1.061708271968487383e+00 2.227012519885492869e-01
1.062686787681639045e+00 2.222267559130555181e-01
1.063666205236686757e+00 2.217532285751537269e-01
1.064646525464806315e+00 2.212806680886150457e-01
1.065627749197939789e+00 2.208090725706920165e-01
1.066609877268796192e+00 2.203384401421128735e-01
1.067592910510851700e+00 2.198687689270755752e-01
1.068576849758350766e+00 2.194000570532416705e-01
1.069561695846306781e+00 2.189323026517301929e-01
1.070547449610502522e+00 2.184655038571119701e-01
1.071534111887491481e+00 2.179996588074032959e-01
1.072521683514597646e+00 2.175347656440601019e-01
1.073510165329916832e+00 2.170708225119719614e-01
1.074499558172317792e+00 2.166078275594560398e-01
1.075489862881441550e+00 2.161457789382514871e-01
1.076481080297703841e+00 2.156846748035128047e-01
1.077473211262294450e+00 2.152245133138046274e-01
1.078466256617178320e+00 2.147652926310953947e-01
1.079460217205096884e+00 2.143070109207514673e-01
1.080455093869568062e+00 2.138496663515312146e-01
1.081450887454886711e+00 2.133932570955796026e-01
1.082447598806126843e+00 2.129377813284211440e-01
1.083445228769140511e+00 2.124832372289554294e-01
1.084443778190559371e+00 2.120296229794502441e-01
1.085443247917795784e+00 2.115769367655361555e-01
1.086443638799043043e+00 2.111251767762002685e-01
1.087444951683275818e+00 2.106743412037809793e-01
1.088447187420251483e+00 2.102244282439617584e-01
1.089450346860510788e+00 2.097754360957652109e-01
1.090454430855377854e+00 2.093273629615478026e-01
1.091459440256961955e+00 2.088802070469931715e-01
1.092465375918157289e+00 2.084339665611072423e-01
1.093472238692644316e+00 2.079886397162120648e-01
1.094480029434890422e+00 2.075442247279396524e-01
1.095488749000150364e+00 2.071007198152269857e-01
1.096498398244466710e+00 2.066581232003096846e-01
1.097508978024671844e+00 2.062164331087164848e-01
1.098520489198387295e+00 2.057756477692632979e-01
1.099532932624025072e+00 2.053357654140477440e-01
1.100546309160788327e+00 2.048967842784433779e-01
1.101560619668672247e+00 2.044587026010938335e-01
1.102575865008464717e+00 2.040215186239070222e-01
1.103592046041746322e+00 2.035852305920499983e-01
1.104609163630892343e+00 2.031498367539427141e-01
1.105627218639072984e+00 2.027153353612522191e-01
1.106646211930253143e+00 2.022817246688879411e-01
1.107666144369195083e+00 2.018490029349946646e-01
1.108687016821457094e+00 2.014171684209483670e-01
1.109708830153395942e+00 2.009862193913491135e-01
1.110731585232166196e+00 2.005561541140166715e-01
1.111755282925722454e+00 2.001269708599839880e-01
1.112779924102818230e+00 1.996986679034923606e-01
1.113805509633008617e+00 1.992712435219849976e-01
1.114832040386649847e+00 1.988446959961019667e-01
1.115859517234899956e+00 1.984190236096747273e-01
1.116887941049720334e+00 1.979942246497201630e-01
1.117917312703875954e+00 1.975702974064350304e-01
1.118947633070935810e+00 1.971472401731908797e-01
1.119978903025274475e+00 1.967250512465280043e-01
1.121011123442071877e+00 1.963037289261500284e-01
1.122044295197315078e+00 1.958832715149185777e-01
1.123078419167798270e+00 1.954636773188475063e-01
1.124113496231123444e+00 1.950449446470975678e-01
1.125149527265701943e+00 1.946270718119707532e-01
1.126186513150754243e+00 1.942100571289049060e-01
1.127224454766311501e+00 1.937938989164683934e-01
1.128263352993216007e+00 1.933785954963539999e-01
1.129303208713121176e+00 1.929641451933745699e-01
1.130344022808493554e+00 1.925505463354564850e-01
1.131385796162613255e+00 1.921377972536345013e-01
1.132428529659573968e+00 1.917258962820467538e-01
1.133472224184284283e+00 1.913148417579289551e-01
1.134516880622468582e+00 1.909046320216088166e-01
1.135562499860667263e+00 1.904952654165011916e-01
1.136609082786238067e+00 1.900867402891019686e-01
1.137656630287356307e+00 1.896790549889832700e-01
1.138705143253016416e+00 1.892722078687875953e-01
1.139754622573031284e+00 1.888661972842230752e-01
1.140805069138034700e+00 1.884610215940572819e-01
1.141856483839480907e+00 1.880566791601126220e-01
1.142908867569645714e+00 1.876531683472604239e-01
1.143962221221627606e+00 1.872504875234159705e-01
1.145016545689347742e+00 1.868486350595329193e-01
1.146071841867551511e+00 1.864476093295981962e-01
1.147128110651808752e+00 1.860474087106264718e-01
1.148185352938515091e+00 1.856480315826548599e-01
1.149243569624891492e+00 1.852494763287379775e-01
1.150302761608986701e+00 1.848517413349422267e-01
1.151362929789676359e+00 1.844548249903406600e-01
1.152424075066665443e+00 1.840587256870075683e-01
1.153486198340487601e+00 1.836634418200135677e-01
1.154549300512506038e+00 1.832689717874202706e-01
1.155613382484915741e+00 1.828753139902744573e-01
1.156678445160742141e+00 1.824824668326038013e-01
1.157744489443843783e+00 1.820904287214106798e-01
1.158811516238911654e+00 1.816991980666676776e-01
1.159879526451470744e+00 1.813087732813119246e-01
1.160948520987880928e+00 1.809191527812401834e-01
1.162018500755336747e+00 1.805303349853036310e-01
1.163089466661869631e+00 1.801423183153020857e-01
1.164161419616347226e+00 1.797551011959798717e-01
1.165234360528474955e+00 1.793686820550199068e-01
1.166308290308797124e+00 1.789830593230386235e-01
1.167383209868696925e+00 1.785982314335808896e-01
1.168459120120397321e+00 1.782141968231150397e-01
1.169536021976962159e+00 1.778309539310275189e-01
1.170613916352297279e+00 1.774485011996176920e-01
1.171692804161149848e+00 1.770668370740932362e-01
1.172772686319110802e+00 1.766859600025642019e-01
1.173853563742615069e+00 1.763058684360385153e-01
1.174935437348941569e+00 1.759265608284167892e-01
1.176018308056215211e+00 1.755480356364871319e-01
1.177102176783406673e+00 1.751702913199200407e-01
1.178187044450333731e+00 1.747933263412635163e-01
1.179272911977661931e+00 1.744171391659379289e-01
1.180359780286905469e+00 1.740417282622306328e-01
1.181447650300427865e+00 1.736670921012913593e-01
1.182536522941442181e+00 1.732932291571272487e-01
1.183626399134013019e+00 1.729201379065971877e-01
1.184717279803056300e+00 1.725478168294075632e-01
1.185809165874340598e+00 1.721762644081065996e-01
1.186902058274487359e+00 1.718054791280799465e-01
1.187995957930972457e+00 1.714354594775452101e-01
1.189090865772126193e+00 1.710662039475470408e-01
1.190186782727134851e+00 1.706977110319524149e-01
1.191283709726040696e+00 1.703299792274454993e-01
1.192381647699743530e+00 1.699630070335224896e-01
1.193480597580000691e+00 1.695967929524871132e-01
1.194580560299428829e+00 1.692313354894452726e-01
1.195681536791503463e+00 1.688666331523003272e-01
1.196783527990560980e+00 1.685026844517479583e-01
1.197886534831798855e+00 1.681394879012715615e-01
1.198990558251275873e+00 1.677770420171370291e-01
1.200095599185914352e+00 1.674153453183881424e-01
1.201201658573499476e+00 1.670543963268412146e-01
1.202308737352681289e+00 1.666941935670806785e-01
1.203416836462974482e+00 1.663347355664540894e-01
1.204525956844759715e+00 1.659760208550669081e-01
1.205636099439284736e+00 1.656180479657780868e-01
1.206747265188664153e+00 1.652608154341950741e-01
1.207859455035881435e+00 1.649043217986687071e-01
1.208972669924788912e+00 1.645485656002887709e-01
1.210086910800108662e+00 1.641935453828789471e-01
1.211202178607433622e+00 1.638392596929919565e-01
1.212318474293228254e+00 1.634857070799047296e-01
1.213435798804829435e+00 1.631328860956138549e-01
1.214554153090446675e+00 1.627807952948304160e-01
1.215673538099163897e+00 1.624294332349755232e-01
1.216793954780939657e+00 1.620787984761750677e-01
1.217915404086607811e+00 1.617288895812556693e-01
1.219037886967878626e+00 1.613797051179585995e-01
1.220161404377339665e+00 1.610312436767878663e-01
1.221285957268456013e+00 1.606835038614192190e-01
1.222411546595572274e+00 1.603364842780245214e-01
1.223538173313911903e+00 1.599901835351693891e-01
1.224665838379578986e+00 1.596446002438093037e-01
1.225794542749558680e+00 1.592997330172865322e-01
1.226924287381718548e+00 1.589555804713267406e-01
1.228055073234808336e+00 1.586121412240359685e-01
1.229186901268461973e+00 1.582694138958972707e-01
1.230319772443197568e+00 1.579273971097672757e-01
1.231453687720418522e+00 1.575860894908733267e-01
1.232588648062414194e+00 1.572454896668098179e-01
1.233724654432361012e+00 1.569055962675354188e-01
1.234861707794323138e+00 1.565664079253692165e-01
1.235999809113253134e+00 1.562279232749881064e-01
1.237138959354992629e+00 1.558901409534231286e-01
1.238279159486274095e+00 1.555530596000564147e-01
1.239420410474720402e+00 1.552166778566179128e-01
1.240562713288846375e+00 1.548809943671820843e-01
1.241706068898059456e+00 1.545460077781648511e-01
1.242850478272660819e+00 1.542117167383202092e-01
1.243995942383845588e+00 1.538781198987369259e-01
1.245142462203704170e+00 1.535452159128355698e-01
1.246290038705222480e+00 1.532130034363652360e-01
1.247438672862283715e+00 1.528814811274001317e-01
1.248588365649668575e+00 1.525506476463363847e-01
1.249739118043055486e+00 1.522205016558892399e-01
1.250890931019023267e+00 1.518910418210890900e-01
1.252043805555049572e+00 1.515622668092791725e-01
1.253197742629514000e+00 1.512341752901114889e-01
1.254352743221696986e+00 1.509067659355441404e-01
1.255508808311782021e+00 1.505800374198381919e-01
1.256665938880856093e+00 1.502539884195538689e-01
1.257824135910909913e+00 1.499286176135480597e-01
1.258983400384839468e+00 1.496039236829707630e-01
1.260143733286446910e+00 1.492799053112617291e-01
1.261305135600440552e+00 1.489565611841477955e-01
1.262467608312436651e+00 1.486338899896390842e-01
1.263631152408959846e+00 1.483118904180262543e-01
1.264795768877443827e+00 1.479905611618770878e-01
1.265961458706232445e+00 1.476699009160335752e-01
1.267128222884580380e+00 1.473499083776082241e-01
1.268296062402654023e+00 1.470305822459815615e-01
1.269464978251532594e+00 1.467119212227982750e-01
1.270634971423208581e+00 1.463939240119644936e-01
1.271806042910588408e+00 1.460765893196445397e-01
1.272978193707494210e+00 1.457599158542574880e-01
1.274151424808663613e+00 1.454439023264744446e-01
1.275325737209751287e+00 1.451285474492149952e-01
1.276501131907329167e+00 1.448138499376442623e-01
1.277677609898888456e+00 1.444998085091695472e-01
1.278855172182838729e+00 1.441864218834374711e-01
1.280033819758510383e+00 1.438736887823305055e-01
1.281213553626154633e+00 1.435616079299639192e-01
1.282394374786944624e+00 1.432501780526827806e-01
1.283576284242976095e+00 1.429393978790586828e-01
1.284759282997268492e+00 1.426292661398864403e-01
1.285943372053765632e+00 1.423197815681813139e-01
1.287128552417336591e+00 1.420109428991755129e-01
1.288314825093776594e+00 1.417027488703151983e-01
1.289502191089807903e+00 1.413951982212574565e-01
1.290690651413080481e+00 1.410882896938669140e-01
1.291880207072173325e+00 1.407820220322128224e-01
1.293070859076594470e+00 1.404763939825658670e-01
1.294262608436782758e+00 1.401714042933948912e-01
1.295455456164108066e+00 1.398670517153640380e-01
1.296649403270872414e+00 1.395633350013295582e-01
1.297844450770311076e+00 1.392602529063362571e-01
1.299040599676593022e+00 1.389578041876150805e-01
1.300237851004821588e+00 1.386559876045795614e-01
1.301436205771036025e+00 1.383548019188227396e-01
1.302635664992212172e+00 1.380542458941141359e-01
1.303836229686262671e+00 1.377543182963965607e-01
1.305037900872038525e+00 1.374550178937832545e-01
1.306240679569329988e+00 1.371563434565543360e-01
1.307444566798866781e+00 1.368582937571540814e-01
1.308649563582319875e+00 1.365608675701875940e-01
1.309855670942301487e+00 1.362640636724179732e-01
1.311062889902366191e+00 1.359678808427629559e-01
1.312271221487012252e+00 1.356723178622919468e-01
1.313480666721682066e+00 1.353773735142228818e-01
1.314691226632763055e+00 1.350830465839190642e-01
1.315902902247588546e+00 1.347893358588864166e-01
1.317115694594439113e+00 1.344962401287698728e-01
1.318329604702542346e+00 1.342037581853507966e-01
1.319544633602074857e+00 1.339118888225436788e-01
1.320760782324162719e+00 1.336206308363929174e-01
1.321978051900882356e+00 1.333299830250700146e-01
1.323196443365260988e+00 1.330399441888704404e-01
1.324415957751278627e+00 1.327505131302103292e-01
1.325636596093867414e+00 1.324616886536238436e-01
1.326858359428914058e+00 1.321734695657596770e-01
1.328081248793259617e+00 1.318858546753782224e-01
1.329305265224700605e+00 1.315988427933486304e-01
1.330530409761990551e+00 1.313124327326453400e-01
1.331756683444839773e+00 1.310266233083455245e-01
1.332984087313917154e+00 1.307414133376256504e-01
1.334212622410850591e+00 1.304568016397587016e-01
1.335442289778227876e+00 1.301727870361109041e-01
1.336673090459598257e+00 1.298893683501387009e-01
1.337905025499471989e+00 1.296065444073861705e-01
1.339138095943322337e+00 1.293243140354812526e-01
1.340372302837586460e+00 1.290426760641332216e-01
1.341607647229665190e+00 1.287616293251295230e-01
1.342844130167925254e+00 1.284811726523328035e-01
1.344081752701699717e+00 1.282013048816775802e-01
1.345320515881288204e+00 1.279220248511676872e-01
1.346560420757958676e+00 1.276433314008729447e-01
1.347801468383948098e+00 1.273652233729261896e-01
1.349043659812463103e+00 1.270876996115201663e-01
1.350286996097680658e+00 1.268107589629049181e-01
1.351531478294750066e+00 1.265344002753841235e-01
1.352777107459792294e+00 1.262586223993127643e-01
1.354023884649902199e+00 1.259834241870935179e-01
1.355271810923148745e+00 1.257088044931742865e-01
1.356520887338575898e+00 1.254347621740447283e-01
1.357771114956204173e+00 1.251612960882335646e-01
1.359022494837030415e+00 1.248884050963054576e-01
1.360275028043029577e+00 1.246160880608581656e-01
1.361528715637155829e+00 1.243443438465191841e-01
1.362783558683342111e+00 1.240731713199432762e-01
1.364039558246502803e+00 1.238025693498089608e-01
1.365296715392533056e+00 1.235325368068160429e-01
1.366555031188311009e+00 1.232630725636821439e-01
1.367814506701697574e+00 1.229941754951399679e-01
1.369075143001538208e+00 1.227258444779345120e-01
1.370336941157663135e+00 1.224580783908197495e-01
1.371599902240888680e+00 1.221908761145556743e-01
1.372864027323018599e+00 1.219242365319056637e-01
1.374129317476843637e+00 1.216581585276332172e-01
1.375395773776143526e+00 1.213926409884991536e-01
1.376663397295688318e+00 1.211276828032582936e-01
1.377932189111237715e+00 1.208632828626571565e-01
1.379202150299543073e+00 1.205994400594304905e-01
1.380473281938348729e+00 1.203361532882983170e-01
1.381745585106391561e+00 1.200734214459633492e-01
1.383019060883402984e+00 1.198112434311077446e-01
1.384293710350109841e+00 1.195496181443901212e-01
1.385569534588234175e+00 1.192885444884429352e-01
1.386846534680495902e+00 1.190280213678692051e-01
1.388124711710612580e+00 1.187680476892397086e-01
1.389404066763300083e+00 1.185086223610901518e-01
1.390684600924274594e+00 1.182497442939179355e-01
1.391966315280252386e+00 1.179914124001796988e-01
1.393249210918952041e+00 1.177336255942878496e-01
1.394533288929093784e+00 1.174763827926081500e-01
1.395818550400401925e+00 1.172196829134563301e-01
1.397104996423604639e+00 1.169635248770956176e-01
1.398392628090435963e+00 1.167079076057333936e-01
1.399681446493635351e+00 1.164528300235186248e-01
1.400971452726949895e+00 1.161982910565387828e-01
1.402262647885134328e+00 1.159442896328170131e-01
1.403555033063953239e+00 1.156908246823090541e-01
1.404848609360179745e+00 1.154378951369006284e-01
1.406143377871599265e+00 1.151854999304042226e-01
1.407439339697007741e+00 1.149336379985565482e-01
1.408736495936214528e+00 1.146823082790152798e-01
1.410034847690042392e+00 1.144315097113564050e-01
1.411334396060328622e+00 1.141812412370712959e-01
1.412635142149926359e+00 1.139315017995637253e-01
1.413937087062704601e+00 1.136822903441471050e-01
1.415240231903550194e+00 1.134336058180415302e-01
1.416544577778368064e+00 1.131854471703709064e-01
1.417850125794082317e+00 1.129378133521601879e-01
1.419156877058637578e+00 1.126907033163322969e-01
1.420464832680999434e+00 1.124441160177053617e-01
1.421773993771155320e+00 1.121980504129899692e-01
1.423084361440115853e+00 1.119525054607861114e-01
1.424395936799915940e+00 1.117074801215803548e-01
1.425708720963614562e+00 1.114629733577432169e-01
1.427022715045297430e+00 1.112189841335258361e-01
1.428337920160076546e+00 1.109755114150576816e-01
1.429654337424091759e+00 1.107325541703432087e-01
1.430971967954511426e+00 1.104901113692593612e-01
1.432290812869534191e+00 1.102481819835525040e-01
1.433610873288388321e+00 1.100067649868358144e-01
1.434932150331334144e+00 1.097658593545860900e-01
1.436254645119664941e+00 1.095254640641411814e-01
1.437578358775706278e+00 1.092855780946972999e-01
1.438903292422818891e+00 1.090462004273057561e-01
1.440229447185398692e+00 1.088073300448704345e-01
1.441556824188877872e+00 1.085689659321448647e-01
1.442885424559726015e+00 1.083311070757294187e-01
1.444215249425450764e+00 1.080937524640685904e-01
1.445546299914598709e+00 1.078569010874480122e-01
1.446878577156756940e+00 1.076205519379915959e-01
1.448212082282553492e+00 1.073847040096591321e-01
1.449546816423658013e+00 1.071493562982429731e-01
1.450882780712783982e+00 1.069145078013654659e-01
1.452219976283688485e+00 1.066801575184760792e-01
1.453558404271172888e+00 1.064463044508488637e-01
1.454898065811085273e+00 1.062129476015791912e-01
1.456238962040320217e+00 1.059800859755813118e-01
1.457581094096820351e+00 1.057477185795854951e-01
1.458924463119576576e+00 1.055158444221351299e-01
1.460269070248630063e+00 1.052844625135840179e-01
1.461614916625072480e+00 1.050535718660935841e-01
1.462962003391047094e+00 1.048231714936301573e-01
1.464310331689749889e+00 1.045932604119620413e-01
1.465659902665430669e+00 1.043638376386567951e-01
1.467010717463393510e+00 1.041349021930786656e-01
1.468362777229998084e+00 1.039064530963854371e-01
1.469716083112660776e+00 1.036784893715260308e-01
1.471070636259855569e+00 1.034510100432374374e-01
1.472426437821114265e+00 1.032240141380422332e-01
1.473783488947029152e+00 1.029975006842454854e-01
1.475141790789252338e+00 1.027714687119324205e-01
1.476501344500497082e+00 1.025459172529653434e-01
1.477862151234539567e+00 1.023208453409809038e-01
1.479224212146219131e+00 1.020962520113876532e-01
1.480587528391439367e+00 1.018721363013628534e-01
1.481952101127169685e+00 1.016484972498500200e-01
1.483317931511445087e+00 1.014253338975561886e-01
1.484685020703368385e+00 1.012026452869490278e-01
1.486053369863110429e+00 1.009804304622543281e-01
1.487422980151911212e+00 1.007586884694530033e-01
1.488793852732081646e+00 1.005374183562784546e-01
1.490165988767002903e+00 1.003166191722141137e-01
1.491539389421129291e+00 1.000962899684902235e-01
1.492914055859987377e+00 9.987642979808156185e-02
1.494289989250179085e+00 9.965703771570441627e-02
1.495667190759380372e+00 9.943811277781416935e-02
1.497045661556344109e+00 9.921965404260221777e-02
1.498425402810900309e+00 9.900166056999366859e-02
1.499806415693957007e+00 9.878413142164427230e-02
1.501188701377500934e+00 9.856706566093793864e-02
1.502572261034599732e+00 9.835046235298407213e-02
1.503957095839401736e+00 9.813432056461458830e-02
1.505343206967137748e+00 9.791863936438152671e-02
1.506730595594121258e+00 9.770341782255428931e-02
1.508119262897750668e+00 9.748865501111678156e-02
1.509509210056508399e+00 9.727435000376494223e-02
1.510900438249963784e+00 9.706050187590409273e-02
1.512292948658773506e+00 9.684710970464574520e-02
1.513686742464681600e+00 9.663417256880568740e-02
1.515081820850521899e+00 9.642168954890080468e-02
1.516478185000218248e+00 9.620965972714658199e-02
1.517875836098785181e+00 9.599808218745432831e-02
1.519274775332330130e+00 9.578695601542865090e-02
1.520675003888053212e+00 9.557628029836459649e-02
1.522076522954248778e+00 9.536605412524523651e-02
1.523479333720306750e+00 9.515627658673883604e-02
1.524883437376712392e+00 9.494694677486997803e-02
1.526288835115049203e+00 9.473806375164577076e-02
1.527695528127998026e+00 9.452962652335077098e-02
1.529103517609339491e+00 9.432163409261332121e-02
1.530512804753954237e+00 9.411408546457145086e-02
1.531923390757824022e+00 9.390697964686570143e-02
1.533335276818033277e+00 9.370031564963206272e-02
1.534748464132769552e+00 9.349409248549481188e-02
1.536162953901324180e+00 9.328830916955978270e-02
1.537578747324094719e+00 9.308296471940670502e-02
1.538995845602584289e+00 9.287805815508291818e-02
1.540414249939403790e+00 9.267358849909593244e-02
1.541833961538272568e+00 9.246955477640654564e-02
1.543254981604018861e+00 9.226595601442201533e-02
1.544677311342582016e+00 9.206279124298895333e-02
1.546100951961012049e+00 9.186005949438673379e-02
1.547525904667472307e+00 9.165775980332024897e-02
1.548952170671239026e+00 9.145589120691326179e-02
1.550379751182702881e+00 9.125445274470156409e-02
1.551808647413370545e+00 9.105344345862605160e-02
1.553238860575865132e+00 9.085286239302600708e-02
1.554670391883927083e+00 9.065270859463238351e-02
1.556103242552415944e+00 9.045298111256100393e-02
1.557537413797310366e+00 9.025367899830573359e-02
1.558972906835710326e+00 9.005480130573187414e-02
1.560409722885836903e+00 8.985634709106946061e-02
1.561847863167034500e+00 8.965831541290653073e-02
1.563287328899770845e+00 8.946070533218256071e-02
1.564728121305638764e+00 8.926351591218192882e-02
1.566170241607356850e+00 8.906674621852683771e-02
1.567613691028771017e+00 8.887039531917144408e-02
1.569058470794854276e+00 8.867446228439461453e-02
1.570504582131709403e+00 8.847894618679377765e-02
1.571952026266568936e+00 8.828384610127838761e-02
1.573400804427796507e+00 8.808916110506311015e-02
1.574850917844887510e+00 8.789489027766168860e-02
1.576302367748471323e+00 8.770103270088029646e-02
1.577755155370310414e+00 8.750758745881105638e-02
1.579209281943303456e+00 8.731455363782583690e-02
1.580664748701485101e+00 8.712193032656941061e-02
1.582121556880027091e+00 8.692971661595357002e-02
1.583579707715239815e+00 8.673791159915041071e-02
1.585039202444573192e+00 8.654651437158608629e-02
1.586500042306617120e+00 8.635552403093454954e-02
1.587962228541103693e+00 8.616493967711105761e-02
1.589425762388907204e+00 8.597476041226606580e-02
1.590890645092045697e+00 8.578498534077889925e-02
1.592356877893681855e+00 8.559561356925138309e-02
1.593824462038124112e+00 8.540664420650183331e-02
1.595293398770827764e+00 8.521807636355856197e-02
1.596763689338396075e+00 8.502990915365396529e-02
1.598235334988580725e+00 8.484214169221816759e-02
1.599708336970284472e+00 8.465477309687273466e-02
1.601182696533559602e+00 8.446780248742498387e-02
1.602658414929611919e+00 8.428122898586133671e-02
1.604135493410799418e+00 8.409505171634160114e-02
1.605613933230634727e+00 8.390926980519272660e-02
1.607093735643785992e+00 8.372388238090257284e-02
1.608574901906077104e+00 8.353888857411437274e-02
1.610057433274489691e+00 8.335428751762005706e-02
1.611541331007164235e+00 8.317007834635471719e-02
1.613026596363400067e+00 8.298626019739044346e-02
1.614513230603657812e+00 8.280283220993028825e-02
1.616001234989559388e+00 8.261979352530239573e-02
1.617490610783889338e+00 8.243714328695415927e-02
1.618981359250596608e+00 8.225488064044610137e-02
1.620473481654794545e+00 8.207300473344608660e-02
1.621966979262762454e+00 8.189151471572334029e-02
1.623461853341947370e+00 8.171040973914274474e-02
1.624958105160963617e+00 8.152968895765885793e-02
1.626455735989595253e+00 8.134935152731012642e-02
1.627954747098796506e+00 8.116939660621309838e-02
1.629455139760692672e+00 8.098982335455659487e-02
1.630956915248582106e+00 8.081063093459582569e-02
1.632460074836936004e+00 8.063181851064694927e-02
1.633964619801400842e+00 8.045338524908092481e-02
1.635470551418798157e+00 8.027533031831819710e-02
1.636977870967126547e+00 8.009765288882249312e-02
1.638486579725562775e+00 7.992035213309563180e-02
1.639996678974461775e+00 7.974342722567158426e-02
1.641508169995359534e+00 7.956687734311078397e-02
1.643021054070972209e+00 7.939070166399471440e-02
1.644535332485198564e+00 7.921489936892001094e-02
1.646051006523120863e+00 7.903946964049306245e-02
1.647568077471005310e+00 7.886441166332429364e-02
1.649086546616304050e+00 7.868972462402268331e-02
1.650606415247655390e+00 7.851540771119019935e-02
1.652127684654885575e+00 7.834146011541612276e-02
1.653650356129009458e+00 7.816788102927187121e-02
1.655174430962231602e+00 7.799466964730503160e-02
1.656699910447948287e+00 7.782182516603414202e-02
1.658226795880746618e+00 7.764934678394332102e-02
1.659755088556408076e+00 7.747723370147657773e-02
1.661284789771907411e+00 7.730548512103248282e-02
1.662815900825415305e+00 7.713410024695870060e-02
1.664348423016298817e+00 7.696307828554678487e-02
1.665882357645122047e+00 7.679241844502643355e-02
1.667417706013648582e+00 7.662211993556039547e-02
1.668954469424841269e+00 7.645218196923898868e-02
1.670492649182863776e+00 7.628260376007499344e-02
1.672032246593081917e+00 7.611338452399779575e-02
1.673573262962064545e+00 7.594452347884877996e-02
1.675115699597584662e+00 7.577601984437538907e-02
1.676659557808620526e+00 7.560787284222630911e-02
1.678204838905357210e+00 7.544008169594597357e-02
1.679751544199186597e+00 7.527264563096942862e-02
1.681299675002709604e+00 7.510556387461701788e-02
1.682849232629737068e+00 7.493883565608926156e-02
1.684400218395290638e+00 7.477246020646148572e-02
1.685952633615603435e+00 7.460643675867900670e-02
1.687506479608122500e+00 7.444076454755145511e-02
1.689061757691508125e+00 7.427544280974807123e-02
1.690618469185636741e+00 7.411047078379237596e-02
1.692176615411600693e+00 7.394584771005710544e-02
1.693736197691710688e+00 7.378157283075888195e-02
1.695297217349495122e+00 7.361764538995355101e-02
1.696859675709702753e+00 7.345406463353071347e-02
1.698423574098303357e+00 7.329082980920902102e-02
1.699988913842488625e+00 7.312794016653073603e-02
1.701555696270673268e+00 7.296539495685705479e-02
1.703123922712496796e+00 7.280319343336288940e-02
1.704693594498823517e+00 7.264133485103189958e-02
1.706264712961744978e+00 7.247981846665169092e-02
1.707837279434580191e+00 7.231864353880851359e-02
1.709411295251876739e+00 7.215780932788266877e-02
1.710986761749412555e+00 7.199731509604331836e-02
1.712563680264196364e+00 7.183716010724366940e-02
1.714142052134469685e+00 7.167734362721599195e-02
1.715721878699706604e+00 7.151786492346685897e-02
1.717303161300616443e+00 7.135872326527216425e-02
1.718885901279143757e+00 7.119991792367227901e-02
1.720470099978470113e+00 7.104144817146713919e-02
1.722055758743014975e+00 7.088331328321159641e-02
1.723642878918437038e+00 7.072551253521039416e-02
1.725231461851634451e+00 7.056804520551349102e-02
1.726821508890747703e+00 7.041091057391124508e-02
1.728413021385159176e+00 7.025410792192955667e-02
1.730006000685495149e+00 7.009763653282516382e-02
1.731600448143626680e+00 6.994149569158100710e-02
1.733196365112670945e+00 6.978568468490127519e-02
1.734793752946991674e+00 6.963020280120681138e-02
1.736392613002201379e+00 6.947504933063050614e-02
1.737992946635161573e+00 6.932022356501231497e-02
1.739594755203984544e+00 6.916572479789490080e-02
1.741198040068034025e+00 6.901155232451886001e-02
1.742802802587927191e+00 6.885770544181780972e-02
1.744409044125534658e+00 6.870418344841419667e-02
1.746016766043982038e+00 6.855098564461445387e-02
1.747625969707651938e+00 6.839811133240430996e-02
1.749236656482183960e+00 6.824555981544433436e-02
1.750848827734476476e+00 6.809333039906531604e-02
1.752462484832687739e+00 6.794142239026362828e-02
1.754077629146236550e+00 6.778983509769688498e-02
1.755694262045804255e+00 6.763856783167909725e-02
1.757312384903335412e+00 6.748761990417635748e-02
1.758931999092038900e+00 6.733699062880225961e-02
1.760553105986389255e+00 6.718667932081352767e-02
1.762175706962127775e+00 6.703668529710520019e-02
1.763799803396263632e+00 6.688700787620655008e-02
1.765425396667075431e+00 6.673764637827642177e-02
1.767052488154111645e+00 6.658860012509867921e-02
1.768681079238192178e+00 6.643986844007812587e-02
1.770311171301410358e+00 6.629145064823567524e-02
1.771942765727132052e+00 6.614334607620425688e-02
1.773575863899998994e+00 6.599555405222423676e-02
1.775210467205928788e+00 6.584807390613914291e-02
1.776846577032116459e+00 6.570090496939121061e-02
1.778484194767035342e+00 6.555404657501710808e-02
1.780123321800438863e+00 6.540749805764360658e-02
1.781763959523360308e+00 6.526125875348312566e-02
1.783406109328116607e+00 6.511532800032955592e-02
1.785049772608306329e+00 6.496970513755390142e-02
1.786694950758813238e+00 6.482438950609999140e-02
1.788341645175806960e+00 6.467938044848020596e-02
1.789989857256742756e+00 6.453467730877118780e-02
1.791639588400365080e+00 6.439027943260960951e-02
1.793290840006706910e+00 6.424618616718802411e-02
1.794943613477091748e+00 6.410239686125042413e-02
1.796597910214134508e+00 6.395891086508828649e-02
1.798253731621742402e+00 6.381572753053620095e-02
1.799911079105117606e+00 6.367284621096760966e-02
1.801569954070756374e+00 6.353026626129096299e-02
1.803230357926451921e+00 6.338798703794513989e-02
1.804892292081294425e+00 6.324600789889557595e-02
1.806555757945673024e+00 6.310432820363010009e-02
1.808220756931276707e+00 6.296294731315468796e-02
1.809887290451095199e+00 6.282186458998938183e-02
1.811555359919421404e+00 6.268107939816427998e-02
1.813224966751850964e+00 6.254059110321531778e-02
1.814896112365283809e+00 6.240039907218038195e-02
1.816568798177926825e+00 6.226050267359497375e-02
1.818243025609292962e+00 6.212090127748836482e-02
1.819918796080204570e+00 6.198159425537947548e-02
1.821596111012792063e+00 6.184258098027295425e-02
1.823274971830498137e+00 6.170386082665486882e-02
1.824955379958075996e+00 6.156543317048906311e-02
1.826637336821592239e+00 6.142729738921297311e-02
1.828320843848429078e+00 6.128945286173360929e-02
1.830005902467282342e+00 6.115189896842369854e-02
1.831692514108166137e+00 6.101463509111761108e-02
1.833380680202411739e+00 6.087766061310753707e-02
1.835070402182669591e+00 6.074097491913945518e-02
1.836761681482911079e+00 6.060457739540920513e-02
1.838454519538428311e+00 6.046846742955875459e-02
1.840148917785837446e+00 6.033264441067195949e-02
1.841844877663077584e+00 6.019710772927098358e-02
1.843542400609413656e+00 6.006185677731232936e-02
1.845241488065437085e+00 5.992689094818286905e-02
1.846942141473066235e+00 5.979220963669615307e-02
1.848644362275549735e+00 5.965781223908841330e-02
1.850348151917464934e+00 5.952369815301489231e-02
1.852053511844722333e+00 5.938986677754577032e-02
1.853760443504563149e+00 5.925631751316266793e-02
1.855468948345563307e+00 5.912304976175472571e-02
1.857179027817634331e+00 5.899006292661461426e-02
1.858890683372022901e+00 5.885735641243508565e-02
1.860603916461314400e+00 5.872492962530496963e-02
1.862318728539432255e+00 5.859278197270556543e-02
1.864035121061639488e+00 5.846091286350682537e-02
1.865753095484541824e+00 5.832932170796360088e-02
1.867472653266085691e+00 5.819800791771203435e-02
1.869193795865562668e+00 5.806697090576568021e-02
1.870916524743608145e+00 5.793621008651197307e-02
1.872640841362204878e+00 5.780572487570840440e-02
1.874366747184682103e+00 5.767551469047896978e-02
1.876094243675717754e+00 5.754557894931047746e-02
1.877823332301340464e+00 5.741591707204868333e-02
1.879554014528929118e+00 5.728652847989495339e-02
1.881286291827215518e+00 5.715741259540254443e-02
1.883020165666285273e+00 5.702856884247278074e-02
1.884755637517577798e+00 5.689999664635175813e-02
1.886492708853890310e+00 5.677169543362645121e-02
1.888231381149375832e+00 5.664366463222127862e-02
1.889971655879547408e+00 5.651590367139448096e-02
1.891713534521276774e+00 5.638841198173466518e-02
1.893457018552797910e+00 5.626118899515693966e-02
1.895202109453706374e+00 5.613423414489977087e-02
1.896948808704961298e+00 5.600754686552117390e-02
1.898697117788887834e+00 5.588112659289515283e-02
1.900447038189175597e+00 5.575497276420839782e-02
1.902198571390883775e+00 5.562908481795657278e-02
1.903951718880438237e+00 5.550346219394100555e-02
1.905706482145635539e+00 5.537810433326500331e-02
1.907462862675644244e+00 5.525301067833052193e-02
1.909220861961004267e+00 5.512818067283464796e-02
1.910980481493629979e+00 5.500361376176607364e-02
1.912741722766809982e+00 5.487930939140180098e-02
1.914504587275210223e+00 5.475526700930356816e-02
1.916269076514873548e+00 5.463148606431455362e-02
1.918035191983221255e+00 5.450796600655581636e-02
1.919802935179055980e+00 5.438470629106647442e-02
1.921572307602560148e+00 5.426170645470262954e-02
1.923343310755300184e+00 5.413896611357661703e-02
1.925115946140225631e+00 5.401648488688501337e-02
1.926890215261671147e+00 5.389426239359286497e-02
1.928666119625358721e+00 5.377229825243828171e-02
1.930443660738396794e+00 5.365059208193703744e-02
1.932222840109284023e+00 5.352914350038675412e-02
1.934003659247908624e+00 5.340795212587171742e-02
1.935786119665550586e+00 5.328701757626718577e-02
1.937570222874883008e+00 5.316633946924385901e-02
1.939355970389972539e+00 5.304591742227231926e-02
1.941143363726282267e+00 5.292575105262736085e-02
1.942932404400670610e+00 5.280583997739250746e-02
1.944723093931395308e+00 5.268618381346423796e-02
1.946515433838112541e+00 5.256678217755652444e-02
1.948309425641879145e+00 5.244763468620500940e-02
1.950105070865154611e+00 5.232874095577125240e-02
1.951902371031800421e+00 5.221010060244734435e-02
1.953701327667083820e+00 5.209171324225979338e-02
1.955501942297676266e+00 5.197357849107418076e-02
1.957304216451657419e+00 5.185569596459903285e-02
1.959108151658515373e+00 5.173806527839028974e-02
1.960913749449146648e+00 5.162068604785545467e-02
1.962721011355860190e+00 5.150355788825771580e-02
1.964529938912376039e+00 5.138668041472022746e-02
1.966340533653828659e+00 5.127005324223017635e-02
1.968152797116766495e+00 5.115367598564295182e-02
1.969966730839154634e+00 5.103754825968630227e-02
1.971782336360375920e+00 5.092166967896429725e-02
1.973599615221231174e+00 5.080603985796162958e-02
1.975418568963942079e+00 5.069065841104745257e-02
1.977239199132151182e+00 5.057552495247955027e-02
1.979061507270923448e+00 5.046063909640845918e-02
1.980885494926749146e+00 5.034600045688120834e-02
1.982711163647542074e+00 5.023160864784557283e-02
1.984538514982643997e+00 5.011746328315392490e-02
1.986367550482824207e+00 5.000356397656719604e-02
1.988198271700280850e+00 4.988991034175890155e-02
1.990030680188643597e+00 4.977650199231891531e-02
1.991864777502972750e+00 4.966333854175757068e-02
1.993700565199763020e+00 4.955041960350931030e-02
1.995538044836942637e+00 4.943774479093682866e-02
1.997377217973876684e+00 4.932531371733470116e-02
1.999218086171366426e+00 4.921312599593328369e-02
2.001060650991652423e+00 4.910118123990264705e-02
2.002904913998414749e+00 4.898947906235619210e-02
2.004750876756774325e+00 4.887801907635462573e-02
2.006598540833294919e+00 4.876680089490956216e-02
2.008447907795984477e+00 4.865582413098730463e-02
2.010298979214295123e+00 4.854508839751268262e-02
2.012151756659126711e+00 4.843459330737270169e-02
2.014006241702825051e+00 4.832433847342020722e-02
2.015862435919187678e+00 4.821432350847759674e-02
2.017720340883459862e+00 4.810454802534053914e-02
2.019579958172340373e+00 4.799501163678154131e-02
2.021441289363981486e+00 4.788571395555351468e-02
2.023304336037987650e+00 4.777665459439369572e-02
2.025169099775422588e+00 4.766783316602676845e-02
2.027035582158803972e+00 4.755924928316892369e-02
2.028903784772109642e+00 4.745090255853108563e-02
2.030773709200777599e+00 4.734279260482261026e-02
2.032645357031705569e+00 4.723491903475480341e-02
2.034518729853255437e+00 4.712728146104432081e-02
2.036393829255251919e+00 4.701987949641686648e-02
2.038270656828985672e+00 4.691271275361045406e-02
2.040149214167213287e+00 4.680578084537904970e-02
2.042029502864159074e+00 4.669908338449596519e-02
2.043911524515518607e+00 4.659261998375713310e-02
2.045795280718455622e+00 4.648639025598479829e-02
2.047680773071607341e+00 4.638039381403067513e-02
2.049568003175084030e+00 4.627463027077942381e-02
2.051456972630470776e+00 4.616909923915208519e-02
2.053347683040828375e+00 4.606380033210925873e-02
2.055240136010695107e+00 4.595873316265457892e-02
2.057134333146088956e+00 4.585389734383796267e-02
2.059030276054506725e+00 4.574929248875894694e-02
2.060927966344928031e+00 4.564491821056989446e-02
2.062827405627814414e+00 4.554077412247932444e-02
2.064728595515112008e+00 4.543685983775520854e-02
2.066631537620252868e+00 4.533317496972805866e-02
2.068536233558155857e+00 4.522971913179425762e-02
2.070442684945227985e+00 4.512649193741927189e-02
2.072350893399366178e+00 4.502349300014078098e-02
2.074260860539959062e+00 4.492072193357177223e-02
2.076172587987886509e+00 4.481817835140389922e-02
2.078086077365523643e+00 4.471586186741043079e-02
2.080001330296739503e+00 4.461377209544951233e-02
2.081918348406901043e+00 4.451190864946714953e-02
2.083837133322872237e+00 4.441027114350032390e-02
2.085757686673017197e+00 4.430885919168014303e-02
2.087680010087199722e+00 4.420767240823487987e-02
2.089604105196787298e+00 4.410671040749285232e-02
2.091529973634649320e+00 4.400597280388578170e-02
2.093457617035161533e+00 4.390545921195137397e-02
2.095387037034205147e+00 4.380516924633674064e-02
2.097318235269169051e+00 4.370510252180106331e-02
2.099251213378952041e+00 4.360525865321871614e-02
2.101185973003962371e+00 4.350563725558218020e-02
2.103122515786120861e+00 4.340623794400495783e-02
2.105060843368860457e+00 4.330706033372450775e-02
2.107000957397131113e+00 4.320810404010508310e-02
2.108942859517396684e+00 4.310936867864082617e-02
2.110886551377638476e+00 4.301085386495834967e-02
2.112832034627358357e+00 4.291255921481978292e-02
2.114779310917576982e+00 4.281448434412558901e-02
2.116728381900836897e+00 4.271662886891734040e-02
2.118679249231204320e+00 4.261899240538052913e-02
2.120631914564269138e+00 4.252157456984745343e-02
2.122586379557148017e+00 4.242437497879985447e-02
2.124542645868483515e+00 4.232739324887190707e-02
2.126500715158448518e+00 4.223062899685260663e-02
2.128460589088744914e+00 4.213408183968890552e-02
2.130422269322605811e+00 4.203775139448819032e-02
2.132385757524798642e+00 4.194163727852099482e-02
2.134351055361623839e+00 4.184573910922381734e-02
2.136318164500917938e+00 4.175005650420170883e-02
2.138287086612054466e+00 4.165458908123091664e-02
2.140257823365946166e+00 4.155933645826157680e-02
2.142230376435045436e+00 4.146429825342030223e-02
2.144204747493345664e+00 4.136947408501290280e-02
2.146180938216383893e+00 4.127486357152684859e-02
2.148158950281239932e+00 4.118046633163396225e-02
2.150138785366541239e+00 4.108628198419285449e-02
2.152120445152460704e+00 4.099231014825176211e-02
2.154103931320720644e+00 4.089855044305074072e-02
2.156089245554593248e+00 4.080500248802441249e-02
2.158076389538901463e+00 4.071166590280448500e-02
2.160065364960021661e+00 4.061854030722214515e-02
2.162056173505884527e+00 4.052562532131060574e-02
2.164048816865975944e+00 4.043292056530758960e-02
2.166043296731339218e+00 4.034042565965773736e-02
2.168039614794575964e+00 4.024814022501517485e-02
2.170037772749847882e+00 4.015606388224571971e-02
2.172037772292878088e+00 4.006419625242952504e-02
2.174039615120952895e+00 3.997253695686336233e-02
2.176043302932922252e+00 3.988108561706300154e-02
2.178048837429201523e+00 3.978984185476569513e-02
2.180056220311775483e+00 3.969880529193230145e-02
2.182065453284194323e+00 3.960797555075001863e-02
2.184076538051580751e+00 3.951735225363423726e-02
2.186089476320628222e+00 3.942693502323121185e-02
2.188104269799602708e+00 3.933672348242035072e-02
2.190120920198344923e+00 3.924671725431623515e-02
2.192139429228271652e+00 3.915691596227122845e-02
2.194159798602377087e+00 3.906731922987744660e-02
2.196182030035232824e+00 3.897792668096927704e-02
2.198206125242993636e+00 3.888873793962532160e-02
2.200232085943392590e+00 3.879975263017095000e-02
2.202259913855747708e+00 3.871097037718022882e-02
2.204289610700961521e+00 3.862239080547821835e-02
2.206321178201522404e+00 3.853401354014319991e-02
2.208354618081506349e+00 3.844583820650877143e-02
2.210389932066577856e+00 3.835786443016609565e-02
2.212427121883993042e+00 3.827009183696583605e-02
2.214466189262598750e+00 3.818252005302055774e-02
2.216507135932835215e+00 3.809514870470667725e-02
2.218549963626738286e+00 3.800797741866656504e-02
2.220594674077939423e+00 3.792100582181071045e-02
2.222641269021668808e+00 3.783423354131966454e-02
2.224689750194754900e+00 3.774766020464630223e-02
2.226740119335627099e+00 3.766128543951765412e-02
2.228792378184317524e+00 3.757510887393709920e-02
2.230846528482461455e+00 3.748913013618632162e-02
2.232902571973299999e+00 3.740334885482733684e-02
2.234960510401680089e+00 3.731776465870441373e-02
2.237020345514056707e+00 3.723237717694628107e-02
2.239082079058495545e+00 3.714718603896779991e-02
2.241145712784672117e+00 3.706219087447210070e-02
2.243211248443876205e+00 3.697739131345249841e-02
2.245278687789009187e+00 3.689278698619445629e-02
2.247348032574590260e+00 3.680837752327743850e-02
2.249419284556754217e+00 3.672416255557682530e-02
2.251492445493255445e+00 3.664014171426589750e-02
2.253567517143467480e+00 3.655631463081754351e-02
2.255644501268385671e+00 3.647268093700636871e-02
2.257723399630628958e+00 3.638924026491033303e-02
2.259804213994440314e+00 3.630599224691267307e-02
2.261886946125687636e+00 3.622293651570381717e-02
2.263971597791868184e+00 3.614007270428311325e-02
2.266058170762106805e+00 3.605740044596061206e-02
2.268146666807160372e+00 3.597491937435887133e-02
2.270237087699415568e+00 3.589262912341494721e-02
2.272329435212895099e+00 3.581052932738174738e-02
2.274423711123254588e+00 3.572861962083027920e-02
2.276519917207787014e+00 3.564689963865094735e-02
2.278618055245423601e+00 3.556536901605565626e-02
2.280718127016735153e+00 3.548402738857919098e-02
2.282820134303932935e+00 3.540287439208126413e-02
2.284924078890870902e+00 3.532190966274797311e-02
2.287029962563047469e+00 3.524113283709359029e-02
2.289137787107606847e+00 3.516054355196217979e-02
2.291247554313339041e+00 3.508014144452933220e-02
2.293359265970684735e+00 3.499992615230377441e-02
2.295472923871733073e+00 3.491989731312897943e-02
2.297588529810225211e+00 3.484005456518486643e-02
2.299706085581556092e+00 3.476039754698933421e-02
2.301825592982774449e+00 3.468092589739993348e-02
2.303947053812586354e+00 3.460163925561543508e-02
2.306070469871354334e+00 3.452253726117739813e-02
2.308195842961102251e+00 3.444361955397170355e-02
2.310323174885512643e+00 3.436488577423020552e-02
2.312452467449930715e+00 3.428633556253225106e-02
2.314583722461367010e+00 3.420796855980613033e-02
2.316716941728496071e+00 3.412978440733068636e-02
2.318852127061660440e+00 3.405178274673677924e-02
2.320989280272869770e+00 3.397396322000888896e-02
2.323128403175804824e+00 3.389632546948639913e-02
2.325269497585818357e+00 3.381886913786529003e-02
2.327412565319934679e+00 3.374159386819949175e-02
2.329557608196854090e+00 3.366449930390233436e-02
2.331704628036951998e+00 3.358758508874806759e-02
2.333853626662282910e+00 3.351085086687321385e-02
2.336004605896579545e+00 3.343429628277804627e-02
2.338157567565255501e+00 3.335792098132794870e-02
2.340312513495407476e+00 3.328172460775486591e-02
2.342469445515815263e+00 3.320570680765865673e-02
2.344628365456945307e+00 3.312986722700850262e-02
2.346789275150948928e+00 3.305420551214427460e-02
2.348952176431668537e+00 3.297872130977785865e-02
2.351117071134634973e+00 3.290341426699445321e-02
2.353283961097071497e+00 3.282828403125413047e-02
2.355452848157894685e+00 3.275333025039282864e-02
2.357623734157715756e+00 3.267855257262394092e-02
2.359796620938841905e+00 3.260395064653948821e-02
2.361971510345278968e+00 3.252952412111142361e-02
2.364148404222731870e+00 3.245527264569298548e-02
2.366327304418607280e+00 3.238119587001980770e-02
2.368508212782013178e+00 3.230729344421143234e-02
2.370691131163763288e+00 3.223356501877226027e-02
2.372876061416376192e+00 3.216001024459306384e-02
2.375063005394077553e+00 3.208662877295206245e-02
2.377251964952803220e+00 3.201342025551612291e-02
2.379442941950198342e+00 3.194038434434211954e-02
2.381635938245620920e+00 3.186752069187798880e-02
2.383830955700141807e+00 3.179482895096396450e-02
2.386027996176547816e+00 3.172230877483380590e-02
2.388227061539342611e+00 3.164995981711579698e-02
2.390428153654748034e+00 3.157778173183416887e-02
2.392631274390705443e+00 3.150577417341006436e-02
2.394836425616878373e+00 3.143393679666266899e-02
2.397043609204653869e+00 3.136226925681045996e-02
2.399252827027142931e+00 3.129077120947219848e-02
2.401464080959182734e+00 3.121944231066814748e-02
2.403677372877339735e+00 3.114828221682103271e-02
2.405892704659907899e+00 3.107729058475738187e-02
2.408110078186914471e+00 3.100646707170819083e-02
2.410329495340118200e+00 3.093581133531046745e-02
2.412550958003011559e+00 3.086532303360795329e-02
2.414774468060824741e+00 3.079500182505229625e-02
2.417000027400523443e+00 3.072484735670142492e-02
2.419227637910814188e+00 3.065485906782261169e-02
2.421457301482142999e+00 3.058503622195720556e-02
2.423689020006698502e+00 3.051537808092115098e-02
2.425922795378414154e+00 3.044588391059021432e-02
2.428158629492967346e+00 3.037655298087940312e-02
2.430396524247784296e+00 3.030738456572244777e-02
2.432636481542038265e+00 3.023837794305179669e-02
2.434878503276654449e+00 3.016953239477805290e-02
2.437122591354309087e+00 3.010084720677028841e-02
2.439368747679431682e+00 3.003232166883590751e-02
2.441616974158208109e+00 2.996395507470095421e-02
2.443867272698580173e+00 2.989574672199045088e-02
2.446119645210248716e+00 2.982769591220885488e-02
2.448374093604674062e+00 2.975980195072064696e-02
2.450630619795077791e+00 2.969206414673102382e-02
2.452889225696446740e+00 2.962448181326670510e-02
2.455149913225530778e+00 2.955705426715694861e-02
2.457412684300846806e+00 2.948978082901458631e-02
2.459677540842680532e+00 2.942266082321716436e-02
2.461944484773086472e+00 2.935569357788831921e-02
2.464213518015891946e+00 2.928887842487915352e-02
2.466484642496695301e+00 2.922221469974983429e-02
2.468757860142872129e+00 2.915570174175110760e-02
2.471033172883571716e+00 2.908933889380619503e-02
2.473310582649724143e+00 2.902312550249260686e-02
2.475590091374037183e+00 2.895706091802415297e-02
2.477871700990999848e+00 2.889114449423305087e-02
2.480155413436885059e+00 2.882537558855208931e-02
2.482441230649749198e+00 2.875975356199699309e-02
2.484729154569436549e+00 2.869427777914883293e-02
2.487019187137577081e+00 2.862894760813660192e-02
2.489311330297592217e+00 2.856376242061970869e-02
2.491605585994693062e+00 2.849872159177099795e-02
2.493901956175884393e+00 2.843382450025934427e-02
2.496200442789964669e+00 2.836907052823277667e-02
2.498501047787528684e+00 2.830445906130142977e-02
2.500803773120970241e+00 2.823998948852076210e-02
2.503108620744480817e+00 2.817566120237487842e-02
2.505415592614053555e+00 2.811147359875978968e-02
2.507724690687484603e+00 2.804742607696699905e-02
2.510035916924374000e+00 2.798351803966700121e-02
2.512349273286128337e+00 2.791974889289291009e-02
2.514664761735962095e+00 2.785611804602434322e-02
2.516982384238898085e+00 2.779262491177124025e-02
2.519302142761771002e+00 2.772926890615777171e-02
2.521624039273228313e+00 2.766604944850644537e-02
2.523948075743732034e+00 2.760296596142230996e-02
2.526274254145558729e+00 2.754001787077711358e-02
2.528602576452805284e+00 2.747720460569368778e-02
2.530933044641385354e+00 2.741452559853039400e-02
2.533265660689035137e+00 2.735198028486568803e-02
2.535600426575314259e+00 2.728956810348259071e-02
2.537937344281604446e+00 2.722728849635364101e-02
2.540276415791115738e+00 2.716514090862546388e-02
2.542617643088885604e+00 2.710312478860380653e-02
2.544961028161779382e+00 2.704123958773849840e-02
2.547306572998496055e+00 2.697948476060846659e-02
2.549654279589565586e+00 2.691785976490694912e-02
2.552004149927353804e+00 2.685636406142670810e-02
2.554356186006061069e+00 2.679499711404544765e-02
2.556710389821728047e+00 2.673375838971101329e-02
2.559066763372233044e+00 2.667264735842721224e-02
2.561425308657296007e+00 2.661166349323909955e-02
2.563786027678481627e+00 2.655080627021880885e-02
2.566148922439196234e+00 2.649007516845134844e-02
2.568513994944696233e+00 2.642946967002025513e-02
2.570881247202082776e+00 2.636898925999367829e-02
2.573250681220308866e+00 2.630863342641031472e-02
2.575622299010178473e+00 2.624840166026546837e-02
2.577996102584349192e+00 2.618829345549730445e-02
2.580372093957333135e+00 2.612830830897292650e-02
2.582750275145499153e+00 2.606844572047481781e-02
2.585130648167073719e+00 2.600870519268728628e-02
2.587513215042145376e+00 2.594908623118274277e-02
2.589897977792662509e+00 2.588958834440840268e-02
2.592284938442437792e+00 2.583021104367289392e-02
2.594674099017149516e+00 2.577095384313291340e-02
2.597065461544342480e+00 2.571181625978000845e-02
2.599459028053429765e+00 2.565279781342754209e-02
2.601854800575695403e+00 2.559389802669740505e-02
2.604252781144295703e+00 2.553511642500719270e-02
2.606652971794260143e+00 2.547645253655717382e-02
2.609055374562494478e+00 2.541790589231754730e-02
2.611459991487781185e+00 2.535947602601552192e-02
2.613866824610781681e+00 2.530116247412267372e-02
2.616275875974039877e+00 2.524296477584227552e-02
2.618687147621978628e+00 2.518488247309678268e-02
2.621100641600909498e+00 2.512691511051525980e-02
2.623516359959025657e+00 2.506906223542096357e-02
2.625934304746411652e+00 2.501132339781896724e-02
2.628354478015038964e+00 2.495369815038390310e-02
2.630776881818770896e+00 2.489618604844770489e-02
2.633201518213364345e+00 2.483878664998738495e-02
2.635628389256470694e+00 2.478149951561301953e-02
2.638057497007637142e+00 2.472432420855568899e-02
2.640488843528309815e+00 2.466726029465546310e-02
2.642922430881833318e+00 2.461030734234959105e-02
2.645358261133456068e+00 2.455346492266052144e-02
2.647796336350328517e+00 2.449673260918424494e-02
2.650236658601506257e+00 2.444010997807855023e-02
2.652679229957952689e+00 2.438359660805130766e-02
2.655124052492538578e+00 2.432719208034901312e-02
2.657571128280046491e+00 2.427089597874507870e-02
2.660020459397170356e+00 2.421470788952852921e-02
2.662472047922518570e+00 2.415862740149250440e-02
2.664925895936614886e+00 2.410265410592291047e-02
2.667382005521900634e+00 2.404678759658722756e-02
2.669840378762736499e+00 2.399102746972311961e-02
2.672301017745403851e+00 2.393537332402743273e-02
2.674763924558107409e+00 2.387982476064493681e-02
2.677229101290976576e+00 2.382438138315735865e-02
2.679696550036066771e+00 2.376904279757236990e-02
2.682166272887361202e+00 2.371380861231266179e-02
2.684638271940772647e+00 2.365867843820501984e-02
2.687112549294147890e+00 2.360365188846945059e-02
2.689589107047264172e+00 2.354872857870856512e-02
2.692067947301836295e+00 2.349390812689672314e-02
2.694549072161513958e+00 2.343919015336940609e-02
2.697032483731888419e+00 2.338457428081258324e-02
2.699518184120488939e+00 2.333006013425224442e-02
2.702006175436787672e+00 2.327564734104379043e-02
2.704496459792202767e+00 2.322133553086161775e-02
2.706989039300096156e+00 2.316712433568875185e-02
2.709483916075779319e+00 2.311301338980644229e-02
2.711981092236511959e+00 2.305900232978391751e-02
2.714480569901504659e+00 2.300509079446811864e-02
2.716982351191923772e+00 2.295127842497350287e-02
2.719486438230887426e+00 2.289756486467187449e-02
2.721992833143473067e+00 2.284394975918235121e-02
2.724501538056715688e+00 2.279043275636124036e-02
2.727012555099609603e+00 2.273701350629216481e-02
2.729525886403112889e+00 2.268369166127590791e-02
2.732041534100146940e+00 2.263046687582075112e-02
2.734559500325599579e+00 2.257733880663242987e-02
2.737079787216324611e+00 2.252430711260446083e-02
2.739602396911147597e+00 2.247137145480825049e-02
2.742127331550863190e+00 2.241853149648354027e-02
2.744654593278239574e+00 2.236578690302862271e-02
2.747184184238021132e+00 2.231313734199071724e-02
2.749716106576927555e+00 2.226058248305649162e-02
2.752250362443657394e+00 2.220812199804242382e-02
2.754786953988890286e+00 2.215575556088536166e-02
2.757325883365286057e+00 2.210348284763312410e-02
2.759867152727490947e+00 2.205130353643500879e-02
2.762410764232134941e+00 2.199921730753250787e-02
2.764956720037837545e+00 2.194722384324996473e-02
2.767505022305206008e+00 2.189532282798531057e-02
2.770055673196840651e+00 2.184351394820081144e-02
2.772608674877333090e+00 2.179179689241397128e-02
2.775164029513270680e+00 2.174017135118825814e-02
2.777721739273238288e+00 2.168863701712409400e-02
2.780281806327818295e+00 2.163719358484978220e-02
2.782844232849595034e+00 2.158584075101240354e-02
2.785409021013153907e+00 2.153457821426896235e-02
2.787976172995084045e+00 2.148340567527738665e-02
2.790545690973982751e+00 2.143232283668753194e-02
2.793117577130452833e+00 2.138132940313249020e-02
2.795691833647108826e+00 2.133042508121965608e-02
2.798268462708575210e+00 2.127960957952192145e-02
2.800847466501491301e+00 2.122888260856899828e-02
2.803428847214511244e+00 2.117824388083869303e-02
2.806012607038305351e+00 2.112769311074819481e-02
2.808598748165564540e+00 2.107723001464543305e-02
2.811187272790999003e+00 2.102685431080057038e-02
2.813778183111343534e+00 2.097656571939731512e-02
2.816371481325355752e+00 2.092636396252445935e-02
2.818967169633820546e+00 2.087624876416742381e-02
2.821565250239551847e+00 2.082621985019969188e-02
2.824165725347391742e+00 2.077627694837453493e-02
2.826768597164217134e+00 2.072641978831644971e-02
2.829373867898936634e+00 2.067664810151296356e-02
2.831981539762495448e+00 2.062696162130626606e-02
2.834591614967876705e+00 2.057736008288488239e-02
2.837204095730102793e+00 2.052784322327545416e-02
2.839818984266238022e+00 2.047841078133457240e-02
2.842436282795389069e+00 2.042906249774046473e-02
2.845055993538709416e+00 2.037979811498499827e-02
2.847678118719398466e+00 2.033061737736545707e-02
2.850302660562704204e+00 2.028152003097649994e-02
2.852929621295926754e+00 2.023250582370208009e-02
2.855559003148417929e+00 2.018357450520744112e-02
2.858190808351585677e+00 2.013472582693111648e-02
2.860825039138892745e+00 2.008595954207698098e-02
2.863461697745860679e+00 2.003727540560630571e-02
2.866100786410072931e+00 1.998867317422985818e-02
2.868742307371173528e+00 1.994015260640004047e-02
2.871386262870871509e+00 1.989171346230305878e-02
2.874032655152940929e+00 1.984335550385108934e-02
2.876681486463225745e+00 1.979507849467451036e-02
2.879332759049638035e+00 1.974688220011415127e-02
2.881986475162161554e+00 1.969876638721359055e-02
2.884642637052855285e+00 1.965073082471139460e-02
2.887301246975852109e+00 1.960277528303355429e-02
2.889962307187364132e+00 1.955489953428574471e-02
2.892625819945681354e+00 1.950710335224577208e-02
2.895291787511175663e+00 1.945938651235598615e-02
2.897960212146303061e+00 1.941174879171569598e-02
2.900631096115602325e+00 1.936418996907368975e-02
2.903304441685702564e+00 1.931670982482069920e-02
2.905980251125319658e+00 1.926930814098190212e-02
2.908658526705260705e+00 1.922198470120954281e-02
2.911339270698426240e+00 1.917473929077545894e-02
2.914022485379811567e+00 1.912757169656365344e-02
2.916708173026508089e+00 1.908048170706300520e-02
2.919396335917706864e+00 1.903346911235986524e-02
2.922086976334698605e+00 1.898653370413073971e-02
2.924780096560877674e+00 1.893967527563500050e-02
2.927475698881740751e+00 1.889289362170766540e-02
2.930173785584893498e+00 1.884618853875203934e-02
2.932874358960048777e+00 1.879955982473255002e-02
2.935577421299029321e+00 1.875300727916761820e-02
2.938282974895770838e+00 1.870653070312234406e-02
2.940991022046322456e+00 1.866012989920144693e-02
2.943701565048850721e+00 1.861380467154210780e-02
2.946414606203638709e+00 1.856755482580688815e-02
2.949130147813090908e+00 1.852138016917658295e-02
2.951848192181732777e+00 1.847528051034325394e-02
2.954568741616214300e+00 1.842925565950310346e-02
2.957291798425311757e+00 1.838330542834949038e-02
2.960017364919927285e+00 1.833742963006598781e-02
2.962745443413095536e+00 1.829162807931929147e-02
2.965476036219981015e+00 1.824590059225239883e-02
2.968209145657883852e+00 1.820024698647754527e-02
2.970944774046237580e+00 1.815466708106946297e-02
2.973682923706614467e+00 1.810916069655831365e-02
2.976423596962727292e+00 1.806372765492294391e-02
2.979166796140429341e+00 1.801836777958399499e-02
2.981912523567718409e+00 1.797308089539707138e-02
2.984660781574736799e+00 1.792786682864596845e-02
2.987411572493774425e+00 1.788272540703584115e-02
2.990164898659272374e+00 1.783765645968644203e-02
2.992920762407821567e+00 1.779265981712541828e-02
2.995679166078167199e+00 1.774773531128153239e-02
2.998440112011209191e+00 1.770288277547798703e-02
3.001203602550006178e+00 1.765810204442573583e-02
3.003969640039775513e+00 1.761339295421677359e-02
3.006738226827895044e+00 1.756875534231754077e-02
3.009509365263908443e+00 1.752418904756222404e-02
3.012283057699522093e+00 1.747969391014622675e-02
3.015059306488612645e+00 1.743526977161944519e-02
3.017838113987223903e+00 1.739091647487983616e-02
3.020619482553571267e+00 1.734663386416679734e-02
3.023403414548045731e+00 1.730242178505449202e-02
3.026189912333210774e+00 1.725828008444560413e-02
3.028978978273809464e+00 1.721420861056452076e-02
3.031770614736763125e+00 1.717020721295108368e-02
3.034564824091175783e+00 1.712627574245393150e-02
3.037361608708333716e+00 1.708241405122419912e-02
3.040160970961709008e+00 1.703862199270897090e-02
3.042962913226961330e+00 1.699489945024566101e-02
3.045767437881939710e+00 1.695124672010470818e-02
3.048574547306685645e+00 1.690766440416623106e-02
3.051384243883433101e+00 1.686415310539786383e-02
3.054196529996611176e+00 1.682071342029448427e-02
3.057011408032848099e+00 1.677734593890348180e-02
3.059828880380970340e+00 1.673405124485035853e-02
3.062648949432007495e+00 1.669082991536449331e-02
3.065471617579190955e+00 1.664768252130501350e-02
3.068296887217959235e+00 1.660460962718693714e-02
3.071124760745958415e+00 1.656161179120764493e-02
3.073955240563043478e+00 1.651868956527327223e-02
3.076788329071282302e+00 1.647584349502548631e-02
3.079624028674955660e+00 1.643307411986841271e-02
3.082462341780561221e+00 1.639038197299568303e-02
3.085303270796813990e+00 1.634776758141771869e-02
3.088146818134648530e+00 1.630523146598913259e-02
3.090992986207222515e+00 1.626277414143639452e-02
3.093841777429916284e+00 1.622039611638547221e-02
3.096693194220338174e+00 1.617809789338991999e-02
3.099547238998322740e+00 1.613587996895881824e-02
3.102403914185935196e+00 1.609374283358509794e-02
3.105263222207474971e+00 1.605168697177379936e-02
3.108125165489473041e+00 1.600971286207075739e-02
3.110989746460698591e+00 1.596782097709116555e-02
3.113856967552158572e+00 1.592601178354837929e-02
3.116726831197100811e+00 1.588428574228290674e-02
3.119599339831015339e+00 1.584264330829142364e-02
3.122474495891636614e+00 1.580108493075600001e-02
3.125352301818947076e+00 1.575961105307341001e-02
3.128232760055176698e+00 1.571822211288454590e-02
3.131115873044806541e+00 1.567691854210401248e-02
3.134001643234571421e+00 1.563570076694976302e-02
3.136890073073459462e+00 1.559456920797289148e-02
3.139781165012717867e+00 1.555352428008746624e-02
3.142674921505851593e+00 1.551256639260059113e-02
3.145571345008627784e+00 1.547169594924243524e-02
3.148470437979075776e+00 1.543091334819636160e-02
3.151372202877491979e+00 1.539021898212931949e-02
3.154276642166438993e+00 1.534961323822211197e-02
3.157183758310749155e+00 1.530909649819984196e-02
3.160093553777526765e+00 1.526866913836249715e-02
3.163006031036150301e+00 1.522833152961548635e-02
3.165921192558273756e+00 1.518808403750031462e-02
3.168839040817828856e+00 1.514792702222543704e-02
3.171759578291027282e+00 1.510786083869700147e-02
3.174682807456362887e+00 1.506788583654974922e-02
3.177608730794616143e+00 1.502800236017793126e-02
3.180537350788850137e+00 1.498821074876645690e-02
3.183468669924419014e+00 1.494851133632182222e-02
3.186402690688966644e+00 1.490890445170328649e-02
3.189339415572428393e+00 1.486939041865411627e-02
3.192278847067038239e+00 1.482996955583269945e-02
3.195220987667323431e+00 1.479064217684389337e-02
3.198165839870111604e+00 1.475140859027039217e-02
3.201113406174531217e+00 1.471226909970393786e-02
3.204063689082014221e+00 1.467322400377685243e-02
3.207016691096298722e+00 1.463427359619341034e-02
3.209972414723429868e+00 1.459541816576132196e-02
3.212930862471761628e+00 1.455665799642319458e-02
3.215892036851960345e+00 1.451799336728813207e-02
3.218855940377007840e+00 1.447942455266313690e-02
3.221822575562199198e+00 1.444095182208485900e-02
3.224791944925150311e+00 1.440257544035102900e-02
3.227764050985795219e+00 1.436429566755212731e-02
3.230738896266390991e+00 1.432611275910305494e-02
3.233716483291521726e+00 1.428802696577458932e-02
3.236696814588094995e+00 1.425003853372520772e-02
3.239679892685349394e+00 1.421214770453265580e-02
3.242665720114852768e+00 1.417435471522556639e-02
3.245654299410507093e+00 1.413665979831518933e-02
3.248645633108551589e+00 1.409906318182690792e-02
3.251639723747560051e+00 1.406156508933205200e-02
3.254636573868447069e+00 1.402416573997941271e-02
3.257636186014468915e+00 1.398686534852693238e-02
3.260638562731225321e+00 1.394966412537337365e-02
3.263643706566664804e+00 1.391256227658975962e-02
3.266651620071080675e+00 1.387556000395119907e-02
3.269662305797119028e+00 1.383865750496834392e-02
3.272675766299777411e+00 1.380185497291896123e-02
3.275692004136407043e+00 1.376515259687952769e-02
3.278711021866720365e+00 1.372855056175664897e-02
3.281732822052784826e+00 1.369204904831871489e-02
3.284757407259030426e+00 1.365564823322724421e-02
3.287784780052251055e+00 1.361934828906838889e-02
3.290814943001604931e+00 1.358314938438434476e-02
3.293847898678620822e+00 1.354705168370468581e-02
3.296883649657195381e+00 1.351105534757779392e-02
3.299922198513597582e+00 1.347516053260211337e-02
3.302963547826470503e+00 1.343936739145744005e-02
3.306007700176836206e+00 1.340367607293613955e-02
3.309054658148093075e+00 1.336808672197440685e-02
3.312104424326021146e+00 1.333259947968333005e-02
3.315157001298783879e+00 1.329721448338005638e-02
3.318212391656928606e+00 1.326193186661885764e-02
3.321270597993393192e+00 1.322675175922207770e-02
3.324331622903503369e+00 1.319167428731113541e-02
3.327395468984976734e+00 1.315669957333747385e-02
3.330462138837924968e+00 1.312182773611337422e-02
3.333531635064856502e+00 1.308705889084274022e-02
3.336603960270679181e+00 1.305239314915187555e-02
3.339679117062700708e+00 1.301783061912018327e-02
3.342757108050631754e+00 1.298337140531077155e-02
3.345837935846587730e+00 1.294901560880105419e-02
3.348921603065092345e+00 1.291476332721319502e-02
3.352008112323079825e+00 1.288061465474460952e-02
3.355097466239894466e+00 1.284656968219834508e-02
3.358189667437295078e+00 1.281262849701335534e-02
3.361284718539458094e+00 1.277879118329478675e-02
3.364382622172975346e+00 1.274505782184412114e-02
3.367483380966864281e+00 1.271142849018928010e-02
3.370586997552561748e+00 1.267790326261469466e-02
3.373693474563930650e+00 1.264448221019124317e-02
3.376802814637261285e+00 1.261116540080615099e-02
3.379915020411273563e+00 1.257795289919278435e-02
3.383030094527121001e+00 1.254484476696036445e-02
3.386148039628388950e+00 1.251184106262372836e-02
3.389268858361100811e+00 1.247894184163278117e-02
3.392392553373717146e+00 1.244614715640209208e-02
3.395519127317141894e+00 1.241345705634021475e-02
3.398648582844720156e+00 1.238087158787917232e-02
3.401780922612242630e+00 1.234839079450356092e-02
3.404916149277948278e+00 1.231601471677979884e-02
3.408054265502525215e+00 1.228374339238521087e-02
3.411195273949115592e+00 1.225157685613700344e-02
3.414339177283314264e+00 1.221951514002118239e-02
3.417485978173173677e+00 1.218755827322140148e-02
3.420635679289204312e+00 1.215570628214767551e-02
3.423788283304378233e+00 1.212395919046503276e-02
3.426943792894132645e+00 1.209231701912203555e-02
3.430102210736368562e+00 1.206077978637934769e-02
3.433263539511456131e+00 1.202934750783797753e-02
3.436427781902234635e+00 1.199802019646766318e-02
3.439594940594016492e+00 1.196679786263500113e-02
3.442765018274590805e+00 1.193568051413154522e-02
3.445938017634221584e+00 1.190466815620179648e-02
3.449113941365653524e+00 1.187376079157114774e-02
3.452292792164112001e+00 1.184295842047364961e-02
3.455474572727306626e+00 1.181226104067970711e-02
3.458659285755435242e+00 1.178166864752372249e-02
3.461846933951182148e+00 1.175118123393156279e-02
3.465037520019723427e+00 1.172079879044803444e-02
3.468231046668727391e+00 1.169052130526413401e-02
3.471427516608359021e+00 1.166034876424427123e-02
3.474626932551281300e+00 1.163028115095339488e-02
3.477829297212656545e+00 1.160031844668398850e-02
3.481034613310149517e+00 1.157046063048301418e-02
3.484242883563929194e+00 1.154070767917864636e-02
3.487454110696673659e+00 1.151105956740702992e-02
3.490668297433568323e+00 1.148151626763882840e-02
3.493885446502310810e+00 1.145207775020577919e-02
3.497105560633112287e+00 1.142274398332706296e-02
3.500328642558700576e+00 1.139351493313553627e-02
3.503554695014323261e+00 1.136439056370396918e-02
3.506783720737746801e+00 1.133537083707110427e-02
3.510015722469262744e+00 1.130645571326758213e-02
3.513250702951686399e+00 1.127764515034191534e-02
3.516488664930361274e+00 1.124893910438610686e-02
3.519729611153163962e+00 1.122033752956137255e-02
3.522973544370499699e+00 1.119184037812367798e-02
3.526220467335310804e+00 1.116344760044918512e-02
3.529470382803076234e+00 1.113515914505952727e-02
3.532723293531813802e+00 1.110697495864707181e-02
3.535979202282085510e+00 1.107889498610001647e-02
3.539238111816995769e+00 1.105091917052737280e-02
3.542500024902194955e+00 1.102304745328393232e-02
3.545764944305884292e+00 1.099527977399494469e-02
3.549032872798814076e+00 1.096761607058088089e-02
3.552303813154291223e+00 1.094005627928194141e-02
3.555577768148176165e+00 1.091260033468254530e-02
3.558854740558889063e+00 1.088524816973568919e-02
3.562134733167409362e+00 1.085799971578716751e-02
3.565417748757279792e+00 1.083085490259970418e-02
3.568703790114610808e+00 1.080381365837694389e-02
3.571992860028078809e+00 1.077687590978743809e-02
3.575284961288929697e+00 1.075004158198839856e-02
3.578580096690981982e+00 1.072331059864936251e-02
3.581878269030632556e+00 1.069668288197583167e-02
3.585179481106850918e+00 1.067015835273271707e-02
3.588483735721188506e+00 1.064373693026768493e-02
3.591791035677778687e+00 1.061741853253448352e-02
3.595101383783337656e+00 1.059120307611597679e-02
3.598414782847171978e+00 1.056509047624725264e-02
3.601731235681174148e+00 1.053908064683854902e-02
3.605050745099829257e+00 1.051317350049805685e-02
3.608373313920216763e+00 1.048736894855460677e-02
3.611698944962010049e+00 1.046166690108030553e-02
3.615027641047486195e+00 1.043606726691298156e-02
3.618359405001518869e+00 1.041056995367860456e-02
3.621694239651586766e+00 1.038517486781355588e-02
3.625032147827774942e+00 1.035988191458675663e-02
3.628373132362775699e+00 1.033469099812176807e-02
3.631717196091893918e+00 1.030960202141867864e-02
3.635064341853045722e+00 1.028461488637602214e-02
3.638414572486764254e+00 1.025972949381244101e-02
3.641767890836198784e+00 1.023494574348835992e-02
3.645124299747120045e+00 1.021026353412746862e-02
3.648483802067922888e+00 1.018568276343813708e-02
3.651846400649625402e+00 1.016120332813473352e-02
3.655212098345874239e+00 1.013682512395881752e-02
3.658580898012944171e+00 1.011254804570023598e-02
3.661952802509746085e+00 1.008837198721806647e-02
3.665327814697823428e+00 1.006429684146156224e-02
3.668705937441356646e+00 1.004032250049088047e-02
3.672087173607166299e+00 1.001644885549778791e-02
3.675471526064715277e+00 9.992675796826168758e-03
3.678858997686112797e+00 9.969003213992520471e-03
3.682249591346112627e+00 9.945430995706343660e-03
3.685643309922118860e+00 9.921959029890348170e-03
3.689040156294187245e+00 9.898587203700601883e-03
3.692440133345028297e+00 9.875315403546622295e-03
3.695843243960010405e+00 9.852143515111251235e-03
3.699249491027159387e+00 9.829071423370590310e-03
3.702658877437163820e+00 9.806099012613655325e-03
3.706071406083376374e+00 9.783226166462070592e-03
3.709487079861814696e+00 9.760452767889596717e-03
3.712905901671169406e+00 9.737778699241556035e-03
3.716327874412799215e+00 9.715203842254199057e-03
3.719753000990738467e+00 9.692728078073914802e-03
3.723181284311696260e+00 9.670351287276416838e-03
3.726612727285062210e+00 9.648073349885738503e-03
3.730047332822907791e+00 9.625894145393202109e-03
3.733485103839987662e+00 9.603813552776285789e-03
3.736926043253741891e+00 9.581831450517339435e-03
3.740370153984300838e+00 9.559947716622279809e-03
3.743817438954484711e+00 9.538162228639112186e-03
3.747267901089809339e+00 9.516474863676434651e-03
3.750721543318486173e+00 9.494885498421772388e-03
3.754178368571424063e+00 9.473394009159894630e-03
3.757638379782234139e+00 9.452000271790956393e-03
3.761101579887232482e+00 9.430704161848621134e-03
3.764567971825439674e+00 9.409505554518020343e-03
3.768037558538585685e+00 9.388404324653728747e-03
3.771510342971111651e+00 9.367400346797512267e-03
3.774986328070170760e+00 9.346493495196084647e-03
3.778465516785637135e+00 9.325683643818727039e-03
3.781947912070098283e+00 9.304970666374850347e-03
3.785433516878866200e+00 9.284354436331444804e-03
3.788922334169975592e+00 9.263834826930460176e-03
3.792414366904186096e+00 9.243411711206041964e-03
3.795909618044989386e+00 9.223084962001797116e-03
3.799408090558605622e+00 9.202854451987855025e-03
3.802909787413990106e+00 9.182720053677893846e-03
3.806414711582833288e+00 9.162681639446088738e-03
3.809922866039564759e+00 9.142739081543978588e-03
3.813434253761357251e+00 9.122892252117225168e-03
3.816948877728125744e+00 9.103141023222275155e-03
3.820466740922531468e+00 9.083485266843023889e-03
3.823987846329985008e+00 9.063924854907286568e-03
3.827512196938647193e+00 9.044459659303298940e-03
3.831039795739437093e+00 9.025089474798492217e-03
3.834570645726025351e+00 9.005813177240461556e-03
3.838104749894844403e+00 8.986629046786256611e-03
3.841642111245087143e+00 8.967535366526373924e-03
3.845182732778710921e+00 8.948530433037378204e-03
3.848726617500441094e+00 8.929612556238064255e-03
3.852273768417770583e+00 8.910780059248765705e-03
3.855824188540965203e+00 8.892031278253739388e-03
3.859377880883063661e+00 8.873364562366594169e-03
3.862934848459884662e+00 8.854778273498680949e-03
3.866495094290023360e+00 8.836270786230605162e-03
3.870058621394858012e+00 8.817840487686447182e-03
3.873625432798551760e+00 8.799485777411087881e-03
3.877195531528053962e+00 8.781205067250281993e-03
3.880768920613106410e+00 8.762996781233559074e-03
3.884345603086240217e+00 8.744859355459948594e-03
3.887925581982782486e+00 8.726791237986433747e-03
3.891508860340858522e+00 8.708790888719151330e-03
3.895095441201391839e+00 8.690856779307245747e-03
3.898685327608111262e+00 8.672987393039363266e-03
3.902278522607548705e+00 8.655181224742822949e-03
3.905875029249044950e+00 8.637436780685325485e-03
3.909474850584750527e+00 8.619752578479203398e-03
3.913077989669628387e+00 8.602127146988261183e-03
3.916684449561459669e+00 8.584559026237005910e-03
3.920294233320841482e+00 8.567046767322453876e-03
3.923907344011191789e+00 8.549588932328246182e-03
3.927523784698752518e+00 8.532184094241265782e-03
3.931143558452590003e+00 8.514830836870553032e-03
3.934766668344603424e+00 8.497527754768580480e-03
3.938393117449518144e+00 8.480273453154879917e-03
3.942022908844896367e+00 8.463066547841865614e-03
3.945656045611135809e+00 8.445905665162989004e-03
3.949292530831471471e+00 8.428789441903084337e-03
3.952932367591984075e+00 8.411716525230905281e-03
3.956575558981595631e+00 8.394685572633828197e-03
3.960222108092075644e+00 8.377695251854734224e-03
3.963872018018041565e+00 8.360744240830964361e-03
3.967525291856966785e+00 8.343831227635352746e-03
3.971181932709176632e+00 8.326954910419400585e-03
3.974841943677854150e+00 8.310113997358360011e-03
3.978505327869042763e+00 8.293307206598456854e-03
3.982172088391647602e+00 8.276533266205986922e-03
3.985842228357441286e+00 8.259790914118447097e-03
3.989515750881063028e+00 8.243078898097533011e-03
3.993192659080021745e+00 8.226395975684135109e-03
3.996872956074701388e+00 8.209740914155076383e-03
4.000556644988359167e+00 8.193112490481860646e-03
4.004243728947135317e+00 8.176509491291129514e-03
4.007934211080047326e+00 8.159930712826999818e-03
4.011628094518997045e+00 8.143374960915140959e-03
4.015325382398773790e+00 8.126841050928656357e-03
4.019026077857054347e+00 8.110327807755625049e-03
4.022730184034411849e+00 8.093834065768430036e-03
4.026437704074308677e+00 8.077358668794743304e-03
4.030148641123107112e+00 8.060900470090153619e-03
4.033862998330068450e+00 8.044458332312452720e-03
4.037580778847354779e+00 8.028031127497540012e-03
4.041301985830037857e+00 8.011617737036891979e-03
4.045026622436093788e+00 7.995217051656658760e-03
4.048754691826409235e+00 7.978827971398228316e-03
4.052486197164785864e+00 7.962449405600369179e-03
4.056221141617938564e+00 7.946080272882859868e-03
4.059959528355505221e+00 7.929719501131554660e-03
4.063701360550040498e+00 7.913366027484982843e-03
4.067446641377024719e+00 7.897018798322292393e-03
4.071195374014864754e+00 7.880676769252664693e-03
4.074947561644898464e+00 7.864338905106054572e-03
4.078703207451392920e+00 7.848004179925361506e-03
4.082462314621551513e+00 7.831671576959884501e-03
4.086224886345514840e+00 7.815340088660098841e-03
4.089990925816364253e+00 7.799008716673771179e-03
4.093760436230122757e+00 7.782676471843261168e-03
4.097533420785761216e+00 7.766342374204202210e-03
4.101309882685195696e+00 7.750005452985236042e-03
4.105089825133294568e+00 7.733664746609121218e-03
4.108873251337881172e+00 7.717319302694876371e-03
4.112660164509733818e+00 7.700968178061217556e-03
4.116450567862592003e+00 7.684610438730985274e-03
4.120244464613153745e+00 7.668245159936852573e-03
4.124041857981084469e+00 7.651871426127933480e-03
4.127842751189015225e+00 7.635488330977649105e-03
4.131647147462549796e+00 7.619094977392439419e-03
4.135455050030262925e+00 7.602690477521731847e-03
4.139266462123704748e+00 7.586273952768673133e-03
4.143081386977403469e+00 7.569844533802025204e-03
4.146899827828868013e+00 7.553401360568869419e-03
4.150721787918595140e+00 7.536943582308369000e-03
4.154547270490064115e+00 7.520470357566337236e-03
4.158376278789744696e+00 7.503980854210780607e-03
4.162208816067097139e+00 7.487474249448212126e-03
4.166044885574579304e+00 7.470949729840890147e-03
4.169884490567645763e+00 7.454406491324805720e-03
4.173727634304750467e+00 7.437843739228555510e-03
4.177574320047351186e+00 7.421260688292840094e-03
4.181424551059911288e+00 7.404656562690864301e-03
4.185278330609904174e+00 7.388030596049375079e-03
4.189135661967813284e+00 7.371382031470422730e-03
4.192996548407136537e+00 7.354710121553791752e-03
4.196860993204388102e+00 7.338014128420115162e-03
4.200728999639101957e+00 7.321293323734578626e-03
4.204600570993837216e+00 7.304546988731281179e-03
4.208475710554176352e+00 7.287774414238130244e-03
4.212354421608729638e+00 7.270974900702343799e-03
4.216236707449138699e+00 7.254147758216489446e-03
4.220122571370077402e+00 7.237292306544963229e-03
4.224012016669261627e+00 7.220407875151080811e-03
4.227905046647439491e+00 7.203493803224545085e-03
4.231801664608404678e+00 7.186549439709379559e-03
4.235701873858996436e+00 7.169574143332291087e-03
4.239605677709098686e+00 7.152567282631458467e-03
4.243513079471650684e+00 7.135528235985596872e-03
4.247424082462640804e+00 7.118456391643484572e-03
4.251338690001116305e+00 7.101351147753724724e-03
4.255256905409179780e+00 7.084211912394914809e-03
4.259178732011998925e+00 7.067038103605918428e-03
4.263104173137807429e+00 7.049829149416551692e-03
4.267033232117901420e+00 7.032584487878459564e-03
4.270965912286651012e+00 7.015303567096109298e-03
4.274902216981498526e+00 6.997985845258073573e-03
4.278842149542961160e+00 6.980630790668395161e-03
4.282785713314637199e+00 6.963237881778112925e-03
4.286732911643205135e+00 6.945806607216884962e-03
4.290683747878426324e+00 6.928336465824694139e-03
4.294638225373151208e+00 6.910826966683595272e-03
4.298596347483321978e+00 6.893277629149511740e-03
4.302558117567971685e+00 6.875687982884046839e-03
4.306523538989227795e+00 6.858057567886239637e-03
4.310492615112319292e+00 6.840385934524312143e-03
4.314465349305574016e+00 6.822672643567351432e-03
4.318441744940428428e+00 6.804917266216828700e-03
4.322421805391422289e+00 6.787119384138138277e-03
4.326405534036206646e+00 6.769278589491846063e-03
4.330392934255545612e+00 6.751394484964867715e-03
4.334384009433318141e+00 6.733466683801426524e-03
4.338378762956525136e+00 6.715494809833774496e-03
4.342377198215285894e+00 6.697478497512691399e-03
4.346379318602845210e+00 6.679417391937743538e-03
4.350385127515576045e+00 6.661311148887182586e-03
4.354394628352977747e+00 6.643159434847609353e-03
4.358407824517690266e+00 6.624961927043176123e-03
4.362424719415482599e+00 6.606718313464623321e-03
4.366445316455265235e+00 6.588428292897670867e-03
4.370469619049091037e+00 6.570091574951223909e-03
4.374497630612156129e+00 6.551707880084973144e-03
4.378529354562807008e+00 6.533276939636628242e-03
4.382564794322536983e+00 6.514798495848615235e-03
4.386603953315995064e+00 6.496272301894261310e-03
4.390646834970985957e+00 6.477698121903468706e-03
4.394693442718471843e+00 6.459075730987789282e-03
4.398743779992582148e+00 6.440404915264894524e-03
4.402797850230606436e+00 6.421685471882515595e-03
4.406855656873003291e+00 6.402917209041656538e-03
4.410917203363401207e+00 6.384099946019188183e-03
4.414982493148607468e+00 6.365233513189705664e-03
4.419051529678601042e+00 6.346317752046787448e-03
4.423124316406541467e+00 6.327352515223383551e-03
4.427200856788771510e+00 6.308337666511533263e-03
4.431281154284818946e+00 6.289273080881251088e-03
4.435365212357401887e+00 6.270158644498651998e-03
4.439453034472427007e+00 6.250994254743202395e-03
4.443544624098998419e+00 6.231779820224127991e-03
4.447639984709413241e+00 6.212515260795976012e-03
4.451739119779172249e+00 6.193200507573206823e-03
4.455842032786979878e+00 6.173835502943923401e-03
4.459948727214744224e+00 6.154420200582658845e-03
4.464059206547583258e+00 6.134954565462116122e-03
4.468173474273827495e+00 6.115438573863988397e-03
4.472291533885020876e+00 6.095872213388743750e-03
4.476413388875929655e+00 6.076255482964339552e-03
4.480539042744535294e+00 6.056588392853933314e-03
4.484668498992047780e+00 6.036870964662465096e-03
4.488801761122900302e+00 6.017103231342129689e-03
4.492938832644757241e+00 5.997285237196771542e-03
4.497079717068518612e+00 5.977417037885056697e-03
4.501224417908315623e+00 5.957498700422574414e-03
4.505372938681521333e+00 5.937530303182640343e-03
4.509525282908749766e+00 5.917511935895954783e-03
4.513681454113856795e+00 5.897443699649040569e-03
4.517841455823953467e+00 5.877325706881340005e-03
4.522005291569393570e+00 5.857158081381148677e-03
4.526172964883789618e+00 5.836940958280190973e-03
4.530344479304006633e+00 5.816674484046910169e-03
4.534519838370174583e+00 5.796358816478379417e-03
4.538699045625682160e+00 5.775994124690935101e-03
4.542882104617185668e+00 5.755580589109385997e-03
4.547069018894609904e+00 5.735118401454851987e-03
4.551259792011149052e+00 5.714607764731203729e-03
4.555454427523276451e+00 5.694048893210042553e-03
4.559652928990740151e+00 5.673442012414320335e-03
4.563855299976570024e+00 5.652787359100384240e-03
4.568061544047079536e+00 5.632085181238641498e-03
4.572271664771867528e+00 5.611335737992706289e-03
4.576485665723826202e+00 5.590539299696991454e-03
4.580703550479138464e+00 5.569696147832840435e-03
4.584925322617282362e+00 5.548806575003086689e-03
4.589150985721037301e+00 5.527870884905063120e-03
4.593380543376481384e+00 5.506889392302038132e-03
4.597613999173002064e+00 5.485862422993048777e-03
4.601851356703292595e+00 5.464790313781213438e-03
4.606092619563357360e+00 5.443673412440301965e-03
4.610337791352513648e+00 5.422512077679831309e-03
4.614586875673397870e+00 5.401306679108382192e-03
4.618839876131969113e+00 5.380057597195333705e-03
4.623096796337504699e+00 5.358765223230991560e-03
4.627357639902611730e+00 5.337429959284923503e-03
4.631622410443225313e+00 5.316052218162680559e-03
4.635891111578613888e+00 5.294632423360832139e-03
4.640163746931383670e+00 5.273171009020236055e-03
4.644440320127475097e+00 5.251668419877691778e-03
4.648720834796174373e+00 5.230125111215747948e-03
4.653005294570109029e+00 5.208541548810880981e-03
4.657293703085259473e+00 5.186918208879857418e-03
4.661586063980952765e+00 5.165255578024429209e-03
4.665882380899872395e+00 5.143554153174152016e-03
4.670182657488057387e+00 5.121814441527605850e-03
4.674486897394907636e+00 5.100036960491670206e-03
4.678795104273188343e+00 5.078222237619128658e-03
4.683107281779030906e+00 5.056370810544524863e-03
4.687423433571932918e+00 5.034483226918101684e-03
4.691743563314768828e+00 5.012560044338107076e-03
4.696067674673785497e+00 4.990601830281176168e-03
4.700395771318612859e+00 4.968609162031011571e-03
4.704727856922259477e+00 4.946582626605192795e-03
4.709063935161120540e+00 4.924522820680276962e-03
4.713404009714978748e+00 4.902430350514997391e-03
4.717748084267008757e+00 4.880305831871726598e-03
4.722096162503780725e+00 4.858149889936107420e-03
4.726448248115260320e+00 4.835963159234932945e-03
4.730804344794816707e+00 4.813746283552115639e-03
4.735164456239220776e+00 4.791499915843009348e-03
4.739528586148650469e+00 4.769224718146805771e-03
4.743896738226696996e+00 4.746921361497171907e-03
4.748268916180362176e+00 4.724590525831178812e-03
4.752645123720063758e+00 4.702232899896311748e-03
4.757025364559640757e+00 4.679849181155799377e-03
4.761409642416356114e+00 4.657440075692085950e-03
4.765797961010896699e+00 4.635006298108634674e-03
4.770190324067378640e+00 4.612548571429862798e-03
4.774586735313351760e+00 4.590067626999398340e-03
4.778987198479797804e+00 4.567564204376524037e-03
4.783391717301143764e+00 4.545039051230914326e-03
4.787800295515252103e+00 4.522492923235640200e-03
4.792212936863433193e+00 4.499926583958460159e-03
4.796629645090445315e+00 4.477340804751334807e-03
4.801050423944496437e+00 4.454736364638355907e-03
4.805475277177252202e+00 4.432114050201837498e-03
4.809904208543834159e+00 4.409474655466863111e-03
4.814337221802823308e+00 4.386818981784120809e-03
4.818774320716266324e+00 4.364147837711007845e-03
4.823215509049677330e+00 4.341462202167798053e-03
4.827660790572040561e+00 4.318764682485609803e-03
4.832110169055814808e+00 4.296058785783402924e-03
4.836563648276933414e+00 4.273347979689447011e-03
4.841021232014811382e+00 4.250635680841153424e-03
4.845482924052346263e+00 4.227925254752200671e-03
4.849948728175924373e+00 4.205220015704055209e-03
4.854418648175419015e+00 4.182523226661595366e-03
4.858892687844196701e+00 4.159838099212219940e-03
4.863370850979121585e+00 4.137167793527929752e-03
4.867853141380553694e+00 4.114515418350048193e-03
4.872339562852362249e+00 4.091884030995802772e-03
4.876830119201915892e+00 4.069276637386690446e-03
4.881324814240096011e+00 4.046696192097676108e-03
4.885823651781291410e+00 4.024145598427022151e-03
4.890326635643414299e+00 4.001627708486178367e-03
4.894833769647889632e+00 3.979145323309172741e-03
4.899345057619665766e+00 3.956701192981138850e-03
4.903860503387215353e+00 3.934298016785278164e-03
4.908380110782541550e+00 3.911938443367997918e-03
4.912903883641178915e+00 3.889625070921524583e-03
4.917431825802196954e+00 3.867360447383672017e-03
4.921963941108201013e+00 3.845147070654160622e-03
4.926500233405341156e+00 3.822987388826993953e-03
4.931040706543309504e+00 3.800883800438548468e-03
4.935585364375350004e+00 3.778838654730670796e-03
4.940134210758253985e+00 3.756854251928565692e-03
4.944687249552369046e+00 3.734932843532743491e-03
4.949244484621600826e+00 3.713076632624798951e-03
4.953805919833414784e+00 3.691287774186299397e-03
4.958371559058842415e+00 3.669568375430586581e-03
4.962941406172483916e+00 3.647920496146791428e-03
4.967515465052506407e+00 3.626346149055839196e-03
4.972093739580655480e+00 3.604847300177759818e-03
4.976676233642250757e+00 3.583425869210086611e-03
4.981262951126196548e+00 3.562083729916688465e-03
4.985853895924978296e+00 3.540822710526842984e-03
4.990449071934670577e+00 3.519644594143889194e-03
4.995048483054937982e+00 3.498551119163202661e-03
4.999652133189037784e+00 3.477543979698999050e-03
5.004260026243829707e+00 3.456624826019593592e-03
5.008872166129767933e+00 3.435795264990694053e-03
5.013488556760915316e+00 3.415056860526317819e-03
5.018109202054937157e+00 3.394411134047029075e-03
5.022734105933116311e+00 3.373859564944924495e-03
5.027363272320345189e+00 3.353403591055256414e-03
5.031996705145132864e+00 3.333044609134072026e-03
5.036634408339611291e+00 3.312783975341647424e-03
5.041276385839533525e+00 3.292623005731329204e-03
5.045922641584286161e+00 3.272562976743406769e-03
5.050573179516880451e+00 3.252605125703745149e-03
5.055228003583963847e+00 3.232750651326703455e-03
5.059887117735820006e+00 3.213000714222175903e-03
5.064550525926375002e+00 3.193356437406309149e-03
5.069218232113199107e+00 3.173818906815656111e-03
5.073890240257509454e+00 3.154389171824366431e-03
5.078566554324172699e+00 3.135068245764270449e-03
5.083247178281712131e+00 3.115857106447359696e-03
5.087932116102305002e+00 3.096756696690574143e-03
5.092621371761794968e+00 3.077767924842429986e-03
5.097314949239685866e+00 3.058891665311393865e-03
5.102012852519149710e+00 3.040128759095612337e-03
5.106715085587029357e+00 3.021480014313772389e-03
5.111421652433842944e+00 3.002946206736863567e-03
5.116132557053788332e+00 2.984528080320546835e-03
5.120847803444741331e+00 2.966226347737983566e-03
5.125567395608263688e+00 2.948041690912781183e-03
5.130291337549604869e+00 2.929974761551892848e-03
5.135019633277705609e+00 2.912026181678274272e-03
5.139752286805203241e+00 2.894196544163028361e-03
5.144489302148430809e+00 2.876486413256848160e-03
5.149230683327424174e+00 2.858896325120645343e-03
5.153976434365923787e+00 2.841426788355018180e-03
5.158726559291380021e+00 2.824078284528516031e-03
5.163481062134954058e+00 2.806851268704446678e-03
5.168239946931521445e+00 2.789746169966078170e-03
5.173003217719677416e+00 2.772763391940073850e-03
5.177770878541737787e+00 2.755903313317982321e-03
5.182542933443748723e+00 2.739166288375638383e-03
5.187319386475480520e+00 2.722552647490379500e-03
5.192100241690437379e+00 2.706062697655818496e-03
5.196885503145858287e+00 2.689696722994184587e-03
5.201675174902723242e+00 2.673454985265965190e-03
5.206469261025756801e+00 2.657337724376841563e-03
5.211267765583425415e+00 2.641345158881731794e-03
5.216070692647948093e+00 2.625477486485844423e-03
5.220878046295294617e+00 2.609734884542673754e-03
5.225689830605193542e+00 2.594117510548754266e-03
5.230506049661133972e+00 2.578625502635165882e-03
5.235326707550367331e+00 2.563258980055685594e-03
5.240151808363910924e+00 2.548018043671444483e-03
5.244981356196554145e+00 2.532902776432061510e-03
5.249815355146858487e+00 2.517913243853169090e-03
5.254653809317166413e+00 2.503049494490288806e-03
5.259496722813597813e+00 2.488311560408915449e-03
5.264344099746059769e+00 2.473699457650823698e-03
5.269195944228243000e+00 2.459213186696581396e-03
5.274052260377633417e+00 2.444852732924013110e-03
5.278913052315511223e+00 2.430618067062884601e-03
5.283778324166954476e+00 2.416509145645473824e-03
5.288648080060842638e+00 2.402525911453182866e-03
5.293522324129858347e+00 2.388668293959073704e-03
5.298401060510499860e+00 2.374936209766290943e-03
5.303284293343072164e+00 2.361329563042436144e-03
5.308172026771695862e+00 2.347848245949784012e-03
5.313064264944314274e+00 2.334492139071327882e-03
5.317961012012689892e+00 2.321261111832725616e-03
5.322862272132415917e+00 2.308155022920045304e-03
5.327768049462913602e+00 2.295173720693354565e-03
5.332678348167435800e+00 2.282317043596162991e-03
5.337593172413074072e+00 2.269584820560674801e-03
5.342512526370760462e+00 2.256976871408906352e-03
5.347436414215272826e+00 2.244493007249624694e-03
5.352364840125233947e+00 2.232133030871216034e-03
5.357297808283118634e+00 2.219896737130373950e-03
5.362235322875257282e+00 2.207783913336733989e-03
5.367177388091835866e+00 2.195794339633414319e-03
5.372124008126907491e+00 2.183927789373526183e-03
5.377075187178386173e+00 2.172184029492661966e-03
5.382030929448055723e+00 2.160562820877392955e-03
5.386991239141574184e+00 2.149063918729820621e-03
5.391956120468472058e+00 2.137687072928240797e-03
5.396925577642165628e+00 2.126432028383880898e-03
5.401899614879948075e+00 2.115298525393871469e-03
5.406878236403003690e+00 2.104286299990409167e-03
5.411861446436405210e+00 2.093395084286161448e-03
5.416849249209118256e+00 2.082624606816055671e-03
5.421841648954010218e+00 2.071974592875361950e-03
5.426838649907846701e+00 2.061444764854262774e-03
5.431840256311296855e+00 2.051034842568882910e-03
5.436846472408940478e+00 2.040744543588863744e-03
5.441857302449269795e+00 2.030573583561567051e-03
5.446872750684690345e+00 2.020521676532928586e-03
5.451892821371528974e+00 2.010588535265061660e-03
5.456917518770034725e+00 2.000773871550695290e-03
5.461946847144379724e+00 1.991077396524463389e-03
5.466980810762672505e+00 1.981498820971153846e-03
5.472019413896951789e+00 1.972037855631031140e-03
5.477062660823192708e+00 1.962694211502205577e-03
5.482110555821313014e+00 1.953467600140260368e-03
5.487163103175172196e+00 1.944357733955100762e-03
5.492220307172583027e+00 1.935364326505168786e-03
5.497282172105306230e+00 1.926487092789132445e-03
5.502348702269058478e+00 1.917725749535066941e-03
5.507419901963516828e+00 1.909080015487277108e-03
5.512495775492318728e+00 1.900549611690823069e-03
5.517576327163071781e+00 1.892134261773836292e-03
5.522661561287351084e+00 1.883833692227778259e-03
5.527751482180704556e+00 1.875647632685649999e-03
5.532846094162660044e+00 1.867575816198309251e-03
5.537945401556722658e+00 1.859617979509014521e-03
5.543049408690389868e+00 1.851773863326207316e-03
5.548158119895138185e+00 1.844043212594771285e-03
5.553271539506442700e+00 1.836425776765743126e-03
5.558389671863771753e+00 1.828921310064661942e-03
5.563512521310591374e+00 1.821529571758656596e-03
5.568640092194375946e+00 1.814250326422350628e-03
5.573772388866602867e+00 1.807083344202749329e-03
5.578909415682758777e+00 1.800028401083173793e-03
5.584051177002347544e+00 1.793085279146387680e-03
5.589197677188890268e+00 1.786253766837030306e-03
5.594348920609929721e+00 1.779533659223495696e-03
5.599504911637032123e+00 1.772924758259337421e-03
5.604665654645795136e+00 1.766426873044372884e-03
5.609831154015846977e+00 1.760039820085575754e-03
5.615001414130854407e+00 1.753763423557920488e-03
5.620176439378524513e+00 1.747597515565286466e-03
5.625356234150604706e+00 1.741541936401578552e-03
5.630540802842894266e+00 1.735596534812154472e-03
5.635730149855239901e+00 1.729761168255768708e-03
5.640924279591549073e+00 1.724035703167107504e-03
5.646123196459782001e+00 1.718420015220108177e-03
5.651326904871964985e+00 1.712913989592168128e-03
5.656535409244188628e+00 1.707517521229426133e-03
5.661748713996614946e+00 1.702230515113252940e-03
5.666966823553480914e+00 1.697052886528081957e-03
5.672189742343098473e+00 1.691984561330805732e-03
5.677417474797862518e+00 1.687025476221803728e-03
5.682650025354251788e+00 1.682175579017838613e-03
5.687887398452834198e+00 1.677434828926963311e-03
5.693129598538272163e+00 1.672803196825584744e-03
5.698376630059323489e+00 1.668280665537894610e-03
5.703628497468844039e+00 1.663867230117816159e-03
5.708885205223795722e+00 1.659562898133648025e-03
5.714146757785247388e+00 1.655367689955603971e-03
5.719413159618381037e+00 1.651281639046403571e-03
5.724684415192491826e+00 1.647304792255147162e-03
5.729960528980995171e+00 1.643437210114615790e-03
5.735241505461426748e+00 1.639678967142242693e-03
5.740527349115454925e+00 1.636030152144904220e-03
5.745818064428873662e+00 1.632490868527822041e-03
5.751113655891612275e+00 1.629061234607664466e-03
5.756414127997737218e+00 1.625741383930177789e-03
5.761719485245458294e+00 1.622531465592491834e-03
5.767029732137132214e+00 1.619431644570361447e-03
5.772344873179263480e+00 1.616442102050553824e-03
5.777664912882508830e+00 1.613563035768622372e-03
5.782989855761685227e+00 1.610794660352310621e-03
5.788319706335767201e+00 1.608137207670835324e-03
5.793654469127898388e+00 1.605590927190270580e-03
5.798994148665387982e+00 1.603156086335332225e-03
5.804338749479718729e+00 1.600832970857801654e-03
5.809688276106548699e+00 1.598621885211851026e-03
5.815042733085716620e+00 1.596523152936574728e-03
5.820402124961248980e+00 1.594537117045975814e-03
5.825766456281355588e+00 1.592664140426725298e-03
5.831135731598438454e+00 1.590904606243985324e-03
5.836509955469098010e+00 1.589258918355571787e-03
5.841889132454131328e+00 1.587727501734833516e-03
5.847273267118541007e+00 1.586310802902499975e-03
5.852662364031536946e+00 1.585009290367868709e-03
5.858056427766539009e+00 1.583823455079661716e-03
5.863455462901180582e+00 1.582753810886897237e-03
5.868859474017320110e+00 1.581800895010127168e-03
5.874268465701031339e+00 1.580965268523413939e-03
5.879682442542620180e+00 1.580247516847438664e-03
5.885101409136620276e+00 1.579648250254083201e-03
5.890525370081798329e+00 1.579168104382940377e-03
5.895954329981166531e+00 1.578807740770115167e-03
5.901388293441971911e+00 1.578567847389775224e-03
5.906827265075711431e+00 1.578449139208840850e-03
5.912271249498130210e+00 1.578452358755310118e-03
5.917720251329227743e+00 1.578578276700633295e-03
5.923174275193265004e+00 1.578827692456638565e-03
5.928633325718760894e+00 1.579201434787472864e-03
5.934097407538501123e+00 1.579700362437085406e-03
5.939566525289541765e+00 1.580325364772724008e-03
5.945040683613211030e+00 1.581077362445030545e-03
5.950519887155118148e+00 1.581957308065244910e-03
5.956004140565150706e+00 1.582966186900068442e-03
5.961493448497483527e+00 1.584105017584828707e-03
5.966987815610580448e+00 1.585374852855464490e-03
5.972487246567196095e+00 1.586776780300009747e-03
5.977991746034388321e+00 1.588311923130180173e-03
5.983501318683511982e+00 1.589981440973731132e-03
5.989015969190228716e+00 1.591786530688239429e-03
5.994535702234507824e+00 1.593728427197062649e-03
6.000060522500633375e+00 1.595808404348126371e-03
6.005590434677207767e+00 1.598027775796321409e-03
6.011125443457152606e+00 1.600387895910276512e-03
6.016665553537714928e+00 1.602890160704288245e-03
6.022210769620469861e+00 1.605536008796226190e-03
6.027761096411331287e+00 1.608326922392253056e-03
6.033316538620542957e+00 1.611264428299250071e-03
6.038877100962694477e+00 1.614350098965811097e-03
6.044442788156718649e+00 1.617585553552765634e-03
6.050013604925895905e+00 1.620972459034179846e-03
6.055589555997865858e+00 1.624512531329830875e-03
6.061170646104619308e+00 1.628207536470154763e-03
6.066756879982510675e+00 1.632059291794767759e-03
6.072348262372257999e+00 1.636069370460717202e-03
6.077944798018950046e+00 1.640236883825269042e-03
6.083546491672050749e+00 1.644559703251802143e-03
6.089153348085398321e+00 1.649035700632970562e-03
6.094765372017212357e+00 1.653662755291629340e-03
6.100382568230099167e+00 1.658438751450504612e-03
6.106004941491052662e+00 1.663361575739402687e-03
6.111632496571464124e+00 1.668429114738648840e-03
6.117265238247118653e+00 1.673639252557699349e-03
6.122903171298204050e+00 1.678989868447905041e-03
6.128546300509313483e+00 1.684478834448483071e-03
6.134194630669449033e+00 1.690104013064992663e-03
6.139848166572030586e+00 1.695863254979611354e-03
6.145506913014890493e+00 1.701754396792663814e-03
6.151170874800286015e+00 1.707775258794963892e-03
6.156840056734899314e+00 1.713923642770653769e-03
6.162514463629841899e+00 1.720197329830255471e-03
6.168194100300663507e+00 1.726594078273895093e-03
6.173878971567347662e+00 1.733111621484586737e-03
6.179569082254320556e+00 1.739747665851733164e-03
6.185264437190455489e+00 1.746499888724958958e-03
6.190965041209079089e+00 1.753365936398646992e-03
6.196670899147968647e+00 1.760343422127427998e-03
6.202382015849361885e+00 1.767429924173205243e-03
6.208098396159958732e+00 1.774622983884284596e-03
6.213820044930924880e+00 1.781920103807165760e-03
6.219546967017901551e+00 1.789318745831912968e-03
6.225279167281001058e+00 1.796816329371805345e-03
6.231016650584815686e+00 1.804410229578327701e-03
6.236759421798421243e+00 1.812097775592452168e-03
6.242507485795379729e+00 1.819876248833397899e-03
6.248260847453749989e+00 1.827742881326001800e-03
6.254019511656081498e+00 1.835694854068075504e-03
6.259783483289425909e+00 1.843729295439052243e-03
6.265552767245337940e+00 1.851843279651425433e-03
6.271327368419878923e+00 1.860033825246528317e-03
6.277107291713628356e+00 1.868297893636234556e-03
6.282892542031677685e+00 1.876632387692297576e-03
6.288683124283640069e+00 1.885034150385111757e-03
6.294479043383653050e+00 1.893499963473719086e-03
6.300280304250382102e+00 1.902026546249006118e-03
6.306086911807031292e+00 1.910610554332033487e-03
6.311898870981337950e+00 1.919248578529592422e-03
6.317716186705579773e+00 1.927937143749050217e-03
6.323538863916582820e+00 1.936672707974756037e-03
6.329366907555721511e+00 1.945451661308087669e-03
6.335200322568927511e+00 1.954270325073593183e-03
6.341039113906687064e+00 1.963124950993431692e-03
6.346883286524051648e+00 1.972011720432562207e-03
6.352732845380636206e+00 1.980926743717136528e-03
6.358587795440632462e+00 1.989866059528468817e-03
6.364448141672801817e+00 1.998825634375209995e-03
6.370313889050487788e+00 2.007801362146141664e-03
6.376185042551616000e+00 2.016789063746282293e-03
6.382061607158699523e+00 2.025784486818765946e-03
6.387943587858848637e+00 2.034783305555215322e-03
6.393830989643764617e+00 2.043781120597127059e-03
6.399723817509750390e+00 2.052773459030974180e-03
6.405622076457713199e+00 2.061755774479613872e-03
6.411525771493169934e+00 2.070723447292626123e-03
6.417434907626254237e+00 2.079671784838209563e-03
6.423349489871712947e+00 2.088596021899236186e-03
6.429269523248914986e+00 2.097491321176003700e-03
6.435195012781856683e+00 2.106352773898324468e-03
6.441125963499161777e+00 2.115175400549318494e-03
6.447062380434096518e+00 2.123954151703566755e-03
6.453004268624557227e+00 2.132683908981839252e-03
6.458951633113088064e+00 2.141359486124927002e-03
6.464904478946878363e+00 2.149975630188805369e-03
6.470862811177768847e+00 2.158527022863357403e-03
6.476826634862261400e+00 2.167008281916809557e-03
6.482795955061511073e+00 2.175413962767902033e-03
6.488770776841342958e+00 2.183738560187878895e-03
6.494751105272246861e+00 2.191976510133942027e-03
6.500736945429387070e+00 2.200122191716151736e-03
6.506728302392608576e+00 2.208169929299178685e-03
6.512725181246435291e+00 2.216113994740564683e-03
6.518727587080076269e+00 2.223948609766717918e-03
6.524735524987431923e+00 2.231667948487952788e-03
6.530749000067099352e+00 2.239266140053515399e-03
6.536768017422373234e+00 2.246737271447561864e-03
6.542792582161250259e+00 2.254075390426728189e-03
6.548822699396437130e+00 2.261274508599876807e-03
6.554858374245349673e+00 2.268328604650259560e-03
6.560899611830125266e+00 2.275231627700333072e-03
6.566946417277618409e+00 2.281977500819037420e-03
6.572998795719407816e+00 2.288560124671296971e-03
6.579056752291803534e+00 2.294973381309217339e-03
6.585120292135848707e+00 2.301211138104162710e-03
6.591189420397327581e+00 2.307267251818765057e-03
6.597264142226761940e+00 2.313135572817544283e-03
6.603344462779424440e+00 2.318809949414679487e-03
6.609430387215336822e+00 2.324284232357083039e-03
6.615521920699276137e+00 2.329552279440775565e-03
6.621619068400783625e+00 2.334607960258154504e-03
6.627721835494160274e+00 2.339445161073614842e-03
6.633830227158478365e+00 2.344057789824480643e-03
6.639944248577583252e+00 2.348439781244176464e-03
6.646063904940094247e+00 2.352585102103943709e-03
6.652189201439420607e+00 2.356487756569453345e-03
6.658320143273751768e+00 2.360141791667986436e-03
6.664456735646069774e+00 2.363541302861882094e-03
6.670598983764150169e+00 2.366680439723370041e-03
6.676746892840570879e+00 2.369553411705724137e-03
6.682900468092714874e+00 2.372154494005325812e-03
6.689059714742770169e+00 2.374478033508875974e-03
6.695224638017739593e+00 2.376518454819686894e-03
6.701395243149441683e+00 2.378270266356644676e-03
6.707571535374522220e+00 2.379728066519210938e-03
6.713753519934446246e+00 2.380886549911302285e-03
6.719941202075514930e+00 2.381740513616804715e-03
6.726134587048860247e+00 2.382284863519011208e-03
6.732333680110456520e+00 2.382514620656050065e-03
6.738538486521123971e+00 2.382424927603957795e-03
6.744749011546528727e+00 2.382011054878964071e-03
6.750965260457188144e+00 2.381268407349961241e-03
6.757187238528482354e+00 2.380192530652211567e-03
6.763414951040647161e+00 2.378779117592719119e-03
6.769648403278791804e+00 2.377024014537761337e-03
6.775887600532891852e+00 2.374923227772524938e-03
6.782132548097798974e+00 2.372472929822846358e-03
6.788383251273246266e+00 2.369669465728561648e-03
6.794639715363847365e+00 2.366509359258001967e-03
6.800901945679112437e+00 2.362989319052805678e-03
6.807169947533437515e+00 2.359106244692149492e-03
6.813443726246121379e+00 2.354857232665292545e-03
6.819723287141362000e+00 2.350239582241172437e-03
6.826008635548265424e+00 2.345250801223800093e-03
6.832299776800851987e+00 2.339888611581862881e-03
6.838596716238054540e+00 2.334150954941177896e-03
6.844899459203728220e+00 2.328035997928265630e-03
6.851208011046653112e+00 2.321542137353523310e-03
6.857522377120535140e+00 2.314668005222406469e-03
6.863842562784023826e+00 2.307412473562892464e-03
6.870168573400698975e+00 2.299774659057849183e-03
6.876500414339085765e+00 2.291753927470675020e-03
6.882838090972656531e+00 2.283349897852899723e-03
6.889181608679840529e+00 2.274562446522462172e-03
6.895530972844019502e+00 2.265391710801564155e-03
6.901886188853538329e+00 2.255838092503160107e-03
6.908247262101706809e+00 2.245902261155341417e-03
6.914614197986805877e+00 2.235585156953178755e-03
6.920987001912094705e+00 2.224887993427778887e-03
6.927365679285808042e+00 2.213812259822648537e-03
6.933750235521167760e+00 2.202359723167730647e-03
6.940140676036383738e+00 2.190532430042002685e-03
6.946537006254657420e+00 2.178332708015629036e-03
6.952939231604195136e+00 2.165763166763349460e-03
6.959347357518199217e+00 2.152826698841153828e-03
6.965761389434883100e+00 2.139526480118556558e-03
6.972181332797470432e+00 2.125865969859678465e-03
6.978607193054200408e+00 2.111848910446543614e-03
6.985038975658339311e+00 2.097479326738642836e-03
6.991476686068173407e+00 2.082761525063567959e-03
6.997920329747023160e+00 2.067700091833858233e-03
7.004369912163241452e+00 2.052299891786027453e-03
7.010825438790221575e+00 2.036566065838357840e-03
7.017286915106404344e+00 2.020504028564676889e-03
7.023754346595277198e+00 2.004119465282098826e-03
7.030227738745381316e+00 1.987418328751386267e-03
7.036707097050316939e+00 1.970406835489357019e-03
7.043192427008745149e+00 1.953091461693504073e-03
7.049683734124401191e+00 1.935478938779759250e-03
7.056181023906085592e+00 1.917576248535203315e-03
7.062684301867680148e+00 1.899390617888076791e-03
7.069193573528145258e+00 1.880929513298673032e-03
7.075708844411534137e+00 1.862200634775004748e-03
7.082230120046983934e+00 1.843211909518439710e-03
7.088757405968730829e+00 1.823971485204885137e-03
7.095290707716112699e+00 1.804487722908346050e-03
7.101830030833569118e+00 1.784769189674143431e-03
7.108375380870654681e+00 1.764824650750095860e-03
7.114926763382036334e+00 1.744663061484799703e-03
7.121484183927498712e+00 1.724293558902874942e-03
7.128047648071952125e+00 1.703725452967760207e-03
7.134617161385433448e+00 1.682968217543706971e-03
7.141192729443120335e+00 1.662031481069015364e-03
7.147774357825321445e+00 1.640925016953746459e-03
7.154362052117489768e+00 1.619658733715393295e-03
7.160955817910228838e+00 1.598242664867098161e-03
7.167555660799290074e+00 1.576686958573523612e-03
7.174161586385588762e+00 1.555001867090120707e-03
7.180773600275197843e+00 1.533197736002239438e-03
7.187391708079356789e+00 1.511284993281107863e-03
7.194015915414477824e+00 1.489274138174218011e-03
7.200646227902147700e+00 1.467175729948266795e-03
7.207282651169139243e+00 1.445000376503192225e-03
7.213925190847406022e+00 1.422758722876453236e-03
7.220573852574094786e+00 1.400461439656903529e-03
7.227228641991546354e+00 1.378119211328159097e-03
7.233889564747300049e+00 1.355742724561540382e-03
7.240556626494107029e+00 1.333342656479045768e-03
7.247229832889922285e+00 1.310929662907033911e-03
7.253909189597915308e+00 1.288514366641345691e-03
7.260594702286476299e+00 1.266107345744816497e-03
7.267286376629223277e+00 1.243719121898301683e-03
7.273984218304998528e+00 1.221360148826148130e-03
7.280688232997878373e+00 1.199040800817098790e-03
7.287398426397181161e+00 1.176771361361651823e-03
7.294114804197462831e+00 1.154562011926542255e-03
7.300837372098537337e+00 1.132422820886994129e-03
7.307566135805462437e+00 1.110363732637080188e-03
7.314301101028558350e+00 1.088394556898166377e-03
7.321042273483407747e+00 1.066524958245181672e-03
7.327789658890858426e+00 1.044764445869932230e-03
7.334543262977036626e+00 1.023122363600282702e-03
7.341303091473340814e+00 1.001607880193559810e-03
7.348069150116453230e+00 9.802299799217973481e-04
7.354841444648343440e+00 9.589974534660666242e-04
7.361619980816271003e+00 9.379188891362392859e-04
7.368404764372797899e+00 9.170026644320798713e-04
7.375195801075783208e+00 8.962569379605456101e-04
7.381993096688393763e+00 8.756896417236794284e-04
7.388796656979107702e+00 8.553084737902892729e-04
7.395606487721718025e+00 8.351208913641860890e-04
7.402422594695345914e+00 8.151341042603456018e-04
7.409244983684431851e+00 7.953550688000312957e-04
7.416073660478749829e+00 7.757904821342081515e-04
7.422908630873408242e+00 7.564467770044076746e-04
7.429749900668858764e+00 7.373301169484390138e-04
7.436597475670899904e+00 7.184463919578635985e-04
7.443451361690678780e+00 6.998012145928273441e-04
7.450311564544699117e+00 6.813999165588025550e-04
7.457178090054823016e+00 6.632475457487654619e-04
7.464050944048285174e+00 6.453488637532644578e-04
7.470930132357682218e+00 6.277083438397172655e-04
7.477815660820993138e+00 6.103301694011299162e-04
7.484707535281572177e+00 5.932182328734972440e-04
7.491605761588161272e+00 5.763761351198166743e-04
7.498510345594897153e+00 5.598071852779051621e-04
7.505421293161304241e+00 5.435144010678778434e-04
7.512338610152313301e+00 5.275005095541073245e-04
7.519262302438256995e+00 5.117679483557632716e-04
7.526192375894877884e+00 4.963188672985841205e-04
7.533128836403339079e+00 4.811551304999396681e-04
7.540071689850218917e+00 4.662783188780669471e-04
7.547020942127522503e+00 4.516897330755386590e-04
7.553976599132685266e+00 4.373903967861048525e-04
7.560938666768576510e+00 4.233810604732481174e-04
7.567907150943511851e+00 4.096622054678580416e-04
7.574882057571244331e+00 3.962340484319395312e-04
7.581863392570982185e+00 3.830965461741366583e-04
7.588851161867387063e+00 3.702494008025937087e-04
7.595845371390581136e+00 3.576920651997677887e-04
7.602846027076154201e+00 3.454237488033248772e-04
7.609853134865165458e+00 3.334434236767606116e-04
7.616866700704147064e+00 3.217498308528214646e-04
7.623886730545113011e+00 3.103414869324220659e-04
7.630913230345568010e+00 2.992166909214175074e-04
7.637946206068500388e+00 2.883735312872453974e-04
7.644985663682397181e+00 2.778100447347558013e-04
7.652031609161245918e+00 2.675250972947087048e-04
7.659084048484539053e+00 2.575176296890135724e-04
7.666142987637284634e+00 2.477861717929023344e-04
7.673208432610000962e+00 2.383288651149670487e-04
7.680280389398729923e+00 2.291434871102960126e-04
7.687358864005039649e+00 2.202274751878019801e-04
7.694443862436028070e+00 2.115779503465714409e-04
7.701535390704332684e+00 2.031917403816287267e-04
7.708633454828130560e+00 1.950654026050663542e-04
7.715738060831143663e+00 1.871952460336924690e-04
7.722849214742649515e+00 1.795773529996676557e-04
7.729966922597476753e+00 1.722076001457270187e-04
7.737091190436024668e+00 1.650816787713526830e-04
7.744222024304251661e+00 1.581951145012202447e-04
7.751359430253691229e+00 1.515432862516124157e-04
7.758503414341455517e+00 1.451214444749921123e-04
7.765653982630234431e+00 1.389247286670246002e-04
7.772811141188314288e+00 1.329481841242640143e-04
7.779974896089566272e+00 1.271867779445286727e-04
7.787145253413461532e+00 1.216354142653811374e-04
7.794322219245076511e+00 1.162889487394693871e-04
7.801505799675090280e+00 1.111422022485708511e-04
7.808696000799804970e+00 1.061899738608899565e-04
7.815892828721133334e+00 1.014270530389212670e-04
7.823096289546613846e+00 9.684823110744355808e-05
7.830306389389412480e+00 9.244831199346091241e-05
7.837523134368336031e+00 8.822212225184614836e-05
7.844746530607824120e+00 8.416452039221430838e-05
7.851976584237960743e+00 8.027040552409131936e-05
7.859213301394484041e+00 7.653472533884121839e-05
7.866456688218780968e+00 7.295248344800928856e-05
7.873706750857906833e+00 6.951874609873164588e-05
7.880963495464576418e+00 6.622864828774326139e-05
7.888226928197175525e+00 6.307739929618587057e-05
7.895497055219768079e+00 6.006028766798724079e-05
7.902773882702094355e+00 5.717268565497100603e-05
7.910057416819589626e+00 5.441005315214963566e-05
7.917347663753372622e+00 5.176794114680844327e-05
7.924644629690262398e+00 4.924199470501542980e-05
7.931948320822779230e+00 4.682795551915568518e-05
7.939258743349148162e+00 4.452166403992267451e-05
7.946575903473313218e+00 4.231906121595045976e-05
7.953899807404932076e+00 4.021618986397586221e-05
7.961230461359384059e+00 3.820919569199558025e-05
7.968567871557779903e+00 3.629432799746141417e-05
7.975912044226959985e+00 3.446794006202310516e-05
7.983262985599510309e+00 3.272648926378851197e-05
7.990620701913756285e+00 3.106653692746600662e-05
7.997985199413772506e+00 2.948474793210409248e-05
8.005356484349389845e+00 2.797789009550323371e-05
8.012734562976197239e+00 2.654283335366713117e-05
8.020119441555554118e+00 2.517654875294990434e-05
8.027511126354585969e+00 2.387610727185395976e-05
8.034909623646194987e+00 2.263867848867154263e-05
8.042314939709065413e+00 2.146152911044990513e-05
8.049727080827670633e+00 2.034202137800363849e-05
8.057146053292271404e+00 1.927761136097518269e-05
8.064571863398928286e+00 1.826584715619198007e-05
8.072004517449505201e+00 1.730436700186670096e-05
8.079444021751669425e+00 1.639089731945611895e-05
8.086890382618912909e+00 1.552325069429916544e-05
8.094343606370534516e+00 1.469932380547270778e-05
8.101803699331661335e+00 1.391709531462227261e-05
8.109270667833252233e+00 1.317462372288835154e-05
8.116744518212096082e+00 1.247004520440488864e-05
8.124225256810829521e+00 1.180157142424136236e-05
8.131712889977928072e+00 1.116748734807047364e-05
8.139207424067720353e+00 1.056614905027130994e-05
8.146708865440391634e+00 9.995981526637756301e-06
8.154217220461985605e+00 9.455476517337295912e-06
8.161732495504423923e+00 8.943190345267372097e-06
8.169254696945490224e+00 8.457741774484205173e-06
8.176783831168847883e+00 7.997809892919857232e-06
8.184319904564045345e+00 7.562132023182305841e-06
8.191862923526521456e+00 7.149501664823697200e-06
8.199412894457607237e+00 6.758766471079146349e-06
8.206969823764534766e+00 6.388826262718846694e-06
8.214533717860438955e+00 6.038631081314131135e-06
8.222104583164368208e+00 5.707179283903702511e-06
8.229682426101284420e+00 5.393515680745878821e-06
8.237267253102075415e+00 5.096729717566759867e-06
8.244859070603549611e+00 4.815953703455123946e-06
8.252457885048452013e+00 4.550361085316220119e-06
8.260063702885464210e+00 4.299164769572850770e-06
8.267676530569215032e+00 4.061615491600866298e-06
8.275296374560275225e+00 3.837000233194960050e-06
8.282923241325173436e+00 3.624640688189245575e-06
8.290557137336399762e+00 3.423891776199789423e-06
8.298198069072405758e+00 3.234140204314208380e-06
8.305846043017620417e+00 3.054803076419268708e-06
8.313501065662439515e+00 2.885326549746227759e-06
8.321163143503250481e+00 2.725184538103023134e-06
8.328832283042419959e+00 2.573877461172251261e-06
8.336508490788311576e+00 2.430931039168700515e-06
8.344191773255287714e+00 2.295895132078038027e-06
8.351882136963713066e+00 2.168342622633013855e-06
8.359579588439963516e+00 2.047868342130288121e-06
8.367284134216426139e+00 1.934088038141600463e-06
8.374995780831511638e+00 1.826637383134742600e-06
8.382714534829659669e+00 1.725171022986837148e-06
8.390440402761335292e+00 1.629361664346135012e-06
8.398173391183044956e+00 1.538899199777663439e-06
8.405913506657334722e+00 1.453489869614168266e-06
8.413660755752800924e+00 1.372855459422689893e-06
8.421415145044097272e+00 1.296732531992751798e-06
8.429176681111929526e+00 1.224871692750289217e-06
8.436945370543075029e+00 1.157036887503656775e-06
8.444721219930375611e+00 1.093004731434710930e-06
8.452504235872753569e+00 1.032563868256052850e-06
8.460294424975216998e+00 9.755143584673379459e-07
8.468091793848852689e+00 9.216670956577424356e-07
8.475896349110845662e+00 8.708432498172862764e-07
8.483708097384473845e+00 8.228737366379674371e-07
8.491527045299132936e+00 7.775987118050796808e-07
8.499353199490315092e+00 7.348670893003280157e-07
8.507186566599632016e+00 6.945360827594390460e-07
8.515027153274818517e+00 6.564707689514765910e-07
8.522874966169732502e+00 6.205436724697955506e-07
8.530730011944370972e+00 5.866343707493311671e-07
8.538592297264862907e+00 5.546291185505045141e-07
8.546461828803483485e+00 5.244204910742654280e-07
8.554338613238655853e+00 4.959070448994150751e-07
8.562222657254958236e+00 4.689929959583274430e-07
8.570113967543136368e+00 4.435879137931057113e-07
8.578012550800092839e+00 4.196064313598651841e-07
8.585918413728906629e+00 3.969679696740690095e-07
8.593831563038834886e+00 3.755964766151701485e-07
8.601752005445316485e+00 3.554201792336924227e-07
8.609679747669982675e+00 3.363713489283545225e-07
8.617614796440658864e+00 3.183860788849591598e-07
8.625557158491368170e+00 3.014040731925551432e-07
8.633506840562342077e+00 2.853684470753005920e-07
8.641463849400020436e+00 2.702255377014570096e-07
8.649428191757072781e+00 2.559247250526738742e-07
8.657399874392378791e+00 2.424182623586840604e-07
8.665378904071053157e+00 2.296611156230126392e-07
8.673365287564445580e+00 2.176108117861045752e-07
8.681359031650144331e+00 2.062272950917264377e-07
8.689360143111988677e+00 1.954727912417758956e-07
8.697368628740065333e+00 1.853116789431060796e-07
8.705384495330720895e+00 1.757103684678870120e-07
8.713407749686563619e+00 1.666371868663346029e-07
8.721438398616479404e+00 1.580622694872275647e-07
8.729476448935621136e+00 1.499574574778991528e-07
8.737521907465424675e+00 1.422962009505796844e-07
8.745574781033614187e+00 1.350534675171297725e-07
8.753635076474202137e+00 1.282056559083362645e-07
8.761702800627508836e+00 1.217305144077104986e-07
8.769777960340153555e+00 1.156070638429834823e-07
8.777860562465059857e+00 1.098155248910474420e-07
8.785950613861478686e+00 1.043372494642099545e-07
8.794048121394970607e+00 9.915465595731129938e-08
8.802153091937437779e+00 9.425116814619902688e-08
8.810265532367104413e+00 8.961115753884810380e-08
8.818385449568536316e+00 8.521988899034939543e-08
8.826512850432649770e+00 8.106346940284623262e-08
8.834647741856700875e+00 7.712879934063698719e-08
8.842790130744319299e+00 7.340352739949962681e-08
8.850940024005481632e+00 6.987600717773245554e-08
8.859097428556539811e+00 6.653525670436699812e-08
8.867262351320222891e+00 6.337092018765574865e-08
8.875434799225629945e+00 6.037323195423606903e-08
8.883614779208262036e+00 5.753298245620592745e-08
8.891802298209997346e+00 5.484148623000934566e-08
8.899997363179121379e+00 5.229055169720293761e-08
8.908199981070318074e+00 4.987245270316505297e-08
8.916410158844680467e+00 4.757990169542898338e-08
8.924627903469726675e+00 4.540602444867299229e-08
8.932853221919385689e+00 4.334433624851531307e-08
8.941086121174016910e+00 4.138871945104904863e-08
8.949326608220415480e+00 3.953340233965052702e-08
8.957574690051815836e+00 3.777293920494278529e-08
8.965830373667895259e+00 3.610219157788200716e-08
8.974093666074782760e+00 3.451631054985730314e-08
8.982364574285066183e+00 3.301072011737487124e-08
8.990643105317792205e+00 3.158110149239846258e-08
8.998929266198485877e+00 3.022337832271949345e-08
9.007223063959136411e+00 2.893370276988342669e-08
9.015524505638218500e+00 2.770844239513852166e-08
9.023833598280697643e+00 2.654416780669069328e-08
9.032150348938023043e+00 2.543764102420791436e-08
9.040474764668154251e+00 2.438580451900084789e-08
9.048806852535546952e+00 2.338577089070443200e-08
9.057146619611172511e+00 2.243481314350168355e-08
9.065494072972516193e+00 2.153035552706247839e-08
9.073849219703582492e+00 2.066996490936022645e-08
9.082212066894920000e+00 1.985134265041868020e-08
9.090582621643594763e+00 1.907231694783311562e-08
9.098960891053222255e+00 1.833083562657187788e-08
9.107346882233963825e+00 1.762495934717724296e-08
9.115740602302532025e+00 1.695285520796419072e-08
9.124142058382204823e+00 1.631279071824126779e-08
9.132551257602818495e+00 1.570312812090658751e-08
9.140968207100781839e+00 1.512231904403268397e-08
9.149392914019081502e+00 1.456889946223864489e-08
9.157825385507285532e+00 1.404148494977188811e-08
9.166265628721557590e+00 1.353876620826981717e-08
9.174713650824651623e+00 1.305950485317542987e-08
9.183169458985922518e+00 1.260252944370922707e-08
9.191633060381331433e+00 1.216673174219135584e-08
9.200104462193461785e+00 1.175106318933550523e-08
9.208583671611510368e+00 1.135453158292512208e-08
9.217070695831296234e+00 1.097619794801785478e-08
9.225565542055278456e+00 1.061517358752301957e-08
9.234068217492545472e+00 1.027061730265436821e-08
9.242578729358839951e+00 9.941732773375307481e-09
9.251097084876549914e+00 9.627766089539247465e-09
9.259623291274715839e+00 9.328003423974103207e-09
9.268157355789046647e+00 9.041768839276849856e-09
9.276699285661916150e+00 8.768422220572220145e-09
9.285249088142379037e+00 8.507357326944588969e-09
9.293806770486163771e+00 8.257999954687274574e-09
9.302372339955690350e+00 8.019806205915728838e-09
9.310945803820070310e+00 7.792260856477450368e-09
9.319527169355113827e+00 7.574875817448910261e-09
9.328116443843340377e+00 7.367188684851020540e-09
9.336713634573978737e+00 7.168761372532860194e-09
9.345318748842977641e+00 6.979178823475603245e-09
9.353931793953005780e+00 6.798047795051056391e-09
9.362552777213462463e+00 6.624995714036540361e-09
9.371181705940495377e+00 6.459669597440140871e-09
9.379818587456979273e+00 6.301735035427096620e-09
9.388463429092546164e+00 6.150875232860811811e-09
9.397116238183579995e+00 6.006790106183098695e-09
9.405777022073234406e+00 5.869195432558167785e-09
9.414445788111418523e+00 5.737822048389936959e-09
9.423122543654823602e+00 5.612415094500076139e-09
9.431807296066921253e+00 5.492733305421633866e-09
9.440500052717959889e+00 5.378548340419212498e-09
9.449200820984998472e+00 5.269644153996021953e-09
9.457909608251878097e+00 5.165816403790095186e-09
9.466626421909253963e+00 5.066871893891672033e-09
9.475351269354588268e+00 4.972628051743435984e-09
9.484084157992164421e+00 4.882912436902119433e-09
9.492825095233090593e+00 4.797562280053830379e-09
9.501574088495303272e+00 4.716424050782870391e-09
9.510331145203572589e+00 4.639353052696050710e-09
9.519096272789520086e+00 4.566213044601091645e-09
9.527869478691604499e+00 4.496875886531111373e-09
9.536650770355153739e+00 4.431221209494794622e-09
9.545440155232350676e+00 4.369136107917243911e-09
9.554237640782243801e+00 4.310514853817479609e-09
9.563043234470759657e+00 4.255258631846000717e-09
9.571856943770704618e+00 4.203275294382128979e-09
9.580678776161775545e+00 4.154479135962716102e-09
9.589508739130559789e+00 4.108790686384804866e-09
9.598346840170545846e+00 4.066136521893404003e-09
9.607193086782125135e+00 4.026449093932555771e-09
9.616047486472604433e+00 3.989666575003965174e-09
9.624910046756212978e+00 3.955729032010501324e-09
9.633780775154100695e+00 3.924559655006081178e-09
9.642659679194350630e+00 3.896079283675747193e-09
9.651546766411980727e+00 3.870214798814597136e-09
9.660442044348963364e+00 3.846898838786682197e-09
9.669345520554212925e+00 3.826069522759879981e-09
9.678257202583601781e+00 3.807670195585375954e-09
9.687177097999970954e+00 3.791649192878043567e-09
9.696105214373123005e+00 3.777959624973481349e-09
9.705041559279852237e+00 3.766559178545418129e-09
9.713986140303919825e+00 3.757409934768621426e-09
9.722938965036087566e+00 3.750478203003874862e-09
9.731900041074107222e+00 3.745734369067048915e-09
9.740869376022731174e+00 3.743152757222208115e-09
9.749846977493730193e+00 3.742711505111112460e-09
9.758832853105884553e+00 3.744392450898549432e-09
9.767827010484992911e+00 3.748181031973332837e-09
9.776829457263886525e+00 3.754066194603607348e-09
9.785840201082427470e+00 3.762040313995903885e-09
9.794859249587529959e+00 3.772099124258116972e-09
9.803886610433142579e+00 3.784241657810556425e-09
9.812922291280273157e+00 3.798470193832353248e-09
9.821966299796994093e+00 3.814790215369320058e-09
9.831018643658435252e+00 3.833210374765706837e-09
9.840079330546814163e+00 3.853742467117415786e-09
9.849148368151416477e+00 3.876401411474522077e-09
9.858225764168620842e+00 3.901205239552124615e-09
9.867311526301895341e+00 3.928175091736081108e-09
9.876405662261809937e+00 3.957335220195668862e-09
9.885508179766045345e+00 3.988712998941420260e-09
9.894619086539387709e+00 4.022338940687544482e-09
9.903738390313746365e+00 4.058246720402630567e-09
9.912866098828153838e+00 4.096473205450680390e-09
9.922002219828781833e+00 4.137058492246068204e-09
9.931146761068935902e+00 4.180045949363379266e-09
9.940299730309069659e+00 4.225482267061481563e-09
9.949461135316784777e+00 4.273417513197728239e-09
9.958630983866845199e+00 4.323905195524609536e-09
9.967809283741186022e+00 4.377002330376034983e-09
9.976996042728902836e+00 4.432769517765786529e-09
9.986191268626280149e+00 4.491271022934786702e-09
9.995394969236780724e+00 4.552574864396801892e-09
1.000460715237105980e+01 4.616752908546424195e-09
1.001382782584698283e+01 4.683880970905055262e-09
1.002305699748960244e+01 4.754038924092952952e-09
1.003229467513119388e+01 4.827310812627853173e-09
1.004154086661125689e+01 4.903784974661435110e-09
1.005079557977649785e+01 4.983554170776591887e-09
1.006005882248087602e+01 5.066715719979270042e-09
1.006933060258556978e+01 5.153371643028497880e-09
1.007861092795901570e+01 5.243628813259791708e-09
1.008789980647690498e+01 5.337599115065405730e-09
1.009719724602217106e+01 5.435399610205848224e-09
1.010650325448503040e+01 5.537152712136391553e-09
1.011581783976295768e+01 5.642986368539933504e-09
1.012514100976071418e+01 5.753034252268362965e-09
1.013447277239034960e+01 5.867435960902368384e-09
1.014381313557119135e+01 5.986337225146097646e-09
1.015316210722988544e+01 6.109890126285111026e-09
1.016251969530036270e+01 6.238253322938029259e-09
1.017188590772387968e+01 6.371592287345509568e-09
1.018126075244901685e+01 6.510079551441794609e-09
1.019064423743165904e+01 6.653894962963190738e-09
1.020003637063504875e+01 6.803225951855375874e-09
1.020943716002974533e+01 6.958267807241284174e-09
1.021884661359367108e+01 7.119223965224383424e-09
1.022826473931209534e+01 7.286306307798538768e-09
1.023769154517764157e+01 7.459735473146142594e-09
1.024712703919031043e+01 7.639741177605766880e-09
1.025657122935746024e+01 7.826562549593528302e-09
1.026602412369384609e+01 8.020448475766768592e-09
1.027548573022160383e+01 8.221657959715550714e-09
1.028495605697025361e+01 8.430460493472146635e-09
1.029443511197673367e+01 8.647136442124788192e-09
1.030392290328536653e+01 8.871977441820537234e-09
1.031341943894791058e+01 9.105286811442405865e-09
1.032292472702353869e+01 9.347379978236715580e-09
1.033243877557884005e+01 9.598584917665760991e-09
1.034196159268785031e+01 9.859242607753716817e-09
1.035149318643204985e+01 1.012970749818188823e-08
1.036103356490034955e+01 1.041034799438491470e-08
1.037058273618913873e+01 1.070154695688622647e-08
1.038014070840224434e+01 1.100370221609516935e-08
1.038970748965097890e+01 1.131722710277938736e-08
1.039928308805413337e+01 1.164255099440305401e-08
1.040886751173796121e+01 1.198011987750544420e-08
1.041846076883623162e+01 1.233039692627492830e-08
1.042806286749018341e+01 1.269386309744208830e-08
1.043767381584857823e+01 1.307101774160152597e-08
1.044729362206768997e+01 1.346237923102953347e-08
1.045692229431128695e+01 1.386848560404090943e-08
1.046655984075068879e+01 1.428989522589435034e-08
1.047620626956472201e+01 1.472718746620858705e-08
1.048586158893976972e+01 1.518096339282265341e-08
1.049552580706975569e+01 1.565184648197465168e-08
1.050519893215614431e+01 1.614048334463522285e-08
1.051488097240797792e+01 1.664754446877651596e-08
1.052457193604184127e+01 1.717372497729269160e-08
1.053427183128191125e+01 1.771974540124234993e-08
1.054398066635994269e+01 1.828635246799848707e-08
1.055369844951526126e+01 1.887431990383740852e-08
1.056342518899480964e+01 1.948444925041570068e-08
1.057316089305310847e+01 2.011757069449942001e-08
1.058290556995229892e+01 2.077454391023574559e-08
1.059265922796214277e+01 2.145625891315458562e-08
1.060242187536000280e+01 2.216363692499649569e-08
1.061219352043089437e+01 2.289763124836439927e-08
1.062197417146744804e+01 2.365922815007423059e-08
1.063176383676995229e+01 2.444944775198847176e-08
1.064156252464634100e+01 2.526934492796539023e-08
1.065137024341219885e+01 2.612001020545793115e-08
1.066118700139078612e+01 2.700257067014504740e-08
1.067101280691301746e+01 2.791819087183979597e-08
1.068084766831750265e+01 2.886807372977940483e-08
1.069069159395053425e+01 2.985346143523514873e-08
1.070054459216608045e+01 3.087563634922619939e-08
1.071040667132583479e+01 3.193592189296279947e-08
1.072027783979917004e+01 3.303568342843602148e-08
1.073015810596319319e+01 3.417632912643522177e-08
1.074004747820272776e+01 3.535931081904241800e-08
1.074994596491031373e+01 3.658612483347690028e-08
1.075985357448624491e+01 3.785831280397189072e-08
1.076977031533853513e+01 3.917746245811184928e-08
1.077969619588296446e+01 4.054520837390570450e-08
1.078963122454306856e+01 4.196323270358348837e-08
1.079957540975013153e+01 4.343326585992449521e-08
1.080952875994322859e+01 4.495708716067004821e-08
1.081949128356919232e+01 4.653652542632609436e-08
1.082946298908265526e+01 4.817345952644620483e-08
1.083944388494604461e+01 4.986981886920202040e-08
1.084943397962956624e+01 5.162758382881842377e-08
1.085943328161125265e+01 5.344878610520424058e-08
1.086944179937694877e+01 5.533550900981721672e-08
1.087945954142030303e+01 5.728988767157557715e-08
1.088948651624281538e+01 5.931410915637729302e-08
1.089952273235379998e+01 6.141041249347167169e-08
1.090956819827042601e+01 6.358108860176410873e-08
1.091962292251771771e+01 6.582848010878632711e-08
1.092968691362853484e+01 6.815498105487604963e-08
1.093976018014362772e+01 7.056303647486609195e-08
1.094984273061159463e+01 7.305514184928434427e-08
1.095993457358892620e+01 7.563384241693221861e-08
1.097003571764000540e+01 7.830173234040237408e-08
1.098014617133708448e+01 8.106145371593583411e-08
1.099026594326034534e+01 8.391569541884907115e-08
1.100039504199784801e+01 8.686719177549354797e-08
1.101053347614559463e+01 8.991872105268591893e-08
1.102068125430749745e+01 9.307310375527069709e-08
1.103083838509539305e+01 9.633320072246561254e-08
1.104100487712906897e+01 9.970191101350900730e-08
1.105118073903624065e+01 1.031821695730362727e-07
1.106136597945258870e+01 1.067769446666558245e-07
1.107156060702175360e+01 1.104892350771056703e-07
1.108176463039532322e+01 1.143220670514824386e-07
1.109197805823288796e+01 1.182784909900600052e-07
1.110220089920198738e+01 1.223615778673435217e-07
1.111243316197817599e+01 1.265744153762020890e-07
1.112267485524499655e+01 1.309201037860334594e-07
1.113292598769398190e+01 1.354017515062953166e-07
1.114318656802469576e+01 1.400224703469542432e-07
1.115345660494470081e+01 1.447853704677972663e-07
1.116373610716959774e+01 1.496935550090318766e-07
1.117402508342302170e+01 1.547501143959561351e-07
1.118432354243663163e+01 1.599581203112074427e-07
1.119463149295015647e+01 1.653206193285823935e-07
1.120494894371135430e+01 1.708406262031634010e-07
1.121527590347606740e+01 1.765211168133150738e-07
1.122561238100820624e+01 1.823650207508001827e-07
1.123595838507973710e+01 1.883752135563690877e-07
1.124631392447073885e+01 1.945545085990939093e-07
1.125667900796935861e+01 2.009056485987013956e-07
1.126705364437185963e+01 2.074312967915982554e-07
1.127743784248261250e+01 2.141340277421959662e-07
1.128783161111408262e+01 2.210163178027629129e-07
1.129823495908688358e+01 2.280805352263415468e-07
1.130864789522973268e+01 2.353289299386854157e-07
1.131907042837950605e+01 2.427636229770313763e-07
1.132950256738121908e+01 2.503865956048795062e-07
1.133994432108802464e+01 2.581996781139852427e-07
1.135039569836125573e+01 2.662045383265328278e-07
1.136085670807039349e+01 2.744026698122376965e-07
1.137132735909310632e+01 2.827953798374719409e-07
1.138180766031524627e+01 2.913837770651730399e-07
1.139229762063084017e+01 3.001687590267712360e-07
1.140279724894213054e+01 3.091509993894802642e-07
1.141330655415954531e+01 3.183309350443698317e-07
1.142382554520173876e+01 3.277087530433494957e-07
1.143435423099558967e+01 3.372843774151574849e-07
1.144489262047618006e+01 3.470574558930281779e-07
1.145544072258685020e+01 3.570273465892434684e-07
1.146599854627918269e+01 3.671931046538612913e-07
1.147656610051298642e+01 3.775534689577216474e-07
1.148714339425636055e+01 3.881068488420935278e-07
1.149773043648563764e+01 3.988513109795770752e-07
1.150832723618544762e+01 4.097845663936813795e-07
1.151893380234869824e+01 4.209039576862849116e-07
1.152955014397656441e+01 4.322064465249043610e-07
1.154017627007854685e+01 4.436886014436925654e-07
1.155081218967242407e+01 4.553465860140351388e-07
1.156145791178429860e+01 4.671761474429667633e-07
1.157211344544860054e+01 4.791726056591149244e-07
1.158277879970805913e+01 4.913308429476964901e-07
1.159345398361377022e+01 5.036452941978671236e-07
1.160413900622514305e+01 5.161099378265409607e-07
1.161483387660995525e+01 5.287182874446366765e-07
1.162553860384434046e+01 5.414633843319113155e-07
1.163625319701278116e+01 5.543377907878054420e-07
1.164697766520815669e+01 5.673335844258846880e-07
1.165771201753170061e+01 5.804423534794187296e-07
1.166845626309305395e+01 5.936551931860187218e-07
1.167921041101025459e+01 6.069627033180763183e-07
1.168997447040972304e+01 6.203549869255031390e-07
1.170074845042631750e+01 6.338216503559055067e-07
1.171153236020329125e+01 6.473518046154931187e-07
1.172232620889234234e+01 6.609340681327458547e-07
1.173313000565360120e+01 6.745565709839058202e-07
1.174394375965562531e+01 6.882069606369127432e-07
1.175476748007544359e+01 7.018724092675064262e-07
1.176560117609852441e+01 7.155396226970227958e-07
1.177644485691881293e+01 7.291948509981644809e-07
1.178729853173873110e+01 7.428239008099952565e-07
1.179816220976916519e+01 7.564121493988188938e-07
1.180903590022951200e+01 7.699445604963965603e-07
1.181991961234764332e+01 7.834057019409332410e-07
1.183081335535995571e+01 7.967797651403888418e-07
1.184171713851135088e+01 8.100505863710173574e-07
1.185263097105524288e+01 8.232016699169213500e-07
1.186355486225359179e+01 8.362162130494935977e-07
1.187448882137687001e+01 8.490771328372982119e-07
1.188543285770411373e+01 8.617670947695518924e-07
1.189638698052291232e+01 8.742685431675205266e-07
1.190735119912939410e+01 8.865637333496899897e-07
1.191832552282828139e+01 8.986347655078935226e-07
1.192930996093284612e+01 9.104636202419966419e-07
1.194030452276496135e+01 9.220321956920555905e-07
1.195130921765509768e+01 9.333223461970049170e-07
1.196232405494229667e+01 9.443159223996903419e-07
1.197334904397424182e+01 9.549948127086677751e-07
1.198438419410720002e+01 9.653409860173062765e-07
1.199542951470608365e+01 9.753365355719364201e-07
1.200648501514443467e+01 9.849637238709558103e-07
1.201755070480441390e+01 9.942050284680521658e-07
1.202862659307685789e+01 1.003043188543967243e-06
1.203971268936122918e+01 1.011461252102409904e-06
1.205080900306567848e+01 1.019442623637973001e-06
1.206191554360701801e+01 1.026971112116047009e-06
1.207303232041072683e+01 1.034030979097654435e-06
1.208415934291098814e+01 1.040606986835516023e-06
1.209529662055068222e+01 1.046684446161828590e-06
1.210644416278136681e+01 1.052249263982804430e-06
1.211760197906334291e+01 1.057289042587101491e-06
1.212877007886560321e+01 1.061797652492208620e-06
1.213994847166588542e+01 1.065771623487376092e-06
1.215113716695065982e+01 1.069208349334115716e-06
1.216233617421512747e+01 1.072106084723629477e-06
1.217354550296326110e+01 1.074463940979744269e-06
1.218476516270776600e+01 1.076281879506211440e-06
1.219599516297014041e+01 1.077560703034734840e-06
1.220723551328065071e+01 1.078302044737436112e-06
1.221848622317833133e+01 1.078508355274471553e-06
1.222974730221103457e+01 1.078182887854157316e-06
1.224101875993538435e+01 1.077329681389016008e-06
1.225230060591683490e+01 1.075953541836485140e-06
1.226359284972964936e+01 1.074060021818438538e-06
1.227489550095690696e+01 1.071655398617796646e-06
1.228620856919053317e+01 1.068746650654713966e-06
1.229753206403127663e+01 1.065341432548077052e-06
1.230886599508874824e+01 1.061448048871011952e-06
1.232021037198141933e+01 1.057075426711305252e-06
1.233156520433660397e+01 1.052233087149568993e-06
1.234293050179051754e+01 1.046931115769001294e-06
1.235430627398822878e+01 1.041180132311469909e-06
1.236569253058371487e+01 1.034991259594808975e-06
1.237708928123985253e+01 1.028376091805845079e-06
1.238849653562840203e+01 1.021346662282997663e-06
1.239991430343006584e+01 1.013915410900905873e-06
1.241134259433444242e+01 1.006095151168050783e-06
1.242278141804007774e+01 9.978990371460589828e-07
1.243423078425445816e+01 9.893405302969410122e-07
1.244569070269399980e+01 9.804333663618013151e-07
1.245716118308409470e+01 9.711915223709956319e-07
1.246864223515907533e+01 9.616291838827018387e-07
1.248013386866226604e+01 9.517607125425447554e-07
1.249163609334596892e+01 9.416006140532494853e-07
1.250314891897145486e+01 9.311635066389067288e-07
1.251467235530901867e+01 9.204640900837003928e-07
1.252620641213793107e+01 9.095171154207442119e-07
1.253775109924650089e+01 8.983373553414014170e-07
1.254930642643205196e+01 8.869395753909679819e-07
1.256087240350092138e+01 8.753385060112368801e-07
1.257244904026851096e+01 8.635488154855382539e-07
1.258403634655923931e+01 8.515850838369690529e-07
1.259563433220660222e+01 8.394617777248596825e-07
1.260724300705315848e+01 8.271932263800994575e-07
1.261886238095051738e+01 8.147935986143708714e-07
1.263049246375939383e+01 8.022768809334845373e-07
1.264213326534956749e+01 7.896568567802489739e-07
1.265378479559992897e+01 7.769470869272508284e-07
1.266544706439847623e+01 7.641608910353016178e-07
1.267712008164230397e+01 7.513113303888125042e-07
1.268880385723764981e+01 7.384111918146480571e-07
1.270049840109985695e+01 7.254729727872195883e-07
1.271220372315342750e+01 7.125088677178264737e-07
1.272391983333201004e+01 6.995307554230050811e-07
1.273564674157838894e+01 6.865501877623806401e-07
1.274738445784453056e+01 6.735783794332779161e-07
1.275913299209157259e+01 6.606261989059579913e-07
1.277089235428981873e+01 6.477041604801697551e-07
1.278266255441878307e+01 6.348224174408943561e-07
1.279444360246715284e+01 6.219907562884107638e-07
1.280623550843283986e+01 6.092185920153522865e-07
1.281803828232297171e+01 5.965149644012372770e-07
1.282985193415387926e+01 5.838885352928183921e-07
1.284167647395115175e+01 5.713475868368636506e-07
1.285351191174958707e+01 5.589000206303954052e-07
1.286535825759326102e+01 5.465533577518255790e-07
1.287721552153549531e+01 5.343147396356074984e-07
1.288908371363886829e+01 5.221909297515893552e-07
1.290096284397524862e+01 5.101883160497758617e-07
1.291285292262576867e+01 4.983129141305055450e-07
1.292475395968086893e+01 4.865703710994504737e-07
1.293666596524028911e+01 4.749659700669272660e-07
1.294858894941306104e+01 4.635046352505046139e-07
1.296052292231755310e+01 4.521909376402661024e-07
1.297246789408143819e+01 4.410291011861200787e-07
1.298442387484174354e+01 4.300230094668677174e-07
1.299639087474483645e+01 4.191762128014136013e-07
1.300836890394641543e+01 4.084919357628149545e-07
1.302035797261156702e+01 3.979730850566717751e-07
1.303235809091471964e+01 3.876222577263538944e-07
1.304436926903969862e+01 3.774417496480242126e-07
1.305639151717971380e+01 3.674335642798752101e-07
1.306842484553735240e+01 3.575994216306803938e-07
1.308046926432463053e+01 3.479407674139931834e-07
1.309252478376294526e+01 3.384587823557012723e-07
1.310459141408314032e+01 3.291543916234229190e-07
1.311666916552548656e+01 3.200282743480261710e-07
1.312875804833966953e+01 3.110808732084399263e-07
1.314085807278485341e+01 3.023124040524130725e-07
1.315296924912962417e+01 2.937228655273661300e-07
1.316509158765206067e+01 2.853120486964994921e-07
1.317722509863970437e+01 2.770795466170996443e-07
1.318936979238956830e+01 2.690247638590443798e-07
1.320152567920817255e+01 2.611469259429769466e-07
1.321369276941151760e+01 2.534450886791467346e-07
1.322587107332512701e+01 2.459181473889145121e-07
1.323806060128404205e+01 2.385648459925982982e-07
1.325026136363280926e+01 2.313837859484798501e-07
1.326247337072553734e+01 2.243734350289659425e-07
1.327469663292584556e+01 2.175321359214827811e-07
1.328693116060693313e+01 2.108581146424720664e-07
1.329917696415155248e+01 2.043494887544615063e-07
1.331143405395200752e+01 1.980042753770080343e-07
1.332370244041020868e+01 1.918203989835883110e-07
1.333598213393762677e+01 1.857956989775638160e-07
1.334827314495534267e+01 1.799279370413260274e-07
1.336057548389404914e+01 1.742148042537218428e-07
1.337288916119402593e+01 1.686539279718717559e-07
1.338521418730520018e+01 1.632428784742295626e-07
1.339755057268712868e+01 1.579791753627572262e-07
1.340989832780898539e+01 1.528602937227945330e-07
1.342225746314962187e+01 1.478836700399161331e-07
1.343462798919752110e+01 1.430467078739183748e-07
1.344700991645085253e+01 1.383467832905927264e-07
1.345940325541746141e+01 1.337812500526923106e-07
1.347180801661485638e+01 1.293474445719759344e-07
1.348422421057026810e+01 1.250426906247760850e-07
1.349665184782059946e+01 1.208643038341242215e-07
1.350909093891248780e+01 1.168095959217146627e-07
1.352154149440229070e+01 1.128758787336371048e-07
1.353400352485607172e+01 1.090604680439942052e-07
1.354647704084966264e+01 1.053606871409238782e-07
1.355896205296861368e+01 1.017738701999179340e-07
1.357145857180825210e+01 9.829736544942648081e-08
1.358396660797367161e+01 9.492853813413487445e-08
1.359648617207971633e+01 9.166477328142204236e-08
1.360901727475104295e+01 8.850347827663523843e-08
1.362155992662207282e+01 8.544208525309616673e-08
1.363411413833704877e+01 8.247805330268990985e-08
1.364667992055002443e+01 7.960887051312506844e-08
1.365925728392485183e+01 7.683205583795474959e-08
1.367184623913523644e+01 7.414516080544211208e-08
1.368444679686469811e+01 7.154577107250620625e-08
1.369705896780661902e+01 6.903150782982007709e-08
1.370968276266423835e+01 6.660002906425201520e-08
1.372231819215064164e+01 6.424903068474010918e-08
1.373496526698881404e+01 6.197624751762166983e-08
1.374762399791159417e+01 5.977945417744093644e-08
1.376029439566173451e+01 5.765646581911503538e-08
1.377297647099188893e+01 5.560513877727549422e-08
1.378567023466460029e+01 5.362337109851873854e-08
1.379837569745235903e+01 5.170910297213012763e-08
1.381109287013755527e+01 4.986031706481451404e-08
1.382382176351253911e+01 4.807503876474110658e-08
1.383656238837960295e+01 4.635133634015615345e-08
1.384931475555097968e+01 4.468732101764755573e-08
1.386207887584889242e+01 4.308114698497348759e-08
1.387485476010551189e+01 4.153101132328011334e-08
1.388764241916300790e+01 4.003515387332908506e-08
1.390044186387355296e+01 3.859185704022244127e-08
1.391325310509929025e+01 3.719944554097418899e-08
1.392607615371240648e+01 3.585628609907530519e-08
1.393891102059508391e+01 3.456078709009643540e-08
1.395175771663954833e+01 3.331139814217810733e-08
1.396461625274806906e+01 3.210660969510933820e-08
1.397748663983294115e+01 3.094495252156163055e-08
1.399036888881654406e+01 2.982499721384602720e-08
1.400326301063129719e+01 2.874535363946791099e-08
1.401616901621971500e+01 2.770467036854214569e-08
1.402908691653439988e+01 2.670163407603894734e-08
1.404201672253802613e+01 2.573496892164761458e-08
1.405495844520339688e+01 2.480343590991204123e-08
1.406791209551340494e+01 2.390583223316962020e-08
1.408087768446108434e+01 2.304099059966711404e-08
1.409385522304959970e+01 2.220777854910958387e-08
1.410684472229223729e+01 2.140509775776227543e-08
1.411984619321245304e+01 2.063188333510687522e-08
1.413285964684386542e+01 1.988710311392600858e-08
1.414588509423023588e+01 1.916975693558341326e-08
1.415892254642553993e+01 1.847887593213644462e-08
1.417197201449390498e+01 1.781352180683467874e-08
1.418503350950968134e+01 1.717278611442492539e-08
1.419810704255742628e+01 1.655578954260477147e-08
1.421119262473188805e+01 1.596168119586302678e-08
1.422429026713807154e+01 1.538963788284112705e-08
1.423739998089118686e+01 1.483886340828265628e-08
1.425052177711671142e+01 1.430858787053488387e-08
1.426365566695037579e+01 1.379806696549213454e-08
1.427680166153815122e+01 1.330658129779914885e-08
1.428995977203630829e+01 1.283343570004430355e-08
1.430313000961137782e+01 1.237795856062011655e-08
1.431631238544019524e+01 1.193950116084988524e-08
1.432950691070990246e+01 1.151743702192182165e-08
1.434271359661792999e+01 1.111116126211067887e-08
1.435593245437205567e+01 1.072008996471296636e-08
1.436916349519035840e+01 1.034365955706586912e-08
1.438240673030127859e+01 9.981326200973517065e-09
1.439566217094360212e+01 9.632565194813257937e-09
1.440892982836645686e+01 9.296870387557420698e-09
1.442220971382936412e+01 8.973753604893530054e-09
1.443550183860219072e+01 8.662744087602525388e-09
1.444880621396521825e+01 8.363387942301811135e-09
1.446212285120911822e+01 8.075247604643494862e-09
1.447545176163495384e+01 7.797901315010950519e-09
1.448879295655422439e+01 7.530942606740481039e-09
1.450214644728883151e+01 7.273979806860386687e-09
1.451551224517113070e+01 7.026635549319178526e-09
1.452889036154392244e+01 6.788546300649568135e-09
1.454228080776043974e+01 6.559361897995175343e-09
1.455568359518440857e+01 6.338745099407687752e-09
1.456909873518999810e+01 6.126371146304383428e-09
1.458252623916188284e+01 5.921927337960001570e-09
1.459596611849522851e+01 5.725112617893562216e-09
1.460941838459568309e+01 5.535637171996420811e-09
1.462288304887943546e+01 5.353222038237405331e-09
1.463636012277316745e+01 5.177598727770615814e-09
1.464984961771411065e+01 5.008508857260088292e-09
1.466335154515004291e+01 4.845703792232318166e-09
1.467686591653926698e+01 4.688944301254999529e-09
1.469039274335067802e+01 4.538000220738457625e-09
1.470393203706370677e+01 4.392650130150043620e-09
1.471748380916839416e+01 4.252681037425996246e-09
1.473104807116536641e+01 4.117888074365499056e-09
1.474462483456582440e+01 3.988074201785002364e-09
1.475821411089161117e+01 3.863049924210778075e-09
1.477181591167516039e+01 3.742633013888261211e-09
1.478543024845955323e+01 3.626648243881157594e-09
1.479905713279851298e+01 3.514927130038897150e-09
1.481269657625638558e+01 3.407307681606554216e-09
1.482634859040820707e+01 3.303634160254236875e-09
1.484001318683965209e+01 3.203756847305737436e-09
1.485369037714709428e+01 3.107531818943195457e-09
1.486738017293759384e+01 3.014820729172112026e-09
1.488108258582889043e+01 2.925490600328829710e-09
1.489479762744944757e+01 2.839413620916928278e-09
1.490852530943845267e+01 2.756466950562842593e-09
1.492226564344579209e+01 2.676532531881597624e-09
1.493601864113212230e+01 2.599496909048196414e-09
1.494978431416881648e+01 2.525251052874791013e-09
1.496356267423802500e+01 2.453690192193666287e-09
1.497735373303266826e+01 2.384713651354420628e-09
1.499115750225642074e+01 2.318224693643573733e-09
1.500497399362376783e+01 2.254130370440978406e-09
1.501880321885997027e+01 2.192341375930906501e-09
1.503264518970110863e+01 2.132771907188850570e-09
1.504649991789408858e+01 2.075339529471120327e-09
1.506036741519661426e+01 2.019965046536241650e-09
1.507424769337725756e+01 1.966572375832339423e-09
1.508814076421540662e+01 1.915088428390018759e-09
1.510204663950132975e+01 1.865442993261564474e-09
1.511596533103615947e+01 1.817568626354766682e-09
1.512989685063188361e+01 1.771400543511273991e-09
1.514384121011140749e+01 1.726876517684531983e-09
1.515779842130850241e+01 1.683936780077178438e-09
1.517176849606786426e+01 1.642523925099994391e-09
1.518575144624511175e+01 1.602582819020477339e-09
1.519974728370676509e+01 1.564060512171944545e-09
1.521375602033031171e+01 1.526906154598021643e-09
1.522777766800415300e+01 1.491070915012119998e-09
1.524181223862767531e+01 1.456507902954047588e-09
1.525585974411122869e+01 1.423171077320896838e-09
1.526992019637611442e+01 1.391011787916772768e-09
1.528399360735465784e+01 1.359982352506181911e-09
1.529807998899014621e+01 1.330037299225236435e-09
1.531217935323689971e+01 1.301133253918832295e-09
1.532629171206025553e+01 1.273228833640534286e-09
1.534041707743655536e+01 1.246284546025029645e-09
1.535455546135320937e+01 1.220262694185804876e-09
1.536870687580864470e+01 1.195127286813038859e-09
1.538287133281237118e+01 1.170843953166017126e-09
1.539704884438496535e+01 1.147379862674558870e-09
1.541123942255806156e+01 1.124703648880859351e-09
1.542544307937441239e+01 1.102785337470089394e-09
1.543965982688783889e+01 1.081596278153959769e-09
1.545388967716329276e+01 1.061109080185200265e-09
1.546813264227685103e+01 1.041297551295195016e-09
1.548238873431568940e+01 1.022136639859479253e-09
1.549665796537816043e+01 1.003602380107225336e-09
1.551094034757373485e+01 9.856718402029927035e-10
1.552523589302306561e+01 9.683230730380950601e-10
1.553954461385797892e+01 9.515350695798567319e-10
1.555386652222145649e+01 9.352877146354671277e-10
1.556820163026770310e+01 9.195617448957391518e-10
1.558254995016209676e+01 9.043387091324401978e-10
1.559691149408124922e+01 8.896009304299099756e-10
1.561128627421299164e+01 8.753314703389113537e-10
1.562567430275636937e+01 8.615140948474900203e-10
1.564007559192170227e+01 8.481332420690975956e-10
1.565449015393052790e+01 8.351739915549854129e-10
1.566891800101567434e+01 8.226220351423117364e-10
1.568335914542124243e+01 8.104636492553447534e-10
1.569781359940259868e+01 7.986856685814569088e-10
1.571228137522642143e+01 7.872754610480956715e-10
1.572676248517069908e+01 7.762209040314234420e-10
1.574125694152471056e+01 7.655103617310991090e-10
1.575576475658909459e+01 7.551326636492372607e-10
1.577028594267579287e+01 7.450770841155234990e-10
1.578482051210811754e+01 7.353333228031951410e-10
1.579936847722074234e+01 7.258914861842442501e-10
1.581392985035968124e+01 7.167420698746350566e-10
1.582850464388235956e+01 7.078759418233295620e-10
1.584309287015756240e+01 6.992843263015064712e-10
1.585769454156549507e+01 6.909587886505217778e-10
1.587230967049777419e+01 6.828912207497297918e-10
1.588693826935741349e+01 6.750738271673303602e-10
1.590158035055889130e+01 6.674991119592053908e-10
1.591623592652809194e+01 6.601598660830925527e-10
1.593090500970237855e+01 6.530491553966637026e-10
1.594558761253057710e+01 6.461603092102040278e-10
1.596028374747296041e+01 6.394869093660206736e-10
1.597499342700132274e+01 6.330227798180426290e-10
1.598971666359891408e+01 6.267619766868978820e-10
1.600445346976052008e+01 6.206987787665690486e-10
1.601920385799243363e+01 6.148276784604225343e-10
1.603396784081246196e+01 6.091433731253827753e-10
1.604874543074996751e+01 6.036407568040890314e-10
1.606353664034584128e+01 5.983149123261394455e-10
1.607834148215254544e+01 5.931611037602725774e-10
1.609315996873411692e+01 5.881747692005108065e-10
1.610799211266614961e+01 5.833515138699571156e-10
1.612283792653585834e+01 5.786871035269680580e-10
1.613769742294202203e+01 5.741774581590806299e-10
1.615257061449506182e+01 5.698186459508898833e-10
1.616745751381701623e+01 5.656068775127753613e-10
1.618235813354153407e+01 5.615385003579781722e-10
1.619727248631394545e+01 5.576099936162660902e-10
1.621220058479119075e+01 5.538179629729754928e-10
1.622714244164191655e+01 5.501591358226580686e-10
1.624209806954642588e+01 5.466303566274084060e-10
1.625706748119670308e+01 5.432285824700796755e-10
1.627205068929644582e+01 5.399508787933409477e-10
1.628704770656104017e+01 5.367944153158782371e-10
1.630205854571761037e+01 5.337564621174834932e-10
1.631708321950500817e+01 5.308343858851527469e-10
1.633212174067380573e+01 5.280256463127861138e-10
1.634717412198635955e+01 5.253277926473327826e-10
1.636224037621675009e+01 5.227384603746536342e-10
1.637732051615086348e+01 5.202553680386844294e-10
1.639241455458636310e+01 5.178763141877119455e-10
1.640752250433268600e+01 5.155991744420506540e-10
1.642264437821111045e+01 5.134218986774459998e-10
1.643778018905468841e+01 5.113425083190316089e-10
1.645292994970833789e+01 5.093590937406982583e-10
1.646809367302880034e+01 5.074698117651841824e-10
1.648327137188465841e+01 5.056728832602277254e-10
1.649846305915637146e+01 5.039665908264858600e-10
1.651366874773625071e+01 5.023492765730109109e-10
1.652888845052850542e+01 5.008193399763653715e-10
1.654412218044924288e+01 4.993752358195625450e-10
1.655936995042644355e+01 4.980154722072561768e-10
1.657463177340003568e+01 4.967386086537115384e-10
1.658990766232186687e+01 4.955432542402742609e-10
1.660519763015570049e+01 4.944280658392142098e-10
1.662050168987728327e+01 4.933917464009527975e-10
1.663581985447427769e+01 4.924330433017779811e-10
1.665115213694635443e+01 4.915507467493622288e-10
1.666649855030515681e+01 4.907436882434229299e-10
1.668185910757429369e+01 4.900107390890793803e-10
1.669723382178941762e+01 4.893508089604729843e-10
1.671262270599816091e+01 4.887628445124047733e-10
1.672802577326019602e+01 4.882458280377933550e-10
1.674344303664724620e+01 4.877987761688507008e-10
1.675887450924304645e+01 4.874207386200198018e-10
1.677432020414342873e+01 4.871107969707343498e-10
1.678978013445625805e+01 4.868680634861671020e-10
1.680525431330151065e+01 4.866916799742279881e-10
1.682074275381124906e+01 4.865808166771636997e-10
1.683624546912961861e+01 4.865346711960895109e-10
1.685176247241290426e+01 4.865524674469657501e-10
1.686729377682949504e+01 4.866334546465569832e-10
1.688283939555992674e+01 4.867769063268978060e-10
1.689839934179689962e+01 4.869821193769982109e-10
1.691397362874523225e+01 4.872484131104380524e-10
1.692956226962195743e+01 4.875751283575950546e-10
1.694516527765625469e+01 4.879616265814184114e-10
1.696078266608951068e+01 4.884072890154393799e-10
1.697641444817533340e+01 4.889115158231122769e-10
1.699206063717950599e+01 4.894737252772882239e-10
1.700772124638007554e+01 4.900933529589011962e-10
1.702339628906729985e+01 4.907698509738765506e-10
1.703908577854370066e+01 4.915026871873404492e-10
1.705478972812406369e+01 4.922913444742440621e-10
1.707050815113542797e+01 4.931353199855739207e-10
1.708624106091713912e+01 4.940341244292928066e-10
1.710198847082080675e+01 4.949872813652760201e-10
1.711775039421036837e+01 4.959943265134894653e-10
1.713352684446208940e+01 4.970548070746652977e-10
1.714931783496452056e+01 4.981682810628265195e-10
1.716512337911860087e+01 4.993343166489946444e-10
1.718094349033758306e+01 5.005524915154394682e-10
1.719677818204709752e+01 5.018223922199070158e-10
1.721262746768515939e+01 5.031436135692124142e-10
1.722849136070214016e+01 5.045157580016696385e-10
1.724436987456084580e+01 5.059384349778655462e-10
1.726026302273644220e+01 5.074112603792254360e-10
1.727617081871655813e+01 5.089338559139581948e-10
1.729209327600123913e+01 5.105058485298545325e-10
1.730803040810295812e+01 5.121268698336034005e-10
1.732398222854666869e+01 5.137965555161496200e-10
1.733994875086975540e+01 5.155145447837297954e-10
1.735592998862210479e+01 5.172804797942455066e-10
1.737192595536610185e+01 5.190940050985923480e-10
1.738793666467659094e+01 5.209547670866355502e-10
1.740396213014096460e+01 5.228624134375789656e-10
1.742000236535912805e+01 5.248165925743467067e-10
1.743605738394350624e+01 5.268169531217952513e-10
1.745212719951909364e+01 5.288631433684934871e-10
1.746821182572341158e+01 5.309548107317952466e-10
1.748431127620658287e+01 5.330916012260966933e-10
1.750042556463129984e+01 5.352731589339504793e-10
1.751655470467283138e+01 5.374991254800139281e-10
1.753269871001907276e+01 5.397691395075507228e-10
1.754885759437051007e+01 5.420828361574422614e-10
1.756503137144028059e+01 5.444398465495281447e-10
1.758122005495415863e+01 5.468397972662214121e-10
1.759742365865053770e+01 5.492823098382607976e-10
1.761364219628051941e+01 5.517670002326184118e-10
1.762987568160783525e+01 5.542934783424029981e-10
1.764612412840892830e+01 5.568613474788500605e-10
1.766238755047294262e+01 5.594702038652762369e-10
1.767866596160170189e+01 5.621196361330619178e-10
1.769495937560978760e+01 5.648092248197047128e-10
1.771126780632447861e+01 5.675385418688826551e-10
1.772759126758581871e+01 5.703071501327275292e-10
1.774392977324661302e+01 5.731146028762260182e-10
1.776028333717240670e+01 5.759604432839788312e-10
1.777665197324155244e+01 5.788442039693194687e-10
1.779303569534516782e+01 5.817654064859921801e-10
1.780943451738719929e+01 5.847235608424840336e-10
1.782584845328439727e+01 5.877181650191874960e-10
1.784227751696631969e+01 5.907487044885851150e-10
1.785872172237539957e+01 5.938146517386311531e-10
1.787518108346688450e+01 5.969154657995480283e-10
1.789165561420890427e+01 6.000505917742698984e-10
1.790814532858246366e+01 6.032194603728027384e-10
1.792465024058143541e+01 6.064214874506965399e-10
1.794117036421261346e+01 6.096560735520234725e-10
1.795770571349567035e+01 6.129226034570399568e-10
1.797425630246322825e+01 6.162204457349557492e-10
1.799082214516083766e+01 6.195489523020647090e-10
1.800740325564697386e+01 6.229074579856350170e-10
1.802399964799309728e+01 6.262952800939413131e-10
1.804061133628361091e+01 6.297117179927368492e-10
1.805723833461591354e+01 6.331560526887127331e-10
1.807388065710040337e+01 6.366275464202121665e-10
1.809053831786046374e+01 6.401254422557486157e-10
1.810721133103251290e+01 6.436489637007365409e-10
1.812389971076597561e+01 6.471973143128866361e-10
1.814060347122334349e+01 6.507696773267999377e-10
1.815732262658015372e+01 6.543652152882271247e-10
1.817405719102498907e+01 6.579830696984927318e-10
1.819080717875953823e+01 6.616223606696766392e-10
1.820757260399854616e+01 6.652821865910553514e-10
1.822435348096988861e+01 6.689616238073440420e-10
1.824114982391454731e+01 6.726597263093937673e-10
1.825796164708660996e+01 6.763755254378270244e-10
1.827478896475333414e+01 6.801080296003283044e-10
1.829163179119508698e+01 6.838562240030795375e-10
1.830849014070543035e+01 6.876190703970906822e-10
1.832536402759109251e+01 6.913955068399791536e-10
1.834225346617196806e+01 6.951844474738584906e-10
1.835915847078117125e+01 6.989847823200463966e-10
1.837607905576502887e+01 7.027953770911842089e-10
1.839301523548306250e+01 7.066150730215176344e-10
1.840996702430805954e+01 7.104426867159512810e-10
1.842693443662602704e+01 7.142770100186692148e-10
1.844391748683625210e+01 7.181168099018738947e-10
1.846091618935129119e+01 7.219608283755125399e-10
1.847793055859695954e+01 7.258077824185608585e-10
1.849496060901240568e+01 7.296563639326554380e-10
1.851200635505004399e+01 7.335052397187450216e-10
1.852906781117564350e+01 7.373530514775186777e-10
1.854614499186830301e+01 7.411984158342714694e-10
1.856323791162042980e+01 7.450399243889476408e-10
1.858034658493783908e+01 7.488761437920943053e-10
1.859747102633967231e+01 7.527056158473719747e-10
1.861461125035847175e+01 7.565268576413772472e-10
1.863176727154018408e+01 7.603383617014402273e-10
1.864893910444413549e+01 7.641385961821191158e-10
1.866612676364309564e+01 7.679260050809862993e-10
1.868333026372324213e+01 7.716990084844871076e-10
1.870054961928421733e+01 7.754560028444354798e-10
1.871778484493911421e+01 7.791953612857969106e-10
1.873503595531447630e+01 7.829154339464383075e-10
1.875230296505035454e+01 7.866145483493543034e-10
1.876958588880026468e+01 7.902910098080671308e-10
1.878688474123124763e+01 7.939431018656597626e-10
1.880419953702386948e+01 7.975690867680486444e-10
1.882153029087218954e+01 8.011672059720124866e-10
1.883887701748385979e+01 8.047356806884205918e-10
1.885623973158003963e+01 8.082727124611588842e-10
1.887361844789548471e+01 8.117764837822192420e-10
1.889101318117853623e+01 8.152451587432462975e-10
1.890842394619109612e+01 8.186768837240286061e-10
1.892585075770871228e+01 8.220697881182141827e-10
1.894329363052050752e+01 8.254219850964727113e-10
1.896075257942926839e+01 8.287315724075111945e-10
1.897822761925142387e+01 8.319966332170105600e-10
1.899571876481702404e+01 8.352152369847161798e-10
1.901322603096983244e+01 8.383854403798108258e-10
1.903074943256724794e+01 8.415052882346038712e-10
1.904828898448040420e+01 8.445728145366153215e-10
1.906584470159412348e+01 8.475860434589491050e-10
1.908341659880692731e+01 8.505429904289813697e-10
1.910100469103111109e+01 8.534416632351448934e-10
1.911860899319266238e+01 8.562800631716150124e-10
1.913622952023137103e+01 8.590561862207496250e-10
1.915386628710077943e+01 8.617680242728273888e-10
1.917151930876818966e+01 8.644135663828248945e-10
1.918918860021474160e+01 8.669908000639290342e-10
1.920687417643534189e+01 8.694979762117510673e-10
1.922457605243873502e+01 8.719343788862901002e-10
1.924229424324751747e+01 8.742995596487941815e-10
1.926002876389808094e+01 8.765930894606348985e-10
1.927777962944073309e+01 8.788145587976378003e-10
1.929554685493960520e+01 8.809635777550644390e-10
1.931333045547273386e+01 8.830397761433421881e-10
1.933113044613207165e+01 8.850428035744143513e-10
1.934894684202343029e+01 8.869723295388185055e-10
1.936677965826658721e+01 8.888280434734222540e-10
1.938462890999524646e+01 8.906096548198049097e-10
1.940249461235703876e+01 8.923168930734018465e-10
1.942037678051358540e+01 8.939495078233308679e-10
1.943827542964045207e+01 8.955072687829055551e-10
1.945619057492721282e+01 8.969899658110203680e-10
1.947412223157743938e+01 8.983974089242586042e-10
1.949207041480869762e+01 8.997294282998827607e-10
1.951003513985260440e+01 9.009858742697109157e-10
1.952801642195478493e+01 9.021666173049590577e-10
1.954601427637494027e+01 9.032715479920581495e-10
1.956402871838683666e+01 9.043005769995734186e-10
1.958205976327828779e+01 9.052536350362643346e-10
1.960010742635123648e+01 9.061306728003379068e-10
1.961817172292168721e+01 9.069316609200094491e-10
1.963625266831979843e+01 9.076565898854786592e-10
1.965435027788984357e+01 9.083054699723234909e-10
1.967246456699021806e+01 9.088783311564783955e-10
1.969059555099351400e+01 9.093752230209133553e-10
1.970874324528644195e+01 9.097962146540367697e-10
1.972690766526993400e+01 9.101413945400194739e-10
1.974508882635910467e+01 9.104108704410473370e-10
1.976328674398325802e+01 9.106047692717686859e-10
1.978150143358595159e+01 9.107232369659034708e-10
1.979973291062493601e+01 9.107664383352318209e-10
1.981798119057224028e+01 9.107345569210892756e-10
1.983624628891415043e+01 9.106277948384433421e-10
1.985452822115120242e+01 9.104463726127343942e-10
1.987282700279825320e+01 9.101905290096317699e-10
1.989114264938441323e+01 9.098605208578258340e-10
1.990947517645314591e+01 9.094566228649551668e-10
1.992782459956223562e+01 9.089791274269363661e-10
1.994619093428377354e+01 9.084283444307468185e-10
1.996457419620424290e+01 9.078046010508325964e-10
1.998297440092445854e+01 9.071082415393574783e-10
2.000139156405963448e+01 9.063396270103804633e-10
2.001982570123938032e+01 9.054991352181527557e-10
2.003827682810768351e+01 9.045871603297516638e-10
2.005674496032298393e+01 9.036041126920872925e-10
2.007523011355811704e+01 9.025504185936187960e-10
2.009373230350039563e+01 9.014265200207997311e-10
2.011225154585158492e+01 9.002328744095265173e-10
2.013078785632789192e+01 8.989699543917279335e-10
2.014934125066005066e+01 8.976382475372440281e-10
2.016791174459325475e+01 8.962382560912133355e-10
2.018649935388723549e+01 8.947704967071630952e-10
2.020510409431624765e+01 8.932355001758756810e-10
2.022372598166906599e+01 8.916338111503509435e-10
2.024236503174903845e+01 8.899659878669507011e-10
2.026102126037405426e+01 8.882326018629096331e-10
2.027969468337660430e+01 8.864342376904725170e-10
2.029838531660376688e+01 8.845714926277110585e-10
2.031709317591720776e+01 8.826449763863432274e-10
2.033581827719323698e+01 8.806553108166066913e-10
2.035456063632276624e+01 8.786031296094723481e-10
2.037332026921138350e+01 8.764890779962899786e-10
2.039209719177933167e+01 8.743138124461344415e-10
2.041089141996149792e+01 8.720780003609511531e-10
2.042970296970748478e+01 8.697823197687463201e-10
2.044853185698159592e+01 8.674274590149310077e-10
2.046737809776282191e+01 8.650141164521022505e-10
2.048624170804491129e+01 8.625430001282690635e-10
2.050512270383632085e+01 8.600148274739425276e-10
2.052402110116028666e+01 8.574303249879864481e-10
2.054293691605482053e+01 8.547902279226036099e-10
2.056187016457267092e+01 8.520952799676049696e-10
2.058082086278144018e+01 8.493462329339898074e-10
2.059978902676347801e+01 8.465438464372163056e-10
2.061877467261600927e+01 8.436888875801271933e-10
2.063777781645107368e+01 8.407821306358509892e-10
2.065679847439554351e+01 8.378243567307723139e-10
2.067583666259119113e+01 8.348163535276777711e-10
2.069489239719462148e+01 8.317589149094227465e-10
2.071396569437736801e+01 8.286528406630072465e-10
2.073305657032586069e+01 8.254989361644546200e-10
2.075216504124142247e+01 8.222980120645359684e-10
2.077129112334035099e+01 8.190508839754753853e-10
2.079043483285384042e+01 8.157583721588284483e-10
2.080959618602807737e+01 8.124213012146880256e-10
2.082877519912423026e+01 8.090404997722689926e-10
2.084797188841841376e+01 8.056168001821550649e-10
2.086718627020178829e+01 8.021510382102151914e-10
2.088641836078048541e+01 7.986440527333872046e-10
2.090566817647570375e+01 7.950966854374373986e-10
2.092493573362366988e+01 7.915097805168725343e-10
2.094422104857565259e+01 7.878841843770330163e-10
2.096352413769801615e+01 7.842207453386054703e-10
2.098284501737218122e+01 7.805203133445552369e-10
2.100218370399468881e+01 7.767837396697262127e-10
2.102154021397718964e+01 7.730118766330950106e-10
2.104091456374644054e+01 7.692055773128565598e-10
2.106030676974436489e+01 7.653656952644752510e-10
2.107971684842801352e+01 7.614930842416992494e-10
2.109914481626961802e+01 7.575885979207765148e-10
2.111859068975660847e+01 7.536530896278423337e-10
2.113805448539156728e+01 7.496874120696788548e-10
2.115753621969233933e+01 7.456924170678299783e-10
2.117703590919193601e+01 7.416689552962909067e-10
2.119655357043865251e+01 7.376178760227070091e-10
2.121608921999602870e+01 7.335400268532809362e-10
2.123564287444283849e+01 7.294362534814396850e-10
2.125521455037317509e+01 7.253073994402569598e-10
2.127480426439639061e+01 7.211543058588375216e-10
2.129441203313717423e+01 7.169778112225894934e-10
2.131403787323553445e+01 7.127787511375846953e-10
2.133368180134678127e+01 7.085579580989217064e-10
2.135334383414162929e+01 7.043162612633292619e-10
2.137302398830609818e+01 7.000544862258534400e-10
2.139272228054163349e+01 6.957734548008795862e-10
2.141243872756506761e+01 6.914739848073896091e-10
2.143217334610860547e+01 6.871568898585954742e-10
2.145192615291991700e+01 6.828229791559322515e-10
2.147169716476206602e+01 6.784730572874832982e-10
2.149148639841359909e+01 6.741079240308309628e-10
2.151129387066852416e+01 6.697283741604281405e-10
2.153111959833629641e+01 6.653351972594852007e-10
2.155096359824189634e+01 6.609291775363569848e-10
2.157082588722580851e+01 6.565110936455354407e-10
2.159070648214400734e+01 6.520817185132351793e-10
2.161060539986804230e+01 6.476418191675371053e-10
2.163052265728498114e+01 6.431921565731734617e-10
2.165045827129747025e+01 6.387334854709644223e-10
2.167041225882374889e+01 6.342665542218377803e-10
2.169038463679761009e+01 6.297921046555648080e-10
2.171037542216850014e+01 6.253108719240602924e-10
2.173038463190143332e+01 6.208235843594047376e-10
2.175041228297710916e+01 6.163309633364434610e-10
2.177045839239185909e+01 6.118337231400864545e-10
2.179052297715766429e+01 6.073325708372132618e-10
2.181060605430221244e+01 6.028282061531738799e-10
2.183070764086885163e+01 5.983213213529689162e-10
2.185082775391666843e+01 5.938126011269442919e-10
2.187096641052046664e+01 5.893027224811386289e-10
2.189112362777076015e+01 5.847923546321371168e-10
2.191129942277385467e+01 5.802821589064971038e-10
2.193149381265178022e+01 5.757727886446699308e-10
2.195170681454237993e+01 5.712648891094108419e-10
2.197193844559929232e+01 5.667590973986727292e-10
2.199218872299192640e+01 5.622560423629109229e-10
2.201245766390556469e+01 5.577563445267777247e-10
2.203274528554128864e+01 5.532606160152084436e-10
2.205305160511605678e+01 5.487694604838280027e-10
2.207337663986270115e+01 5.442834730536365508e-10
2.209372040702989892e+01 5.398032402499802843e-10
2.211408292388227537e+01 5.353293399456801945e-10
2.213446420770031864e+01 5.308623413084025979e-10
2.215486427578047923e+01 5.264028047520869877e-10
2.217528314543514156e+01 5.219512818925058580e-10
2.219572083399262041e+01 5.175083155068398710e-10
2.221617735879724265e+01 5.130744394972132535e-10
2.223665273720927971e+01 5.086501788582201340e-10
2.225714698660502933e+01 5.042360496482831036e-10
2.227766012437680843e+01 4.998325589648786397e-10
2.229819216793292824e+01 4.954402049235150347e-10
2.231874313469779381e+01 4.910594766404645868e-10
2.233931304211181512e+01 4.866908542191519296e-10
2.235990190763152086e+01 4.823348087401331525e-10
2.238050974872951571e+01 4.779918022546765693e-10
2.240113658289448750e+01 4.736622877818020313e-10
2.242178242763127827e+01 4.693467093087727903e-10
2.244244730046082026e+01 4.650455017949777153e-10
2.246313121892022835e+01 4.607590911791059986e-10
2.248383420056277870e+01 4.564878943895886570e-10
2.250455626295789813e+01 4.522323193582677427e-10
2.252529742369123866e+01 4.479927650371207984e-10
2.254605770036463142e+01 4.437696214181490186e-10
2.256683711059614694e+01 4.395632695561964236e-10
2.258763567202010236e+01 4.353740815947363351e-10
2.260845340228703648e+01 4.312024207945628606e-10
2.262929031906378441e+01 4.270486415652443836e-10
2.265014644003346334e+01 4.229130894993613453e-10
2.267102178289545478e+01 4.187961014094345853e-10
2.269191636536550050e+01 4.146980053674202174e-10
2.271283020517562079e+01 4.106191207468254789e-10
2.273376332007421752e+01 4.065597582672605231e-10
2.275471572782604568e+01 4.025202200414284823e-10
2.277568744621219921e+01 3.985007996244951217e-10
2.279667849303020688e+01 3.945017820656899692e-10
2.281768888609395773e+01 3.905234439622153300e-10
2.283871864323378631e+01 3.865660535152238738e-10
2.285976778229646555e+01 3.826298705879717574e-10
2.288083632114518196e+01 3.787151467659530538e-10
2.290192427765962790e+01 3.748221254190114509e-10
2.292303166973593420e+01 3.709510417653610844e-10
2.294415851528675532e+01 3.671021229374266513e-10
2.296530483224125163e+01 3.632755880494739025e-10
2.298647063854508588e+01 3.594716482669379257e-10
2.300765595216049064e+01 3.556905068773996875e-10
2.302886079106622219e+01 3.519323593631503493e-10
2.305008517325762796e+01 3.481973934752551582e-10
2.307132911674665010e+01 3.444857893091094687e-10
2.309259263956178998e+01 3.407977193813744489e-10
2.311387575974821829e+01 3.371333487082289357e-10
2.313517849536768622e+01 3.334928348849522744e-10
2.315650086449862144e+01 3.298763281666497022e-10
2.317784288523612446e+01 3.262839715502066627e-10
2.319920457569193317e+01 3.227159008573044978e-10
2.322058595399451875e+01 3.191722448184673741e-10
2.324198703828902168e+01 3.156531251581304160e-10
2.326340784673733708e+01 3.121586566806022798e-10
2.328484839751810043e+01 3.086889473569127069e-10
2.330630870882666272e+01 3.052440984124845188e-10
2.332778879887520063e+01 3.018242044155465058e-10
2.334928868589261697e+01 2.984293533662839555e-10
2.337080838812465799e+01 2.950596267866192852e-10
2.339234792383388140e+01 2.917150998106082007e-10
2.341390731129964919e+01 2.883958412754009740e-10
2.343548656881820591e+01 2.851019138126711301e-10
2.345708571470262171e+01 2.818333739405483001e-10
2.347870476728287770e+01 2.785902721558995246e-10
2.350034374490584455e+01 2.753726530270154099e-10
2.352200266593526834e+01 2.721805552865832125e-10
2.354368154875187003e+01 2.690140119249057000e-10
2.356538041175326015e+01 2.658730502833881729e-10
2.358709927335404544e+01 2.627576921481462040e-10
2.360883815198580393e+01 2.596679538437653715e-10
2.363059706609705302e+01 2.566038463271743679e-10
2.365237603415338086e+01 2.535653752815018753e-10
2.367417507463733273e+01 2.505525412100061810e-10
2.369599420604852469e+01 2.475653395299226438e-10
2.371783344690363293e+01 2.446037606662463298e-10
2.373969281573634760e+01 2.416677901454311032e-10
2.376157233109750422e+01 2.387574086888918996e-10
2.378347201155497714e+01 2.358725923063596578e-10
2.380539187569378967e+01 2.330133123889971450e-10
2.382733194211610339e+01 2.301795358022543746e-10
2.384929222944117910e+01 2.273712249784588875e-10
2.387127275630547629e+01 2.245883380090494144e-10
2.389327354136263182e+01 2.218308287364747632e-10
2.391529460328343859e+01 2.190986468457191568e-10
2.393733596075594150e+01 2.163917379553781266e-10
2.395939763248536991e+01 2.137100437083262972e-10
2.398147963719421938e+01 2.110535018618852683e-10
2.400358199362224099e+01 2.084220463775006175e-10
2.402570472052643424e+01 2.058156075099072657e-10
2.404784783668111814e+01 2.032341118957111890e-10
2.407001136087787074e+01 2.006774826414211592e-10
2.409219531192563579e+01 1.981456394108656299e-10
2.411439970865067650e+01 1.956384985119877906e-10
2.413662456989658267e+01 1.931559729829992447e-10
2.415886991452435595e+01 1.906979726769918233e-10
2.418113576141232812e+01 1.882643994167987501e-10
2.420342212945627480e+01 1.858551359413138121e-10
2.422572903756937990e+01 1.834700597683703483e-10
2.424805650468222140e+01 1.811090467964390789e-10
2.427040454974288508e+01 1.787719713548843682e-10
2.429277319171685789e+01 1.764587062537614279e-10
2.431516244958714523e+01 1.741691228331319719e-10
2.433757234235425315e+01 1.719030910119045020e-10
2.436000288903615640e+01 1.696604793362072085e-10
2.438245410866841567e+01 1.674411550272453843e-10
2.440492602030407809e+01 1.652449840286854063e-10
2.442741864301379096e+01 1.630718310535282687e-10
2.444993199588577681e+01 1.609215596304793378e-10
2.447246609802581219e+01 1.587940321498178955e-10
2.449502096855733768e+01 1.566891099087327627e-10
2.451759662662136208e+01 1.546066531561684651e-10
2.454019309137657956e+01 1.525465211371207292e-10
2.456281038199933775e+01 1.505085721364216594e-10
2.458544851768361994e+01 1.484926635219999398e-10
2.460810751764115167e+01 1.464986517875976306e-10
2.463078740110131193e+01 1.445263925949621429e-10
2.465348818731123970e+01 1.425757408154864081e-10
2.467620989553581978e+01 1.406465505713318000e-10
2.469895254505765081e+01 1.387386752759865058e-10
2.472171615517714827e+01 1.368519676742952005e-10
2.474450074521246989e+01 1.349862798819358280e-10
2.476730633449961516e+01 1.331414634243485298e-10
2.479013294239240750e+01 1.313173692751200311e-10
2.481298058826246233e+01 1.295138478938193472e-10
2.483584929149930787e+01 1.277307492632774176e-10
2.485873907151028561e+01 1.259679229263246017e-10
2.488164994772066407e+01 1.242252180219613990e-10
2.490458193957361743e+01 1.225024833209950968e-10
2.492753506653019357e+01 1.207995672611164411e-10
2.495050934806943843e+01 1.191163179814234156e-10
2.497350480368828940e+01 1.174525833563978663e-10
2.499652145290169969e+01 1.158082110293235074e-10
2.501955931524259924e+01 1.141830484451647098e-10
2.504261841026189117e+01 1.125769428828915559e-10
2.506569875752854770e+01 1.109897414872511100e-10
2.508880037662951423e+01 1.094212913000042402e-10
2.511192328716984079e+01 1.078714392905975142e-10
2.513506750877264295e+01 1.063400323863159097e-10
2.515823306107907342e+01 1.048269175018692173e-10
2.518141996374843927e+01 1.033319415684572410e-10
2.520462823645815575e+01 1.018549515622807107e-10
2.522785789890374275e+01 1.003957945325267152e-10
2.525110897079892069e+01 9.895431762881455491e-11
2.527438147187552531e+01 9.753036812811217324e-11
2.529767542188362128e+01 9.612379346112080102e-11
2.532099084059147032e+01 9.473444123813514292e-11
2.534432774778552044e+01 9.336215927437927333e-11
2.536768616327050552e+01 9.200679561482081393e-11
2.539106610686935284e+01 9.066819855846829151e-11
2.541446759842331460e+01 8.934621668215002142e-11
2.543789065779191105e+01 8.804069886378894088e-11
2.546133530485294472e+01 8.675149430516126856e-11
2.548480155950257497e+01 8.547845255415513361e-11
2.550828944165525414e+01 8.422142352652680862e-11
2.553179897124382691e+01 8.298025752715683453e-11
2.555533016821950909e+01 8.175480527081722994e-11
2.557888305255186268e+01 8.054491790244701924e-11
2.560245764422890957e+01 7.935044701693548472e-11
2.562605396325703921e+01 7.817124467843609726e-11
2.564967202966112225e+01 7.700716343918690437e-11
2.567331186348447858e+01 7.585805635787136781e-11
2.569697348478887022e+01 7.472377701750125878e-11
2.572065691365459372e+01 7.360417954283454839e-11
2.574436217018040551e+01 7.249911861733736653e-11
2.576808927448362496e+01 7.140844949968166677e-11
2.579183824670010239e+01 7.033202803979899264e-11
2.581560910698422262e+01 6.926971069448283587e-11
2.583940187550898671e+01 6.822135454254341238e-11
2.586321657246594441e+01 6.718681729953680221e-11
2.588705321806527948e+01 6.616595733204414185e-11
2.591091183253582031e+01 6.515863367153709713e-11
2.593479243612498664e+01 6.416470602780911795e-11
2.595869504909892100e+01 6.318403480199143537e-11
2.598261969174237862e+01 6.221648109915687727e-11
2.600656638435886592e+01 6.126190674050616454e-11
2.603053514727058726e+01 6.032017427515999108e-11
2.605452600081844494e+01 5.939114699154534588e-11
2.607853896536214222e+01 5.847468892838507278e-11
2.610257406128008739e+01 5.757066488530746991e-11
2.612663130896951813e+01 5.667894043305902993e-11
2.615071072884646597e+01 5.579938192334631891e-11
2.617481234134573853e+01 5.493185649830254799e-11
2.619893616692102967e+01 5.407623209957757091e-11
2.622308222604483419e+01 5.323237747707630408e-11
2.624725053920855800e+01 5.240016219732322860e-11
2.627144112692248257e+01 5.157945665148533780e-11
2.629565400971576139e+01 5.077013206304033418e-11
2.631988920813651944e+01 4.997206049509889036e-11
2.634414674275176438e+01 4.918511485739464834e-11
2.636842663414750021e+01 4.840916891293502307e-11
2.639272890292870954e+01 4.764409728432443602e-11
2.641705356971931451e+01 4.688977545977011815e-11
2.644140065516230820e+01 4.614607979875781614e-11
2.646577017991964809e+01 4.541288753742838240e-11
2.649016216467238394e+01 4.469007679363602327e-11
2.651457663012061516e+01 4.397752657170494942e-11
2.653901359698349083e+01 4.327511676689653890e-11
2.656347308599928070e+01 4.258272816957020430e-11
2.658795511792538591e+01 4.190024246906933211e-11
2.661245971353828210e+01 4.122754225731588011e-11
2.663698689363366157e+01 4.056451103213077729e-11
2.666153667902631241e+01 3.991103320028271125e-11
2.668610909055026426e+01 3.926699408026403001e-11
2.671070414905873491e+01 3.863227990481011443e-11
2.673532187542412686e+01 3.800677782315818876e-11
2.675996229053813735e+01 3.739037590304914942e-11
2.678462541531165186e+01 3.678296313249094601e-11
2.680931127067488262e+01 3.618442942126618265e-11
2.683401987757732243e+01 3.559466560221242553e-11
2.685875125698773758e+01 3.501356343226194952e-11
2.688350542989427083e+01 3.444101559325457241e-11
2.690828241730435622e+01 3.387691569252680782e-11
2.693308224024482556e+01 3.332115826328074255e-11
2.695790491976189429e+01 3.277363876473668363e-11
2.698275047692113304e+01 3.223425358207917843e-11
2.700761893280758486e+01 3.170290002619170933e-11
2.703251030852566217e+01 3.117947633319702690e-11
2.705742462519928182e+01 3.066388166379383503e-11
2.708236190397181531e+01 3.015601610240516975e-11
2.710732216600609235e+01 2.965578065614005491e-11
2.713230543248449322e+01 2.916307725356649604e-11
2.715731172460886711e+01 2.867780874331161290e-11
2.718234106360065638e+01 2.819987889248243534e-11
2.720739347070084335e+01 2.772919238491662960e-11
2.723246896716995735e+01 2.726565481927084187e-11
2.725756757428817778e+01 2.680917270694125996e-11
2.728268931335523462e+01 2.635965346982901395e-11
2.730783420569053632e+01 2.591700543795273259e-11
2.733300227263314142e+01 2.548113784690744450e-11
2.735819353554172650e+01 2.505196083518258717e-11
2.738340801579471062e+01 2.462938544133308157e-11
2.740864573479016997e+01 2.421332360101469426e-11
2.743390671394593028e+01 2.380368814388628796e-11
2.745919097469956682e+01 2.340039279037791060e-11
2.748449853850836178e+01 2.300335214833774759e-11
2.750982942684944277e+01 2.261248170955006954e-11
2.753518366121966210e+01 2.222769784613811451e-11
2.756056126313573174e+01 2.184891780685036057e-11
2.758596225413419845e+01 2.147605971323272482e-11
2.761138665577140827e+01 2.110904255569599816e-11
2.763683448962363443e+01 2.074778618947470611e-11
2.766230577728698137e+01 2.039221133048529269e-11
2.768780054037749494e+01 2.004223955108781821e-11
2.771331880053114816e+01 1.969779327574970078e-11
2.773886057940381278e+01 1.935879577662100445e-11
2.776442589867136945e+01 1.902517116901821399e-11
2.779001478002962244e+01 1.869684440682591203e-11
2.781562724519442042e+01 1.837374127781338581e-11
2.784126331590162096e+01 1.805578839887429325e-11
2.786692301390706916e+01 1.774291321119019606e-11
2.789260636098670787e+01 1.743504397532015390e-11
2.791831337893654919e+01 1.713210976622077073e-11
2.794404408957265318e+01 1.683404046820059021e-11
2.796979851473123446e+01 1.654076676980708872e-11
2.799557667626858404e+01 1.625222015865613742e-11
2.802137859606118298e+01 1.596833291619940630e-11
2.804720429600565978e+01 1.568903811243797244e-11
2.807305379801879397e+01 1.541426960058189660e-11
2.809892712403761905e+01 1.514396201165879889e-11
2.812482429601932665e+01 1.487805074907507842e-11
2.815074533594138728e+01 1.461647198313159916e-11
2.817669026580153613e+01 1.435916264549467587e-11
2.820265910761772332e+01 1.410606042362943768e-11
2.822865188342826670e+01 1.385710375519161629e-11
2.825466861529172391e+01 1.361223182238578644e-11
2.828070932528703096e+01 1.337138454628901344e-11
2.830677403551347737e+01 1.313450258114310983e-11
2.833286276809066706e+01 1.290152730861819115e-11
2.835897554515866048e+01 1.267240083204856319e-11
2.838511238887785382e+01 1.244706597064504260e-11
2.841127332142912110e+01 1.222546625368219719e-11
2.843745836501376800e+01 1.200754591466746092e-11
2.846366754185352477e+01 1.179324988548945310e-11
2.848990087419066697e+01 1.158252379055085412e-11
2.851615838428789473e+01 1.137531394088527884e-11
2.854244009442848196e+01 1.117156732826209125e-11
2.856874602691624432e+01 1.097123161927859165e-11
2.859507620407549311e+01 1.077425514944500644e-11
2.862143064825118799e+01 1.058058691725949676e-11
2.864780938180881975e+01 1.039017657827861609e-11
2.867421242713453111e+01 1.020297443918246702e-11
2.870063980663510605e+01 1.001893145183789680e-11
2.872709154273793075e+01 9.837999207360854318e-12
2.875356765789111435e+01 9.660129930177751901e-12
2.878006817456340372e+01 9.485276472090504210e-12
2.880659311524430066e+01 9.313392306343168163e-12
2.883314250244402643e+01 9.144431521695447495e-12
2.885971635869351104e+01 8.978348816500501238e-12
2.888631470654449984e+01 8.815099492791828574e-12
2.891293756856947894e+01 8.654639450378186382e-12
2.893958496736176400e+01 8.496925180949001647e-12
2.896625692553550735e+01 8.341913762191525948e-12
2.899295346572565535e+01 8.189562851920273258e-12
2.901967461058807274e+01 8.039830682220196700e-12
2.904642038279945027e+01 7.892676053606135877e-12
2.907319080505741837e+01 7.748058329196226106e-12
2.909998590008052588e+01 7.605937428904967735e-12
2.912680569060822222e+01 7.466273823652688823e-12
2.915365019940096403e+01 7.329028529595430448e-12
2.918051944924013341e+01 7.194163102375022831e-12
2.920741346292815521e+01 7.061639631389554192e-12
2.923433226328845791e+01 6.931420734087414266e-12
2.926127587316547363e+01 6.803469550283437427e-12
2.928824431542474116e+01 6.677749736499405642e-12
2.931523761295281716e+01 6.554225460329650374e-12
2.934225578865738981e+01 6.432861394831388313e-12
2.936929886546726820e+01 6.313622712942654579e-12
2.939636686633234319e+01 6.196475081926651568e-12
2.942345981422370826e+01 6.081384657844382699e-12
2.945057773213362040e+01 5.968318080055425645e-12
2.947772064307548590e+01 5.857242465749256322e-12
2.950488857008398114e+01 5.748125404504457903e-12
2.953208153621494958e+01 5.640934952880964562e-12
2.955929956454553675e+01 5.535639629041280763e-12
2.958654267817415118e+01 5.432208407405215909e-12
2.961381090022044305e+01 5.330610713335949262e-12
2.964110425382543212e+01 5.230816417859086770e-12
2.966842276215140828e+01 5.132795832415831826e-12
2.969576644838205226e+01 5.036519703648656785e-12
2.972313533572241440e+01 4.941959208222788020e-12
2.975052944739887906e+01 4.849085947681503594e-12
2.977794880665930677e+01 4.757871943336814714e-12
2.980539343677292052e+01 4.668289631196044724e-12
2.983286336103042657e+01 4.580311856923988984e-12
2.986035860274401088e+01 4.493911870841689607e-12
2.988787918524729292e+01 4.409063322961756387e-12
2.991542513189545005e+01 4.325740258060621671e-12
2.994299646606513932e+01 4.243917110788377827e-12
2.997059321115460051e+01 4.163568700815624576e-12
2.999821539058363129e+01 4.084670228018868277e-12
3.002586302779358363e+01 4.007197267703561967e-12
3.005353614624746328e+01 3.931125765865369387e-12
3.008123476942984098e+01 3.856432034490476130e-12
3.010895892084698389e+01 3.783092746893931712e-12
3.013670862402681294e+01 3.711084933097488708e-12
3.016448390251890288e+01 3.640385975246400969e-12
3.019228477989457815e+01 3.570973603064888486e-12
3.022011127974683475e+01 3.502825889351970936e-12
3.024796342569045748e+01 3.435921245515602352e-12
3.027584124136199861e+01 3.370238417147380459e-12
3.030374475041973881e+01 3.305756479636433188e-12
3.033167397654383990e+01 3.242454833822827705e-12
3.035962894343620988e+01 3.180313201691494724e-12
3.038760967482066278e+01 3.119311622105290022e-12
3.041561619444286535e+01 3.059430446814317311e-12
3.044364852607033356e+01 3.000650578766430070e-12
3.047170669349254624e+01 2.942953895542398729e-12
3.049979072052083851e+01 2.886322625603061988e-12
3.052790063098855100e+01 2.830739216610937054e-12
3.055603644875097658e+01 2.776186335007229038e-12
3.058419819768535675e+01 2.722646865505304404e-12
3.061238590169100249e+01 2.670103910503142723e-12
3.064059958468917699e+01 2.618540789419190609e-12
3.066883927062325554e+01 2.567941037952679290e-12
3.069710498345866156e+01 2.518288407273247717e-12
3.072539674718287728e+01 2.469566863141397941e-12
3.075371458580553607e+01 2.421760584962777667e-12
3.078205852335835857e+01 2.374853964779802249e-12
3.081042858389524142e+01 2.328831606202240621e-12
3.083882479149226086e+01 2.283678323279974106e-12
3.086724717024763365e+01 2.239379139320804265e-12
3.089569574428184850e+01 2.195919285654718169e-12
3.092417053773756308e+01 2.153284200348364500e-12
3.095267157477973541e+01 2.111459526871256322e-12
3.098119887959558483e+01 2.070431112716236574e-12
3.100975247639458843e+01 2.030185007977010140e-12
3.103833238940857697e+01 1.990707463883875039e-12
3.106693864289171003e+01 1.951984931301151658e-12
3.109557126112046532e+01 1.914004059187421593e-12
3.112423026839374174e+01 1.876751693021018836e-12
3.115291568903278829e+01 1.840214873192984247e-12
3.118162754738130005e+01 1.804380833369013684e-12
3.121036586780541455e+01 1.769236998822646053e-12
3.123913067469368698e+01 1.734770984741654623e-12
3.126792199245720383e+01 1.700970594508764244e-12
3.129673984552948696e+01 1.667823817959561715e-12
3.132558425836662508e+01 1.635318829618153471e-12
3.135445525544725243e+01 1.603443986913071897e-12
3.138335286127250967e+01 1.572187828374821719e-12
3.141227710036618603e+01 1.541539071816271471e-12
3.144122799727460560e+01 1.511486612497955998e-12
3.147020557656676942e+01 1.482019521279445516e-12
3.149920986283431290e+01 1.453127042758190048e-12
3.152824088069149866e+01 1.424798593397548704e-12
3.155729865477533380e+01 1.397023759644767597e-12
3.158638320974546687e+01 1.369792296040909901e-12
3.161549457028432286e+01 1.343094123323375018e-12
3.164463276109707479e+01 1.316919326522530750e-12
3.167379780691161884e+01 1.291258153053749919e-12
3.170298973247870578e+01 1.266101010805519108e-12
3.173220856257182731e+01 1.241438466225273653e-12
3.176145432198736529e+01 1.217261242403580907e-12
3.179072703554454904e+01 1.193560217157876584e-12
3.182002672808543409e+01 1.170326421116829572e-12
3.184935342447503714e+01 1.147551035805959637e-12
3.187870714960122598e+01 1.125225391735750796e-12
3.190808792837485441e+01 1.103340966492974060e-12
3.193749578572974102e+01 1.081889382835976445e-12
3.196693074662262646e+01 1.060862406795036254e-12
3.199639283603332274e+01 1.040251945778122913e-12
3.202588207896459949e+01 1.020050046683169028e-12
3.205539850044232253e+01 1.000248894017472033e-12
3.208494212551541125e+01 9.808408080246886906e-13
3.211451297925582793e+01 9.618182428204531928e-13
3.214411108675871276e+01 9.431737845368119288e-13
3.217373647314227014e+01 9.249001494764717284e-13
3.220338916354788239e+01 9.069901822770728255e-13
3.223306918314013814e+01 8.894368540862359700e-13
3.226277655710673997e+01 8.722332607479109756e-13
3.229251131065868208e+01 8.553726210003037766e-13
3.232227346903012943e+01 8.388482746860237863e-13
3.235206305747854572e+01 8.226536809748765557e-13
3.238188010128469330e+01 8.067824165995754760e-13
3.241172462575255508e+01 7.912281741049832149e-13
3.244159665620951927e+01 7.759847601109545790e-13
3.247149621800625141e+01 7.610460935894434961e-13
3.250142333651682236e+01 7.464062041559061265e-13
3.253137803713870113e+01 7.320592303755093146e-13
3.256136034529270518e+01 7.179994180844103498e-13
3.259137028642314249e+01 7.042211187261680116e-13
3.262140788599771923e+01 6.907187877038005776e-13
3.265147316950765344e+01 6.774869827474993751e-13
3.268156616246765367e+01 6.645203622984012688e-13
3.271168689041591193e+01 6.518136839084150357e-13
3.274183537891418183e+01 6.393618026564443345e-13
3.277201165354779988e+01 6.271596695810252415e-13
3.280221573992562156e+01 6.152023301296667366e-13
3.283244766368016343e+01 6.034849226248844447e-13
3.286270745046751784e+01 5.920026767471785549e-13
3.289299512596745245e+01 5.807509120348572635e-13
3.292331071588342439e+01 5.697250364010833868e-13
3.295365424594251635e+01 5.589205446679665285e-13
3.298402574189558578e+01 5.483330171178558979e-13
3.301442522951717251e+01 5.379581180618888112e-13
3.304485273460559824e+01 5.277915944258604069e-13
3.307530828298298786e+01 5.178292743533686322e-13
3.310579190049518417e+01 5.080670658263438566e-13
3.313630361301195393e+01 4.985009553028294211e-13
3.316684344642681026e+01 4.891270063722406190e-13
3.319741142665719025e+01 4.799413584278040329e-13
3.322800757964441942e+01 4.709402253564195641e-13
3.325863193135368334e+01 4.621198942457275570e-13
3.328928450777416259e+01 4.534767241084525079e-13
3.331996533491892620e+01 4.450071446239204634e-13
3.335067443882505955e+01 4.367076548967239595e-13
3.338141184555365015e+01 4.285748222324616458e-13
3.341217758118975922e+01 4.206052809304954445e-13
3.344297167184255670e+01 4.127957310936313881e-13
3.347379414364520045e+01 4.051429374546745593e-13
3.350464502275497836e+01 3.976437282197306497e-13
3.353552433535330835e+01 3.902949939282036542e-13
3.356643210764566732e+01 3.830936863293706998e-13
3.359736836586176167e+01 3.760368172754080961e-13
3.362833313625540654e+01 3.691214576308280142e-13
3.365932644510465366e+01 3.623447361981392457e-13
3.369034831871177715e+01 3.557038386596533318e-13
3.372139878340325936e+01 3.491960065353151952e-13
3.375247786552988316e+01 3.428185361564368562e-13
3.378358559146667517e+01 3.365687776551875141e-13
3.381472198761300518e+01 3.304441339696976731e-13
3.384588708039258620e+01 3.244420598647074382e-13
3.387708089625342467e+01 3.185600609675629388e-13
3.390830346166797682e+01 3.127956928193859430e-13
3.393955480313302076e+01 3.071465599414174698e-13
3.397083494716981988e+01 3.016103149161985506e-13
3.400214392032405897e+01 2.961846574836044955e-13
3.403348174916586544e+01 2.908673336514994167e-13
3.406484846028989466e+01 2.856561348208427837e-13
3.409624408031526599e+01 2.805488969251920215e-13
3.412766863588567645e+01 2.755434995843205943e-13
3.415912215366937943e+01 2.706378652719050770e-13
3.419060466035914203e+01 2.658299584970609375e-13
3.422211618267242272e+01 2.611177849995684017e-13
3.425365674735122212e+01 2.564993909586973205e-13
3.428522638116224641e+01 2.519728622153557837e-13
3.431682511089686471e+01 2.475363235075277470e-13
3.434845296337109488e+01 2.431879377187388532e-13
3.438010996542570297e+01 2.389259051394530099e-13
3.441179614392621744e+01 2.347484627412003488e-13
3.444351152576285102e+01 2.306538834633011606e-13
3.447525613785069254e+01 2.266404755119892847e-13
3.450703000712955060e+01 2.227065816718348874e-13
3.453883316056412411e+01 2.188505786292209852e-13
3.457066562514395258e+01 2.150708763077897258e-13
3.460252742788340896e+01 2.113659172156566827e-13
3.463441859582182758e+01 2.077341758042251149e-13
3.466633915602340466e+01 2.041741578384763232e-13
3.469828913557731198e+01 2.006843997785471545e-13
3.473026856159770404e+01 1.972634681724290563e-13
3.476227746122366824e+01 1.939099590596758934e-13
3.479431586161936707e+01 1.906224973858895988e-13
3.482638378997395279e+01 1.873997364279129772e-13
3.485848127350165271e+01 1.842403572294921184e-13
3.489060833944180473e+01 1.811430680473016918e-13
3.492276501505878628e+01 1.781066038071858763e-13
3.495495132764217772e+01 1.751297255704031060e-13
3.498716730450664159e+01 1.722112200098064248e-13
3.501941297299205758e+01 1.693498988957265022e-13
3.505168836046351544e+01 1.665445985914633275e-13
3.508399349431125813e+01 1.637941795582246973e-13
3.511632840195086658e+01 1.610975258693366075e-13
3.514869311082309622e+01 1.584535447336274036e-13
3.518108764839405467e+01 1.558611660277907330e-13
3.521351204215515907e+01 1.533193418376224887e-13
3.524596631962312898e+01 1.508270460079733907e-13
3.527845050834007878e+01 1.483832737012683702e-13
3.531096463587348211e+01 1.459870409644643666e-13
3.534350872981622871e+01 1.436373843043173172e-13
3.537608281778667418e+01 1.413333602707891305e-13
3.540868692742856183e+01 1.390740450485089172e-13
3.544132108641116474e+01 1.368585340560934714e-13
3.547398532242922187e+01 1.346859415532563470e-13
3.550667966320302327e+01 1.325554002555282160e-13
3.553940413647841723e+01 1.304660609564804190e-13
3.557215877002677473e+01 1.284170921573328328e-13
3.560494359164512446e+01 1.264076797037809653e-13
3.563775862915603909e+01 1.244370264299782321e-13
3.567060391040780587e+01 1.225043518094865140e-13
3.570347946327435551e+01 1.206088916131158293e-13
3.573638531565527643e+01 1.187498975735270065e-13
3.576932149547592132e+01 1.169266370564559159e-13
3.580228803068732901e+01 1.151383927384715643e-13
3.583528494926633812e+01 1.133844622911343394e-13
3.586831227921557286e+01 1.116641580714454882e-13
3.590137004856342173e+01 1.099768068184826033e-13
3.593445828536416542e+01 1.083217493560918947e-13
3.596757701769788440e+01 1.066983403015520126e-13
3.600072627367057265e+01 1.051059477800822691e-13
3.603390608141413765e+01 1.035439531450962162e-13
3.606711646908637192e+01 1.020117507041094503e-13
3.610035746487107389e+01 1.005087474501613526e-13
3.613362909697794834e+01 9.903436279870379949e-14
3.616693139364276277e+01 9.758802832979716548e-14
3.620026438312729766e+01 9.616918753556485982e-14
3.623362809371933224e+01 9.477729557278693242e-14
3.626702255373277239e+01 9.341181902052478219e-14
3.630044779150762224e+01 9.207223564271945027e-14
3.633390383540993440e+01 9.075803415563413782e-14
3.636739071383199473e+01 8.946871400006798163e-14
3.640090845519217311e+01 8.820378511825045080e-14
3.643445708793509397e+01 8.696276773532982950e-14
3.646803664053160077e+01 8.574519214535288045e-14
3.650164714147869915e+01 8.455059850168092336e-14
3.653528861929976301e+01 8.337853661172157572e-14
3.656896110254436394e+01 8.222856573592831941e-14
3.660266461978843466e+01 8.110025439095817213e-14
3.663639919963426195e+01 7.999318015692598289e-14
3.667016487071042974e+01 7.890692948867481206e-14
3.670396166167197549e+01 7.784109753096778316e-14
3.673778960120029069e+01 7.679528793755800013e-14
3.677164871800322743e+01 7.576911269402511761e-14
3.680553904081512684e+01 7.476219194433200259e-14
3.683946059839673381e+01 7.377415382102478477e-14
3.687341341953538176e+01 7.280463427899013963e-14
3.690739753304487891e+01 7.185327693272066736e-14
3.694141296776562200e+01 7.091973289700688171e-14
3.697545975256458917e+01 7.000366063099656201e-14
3.700953791633531864e+01 6.910472578554763102e-14
3.704364748799805795e+01 6.822260105381552661e-14
3.707778849649961472e+01 6.735696602501501278e-14
3.711196097081354850e+01 6.650750704128252964e-14
3.714616493994011392e+01 6.567391705758753494e-14
3.718040043290623231e+01 6.485589550463593816e-14
3.721466747876566217e+01 6.405314815468973259e-14
3.724896610659886420e+01 6.326538699026440455e-14
3.728329634551315763e+01 6.249233007563841086e-14
3.731765822464267046e+01 6.173370143111573037e-14
3.735205177314835367e+01 6.098923090999533178e-14
3.738647702021808072e+01 6.025865407818607702e-14
3.742093399506658358e+01 5.954171209642203828e-14
3.745542272693553798e+01 5.883815160501746765e-14
3.748994324509360609e+01 5.814772461112013327e-14
3.752449557883634412e+01 5.747018837840920306e-14
3.755907975748639416e+01 5.680530531918617257e-14
3.759369581039334918e+01 5.615284288881786691e-14
3.762834376693390226e+01 5.551257348247943919e-14
3.766302365651181816e+01 5.488427433415394661e-14
3.769773550855791910e+01 5.426772741784331822e-14
3.773247935253021978e+01 5.366271935094520026e-14
3.776725521791380658e+01 5.306904129975884243e-14
3.780206313422099385e+01 5.248648888706525288e-14
3.783690313099130975e+01 5.191486210175507202e-14
3.787177523779143939e+01 5.135396521045485188e-14
3.790667948421539535e+01 5.080360667111198879e-14
3.794161589988439687e+01 5.026359904850315763e-14
3.797658451444699779e+01 4.973375893162828777e-14
3.801158535757910784e+01 4.921390685294745689e-14
3.804661845898390737e+01 4.870386720943237950e-14
3.808168384839204634e+01 4.820346818538881243e-14
3.811678155556148795e+01 4.771254167702298028e-14
3.815191161027767208e+01 4.723092321870837490e-14
3.818707404235350822e+01 4.675845191093085942e-14
3.822226888162931147e+01 4.629497034986997728e-14
3.825749615797295888e+01 4.584032455858822467e-14
3.829275590127986817e+01 4.539436388062316186e-14
3.832804814147293371e+01 4.495692609209805578e-14
3.836337290850271842e+01 4.452781588859527320e-14
3.839873023234729743e+01 4.410683744066559893e-14
3.843412014301244994e+01 4.369380007893061870e-14
3.846954267053159526e+01 4.328851813539375551e-14
3.850499784496578570e+01 4.289081079008699710e-14
3.854048569640385580e+01 4.250050192286597575e-14
3.857600625496228020e+01 4.211741997016394143e-14
3.861155955078536550e+01 4.174139778652078559e-14
3.864714561404518633e+01 4.137227251072065363e-14
3.868276447494158532e+01 4.100988543636556823e-14
3.871841616370228678e+01 4.065408188673238448e-14
3.875410071058283279e+01 4.030471109375094360e-14
3.878981814586668264e+01 3.996162608096360148e-14
3.882556849986521286e+01 3.962468355032294403e-14
3.886135180291767455e+01 3.929374377268671697e-14
3.889716808539137105e+01 3.896867048188473043e-14
3.893301737768150872e+01 3.864933077222902144e-14
3.896889971021135324e+01 3.833559499934689424e-14
3.900481511343222962e+01 3.802733668421920339e-14
3.904076361782345828e+01 3.772443242031495379e-14
3.907674525389252551e+01 3.742676178370989022e-14
3.911276005217497698e+01 3.713420724609075253e-14
3.914880804323453134e+01 3.684665409054019632e-14
3.918488925766310160e+01 3.656399033001145771e-14
3.922100372608070984e+01 3.628610662839708324e-14
3.925715147913570746e+01 3.601289622410228674e-14
3.929333254750459048e+01 3.574425485604362441e-14
3.932954696189220556e+01 3.548008069198147377e-14
3.936579475303167186e+01 3.522027425911391190e-14
3.940207595168440236e+01 3.496473837685547318e-14
3.943839058864023173e+01 3.471337809172211530e-14
3.947473869471728136e+01 3.446610061425862811e-14
3.951112030076214410e+01 3.422281525793423153e-14
3.954753543764984158e+01 3.398343337994705902e-14
3.958398413628379586e+01 3.374786832386754537e-14
3.962046642759598569e+01 3.351603536406584536e-14
3.965698234254681864e+01 3.328785165186159462e-14
3.969353191212528742e+01 3.306323616333992774e-14
3.973011516734896986e+01 3.284210964877970710e-14
3.976673213926394368e+01 3.262439458364331776e-14
3.980338285894500672e+01 3.241001512107299728e-14
3.984006735749548511e+01 3.219889704585092532e-14
3.987678566604746067e+01 3.199096772977007433e-14
3.991353781576169268e+01 3.178615608837693969e-14
3.995032383782759666e+01 3.158439253903761888e-14
3.998714376346342902e+01 3.138560896028563174e-14
4.002399762391612370e+01 3.118973865241578761e-14
4.006088545046147686e+01 3.099671629927903319e-14
4.009780727440411141e+01 3.080647793124248589e-14
4.013476312707744142e+01 3.061896088928268790e-14
4.017175303984384271e+01 3.043410379016877577e-14
4.020877704409451070e+01 3.025184649270990538e-14
4.024583517124963095e+01 3.007213006502799411e-14
4.028292745275835074e+01 2.989489675283028431e-14
4.032005392009874356e+01 2.972008994864534570e-14
4.035721460477795830e+01 2.954765416199582170e-14
4.039440953833216952e+01 2.937753499048381847e-14
4.043163875232656324e+01 2.920967909175307804e-14
4.046890227835550036e+01 2.904403415630778502e-14
4.050620014804238167e+01 2.888054888116308517e-14
4.054353239303980416e+01 2.871917294429723801e-14
4.058089904502954681e+01 2.855985697988750602e-14
4.061830013572252085e+01 2.840255255430384873e-14
4.065573569685895450e+01 2.824721214283806885e-14
4.069320576020822955e+01 2.809378910715021894e-14
4.073071035756908742e+01 2.794223767340638802e-14
4.076824952076957231e+01 2.779251291109250720e-14
4.080582328166698858e+01 2.764457071248417835e-14
4.084343167214809966e+01 2.749836777274976242e-14
4.088107472412896470e+01 2.735386157067636504e-14
4.091875246955512324e+01 2.721101034999210618e-14
4.095646494040156682e+01 2.706977310127649203e-14
4.099421216867268214e+01 2.693010954443650736e-14
4.103199418640242868e+01 2.679198011173606545e-14
4.106981102565422503e+01 2.665534593136025522e-14
4.110766271852109099e+01 2.652016881150538938e-14
4.114554929712563336e+01 2.638641122497306210e-14
4.118347079361999619e+01 2.625403629426138165e-14
4.122142724018603843e+01 2.612300777713475746e-14
4.125941866903519184e+01 2.599329005266260827e-14
4.129744511240865990e+01 2.586484810771318626e-14
4.133550660257732545e+01 2.573764752388921372e-14
4.137360317184178626e+01 2.561165446489752573e-14
4.141173485253247577e+01 2.548683566433485595e-14
4.144990167700953521e+01 2.536315841388579277e-14
4.148810367766301255e+01 2.524059055191671832e-14
4.152634088691278436e+01 2.511910045245762731e-14
4.156461333720856288e+01 2.499865701456204689e-14
4.160292106103003817e+01 2.487922965203424059e-14
4.164126409088676439e+01 2.476078828351443537e-14
4.167964245931830902e+01 2.464330332291288596e-14
4.171805619889423156e+01 2.452674567018395725e-14
4.175650534221404797e+01 2.441108670243129163e-14
4.179498992190740836e+01 2.429629826533542160e-14
4.183350997063394772e+01 2.418235266489509343e-14
4.187206552108346358e+01 2.406922265947663790e-14
4.191065660597587339e+01 2.395688145215915433e-14
4.194928325806120029e+01 2.384530268337226428e-14
4.198794551011973653e+01 2.373446042381631524e-14
4.202664339496189427e+01 2.362432916765912744e-14
4.206537694542838324e+01 2.351488382600052738e-14
4.210414619439020356e+01 2.340609972059986235e-14
4.214295117474855346e+01 2.329795257785836431e-14
4.218179191943507078e+01 2.319041852304960741e-14
4.222066846141164120e+01 2.308347407479252763e-14
4.225958083367059714e+01 2.297709613976015086e-14
4.229852906923468225e+01 2.287126200761753559e-14
4.233751320115700167e+01 2.276594934618351224e-14
4.237653326252122810e+01 2.266113619680981372e-14
4.241558928644141702e+01 2.255680096997217279e-14
4.245468130606221990e+01 2.245292244106641290e-14
4.249380935455883446e+01 2.234947974640659470e-14
4.253297346513697619e+01 2.224645237941637032e-14
4.257217367103301342e+01 2.214382018701041846e-14
4.261141000551396019e+01 2.204156336615998066e-14
4.265068250187741938e+01 2.193966246063773406e-14
4.268999119345176751e+01 2.183809835793501765e-14
4.272933611359601969e+01 2.173685228634822814e-14
4.276871729569999303e+01 2.163590581222958926e-14
4.280813477318427829e+01 2.153524083739499265e-14
4.284758857950021138e+01 2.143483959668640506e-14
4.288707874813003684e+01 2.133468465568287799e-14
4.292660531258677281e+01 2.123475890855568852e-14
4.296616830641438867e+01 2.113504557606233547e-14
4.300576776318776950e+01 2.103552820367547176e-14
4.304540371651268771e+01 2.093619065984225443e-14
4.308507620002596639e+01 2.083701713436803174e-14
4.312478524739534436e+01 2.073799213692156850e-14
4.316453089231965379e+01 2.063910049565642650e-14
4.320431316852878467e+01 2.054032735594441669e-14
4.324413210978365640e+01 2.044165817921514382e-14
4.328398774987638120e+01 2.034307874190075981e-14
4.332388012263012911e+01 2.024457513447728320e-14
4.336380926189932694e+01 2.014613376060069861e-14
4.340377520156957303e+01 2.004774133633313469e-14
4.344377797555765142e+01 1.994938488945489540e-14
4.348381761781169530e+01 1.985105175885678146e-14
4.352389416231101649e+01 1.975272959401002007e-14
4.356400764306632567e+01 1.965440635450861507e-14
4.360415809411968269e+01 1.955607030968047014e-14
4.364434554954444678e+01 1.945771003826285136e-14
4.368457004344547556e+01 1.935931442813705232e-14
4.372483160995896156e+01 1.926087267612017898e-14
4.376513028325263122e+01 1.916237428780733649e-14
4.380546609752570930e+01 1.906380907746221417e-14
4.384583908700885502e+01 1.896516716795113042e-14
4.388624928596438224e+01 1.886643899071522383e-14
4.392669672868608188e+01 1.876761528577913693e-14
4.396718144949942086e+01 1.866868710178997645e-14
4.400770348276150656e+01 1.856964579608292447e-14
4.404826286286104420e+01 1.847048303477096347e-14
4.408885962421852156e+01 1.837119079285159658e-14
4.412949380128605270e+01 1.827176135433016861e-14
4.417016542854757688e+01 1.817218731235244520e-14
4.421087454051881593e+01 1.807246156934460088e-14
4.425162117174723875e+01 1.797257733715608499e-14
4.429240535681223889e+01 1.787252813720070152e-14
4.433322713032499962e+01 1.777230780059258034e-14
4.437408652692865019e+01 1.767191046827364137e-14
4.441498358129826585e+01 1.757133059112695386e-14
4.445591832814081101e+01 1.747056293007398401e-14
4.449689080219531689e+01 1.736960255615050551e-14
4.453790103823276070e+01 1.726844485055837402e-14
4.457894907105622195e+01 1.716708550468795925e-14
4.462003493550083988e+01 1.706552052010932860e-14
4.466115866643382759e+01 1.696374620852687827e-14
4.470232029875457158e+01 1.686175919169379543e-14
4.474351986739463172e+01 1.675955640128463196e-14
4.478475740731769861e+01 1.665713507871854913e-14
4.482603295351977124e+01 1.655449277493451431e-14
4.486734654102902198e+01 1.645162735011029296e-14
4.490869820490596709e+01 1.634853697332433021e-14
4.495008798024343122e+01 1.624522012215697222e-14
4.499151590216651897e+01 1.614167558222640453e-14
4.503298200583280675e+01 1.603790244665721542e-14
4.507448632643217223e+01 1.593390011547726756e-14
4.511602889918699333e+01 1.582966829493994976e-14
4.515760975935211263e+01 1.572520699676949896e-14
4.519922894221480192e+01 1.562051653732454263e-14
4.524088648309494687e+01 1.551559753667870347e-14
4.528258241734488365e+01 1.541045091761364370e-14
4.532431678034960498e+01 1.530507790452244114e-14
4.536608960752671749e+01 1.519948002222071269e-14
4.540790093432640617e+01 1.509365909466213736e-14
4.544975079623160497e+01 1.498761724355575352e-14
4.549163922875786881e+01 1.488135688688333585e-14
4.553356626745356550e+01 1.477488073731239019e-14
4.557553194789979756e+01 1.466819180050458333e-14
4.561753630571041640e+01 1.456129337331625034e-14
4.565957937653217869e+01 1.445418904188821516e-14
4.570166119604459709e+01 1.434688267962398436e-14
4.574378179996015348e+01 1.423937844505286487e-14
4.578594122402423494e+01 1.413168077957819525e-14
4.582813950401509118e+01 1.402379440510647161e-14
4.587037667574406186e+01 1.391572432155680009e-14
4.591265277505538478e+01 1.380747580425033054e-14
4.595496783782640904e+01 1.369905440117548559e-14
4.599732189996754528e+01 1.359046593012992704e-14
4.603971499742223017e+01 1.348171647573730484e-14
4.608214716616712536e+01 1.337281238633709875e-14
4.612461844221195406e+01 1.326376027074795999e-14
4.616712886159969997e+01 1.315456699490193516e-14
4.620967846040657179e+01 1.304523967835032363e-14
4.625226727474193211e+01 1.293578569064084013e-14
4.629489534074854618e+01 1.282621264756291928e-14
4.633756269460238286e+01 1.271652840726565217e-14
4.638026937251282789e+01 1.260674106624261846e-14
4.642301541072262694e+01 1.249685895518892300e-14
4.646580084550787859e+01 1.238689063472646119e-14
4.650862571317818350e+01 1.227684489099985362e-14
4.655149005007653784e+01 1.216673073114388959e-14
4.659439389257948960e+01 1.205655737862030525e-14
4.663733727709711019e+01 1.194633426842868002e-14
4.668032024007297309e+01 1.183607104218894591e-14
4.672334281798431022e+01 1.172577754309786530e-14
4.676640504734190529e+01 1.161546381076164650e-14
4.680950696469024308e+01 1.150514007590402810e-14
4.685264860660749520e+01 1.139481675495285830e-14
4.689583000970547744e+01 1.128450444450712231e-14
4.693905121062983454e+01 1.117421391568414818e-14
4.698231224605989809e+01 1.106395610835211053e-14
4.702561315270887832e+01 1.095374212524698366e-14
4.706895396732382153e+01 1.084358322597825891e-14
4.711233472668556033e+01 1.073349082092527847e-14
4.715575546760889836e+01 1.062347646502643577e-14
4.719921622694258900e+01 1.051355185146460417e-14
4.724271704156925722e+01 1.040372880525176985e-14
4.728625794840561269e+01 1.029401927671451593e-14
4.732983898440230774e+01 1.018443533488705044e-14
4.737346018654411495e+01 1.007498916080996392e-14
4.741712159184989872e+01 9.965693040743624341e-15
4.746082323737255848e+01 9.856559359296444428e-15
4.750456516019924180e+01 9.747600592472278206e-15
4.754834739745119521e+01 9.638829300642822050e-15
4.759216998628393469e+01 9.530258121446274622e-15
4.763603296388722441e+01 9.421899762618997266e-15
4.767993636748503405e+01 9.313766994763439179e-15
4.772388023433573068e+01 9.205872644056053929e-15
4.776786460173194371e+01 9.098229584901373065e-15
4.781188950700072127e+01 8.990850732536160610e-15
4.785595498750351595e+01 8.883749035587879874e-15
4.790006108063616352e+01 8.776937468594201600e-15
4.794420782382903923e+01 8.670429024486084078e-15
4.798839525454692989e+01 8.564236707042482670e-15
4.803262341028921867e+01 8.458373523318981171e-15
4.807689232858984951e+01 8.352852476057924383e-15
4.812120204701729875e+01 8.247686556085010675e-15
4.816555260317475273e+01 8.142888734696202075e-15
4.820994403469995859e+01 8.038471978026614235e-15
4.825437637926542322e+01 7.934453327953991791e-15
4.829884967457837774e+01 7.830858395909363254e-15
4.834336395838073486e+01 7.727713209447184137e-15
4.838791926844928781e+01 7.625043006469815104e-15
4.843251564259554698e+01 7.522872236570563980e-15
4.847715311866594590e+01 7.421224563045252658e-15
4.852183173454179155e+01 7.320122865553016533e-15
4.856655152813925014e+01 7.219589243403569933e-15
4.861131253740950342e+01 7.119645019448912562e-15
4.865611480033864211e+01 7.020310744558538197e-15
4.870095835494782222e+01 6.921606202655907676e-15
4.874584323929323659e+01 6.823550416293758053e-15
4.879076949146610076e+01 6.726161652747455925e-15
4.883573714959280920e+01 6.629457430602886078e-15
4.888074625183481459e+01 6.533454526818707445e-15
4.892579683638880539e+01 6.438168984239308959e-15
4.897088894148668459e+01 6.343616119539482954e-15
4.901602260539550571e+01 6.249810531576106605e-15
4.906119786641770020e+01 6.156766110128300303e-15
4.910641476289088558e+01 6.064496045003136272e-15
4.915167333318809995e+01 5.973012835487264279e-15
4.919697361571775218e+01 5.882328300122424691e-15
4.924231564892356516e+01 5.792453586786425837e-15
4.928769947128478890e+01 5.703399183057077887e-15
4.933312512131605132e+01 5.615174926841751968e-15
4.937859263756755013e+01 5.527790017251194290e-15
4.942410205862500305e+01 5.441253025699597412e-15
4.946965342310961944e+01 5.355571907212234214e-15
4.951524676967829919e+01 5.270754011921176834e-15
4.956088213702349066e+01 5.186806096732762442e-15
4.960655956387333987e+01 5.103734337147673631e-15
4.965227908899172604e+01 5.021544339217512255e-15
4.969804075117816211e+01 4.940241151621282488e-15
4.974384458926798658e+01 4.859829277843936707e-15
4.978969064213234219e+01 4.780312688443015841e-15
4.983557894867811910e+01 4.701694833386969566e-15
4.988150954784816804e+01 4.623978654449999960e-15
4.992748247862112265e+01 4.547166597649783693e-15
4.997349778001163401e+01 4.471260625712800407e-15
5.001955549107029242e+01 4.396262230554819839e-15
5.006565565088360614e+01 4.322172445762943014e-15
5.011179829857421453e+01 4.248991859065975381e-15
5.015798347330071039e+01 4.176720624781961647e-15
5.020421121425785316e+01 4.105358476230334677e-15
5.025048156067653338e+01 4.034904738097542893e-15
5.029679455182370162e+01 3.965358338746005121e-15
5.034315022700261721e+01 3.896717822454675148e-15
5.038954862555265635e+01 3.828981361582854042e-15
5.043598978684952527e+01 3.762146768646229880e-15
5.048247375030523898e+01 3.696211508297942556e-15
5.052900055536802881e+01 3.631172709204131348e-15
5.057557024152261249e+01 3.567027175807361684e-15
5.062218284828997383e+01 3.503771399969743516e-15
5.066883841522762566e+01 3.441401572487830621e-15
5.071553698192951032e+01 3.379913594473666358e-15
5.076227858802599258e+01 3.319303088594611909e-15
5.080906327318407989e+01 3.259565410165991983e-15
5.085589107710722345e+01 3.200695658091489599e-15
5.090276203953554557e+01 3.142688685645475608e-15
5.094967620024578991e+01 3.085539111092470003e-15
5.099663359905128601e+01 3.029241328139718519e-15
5.104363427580216950e+01 2.973789516217727739e-15
5.109067827038518317e+01 2.919177650586601570e-15
5.113776562272392567e+01 2.865399512262688224e-15
5.118489637277878757e+01 2.812448697764303127e-15
5.123207056054689446e+01 2.760318628672658800e-15
5.127928822606235570e+01 2.709002561005764890e-15
5.132654940939607258e+01 2.658493594403445317e-15
5.137385415065595140e+01 2.608784681121134746e-15
5.142120248998686094e+01 2.559868634831423748e-15
5.146859446757059686e+01 2.511738139231592686e-15
5.151603012362608780e+01 2.464385756456293409e-15
5.156350949840922482e+01 2.417803935294972096e-15
5.161103263221309589e+01 2.371985019212459079e-15
5.165859956536789355e+01 2.326921254174052893e-15
5.170621033824092905e+01 2.282604796273594217e-15
5.175386499123680295e+01 2.239027719165409257e-15
5.180156356479727009e+01 2.196182021300533200e-15
5.184930609940142432e+01 2.154059632967447623e-15
5.189709263556566299e+01 2.112652423138624793e-15
5.194492321384365141e+01 2.071952206123229136e-15
5.199279787482654314e+01 2.031950748027675053e-15
5.204071665914278810e+01 1.992639773025063860e-15
5.208867960745835290e+01 1.954010969434873652e-15
5.213668676047670658e+01 1.916055995614845437e-15
5.218473815893872825e+01 1.878766485666664970e-15
5.223283384362296999e+01 1.842134054956907564e-15
5.228097385534544372e+01 1.806150305456225396e-15
5.232915823495988406e+01 1.770806830897785491e-15
5.237738702335764884e+01 1.736095221757970040e-15
5.242566026146772629e+01 1.702007070061533079e-15
5.247397799025689125e+01 1.668533974013185684e-15
5.252234025072968393e+01 1.635667542458870233e-15
5.257074708392836015e+01 1.603399399178642455e-15
5.261919853093309030e+01 1.571721187014198955e-15
5.266769463286181718e+01 1.540624571833871002e-15
5.271623543087044794e+01 1.510101246337228292e-15
5.276482096615283979e+01 1.480142933703198353e-15
5.281345127994070765e+01 1.450741391083694048e-15
5.286212641350390129e+01 1.421888412945959051e-15
5.291084640815017792e+01 1.393575834266948851e-15
5.295961130522545801e+01 1.365795533582141091e-15
5.300842114611377554e+01 1.338539435892450921e-15
5.305727597223719982e+01 1.311799515431825048e-15
5.310617582505610557e+01 1.285567798298663591e-15
5.315512074606897386e+01 1.259836364954615294e-15
5.320411077681259115e+01 1.234597352593158426e-15
5.325314595886205637e+01 1.209842957381435599e-15
5.330222633383067432e+01 1.185565436578691210e-15
5.335135194337022568e+01 1.161757110533697432e-15
5.340052282917077520e+01 1.138410364565061567e-15
5.344973903296089190e+01 1.115517650726826520e-15
5.349900059650758521e+01 1.093071489462980531e-15
5.354830756161629779e+01 1.071064471153428119e-15
5.359765997013110450e+01 1.049489257554873318e-15
5.364705786393453479e+01 1.028338583139352161e-15
5.369650128494780716e+01 1.007605256333474189e-15
5.374599027513075811e+01 9.872821606613696892e-16
5.379552487648183501e+01 9.673622557943501871e-16
5.384510513103830220e+01 9.478385785097408691e-16
5.389473108087603492e+01 9.287042435625024643e-16
5.394440276810978929e+01 9.099524444716297205e-16
5.399412023489313839e+01 8.915764542248365121e-16
5.404388352341840829e+01 8.735696259037460536e-16
5.409369267591692676e+01 8.559253932326348718e-16
5.414354773465885273e+01 8.386372710531880335e-16
5.419344874195335393e+01 8.216988557280452807e-16
5.424339574014860688e+01 8.051038254755863018e-16
5.429338877163174715e+01 7.888459406386497889e-16
5.434342787882906833e+01 7.729190438893910508e-16
5.439351310420586572e+01 7.573170603731984433e-16
5.444364449026664232e+01 7.420339977935151451e-16
5.449382207955510182e+01 7.270639464402926805e-16
5.454404591465404195e+01 7.124010791643292742e-16
5.459431603818563872e+01 6.980396512995735601e-16
5.464463249281123325e+01 6.839740005357550994e-16
5.469499532123157337e+01 6.701985467434954962e-16
5.474540456618675677e+01 6.567077917538670346e-16
5.479586027045618124e+01 6.434963190946883118e-16
5.484636247685880761e+01 6.305587936852719463e-16
5.489691122825291814e+01 6.178899614918850422e-16
5.494750656753640072e+01 6.054846491456018921e-16
5.499814853764667788e+01 5.933377635244934624e-16
5.504883718156064987e+01 5.814442913020659576e-16
5.509957254229494339e+01 5.697992984634921659e-16
5.515035466290571975e+01 5.583979297915518280e-16
5.520118358648891643e+01 5.472354083238348882e-16
5.525205935618016895e+01 5.363070347829130452e-16
5.530298201515480372e+01 5.256081869809358415e-16
5.535395160662801572e+01 5.151343192003219993e-16
5.540496817385482586e+01 5.048809615518858827e-16
5.545603176013004543e+01 4.948437193119888391e-16
5.550714240878848926e+01 4.850182722398945695e-16
5.555830016320480524e+01 4.754003738769537775e-16
5.560950506679370164e+01 4.659858508286663953e-16
5.566075716300990450e+01 4.567706020309801998e-16
5.571205649534809368e+01 4.477505980021543586e-16
5.576340310734315153e+01 4.389218800811480482e-16
5.581479704256997820e+01 4.302805596538428159e-16
5.586623834464371896e+01 4.218228173681377628e-16
5.591772705721970027e+01 4.135449023389383829e-16
5.596926322399342268e+01 4.054431313441556426e-16
5.602084688870075269e+01 3.975138880125430113e-16
5.607247809511775216e+01 3.897536220045164765e-16
5.612415688706093420e+01 3.821588481866534653e-16
5.617588330838717781e+01 3.747261458008894375e-16
5.622765740299369952e+01 3.674521576292451378e-16
5.627947921481828786e+01 3.603335891547541023e-16
5.633134878783911148e+01 3.533672077195310373e-16
5.638326616607496078e+01 3.465498416806192590e-16
5.643523139358519103e+01 3.398783795643179977e-16
5.648724451446968686e+01 3.333497692197558473e-16
5.653930557286907543e+01 3.269610169722344097e-16
5.659141461296457010e+01 3.207091867770497421e-16
5.664357167897818357e+01 3.145913993743584042e-16
5.669577681517267820e+01 3.086048314455921383e-16
5.674803006585152332e+01 3.027467147720827892e-16
5.680033147535915106e+01 2.970143353962552623e-16
5.685268108808073606e+01 2.914050327859514710e-16
5.690507894844244419e+01 2.859161990023867910e-16
5.695752510091139698e+01 2.805452778720401202e-16
5.701001958999560060e+01 2.752897641630402982e-16
5.706256246024421586e+01 2.701472027663070886e-16
5.711515375624731661e+01 2.651151878819158503e-16
5.716779352263618819e+01 2.601913622109396163e-16
5.722048180408322793e+01 2.553734161531855884e-16
5.727321864530193807e+01 2.506590870110572378e-16
5.732600409104713890e+01 2.460461581998603618e-16
5.737883818611476983e+01 2.415324584648359071e-16
5.743172097534216647e+01 2.371158611051065660e-16
5.748465250360796830e+01 2.327942832048764562e-16
5.753763281583209732e+01 2.285656848720023605e-16
5.759066195697599966e+01 2.244280684841483361e-16
5.764373997204242528e+01 2.203794779428056358e-16
5.769686690607571222e+01 2.164179979351980594e-16
5.775004280416168712e+01 2.125417532043636258e-16
5.780326771142766518e+01 2.087489078274711643e-16
5.785654167304265627e+01 2.050376645025320130e-16
5.790986473421718017e+01 2.014062638436315625e-16
5.796323694020352946e+01 1.978529836847488827e-16
5.801665833629567715e+01 1.943761383923206740e-16
5.807012896782928379e+01 1.909740781865458731e-16
5.812364888018185383e+01 1.876451884715883124e-16
5.817721811877273552e+01 1.843878891746834508e-16
5.823083672906302866e+01 1.812006340942062182e-16
5.828450475655586871e+01 1.780819102567668565e-16
5.833822224679619239e+01 1.750302372833505324e-16
5.839198924537102187e+01 1.720441667645165742e-16
5.844580579790937946e+01 1.691222816446924613e-16
5.849967195008225218e+01 1.662631956155663381e-16
5.855358774760284746e+01 1.634655525185651599e-16
5.860755323622638002e+01 1.607280257564316087e-16
5.866156846175032058e+01 1.580493177138818595e-16
5.871563347001435318e+01 1.554281591873181620e-16
5.876974830690031126e+01 1.528633088235789339e-16
5.882391301833245478e+01 1.503535525676941944e-16
5.887812765027722861e+01 1.478977031196279475e-16
5.893239224874354676e+01 1.454945993999136905e-16
5.898670685978271422e+01 1.431431060242201969e-16
5.904107152948839854e+01 1.408421127867234287e-16
5.909548630399686431e+01 1.385905341522725705e-16
5.914995122948677420e+01 1.363873087572871025e-16
5.920446635217945897e+01 1.342313989192963133e-16
5.925903171833882510e+01 1.321217901551101584e-16
5.931364737427134060e+01 1.300574907075032105e-16
5.936831336632626943e+01 1.280375310803581067e-16
5.942302974089547263e+01 1.260609635822140387e-16
5.947779654441366404e+01 1.241268618781080681e-16
5.953261382335833929e+01 1.222343205496763583e-16
5.958748162424975447e+01 1.203824546633861221e-16
5.964239999365115352e+01 1.185703993468526284e-16
5.969736897816857635e+01 1.167973093731540763e-16
5.975238862445110044e+01 1.150623587530264248e-16
5.980745897919081955e+01 1.133647403349014473e-16
5.986258008912273709e+01 1.117036654126651711e-16
5.991775200102507171e+01 1.100783633410368730e-16
5.997297476171903696e+01 1.084880811585395545e-16
6.002824841806907585e+01 1.069320832178899875e-16
6.008357301698283237e+01 1.054096508237772545e-16
6.013894860541108756e+01 1.039200818779253112e-16
6.019437523034802240e+01 1.024626905313081008e-16
6.024985293883099757e+01 1.010368068434955273e-16
6.030538177794082344e+01 9.964177644896873210e-17
6.036096179480171031e+01 9.827696023034656745e-17
6.041659303658118318e+01 9.694173399844354475e-17
6.047227555049039438e+01 9.563548817901686673e-17
6.052800938378385354e+01 9.435762750616589916e-17
6.058379458375974025e+01 9.310757072225785184e-17
6.063963119775980459e+01 9.188475028429015776e-17
6.069551927316936002e+01 9.068861167778633062e-17
6.075145885741748941e+01 8.951856992473248523e-17
6.080744999797688166e+01 8.837397356284960957e-17
6.086349274236407325e+01 8.725418101451662518e-17
6.091958713813937720e+01 8.615856941388804712e-17
6.097573323290686886e+01 8.508653399854241285e-17
6.103193107431460618e+01 8.403748752271538744e-17
6.108818071005443784e+01 8.301085969130718812e-17
6.114448218786226619e+01 8.200609661384515735e-17
6.120083555551799748e+01 8.102266027766610619e-17
6.125724086084545661e+01 8.006002803957317593e-17
6.131369815171266424e+01 7.911769213526002914e-17
6.137020747603173731e+01 7.819515920585597235e-17
6.142676888175887484e+01 7.729194984092163895e-17
6.148338241689457817e+01 7.640759813728190529e-17
6.154004812948348757e+01 7.554165127311604220e-17
6.159676606761460249e+01 7.469366909671550257e-17
6.165353627942123893e+01 7.386322372937522426e-17
6.171035881308099391e+01 7.304989918188874086e-17
6.176723371681597996e+01 7.225329098413581956e-17
6.182416103889264036e+01 7.147300582729550973e-17
6.188114082762199075e+01 7.070866121819494135e-17
6.193817313135956226e+01 6.995988514536880059e-17
6.199525799850538021e+01 6.922631575638921177e-17
6.205239547750417728e+01 6.850760104604810217e-17
6.210958561684523005e+01 6.780339855501382759e-17
6.216682846506259352e+01 6.711337507856100950e-17
6.222412407073505136e+01 6.643720638501920001e-17
6.228147248248605905e+01 6.577457694358743365e-17
6.233887374898402811e+01 6.512517966116818327e-17
6.239632791894207742e+01 6.448871562791443254e-17
6.245383504111833872e+01 6.386489387114786923e-17
6.251139516431586429e+01 6.325343111738131777e-17
6.256900833738259848e+01 6.265405156213029802e-17
6.262667460921163354e+01 6.206648664724297089e-17
6.268439402874098931e+01 6.149047484549427262e-17
6.274216664495389750e+01 6.092576145216613951e-17
6.279999250687871637e+01 6.037209838337838537e-17
6.285787166358891653e+01 5.982924398093733248e-17
6.291580416420330124e+01 5.929696282345544312e-17
6.297379005788584294e+01 5.877502554354281345e-17
6.303182939384588934e+01 5.826320865084042895e-17
6.308992222133817762e+01 5.776129436070096128e-17
6.314806858966270653e+01 5.726907042832331812e-17
6.320626854816507745e+01 5.678632998813993424e-17
6.326452214623621018e+01 5.631287139828388305e-17
6.332282943331266978e+01 5.584849808996116227e-17
6.338119045887655290e+01 5.539301842155317448e-17
6.343960527245549486e+01 5.494624553729316487e-17
6.349807392362288283e+01 5.450799723035210193e-17
6.355659646199768531e+01 5.407809581019455730e-17
6.361517293724467947e+01 5.365636797404916712e-17
6.367380339907442988e+01 5.324264468235523575e-17
6.373248789724321028e+01 5.283676103805845694e-17
6.379122648155328790e+01 5.243855616961628417e-17
6.385001920185268887e+01 5.204787311759085548e-17
6.390886610803548962e+01 5.166455872471396022e-17
6.396776725004176001e+01 5.128846352929545707e-17
6.402672267785746385e+01 5.091944166188154024e-17
6.408573244151482129e+01 5.055735074503331412e-17
6.414479659109196064e+01 5.020205179614025753e-17
6.420391517671333759e+01 4.985340913315314519e-17
6.426308824854955049e+01 4.951129028315424296e-17
6.432231585681736874e+01 4.917556589365675839e-17
6.438159805177994599e+01 4.884610964655085193e-17
6.444093488374666379e+01 4.852279817461599745e-17
6.450032640307335896e+01 4.820551098049651168e-17
6.455977266016225258e+01 4.789413035808107562e-17
6.461927370546193572e+01 4.758854131619491878e-17
6.467882958946762528e+01 4.728863150453154875e-17
6.473844036272102187e+01 4.699429114175535198e-17
6.479810607581036663e+01 4.670541294569963102e-17
6.485782677937058338e+01 4.642189206559676591e-17
6.491760252408322174e+01 4.614362601627440191e-17
6.497743336067654241e+01 4.587051461425107860e-17
6.503731933992565928e+01 4.560245991567405881e-17
6.509726051265229785e+01 4.533936615604218335e-17
6.515725692972520733e+01 4.508113969164827613e-17
6.521730864205987643e+01 4.482768894270051642e-17
6.527741570061880338e+01 4.457892433805484386e-17
6.533757815641146749e+01 4.433475826151801014e-17
6.539779606049427230e+01 4.409510499966842373e-17
6.545806946397077297e+01 4.385988069114296316e-17
6.551839841799154840e+01 4.362900327735448820e-17
6.557878297375435750e+01 4.340239245458211075e-17
6.563922318250419607e+01 4.317996962740272029e-17
6.569971909553316891e+01 4.296165786341250645e-17
6.576027076418075978e+01 4.274738184921113367e-17
6.582087823983370356e+01 4.253706784759371724e-17
6.588154157392611410e+01 4.233064365592705837e-17
6.594226081793958372e+01 4.212803856566411308e-17
6.600303602340298426e+01 4.192918332297355914e-17
6.606386724189287918e+01 4.173401009043137309e-17
6.612475452503318252e+01 4.154245240976545041e-17
6.618569792449549993e+01 4.135444516560134555e-17
6.624669749199908608e+01 4.116992455019080939e-17
6.630775327931071672e+01 4.098882802908921551e-17
6.636886533824505818e+01 4.081109430775313102e-17
6.643003372066436896e+01 4.063666329903137710e-17
6.649125847847879811e+01 4.046547609152392908e-17
6.655253966364637108e+01 4.029747491877836486e-17
6.661387732817287599e+01 4.013260312930659309e-17
6.667527152411217628e+01 3.997080515739051010e-17
6.673672230356594071e+01 3.981202649465577307e-17
6.679822971868402703e+01 3.965621366239276631e-17
6.685979382166429730e+01 3.950331418460127346e-17
6.692141466475264622e+01 3.935327656173748231e-17
6.698309230024322858e+01 3.920605024514371808e-17
6.704482678047831712e+01 3.906158561214049307e-17
6.710661815784847306e+01 3.891983394176285240e-17
6.716846648479256032e+01 3.878074739112223711e-17
6.723037181379767446e+01 3.864427897237223872e-17
6.729233419739941269e+01 3.851038253027070808e-17
6.735435368818167490e+01 3.837901272030687342e-17
6.741643033877689106e+01 3.825012498739245705e-17
6.747856420186604964e+01 3.812367554509041922e-17
6.754075533017854127e+01 3.799962135537043299e-17
6.760300377649252823e+01 3.787792010887689076e-17
6.766530959363463182e+01 3.775853020569231537e-17
6.772767283448033027e+01 3.764141073658566183e-17
6.779009355195375974e+01 3.752652146473194494e-17
6.785257179902779967e+01 3.741382280788634945e-17
6.791510762872424323e+01 3.730327582100436089e-17
6.797770109411362682e+01 3.719484217929857407e-17
6.804035224831550011e+01 3.708848416170962889e-17
6.810306114449838333e+01 3.698416463479407766e-17
6.816582783587966787e+01 3.688184703700713893e-17
6.822865237572592889e+01 3.678149536337485888e-17
6.829153481735281161e+01 3.668307415054753297e-17
6.835447521412500294e+01 3.658654846221642881e-17
6.841747361945650141e+01 3.649188387489369320e-17
6.848053008681041831e+01 3.639904646404218676e-17
6.854364466969923342e+01 3.630800279054075705e-17
6.860681742168472397e+01 3.621871988748996060e-17
6.867004839637795044e+01 3.613116524733377919e-17
6.873333764743952656e+01 3.604530680930259979e-17
6.879668522857937774e+01 3.596111294716039890e-17
6.886009119355701102e+01 3.587855245725517007e-17
6.892355559618151517e+01 3.579759454686084156e-17
6.898707849031144690e+01 3.571820882280466312e-17
6.905065992985515777e+01 3.564036528037477397e-17
6.911429996877053838e+01 3.556403429250153630e-17
6.917799866106527418e+01 3.548918659920051792e-17
6.924175606079690226e+01 3.541579329728173397e-17
6.930557222207259827e+01 3.534382583030761402e-17
6.936944719904961687e+01 3.527325597880147556e-17
6.943338104593492233e+01 3.520405585069846141e-17
6.949737381698560057e+01 3.513619787203497805e-17
6.956142556650868869e+01 3.506965477786724876e-17
6.962553634886121756e+01 3.500439960341916028e-17
6.968970621845042501e+01 3.494040567545337557e-17
6.975393522973355687e+01 3.487764660385546372e-17
6.981822343721817958e+01 3.481609627343752421e-17
6.988257089546205236e+01 3.475572883594346369e-17
6.994697765907316978e+01 3.469651870226595877e-17
7.001144378270993229e+01 3.463844053485630135e-17
7.007596932108101839e+01 3.458146924033688885e-17
7.014055432894562614e+01 3.452557996230288071e-17
7.020519886111340213e+01 3.447074807431459296e-17
7.026990297244444150e+01 3.441694917307367265e-17
7.033466671784948687e+01 3.436415907178297206e-17
7.039949015228980045e+01 3.431235379368410780e-17
7.046437333077737719e+01 3.426150956577153357e-17
7.052931630837491639e+01 3.421160281267835045e-17
7.059431914019577903e+01 3.416261015073307202e-17
7.065938188140421516e+01 3.411450838218050328e-17
7.072450458721523603e+01 3.406727448957067785e-17
7.078968731289479877e+01 3.402088563030578296e-17
7.085493011375982064e+01 3.397531913134866540e-17
7.092023304517807958e+01 3.393055248408422242e-17
7.098559616256855520e+01 3.388656333934129498e-17
7.105101952140113042e+01 3.384332950255905194e-17
7.111650317719691827e+01 3.380082892910861970e-17
7.118204718552821930e+01 3.375903971975962797e-17
7.124765160201843628e+01 3.371794011629472246e-17
7.131331648234237264e+01 3.367750849726483377e-17
7.137904188222603352e+01 3.363772337388838876e-17
7.144482785744685316e+01 3.359856338609148145e-17
7.151067446383369486e+01 3.356000729868348157e-17
7.157658175726673733e+01 3.352203399767180917e-17
7.164254979367781573e+01 3.348462248671146274e-17
7.170857862905027957e+01 3.344775188368782172e-17
7.177466831941897851e+01 3.341140141743033203e-17
7.184081892087054655e+01 3.337555042456136423e-17
7.190703048954317467e+01 3.334017834646788746e-17
7.197330308162690926e+01 3.330526472640716958e-17
7.203963675336353845e+01 3.327078920673618055e-17
7.210603156104662048e+01 3.323673152626743548e-17
7.217248756102173957e+01 3.320307151774899077e-17
7.223900480968625004e+01 3.316978910546874752e-17
7.230558336348958903e+01 3.313686430297893292e-17
7.237222327893323381e+01 3.310427721094554219e-17
7.243892461257061655e+01 3.307200801511281241e-17
7.250568742100745112e+01 3.304003698439191116e-17
7.257251176090146316e+01 3.300834446906551994e-17
7.263939768896271687e+01 3.297691089910847870e-17
7.270634526195351555e+01 3.294571678262862690e-17
7.277335453668840159e+01 3.291474270442006962e-17
7.284042557003441232e+01 3.288396932463216583e-17
7.290755841891083833e+01 3.285337737755397384e-17
7.297475314028956461e+01 3.282294767050955636e-17
7.304200979119497106e+01 3.279266108286765811e-17
7.310932842870387560e+01 3.276249856516233544e-17
7.317670910994584688e+01 3.273244113832344717e-17
7.324415189210299104e+01 3.270246989302042090e-17
7.331165683241017916e+01 3.267256598911246631e-17
7.337922398815504721e+01 3.264271065520887760e-17
7.344685341667795342e+01 3.261288518833787834e-17
7.351454517537221989e+01 3.258307095372227068e-17
7.358229932168391940e+01 3.255324938466179024e-17
7.365011591311217387e+01 3.252340198252230247e-17
7.371799500720911169e+01 3.249351031682949838e-17
7.378593666157978248e+01 3.246355602546837150e-17
7.385394093388251235e+01 3.243352081498526542e-17
7.392200788182856286e+01 3.240338646099455003e-17
7.399013756318251467e+01 3.237313480868823796e-17
7.405833003576222495e+01 3.234274777344484353e-17
7.412658535743867105e+01 3.231220734154447276e-17
7.419490358613634839e+01 3.228149557097856447e-17
7.426328477983297205e+01 3.225059459236467927e-17
7.433172899655983201e+01 3.221948660995712283e-17
7.440023629440167952e+01 3.218815390275615208e-17
7.446880673149667018e+01 3.215657882571651630e-17
7.453744036603674772e+01 3.212474381105062453e-17
7.460613725626726023e+01 3.209263136962981520e-17
7.467489746048742916e+01 3.206022409247896403e-17
7.474372103705016457e+01 3.202750465236471994e-17
7.481260804436202250e+01 3.199445580547890952e-17
7.488155854088360286e+01 3.196106039321547702e-17
7.495057258512917997e+01 3.192730134403373690e-17
7.501965023566710045e+01 3.189316167541849588e-17
7.508879155111965531e+01 3.185862449592564328e-17
7.515799659016310841e+01 3.182367300731677165e-17
7.522726541152788116e+01 3.178829050678322830e-17
7.529659807399845306e+01 3.175246038925435933e-17
7.536599463641351804e+01 3.171616614979099372e-17
7.543545515766605547e+01 3.167939138606752639e-17
7.550497969670318810e+01 3.164211980092859169e-17
7.557456831252646623e+01 3.160433520503577809e-17
7.564422106419182512e+01 3.156602151958837242e-17
7.571393801080954233e+01 3.152716277912888822e-17
7.578371921154450774e+01 3.148774313442068243e-17
7.585356472561595353e+01 3.144774685540642409e-17
7.592347461229788053e+01 3.140715833423833102e-17
7.599344893091883080e+01 3.136596208838446981e-17
7.606348774086198716e+01 3.132414276380478379e-17
7.613359110156538634e+01 3.128168513819806921e-17
7.620375907252166314e+01 3.123857412431898736e-17
7.627399171327844840e+01 3.119479477335964636e-17
7.634428908343824105e+01 3.115033227839965957e-17
7.641465124265832287e+01 3.110517206920459604e-17
7.648507825065114218e+01 3.105930628732714282e-17
7.655557016718402963e+01 3.101273802848772228e-17
7.662612705207951080e+01 3.096547145286712772e-17
7.669674896521524943e+01 3.091751076266905636e-17
7.676743596652394785e+01 3.086886020153346800e-17
7.683818811599374499e+01 3.081952405394348488e-17
7.690900547366788942e+01 3.076950664463365968e-17
7.697988809964508050e+01 3.071881233799269080e-17
7.705083605407942571e+01 3.066744553746218083e-17
7.712184939718034116e+01 3.061541068493582046e-17
7.719292818921289268e+01 3.056271226015441837e-17
7.726407249049752579e+01 3.050935478009706704e-17
7.733528236141042100e+01 3.045534279837308509e-17
7.740655786238338010e+01 3.040068090460833893e-17
7.747789905390379772e+01 3.034537372383223620e-17
7.754930599651495982e+01 3.028942591585989365e-17
7.762077875081581624e+01 3.023284217467552521e-17
7.769231737746125077e+01 3.017562722781120787e-17
7.776392193716209533e+01 3.011778583572459986e-17
7.783559249068495944e+01 3.005932279117690533e-17
7.790732909885268498e+01 3.000024291860613052e-17
7.797913182254396247e+01 2.994055107350276198e-17
7.805100072269371481e+01 2.988025214177943591e-17
7.812293586029304038e+01 2.981935103914370745e-17
7.819493729638912782e+01 2.975785271046752894e-17
7.826700509208556866e+01 2.969576212915665423e-17
7.833913930854214414e+01 2.963308429651780588e-17
7.841134000697510942e+01 2.956982424112598398e-17
7.848360724865710836e+01 2.950598701819252703e-17
7.855594109491718768e+01 2.944157770892943787e-17
7.862834160714103859e+01 2.937660141991495470e-17
7.870080884677079780e+01 2.931106328246100168e-17
7.877334287530531753e+01 2.924496845197457523e-17
7.884594375430015134e+01 2.917832210732582332e-17
7.891861154536745460e+01 2.911112945021060883e-17
7.899134631017635400e+01 2.904339570451589568e-17
7.906414811045260649e+01 2.897512611568456166e-17
7.913701700797901140e+01 2.890632595008051334e-17
7.920995306459531093e+01 2.883700049435409677e-17
7.928295634219810495e+01 2.876715505480834021e-17
7.935602690274122040e+01 2.869679495676435248e-17
7.942916480823538450e+01 2.862592554392908791e-17
7.950237012074863685e+01 2.855455217776335788e-17
7.957564290240620153e+01 2.848268023684907803e-17
7.964898321539044446e+01 2.841031511626041674e-17
7.972239112194117183e+01 2.833746222693258928e-17
7.979586668435554486e+01 2.826412699503529272e-17
7.986940996498800871e+01 2.819031486134379891e-17
7.994302102625064776e+01 2.811603128061304265e-17
8.001669993061290143e+01 2.804128172095522274e-17
8.009044674060191937e+01 2.796607166321326773e-17
8.016426151880247630e+01 2.789040660034289279e-17
8.023814432785688666e+01 2.781429203678888811e-17
8.031209523046537413e+01 2.773773348787089511e-17
8.038611428938578740e+01 2.766073647916326010e-17
8.046020156743394125e+01 2.758330654588375339e-17
8.053435712748354547e+01 2.750544923227907433e-17
8.060858103246610540e+01 2.742717009101526831e-17
8.068287334537133404e+01 2.734847468256827625e-17
8.075723412924682520e+01 2.726936857462085044e-17
8.083166344719835195e+01 2.718985734145534425e-17
8.090616136238993761e+01 2.710994656335399296e-17
8.098072793804360003e+01 2.702964182600123145e-17
8.105536323743987737e+01 2.694894871988511518e-17
8.113006732391740172e+01 2.686787283970527389e-17
8.120484026087332552e+01 2.678641978378214111e-17
8.127968211176325042e+01 2.670459515346713266e-17
8.135459294010111364e+01 2.662240455255949052e-17
8.142957280945955745e+01 2.653985358672260588e-17
8.150462178346965914e+01 2.645694786290527561e-17
8.157973992582125788e+01 2.637369298876471217e-17
8.165492730026288370e+01 2.629009457209496766e-17
8.173018397060172902e+01 2.620615822025537018e-17
8.180551000070390444e+01 2.612188953960487052e-17
8.188090545449428248e+01 2.603729413493866296e-17
8.195637039595672491e+01 2.595237760892872266e-17
8.203190488913408274e+01 2.586714556156660484e-17
8.210750899812811099e+01 2.578160358961157188e-17
8.218318278709980973e+01 2.569575728604037513e-17
8.225892632026911144e+01 2.560961223950415198e-17
8.233473966191532156e+01 2.552317403378341227e-17
8.241062287637694794e+01 2.543644824725212133e-17
8.248657602805168665e+01 2.534944045234380451e-17
8.256259918139672038e+01 2.526215621502064990e-17
8.263869240092851953e+01 2.517460109424715327e-17
8.271485575122311218e+01 2.508678064146868403e-17
8.279108929691604146e+01 2.499870040009266750e-17
8.286739310270230874e+01 2.491036590497555409e-17
8.294376723333671464e+01 2.482178268191216135e-17
8.302021175363353223e+01 2.473295624713014659e-17
8.309672672846694752e+01 2.464389210679020187e-17
8.317331222277090319e+01 2.455459575648702553e-17
8.324996830153907013e+01 2.446507268075823472e-17
8.332669502982520271e+01 2.437532835259608821e-17
8.340349247274282618e+01 2.428536823296370512e-17
8.348036069546560611e+01 2.419519777031547139e-17
8.355729976322727737e+01 2.410482240012371708e-17
8.363430974132157303e+01 2.401424754440792972e-17
8.371139069510256547e+01 2.392347861126898124e-17
8.378854268998441057e+01 2.383252099443074742e-17
8.386576579144166033e+01 2.374138007278066727e-17
8.394306006500919182e+01 2.365006120992223088e-17
8.402042557628220720e+01 2.355856975372712521e-17
8.409786239091644688e+01 2.346691103589258140e-17
8.417537057462818950e+01 2.337509037150699596e-17
8.425295019319413825e+01 2.328311305861668279e-17
8.433060131245179036e+01 2.319098437780043369e-17
8.440832399829913868e+01 2.309870959174559197e-17
8.448611831669508376e+01 2.300629394483351213e-17
8.456398433365926337e+01 2.291374266272663745e-17
8.464192211527205245e+01 2.282106095196174665e-17
8.471993172767493263e+01 2.272825399954812172e-17
8.479801323707010852e+01 2.263532697257227617e-17
8.487616670972099087e+01 2.254228501780472028e-17
8.495439221195202606e+01 2.244913326131417413e-17
8.503268981014865346e+01 2.235587680808799615e-17
8.511105957075770334e+01 2.226252074165372708e-17
8.518950156028702736e+01 2.216907012371071654e-17
8.526801584530595335e+01 2.207552999376209484e-17
8.534660249244512897e+01 2.198190536875735422e-17
8.542526156839647911e+01 2.188820124273531227e-17
8.550399313991360373e+01 2.179442258647483762e-17
8.558279727381139423e+01 2.170057434715092503e-17
8.566167403696650240e+01 2.160666144799508774e-17
8.574062349631721247e+01 2.151268878796185418e-17
8.581964571886332749e+01 2.141866124139999166e-17
8.589874077166662403e+01 2.132458365772936003e-17
8.597790872185049693e+01 2.123046086112360777e-17
8.605714963660031458e+01 2.113629765019752113e-17
8.613646358316339047e+01 2.104209879769926055e-17
8.621585062884888373e+01 2.094786905020968138e-17
8.629531084102815441e+01 2.085361312784554961e-17
8.637484428713446505e+01 2.075933572396830122e-17
8.645445103466340697e+01 2.066504150489907541e-17
8.653413115117271559e+01 2.057073510963820985e-17
8.661388470428231301e+01 2.047642114959031031e-17
8.669371176167457804e+01 2.038210420829468829e-17
8.677361239109413305e+01 2.028778884116234365e-17
8.685358666034812813e+01 2.019347957521614285e-17
8.693363463730622698e+01 2.009918090883772400e-17
8.701375638990052153e+01 2.000489731152058337e-17
8.709395198612587308e+01 1.991063322362626811e-17
8.717422149403964227e+01 1.981639305614809389e-17
8.725456498176204434e+01 1.972218119047877301e-17
8.733498251747606389e+01 1.962800197818439645e-17
8.741547416942741222e+01 1.953385974078362376e-17
8.749604000592488262e+01 1.943975876953078940e-17
8.757668009534002351e+01 1.934570332520647250e-17
8.765739450610753636e+01 1.925169763791249784e-17
8.773818330672520460e+01 1.915774590687088103e-17
8.781904656575379420e+01 1.906385230023096439e-17
8.789998435181747993e+01 1.897002095487854340e-17
8.798099673360343331e+01 1.887625597625363060e-17
8.806208377986233415e+01 1.878256143816986498e-17
8.814324555940817163e+01 1.868894138264248485e-17
8.822448214111827269e+01 1.859539981971979199e-17
8.830579359393352945e+01 1.850194072731925970e-17
8.838717998685841337e+01 1.840856805106995159e-17
8.846864138896083318e+01 1.831528570416108500e-17
8.855017786937254698e+01 1.822209756719235693e-17
8.863178949728883538e+01 1.812900748803320018e-17
8.871347634196889942e+01 1.803601928168450776e-17
8.879523847273577530e+01 1.794313673014651712e-17
8.887707595897623492e+01 1.785036358229222887e-17
8.895898887014119794e+01 1.775770355374384827e-17
8.904097727574541921e+01 1.766516032675753767e-17
8.912304124536781558e+01 1.757273755010971879e-17
8.920518084865149433e+01 1.748043883899015435e-17
8.928739615530356843e+01 1.738826777490042538e-17
8.936968723509556867e+01 1.729622790555582896e-17
8.945205415786320202e+01 1.720432274479320167e-17
8.953449699350660751e+01 1.711255577248364877e-17
8.961701581199039879e+01 1.702093043444846276e-17
8.969961068334352206e+01 1.692945014238309067e-17
8.978228167765962553e+01 1.683811827378274086e-17
8.986502886509680366e+01 1.674693817187402631e-17
8.994785231587793817e+01 1.665591314555127955e-17
9.003075210029064124e+01 1.656504646931781023e-17
9.011372828868714180e+01 1.647434138323141521e-17
9.019678095148471186e+01 1.638380109285387598e-17
9.027991015916533968e+01 1.629342876920693353e-17
9.036311598227611341e+01 1.620322754873107647e-17
9.044639849142912169e+01 1.611320053324882203e-17
9.052975775730139674e+01 1.602335078993424942e-17
9.061319385063532650e+01 1.593368135128511849e-17
9.069670684223827095e+01 1.584419521509989725e-17
9.078029680298303106e+01 1.575489534446024979e-17
9.086396380380767823e+01 1.566578466771590923e-17
9.094770791571555435e+01 1.557686607847582771e-17
9.103152920977564122e+01 1.548814243560239550e-17
9.111542775712219111e+01 1.539961656321001121e-17
9.119940362895519570e+01 1.531129125066871483e-17
9.128345689654024397e+01 1.522316925261013813e-17
9.136758763120847959e+01 1.513525328894031127e-17
9.145179590435697037e+01 1.504754604485403185e-17
9.153608178744839563e+01 1.496005017085415802e-17
9.162044535201144413e+01 1.487276828277579206e-17
9.170488666964072877e+01 1.478570296181299994e-17
9.178940581199670135e+01 1.469885675455025174e-17
9.187400285080605045e+01 1.461223217299792040e-17
9.195867785786138882e+01 1.452583169463112386e-17
9.204343090502162283e+01 1.443965776243259165e-17
9.212826206421188147e+01 1.435371278493887181e-17
9.221317140742348784e+01 1.426799913629170851e-17
9.229815900671425766e+01 1.418251915629127169e-17
9.238322493420822923e+01 1.409727515045372234e-17
9.246836926209607554e+01 1.401226939007312266e-17
9.255359206263501903e+01 1.392750411228586384e-17
9.263889340814867523e+01 1.384298152013932618e-17
9.272427337102757861e+01 1.375870378266313699e-17
9.280973202372874198e+01 1.367467303494512313e-17
9.289526943877611131e+01 1.359089137820977488e-17
9.298088568876049465e+01 1.350736087989967584e-17
9.306658084633941996e+01 1.342408357376198178e-17
9.315235498423756155e+01 1.334106145993574386e-17
9.323820817524661209e+01 1.325829650504427933e-17
9.332414049222518315e+01 1.317579064229080238e-17
9.341015200809924579e+01 1.309354577155530308e-17
9.349624279586180364e+01 1.301156375949620718e-17
9.358241292857326243e+01 1.292984643965516520e-17
9.366866247936137313e+01 1.284839561256336531e-17
9.375499152142110404e+01 1.276721304585255008e-17
9.384140012801512398e+01 1.268630047436757862e-17
9.392788837247341860e+01 1.260565960028247849e-17
9.401445632819367404e+01 1.252529209321962071e-17
9.410110406864126276e+01 1.244519959037056494e-17
9.418783166734910139e+01 1.236538369662154998e-17
9.427463919791806291e+01 1.228584598467915374e-17
9.436152673401666391e+01 1.220658799520076044e-17
9.444849434938147681e+01 1.212761123692664077e-17
9.453554211781703032e+01 1.204891718681494890e-17
9.462267011319570997e+01 1.197050729017853585e-17
9.470987840945819869e+01 1.189238296082546077e-17
9.479716708061312147e+01 1.181454558120052977e-17
9.488453620073747175e+01 1.173699650253078384e-17
9.497198584397649768e+01 1.165973704497135331e-17
9.505951608454364532e+01 1.158276849775573741e-17
9.514712699672095653e+01 1.150609211934671707e-17
9.523481865485872788e+01 1.142970913759017816e-17
9.532259113337595124e+01 1.135362074987139688e-17
9.541044450676018585e+01 1.127782812327224337e-17
9.549837884956748724e+01 1.120233239473222799e-17
9.558639423642284783e+01 1.112713467120968162e-17
9.567449074201984160e+01 1.105223602984696350e-17
9.576266844112097942e+01 1.097763751813518829e-17
9.585092740855773741e+01 1.090334015408346139e-17
9.593926771923038643e+01 1.082934492638791708e-17
9.602768944810841845e+01 1.075565279460345904e-17
9.611619267023024804e+01 1.068226468931757170e-17
9.620477746070356773e+01 1.060918151625933030e-17
9.629344389470530530e+01 1.053640434870225516e-17
9.638219204748152436e+01 1.046393450811974178e-17
9.647102199434785064e+01 1.039177329642177414e-17
9.655993381068910253e+01 1.031992197374762439e-17
9.664892757195974582e+01 1.024838175879897703e-17
9.673800335368376579e+01 1.017715382917549375e-17
9.682716123145462461e+01 1.010623932171177413e-17
9.691640128093565920e+01 1.003563933281757805e-17
9.700572357785971178e+01 9.965354918819037380e-18
9.709512819802958461e+01 9.895387096303226349e-18
9.718461521731796893e+01 9.825736842463172676e-18
9.727418471166731706e+01 9.756405095445524891e-18
9.736383675709024033e+01 9.687392754699572438e-18
9.745357142966926745e+01 9.618700681328618504e-18
9.754338880555714297e+01 9.550329698441235737e-18
9.763328896097682730e+01 9.482280591505792976e-18
9.772327197222138295e+01 9.414554108705099071e-18
9.781333791565437252e+01 9.347150961293166766e-18
9.790348686770953179e+01 9.280071823951881064e-18
9.799371890489122450e+01 9.213317335150334607e-18
9.808403410377430021e+01 9.146888097503915006e-18
9.817443254100403749e+01 9.080784678134815817e-18
9.826491429329648497e+01 9.015007609033582891e-18
9.835547943743844712e+01 8.949557387420874896e-18
9.844612805028728530e+01 8.884434476109975717e-18
9.853686020877144358e+01 8.819639303870719717e-18
9.862767598989003659e+01 8.755172265792700557e-18
9.871857547071331851e+01 8.691033723649703359e-18
9.880955872838256937e+01 8.627224006264280170e-18
9.890062584010999558e+01 8.563743409872618154e-18
9.899177688317918467e+01 8.500592198489729809e-18
9.908301193494475001e+01 8.437770604274424395e-18
9.917433107283274296e+01 8.375278827894575185e-18
9.926573437434059599e+01 8.313117038892805795e-18
9.935722191703696637e+01 8.251285376051138063e-18
9.944879377856226199e+01 8.189783947756325544e-18
9.954045003662820079e+01 8.128612832364687820e-18
9.963219076901829396e+01 8.067772078566539577e-18
9.972401605358774646e+01 8.007261705750559613e-18
9.981592596826334329e+01 7.947081704367255409e-18
9.990792059104393275e+01 7.887232036292674234e-18
1.000000000000000000e+02 7.827712635191024938e-18
