1.000000000000000056e-01 5.431895036312480443e+03
1.000921642732741923e-01 5.422781048476097567e+03
1.001844134890810673e-01 5.413700322665570638e+03
1.002767477257072715e-01 5.404652941533385274e+03
1.003691670615116660e-01 5.395638986930895953e+03
1.004616715749252626e-01 5.386658539918178576e+03
1.005542613444514038e-01 5.377711680773761145e+03
1.006469364486657497e-01 5.368798489004435396e+03
1.007396969662163744e-01 5.359919043355100257e+03
1.008325429758239189e-01 5.351073421818452516e+03
1.009254745562814665e-01 5.342261701644923960e+03
1.010184917864548060e-01 5.333483959352343845e+03
1.011115947452823349e-01 5.324740270735806007e+03
1.012047835117752537e-01 5.316030710877464116e+03
1.012980581650175932e-01 5.307355354156260546e+03
1.013914187841662568e-01 5.298714274257788020e+03
1.014848654484510754e-01 5.290107544184027574e+03
1.015783982371749050e-01 5.281535236263172919e+03
1.016720172297137653e-01 5.272997422159342932e+03
1.017657225055167425e-01 5.264494172882452403e+03
1.018595141441061974e-01 5.256025558797930898e+03
1.019533922250777241e-01 5.247591649636498914e+03
1.020473568281003302e-01 5.239192514503989514e+03
1.021414080329164781e-01 5.230828221891059911e+03
1.022355459193420441e-01 5.222498838122500274e+03
1.023297705672665120e-01 5.214204394061204766e+03
1.024240820566529875e-01 5.205944885917141619e+03
1.025184804675382394e-01 5.197720308320564072e+03
1.026129658800328803e-01 5.189530655784881674e+03
1.027075383743213111e-01 5.181375922711473322e+03
1.028021980306618177e-01 5.173256103394565798e+03
1.028969449293866828e-01 5.165171192026137760e+03
1.029917791509021713e-01 5.157121182700701866e+03
1.030867007756887666e-01 5.149106069420226049e+03
1.031817098843010178e-01 5.141125846098873808e+03
1.032768065573677757e-01 5.133180506567942757e+03
1.033719908755921651e-01 5.125270044580513968e+03
1.034672629197516958e-01 5.117394453816407804e+03
1.035626227706983871e-01 5.109553727886864181e+03
1.036580705093586852e-01 5.101747860339382896e+03
1.037536062167336987e-01 5.093976844662424810e+03
1.038492299738990876e-01 5.086240674290234892e+03
1.039449418620053828e-01 5.078539342607523395e+03
1.040407419622777774e-01 5.070872842954320731e+03
1.041366303560163908e-01 5.063241168630511311e+03
1.042326071245962410e-01 5.055644312900765726e+03
1.043286723494673551e-01 5.048082268999060943e+03
1.044248261121548532e-01 5.040555030133547007e+03
1.045210684942589618e-01 5.033062589491048129e+03
1.046173995774551113e-01 5.025604940241961231e+03
1.047138194434940328e-01 5.018182075544720647e+03
1.048103281742017584e-01 5.010793988550596623e+03
1.049069258514798153e-01 5.003440672408309183e+03
1.050036125573051149e-01 4.996122120268651997e+03
1.051003883737302164e-01 4.988838325289173554e+03
1.051972533828832157e-01 4.981589280638727359e+03
1.052942076669679400e-01 4.974374979502227688e+03
1.053912513082640168e-01 4.967195415085117929e+03
1.054883843891268602e-01 4.960050576304147398e+03
1.055856069919877821e-01 4.952940397674305132e+03
1.056829191993541028e-01 4.945864776803108725e+03
1.057803210938091099e-01 4.938823611154052742e+03
1.058778127580123213e-01 4.931816798775431380e+03
1.059753942746993610e-01 4.924844238298079290e+03
1.060730657266820975e-01 4.917905828933360681e+03
1.061708271968487549e-01 4.911001470470926506e+03
1.062686787681638989e-01 4.904131063276675377e+03
1.063666205236686729e-01 4.897294508290629892e+03
1.064646525464806315e-01 4.890491707024844800e+03
1.065627749197939900e-01 4.883722561561368821e+03
1.066609877268796247e-01 4.876986974550160085e+03
1.067592910510851562e-01 4.870284849207053412e+03
1.068576849758350739e-01 4.863616089311749420e+03
1.069561695846306809e-01 4.856980599205727231e+03
1.070547449610502605e-01 4.850378283790359092e+03
1.071534111887491314e-01 4.843809048524833088e+03
1.072521683514597451e-01 4.837272799424195910e+03
1.073510165329916860e-01 4.830769443057410172e+03
1.074499558172317820e-01 4.824298886545412643e+03
1.075489862881441744e-01 4.817861037559117904e+03
1.076481080297703730e-01 4.811455804317599359e+03
1.077473211262294367e-01 4.805083095586082891e+03
1.078466256617178348e-01 4.798742820674102404e+03
1.079460217205096967e-01 4.792434889433607168e+03
1.080455093869568117e-01 4.786159212257082800e+03
1.081450887454886711e-01 4.779915700075746827e+03
1.082447598806126760e-01 4.773704264357585998e+03
1.083445228769140400e-01 4.767524817105669172e+03
1.084443778190559426e-01 4.761377270856230098e+03
1.085443247917795978e-01 4.755261538676927557e+03
1.086443638799042960e-01 4.749177534164954523e+03
1.087444951683275846e-01 4.743125163295454513e+03
1.088447187420251566e-01 4.737104265574265810e+03
1.089450346860510871e-01 4.731114648486584883e+03
1.090454430855378049e-01 4.725156120352072321e+03
1.091459440256961899e-01 4.719228490546094690e+03
1.092465375918157261e-01 4.713331569490940637e+03
1.093472238692644455e-01 4.707465168647192513e+03
1.094480029434890533e-01 4.701629100505069800e+03
1.095488749000150114e-01 4.695823178575973543e+03
1.096498398244466765e-01 4.690047217383969837e+03
1.097508978024671900e-01 4.684301032457454312e+03
1.098520489198387406e-01 4.678584440320821159e+03
1.099532932624025100e-01 4.672897258486194005e+03
1.100546309160788244e-01 4.667239305445331411e+03
1.101560619668672247e-01 4.661610400661446874e+03
1.102575865008464523e-01 4.656010364561223469e+03
1.103592046041746294e-01 4.650439018526823929e+03
1.104609163630892454e-01 4.644896184887998061e+03
1.105627218639072817e-01 4.639381686914252896e+03
1.106646211930253088e-01 4.633895348807094706e+03
1.107666144369194999e-01 4.628436995692301025e+03
1.108687016821457150e-01 4.623006453612315454e+03
1.109708830153396109e-01 4.617603549518677937e+03
1.110731585232166141e-01 4.612228111264480503e+03
1.111755282925722399e-01 4.606879967596955794e+03
1.112779924102818285e-01 4.601558948150093784e+03
1.113805509633008783e-01 4.596264883437296703e+03
1.114832040386649903e-01 4.590997604844165835e+03
1.115859517234899928e-01 4.585756944621255570e+03
1.116887941049720390e-01 4.580542735876947518e+03
1.117917312703875926e-01 4.575354812570448303e+03
1.118947633070935949e-01 4.570193009504636393e+03
1.119978903025274503e-01 4.565057152379230502e+03
1.121011123442071794e-01 4.559947001582967459e+03
1.122044295197315023e-01 4.554862291631319749e+03
1.123078419167798242e-01 4.549802758230336622e+03
1.124113496231123471e-01 4.544768138345357329e+03
1.125149527265702082e-01 4.539758170188851182e+03
1.126186513150754243e-01 4.534772593208234866e+03
1.127224454766311557e-01 4.529811148074074481e+03
1.128263352993215951e-01 4.524873576668225724e+03
1.129303208713121204e-01 4.519959622072245111e+03
1.130344022808493498e-01 4.515069028555894874e+03
1.131385796162613228e-01 4.510201541565822481e+03
1.132428529659574024e-01 4.505356907714381123e+03
1.133472224184284283e-01 4.500534874768569352e+03
1.134516880622468693e-01 4.495735191639055301e+03
1.135562499860667124e-01 4.490957608369532863e+03
1.136609082786237956e-01 4.486201876126006027e+03
1.137656630287356418e-01 4.481467747186315137e+03
1.138705143253016389e-01 4.476754974929770469e+03
1.139754622573031367e-01 4.472063313826983176e+03
1.140805069138034616e-01 4.467392519429688946e+03
1.141856483839480824e-01 4.462742348360902724e+03
1.142908867569645687e-01 4.458112558305020684e+03
1.143962221221627579e-01 4.453502907998156843e+03
1.145016545689347826e-01 4.448913157218560627e+03
1.146071841867551400e-01 4.444343066777256354e+03
1.147128110651808863e-01 4.439792398508668157e+03
1.148185352938514980e-01 4.435260915261495938e+03
1.149243569624891492e-01 4.430748380889596774e+03
1.150302761608986424e-01 4.426254560243191008e+03
1.151362929789676304e-01 4.421779219159929198e+03
1.152424075066665471e-01 4.417322117117968446e+03
1.153486198340487462e-01 4.412882959885360833e+03
1.154549300512506121e-01 4.408461429735464662e+03
1.155613382484915463e-01 4.404057210118970033e+03
1.156678445160742030e-01 4.399669985773748522e+03
1.157744489443843644e-01 4.395299442713697317e+03
1.158811516238911626e-01 4.390945268217460580e+03
1.159879526451470938e-01 4.386607150817791990e+03
1.160948520987880733e-01 4.382284780290780873e+03
1.162018500755336720e-01 4.377977847645475777e+03
1.163089466661869631e-01 4.373686045113739056e+03
1.164161419616347171e-01 4.369409066140192408e+03
1.165234360528475122e-01 4.365146605372501654e+03
1.166308290308797069e-01 4.360898358651837952e+03
1.167383209868696897e-01 4.356664023003520015e+03
1.168459120120397265e-01 4.352443296627862765e+03
1.169536021976962381e-01 4.348235878891317952e+03
1.170613916352297307e-01 4.344041470317743006e+03
1.171692804161149626e-01 4.339859772579860874e+03
1.172772686319110830e-01 4.335690488490994539e+03
1.173853563742615069e-01 4.331533321996994346e+03
1.174935437348941653e-01 4.327387978168294467e+03
1.176018308056215322e-01 4.323254163192238593e+03
1.177102176783406534e-01 4.319131584365632079e+03
1.178187044450333676e-01 4.315019950087373218e+03
1.179272911977661958e-01 4.310918969851405564e+03
1.180359780286905635e-01 4.306828354239807595e+03
1.181447650300427865e-01 4.302747814916086099e+03
1.182536522941442098e-01 4.298677064618636905e+03
1.183626399134012908e-01 4.294615817154474826e+03
1.184717279803056272e-01 4.290563785193228796e+03
1.185809165874340543e-01 4.286520651568021094e+03
1.186902058274487415e-01 4.282486077496056168e+03
1.187995957930972346e-01 4.278459724917236599e+03
1.189090865772126221e-01 4.274441257021931960e+03
1.190186782727134934e-01 4.270430338244789709e+03
1.191283709726040779e-01 4.266426634258922604e+03
1.192381647699743696e-01 4.262429811970235278e+03
1.193480597580000718e-01 4.258439539512110969e+03
1.194580560299428884e-01 4.254455486240306527e+03
1.195681536791503574e-01 4.250477322728071158e+03
1.196783527990561147e-01 4.246504720761622593e+03
1.197886534831798661e-01 4.242537353335783337e+03
1.198990558251275818e-01 4.238574894649921589e+03
1.200095599185914269e-01 4.234617020104104995e+03
1.201201658573499559e-01 4.230663406295549976e+03
1.202308737352681400e-01 4.226713731015257508e+03
1.203416836462974371e-01 4.222767673244945399e+03
1.204525956844759715e-01 4.218824913154235219e+03
1.205636099439284792e-01 4.214885132098012946e+03
1.206747265188664320e-01 4.210948012614131585e+03
1.207859455035881352e-01 4.207013238421200185e+03
1.208972669924788801e-01 4.203080494416811234e+03
1.210086910800108606e-01 4.199149466675848998e+03
1.211202178607433677e-01 4.195219842449076168e+03
1.212318474293228310e-01 4.191291310161999718e+03
1.213435798804829158e-01 4.187363559413889561e+03
1.214554153090446620e-01 4.183436280977110073e+03
1.215673538099163870e-01 4.179509166796591671e+03
1.216793954780939768e-01 4.175581909928383538e+03
1.217915404086607895e-01 4.171654196920917457e+03
1.219037886967878487e-01 4.167725700471594791e+03
1.220161404377339553e-01 4.163796092787647467e+03
1.221285957268456041e-01 4.159865047342565958e+03
1.222411546595572329e-01 4.155932238877006967e+03
1.223538173313911959e-01 4.151997343400072168e+03
1.224665838379578736e-01 4.148060038190807063e+03
1.225794542749558680e-01 4.144120001799937199e+03
1.226924287381718492e-01 4.140176914051852691e+03
1.228055073234808475e-01 4.136230456046854670e+03
1.229186901268462112e-01 4.132280310163689137e+03
1.230319772443197457e-01 4.128326160062182680e+03
1.231453687720418522e-01 4.124367690686297465e+03
1.232588648062414305e-01 4.120404588267322652e+03
1.233724654432361151e-01 4.116436540327317744e+03
1.234861707794323304e-01 4.112463235682824234e+03
1.235999809113252912e-01 4.108484364448763699e+03
1.237138959354992657e-01 4.104499618042605107e+03
1.238279159486274095e-01 4.100508689188761309e+03
1.239420410474720430e-01 4.096511271923217464e+03
1.240562713288846375e-01 4.092507061598348173e+03
1.241706068898059401e-01 4.088495754888013835e+03
1.242850478272660847e-01 4.084477049792831622e+03
1.243995942383845643e-01 4.080450645645729765e+03
1.245142462203704253e-01 4.076416243117654176e+03
1.246290038705222675e-01 4.072373544223511999e+03
1.247438672862283687e-01 4.068322252328398463e+03
1.248588365649668519e-01 4.064262072153923782e+03
1.249739118043055597e-01 4.060192710458220517e+03
1.250890931019023322e-01 4.056113883755107508e+03
1.252043805555049794e-01 4.052025315587593468e+03
1.253197742629513778e-01 4.047926730931346356e+03
1.254352743221696931e-01 4.043817856092995953e+03
1.255508808311782132e-01 4.039698418717408458e+03
1.256665938880856259e-01 4.035568147795060668e+03
1.257824135910910190e-01 4.031426773669636987e+03
1.258983400384839357e-01 4.027274028045757859e+03
1.260143733286446799e-01 4.023109643996936029e+03
1.261305135600440663e-01 4.018933355973672406e+03
1.262467608312436707e-01 4.014744899811716550e+03
1.263631152408959679e-01 4.010544012740503604e+03
1.264795768877443882e-01 4.006330433391804036e+03
1.265961458706232334e-01 4.002103901808391583e+03
1.267128222884580380e-01 3.997864159453103184e+03
1.268296062402654301e-01 3.993610949217817051e+03
1.269464978251532428e-01 3.989344015432807282e+03
1.270634971423208470e-01 3.985063103876021614e+03
1.271806042910588463e-01 3.980767961782768452e+03
1.272978193707494099e-01 3.976458337855339778e+03
1.274151424808663280e-01 3.972133982272918729e+03
1.275325737209750954e-01 3.967794646701557667e+03
1.276501131907329112e-01 3.963440084304338143e+03
1.277677609898888456e-01 3.959070049751691840e+03
1.278855172182838951e-01 3.954684299231792011e+03
1.280033819758510383e-01 3.950282590461167729e+03
1.281213553626154578e-01 3.945864682695390911e+03
1.282394374786944569e-01 3.941430340298987176e+03
1.283576284242976262e-01 3.936979357105635700e+03
1.284759282997268715e-01 3.932511541555118129e+03
1.285943372053765521e-01 3.928026703543967869e+03
1.287128552417336480e-01 3.923524654356433985e+03
1.288314825093776483e-01 3.919005206674019973e+03
1.289502191089808014e-01 3.914468174584969347e+03
1.290690651413080592e-01 3.909913373593828055e+03
1.291880207072172992e-01 3.905340620631133334e+03
1.293070859076594359e-01 3.900749734063180313e+03
1.294262608436782536e-01 3.896140533701735876e+03
1.295455456164107955e-01 3.891512840813999901e+03
1.296649403270872525e-01 3.886866478132425982e+03
1.297844450770311020e-01 3.882201269864817732e+03
1.299040599676593022e-01 3.877517041704246822e+03
1.300237851004821532e-01 3.872813620839260238e+03
1.301436205771036303e-01 3.868090835963997506e+03
1.302635664992212172e-01 3.863348517288358380e+03
1.303836229686262393e-01 3.858586496548307423e+03
1.305037900872038636e-01 3.853804607016186765e+03
1.306240679569329877e-01 3.849002683511031591e+03
1.307444566798866836e-01 3.844180562408983405e+03
1.308649563582320041e-01 3.839338081653736481e+03
1.309855670942301209e-01 3.834475080767032068e+03
1.311062889902366024e-01 3.829591400859149871e+03
1.312271221487012196e-01 3.824686884639473647e+03
1.313480666721682233e-01 3.819761376427112282e+03
1.314691226632763166e-01 3.814814725106401511e+03
1.315902902247588491e-01 3.809846823298074924e+03
1.317115694594439002e-01 3.804857596473252215e+03
1.318329604702542235e-01 3.799846972106663088e+03
1.319544633602074968e-01 3.794814878923413744e+03
1.320760782324162941e-01 3.789761246905402913e+03
1.321978051900882245e-01 3.784686007297494598e+03
1.323196443365260988e-01 3.779589092613885441e+03
1.324415957751278738e-01 3.774470436644290203e+03
1.325636596093867636e-01 3.769329974460198173e+03
1.326858359428914336e-01 3.764167642421019536e+03
1.328081248793259450e-01 3.758983378180284490e+03
1.329305265224700605e-01 3.753777120691781874e+03
1.330530409761990496e-01 3.748548810215609137e+03
1.331756683444839939e-01 3.743298388324330062e+03
1.332984087313917043e-01 3.738025797908916502e+03
1.334212622410850535e-01 3.732730983184813340e+03
1.335442289778227820e-01 3.727413889697923878e+03
1.336673090459598312e-01 3.722074464330480168e+03
1.337905025499471767e-01 3.716712655306997476e+03
1.339138095943322171e-01 3.711328412200101866e+03
1.340372302837586349e-01 3.705921685936343238e+03
1.341607647229665079e-01 3.700492428802027007e+03
1.342844130167925309e-01 3.695040594448858428e+03
1.344081752701699606e-01 3.689566137899724708e+03
1.345320515881288093e-01 3.684069015554299767e+03
1.346560420757958731e-01 3.678549185211920303e+03
1.347801468383948154e-01 3.673006626664899613e+03
1.349043659812463047e-01 3.667441381402375555e+03
1.350286996097680436e-01 3.661853502839019256e+03
1.351531478294749899e-01 3.656243045226677168e+03
1.352777107459792183e-01 3.650610063654085934e+03
1.354023884649902254e-01 3.644954614046448114e+03
1.355271810923148745e-01 3.639276753165033369e+03
1.356520887338575898e-01 3.633576538606696886e+03
1.357771114956204117e-01 3.627854028803318215e+03
1.359022494837030248e-01 3.622109283021291958e+03
1.360275028043029799e-01 3.616342361360864743e+03
1.361528715637155829e-01 3.610553324755465837e+03
1.362783558683342000e-01 3.604742234971029120e+03
1.364039558246502581e-01 3.598909154605201820e+03
1.365296715392533000e-01 3.593054147086542343e+03
1.366555031188310954e-01 3.587177276673698998e+03
1.367814506701697796e-01 3.581278608454444111e+03
1.369075143001537986e-01 3.575358208344785453e+03
1.370336941157662969e-01 3.569416143087904857e+03
1.371599902240888680e-01 3.563452480253183239e+03
1.372864027323018599e-01 3.557467288235017804e+03
1.374129317476843748e-01 3.551460636251756114e+03
1.375395773776143526e-01 3.545432594344467361e+03
1.376663397295688207e-01 3.539383233375685904e+03
1.377932189111237826e-01 3.533312625028160710e+03
1.379202150299543295e-01 3.527220842018538860e+03
1.380473281938348895e-01 3.521107990486384551e+03
1.381745585106391450e-01 3.514974244288391674e+03
1.383019060883403095e-01 3.508819785668978056e+03
1.384293710350109619e-01 3.502644796920581939e+03
1.385569534588234342e-01 3.496449460375873059e+03
1.386846534680496179e-01 3.490233958399808671e+03
1.388124711710612413e-01 3.483998473381941494e+03
1.389404066763300083e-01 3.477743187728543489e+03
1.390684600924274594e-01 3.471468283854944275e+03
1.391966315280252497e-01 3.465173944177731755e+03
1.393249210918952041e-01 3.458860351107189217e+03
1.394533288929093728e-01 3.452527687039527336e+03
1.395818550400401981e-01 3.446176134349337644e+03
1.397104996423604861e-01 3.439805875382025079e+03
1.398392628090436018e-01 3.433417092446214156e+03
1.399681446493635517e-01 3.427009967806253826e+03
1.400971452726949840e-01 3.420584683674773714e+03
1.402262647885134383e-01 3.414141422205197614e+03
1.403555033063953184e-01 3.407680365484373397e+03
1.404848609360179745e-01 3.401201695525159266e+03
1.406143377871599542e-01 3.394705594259127338e+03
1.407439339697007519e-01 3.388192243529265397e+03
1.408736495936214472e-01 3.381661825082652740e+03
1.410034847690042337e-01 3.375114520563332462e+03
1.411334396060328622e-01 3.368550511505041868e+03
1.412635142149926137e-01 3.361969995036763976e+03
1.413937087062704656e-01 3.355373239910915800e+03
1.415240231903550361e-01 3.348760534594695400e+03
1.416544577778368064e-01 3.342132166560873429e+03
1.417850125794082317e-01 3.335488422274248933e+03
1.419156877058637689e-01 3.328829587179836381e+03
1.420464832680999323e-01 3.322155945691317811e+03
1.421773993771155431e-01 3.315467781179624581e+03
1.423084361440115908e-01 3.308765375961793325e+03
1.424395936799915663e-01 3.302049011289893770e+03
1.425708720963614340e-01 3.295318967340241670e+03
1.427022715045297430e-01 3.288575523202747263e+03
1.428337920160076546e-01 3.281818956870467446e+03
1.429654337424091648e-01 3.275049545229312571e+03
1.430971967954511315e-01 3.268267564048001987e+03
1.432290812869534136e-01 3.261473287968110981e+03
1.433610873288388154e-01 3.254666990494401034e+03
1.434932150331334477e-01 3.247848943985263759e+03
1.436254645119665052e-01 3.241019419643353103e+03
1.437578358775706000e-01 3.234178687506428560e+03
1.438903292422818725e-01 3.227327016438352530e+03
1.440229447185398526e-01 3.220464674120290510e+03
1.441556824188877928e-01 3.213591927042063162e+03
1.442885424559726126e-01 3.206709040493683005e+03
1.444215249425450653e-01 3.199816278833253818e+03
1.445546299914598765e-01 3.192913936627291150e+03
1.446878577156756884e-01 3.186002366845898450e+03
1.448212082282553381e-01 3.179081927161449585e+03
1.449546816423658291e-01 3.172152973149855825e+03
1.450882780712783870e-01 3.165215858280720568e+03
1.452219976283688208e-01 3.158270933907836024e+03
1.453558404271172722e-01 3.151318549260019154e+03
1.454898065811085217e-01 3.144359051432319575e+03
1.456238962040320439e-01 3.137392785377581276e+03
1.457581094096820074e-01 3.130420093898362211e+03
1.458924463119576631e-01 3.123441317639119461e+03
1.460269070248630119e-01 3.116456795078896903e+03
1.461614916625072758e-01 3.109466862524175212e+03
1.462962003391047316e-01 3.102471854102199359e+03
1.464310331689749889e-01 3.095472101754523919e+03
1.465659902665430725e-01 3.088467935231002684e+03
1.467010717463393676e-01 3.081459682084028827e+03
1.468362777229998140e-01 3.074447667663115226e+03
1.469716083112660998e-01 3.067432215109816298e+03
1.471070636259855235e-01 3.060413645352977255e+03
1.472426437821114376e-01 3.053392277104246205e+03
1.473783488947029152e-01 3.046368426853938672e+03
1.475141790789252227e-01 3.039342408867270024e+03
1.476501344500497082e-01 3.032314535197960140e+03
1.477862151234539401e-01 3.025285134743270191e+03
1.479224212146219020e-01 3.018254589431498971e+03
1.480587528391439645e-01 3.011223288277247775e+03
1.481952101127169408e-01 3.004191617267519632e+03
1.483317931511445309e-01 2.997159959359720233e+03
1.484685020703368219e-01 2.990128694480259128e+03
1.486053369863110374e-01 2.983098199523444691e+03
1.487422980151911489e-01 2.976068848350982989e+03
1.488793852732081258e-01 2.969041011791880919e+03
1.490165988767002681e-01 2.962015057642814554e+03
1.491539389421129014e-01 2.954991350668953146e+03
1.492914055859987377e-01 2.947970252605197857e+03
1.494289989250179029e-01 2.940952122157917529e+03
1.495667190759380205e-01 2.933937315007067355e+03
1.497045661556344054e-01 2.926926183808722271e+03
1.498425402810900364e-01 2.919919078198105581e+03
1.499806415693956951e-01 2.912916344792950440e+03
1.501188701377501045e-01 2.905918327197317467e+03
1.502572261034599566e-01 2.898925366005835713e+03
1.503957095839401625e-01 2.891937798808241951e+03
1.505343206967137692e-01 2.884955960194457930e+03
1.506730595594121536e-01 2.877980181759941388e+03
1.508119262897750779e-01 2.871010792111474984e+03
1.509509210056508011e-01 2.864048117870771875e+03
1.510900438249963840e-01 2.857092507502502940e+03
1.512292948658773284e-01 2.850144332146370743e+03
1.513686742464681600e-01 2.843203960692634610e+03
1.515081820850522065e-01 2.836271758564211723e+03
1.516478185000217915e-01 2.829348087726251833e+03
1.517875836098785125e-01 2.822433306696182626e+03
1.519274775332330185e-01 2.815527770554263043e+03
1.520675003888053434e-01 2.808631830954560428e+03
1.522076522954249056e-01 2.801745836136321941e+03
1.523479333720306472e-01 2.794870130935898487e+03
1.524883437376712558e-01 2.788005056798926034e+03
1.526288835115049147e-01 2.781150951793154036e+03
1.527695528127998026e-01 2.774308150621411642e+03
1.529103517609339546e-01 2.767476984635260123e+03
1.530512804753954015e-01 2.760657781848846298e+03
1.531923390757823911e-01 2.753850866953199329e+03
1.533335276818033333e-01 2.747056561330975001e+03
1.534748464132769663e-01 2.740275183071491483e+03
1.536162953901324402e-01 2.733507046986206205e+03
1.537578747324094552e-01 2.726752464624486947e+03
1.538995845602584289e-01 2.720011744289789931e+03
1.540414249939403846e-01 2.713285191056215353e+03
1.541833961538272568e-01 2.706573106933165036e+03
1.543254981604019194e-01 2.699875797987506303e+03
1.544677311342581849e-01 2.693193577420673137e+03
1.546100951961012215e-01 2.686526755899322779e+03
1.547525904667472474e-01 2.679875640765752451e+03
1.548952170671238915e-01 2.673240536057481677e+03
1.550379751182703048e-01 2.666621742527199785e+03
1.551808647413370490e-01 2.660019557663070373e+03
1.553238860575865132e-01 2.653434275709289523e+03
1.554670391883927194e-01 2.646866187687101046e+03
1.556103242552415722e-01 2.640315581415980887e+03
1.557537413797310533e-01 2.633782741535209880e+03
1.558972906835710270e-01 2.627267949525778022e+03
1.560409722885836847e-01 2.620771483732478828e+03
1.561847863167034611e-01 2.614293619386390674e+03
1.563287328899770623e-01 2.607834628627595521e+03
1.564728121305639097e-01 2.601394780528188221e+03
1.566170241607356961e-01 2.594974341115511834e+03
1.567613691028771072e-01 2.588573573395745370e+03
1.569058470794854332e-01 2.582192737377657977e+03
1.570504582131709292e-01 2.575832090096659158e+03
1.571952026266568991e-01 2.569491885639082284e+03
1.573400804427796396e-01 2.563172375166707752e+03
1.574850917844887732e-01 2.556873805740568514e+03
1.576302367748471378e-01 2.550596410163669589e+03
1.577755155370310081e-01 2.544340412223894418e+03
1.579209281943303456e-01 2.538106033002614367e+03
1.580664748701484934e-01 2.531893490965755063e+03
1.582121556880027036e-01 2.525703001987887546e+03
1.583579707715239981e-01 2.519534779376582719e+03
1.585039202444572803e-01 2.513389033896903129e+03
1.586500042306616953e-01 2.507265973796029812e+03
1.587962228541103804e-01 2.501165804828092405e+03
1.589425762388907426e-01 2.495088730279078391e+03
1.590890645092045974e-01 2.489034950991944697e+03
1.592356877893681688e-01 2.483004665391849358e+03
1.593824462038123946e-01 2.476998069511495487e+03
1.595293398770827875e-01 2.471015357016645339e+03
1.596763689338396019e-01 2.465056719231741226e+03
1.598235334988581113e-01 2.459122345165655588e+03
1.599708336970284139e-01 2.453212421537522459e+03
1.601182696533559602e-01 2.447327132802782216e+03
1.602658414929611919e-01 2.441466661179222683e+03
1.604135493410799584e-01 2.435631186673189859e+03
1.605613933230634893e-01 2.429820887105919155e+03
1.607093735643785604e-01 2.424035936460575613e+03
1.608574901906076882e-01 2.418276475487858079e+03
1.610057433274489636e-01 2.412542615728561486e+03
1.611541331007164402e-01 2.406834466271187466e+03
1.613026596363400234e-01 2.401152134721337006e+03
1.614513230603657756e-01 2.395495727221929428e+03
1.616001234989559165e-01 2.389865348473427275e+03
1.617490610783889338e-01 2.384261101754098036e+03
1.618981359250596663e-01 2.378683088940247217e+03
1.620473481654794712e-01 2.373131410526498712e+03
1.621966979262762509e-01 2.367606165646051977e+03
1.623461853341947314e-01 2.362107452091007872e+03
1.624958105160963784e-01 2.356635366332604008e+03
1.626455735989595364e-01 2.351190003541556962e+03
1.627954747098796784e-01 2.345771457608354467e+03
1.629455139760692672e-01 2.340379821163543966e+03
1.630956915248581995e-01 2.335015185598052540e+03
1.632460074836936115e-01 2.329677641083519575e+03
1.633964619801401008e-01 2.324367276592559392e+03
1.635470551418798379e-01 2.319084179919108010e+03
1.636977870967126492e-01 2.313828437698720336e+03
1.638486579725562664e-01 2.308600135428887825e+03
1.639996678974461886e-01 2.303399349193448870e+03
1.641508169995359312e-01 2.298226095823883952e+03
1.643021054070972486e-01 2.293080366736206543e+03
1.644535332485198564e-01 2.287962153003617004e+03
1.646051006523120974e-01 2.282871445462156771e+03
1.647568077471005532e-01 2.277808234719927896e+03
1.649086546616303772e-01 2.272772511166243930e+03
1.650606415247655723e-01 2.267764264980787630e+03
1.652127684654885464e-01 2.262783486142741822e+03
1.653650356129009458e-01 2.257830164439802957e+03
1.655174430962231824e-01 2.252904289477289694e+03
1.656699910447947954e-01 2.248005850687114616e+03
1.658226795880746451e-01 2.243134837336796863e+03
1.659755088556408020e-01 2.238291238538373364e+03
1.661284789771907411e-01 2.233475043257345533e+03
1.662815900825415361e-01 2.228686240321553669e+03
1.664348423016298595e-01 2.223924818430026335e+03
1.665882357645122047e-01 2.219190766161837018e+03
1.667417706013648582e-01 2.214484071984853927e+03
1.668954469424841214e-01 2.209804724264555716e+03
1.670492649182863942e-01 2.205152711272733541e+03
1.672032246593081750e-01 2.200528018810304275e+03
1.673573262962064490e-01 2.195930580301047485e+03
1.675115699597584662e-01 2.191360278662725705e+03
1.676659557808620749e-01 2.186816995516704083e+03
1.678204838905357210e-01 2.182300613308816537e+03
1.679751544199186430e-01 2.177811015304727334e+03
1.681299675002709548e-01 2.173348085585332228e+03
1.682849232629737291e-01 2.168911709042140046e+03
1.684400218395290805e-01 2.164501771372794792e+03
1.685952633615603602e-01 2.160118159076528173e+03
1.687506479608122112e-01 2.155760759449715806e+03
1.689061757691507903e-01 2.151429460581412513e+03
1.690618469185636574e-01 2.147124151349021304e+03
1.692176615411600804e-01 2.142844721413858679e+03
1.693736197691710910e-01 2.138591061216871367e+03
1.695297217349494845e-01 2.134363061974336233e+03
1.696859675709702642e-01 2.130160615673583379e+03
1.698423574098303357e-01 2.125983615068802919e+03
1.699988913842488680e-01 2.121831953676827652e+03
1.701555696270673490e-01 2.117705525772984856e+03
1.703123922712496685e-01 2.113604226386985374e+03
1.704693594498823406e-01 2.109527946599864663e+03
1.706264712961745034e-01 2.105476511916228446e+03
1.707837279434580302e-01 2.101449700021059925e+03
1.709411295251876961e-01 2.097447289089580863e+03
1.710986761749412333e-01 2.093469058935134854e+03
1.712563680264196364e-01 2.089514790991420796e+03
1.714142052134469685e-01 2.085584268294964659e+03
1.715721878699706660e-01 2.081677275467778145e+03
1.717303161300616776e-01 2.077793598700234270e+03
1.718885901279143813e-01 2.073933025734161220e+03
1.720470099978470280e-01 2.070095345846087639e+03
1.722055758743015197e-01 2.066280349830784417e+03
1.723642878918437149e-01 2.062487829984899236e+03
1.725231461851634562e-01 2.058717580090857155e+03
1.726821508890747370e-01 2.054969395400942176e+03
1.728413021385159232e-01 2.051243072621527972e+03
1.730006000685495315e-01 2.047538409897572365e+03
1.731600448143626458e-01 2.043855206797245955e+03
1.733196365112671389e-01 2.040193264296732195e+03
1.734793752946991729e-01 2.036552384765291436e+03
1.736392613002201435e-01 2.032932371927908434e+03
1.737992946635161517e-01 2.029333009685052048e+03
1.739594755203984211e-01 2.025754022988255429e+03
1.741198040068034081e-01 2.022195127985962245e+03
1.742802802587927191e-01 2.018656042786642956e+03
1.744409044125534713e-01 2.015136487435953541e+03
1.746016766043982094e-01 2.011636183894337819e+03
1.747625969707651827e-01 2.008154856014972438e+03
1.749236656482184016e-01 2.004692229522094749e+03
1.750848827734476643e-01 2.001248031989687206e+03
1.752462484832687795e-01 1.997821992820539435e+03
1.754077629146236772e-01 1.994413843225641358e+03
1.755694262045804088e-01 1.991023316204005823e+03
1.757312384903335356e-01 1.987650146522714294e+03
1.758931999092038789e-01 1.984294070697455936e+03
1.760553105986389366e-01 1.980954826973277477e+03
1.762175706962127997e-01 1.977632155305788274e+03
1.763799803396263466e-01 1.974325797342610258e+03
1.765425396667075209e-01 1.971035496405201229e+03
1.767052488154111645e-01 1.967760997471028077e+03
1.768681079238192400e-01 1.964502047155991477e+03
1.770311171301410524e-01 1.961258374302088214e+03
1.771942765727131663e-01 1.958029630242856911e+03
1.773575863899998772e-01 1.954815448312168201e+03
1.775210467205928788e-01 1.951615464187216730e+03
1.776846577032116514e-01 1.948429315864202408e+03
1.778484194767035731e-01 1.945256643634720604e+03
1.780123321800438640e-01 1.942097090062743973e+03
1.781763959523360308e-01 1.938950299962317558e+03
1.783406109328116718e-01 1.935815920375851192e+03
1.785049772608306440e-01 1.932693600553122906e+03
1.786694950758813405e-01 1.929582991930822573e+03
1.788341645175806627e-01 1.926483748112818148e+03
1.789989857256742700e-01 1.923395524850966694e+03
1.791639588400365246e-01 1.920317980026603436e+03
1.793290840006706577e-01 1.917250773632574919e+03
1.794943613477091859e-01 1.914193567755926324e+03
1.796597910214134119e-01 1.911146026561156759e+03
1.798253731621742291e-01 1.908107816274074139e+03
1.799911079105117606e-01 1.905078605166233956e+03
1.801569954070756097e-01 1.902058063682679403e+03
1.803230357926452199e-01 1.899045883853539635e+03
1.804892292081294314e-01 1.896041798850557143e+03
1.806555757945672858e-01 1.893045548155668712e+03
1.808220756931276652e-01 1.890056872827798088e+03
1.809887290451095143e-01 1.887075515492954082e+03
1.811555359919421737e-01 1.884101220334653362e+03
1.813224966751850742e-01 1.881133733084773894e+03
1.814896112365283753e-01 1.878172801014635070e+03
1.816568798177926880e-01 1.875218172926528950e+03
1.818243025609292962e-01 1.872269599145506390e+03
1.819918796080204904e-01 1.869326831511529917e+03
1.821596111012792063e-01 1.866389623371974267e+03
1.823274971830498026e-01 1.863457729574409541e+03
1.824955379958075885e-01 1.860530906459744074e+03
1.826637336821592128e-01 1.857608911855673114e+03
1.828320843848429134e-01 1.854691505070434005e+03
1.830005902467282397e-01 1.851778446886894471e+03
1.831692514108166081e-01 1.848869499556940809e+03
1.833380680202411628e-01 1.845964426796161888e+03
1.835070402182669147e-01 1.843062979420218198e+03
1.836761681482911301e-01 1.840164815246153694e+03
1.838454519538428311e-01 1.837269555997631869e+03
1.840148917785837390e-01 1.834376825659820952e+03
1.841844877663077751e-01 1.831486250582650655e+03
1.843542400609413379e-01 1.828597459476017775e+03
1.845241488065437196e-01 1.825710083405722798e+03
1.846942141473066068e-01 1.822823755790185714e+03
1.848644362275549680e-01 1.819938112397879422e+03
1.850348151917465267e-01 1.817052791345496644e+03
1.852053511844722056e-01 1.814167433096847844e+03
1.853760443504563482e-01 1.811281680462477880e+03
1.855468948345563307e-01 1.808395178599954761e+03
1.857179027817634220e-01 1.805507575014912163e+03
1.858890683372023123e-01 1.802618519562720167e+03
1.860603916461314178e-01 1.799727664450901557e+03
1.862318728539432422e-01 1.796834664242144299e+03
1.864035121061639599e-01 1.793939175858059798e+03
1.865753095484541657e-01 1.791040858583534828e+03
1.867472653266085969e-01 1.788139373344109345e+03
1.869193795865562446e-01 1.785234377619006182e+03
1.870916524743608256e-01 1.782325528514496227e+03
1.872640841362205044e-01 1.779412485567398789e+03
1.874366747184682269e-01 1.776494910770739125e+03
1.876094243675718032e-01 1.773572468582164902e+03
1.877823332301340187e-01 1.770644825932981121e+03
1.879554014528929118e-01 1.767711652237850330e+03
1.881286291827215518e-01 1.764772619405041951e+03
1.883020165666285106e-01 1.761827401847333931e+03
1.884755637517578075e-01 1.758875676493484661e+03
1.886492708853889921e-01 1.755917122800288325e+03
1.888231381149375887e-01 1.752951422765221423e+03
1.889971655879547352e-01 1.749978260939642269e+03
1.891713534521276552e-01 1.746997324442538229e+03
1.893457018552798243e-01 1.744008302974845265e+03
1.895202109453706096e-01 1.741010888834277466e+03
1.896948808704961298e-01 1.738004776930698426e+03
1.898697117788887834e-01 1.734989664803114238e+03
1.900447038189175542e-01 1.731965268706012466e+03
1.902198571390883997e-01 1.728931363911047583e+03
1.903951718880438071e-01 1.725887740253220500e+03
1.905706482145635705e-01 1.722834189660909487e+03
1.907462862675644300e-01 1.719770506169017381e+03
1.909220861961004045e-01 1.716696485932333189e+03
1.910980481493630145e-01 1.713611927239067882e+03
1.912741722766810037e-01 1.710516630524635730e+03
1.914504587275210334e-01 1.707410398385612780e+03
1.916269076514873493e-01 1.704293035593901777e+03
1.918035191983221144e-01 1.701164349111056254e+03
1.919802935179056314e-01 1.698024148102819481e+03
1.921572307602560092e-01 1.694872243953804627e+03
1.923343310755300239e-01 1.691708450282371587e+03
1.925115946140225631e-01 1.688532582955624775e+03
1.926890215261670980e-01 1.685344460104618292e+03
1.928666119625358777e-01 1.682143902139637476e+03
1.930443660738396794e-01 1.678930731765687597e+03
1.932222840109283912e-01 1.675704776282836519e+03
1.934003659247908735e-01 1.672465895866516348e+03
1.935786119665550420e-01 1.669213974571764993e+03
1.937570222874883397e-01 1.665948898852843513e+03
1.939355970389972650e-01 1.662670557101075019e+03
1.941143363726282323e-01 1.659378839656444825e+03
1.942932404400670721e-01 1.656073638819259941e+03
1.944723093931395030e-01 1.652754848861771961e+03
1.946515433838112707e-01 1.649422366039786311e+03
1.948309425641879256e-01 1.646076088604301958e+03
1.950105070865154611e-01 1.642715916813090416e+03
1.951902371031800643e-01 1.639341752942291578e+03
1.953701327667083376e-01 1.635953501297976118e+03
1.955501942297676599e-01 1.632551068227643327e+03
1.957304216451657419e-01 1.629134362131772832e+03
1.959108151658515429e-01 1.625703293475225109e+03
1.960913749449146870e-01 1.622257774798688615e+03
1.962721011355859912e-01 1.618797720730053697e+03
1.964529938912376039e-01 1.615323050250792676e+03
1.966340533653828659e-01 1.611833731397197653e+03
1.968152797116766439e-01 1.608329778249742049e+03
1.969966730839154967e-01 1.604811207939084170e+03
1.971782336360375643e-01 1.601278038894396332e+03
1.973599615221231229e-01 1.597730290845581976e+03
1.975418568963941968e-01 1.594167984825362510e+03
1.977239199132151126e-01 1.590591143171249087e+03
1.979061507270923892e-01 1.586999789527431403e+03
1.980885494926748758e-01 1.583393948846543026e+03
1.982711163647541963e-01 1.579773647391285067e+03
1.984538514982644164e-01 1.576138912735980966e+03
1.986367550482824318e-01 1.572489773767977113e+03
1.988198271700281072e-01 1.568826260688942966e+03
1.990030680188643319e-01 1.565148405016067727e+03
1.991864777502972694e-01 1.561456239583099432e+03
1.993700565199763020e-01 1.557749798541290374e+03
1.995538044836942249e-01 1.554029117360229066e+03
1.997377217973876906e-01 1.550294238793263958e+03
1.999218086171366260e-01 1.546545265986411550e+03
2.001060650991652312e-01 1.542782336555125767e+03
2.002904913998414527e-01 1.539005588862645027e+03
2.004750876756773992e-01 1.535215161609563665e+03
2.006598540833295363e-01 1.531411193825145574e+03
2.008447907795984366e-01 1.527593824858630569e+03
2.010298979214295290e-01 1.523763194370535075e+03
2.012151756659126822e-01 1.519919442323936210e+03
2.014006241702825106e-01 1.516062708975760415e+03
2.015862435919187901e-01 1.512193134868045718e+03
2.017720340883459584e-01 1.508310860819216941e+03
2.019579958172340595e-01 1.504416027915343648e+03
2.021441289363981320e-01 1.500508777501399891e+03
2.023304336037987650e-01 1.496589251172517606e+03
2.025169099775422921e-01 1.492657590765230680e+03
2.027035582158803750e-01 1.488713938348733109e+03
2.028903784772109753e-01 1.484758436325960247e+03
2.030773709200777710e-01 1.480791254407914266e+03
2.032645357031705458e-01 1.476812624522621945e+03
2.034518729853255770e-01 1.472822786555706216e+03
2.036393829255251919e-01 1.468821979512377311e+03
2.038270656828985450e-01 1.464810441501532296e+03
2.040149214167213121e-01 1.460788409720155869e+03
2.042029502864158852e-01 1.456756120437970594e+03
2.043911524515518996e-01 1.452713808982318596e+03
2.045795280718455678e-01 1.448661709723326567e+03
2.047680773071607618e-01 1.444600056059310418e+03
2.049568003175084308e-01 1.440529080402430509e+03
2.051456972630470443e-01 1.436449014164607888e+03
2.053347683040828708e-01 1.432360087743701115e+03
2.055240136010695329e-01 1.428262530509934777e+03
2.057134333146089233e-01 1.424156570792545381e+03
2.059030276054507058e-01 1.420042435866751930e+03
2.060927966344927864e-01 1.415920351940893852e+03
2.062827405627814803e-01 1.411790555885190997e+03
2.064728595515112064e-01 1.407653338752312038e+03
2.066631537620252923e-01 1.403509006030486489e+03
2.068536233558156134e-01 1.399357861107427198e+03
2.070442684945227874e-01 1.395200205252488558e+03
2.072350893399366178e-01 1.391036337601830610e+03
2.074260860539959006e-01 1.386866555144141557e+03
2.076172587987886731e-01 1.382691152706891216e+03
2.078086077365523809e-01 1.378510422943156982e+03
2.080001330296739337e-01 1.374324656318935695e+03
2.081918348406900932e-01 1.370134141101031219e+03
2.083837133322872237e-01 1.365939163345452926e+03
2.085757686673017086e-01 1.361740006886333276e+03
2.087680010087199778e-01 1.357536953325359491e+03
2.089604105196786743e-01 1.353330282021734774e+03
2.091529973634649042e-01 1.349120270082631123e+03
2.093457617035161533e-01 1.344907192354150538e+03
2.095387037034205091e-01 1.340691329855059394e+03
2.097318235269169384e-01 1.336472998128644576e+03
2.099251213378951764e-01 1.332252519943608831e+03
2.101185973003962260e-01 1.328030215075551496e+03
2.103122515786120805e-01 1.323806400299532697e+03
2.105060843368860291e-01 1.319581389383641863e+03
2.107000957397131558e-01 1.315355493083232659e+03
2.108942859517396184e-01 1.311129019135886665e+03
2.110886551377638420e-01 1.306902272257015056e+03
2.112832034627358246e-01 1.302675554136187429e+03
2.114779310917576371e-01 1.298449163434070670e+03
2.116728381900837286e-01 1.294223395780050623e+03
2.118679249231204265e-01 1.289998543770503375e+03
2.120631914564269360e-01 1.285774896967672248e+03
2.122586379557148129e-01 1.281552741899200328e+03
2.124542645868483515e-01 1.277332362058275066e+03
2.126500715158448906e-01 1.273114038001126346e+03
2.128460589088744803e-01 1.268898058254345869e+03
2.130422269322606033e-01 1.264684729118089990e+03
2.132385757524798697e-01 1.260474355789733181e+03
2.134351055361623228e-01 1.256267239985043261e+03
2.136318164500917993e-01 1.252063679942851422e+03
2.138287086612054300e-01 1.247863970430464406e+03
2.140257823365946388e-01 1.243668402749697179e+03
2.142230376435045602e-01 1.239477264743651176e+03
2.144204747493345387e-01 1.235290840804094159e+03
2.146180938216384060e-01 1.231109411879539266e+03
2.148158950281239821e-01 1.226933255483938865e+03
2.150138785366541017e-01 1.222762645705993691e+03
2.152120445152460593e-01 1.218597853219101808e+03
2.154103931320720255e-01 1.214439145291898058e+03
2.156089245554593525e-01 1.210286785799372637e+03
2.158076389538901296e-01 1.206141035234586752e+03
2.160065364960021828e-01 1.202002151567297915e+03
2.162056173505884638e-01 1.197870395710659977e+03
2.164048816865975777e-01 1.193746027985807814e+03
2.166043296731339496e-01 1.189629305260998308e+03
2.168039614794576020e-01 1.185520480952426624e+03
2.170037772749847937e-01 1.181419805039858375e+03
2.172037772292878255e-01 1.177327524082799300e+03
2.174039615120952618e-01 1.173243881237180631e+03
2.176043302932922363e-01 1.169169116272579913e+03
2.178048837429201745e-01 1.165103465589893403e+03
2.180056220311775428e-01 1.161047162239516183e+03
2.182065453284194601e-01 1.157000435940029547e+03
2.184076538051580585e-01 1.152963513097266969e+03
2.186089476320628167e-01 1.148936616823925533e+03
2.188104269799602541e-01 1.144919966959528665e+03
2.190120920198344867e-01 1.140913780090867704e+03
2.192139429228271985e-01 1.136918269393062701e+03
2.194159798602376699e-01 1.132933641952628932e+03
2.196182030035233046e-01 1.128960099393852488e+03
2.198206125242993525e-01 1.124997840183292965e+03
2.200232085943392424e-01 1.121047059718384617e+03
2.202259913855747764e-01 1.117107950349575958e+03
2.204289610700961299e-01 1.113180701402839532e+03
2.206321178201522404e-01 1.109265499202472711e+03
2.208354618081506404e-01 1.105362527094208872e+03
2.210389932066577912e-01 1.101471965468642338e+03
2.212427121883993597e-01 1.097593991784915715e+03
2.214466189262598306e-01 1.093728780594721911e+03
2.216507135932835049e-01 1.089876503566542397e+03
2.218549963626738064e-01 1.086037329510156269e+03
2.220594674077939201e-01 1.082211424401413296e+03
2.222641269021669030e-01 1.078398951407223421e+03
2.224689750194754623e-01 1.074600069994790829e+03
2.226740119335627044e-01 1.070814923581480798e+03
2.228792378184317746e-01 1.067043643023747336e+03
2.230846528482461344e-01 1.063286356563918844e+03
2.232902571973300332e-01 1.059543190103535608e+03
2.234960510401679812e-01 1.055814267226326137e+03
2.237020345514056652e-01 1.052099709221255807e+03
2.239082079058495600e-01 1.048399635105698053e+03
2.241145712784672062e-01 1.044714161648734034e+03
2.243211248443876260e-01 1.041043403394528696e+03
2.245278687789009076e-01 1.037387472685824832e+03
2.247348032574590093e-01 1.033746479687521060e+03
2.249419284556754273e-01 1.030120532410323904e+03
2.251492445493255001e-01 1.026509736734511307e+03
2.253567517143467980e-01 1.022914196433731263e+03
2.255644501268385949e-01 1.019334013198910156e+03
2.257723399630629235e-01 1.015769282725384642e+03
2.259804213994440203e-01 1.012220074948256411e+03
2.261886946125687137e-01 1.008686449296199498e+03
2.263971597791868406e-01 1.005168463701774840e+03
2.266058170762106638e-01 1.001666174635702532e+03
2.268146666807160095e-01 9.981796371252718245e+02
2.270237087699415734e-01 9.947089047727596380e+02
2.272329435212894488e-01 9.912540297738036088e+02
2.274423711123254865e-01 9.878150629357712660e+02
2.276519917207786847e-01 9.843920536961327343e+02
2.278618055245423824e-01 9.809850501407415777e+02
2.280718127016735375e-01 9.775940990221713491e+02
2.282820134303932547e-01 9.742192457779617598e+02
2.284924078890871180e-01 9.708605345488685998e+02
2.287029962563047469e-01 9.675180081970623860e+02
2.289137787107606847e-01 9.641917079194140570e+02
2.291247554313339541e-01 9.608816512644995100e+02
2.293359265970684457e-01 9.575878212438115042e+02
2.295472923871733351e-01 9.543101976620321238e+02
2.297588529810224989e-01 9.510487599333127946e+02
2.299706085581555981e-01 9.478034870891717674e+02
2.301825592982774393e-01 9.445743577863572682e+02
2.303947053812585855e-01 9.413613503146441417e+02
2.306070469871354389e-01 9.381644426045841101e+02
2.308195842961102140e-01 9.349836122352148777e+02
2.310323174885512421e-01 9.318188364416923832e+02
2.312452467449931104e-01 9.286700921229048618e+02
2.314583722461366899e-01 9.255373558489995958e+02
2.316716941728496071e-01 9.224206038688843137e+02
2.318852127061660218e-01 9.193198121176618542e+02
2.320989280272869881e-01 9.162349562231006530e+02
2.323128403175805379e-01 9.131659993821120906e+02
2.325269497585817913e-01 9.101128623045365202e+02
2.327412565319934568e-01 9.070754569021129328e+02
2.329557608196853868e-01 9.040536956485134397e+02
2.331704628036951610e-01 9.010474915755249867e+02
2.333853626662283076e-01 8.980567582692709721e+02
2.336004605896579434e-01 8.950814098664759513e+02
2.338157567565255501e-01 8.921213610507222711e+02
2.340312513495407809e-01 8.891765270487634325e+02
2.342469445515815152e-01 8.862468236268649662e+02
2.344628365456945529e-01 8.833321670871403057e+02
2.346789275150948928e-01 8.804324742639590795e+02
2.348952176431668426e-01 8.775476625203365302e+02
2.351117071134634917e-01 8.746776497443870539e+02
2.353283961097071275e-01 8.718223543457785354e+02
2.355452848157895129e-01 8.689816828054888447e+02
2.357623734157715534e-01 8.661554858159286141e+02
2.359796620938841849e-01 8.633435994701848131e+02
2.361971510345279024e-01 8.605458614570450209e+02
2.364148404222731759e-01 8.577621110449479147e+02
2.366327304418607558e-01 8.549921890650676914e+02
2.368508212782013400e-01 8.522359378946455308e+02
2.370691131163763510e-01 8.494932014405819700e+02
2.372876061416376303e-01 8.467638251232539233e+02
2.375063005394077442e-01 8.440476558605990931e+02
2.377251964952803720e-01 8.413445420524144538e+02
2.379442941950198342e-01 8.386543335649115534e+02
2.381635938245620920e-01 8.359768817154864564e+02
2.383830955700141918e-01 8.333120392577322946e+02
2.386027996176547650e-01 8.306596603615896584e+02
2.388227061539343055e-01 8.280195865459803599e+02
2.390428153654747812e-01 8.253916162863073396e+02
2.392631274390705498e-01 8.227755413475833848e+02
2.394836425616878872e-01 8.201711557049083012e+02
2.397043609204653758e-01 8.175782555204339133e+02
2.399252827027143209e-01 8.149966391207997276e+02
2.401464080959182790e-01 8.124261069750501747e+02
2.403677372877339458e-01 8.098664616730142143e+02
2.405892704659908232e-01 8.073175079041452591e+02
2.408110078186914138e-01 8.047790524368135721e+02
2.410329495340118588e-01 8.022509040980380632e+02
2.412550958003011614e-01 7.997328737536596464e+02
2.414774468060824630e-01 7.972247742889383062e+02
2.417000027400523776e-01 7.947264205895766054e+02
2.419227637910813800e-01 7.922376288240293434e+02
2.421457301482142777e-01 7.897581895950596618e+02
2.423689020006698780e-01 7.872878598850136314e+02
2.425922795378414321e-01 7.848263969849066370e+02
2.428158629492967735e-01 7.823735609198050724e+02
2.430396524247784018e-01 7.799291144252792947e+02
2.432636481542038154e-01 7.774928229245624607e+02
2.434878503276654282e-01 7.750644545064169506e+02
2.437122591354309031e-01 7.726437799036812066e+02
2.439368747679431793e-01 7.702305724725040363e+02
2.441616974158207776e-01 7.678246081722273857e+02
2.443867272698579951e-01 7.654256655459336116e+02
2.446119645210248494e-01 7.630335257016248534e+02
2.448374093604673840e-01 7.606479722940304100e+02
2.450630619795078347e-01 7.582687915070318923e+02
2.452889225696446573e-01 7.558957684258032259e+02
2.455149913225530833e-01 7.535286720109986618e+02
2.457412684300847028e-01 7.511672679694058843e+02
2.459677540842680199e-01 7.488113248223124856e+02
2.461944484773087027e-01 7.464606138919562000e+02
2.464213518015891669e-01 7.441149092856442167e+02
2.466484642496695467e-01 7.417739878805565468e+02
2.468757860142871963e-01 7.394376293092238939e+02
2.471033172883571605e-01 7.371056159456765045e+02
2.473310582649724532e-01 7.347777328922256856e+02
2.475590091374036961e-01 7.324537679668991359e+02
2.477871700990999793e-01 7.301335116914682430e+02
2.480155413436885004e-01 7.278167572801056622e+02
2.482441230649748976e-01 7.255033006286206501e+02
2.484729154569436937e-01 7.231929393852087742e+02
2.487019187137577136e-01 7.208854612482718949e+02
2.489311330297592495e-01 7.185806475805370610e+02
2.491605585994693395e-01 7.162782824724711190e+02
2.493901956175883783e-01 7.139781529428346403e+02
2.496200442789965057e-01 7.116800489306299369e+02
2.498501047787528850e-01 7.093837632876745829e+02
2.500803773120970352e-01 7.070890917717694037e+02
2.503108620744480817e-01 7.047958330404647995e+02
2.505415592614053111e-01 7.025037886453949341e+02
2.507724690687485047e-01 7.002127630271739918e+02
2.510035916924374111e-01 6.979225635108255119e+02
2.512349273286128559e-01 6.956330003017426407e+02
2.514664761735961873e-01 6.933438864821553125e+02
2.516982384238897752e-01 6.910550385324486342e+02
2.519302142761771779e-01 6.887662870548460887e+02
2.521624039273228646e-01 6.864774761775026946e+02
2.523948075743732145e-01 6.841884530332303029e+02
2.526274254145559062e-01 6.818990673142211563e+02
2.528602576452804729e-01 6.796091712709815056e+02
2.530933044641385798e-01 6.773186197115441018e+02
2.533265660689035248e-01 6.750272700009869595e+02
2.535600426575314037e-01 6.727349820612012081e+02
2.537937344281604446e-01 6.704416183709440702e+02
2.540276415791115627e-01 6.681470439661218279e+02
2.542617643088885826e-01 6.658511264403143741e+02
2.544961028161779604e-01 6.635537359455264550e+02
2.547306572998496166e-01 6.612547451931447995e+02
2.549654279589566030e-01 6.589540300301982825e+02
2.552004149927353249e-01 6.566514778484261114e+02
2.554356186006060958e-01 6.543469855837880687e+02
2.556710389821728047e-01 6.520404526978371678e+02
2.559066763372233044e-01 6.497317809808140510e+02
2.561425308657296340e-01 6.474208745529954285e+02
2.563786027678481294e-01 6.451076398661115263e+02
2.566148922439196456e-01 6.427919857048299264e+02
2.568513994944696122e-01 6.404738231882934087e+02
2.570881247202082553e-01 6.381530657717086115e+02
2.573250681220309311e-01 6.358296292479584508e+02
2.575622299010178473e-01 6.335034317492642231e+02
2.577996102584348970e-01 6.311743937488250822e+02
2.580372093957333246e-01 6.288424380625103822e+02
2.582750275145498930e-01 6.265074933104269803e+02
2.585130648167073830e-01 6.241695129511949744e+02
2.587513215042144821e-01 6.218284614284434610e+02
2.589897977792662287e-01 6.194843050319356053e+02
2.592284938442437903e-01 6.171370118725069460e+02
2.594674099017149071e-01 6.147865518816970507e+02
2.597065461544342813e-01 6.124328968112619123e+02
2.599459028053429654e-01 6.100760202325990349e+02
2.601854800575695292e-01 6.077158975360194972e+02
2.604252781144295592e-01 6.053525059299226996e+02
2.606652971794259921e-01 6.029858244398311626e+02
2.609055374562494478e-01 6.006158339072864010e+02
2.611459991487780630e-01 5.982425169886165577e+02
2.613866824610782125e-01 5.958658582685889087e+02
2.616275875974039544e-01 5.934858566179694890e+02
2.618687147621978628e-01 5.911025359380005284e+02
2.621100641600909720e-01 5.887159239410665350e+02
2.623516359959025546e-01 5.863260495206275209e+02
2.625934304746411763e-01 5.839329427468788936e+02
2.628354478015038631e-01 5.815366348622649184e+02
2.630776881818770452e-01 5.791371582768211965e+02
2.633201518213365011e-01 5.767345465633667345e+02
2.635628389256470805e-01 5.743288344525409457e+02
2.638057497007637031e-01 5.719200578276634133e+02
2.640488843528309704e-01 5.695082537194452925e+02
2.642922430881832763e-01 5.670934603005359804e+02
2.645358261133456401e-01 5.646757168798899329e+02
2.647796336350328184e-01 5.622550681035684192e+02
2.650236658601506368e-01 5.598315860171943541e+02
2.652679229957952689e-01 5.574053534308324060e+02
2.655124052492538467e-01 5.549764535806447157e+02
2.657571128280046824e-01 5.525449700978517740e+02
2.660020459397170467e-01 5.501109870003002698e+02
2.662472047922518903e-01 5.476745886839454442e+02
2.664925895936615108e-01 5.452358599142748972e+02
2.667382005521899968e-01 5.427948858176453086e+02
2.669840378762736721e-01 5.403517518725607260e+02
2.672301017745403739e-01 5.379065439008751355e+02
2.674763924558107853e-01 5.354593480589228420e+02
2.677229101290977131e-01 5.330102508285896192e+02
2.679696550036066438e-01 5.305593404005679758e+02
2.682166272887361314e-01 5.281067256007987680e+02
2.684638271940772980e-01 5.256525305523630323e+02
2.687112549294147779e-01 5.231968793583758952e+02
2.689589107047264394e-01 5.207398957011338325e+02
2.692067947301836073e-01 5.182817028320068857e+02
2.694549072161513958e-01 5.158224235614175086e+02
2.697032483731888197e-01 5.133621802489126367e+02
2.699518184120488495e-01 5.109010947933318221e+02
2.702006175436788005e-01 5.084392886230697854e+02
2.704496459792202767e-01 5.059768826864373636e+02
2.706989039300096156e-01 5.035139974421090301e+02
2.709483916075779431e-01 5.010507528496860914e+02
2.711981092236511737e-01 4.985872694764894391e+02
2.714480569901505103e-01 4.961236908445102358e+02
2.716982351191923328e-01 4.936601817578265354e+02
2.719486438230887537e-01 4.911969064354693728e+02
2.721992833143473400e-01 4.887340276005999726e+02
2.724501538056715577e-01 4.862717064723174190e+02
2.727012555099609936e-01 4.838101027578223352e+02
2.729525886403112445e-01 4.813493746449597097e+02
2.732041534100146940e-01 4.788896787951134115e+02
2.734559500325599579e-01 4.764311703364729738e+02
2.737079787216324389e-01 4.739740028576462691e+02
2.739602396911147708e-01 4.715183284016271159e+02
2.742127331550862634e-01 4.690642974601293531e+02
2.744654593278239574e-01 4.666120603336054842e+02
2.747184184238021243e-01 4.641617871019079189e+02
2.749716106576927110e-01 4.617136627124895654e+02
2.752250362443657838e-01 4.592678701710852351e+02
2.754786953988889731e-01 4.568245900644544690e+02
2.757325883365285835e-01 4.543840005592105626e+02
2.759867152727490947e-01 4.519462774012556565e+02
2.762410764232134386e-01 4.495115939158111473e+02
2.764956720037837767e-01 4.470801210080016972e+02
2.767505022305206119e-01 4.446520271640412147e+02
2.770055673196840651e-01 4.422274784529471390e+02
2.772608674877332646e-01 4.398066385288279889e+02
2.775164029513270125e-01 4.373896686336976245e+02
2.777721739273238399e-01 4.349767306508913407e+02
2.780281806327818406e-01 4.325680057755579924e+02
2.782844232849595034e-01 4.301636817193358411e+02
2.785409021013153796e-01 4.277639430774896141e+02
2.787976172995083601e-01 4.253689712977227373e+02
2.790545690973982862e-01 4.229789446901292536e+02
2.793117577130452833e-01 4.205940384378756107e+02
2.795691833647108715e-01 4.182144246085703685e+02
2.798268462708575766e-01 4.158402721663322268e+02
2.800847466501490968e-01 4.134717469845283517e+02
2.803428847214511910e-01 4.111090118591407077e+02
2.806012607038305129e-01 4.087522265228066090e+02
2.808598748165564429e-01 4.064015476772281090e+02
2.811187272790999225e-01 4.040571339657662975e+02
2.813778183111342868e-01 4.017191526033756190e+02
2.816371481325355974e-01 3.993877691001493417e+02
2.818967169633820324e-01 3.970631455590012706e+02
2.821565250239551625e-01 3.947454406963512952e+02
2.824165725347392297e-01 3.924348098634878284e+02
2.826768597164216468e-01 3.901314050685347752e+02
2.829373867898937189e-01 3.878353749990347978e+02
2.831981539762495337e-01 3.855468650451305734e+02
2.834591614967876816e-01 3.832660173232918623e+02
2.837204095730103126e-01 3.809929707006047011e+02
2.839818984266237467e-01 3.787278608195807692e+02
2.842436282795389180e-01 3.764708202079813759e+02
2.845055993538709860e-01 3.742219791020179400e+02
2.847678118719398355e-01 3.719814650935252303e+02
2.850302660562704649e-01 3.697494026253451693e+02
2.852929621295926532e-01 3.675259130115886137e+02
2.855559003148417929e-01 3.653111144655436533e+02
2.858190808351585566e-01 3.631051221279898300e+02
2.860825039138892301e-01 3.609080480958866133e+02
2.863461697745861012e-01 3.587200014514284589e+02
2.866100786410072931e-01 3.565410882914449076e+02
2.868742307371173750e-01 3.543714117571219617e+02
2.871386262870871398e-01 3.522110720640415025e+02
2.874032655152940485e-01 3.500601664272926996e+02
2.876681486463226189e-01 3.479187836915591561e+02
2.879332759049637591e-01 3.457870019306593576e+02
2.881986475162161554e-01 3.436648961051762967e+02
2.884642637052854952e-01 3.415525387504774812e+02
2.887301246975851887e-01 3.394500000041284125e+02
2.889962307187364243e-01 3.373573476334403267e+02
2.892625819945681132e-01 3.352746470631522016e+02
2.895291787511175552e-01 3.332019614032084860e+02
2.897960212146302728e-01 3.311393514766463113e+02
2.900631096115601770e-01 3.290868758475698428e+02
2.903304441685702897e-01 3.270445908491946625e+02
2.905980251125319103e-01 3.250125505953071183e+02
2.908658526705260594e-01 3.229907993794900563e+02
2.911339270698426462e-01 3.209793599001872053e+02
2.914022485379810790e-01 3.189782503046051261e+02
2.916708173026508755e-01 3.169874873970975955e+02
2.919396335917706642e-01 3.150070866575745185e+02
2.922086976334699049e-01 3.130370622598450154e+02
2.924780096560877785e-01 3.110774270899342469e+02
2.927475698881740196e-01 3.091281927643323115e+02
2.930173785584894164e-01 3.071893696481999996e+02
2.932874358960048666e-01 3.052609668735173045e+02
2.935577421299029321e-01 3.033429923571589484e+02
2.938282974895770616e-01 3.014354528162112388e+02
2.940991022046322012e-01 2.995383471615469944e+02
2.943701565048851276e-01 2.976516525542018599e+02
2.946414606203638931e-01 2.957753416466644012e+02
2.949130147813091019e-01 2.939093867464889058e+02
2.951848192181732999e-01 2.920537598229991545e+02
2.954568741616214189e-01 2.902084325139308021e+02
2.957291798425312201e-01 2.883733761320224289e+02
2.960017364919927396e-01 2.865485616715610604e+02
2.962745443413095647e-01 2.847339598148681716e+02
2.965476036219981681e-01 2.829295409387372615e+02
2.968209145657883519e-01 2.811352751208202108e+02
2.970944774046238024e-01 2.793511321286939619e+02
2.973682923706614245e-01 2.775770729829717425e+02
2.976423596962727292e-01 2.758130366799527451e+02
2.979166796140430007e-01 2.740589591946458086e+02
2.981912523567717965e-01 2.723147770837183543e+02
2.984660781574737243e-01 2.705804274794562616e+02
2.987411572493774425e-01 2.688558480837866682e+02
2.990164898659272708e-01 2.671409771623523284e+02
2.992920762407821900e-01 2.654357535386613449e+02
2.995679166078166755e-01 2.637401165882857299e+02
2.998440112011209191e-01 2.620540062331215267e+02
3.001203602550006067e-01 2.603773629357134496e+02
3.003969640039775291e-01 2.587101274875224135e+02
3.006738226827895266e-01 2.570522293950582480e+02
3.009509365263908220e-01 2.554035810563983375e+02
3.012283057699522426e-01 2.537640946495632477e+02
3.015059306488612756e-01 2.521336836584449088e+02
3.017838113987224014e-01 2.505122628564494391e+02
3.020619482553572044e-01 2.488997482903627088e+02
3.023403414548045398e-01 2.472960572644367687e+02
3.026189912333210330e-01 2.457011083246881924e+02
3.028978978273809686e-01 2.441148212434099776e+02
3.031770614736762903e-01 2.425371170038946502e+02
3.034564824091176560e-01 2.409679177853491581e+02
3.037361608708333272e-01 2.394071460765981385e+02
3.040160970961708897e-01 2.378547152470581239e+02
3.042962913226961441e-01 2.363105333837864066e+02
3.045767437881939377e-01 2.347745100556933266e+02
3.048574547306686089e-01 2.332465564130621942e+02
3.051384243883432656e-01 2.317265851676177988e+02
3.054196529996611176e-01 2.302145105728808971e+02
3.057011408032848099e-01 2.287102484048142514e+02
3.059828880380969784e-01 2.272137159427436757e+02
3.062648949432008050e-01 2.257248319505496852e+02
3.065471617579190733e-01 2.242435166581315684e+02
3.068296887217959457e-01 2.227696917369408993e+02
3.071124760745958526e-01 2.213032732938372362e+02
3.073955240563043256e-01 2.198441587293513635e+02
3.076788329071282746e-01 2.183922438929077998e+02
3.079624028674955438e-01 2.169474268177923477e+02
3.082462341780561332e-01 2.155096076942666912e+02
3.085303270796814212e-01 2.140786888431461534e+02
3.088146818134648308e-01 2.126545746898115965e+02
3.090992986207222737e-01 2.112371717386503462e+02
3.093841777429916506e-01 2.098263885479180999e+02
3.096693194220337952e-01 2.084221357049888752e+02
3.099547238998322518e-01 2.070243258020057624e+02
3.102403914185934974e-01 2.056328731730475283e+02
3.105263222207475526e-01 2.042476914208446033e+02
3.108125165489473152e-01 2.028686944635033740e+02
3.110989746460698369e-01 2.014957982275081179e+02
3.113856967552158794e-01 2.001289206513235968e+02
3.116726831197100256e-01 1.987679816617803397e+02
3.119599339831015672e-01 1.974129031508026060e+02
3.122474495891636725e-01 1.960636089524615784e+02
3.125352301818947187e-01 1.947200248203382102e+02
3.128232760055176809e-01 1.933820784051963813e+02
3.131115873044806319e-01 1.920496992329389059e+02
3.134001643234571866e-01 1.907228184785991800e+02
3.136890073073459462e-01 1.894013589993537039e+02
3.139781165012717756e-01 1.880852311724909214e+02
3.142674921505851926e-01 1.867743467257153611e+02
3.145571345008627562e-01 1.854686198718058847e+02
3.148470437979075665e-01 1.841679672811225714e+02
3.151372202877492090e-01 1.828723080545231596e+02
3.154276642166439215e-01 1.815815636966559623e+02
3.157183758310749266e-01 1.802956580896131698e+02
3.160093553777526543e-01 1.790145174669295045e+02
3.163006031036150190e-01 1.777380703879054238e+02
3.165921192558273645e-01 1.764662477098214026e+02
3.168839040817828523e-01 1.751989817000854543e+02
3.171759578291027393e-01 1.739362047720254054e+02
3.174682807456363220e-01 1.726778513293360504e+02
3.177608730794616032e-01 1.714238580723567225e+02
3.180537350788850137e-01 1.701741639731665998e+02
3.183468669924419125e-01 1.689287102509031797e+02
3.186402690688966421e-01 1.676874403472870654e+02
3.189339415572428615e-01 1.664502999023425502e+02
3.192278847067038239e-01 1.652172367302916314e+02
3.195220987667323209e-01 1.639882007956095435e+02
3.198165839870111826e-01 1.627631441889281518e+02
3.201113406174531106e-01 1.615420203849510870e+02
3.204063689082013999e-01 1.603247827127981964e+02
3.207016691096298833e-01 1.591113862090658984e+02
3.209972414723429868e-01 1.579017880448683968e+02
3.212930862471761739e-01 1.566959475017486909e+02
3.215892036851960567e-01 1.554938259476649307e+02
3.218855940377007840e-01 1.542953868130340425e+02
3.221822575562199309e-01 1.531005955668242677e+02
3.224791944925149978e-01 1.519094196926759537e+02
3.227764050985795219e-01 1.507218286650435175e+02
3.230738896266390769e-01 1.495377939256567288e+02
3.233716483291521615e-01 1.483572891816665447e+02
3.236696814588095328e-01 1.471802909728937152e+02
3.239679892685349283e-01 1.460067778593234493e+02
3.242665720114852879e-01 1.448367302277008832e+02
3.245654299410507537e-01 1.436701302678551144e+02
3.248645633108551700e-01 1.425069619489583488e+02
3.251639723747559718e-01 1.413472109957084797e+02
3.254636573868446847e-01 1.401908648644288462e+02
3.257636186014468693e-01 1.390379127190734891e+02
3.260638562731225654e-01 1.378883454071318226e+02
3.263643706566664582e-01 1.367421554865056805e+02
3.266651620071081008e-01 1.355993433437742794e+02
3.269662305797119140e-01 1.344599227327758797e+02
3.272675766299777411e-01 1.333239097487233664e+02
3.275692004136407376e-01 1.321913213934005285e+02
3.278711021866720365e-01 1.310621755552705565e+02
3.281732822052784715e-01 1.299364909894652556e+02
3.284757407259030204e-01 1.288142872976663966e+02
3.287784780052250833e-01 1.276955849078672571e+02
3.290814943001604820e-01 1.265804050540271817e+02
3.293847898678620711e-01 1.254687697556114045e+02
3.296883649657195159e-01 1.243607019646747318e+02
3.299922198513597360e-01 1.232562292705492126e+02
3.302963547826470725e-01 1.221553837480546036e+02
3.306007700176836206e-01 1.210581980619708702e+02
3.309054658148093409e-01 1.199647052705207670e+02
3.312104424326021146e-01 1.188749388067833337e+02
3.315157001298784101e-01 1.177889324600508303e+02
3.318212391656928384e-01 1.167067203571384937e+02
3.321270597993393192e-01 1.156283369436461186e+02
3.324331622903503591e-01 1.145538169651816389e+02
3.327395468984976623e-01 1.134831954485483720e+02
3.330462138837925190e-01 1.124165096827573223e+02
3.333531635064856391e-01 1.113538097004201717e+02
3.336603960270679292e-01 1.102951500778929130e+02
3.339679117062701041e-01 1.092405848741944538e+02
3.342757108050631865e-01 1.081901676077359440e+02
3.345837935846587841e-01 1.071439512448097702e+02
3.348921603065092567e-01 1.061019881882306635e+02
3.352008112323079936e-01 1.050643302661368494e+02
3.355097466239894133e-01 1.040310287209489246e+02
3.358189667437295189e-01 1.030021341984955114e+02
3.361284718539457872e-01 1.019776967821016882e+02
3.364382622172975568e-01 1.009577692637207633e+02
3.367483380966864726e-01 9.994240919954988556e+01
3.370586997552562081e-01 9.893167367273299817e+01
3.373693474563930761e-01 9.792561874317534887e+01
3.376802814637261396e-01 9.692429944222871541e+01
3.379915020411273230e-01 9.592776976766434416e+01
3.383030094527120779e-01 9.493608267892437880e+01
3.386148039628388839e-01 9.394929009266083142e+01
3.389268858361100811e-01 9.296744287855597122e+01
3.392392553373717035e-01 9.199059085542880609e+01
3.395519127317142005e-01 9.101878359267774954e+01
3.398648582844719934e-01 9.005207442531498430e+01
3.401780922612242519e-01 8.909051719774301148e+01
3.404916149277948390e-01 8.813416437830665018e+01
3.408054265502524771e-01 8.718306705778296362e+01
3.411195273949115814e-01 8.623727495165765333e+01
3.414339177283314264e-01 8.529683640276306278e+01
3.417485978173173677e-01 8.436179838425580613e+01
3.420635679289204534e-01 8.343220650295224061e+01
3.423788283304378122e-01 8.250810500299918715e+01
3.426943792894132645e-01 8.158953694329267137e+01
3.430102210736368784e-01 8.067654765617014334e+01
3.433263539511455797e-01 7.976918438617369134e+01
3.436427781902234302e-01 7.886749284509886593e+01
3.439594940594016270e-01 7.797151708066093079e+01
3.442765018274590583e-01 7.708129948745981608e+01
3.445938017634221917e-01 7.619688081832120474e+01
3.449113941365653524e-01 7.531830019600236881e+01
3.452292792164112223e-01 7.444559512525357547e+01
3.455474572727306737e-01 7.357880150522859708e+01
3.458659285755435464e-01 7.271795363219182207e+01
3.461846933951182037e-01 7.186308324781352042e+01
3.465037520019723094e-01 7.101421881108687728e+01
3.468231046668727724e-01 7.017138717182956498e+01
3.471427516608359132e-01 6.933461377708930229e+01
3.474626932551281300e-01 6.850392268290337938e+01
3.477829297212656767e-01 6.767933656631937822e+01
3.481034613310149961e-01 6.686087673766760986e+01
3.484242883563929416e-01 6.604856315307638681e+01
3.487454110696673881e-01 6.524241442722269824e+01
3.490668297433568434e-01 6.444244784828700290e+01
3.493885446502310588e-01 6.364868089536533802e+01
3.497105560633112509e-01 6.286113381669957079e+01
3.500328642558700465e-01 6.207982600057252398e+01
3.503554695014323150e-01 6.130477525184298315e+01
3.506783720737746690e-01 6.053599781230055044e+01
3.510015722469262411e-01 5.977350838121934373e+01
3.513250702951686288e-01 5.901732013610852334e+01
3.516488664930361163e-01 5.826744475364252196e+01
3.519729611153163962e-01 5.752389243075874958e+01
3.522973544370499588e-01 5.678667190587552938e+01
3.526220467335310915e-01 5.605579032045029209e+01
3.529470382803076567e-01 5.533125289055897156e+01
3.532723293531813691e-01 5.461306336858819321e+01
3.535979202282085732e-01 5.390122417446812619e+01
3.539238111816995769e-01 5.319573641664160846e+01
3.542500024902194844e-01 5.249659991311605012e+01
3.545764944305884181e-01 5.180381321259716998e+01
3.549032872798814076e-01 5.111737361568981441e+01
3.552303813154291112e-01 5.043727719615575467e+01
3.555577768148176498e-01 4.976351882189108267e+01
3.558854740558888841e-01 4.909609177181580009e+01
3.562134733167409140e-01 4.843498700607747764e+01
3.565417748757279681e-01 4.778019421525797839e+01
3.568703790114610697e-01 4.713170206443611221e+01
3.571992860028078698e-01 4.648949821227326851e+01
3.575284961288929808e-01 4.585356933009999381e+01
3.578580096690981982e-01 4.522390112099930803e+01
3.581878269030632223e-01 4.460047833887934843e+01
3.585179481106850474e-01 4.398328480752679326e+01
3.588483735721188506e-01 4.337230343265421340e+01
3.591791035677778243e-01 4.276751519816439639e+01
3.595101383783337323e-01 4.216889818609406149e+01
3.598414782847171867e-01 4.157642954519673850e+01
3.601731235681174259e-01 4.099008577245493967e+01
3.605050745099829257e-01 4.040984272703158808e+01
3.608373313920216763e-01 3.983567564419804086e+01
3.611698944962010160e-01 3.926755914923319324e+01
3.615027641047486306e-01 3.870546727128738240e+01
3.618359405001518869e-01 3.814937345721212836e+01
3.621694239651587210e-01 3.759925046466345577e+01
3.625032147827775275e-01 3.705506691870065339e+01
3.628373132362775477e-01 3.651678704671264342e+01
3.631717196091893696e-01 3.598437477293726516e+01
3.635064341853045944e-01 3.545779395513068266e+01
3.638414572486763920e-01 3.493700838555199084e+01
3.641767890836198895e-01 3.442198179202955544e+01
3.645124299747120045e-01 3.391267783911288802e+01
3.648483802067922777e-01 3.340906012930165758e+01
3.651846400649625402e-01 3.291109220435701843e+01
3.655212098345874128e-01 3.241873677248870678e+01
3.658580898012944171e-01 3.193194987196604373e+01
3.661952802509746419e-01 3.145068454559967464e+01
3.665327814697823539e-01 3.097489439235398834e+01
3.668705937441356646e-01 3.050453358012229543e+01
3.672087173607166410e-01 3.003955682929333904e+01
3.675471526064715277e-01 2.957991939666288062e+01
3.678858997686113019e-01 2.912557705968573529e+01
3.682249591346112849e-01 2.867648610106592244e+01
3.685643309922118638e-01 2.823260328952353504e+01
3.689040156294187689e-01 2.779388360520366064e+01
3.692440133345027964e-01 2.736027670498299358e+01
3.695843243960010294e-01 2.693173224267263421e+01
3.699249491027159498e-01 2.650820085920002711e+01
3.702658877437163820e-01 2.608963415268018338e+01
3.706071406083376041e-01 2.567598464908701672e+01
3.709487079861814585e-01 2.526720577351633779e+01
3.712905901671169628e-01 2.486325182202728712e+01
3.716327874412799215e-01 2.446407793405550635e+01
3.719753000990738134e-01 2.406963958640124090e+01
3.723181284311696260e-01 2.367988634817240268e+01
3.726612727285061877e-01 2.329476408225479034e+01
3.730047332822907791e-01 2.291422005025298247e+01
3.733485103839987440e-01 2.253820298825479895e+01
3.736926043253742113e-01 2.216666305939346415e+01
3.740370153984300949e-01 2.179955180736735088e+01
3.743817438954484267e-01 2.143682211089380729e+01
3.747267901089809672e-01 2.107842813907243240e+01
3.750721543318485951e-01 2.072432530090035030e+01
3.754178368571424174e-01 2.037446802375448129e+01
3.757638379782233806e-01 2.002880680416107495e+01
3.761101579887232704e-01 1.968729299018967893e+01
3.764567971825439896e-01 1.934987954950145195e+01
3.768037558538585574e-01 1.901652101332922484e+01
3.771510342971111651e-01 1.868717342156453753e+01
3.774986328070170649e-01 1.836179426891882827e+01
3.778465516785636802e-01 1.804034245212940490e+01
3.781947912070098283e-01 1.772277821818393306e+01
3.785433516878866644e-01 1.740906257076617436e+01
3.788922334169975703e-01 1.709915394100217156e+01
3.792414366904185985e-01 1.679301060523830103e+01
3.795909618044989164e-01 1.649059241016847466e+01
3.799408090558605844e-01 1.619186072036277224e+01
3.802909787413989995e-01 1.589677835927119887e+01
3.806414711582833399e-01 1.560530955132792208e+01
3.809922866039564537e-01 1.531741986512946063e+01
3.813434253761357473e-01 1.503307615765672267e+01
3.816948877728125744e-01 1.475224636485069141e+01
3.820466740922531246e-01 1.447489649204497653e+01
3.823987846329984785e-01 1.420099104450409477e+01
3.827512196938647193e-01 1.393049595258306894e+01
3.831039795739437093e-01 1.366337862384410329e+01
3.834570645726025351e-01 1.339960787865385150e+01
3.838104749894844514e-01 1.313915388692985786e+01
3.841642111245087143e-01 1.288198810601126709e+01
3.845182732778710810e-01 1.262808321962969416e+01
3.848726617500440872e-01 1.237741304916454688e+01
3.852273768417771027e-01 1.212995067197578081e+01
3.855824188540965536e-01 1.188566745653115575e+01
3.859377880883063661e-01 1.164453589060454952e+01
3.862934848459884662e-01 1.140652979036416248e+01
3.866495094290023360e-01 1.117162423259859061e+01
3.870058621394857901e-01 1.093979548812607483e+01
3.873625432798551982e-01 1.071102095637033003e+01
3.877195531528053740e-01 1.048527910108830774e+01
3.880768920613106299e-01 1.026254938051105370e+01
3.884345603086239995e-01 1.004281070495260941e+01
3.887925581982782930e-01 9.826039698940151723e+00
3.891508860340858744e-01 9.612213773951941320e+00
3.895095441201391617e-01 9.401311537365824478e+00
3.898685327608111262e-01 9.193312719632478647e+00
3.902278522607549038e-01 8.988198102755616148e+00
3.905875029249045172e-01 8.785949450070145161e+00
3.909474850584750416e-01 8.586549437316318034e+00
3.913077989669628276e-01 8.389981580709767073e+00
3.916684449561460002e-01 8.196228130776770371e+00
3.920294233320841260e-01 8.005267037201639013e+00
3.923907344011191567e-01 7.817076755036969082e+00
3.927523784698752629e-01 7.631637052796683918e+00
3.931143558452590003e-01 7.448928924000116858e+00
3.934766668344603091e-01 7.268934500364950146e+00
3.938393117449518477e-01 7.091636966646716722e+00
3.942022908844896589e-01 6.917020477122414412e+00
3.945656045611135587e-01 6.745070067623846199e+00
3.949292530831471359e-01 6.575769670366323538e+00
3.952932367591984186e-01 6.409099618170089663e+00
3.956575558981595964e-01 6.245040890045627791e+00
3.960222108092075755e-01 6.083575733692965670e+00
3.963872018018041454e-01 5.924687563781905197e+00
3.967525291856967007e-01 5.768360862292162494e+00
3.971181932709176854e-01 5.614581080925073131e+00
3.974841943677854261e-01 5.463334545602800851e+00
3.978505327869042985e-01 5.314608331041381639e+00
3.982172088391647269e-01 5.168387049244290488e+00
3.985842228357441286e-01 5.024650605406597137e+00
3.989515750881063028e-01 4.883379800497866796e+00
3.993192659080022078e-01 4.744556865086362762e+00
3.996872956074701277e-01 4.608165331747436255e+00
4.000556644988359500e-01 4.474189910293420169e+00
4.004243728947135539e-01 4.342616365845605841e+00
4.007934211080046993e-01 4.213431399782590070e+00
4.011628094518996934e-01 4.086622419230340419e+00
4.015325382398773901e-01 3.962174101629679424e+00
4.019026077857054680e-01 3.840068244508490380e+00
4.022730184034412071e-01 3.720287825675119286e+00
4.026437704074308788e-01 3.602817097877132557e+00
4.030148641123106890e-01 3.487641442976411987e+00
4.033862998330067784e-01 3.374747229927060665e+00
4.037580778847354446e-01 3.264121676622348645e+00
4.041301985830037524e-01 3.155752715693048494e+00
4.045026622436093677e-01 3.049628035047961205e+00
4.048754691826409458e-01 2.945727075568191466e+00
4.052486197164786308e-01 2.844025664708595080e+00
4.056221141617938897e-01 2.744501764634339924e+00
4.059959528355505665e-01 2.647135334922864569e+00
4.063701360550040498e-01 2.551908114110861714e+00
4.067446641377024941e-01 2.458803407331059176e+00
4.071195374014864865e-01 2.367805880096663262e+00
4.074947561644898242e-01 2.278901358330089888e+00
4.078703207451392920e-01 2.192076458946376594e+00
4.082462314621551625e-01 2.107317917593696688e+00
4.086224886345515284e-01 2.024613034675435852e+00
4.089990925816363587e-01 1.943949688747284466e+00
4.093760436230122757e-01 1.865316160406005785e+00
4.097533420785761105e-01 1.788700963697698043e+00
4.101309882685195141e-01 1.714092685295468987e+00
4.105089825133294568e-01 1.641479831705196180e+00
4.108873251337880617e-01 1.570850242219475446e+00
4.112660164509733818e-01 1.502172343200889548e+00
4.116450567862591781e-01 1.435392202092193870e+00
4.120244464613153634e-01 1.370461303976064471e+00
4.124041857981084469e-01 1.307337980262248234e+00
4.127842751189015336e-01 1.245986730416365207e+00
4.131647147462550462e-01 1.186377566451491727e+00
4.135455050030262814e-01 1.128485378509587855e+00
4.139266462123704637e-01 1.072289320428709392e+00
4.143081386977403024e-01 1.017777596317887889e+00
4.146899827828868235e-01 9.649752675395653068e-01
4.150721787918595362e-01 9.139153309204889331e-01
4.154547270490064337e-01 8.646221252359274079e-01
4.158376278789744362e-01 8.171117314951782395e-01
4.162208816067097250e-01 7.713924488967700555e-01
4.166044885574579082e-01 7.274652865122881451e-01
4.169884490567645208e-01 6.853244657395451966e-01
4.173727634304750245e-01 6.449564564528759147e-01
4.177574320047351408e-01 6.062633571135724875e-01
4.181424551059911288e-01 5.690488726210094494e-01
4.185278330609904507e-01 5.331488557003659645e-01
4.189135661967813284e-01 4.984383015593187860e-01
4.192996548407136315e-01 4.648273680512134409e-01
4.196860993204387658e-01 4.322576374054365456e-01
4.200728999639101735e-01 4.006984913447246277e-01
4.204600570993837216e-01 3.701435033113164019e-01
4.208475710554176463e-01 3.406507879479416800e-01
4.212354421608729416e-01 3.124845932911931023e-01
4.216236707449138588e-01 2.858974626149479170e-01
4.220122571370077957e-01 2.610580194522902908e-01
4.224012016669261294e-01 2.380627198903151887e-01
4.227905046647439380e-01 2.169481371665076819e-01
4.231801664608404456e-01 1.977029771153172300e-01
4.235701873858996325e-01 1.802792780215307367e-01
4.239605677709099019e-01 1.645783903766881717e-01
4.243513079471650795e-01 1.501187756717713429e-01
4.247424082462641359e-01 1.362611951008282085e-01
4.251338690001115750e-01 1.225734604284847845e-01
4.255256905409179891e-01 1.088227936494994136e-01
4.259178732011999480e-01 9.496302962785345414e-02
4.263104173137807207e-01 8.111713745189612357e-02
4.267033232117901642e-01 6.754701040017571656e-02
4.270965912286651123e-01 5.460921024134310353e-02
4.274902216981498748e-01 4.285951709453203473e-02
4.278842149542961271e-01 3.288510521887699767e-02
4.282785713314637421e-01 2.485953006728162593e-02
4.286732911643204580e-01 1.865947593989993741e-02
4.290683747878426546e-01 1.401489829073622635e-02
4.294638225373151319e-01 1.061538062931947739e-02
4.298596347483322200e-01 8.171606331292567693e-03
4.302558117567971130e-01 6.442829504866884154e-03
4.306523538989227573e-01 5.239558540765030040e-03
4.310492615112319070e-01 4.414888861377893985e-03
4.314465349305574016e-01 3.869692092115242614e-03
4.318441744940428872e-01 3.542330980124519090e-03
4.322421805391422622e-01 3.400028001179119987e-03
4.326405534036206757e-01 3.435429300336662051e-03
4.330392934255545834e-01 3.668674986127061326e-03
4.334384009433318030e-01 4.157111754773493498e-03
4.338378762956525136e-01 5.008030269866274413e-03
4.342377198215285894e-01 6.353182756794913816e-03
4.346379318602845432e-01 8.373001114410688964e-03
4.350385127515575823e-01 1.130969179061747272e-02
4.354394628352977747e-01 1.544595032878600359e-02
4.358407824517689932e-01 2.104200717845412794e-02
4.362424719415482488e-01 2.820868131394945952e-02
4.366445316455265235e-01 3.671266547316485301e-02
4.370469619049091592e-01 4.583433009843793787e-02
4.374497630612156351e-01 5.491534680392333445e-02
4.378529354562806786e-01 6.353863718883584477e-02
4.382564794322537094e-01 7.144164518847967438e-02
4.386603953315995064e-01 7.855294091795306244e-02
4.390646834970985957e-01 8.499609347973202667e-02
4.394693442718471954e-01 9.107287785287900006e-02
4.398743779992582148e-01 9.724354830228679192e-02
4.402797850230605881e-01 1.040696264632817308e-01
4.406855656873002736e-01 1.117685892718790902e-01
4.410917203363401429e-01 1.203221195170657704e-01
4.414982493148607579e-01 1.296847467525763242e-01
4.419051529678600931e-01 1.397776817841399621e-01
4.423124316406541467e-01 1.504804457028069697e-01
4.427200856788771621e-01 1.616230858887723887e-01
4.431281154284819057e-01 1.729798835312633121e-01
4.435365212357401665e-01 1.842880545424746552e-01
4.439453034472427562e-01 1.954341799989393891e-01
4.443544624098997864e-01 2.064085840816501927e-01
4.447639984709413352e-01 2.172215202116377086e-01
4.451739119779172249e-01 2.279028547325739618e-01
4.455842032786979656e-01 2.385022421669189818e-01
4.459948727214743669e-01 2.490892091665399544e-01
4.464059206547583147e-01 2.597532978503729328e-01
4.468173474273827162e-01 2.705901258866111325e-01
4.472291533885021098e-01 2.816134591717884272e-01
4.476413388875929433e-01 2.927973120622187619e-01
4.480539042744535738e-01 3.041125913172220141e-01
4.484668498992047669e-01 3.155271818451448329e-01
4.488801761122900302e-01 3.270059372629623429e-01
4.492938832644757241e-01 3.385107012502506785e-01
4.497079717068518390e-01 3.500003626771053256e-01
4.501224417908315512e-01 3.614367286021797909e-01
4.505372938681521666e-01 3.728065719731595284e-01
4.509525282908749544e-01 3.841059173298361773e-01
4.513681454113857017e-01 3.953331839052594554e-01
4.517841455823953245e-01 4.064892363212616044e-01
4.522005291569393681e-01 4.175774240116097435e-01
4.526172964883788952e-01 4.286036108228362118e-01
4.530344479304005967e-01 4.395761852764508704e-01
4.534519838370174583e-01 4.505004659892920538e-01
4.538699045625682049e-01 4.613688502545842951e-01
4.542882104617185779e-01 4.721719196237564309e-01
4.547069018894610015e-01 4.829006933875764074e-01
4.551259792011149163e-01 4.935466569831342132e-01
4.555454427523276673e-01 5.041017880507320248e-01
4.559652928990740595e-01 5.145585800971037571e-01
4.563855299976570246e-01 5.249100699316698870e-01
4.568061544047079536e-01 5.351501111533516486e-01
4.572271664771866972e-01 5.452735036057758666e-01
4.576485665723826202e-01 5.552757040294359347e-01
4.580703550479138242e-01 5.651528130150779150e-01
4.584925322617282584e-01 5.749015827831382985e-01
4.589150985721037190e-01 5.845194226925449765e-01
4.593380543376481273e-01 5.940044025900317326e-01
4.597613999173002508e-01 6.033550007239900648e-01
4.601851356703292595e-01 6.125675760996127650e-01
4.606092619563357249e-01 6.216372607136605444e-01
4.610337791352513981e-01 6.305595470020343152e-01
4.614586875673398203e-01 6.393303165403775301e-01
4.618839876131968780e-01 6.479458444605941114e-01
4.623096796337504699e-01 6.564028026918726777e-01
4.627357639902611730e-01 6.646982620338691694e-01
4.631622410443225757e-01 6.728293080613761967e-01
4.635891111578614443e-01 6.807920305341219613e-01
4.640163746931383892e-01 6.885825299008743183e-01
4.644440320127475319e-01 6.961972137591069254e-01
4.648720834796174484e-01 7.036327992219502114e-01
4.653005294570109474e-01 7.108863144993980976e-01
4.657293703085259584e-01 7.179550997113226529e-01
4.661586063980953099e-01 7.248368016452758633e-01
4.665882380899872284e-01 7.315292183747854615e-01
4.670182657488057276e-01 7.380302671238140322e-01
4.674486897394907192e-01 7.443381510193352035e-01
4.678795104273188454e-01 7.504513672487901355e-01
4.683107281779030906e-01 7.563687047156980592e-01
4.687423433571933362e-01 7.620892411104320807e-01
4.691743563314769161e-01 7.676123394228858698e-01
4.696067674673785608e-01 7.729368416010189424e-01
4.700395771318612859e-01 7.780575622012751991e-01
4.704727856922260032e-01 7.829680368553568748e-01
4.709063935161120762e-01 7.876619184440168953e-01
4.713404009714979304e-01 7.921329898649871470e-01
4.717748084267008313e-01 7.963751759501387362e-01
4.722096162503780503e-01 8.003825553791712455e-01
4.726448248115260320e-01 8.041496322484439352e-01
4.730804344794816707e-01 8.076802586723609290e-01
4.735164456239220887e-01 8.109900477977297628e-01
4.739528586148650802e-01 8.140958263231631298e-01
4.743896738226697218e-01 8.170148847839382444e-01
4.748268916180362065e-01 8.197649333067746902e-01
4.752645123720063980e-01 8.223640609211775310e-01
4.757025364559641090e-01 8.248306986417882625e-01
4.761409642416356003e-01 8.271791939606151223e-01
4.765797961010896922e-01 8.294054076887005245e-01
4.770190324067378751e-01 8.315002360790078040e-01
4.774586735313351427e-01 8.334545538092391626e-01
4.778987198479797693e-01 8.352592281172650512e-01
4.783391717301143653e-01 8.369051338268350682e-01
4.787800295515252103e-01 8.383831692879273323e-01
4.792212936863433081e-01 8.396842732132677734e-01
4.796629645090445537e-01 8.407994423879590062e-01
4.801050423944496215e-01 8.417197502243227714e-01
4.805475277177252424e-01 8.424363661290735772e-01
4.809904208543833715e-01 8.429405756447190257e-01
4.814337221802822975e-01 8.432238013217747685e-01
4.818774320716266990e-01 8.432776242728784455e-01
4.823215509049676997e-01 8.430938063543518268e-01
4.827660790572040894e-01 8.426643129150930278e-01
4.832110169055814919e-01 8.419813360470278507e-01
4.836563648276933636e-01 8.410373182656625257e-01
4.841021232014811604e-01 8.398249765436557324e-01
4.845482924052346707e-01 8.383373266147643443e-01
4.849948728175924595e-01 8.365677074600890162e-01
4.854418648175418682e-01 8.345098058832831622e-01
4.858892687844196812e-01 8.321576810763243737e-01
4.863370850979121252e-01 8.295057890726743599e-01
4.867853141380553694e-01 8.265490069801634254e-01
4.872339562852362471e-01 8.232826568818191193e-01
4.876830119201915892e-01 8.197025292891685355e-01
4.881324814240095566e-01 8.158049060292654753e-01
4.885823651781291410e-01 8.115865824440269272e-01
4.890326635643414410e-01 8.070448887782111225e-01
4.894833769647889410e-01 8.021777106309117000e-01
4.899345057619665655e-01 7.969835083444566370e-01
4.903860503387215686e-01 7.914613352044631567e-01
4.908380110782541439e-01 7.856108543253041976e-01
4.912903883641179248e-01 7.794323540965959474e-01
4.917431825802197065e-01 7.729267620684397988e-01
4.921963941108201124e-01 7.660956571561198247e-01
4.926500233405341489e-01 7.589412800487987942e-01
4.931040706543309837e-01 7.514665417115172774e-01
4.935585364375350004e-01 7.436750298753677102e-01
4.940134210758254096e-01 7.355710134172533943e-01
4.944687249552369157e-01 7.271594700945652745e-01
4.949244484621601048e-01 7.184528481508752895e-01
4.953805919833414451e-01 7.094796564388143878e-01
4.958371559058842859e-01 7.002701149970175232e-01
4.962941406172483583e-01 6.908537301856851887e-01
4.967515465052506629e-01 6.812592139482646081e-01
4.972093739580655258e-01 6.715144132514528907e-01
4.976676233642250424e-01 6.616462494507283632e-01
4.981262951126196326e-01 6.516806672668559175e-01
4.985853895924978185e-01 6.416425930060054572e-01
4.990449071934670577e-01 6.315559016113654334e-01
4.995048483054937982e-01 6.214433920981592419e-01
4.999652133189038117e-01 6.113267708953347146e-01
5.004260026243829707e-01 6.012266425962055072e-01
5.008872166129767489e-01 5.911625076061209905e-01
5.013488556760914427e-01 5.811527661674160683e-01
5.018109202054936713e-01 5.712147282398937209e-01
5.022734105933116533e-01 5.613646287183281514e-01
5.027363272320345411e-01 5.516176474764997728e-01
5.031996705145133086e-01 5.419879337392652374e-01
5.036634408339610847e-01 5.324886343000043709e-01
5.041276385839533747e-01 5.231319251195408748e-01
5.045922641584286161e-01 5.139290458639893533e-01
5.050573179516880673e-01 5.048903369626372983e-01
5.055228003583963625e-01 4.960252787919652850e-01
5.059887117735820672e-01 4.873425326186273665e-01
5.064550525926374558e-01 4.788499829614564218e-01
5.069218232113199551e-01 4.705547810605991699e-01
5.073890240257509232e-01 4.624633891701997457e-01
5.078566554324173143e-01 4.545816254192455164e-01
5.083247178281712353e-01 4.469147090134376055e-01
5.087932116102305002e-01 4.394673055785919269e-01
5.092621371761795190e-01 4.322435724732697215e-01
5.097314949239685200e-01 4.252472039250262403e-01
5.102012852519148822e-01 4.184814758702615767e-01
5.106715085587029135e-01 4.119492904028961289e-01
5.111421652433842944e-01 4.056532197611328883e-01
5.116132557053788554e-01 3.995955498049847954e-01
5.120847803444741331e-01 3.937783229597619505e-01
5.125567395608263688e-01 3.882033806224774453e-01
5.130291337549605091e-01 3.828724050491772446e-01
5.135019633277705386e-01 3.777869607616295977e-01
5.139752286805203685e-01 3.729485355316744521e-01
5.144489302148430587e-01 3.683585788432023889e-01
5.149230683327424840e-01 3.640089265817462727e-01
5.153976434365923343e-01 3.598605347082872719e-01
5.158726559291380021e-01 3.558698037638037270e-01
5.163481062134953614e-01 3.519950668395241955e-01
5.168239946931521001e-01 3.481964383309596456e-01
5.173003217719677194e-01 3.444357093490194033e-01
5.177770878541737565e-01 3.406762864235084454e-01
5.182542933443748945e-01 3.368831703860108995e-01
5.187319386475480743e-01 3.330229724433590444e-01
5.192100241690437157e-01 3.290639644623863935e-01
5.196885503145858287e-01 3.249761603945348076e-01
5.201675174902723464e-01 3.207314255876940190e-01
5.206469261025756801e-01 3.163036104762169676e-01
5.211267765583424971e-01 3.116687048231708834e-01
5.216070692647948315e-01 3.068050083277079620e-01
5.220878046295295283e-01 3.016933130230378124e-01
5.225689830605193542e-01 2.963170924963217656e-01
5.230506049661134416e-01 2.906626925822828333e-01
5.235326707550367331e-01 2.847195178399254956e-01
5.240151808363910924e-01 2.784802078400965830e-01
5.244981356196554145e-01 2.719407970947329556e-01
5.249815355146858487e-01 2.651008523699625585e-01
5.254653809317166857e-01 2.579635811673394730e-01
5.259496722813598035e-01 2.505359053503819489e-01
5.264344099746058880e-01 2.428284942540421820e-01
5.269195944228243222e-01 2.348557521554241745e-01
5.274052260377632972e-01 2.266357557112550769e-01
5.278913052315511445e-01 2.181901378819761372e-01
5.283778324166954476e-01 2.095439159563446119e-01
5.288648080060842638e-01 2.007252625484105268e-01
5.293522324129859014e-01 1.917652198372373773e-01
5.298401060510500304e-01 1.826973588256270986e-01
5.303284293343072386e-01 1.735573869673018021e-01
5.308172026771695862e-01 1.643827091044521016e-01
5.313064264944313830e-01 1.552119482157972852e-01
5.317961012012689670e-01 1.460844339417103621e-01
5.322862272132415917e-01 1.370396681682178042e-01
5.327768049462913158e-01 1.281167780574120618e-01
5.332678348167435578e-01 1.193539677531107457e-01
5.337593172413074294e-01 1.107879805195541856e-01
5.342512526370760684e-01 1.024535832488885356e-01
5.347436414215273048e-01 9.438308507353330989e-02
5.352364840125233281e-01 8.660590123066705392e-02
5.357297808283119078e-01 7.914817235132345918e-02
5.362235322875257282e-01 7.203258544377441619e-02
5.367177388091836088e-01 6.528644671720797155e-02
5.372124008126907269e-01 5.894216808415526226e-02
5.377075187178386173e-01 5.302122686879603974e-02
5.382030929448056167e-01 4.753413308539812532e-02
5.386991239141574184e-01 4.248201115147372947e-02
5.391956120468471836e-01 3.785818526318055627e-02
5.396925577642165406e-01 3.364970764933029879e-02
5.401899614879948075e-01 2.983878431543153173e-02
5.406878236403004356e-01 2.640406715350075359e-02
5.411861446436405654e-01 2.332179386845490213e-02
5.416849249209118033e-01 2.056676774701965416e-02
5.421841648954009996e-01 1.811317776645072000e-02
5.426838649907846923e-01 1.593526596220443473e-02
5.431840256311297743e-01 1.400785351282591087e-02
5.436846472408940478e-01 1.230673989398771255e-02
5.441857302449270017e-01 1.080899097384682359e-02
5.446872750684690345e-01 9.493132348332588080e-03
5.451892821371528974e-01 8.339263814151020443e-03
5.456917518770034725e-01 7.329109889489231720e-03
5.461946847144379946e-01 6.446019923932719276e-03
5.466980810762672727e-01 5.674929759439797938e-03
5.472019413896951345e-01 5.002295246346444464e-03
5.477062660823193152e-01 4.416006281517963553e-03
5.482110555821312348e-01 3.905288489644166607e-03
5.487163103175172196e-01 3.460598258092345732e-03
5.492220307172582805e-01 3.073515585660464757e-03
5.497282172105306675e-01 2.736638125601203921e-03
5.502348702269058700e-01 2.443478891899425205e-03
5.507419901963517272e-01 2.188369345722294447e-03
5.512495775492318728e-01 1.966368972208615284e-03
5.517576327163071781e-01 1.773181979676610644e-03
5.522661561287350862e-01 1.605081386416021315e-03
5.527751482180705001e-01 1.458840487229178104e-03
5.532846094162660044e-01 1.331671496684932966e-03
5.537945401556723102e-01 1.221171034064695354e-03
5.543049408690389201e-01 1.125272033488352577e-03
5.548158119895137963e-01 1.042201620883488914e-03
5.553271539506442478e-01 9.704444883689236374e-04
5.558389671863771531e-01 9.087113091165007145e-04
5.563512521310591818e-01 8.559117663500436434e-04
5.568640092194375724e-01 8.111318148885317443e-04
5.573772388866602423e-01 7.736148500219239927e-04
5.578909415682758999e-01 7.427465253622506309e-04
5.584051177002347099e-01 7.180430388378258822e-04
5.589197677188890712e-01 6.991427958309681103e-04
5.594348920609929499e-01 6.858014638627130946e-04
5.599504911637032123e-01 6.778824473295557611e-04
5.604665654645795136e-01 6.752016667541029405e-04
5.609831154015846311e-01 6.775407974302507597e-04
5.615001414130854629e-01 6.847878706505777444e-04
5.620176439378524735e-01 6.969332190851810441e-04
5.625356234150604706e-01 7.140631221699173274e-04
5.630540802842893822e-01 7.363566462083807190e-04
5.635730149855240345e-01 7.640852567946967945e-04
5.640924279591548185e-01 7.976149142816857168e-04
5.646123196459781335e-01 8.374104656409242769e-04
5.651326904871964985e-01 8.840422256049388413e-04
5.656535409244188850e-01 9.381947015686482785e-04
5.661748713996614946e-01 1.000677463749197844e-03
5.666966823553480914e-01 1.072438196607931968e-03
5.672189742343098917e-01 1.154577990488388304e-03
5.677417474797862296e-01 1.248368943867575161e-03
5.682650025354252232e-01 1.355274145795658594e-03
5.687887398452834420e-01 1.476970093518996559e-03
5.693129598538272385e-01 1.615371569765150419e-03
5.698376630059323045e-01 1.772658954885084938e-03
5.703628497468844483e-01 1.951307877583439944e-03
5.708885205223795944e-01 2.154121010369805869e-03
5.714146757785246722e-01 2.384261687794170075e-03
5.719413159618380593e-01 2.645288862398570071e-03
5.724684415192491382e-01 2.941192710577490103e-03
5.729960528980995171e-01 3.276429954022028017e-03
5.735241505461426970e-01 3.655957668805981994e-03
5.740527349115455147e-01 4.085264011646361736e-03
5.745818064428873662e-01 4.570393901843545006e-03
5.751113655891612053e-01 5.117967261514839473e-03
5.756414127997737662e-01 5.735186943851479369e-03
5.761719485245457850e-01 6.429832982633266331e-03
5.767029732137132214e-01 7.210239296234419171e-03
5.772344873179262592e-01 8.085248503957425878e-03
5.777664912882508608e-01 9.064140098945384916e-03
5.782989855761685449e-01 1.015652691719890095e-02
5.788319706335767201e-01 1.137221470353128906e-02
5.793654469127897944e-01 1.272101966933407609e-02
5.798994148665387316e-01 1.421253933834027913e-02
5.804338749479718285e-01 1.585587276459641051e-02
5.809688276106548255e-01 1.765928746107353967e-02
5.815042733085716842e-01 1.962983217083341322e-02
5.820402124961249202e-01 2.177289700340057782e-02
5.825766456281354921e-01 2.409172547953974258e-02
5.831135731598439120e-01 2.658688667313366047e-02
5.836509955469098010e-01 2.925571985417997969e-02
5.841889132454131106e-01 3.209176870436408757e-02
5.847273267118541229e-01 3.508422710474124601e-02
5.852662364031537834e-01 3.821742341151774386e-02
5.858056427766539231e-01 4.147037940438764309e-02
5.863455462901181470e-01 4.481962126327408702e-02
5.868859474017319444e-01 4.824596439571495615e-02
5.874268465701031339e-01 5.172962402572457014e-02
5.879682442542619736e-01 5.524920794960732490e-02
5.885101409136619388e-01 5.878196225196385960e-02
5.890525370081798329e-01 6.230404961458280849e-02
5.895954329981166753e-01 6.579085479193597097e-02
5.901388293441971467e-01 6.921731104906368726e-02
5.906827265075711431e-01 7.255824076066957895e-02
5.912271249498129988e-01 7.578870297370093878e-02
5.917720251329227077e-01 7.888434055139276202e-02
5.923174275193264782e-01 8.182171954821301774e-02
5.928633325718760672e-01 8.457865370807568506e-02
5.934097407538501123e-01 8.713450742051662146e-02
5.939566525289541321e-01 8.947047109223368877e-02
5.945040683613210808e-01 9.156980366971211038e-02
5.950519887155117926e-01 9.341803795297336233e-02
5.956004140565150928e-01 9.500314533794289307e-02
5.961493448497483527e-01 9.631565768081475076e-02
5.966987815610580448e-01 9.734874505689472546e-02
5.972487246567195207e-01 9.809824925452555189e-02
5.977991746034387877e-01 9.856267386982590917e-02
5.983501318683511760e-01 9.874313282133853620e-02
5.989015969190228939e-01 9.864325996074953251e-02
5.994535702234508046e-01 9.826908319675210779e-02
6.000060522500633153e-01 9.762886715931544390e-02
6.005590434677208211e-01 9.673292890176510284e-02
6.011125443457152606e-01 9.559343146416103554e-02
6.016665553537714484e-01 9.422416030440446122e-02
6.022210769620469639e-01 9.264028764879957134e-02
6.027761096411331510e-01 9.085812973081786037e-02
6.033316538620543401e-01 8.889490168823620253e-02
6.038877100962694033e-01 8.676847458978008409e-02
6.044442788156718649e-01 8.449713867984076643e-02
6.050013604925895683e-01 8.209937648158557866e-02
6.055589555997865636e-01 7.959364890304958251e-02
6.061170646104618864e-01 7.699819696539533798e-02
6.066756879982510009e-01 7.433086123425244884e-02
6.072348262372257999e-01 7.160892049952545524e-02
6.077944798018950490e-01 6.884895072990036835e-02
6.083546491672051637e-01 6.606670483734022881e-02
6.089153348085398765e-01 6.327701333374267934e-02
6.094765372017212357e-01 6.049370555401182431e-02
6.100382568230099389e-01 5.772955076243995592e-02
6.106004941491052218e-01 5.499621815560026133e-02
6.111632496571464124e-01 5.230425452630365485e-02
6.117265238247119319e-01 4.966307815916320978e-02
6.122903171298204050e-01 4.708098738704602493e-02
6.128546300509313260e-01 4.456518214619974161e-02
6.134194630669449477e-01 4.212179682204913317e-02
6.139848166572030586e-01 3.975594267284803668e-02
6.145506913014889827e-01 3.747175814944699729e-02
6.151170874800285793e-01 3.527247104022303986e-02
6.156840056734899091e-01 3.316072229132288607e-02
6.162514463629842343e-01 3.113866584630818612e-02
6.168194100300663507e-01 2.920760836994602122e-02
6.173878971567346996e-01 2.736806051698540548e-02
6.179569082254320334e-01 2.561982318315953258e-02
6.185264437190455267e-01 2.396207203242089676e-02
6.190965041209078867e-01 2.239343920646997069e-02
6.196670899147969092e-01 2.091209133443544185e-02
6.202382015849362551e-01 1.951580315867863791e-02
6.208098396159958954e-01 1.820202627448745322e-02
6.213820044930925546e-01 1.696795264515116655e-02
6.219546967017901551e-01 1.581057269859187375e-02
6.225279167281001502e-01 1.472672793716179283e-02
6.231016650584815242e-01 1.371315809864460944e-02
6.236759421798421243e-01 1.276654299474493624e-02
6.242507485795379951e-01 1.188353922445803401e-02
6.248260847453750433e-01 1.106081201506589097e-02
6.254019511656081498e-01 1.029506248462488428e-02
6.259783483289426131e-01 9.583050648238096089e-03
6.265552767245338162e-01 8.921614507850936238e-03
6.271327368419878923e-01 8.307685573273425675e-03
6.277107291713628356e-01 7.738301162221966276e-03
6.282892542031678351e-01 7.210613820780640768e-03
6.288683124283639403e-01 6.721898194134223910e-03
6.294479043383652828e-01 6.269555661925755100e-03
6.300280304250381880e-01 5.851117034184161007e-03
6.306086911807031736e-01 5.464243583369872079e-03
6.311898870981337284e-01 5.106726666510089975e-03
6.317716186705579773e-01 4.776486169264785274e-03
6.323538863916583486e-01 4.471567981668213808e-03
6.329366907555721289e-01 4.190140693628387550e-03
6.335200322568926845e-01 3.930491677408076180e-03
6.341039113906687952e-01 3.691022704499283529e-03
6.346883286524052092e-01 3.470245225724076423e-03
6.352732845380636428e-01 3.266775426178587620e-03
6.358587795440632240e-01 3.079329150842921060e-03
6.364448141672801595e-01 2.906716782343379477e-03
6.370313889050487344e-01 2.747838139461658644e-03
6.376185042551616444e-01 2.601677453511342351e-03
6.382061607158699967e-01 2.467298469588596020e-03
6.387943587858848637e-01 2.343839710883471351e-03
6.393830989643765061e-01 2.230509936642762793e-03
6.399723817509750390e-01 2.126583817914876051e-03
6.405622076457713199e-01 2.031397849810044707e-03
6.411525771493170600e-01 1.944346514592525501e-03
6.417434907626254903e-01 1.864878706411689062e-03
6.423349489871712503e-01 1.792494425809526039e-03
6.429269523248914986e-01 1.726741750255277562e-03
6.435195012781855795e-01 1.667214085803779425e-03
6.441125963499162443e-01 1.613547704516434022e-03
6.447062380434096518e-01 1.565419572500564502e-03
6.453004268624558115e-01 1.522545474303506341e-03
6.458951633113088064e-01 1.484678440952080097e-03
6.464904478946879030e-01 1.451607491184001616e-03
6.470862811177768847e-01 1.423156698423561463e-03
6.476826634862261622e-01 1.399184599885874630e-03
6.482795955061511073e-01 1.379583965108793645e-03
6.488770776841342736e-01 1.364240313553356093e-03
6.494751105272246194e-01 1.352932034027524121e-03
6.500736945429387292e-01 1.345445744130793243e-03
6.506728302392609242e-01 1.341603724428230534e-03
6.512725181246434847e-01 1.341259855165593965e-03
6.518727587080076491e-01 1.344296134834387394e-03
6.524735524987431701e-01 1.350619684925323874e-03
6.530749000067099796e-01 1.360160160123697953e-03
6.536768017422373012e-01 1.372867495369809246e-03
6.542792582161249815e-01 1.388709931139374496e-03
6.548822699396437130e-01 1.407672266402139501e-03
6.554858374245349228e-01 1.429754295324432321e-03
6.560899611830125489e-01 1.454969389163837190e-03
6.566946417277618187e-01 1.483343189184365253e-03
6.572998795719408038e-01 1.514912379982997310e-03
6.579056752291804200e-01 1.549723515517564647e-03
6.585120292135848707e-01 1.587831872492735880e-03
6.591189420397327581e-01 1.629300307708237555e-03
6.597264142226761940e-01 1.674198097600046974e-03
6.603344462779424662e-01 1.722599739600248672e-03
6.609430387215337044e-01 1.774583696183920341e-03
6.615521920699275471e-01 1.830231063638437707e-03
6.621619068400783625e-01 1.889624148751817842e-03
6.627721835494160274e-01 1.952844937840895025e-03
6.633830227158478143e-01 2.019973443894553054e-03
6.639944248577582808e-01 2.091085919154768696e-03
6.646063904940093803e-01 2.166252922264781059e-03
6.652189201439421273e-01 2.245537231238530634e-03
6.658320143273751546e-01 2.328991596008383579e-03
6.664456735646069330e-01 2.416656327244748326e-03
6.670598983764151058e-01 2.508556721558252278e-03
6.676746892840570435e-01 2.604700327138338278e-03
6.682900468092715096e-01 2.705074058380597252e-03
6.689059714742769946e-01 2.809641173129148913e-03
6.695224638017739371e-01 2.918338131816818233e-03
6.701395243149441683e-01 3.031071364002914815e-03
6.707571535374521332e-01 3.147713974557687488e-03
6.713753519934446690e-01 3.268102428950703242e-03
6.719941202075514486e-01 3.392033264683514716e-03
6.726134587048860913e-01 3.519259883731215652e-03
6.732333680110457186e-01 3.649489488767831014e-03
6.738538486521123971e-01 3.782380233745577698e-03
6.744749011546528061e-01 3.917538666842161274e-03
6.750965260457189032e-01 4.054517550611327036e-03
6.757187238528482576e-01 4.192814150058474763e-03
6.763414951040647161e-01 4.331869083978857199e-03
6.769648403278791804e-01 4.471065837871707541e-03
6.775887600532891630e-01 4.609731037703036598e-03
6.782132548097798974e-01 4.747135582345866391e-03
6.788383251273245600e-01 4.882496728300992489e-03
6.794639715363847143e-01 5.014981212948906725e-03
6.800901945679111993e-01 5.143709491794729721e-03
6.807169947533437959e-01 5.267761150703832371e-03
6.813443726246121157e-01 5.386181535836680016e-03
6.819723287141362666e-01 5.497989621830835956e-03
6.826008635548265202e-01 5.602187112837701648e-03
6.832299776800851987e-01 5.697768741544377742e-03
6.838596716238054540e-01 5.783733698704029633e-03
6.844899459203728220e-01 5.859098090556974330e-03
6.851208011046653334e-01 5.922908284626727735e-03
6.857522377120535140e-01 5.974254966686422773e-03
6.863842562784023826e-01 6.012287694353571008e-03
6.870168573400698975e-01 6.036229697077478799e-03
6.876500414339085099e-01 6.045406660557317742e-03
6.882838090972656087e-01 6.039640136319424264e-03
6.889181608679840751e-01 6.019297839811002700e-03
6.895530972844019502e-01 5.984872763794500325e-03
6.901886188853538773e-01 5.936950377503520497e-03
6.908247262101707697e-01 5.876197911383212492e-03
6.914614197986805877e-01 5.803353136915420651e-03
6.920987001912094483e-01 5.719212863209284861e-03
6.927365679285808486e-01 5.624621360816208296e-03
6.933750235521167760e-01 5.520458908127915537e-03
6.940140676036383738e-01 5.407630637494291806e-03
6.946537006254657198e-01 5.287055837622713951e-03
6.952939231604194914e-01 5.159657846650452656e-03
6.959347357518199662e-01 5.026354647242883660e-03
6.965761389434883544e-01 4.888050251826763989e-03
6.972181332797470210e-01 4.745626943227565682e-03
6.978607193054200408e-01 4.599938414056816208e-03
6.985038975658338645e-01 4.451803827630856046e-03
6.991476686068174295e-01 4.302002804338967042e-03
6.997920329747022716e-01 4.151271320475733405e-03
7.004369912163241896e-01 4.000298491784608917e-03
7.010825438790221353e-01 3.849724201421728369e-03
7.017286915106404344e-01 3.700137521760549740e-03
7.023754346595277864e-01 3.552075871389108897e-03
7.030227738745381538e-01 3.406024842700498042e-03
7.036707097050317605e-01 3.262418631519538488e-03
7.043192427008745371e-01 3.121640998071734813e-03
7.049683734124401191e-01 2.984026688095462419e-03
7.056181023906086258e-01 2.849863243824711512e-03
7.062684301867681036e-01 2.719393136706718932e-03
7.069193573528145258e-01 2.592816156867415282e-03
7.075708844411533471e-01 2.470291998279878793e-03
7.082230120046983934e-01 2.351942983142881003e-03
7.088757405968730829e-01 2.237856873947407805e-03
7.095290707716112033e-01 2.128089726943737953e-03
7.101830030833569118e-01 2.022668746069009559e-03
7.108375380870655125e-01 1.921595101730384000e-03
7.114926763382035668e-01 1.824846684057784135e-03
7.121484183927497824e-01 1.732380765251959184e-03
7.128047648071951237e-01 1.644136550393129111e-03
7.134617161385433670e-01 1.560037600486612703e-03
7.141192729443121001e-01 1.479994115572063305e-03
7.147774357825321667e-01 1.403905069387373014e-03
7.154362052117489990e-01 1.331660190345829728e-03
7.160955817910229504e-01 1.263141786458295800e-03
7.167555660799289630e-01 1.198226414316337900e-03
7.174161586385588985e-01 1.136786394363257851e-03
7.180773600275197621e-01 1.078691176440636735e-03
7.187391708079357011e-01 1.023808561027835266e-03
7.194015915414477824e-01 9.720057827242622106e-04
7.200646227902147700e-01 9.231504633814615344e-04
7.207282651169139021e-01 8.771114429086673955e-04
7.213925190847406688e-01 8.337594961773876941e-04
7.220573852574094786e-01 7.929679446674985218e-04
7.227228641991546576e-01 7.546131715568586782e-04
7.233889564747300049e-01 7.185750488832698792e-04
7.240556626494106807e-01 6.847372852262750397e-04
7.247229832889922063e-01 6.529877020882869773e-04
7.253909189597915752e-01 6.232184468194038865e-04
7.260594702286476965e-01 5.953261495460651729e-04
7.267286376629223943e-01 5.692120311454353359e-04
7.273984218304998528e-01 5.447819688688061886e-04
7.280688232997878373e-01 5.219465257699653455e-04
7.287398426397181384e-01 5.006209496486152934e-04
7.294114804197463497e-01 4.807251467823591513e-04
7.300837372098536449e-01 4.621836353009091728e-04
7.307566135805462215e-01 4.449254826587325747e-04
7.314301101028558572e-01 4.288842312917481598e-04
7.321042273483407969e-01 4.139978162039377029e-04
7.327789658890858648e-01 4.002084779242623272e-04
7.334543262977036848e-01 3.874626740049527999e-04
7.341303091473341258e-01 3.757109920022261513e-04
7.348069150116453008e-01 3.649080666909503392e-04
7.354841444648343440e-01 3.550102064031181799e-04
7.361619980816270781e-01 3.459591699171347371e-04
7.368404764372797899e-01 3.376934530317045107e-04
7.375195801075783431e-01 3.301575952163144181e-04
7.381993096688393985e-01 3.233016130680651319e-04
7.388796656979107480e-01 3.170804366464670507e-04
7.395606487721718691e-01 3.114534105615807190e-04
7.402422594695345914e-01 3.063838517429172143e-04
7.409244983684432073e-01 3.018386568826099035e-04
7.416073660478749163e-01 2.977879534621546477e-04
7.422908630873408242e-01 2.942047890596640207e-04
7.429749900668858320e-01 2.910648543130558486e-04
7.436597475670899682e-01 2.883462354995795069e-04
7.443451361690679446e-01 2.860291931973015628e-04
7.450311564544699339e-01 2.840959639308398210e-04
7.457178090054823461e-01 2.825305820816612665e-04
7.464050944048284952e-01 2.813187196707928679e-04
7.470930132357682663e-01 2.804475419059237465e-04
7.477815660820992250e-01 2.799055766316629890e-04
7.484707535281572843e-01 2.796825960362425072e-04
7.491605761588161494e-01 2.797695091547010098e-04
7.498510345594896487e-01 2.801582638712596645e-04
7.505421293161305130e-01 2.808417572655431764e-04
7.512338610152313745e-01 2.818137532712376562e-04
7.519262302438256551e-01 2.830688067241797349e-04
7.526192375894877884e-01 2.846021929718118800e-04
7.533128836403338857e-01 2.864098422992283595e-04
7.540071689850218473e-01 2.884882785002801223e-04
7.547020942127522503e-01 2.908345609867460575e-04
7.553976599132685710e-01 2.934462298856448581e-04
7.560938666768577399e-01 2.963212536254250756e-04
7.567907150943511407e-01 2.994579785569097003e-04
7.574882057571244998e-01 3.028550801953959915e-04
7.581863392570982185e-01 3.065115157068926967e-04
7.588851161867387063e-01 3.104264772947978542e-04
7.595845371390580469e-01 3.145993461739626925e-04
7.602846027076154423e-01 3.190296468476258888e-04
7.609853134865165458e-01 3.237170014295330913e-04
7.616866700704146842e-01 3.286610837792451004e-04
7.623886730545113011e-01 3.338615732434468183e-04
7.630913230345567344e-01 3.393181078204911077e-04
7.637946206068499944e-01 3.450302365896878586e-04
7.644985663682396515e-01 3.509973712713942442e-04
7.652031609161246140e-01 3.572187368089024860e-04
7.659084048484539053e-01 3.636933208888883259e-04
7.666142987637284412e-01 3.704198223438986298e-04
7.673208432610001406e-01 3.773965984081834144e-04
7.680280389398730367e-01 3.846216108274848138e-04
7.687358864005040537e-01 3.920923708540474759e-04
7.694443862436027848e-01 3.998058831904641067e-04
7.701535390704332684e-01 4.077585889799702993e-04
7.708633454828129894e-01 4.159463079764924446e-04
7.715738060831144329e-01 4.243641800652358251e-04
7.722849214742649737e-01 4.330066063435988595e-04
7.729966922597476531e-01 4.418671900129836220e-04
7.737091190436024002e-01 4.509386773740296003e-04
7.744222024304251439e-01 4.602128992611508864e-04
7.751359430253691452e-01 4.696807132965078943e-04
7.758503414341455517e-01 4.793319473883288066e-04
7.765653982630235097e-01 4.891553449436192563e-04
7.772811141188313844e-01 4.991385123101079553e-04
7.779974896089566494e-01 5.092678690062591926e-04
7.787145253413462198e-01 5.195286013409328900e-04
7.794322219245075622e-01 5.299046200647351129e-04
7.801505799675090280e-01 5.403785227330146386e-04
7.808696000799805192e-01 5.509315614944211093e-04
7.815892828721132668e-01 5.615436170487871342e-04
7.823096289546613846e-01 5.721931795422070853e-04
7.830306389389413146e-01 5.828573371850893046e-04
7.837523134368336031e-01 5.935117733894199055e-04
7.844746530607823454e-01 6.041307732234702009e-04
7.851976584237960743e-01 6.146872399749182380e-04
7.859213301394484263e-01 6.251527225954077926e-04
7.866456688218780302e-01 6.354974547703540286e-04
7.873706750857907277e-01 6.456904063162540591e-04
7.880963495464575752e-01 6.556993475527792383e-04
7.888226928197175081e-01 6.654909272284856422e-04
7.895497055219767857e-01 6.750307644954438042e-04
7.902773882702094355e-01 6.842835553300469697e-04
7.910057416819589182e-01 6.932131936838069807e-04
7.917347663753372400e-01 7.017829075192236936e-04
7.924644629690262843e-01 7.099554097423401702e-04
7.931948320822779230e-01 7.176930638853145066e-04
7.939258743349147940e-01 7.249580642206240920e-04
7.946575903473312996e-01 7.317126298042159714e-04
7.953899807404931632e-01 7.379192117493906661e-04
7.961230461359384281e-01 7.435407160007303845e-04
7.968567871557780125e-01 7.485470594199011970e-04
7.975912044226959319e-01 7.529289110153530385e-04
7.983262985599510753e-01 7.566824017990738879e-04
7.990620701913755397e-01 7.598053946214932590e-04
7.997985199413771840e-01 7.622974628717987203e-04
8.005356484349389623e-01 7.641598616383072935e-04
8.012734562976197017e-01 7.653954916958632644e-04
8.020119441555553230e-01 7.660088567243073703e-04
8.027511126354586191e-01 7.660060141946017226e-04
8.034909623646195875e-01 7.653945203871429610e-04
8.042314939709065413e-01 7.641833700300564936e-04
8.049727080827669967e-01 7.623829310638061650e-04
8.057146053292271182e-01 7.600048750524243972e-04
8.064571863398928286e-01 7.570621037709262830e-04
8.072004517449504757e-01 7.535686725034778516e-04
8.079444021751670535e-01 7.495397105874559767e-04
8.086890382618913131e-01 7.449913397351144674e-04
8.094343606370534294e-01 7.399405906572526209e-04
8.101803699331662223e-01 7.344053185024055882e-04
8.109270667833252677e-01 7.284041176107839462e-04
8.116744518212096748e-01 7.219562360649783806e-04
8.124225256810829743e-01 7.150814904993730041e-04
8.131712889977927849e-01 7.078001816078357232e-04
8.139207424067720353e-01 7.001330107646370387e-04
8.146708865440390746e-01 6.921009981473160658e-04
8.154217220461986715e-01 6.837254027223166938e-04
8.161732495504424589e-01 6.750276444253536018e-04
8.169254696945489336e-01 6.660292288386219367e-04
8.176783831168847883e-01 6.567516746365977941e-04
8.184319904564045789e-01 6.472164440415544397e-04
8.191862923526520568e-01 6.374448764992906051e-04
8.199412894457607237e-01 6.274581257551037133e-04
8.206969823764533878e-01 6.172771004801491093e-04
8.214533717860439399e-01 6.069224085690263495e-04
8.222104583164369096e-01 5.964143052010319537e-04
8.229682426101284642e-01 5.857726447302208459e-04
8.237267253102075193e-01 5.750168364431705028e-04
8.244859070603549611e-01 5.641658041985706277e-04
8.252457885048453123e-01 5.532379499392859126e-04
8.260063702885463988e-01 5.422511210456894184e-04
8.267676530569214588e-01 5.312225814786856537e-04
8.275296374560274781e-01 5.201689866422715700e-04
8.282923241325174102e-01 5.091063618783003841e-04
8.290557137336400650e-01 4.980500844909416854e-04
8.298198069072405536e-01 4.870148691846108648e-04
8.305846043017619529e-01 4.760147567871066956e-04
8.313501065662440848e-01 4.650631061195040694e-04
8.321163143503250703e-01 4.541725888654183697e-04
8.328832283042419959e-01 4.433551872851835499e-04
8.336508490788310244e-01 4.326221946147915868e-04
8.344191773255287270e-01 4.219842179850457351e-04
8.351882136963713066e-01 4.114511836936252131e-04
8.359579588439962627e-01 4.010323446608953695e-04
8.367284134216426139e-01 3.907362898999894654e-04
8.374995780831511194e-01 3.805709558322447846e-04
8.382714534829659447e-01 3.705436392806712932e-04
8.390440402761335514e-01 3.606610119768237431e-04
8.398173391183044734e-01 3.509291364196404908e-04
8.405913506657335388e-01 3.413534829291519864e-04
8.413660755752800924e-01 3.319389477425938690e-04
8.421415145044096606e-01 3.226898720058914583e-04
8.429176681111929526e-01 3.136100615193579953e-04
8.436945370543074141e-01 3.047028071025782497e-04
8.444721219930375611e-01 2.959709054501803824e-04
8.452504235872754235e-01 2.874166803569225747e-04
8.460294424975216554e-01 2.790420041976217585e-04
8.468091793848852022e-01 2.708483195546005739e-04
8.475896349110845218e-01 2.628366608924929829e-04
8.483708097384474733e-01 2.550076761875984472e-04
8.491527045299133158e-01 2.473616484260402707e-04
8.499353199490314870e-01 2.398985168922740450e-04
8.507186566599631572e-01 2.326178981762983228e-04
8.515027153274817850e-01 2.255191068349343794e-04
8.522874966169732280e-01 2.186011756490725605e-04
8.530730011944370750e-01 2.118628754253040509e-04
8.538592297264862019e-01 2.053027342964915656e-04
8.546461828803483263e-01 1.989190564818048941e-04
8.554338613238655631e-01 1.927099404724142210e-04
8.562222657254958680e-01 1.866732966143838180e-04
8.570113967543135924e-01 1.808068640654167814e-04
8.578012550800092617e-01 1.751082271069133174e-04
8.585918413728906851e-01 1.695748307971763069e-04
8.593831563038835109e-01 1.642039959559125223e-04
8.601752005445315596e-01 1.589929334739401524e-04
8.609679747669982675e-01 1.539387579456197894e-04
8.617614796440659086e-01 1.490385006248340328e-04
8.625557158491367060e-01 1.442891217082506016e-04
8.633506840562341633e-01 1.396875219523838673e-04
8.641463849400021768e-01 1.352305536333752193e-04
8.649428191757072559e-01 1.309150308605856554e-04
8.657399874392378569e-01 1.267377392570293471e-04
8.665378904071053823e-01 1.226954450213767135e-04
8.673365287564446247e-01 1.187849033876932174e-04
8.681359031650144331e-01 1.150028665003699041e-04
8.689360143111988233e-01 1.113460907227137254e-04
8.697368628740064223e-01 1.078113433985781973e-04
8.705384495330720229e-01 1.043954090870560927e-04
8.713407749686563619e-01 1.010950952908221286e-04
8.721438398616480070e-01 9.790723769907585909e-05
8.729476448935621358e-01 9.482870496629621610e-05
8.737521907465424231e-01 9.185640304809797156e-05
8.745574781033613743e-01 8.898727911553108271e-05
8.753635076474202137e-01 8.621832506904338609e-05
8.761702800627509946e-01 8.354658067310834094e-05
8.769777960340152667e-01 8.096913633231451394e-05
8.777860562465060745e-01 7.848313552928602309e-05
8.785950613861478464e-01 7.608577694445956138e-05
8.794048121394971718e-01 7.377431627723811185e-05
8.802153091937438001e-01 7.154606778754843801e-05
8.810265532367104191e-01 6.939838362956522353e-05
8.818385449568536538e-01 6.732831073571671535e-05
8.826512850432649548e-01 6.533270116726876792e-05
8.834647741856701542e-01 6.340853755020207786e-05
8.842790130744319077e-01 6.155293672018665645e-05
8.850940024005481410e-01 5.976314327694964791e-05
8.859097428556540477e-01 5.803652346918376233e-05
8.867262351320223113e-01 5.637055939204845407e-05
8.875434799225631055e-01 5.476284348033714578e-05
8.883614779208262036e-01 5.321107328134464529e-05
8.891802298209998678e-01 5.171304649238863809e-05
8.899997363179121823e-01 5.026665624877479363e-05
8.908199981070318296e-01 4.886988664881213279e-05
8.916410158844680911e-01 4.752080850323380309e-05
8.924627903469726231e-01 4.621757529708685300e-05
8.932853221919385689e-01 4.495841935283434400e-05
8.941086121174017798e-01 4.374164818402313847e-05
8.949326608220414814e-01 4.256564102948393958e-05
8.957574690051816058e-01 4.142884555857078327e-05
8.965830373667894593e-01 4.032977473849036785e-05
8.974093666074782760e-01 3.926700385524318018e-05
8.982364574285066627e-01 3.823916768018973138e-05
8.990643105317792649e-01 3.724495777467469259e-05
8.998929266198485433e-01 3.628311992556663382e-05
9.007223063959135523e-01 3.535245170495858978e-05
9.015524505638219388e-01 3.445180014763954461e-05
9.023833598280697199e-01 3.358005954029913046e-05
9.032150348938022821e-01 3.273616931674780997e-05
9.040474764668154917e-01 3.191911205375177254e-05
9.048806852535548062e-01 3.112791156236622821e-05
9.057146619611172733e-01 3.036163106992572646e-05
9.065494072972515305e-01 2.961937148811351388e-05
9.073849219703583602e-01 2.890026976277278319e-05
9.082212066894919111e-01 2.820349730135310315e-05
9.090582621643593653e-01 2.752825847410626903e-05
9.098960891053221589e-01 2.687378918534883034e-05
9.107346882233964269e-01 2.623935551130325130e-05
9.115740602302532247e-01 2.562425240121434683e-05
9.124142058382205267e-01 2.502780243860985870e-05
9.132551257602818939e-01 2.444935465973927259e-05
9.140968207100781395e-01 2.388828342637649033e-05
9.149392914019081058e-01 2.334398735032276073e-05
9.157825385507285532e-01 2.281588826708101474e-05
9.166265628721557146e-01 2.230343025630535564e-05
9.174713650824650735e-01 2.180607870675231174e-05
9.183169458985921407e-01 2.132331942357810537e-05
9.191633060381331211e-01 2.085465777593407006e-05
9.200104462193462451e-01 2.039961788292293278e-05
9.208583671611509924e-01 1.995774183607105259e-05
9.217070695831296456e-01 1.952858895656858681e-05
9.225565542055278456e-01 1.911173508561830146e-05
9.234068217492545916e-01 1.870677190631868654e-05
9.242578729358841283e-01 1.831330629558134511e-05
9.251097084876549470e-01 1.793095970466614936e-05
9.259623291274715617e-01 1.755936756698031723e-05
9.268157355789047314e-01 1.719817873186168489e-05
9.276699285661916816e-01 1.684705492312679330e-05
9.285249088142379925e-01 1.650567022122567464e-05
9.293806770486164881e-01 1.617371056790375085e-05
9.302372339955691238e-01 1.585087329232470101e-05
9.310945803820070976e-01 1.553686665765843759e-05
9.319527169355112939e-01 1.523140942719091019e-05
9.328116443843340599e-01 1.493423044905455984e-05
9.336713634573978737e-01 1.464506825872593140e-05
9.345318748842976753e-01 1.436367069847492758e-05
9.353931793953005336e-01 1.408979455299347299e-05
9.362552777213463129e-01 1.382320520046610558e-05
9.371181705940494489e-01 1.356367627838177042e-05
9.379818587456978385e-01 1.331098936342036018e-05
9.388463429092546164e-01 1.306493366477762811e-05
9.397116238183580439e-01 1.282530573032584519e-05
9.405777022073233962e-01 1.259190916503168135e-05
9.414445788111418523e-01 1.236455436108707170e-05
9.423122543654824934e-01 1.214305823922622690e-05
9.431807296066920809e-01 1.192724400073545697e-05
9.440500052717960555e-01 1.171694088967907308e-05
9.449200820984997584e-01 1.151198396489123358e-05
9.457909608251877653e-01 1.131221388130305541e-05
9.466626421909253297e-01 1.111747668019483364e-05
9.475351269354589379e-01 1.092762358798154718e-05
9.484084157992164199e-01 1.074251082316064662e-05
9.492825095233090593e-01 1.056199941106452902e-05
9.501574088495302606e-01 1.038595500608087705e-05
9.510331145203573255e-01 1.021424772101544752e-05
9.519096272789520086e-01 1.004675196329055815e-05
9.527869478691605165e-01 9.883346277684521990e-06
9.536650770355153961e-01 9.723913195330357131e-06
9.545440155232349788e-01 9.568339088707811921e-06
9.554237640782242691e-01 9.416514032370983960e-06
9.563043234470759435e-01 9.268331669168946072e-06
9.571856943770703507e-01 9.123689081725494819e-06
9.580678776161776211e-01 8.982486668955878690e-06
9.589508739130560011e-01 8.844628027408290327e-06
9.598346840170545180e-01 8.710019837226802707e-06
9.607193086782124247e-01 8.578571752542171744e-06
9.616047486472604211e-01 8.450196296105377794e-06
9.624910046756212090e-01 8.324808757987043901e-06
9.633780775154100473e-01 8.202327098173727360e-06
9.642659679194349742e-01 8.082671852899567296e-06
9.651546766411981393e-01 7.965766044558774184e-06
9.660442044348963586e-01 7.851535095051548793e-06
9.669345520554212259e-01 7.739906742422653665e-06
9.678257202583602226e-01 7.630810960657015304e-06
9.687177097999970510e-01 7.524179882503962126e-06
9.696105214373124115e-01 7.419947725206842169e-06
9.705041559279852237e-01 7.318050719019216565e-06
9.713986140303920713e-01 7.218427038395969514e-06
9.722938965036087566e-01 7.121016735750103920e-06
9.731900041074106333e-01 7.025761677672835893e-06
9.740869376022730508e-01 6.932605483517651484e-06
9.749846977493731304e-01 6.841493466253660394e-06
9.758832853105884331e-01 6.752372575498030885e-06
9.767827010484991801e-01 6.665191342640264879e-06
9.776829457263885859e-01 6.579899827975604713e-06
9.785840201082428580e-01 6.496449569768165597e-06
9.794859249587529737e-01 6.414793535167299941e-06
9.803886610433142357e-01 6.334886072904417300e-06
9.812922291280273823e-01 6.256682867700727021e-06
9.821966299796993649e-01 6.180140896318173141e-06
9.831018643658435696e-01 6.105218385190533811e-06
9.840079330546813718e-01 6.031874769572152189e-06
9.849148368151415811e-01 5.960070654146246560e-06
9.858225764168619953e-01 5.889767775035857889e-06
9.867311526301895119e-01 5.820928963163522849e-06
9.876405662261810159e-01 5.753518108907831375e-06
9.885508179766044901e-01 5.687500128007029323e-06
9.894619086539386821e-01 5.622840928662107021e-06
9.903738390313745477e-01 5.559507379793525524e-06
9.912866098828153616e-01 5.497467280407783881e-06
9.922002219828781611e-01 5.436689330031577406e-06
9.931146761068936346e-01 5.377143100173699149e-06
9.940299730309070103e-01 5.318799006775215355e-06
9.949461135316786109e-01 5.261628283611362069e-06
9.958630983866846309e-01 5.205602956609146182e-06
9.967809283741185800e-01 5.150695819046496026e-06
9.976996042728903946e-01 5.096880407600461693e-06
9.986191268626279927e-01 5.044130979212152480e-06
9.995394969236780502e-01 4.992422488738944018e-06
1.000460715237105891e+00 4.941730567364428381e-06
1.001382782584698372e+00 4.892031501738094079e-06
1.002305699748960111e+00 4.843302213818435579e-06
1.003229467513119255e+00 4.795520241393092874e-06
1.004154086661125600e+00 4.748663719251653651e-06
1.005079557977649696e+00 4.702711360987613746e-06
1.006005882248087513e+00 4.657642441405590076e-06
1.006933060258556889e+00 4.613436779513352218e-06
1.007861092795901525e+00 4.570074722076195778e-06
1.008789980647690543e+00 4.527537127714308770e-06
1.009719724602217150e+00 4.485805334553367868e-06
1.010650325448503084e+00 4.444860591867489936e-06
1.011581783976295723e+00 4.404683946380136892e-06
1.012514100976071418e+00 4.365256901471940277e-06
1.013447277239035049e+00 4.326561444709569355e-06
1.014381313557119135e+00 4.288580032745987312e-06
1.015316210722988499e+00 4.251295576737565272e-06
1.016251969530036270e+00 4.214691428259299968e-06
1.017188590772388102e+00 4.178751365699435962e-06
1.018126075244901729e+00 4.143459581115969010e-06
1.019064423743165859e+00 4.108800667538586254e-06
1.020003637063504831e+00 4.074759606698878143e-06
1.020943716002974622e+00 4.041321757174446224e-06
1.021884661359367064e+00 4.008472842930836891e-06
1.022826473931209623e+00 3.976198942247774835e-06
1.023769154517764068e+00 3.944486477015477897e-06
1.024712703919031132e+00 3.913322202387906513e-06
1.025657122935746068e+00 3.882693196780312580e-06
1.026602412369384654e+00 3.852586852198678697e-06
1.027548573022160516e+00 3.822990864889517122e-06
1.028495605697025361e+00 3.793893226298727765e-06
1.029443511197673411e+00 3.765282214328292436e-06
1.030392290328536742e+00 3.737146384881130565e-06
1.031341943894791058e+00 3.709474563683175236e-06
1.032292472702353914e+00 3.682255838373851950e-06
1.033243877557884050e+00 3.655479550855326375e-06
1.034196159268784942e+00 3.629135289891432417e-06
1.035149318643205030e+00 3.603212883948135129e-06
1.036103356490035043e+00 3.577702394267175014e-06
1.037058273618913784e+00 3.552594108164550440e-06
1.038014070840224345e+00 3.527878532547011102e-06
1.038970748965097890e+00 3.503546387638395840e-06
1.039928308805413204e+00 3.479588600909429042e-06
1.040886751173796032e+00 3.455996301203756375e-06
1.041846076883623073e+00 3.432760813053924685e-06
1.042806286749018208e+00 3.409873651180934691e-06
1.043767381584857823e+00 3.387326515171266987e-06
1.044729362206768819e+00 3.365111284325696914e-06
1.045692229431128606e+00 3.343220012674190566e-06
1.046655984075068879e+00 3.321644924151443143e-06
1.047620626956472289e+00 3.300378407928040117e-06
1.048586158893976883e+00 3.279413013891955319e-06
1.049552580706975657e+00 3.258741448275845419e-06
1.050519893215614564e+00 3.238356569425358442e-06
1.051488097240797837e+00 3.218251383703909045e-06
1.052457193604183994e+00 3.198419041529790400e-06
1.053427183128191169e+00 3.178852833541234644e-06
1.054398066635994224e+00 3.159546186885729675e-06
1.055369844951526304e+00 3.140492661629385923e-06
1.056342518899481053e+00 3.121685947282779049e-06
1.057316089305310847e+00 3.103119859439850367e-06
1.058290556995229892e+00 3.084788336526053758e-06
1.059265922796214232e+00 3.066685436652673516e-06
1.060242187536000191e+00 3.048805334574035932e-06
1.061219352043089481e+00 3.031142318744401843e-06
1.062197417146744760e+00 3.013690788471685631e-06
1.063176383676995185e+00 2.996445251164982695e-06
1.064156252464634189e+00 2.979400319673186002e-06
1.065137024341219929e+00 2.962550709711981213e-06
1.066118700139078612e+00 2.945891237376541626e-06
1.067101280691301834e+00 2.929416816737535172e-06
1.068084766831750132e+00 2.913122457517896426e-06
1.069069159395053425e+00 2.897003262847976689e-06
1.070054459216608134e+00 2.881054427097068492e-06
1.071040667132583390e+00 2.865271233778685071e-06
1.072027783979917048e+00 2.849649053527858395e-06
1.073015810596319231e+00 2.834183342148109466e-06
1.074004747820272776e+00 2.818869638726351927e-06
1.074994596491031462e+00 2.803703563813563552e-06
1.075985357448624447e+00 2.788680817669498501e-06
1.076977031533853602e+00 2.773797178569688264e-06
1.077969619588296402e+00 2.759048501172746693e-06
1.078963122454306811e+00 2.744430714946570503e-06
1.079957540975013064e+00 2.729939822651570925e-06
1.080952875994322770e+00 2.715571898879463522e-06
1.081949128356919143e+00 2.701323088645981395e-06
1.082946298908265659e+00 2.687189606036084944e-06
1.083944388494604505e+00 2.673167732900151157e-06
1.084943397962956579e+00 2.659253817599786328e-06
1.085943328161125265e+00 2.645444273801765064e-06
1.086944179937694877e+00 2.631735579318910588e-06
1.087945954142030214e+00 2.618124274996486974e-06
1.088948651624281450e+00 2.604606963642847578e-06
1.089952273235379909e+00 2.591180309003229633e-06
1.090956819827042512e+00 2.577841034775284703e-06
1.091962292251771771e+00 2.564585923665285351e-06
1.092968691362853573e+00 2.551411816483954734e-06
1.093976018014362728e+00 2.538315611280524072e-06
1.094984273061159419e+00 2.525294262514252686e-06
1.095993457358892753e+00 2.512344780262062132e-06
1.097003571764000540e+00 2.499464229461406485e-06
1.098014617133708404e+00 2.486649729187329719e-06
1.099026594326034445e+00 2.473898451962610311e-06
1.100039504199784801e+00 2.461207623100168483e-06
1.101053347614559419e+00 2.448574520076611642e-06
1.102068125430749834e+00 2.435996471936116738e-06
1.103083838509539394e+00 2.423470858723633505e-06
1.104100487712907031e+00 2.410995110946476865e-06
1.105118073903624154e+00 2.398566709063550808e-06
1.106136597945258870e+00 2.386183183001133544e-06
1.107156060702175315e+00 2.373842111694515786e-06
1.108176463039532322e+00 2.361541122654579070e-06
1.109197805823288752e+00 2.349277891558417961e-06
1.110220089920198827e+00 2.337050141863299277e-06
1.111243316197817466e+00 2.324855644443002892e-06
1.112267485524499611e+00 2.312692217245846588e-06
1.113292598769398012e+00 2.300557724973579250e-06
1.114318656802469665e+00 2.288450078780245828e-06
1.115345660494470037e+00 2.276367235990412937e-06
1.116373610716959730e+00 2.264307199835842406e-06
1.117402508342302259e+00 2.252268019209904662e-06
1.118432354243663163e+00 2.240247788439069993e-06
1.119463149295015558e+00 2.228244647070430335e-06
1.120494894371135475e+00 2.216256779674952152e-06
1.121527590347606740e+00 2.204282415665274567e-06
1.122561238100820535e+00 2.192319829127643201e-06
1.123595838507973621e+00 2.180367338667124645e-06
1.124631392447073885e+00 2.168423307265333299e-06
1.125667900796935905e+00 2.156486142150093752e-06
1.126705364437186052e+00 2.144554294676166690e-06
1.127743784248261161e+00 2.132626260216478002e-06
1.128783161111408306e+00 2.120700578063067595e-06
1.129823495908688358e+00 2.108775831337017183e-06
1.130864789522973313e+00 2.096850646906819603e-06
1.131907042837950739e+00 2.084923695314307478e-06
1.132950256738121997e+00 2.072993690707583029e-06
1.133994432108802464e+00 2.061059390780268029e-06
1.135039569836125750e+00 2.049119596716249298e-06
1.136085670807039483e+00 2.037173153139500052e-06
1.137132735909310632e+00 2.025218948068005120e-06
1.138180766031524627e+00 2.013255912871361014e-06
1.139229762063084017e+00 2.001283022231310128e-06
1.140279724894213143e+00 1.989299294104462389e-06
1.141330655415954576e+00 1.977303789686735970e-06
1.142382554520174009e+00 1.965295613378608187e-06
1.143435423099558923e+00 1.953273912750789910e-06
1.144489262047617917e+00 1.941237878509585307e-06
1.145544072258685153e+00 1.929186744461136462e-06
1.146599854627918136e+00 1.917119787474198398e-06
1.147656610051298820e+00 1.905036327440644467e-06
1.148714339425636055e+00 1.892935727233075746e-06
1.149773043648563808e+00 1.880817392659011372e-06
1.150832723618544717e+00 1.868680772410947904e-06
1.151893380234869646e+00 1.856525358011771440e-06
1.152955014397656575e+00 1.844350683754874926e-06
1.154017627007854818e+00 1.832156326638361063e-06
1.155081218967242362e+00 1.819941906292848415e-06
1.156145791178429860e+00 1.807707084902162870e-06
1.157211344544859966e+00 1.795451567116491773e-06
1.158277879970806001e+00 1.783175099957365467e-06
1.159345398361377066e+00 1.770877472713862931e-06
1.160413900622514261e+00 1.758558516829648928e-06
1.161483387660995570e+00 1.746218105780137286e-06
1.162553860384434090e+00 1.733856154939403598e-06
1.163625319701278249e+00 1.721472621436278773e-06
1.164697766520815581e+00 1.709067503999056765e-06
1.165771201753170061e+00 1.696640842788494621e-06
1.166845626309305439e+00 1.684192719218422545e-06
1.167921041101025459e+00 1.671723255763676215e-06
1.168997447040972304e+00 1.659232615754841006e-06
1.170074845042631706e+00 1.646721003159270044e-06
1.171153236020329169e+00 1.634188662348177884e-06
1.172232620889234189e+00 1.621635877849134099e-06
1.173313000565360031e+00 1.609062974083798583e-06
1.174394375965562398e+00 1.596470315090375959e-06
1.175476748007544536e+00 1.583858304230465950e-06
1.176560117609852352e+00 1.571227383880039073e-06
1.177644485691881293e+00 1.558578035103996419e-06
1.178729853173873021e+00 1.545910777314344002e-06
1.179816220976916519e+00 1.533226167911343862e-06
1.180903590022951200e+00 1.520524801907583267e-06
1.181991961234764466e+00 1.507807311534671906e-06
1.183081335535995482e+00 1.495074365832244981e-06
1.184171713851135177e+00 1.482326670219150032e-06
1.185263097105524244e+00 1.469564966046675168e-06
1.186355486225359135e+00 1.456790030133397115e-06
1.187448882137686956e+00 1.444002674281853415e-06
1.188543285770411462e+00 1.431203744776605526e-06
1.189638698052291277e+00 1.418394121863733476e-06
1.190735119912939455e+00 1.405574719211715486e-06
1.191832552282828139e+00 1.392746483353463859e-06
1.192930996093284568e+00 1.379910393109698412e-06
1.194030452276496179e+00 1.367067458993427255e-06
1.195130921765509724e+00 1.354218722595723389e-06
1.196232405494229711e+00 1.341365255952774257e-06
1.197334904397424182e+00 1.328508160894135627e-06
1.198438419410720046e+00 1.315648568372564635e-06
1.199542951470608410e+00 1.302787637775194163e-06
1.200648501514443467e+00 1.289926556216493480e-06
1.201755070480441390e+00 1.277066537812997758e-06
1.202862659307685655e+00 1.264208822939962974e-06
1.203971268936123051e+00 1.251354677470389176e-06
1.205080900306567671e+00 1.238505391996350722e-06
1.206191554360701801e+00 1.225662281033110141e-06
1.207303232041072594e+00 1.212826682206294526e-06
1.208415934291098948e+00 1.199999955422249624e-06
1.209529662055068178e+00 1.187183482022210526e-06
1.210644416278136681e+00 1.174378663920454536e-06
1.211760197906334380e+00 1.161586922726836026e-06
1.212877007886560277e+00 1.148809698854278405e-06
1.213994847166588453e+00 1.136048450611445345e-06
1.215113716695066071e+00 1.123304653281275023e-06
1.216233617421512703e+00 1.110579798185740976e-06
1.217354550296326110e+00 1.097875391737359854e-06
1.218476516270776688e+00 1.085192959748881501e-06
1.219599516297014130e+00 1.072534611741014684e-06
1.220723551328065204e+00 1.059903507491236253e-06
1.221848622317833311e+00 1.047302857156895703e-06
1.222974730221103590e+00 1.034735798290521571e-06
1.224101875993538480e+00 1.022205395421655665e-06
1.225230060591683490e+00 1.009714639704302072e-06
1.226359284972964980e+00 9.972664486289245194e-07
1.227489550095690607e+00 9.848636657975263062e-07
1.228620856919053317e+00 9.725090607605547438e-07
1.229753206403127574e+00 9.602053289142943378e-07
1.230886599508874912e+00 9.479550914572420498e-07
1.232021037198141933e+00 9.357608954041648681e-07
1.233156520433660530e+00 9.236252136562868637e-07
1.234293050179051887e+00 9.115504451261557168e-07
1.235430627398822923e+00 8.995389149157483344e-07
1.236569253058371620e+00 8.875928745461763391e-07
1.237708928123985253e+00 8.757145022376055765e-07
1.238849653562840158e+00 8.639059032377433273e-07
1.239991430343006629e+00 8.521691101973565998e-07
1.241134259433444242e+00 8.405060835913213030e-07
1.242278141804007641e+00 8.289187121835077029e-07
1.243423078425445860e+00 8.174088135340660199e-07
1.244569070269399891e+00 8.059781345474845916e-07
1.245716118308409559e+00 7.946283520597273833e-07
1.246864223515907533e+00 7.833610734631491677e-07
1.248013386866226648e+00 7.721778373672864680e-07
1.249163609334596803e+00 7.610801142942410079e-07
1.250314891897145397e+00 7.500693074069736752e-07
1.251467235530901778e+00 7.391467532688754934e-07
1.252620641213793240e+00 7.283137226333398656e-07
1.253775109924650133e+00 7.175714212614909348e-07
1.254930642643205196e+00 7.069209907668182632e-07
1.256087240350092227e+00 6.963635094851191617e-07
1.257244904026850962e+00 6.858999933682087645e-07
1.258403634655923975e+00 6.755313969000888640e-07
1.259563433220660222e+00 6.652586140339867910e-07
1.260724300705315937e+00 6.550824791489505912e-07
1.261886238095051738e+00 6.450037680245848950e-07
1.263049246375939516e+00 6.350231988324489837e-07
1.264213326534956661e+00 6.251414331429576763e-07
1.265378479559992719e+00 6.153590769462561428e-07
1.266544706439847623e+00 6.056766816859212310e-07
1.267712008164230353e+00 5.960947453041633836e-07
1.268880385723764936e+00 5.866137132971850091e-07
1.270049840109985784e+00 5.772339797796952795e-07
1.271220372315342795e+00 5.679558885571362100e-07
1.272391983333201138e+00 5.587797342046427558e-07
1.273564674157839027e+00 5.497057631515420819e-07
1.274738445784453056e+00 5.407341747702242634e-07
1.275913299209157303e+00 5.318651224684147760e-07
1.277089235428982006e+00 5.230987147837566340e-07
1.278266255441878441e+00 5.144350164796394661e-07
1.279444360246715151e+00 5.058740496413940865e-07
1.280623550843283942e+00 4.974157947717926046e-07
1.281803828232297215e+00 4.890601918850097930e-07
1.282985193415387970e+00 4.808071415981418256e-07
1.284167647395115130e+00 4.726565062193469405e-07
1.285351191174958663e+00 4.646081108319090175e-07
1.286535825759326013e+00 4.566617443732916427e-07
1.287721552153549665e+00 4.488171607085194885e-07
1.288908371363886696e+00 4.410740796971046661e-07
1.290096284397524773e+00 4.334321882527642995e-07
1.291285292262576823e+00 4.258911413953854709e-07
1.292475395968086804e+00 4.184505632944206278e-07
1.293666596524029044e+00 4.111100483032478491e-07
1.294858894941306016e+00 4.038691619838240598e-07
1.296052292231755221e+00 3.967274421210627843e-07
1.297246789408143863e+00 3.896843997264974080e-07
1.298442387484174398e+00 3.827395200306017161e-07
1.299639087474483645e+00 3.758922634633999361e-07
1.300836890394641454e+00 3.691420666228959713e-07
1.302035797261156702e+00 3.624883432308150851e-07
1.303235809091471964e+00 3.559304850754326752e-07
1.304436926903969729e+00 3.494678629409385588e-07
1.305639151717971291e+00 3.430998275231494681e-07
1.306842484553735195e+00 3.368257103311639766e-07
1.308046926432463009e+00 3.306448245746861564e-07
1.309252478376294659e+00 3.245564660367830221e-07
1.310459141408314210e+00 3.185599139317731579e-07
1.311666916552548745e+00 3.126544317480902512e-07
1.312875804833967042e+00 3.068392680758808692e-07
1.314085807278485341e+00 3.011136574191508183e-07
1.315296924912962462e+00 2.954768209923586034e-07
1.316509158765206022e+00 2.899279675012456034e-07
1.317722509863970437e+00 2.844662939078441475e-07
1.318936979238956697e+00 2.790909861795601550e-07
1.320152567920817255e+00 2.738012200222037595e-07
1.321369276941151805e+00 2.685961615969836400e-07
1.322587107332512613e+00 2.634749682213559521e-07
1.323806060128404294e+00 2.584367890537327284e-07
1.325026136363280926e+00 2.534807657620641471e-07
1.326247337072553600e+00 2.486060331762269617e-07
1.327469663292584645e+00 2.438117199243367734e-07
1.328693116060693180e+00 2.390969490529381965e-07
1.329917696415155115e+00 2.344608386311608754e-07
1.331143405395200707e+00 2.299025023389316154e-07
1.332370244041021001e+00 2.254210500392314030e-07
1.333598213393762721e+00 2.210155883346042321e-07
1.334827314495534267e+00 2.166852211078980665e-07
1.336057548389404825e+00 2.124290500474461256e-07
1.337288916119402593e+00 2.082461751567655196e-07
1.338521418730520107e+00 2.041356952488816008e-07
1.339755057268712912e+00 2.000967084254836493e-07
1.340989832780898450e+00 1.961283125410117898e-07
1.342225746314962054e+00 1.922296056518373723e-07
1.343462798919752066e+00 1.883996864507374048e-07
1.344700991645085164e+00 1.846376546867925026e-07
1.345940325541746141e+00 1.809426115709283697e-07
1.347180801661485683e+00 1.773136601672669375e-07
1.348422421057026810e+00 1.737499057704755984e-07
1.349665184782059990e+00 1.702504562693494551e-07
1.350909093891248913e+00 1.668144224967744701e-07
1.352154149440229158e+00 1.634409185663400271e-07
1.353400352485607083e+00 1.601290621957814788e-07
1.354647704084966264e+00 1.568779750174612390e-07
1.355896205296861279e+00 1.536867828761569261e-07
1.357145857180825255e+00 1.505546161143163579e-07
1.358396660797366984e+00 1.474806098450680227e-07
1.359648617207971588e+00 1.444639042131809725e-07
1.360901727475104295e+00 1.415036446442101140e-07
1.362155992662207327e+00 1.385989820820795805e-07
1.363411413833705010e+00 1.357490732153138233e-07
1.364667992055002443e+00 1.329530806921799308e-07
1.365925728392485272e+00 1.302101733249604760e-07
1.367184623913523689e+00 1.275195262835962864e-07
1.368444679686469767e+00 1.248803212789534832e-07
1.369705896780661902e+00 1.222917467359334052e-07
1.370968276266423924e+00 1.197529979566754490e-07
1.372231819215064208e+00 1.172632772741035756e-07
1.373496526698881448e+00 1.148217941960124382e-07
1.374762399791159329e+00 1.124277655399915512e-07
1.376029439566173407e+00 1.100804155593598328e-07
1.377297647099188893e+00 1.077789760603962623e-07
1.378567023466459984e+00 1.055226865110725460e-07
1.379837569745235859e+00 1.033107941415181206e-07
1.381109287013755571e+00 1.011425540364724359e-07
1.382382176351253822e+00 9.901722921991532561e-08
1.383656238837960295e+00 9.693409073213366437e-08
1.384931475555098102e+00 9.489241769943747361e-08
1.386207887584889331e+00 9.289149739673002022e-08
1.387485476010551055e+00 9.093062530318297455e-08
1.388764241916300879e+00 8.900910515119885876e-08
1.390044186387355385e+00 8.712624896890041646e-08
1.391325310509929025e+00 8.528137711634582400e-08
1.392607615371240781e+00 8.347381831567094022e-08
1.393891102059508391e+00 8.170290967538198641e-08
1.395175771663954789e+00 7.996799670897829355e-08
1.396461625274806773e+00 7.826843334812178530e-08
1.397748663983294115e+00 7.660358195053874984e-08
1.399036888881654450e+00 7.497281330284288157e-08
1.400326301063129719e+00 7.337550661848195412e-08
1.401616901621971500e+00 7.181104953097409022e-08
1.402908691653440121e+00 7.027883808263176795e-08
1.404201672253802657e+00 6.877827670894754920e-08
1.405495844520339821e+00 6.730877821880392249e-08
1.406791209551340627e+00 6.586976377070296441e-08
1.408087768446108390e+00 6.446066284515434937e-08
1.409385522304960059e+00 6.308091321341316342e-08
1.410684472229223774e+00 6.172996090271221933e-08
1.411984619321245304e+00 6.040726015814418431e-08
1.413285964684386498e+00 5.911227340135928736e-08
1.414588509423023721e+00 5.784447118622163567e-08
1.415892254642553860e+00 5.660333215156300064e-08
1.417197201449390542e+00 5.538834297119618096e-08
1.418503350950968134e+00 5.419899830130429732e-08
1.419810704255742628e+00 5.303480072536139639e-08
1.421119262473188760e+00 5.189526069670614483e-08
1.422429026713807110e+00 5.077989647889617133e-08
1.423739998089118775e+00 4.968823408398018315e-08
1.425052177711671142e+00 4.861980720879265134e-08
1.426365566695037668e+00 4.757415716940512712e-08
1.427680166153814989e+00 4.655083283384440318e-08
1.428995977203630918e+00 4.554939055317988512e-08
1.430313000961137782e+00 4.456939409110943812e-08
1.431631238544019524e+00 4.361041455212518287e-08
1.432950691070990379e+00 4.267203030838188197e-08
1.434271359661793088e+00 4.175382692535586240e-08
1.435593245437205567e+00 4.085539708639036107e-08
1.436916349519035796e+00 3.997634051622893069e-08
1.438240673030127814e+00 3.911626390361368153e-08
1.439566217094360168e+00 3.827478082304811049e-08
1.440892982836645686e+00 3.745151165580186215e-08
1.442220971382936368e+00 3.664608351023568629e-08
1.443550183860219160e+00 3.585813014153541133e-08
1.444880621396521736e+00 3.508729187091723678e-08
1.446212285120911822e+00 3.433321550438725479e-08
1.447545176163495206e+00 3.359555425112369795e-08
1.448879295655422395e+00 3.287396764154180117e-08
1.450214644728883062e+00 3.216812144511909880e-08
1.451551224517113159e+00 3.147768758802951073e-08
1.452889036154392244e+00 3.080234407065973722e-08
1.454228080776044152e+00 3.014177488505541611e-08
1.455568359518440991e+00 2.949566993235593782e-08
1.456909873518999810e+00 2.886372494027300162e-08
1.458252623916188151e+00 2.824564138065942717e-08
1.459596611849522718e+00 2.764112638721997656e-08
1.460941838459568265e+00 2.704989267341055836e-08
1.462288304887943591e+00 2.647165845056518428e-08
1.463636012277316656e+00 2.590614734630179822e-08
1.464984961771411021e+00 2.535308832323773230e-08
1.466335154515004291e+00 2.481221559806036073e-08
1.467686591653926786e+00 2.428326856098671732e-08
1.469039274335067757e+00 2.376599169564345299e-08
1.470393203706370722e+00 2.326013449940905822e-08
1.471748380916839460e+00 2.276545140423723996e-08
1.473104807116536685e+00 2.228170169800199136e-08
1.474462483456582484e+00 2.180864944638652952e-08
1.475821411089161206e+00 2.134606341534154186e-08
1.477181591167516128e+00 2.089371699414263893e-08
1.478543024845955456e+00 2.045138811906363313e-08
1.479905713279851209e+00 2.001885919769304976e-08
1.481269657625638558e+00 1.959591703391213095e-08
1.482634859040820707e+00 1.918235275355116091e-08
1.484001318683965343e+00 1.877796173074730641e-08
1.485369037714709295e+00 1.838254351501384590e-08
1.486738017293759428e+00 1.799590175904136410e-08
1.488108258582889087e+00 1.761784414724373671e-08
1.489479762744944757e+00 1.724818232505892732e-08
1.490852530943845178e+00 1.688673182902009139e-08
1.492226564344579121e+00 1.653331201760763129e-08
1.493601864113212274e+00 1.618774600288737405e-08
1.494978431416881692e+00 1.584986058295144185e-08
1.496356267423802455e+00 1.551948617516129252e-08
1.497735373303266782e+00 1.519645675020585720e-08
1.499115750225642030e+00 1.488060976698028574e-08
1.500497399362376916e+00 1.457178610828530508e-08
1.501880321885996850e+00 1.426983001735946559e-08
1.503264518970110819e+00 1.397458903524061461e-08
1.504649991789408947e+00 1.368591393896484397e-08
1.506036741519661382e+00 1.340365868060314156e-08
1.507424769337725845e+00 1.312768032713440019e-08
1.508814076421540751e+00 1.285783900116272480e-08
1.510204663950132975e+00 1.259399782247038560e-08
1.511596533103616080e+00 1.233602285041395286e-08
1.512989685063188539e+00 1.208378302715840037e-08
1.514384121011140838e+00 1.183715012174700042e-08
1.515779842130850152e+00 1.159599867500965905e-08
1.517176849606786337e+00 1.136020594530103587e-08
1.518575144624511264e+00 1.112965185507127403e-08
1.519974728370676598e+00 1.090421893826215561e-08
1.521375602033031127e+00 1.068379228852563497e-08
1.522777766800415433e+00 1.046825950826230331e-08
1.524181223862767665e+00 1.025751065847271535e-08
1.525585974411122869e+00 1.005143760546019342e-08
1.526992019637611442e+00 9.849930182947747550e-09
1.528399360735465784e+00 9.652878961612456860e-09
1.529807998899014754e+00 9.460177305295837205e-09
1.531217935323690105e+00 9.271721305421081081e-09
1.532629171206025598e+00 9.087409707064065005e-09
1.534041707743655669e+00 8.907143837133816342e-09
1.535455546135320981e+00 8.730827534598063438e-09
1.536870687580864425e+00 8.558367082696022644e-09
1.538287133281237118e+00 8.389671143076052832e-09
1.539704884438496624e+00 8.224650691803146718e-09
1.541123942255806067e+00 8.063218957179471396e-09
1.542544307937441239e+00 7.905291359323589147e-09
1.543965982688783711e+00 7.750785451459091664e-09
1.545388967716329276e+00 7.599620862857133917e-09
1.546813264227685059e+00 7.451719243389639237e-09
1.548238873431568852e+00 7.307004209640806781e-09
1.549665796537815998e+00 7.165401292533614353e-09
1.551094034757373397e+00 7.026837886426364287e-09
1.552523589302306606e+00 6.891243199634786590e-09
1.553954461385797847e+00 6.758548206339554647e-09
1.555386652222145560e+00 6.628685599837429264e-09
1.556820163026770398e+00 6.501589747096612600e-09
1.558254995016209676e+00 6.377196644579188932e-09
1.559691149408124922e+00 6.255443875292291771e-09
1.561128627421299209e+00 6.136270567032946366e-09
1.562567430275636937e+00 6.019617351792328256e-09
1.564007559192170271e+00 5.905426326283661488e-09
1.565449015393052701e+00 5.793641013563914301e-09
1.566891800101567256e+00 5.684206325714831935e-09
1.568335914542124288e+00 5.577068527554691901e-09
1.569781359940259913e+00 5.472175201349750867e-09
1.571228137522642010e+00 5.369475212496732921e-09
1.572676248517069997e+00 5.268918676148404655e-09
1.574125694152471056e+00 5.170456924755764793e-09
1.575576475658909459e+00 5.074042476498241171e-09
1.577028594267579242e+00 4.979629004579560340e-09
1.578482051210811754e+00 4.887171307361288917e-09
1.579936847722074322e+00 4.796625279312360491e-09
1.581392985035968035e+00 4.707947882750080366e-09
1.582850464388235956e+00 4.621097120349788717e-09
1.584309287015756240e+00 4.536032008402259453e-09
1.585769454156549463e+00 4.452712550796383446e-09
1.587230967049777286e+00 4.371099713707077829e-09
1.588693826935741349e+00 4.291155400968479686e-09
1.590158035055889041e+00 4.212842430112187995e-09
1.591623592652809061e+00 4.136124509052854637e-09
1.593090500970237855e+00 4.060966213401391246e-09
1.594558761253057622e+00 3.987332964389338459e-09
1.596028374747296086e+00 3.915191007386286439e-09
1.597499342700132274e+00 3.844507390993722002e-09
1.598971666359891408e+00 3.775249946699606588e-09
1.600445346976052008e+00 3.707387269076878010e-09
1.601920385799243451e+00 3.640888696511712176e-09
1.603396784081245974e+00 3.575724292445973088e-09
1.604874543074996662e+00 3.511864827119246445e-09
1.606353664034583906e+00 3.449281759797465124e-09
1.607834148215254499e+00 3.387947221473277837e-09
1.609315996873411647e+00 3.327833998025840936e-09
1.610799211266614961e+00 3.268915513826975893e-09
1.612283792653585790e+00 3.211165815781067626e-09
1.613769742294202114e+00 3.154559557786981273e-09
1.615257061449506093e+00 3.099071985609939598e-09
1.616745751381701401e+00 3.044678922152163918e-09
1.618235813354153452e+00 2.991356753111336989e-09
1.619727248631394501e+00 2.939082413015757754e-09
1.621220058479119208e+00 2.887833371626404033e-09
1.622714244164191522e+00 2.837587620694993083e-09
1.624209806954642676e+00 2.788323661068839683e-09
1.625706748119670308e+00 2.740020490133015736e-09
1.627205068929644671e+00 2.692657589579750789e-09
1.628704770656104195e+00 2.646214913497195407e-09
1.630205854571761037e+00 2.600672876767737455e-09
1.631708321950500862e+00 2.556012343768203732e-09
1.633212174067380618e+00 2.512214617363332285e-09
1.634717412198635866e+00 2.469261428184370993e-09
1.636224037621675009e+00 2.427134924185408654e-09
1.637732051615086393e+00 2.385817660469471999e-09
1.639241455458636310e+00 2.345292589377430404e-09
1.640752250433268777e+00 2.305543050832242981e-09
1.642264437821110867e+00 2.266552762931819348e-09
1.643778018905468929e+00 2.228305812783698796e-09
1.645292994970833700e+00 2.190786647574952331e-09
1.646809367302880078e+00 2.153980065871053673e-09
1.648327137188465796e+00 2.117871209137522826e-09
1.649846305915637190e+00 2.082445553478186744e-09
1.651366874773625204e+00 2.047688901584445489e-09
1.652888845052850497e+00 2.013587374889764807e-09
1.654412218044924110e+00 1.980127405923794673e-09
1.655936995042644355e+00 1.947295730861016322e-09
1.657463177340003480e+00 1.915079382258378121e-09
1.658990766232186775e+00 1.883465681977193377e-09
1.660519763015570138e+00 1.852442234284178158e-09
1.662050168987728282e+00 1.821996919126746715e-09
1.663581985447427858e+00 1.792117885578431685e-09
1.665115213694635443e+00 1.762793545449126029e-09
1.666649855030515548e+00 1.734012567056516010e-09
1.668185910757429502e+00 1.705763869153994395e-09
1.669723382178941895e+00 1.678036615010949022e-09
1.671262270599815913e+00 1.650820206641586947e-09
1.672802577326019779e+00 1.624104279178180392e-09
1.674344303664724531e+00 1.597878695384948914e-09
1.675887450924304689e+00 1.572133540309100727e-09
1.677432020414342917e+00 1.546859116064966148e-09
1.678978013445626027e+00 1.522045936748250897e-09
1.680525431330151198e+00 1.497684723476505571e-09
1.682074275381125084e+00 1.473766399552955676e-09
1.683624546912961817e+00 1.450282085750117740e-09
1.685176247241290559e+00 1.427223095710151093e-09
1.686729377682949282e+00 1.404580931459124194e-09
1.688283939555992763e+00 1.382347279031801812e-09
1.689839934179689918e+00 1.360514004204502932e-09
1.691397362874523358e+00 1.339073148332991783e-09
1.692956226962195831e+00 1.318016924292597225e-09
1.694516527765625336e+00 1.297337712518183378e-09
1.696078266608951335e+00 1.277028057141122692e-09
1.697641444817533429e+00 1.257080662220904060e-09
1.699206063717950466e+00 1.237488388068868379e-09
1.700772124638007643e+00 1.218244247661737460e-09
1.702339628906729851e+00 1.199341403142623082e-09
1.703908577854369888e+00 1.180773162407143416e-09
1.705478972812406457e+00 1.162532975772698189e-09
1.707050815113542841e+00 1.144614432728566430e-09
1.708624106091713779e+00 1.127011258764735878e-09
1.710198847082080587e+00 1.109717312277709212e-09
1.711775039421036926e+00 1.092726581550980890e-09
1.713352684446208807e+00 1.076033181808506286e-09
1.714931783496452145e+00 1.059631352339253130e-09
1.716512337911860309e+00 1.043515453690939996e-09
1.718094349033758128e+00 1.027679964931335387e-09
1.719677818204709663e+00 1.012119480975289137e-09
1.721262746768515983e+00 9.968287099758845854e-10
1.722849136070214060e+00 9.818024707781111238e-10
1.724436987456084536e+00 9.670356904333448616e-10
1.726026302273644397e+00 9.525234017733395581e-10
1.727617081871655857e+00 9.382607410419316018e-10
1.729209327600124135e+00 9.242429455832670666e-10
1.730803040810295901e+00 9.104653515849693813e-10
1.732398222854666825e+00 8.969233918749214346e-10
1.733994875086975362e+00 8.836125937703213581e-10
1.735592998862210523e+00 8.705285769776543785e-10
1.737192595536610096e+00 8.576670515423824635e-10
1.738793666467659094e+00 8.450238158470674613e-10
1.740396213014096416e+00 8.325947546566813775e-10
1.742000236535912849e+00 8.203758372099785150e-10
1.743605738394350402e+00 8.083631153558105086e-10
1.745212719951909186e+00 7.965527217331579573e-10
1.746821182572341202e+00 7.849408679939132329e-10
1.748431127620658332e+00 7.735238430672473120e-10
1.750042556463130117e+00 7.622980114646452533e-10
1.751655470467283093e+00 7.512598116245017942e-10
1.753269871001907232e+00 7.404057542953219839e-10
1.754885759437051052e+00 7.297324209566603808e-10
1.756503137144028059e+00 7.192364622767114851e-10
1.758122005495415863e+00 7.089145966058047740e-10
1.759742365865053948e+00 6.987636085048555614e-10
1.761364219628051897e+00 6.887803473078458618e-10
1.762987568160783391e+00 6.789617257176491115e-10
1.764612412840892652e+00 6.693047184342452142e-10
1.766238755047294218e+00 6.598063608146167081e-10
1.767866596160170278e+00 6.504637475635354750e-10
1.769495937560978893e+00 6.412740314544302873e-10
1.771126780632447995e+00 6.322344220797188375e-10
1.772759126758582049e+00 6.233421846297392276e-10
1.774392977324661391e+00 6.145946386997381842e-10
1.776028333717240670e+00 6.059891571241191139e-10
1.777665197324155288e+00 5.975231648373318887e-10
1.779303569534516960e+00 5.891941377607943150e-10
1.780943451738719707e+00 5.809996017151433212e-10
1.782584845328439638e+00 5.729371313572467624e-10
1.784227751696632058e+00 5.650043491414394163e-10
1.785872172237540134e+00 5.571989243042223710e-10
1.787518108346688450e+00 5.495185718720921401e-10
1.789165561420890338e+00 5.419610516917371554e-10
1.790814532858246544e+00 5.345241674822128620e-10
1.792465024058143452e+00 5.272057659085065667e-10
1.794117036421261302e+00 5.200037356759358641e-10
1.795770571349566858e+00 5.129160066450161638e-10
1.797425630246322736e+00 5.059405489661389868e-10
1.799082214516083633e+00 4.990753722337522852e-10
1.800740325564697208e+00 4.923185246594547639e-10
1.802399964799309862e+00 4.856680922636157391e-10
1.804061133628360958e+00 4.791221980850839896e-10
1.805723833461591266e+00 4.726790014085154512e-10
1.807388065710040514e+00 4.663366970089374944e-10
1.809053831786046285e+00 4.600935144131632844e-10
1.810721133103251335e+00 4.539477171775747013e-10
1.812389971076597606e+00 4.478976021819915457e-10
1.814060347122334216e+00 4.419414989391567240e-10
1.815732262658015461e+00 4.360777689195429912e-10
1.817405719102498818e+00 4.303048048911025039e-10
1.819080717875953601e+00 4.246210302735290507e-10
1.820757260399854527e+00 4.190248985068562527e-10
1.822435348096988816e+00 4.135148924338696814e-10
1.824114982391454864e+00 4.080895236961789840e-10
1.825796164708661129e+00 4.027473321434965685e-10
1.827478896475333459e+00 3.974868852559027662e-10
1.829163179119508653e+00 3.923067775787598255e-10
1.830849014070542902e+00 3.872056301699814516e-10
1.832536402759109118e+00 3.821820900593747369e-10
1.834225346617196717e+00 3.772348297197840974e-10
1.835915847078116947e+00 3.723625465497454793e-10
1.837607905576502887e+00 3.675639623674027328e-10
1.839301523548306116e+00 3.628378229154168026e-10
1.840996702430806042e+00 3.581828973766043820e-10
1.842693443662602792e+00 3.535979779000964940e-10
1.844391748683625210e+00 3.490818791377084633e-10
1.846091618935129075e+00 3.446334377903723322e-10
1.847793055859695999e+00 3.402515121643227196e-10
1.849496060901240524e+00 3.359349817368545025e-10
1.851200635505004577e+00 3.316827467314353943e-10
1.852906781117564572e+00 3.274937277019272288e-10
1.854614499186830301e+00 3.233668651257510309e-10
1.856323791162043157e+00 3.193011190057547520e-10
1.858034658493784130e+00 3.152954684806117694e-10
1.859747102633967142e+00 3.113489114435400486e-10
1.861461125035847042e+00 3.074604641691530588e-10
1.863176727154018497e+00 3.036291609482791263e-10
1.864893910444413327e+00 2.998540537305455840e-10
1.866612676364309609e+00 2.961342117745440312e-10
1.868333026372324346e+00 2.924687213054591410e-10
1.870054961928421688e+00 2.888566851799120327e-10
1.871778484493911376e+00 2.852972225579224651e-10
1.873503595531447408e+00 2.817894685818125736e-10
1.875230296505035366e+00 2.783325740618639167e-10
1.876958588880026424e+00 2.749257051686259860e-10
1.878688474123124674e+00 2.715680431316867013e-10
1.880419953702386904e+00 2.682587839447822646e-10
1.882153029087219043e+00 2.649971380771053354e-10
1.883887701748385934e+00 2.617823301906496092e-10
1.885623973158003785e+00 2.586135988634938110e-10
1.887361844789548382e+00 2.554901963188556870e-10
1.889101318117853534e+00 2.524113881598080993e-10
1.890842394619109745e+00 2.493764531095381101e-10
1.892585075770871095e+00 2.463846827569981453e-10
1.894329363052050796e+00 2.434353813078607307e-10
1.896075257942926973e+00 2.405278653406414005e-10
1.897822761925142210e+00 2.376614635678722677e-10
1.899571876481702226e+00 2.348355166022463288e-10
1.901322603096983199e+00 2.320493767275604251e-10
1.903074943256724882e+00 2.293024076744363350e-10
1.904828898448040375e+00 2.265939844006236706e-10
1.906584470159412348e+00 2.239234928758617299e-10
1.908341659880692820e+00 2.212903298711585439e-10
1.910100469103111154e+00 2.186939027523795617e-10
1.911860899319266505e+00 2.161336292781142799e-10
1.913622952023136925e+00 2.136089374016363055e-10
1.915386628710077810e+00 2.111192650769443399e-10
1.917151930876819010e+00 2.086640600687733707e-10
1.918918860021474382e+00 2.062427797663757920e-10
1.920687417643534012e+00 2.038548879287613736e-10
1.922457605243873546e+00 2.014998466208222920e-10
1.924229424324751525e+00 1.991771251391230083e-10
1.926002876389808272e+00 1.968862024393943053e-10
1.927777962944073442e+00 1.946265669430828070e-10
1.929554685493960475e+00 1.923977163481150857e-10
1.931333045547273475e+00 1.901991574437712812e-10
1.933113044613206988e+00 1.880304059295639787e-10
1.934894684202342896e+00 1.858909862380642389e-10
1.936677965826658632e+00 1.837804313615160887e-10
1.938462890999524735e+00 1.816982826822267037e-10
1.940249461235703743e+00 1.796440898065978140e-10
1.942037678051358629e+00 1.776174104027160807e-10
1.943827542964045252e+00 1.756178100414527081e-10
1.945619057492721016e+00 1.736448620409476985e-10
1.947412223157743982e+00 1.716981473144299968e-10
1.949207041480869540e+00 1.697772542212943486e-10
1.951003513985260396e+00 1.678817784213430550e-10
1.952801642195478360e+00 1.660113227321450866e-10
1.954601427637493893e+00 1.641654969894103226e-10
1.956402871838683444e+00 1.623439179103409419e-10
1.958205976327828557e+00 1.605462089598790841e-10
1.960010742635123426e+00 1.587720002197660713e-10
1.961817172292168676e+00 1.570209282603927445e-10
1.963625266831979577e+00 1.552926360153257026e-10
1.965435027788984268e+00 1.535867726584949957e-10
1.967246456699021984e+00 1.519029934839526957e-10
1.969059555099351488e+00 1.502409597881546520e-10
1.970874324528644417e+00 1.486003387547119239e-10
1.972690766526993267e+00 1.469808033415465173e-10
1.974508882635910512e+00 1.453820321704076878e-10
1.976328674398325935e+00 1.438037094186899773e-10
1.978150143358595070e+00 1.422455247135016473e-10
1.979973291062493423e+00 1.407071730279331019e-10
1.981798119057223806e+00 1.391883545794775841e-10
1.983624628891414998e+00 1.376887747305557015e-10
1.985452822115120197e+00 1.362081438910989343e-10
1.987282700279825232e+00 1.347461774231318960e-10
1.989114264938441234e+00 1.333025955473416888e-10
1.990947517645314635e+00 1.318771232515454057e-10
1.992782459956223606e+00 1.304694902010583899e-10
1.994619093428377399e+00 1.290794306508853945e-10
1.996457419620424334e+00 1.277066833597168559e-10
1.998297440092445809e+00 1.263509915056828236e-10
2.000139156405963181e+00 1.250121026038200060e-10
2.001982570123937766e+00 1.236897684252267826e-10
2.003827682810768174e+00 1.223837449178608668e-10
2.005674496032298304e+00 1.210937921289395021e-10
2.007523011355811793e+00 1.198196741289224433e-10
2.009373230350039563e+00 1.185611589370253496e-10
2.011225154585158492e+00 1.173180184482391910e-10
2.013078785632789192e+00 1.160900283618294923e-10
2.014934125066004889e+00 1.148769681112625547e-10
2.016791174459325209e+00 1.136786207955529161e-10
2.018649935388723282e+00 1.124947731119818500e-10
2.020510409431624854e+00 1.113252152901645049e-10
2.022372598166906510e+00 1.101697410274429108e-10
2.024236503174904112e+00 1.090281474255592676e-10
2.026102126037405693e+00 1.079002349286009977e-10
2.027969468337660341e+00 1.067858072621764494e-10
2.029838531660376866e+00 1.056846713738008432e-10
2.031709317591720687e+00 1.045966373744683307e-10
2.033581827719323609e+00 1.035215184813750746e-10
2.035456063632276713e+00 1.024591309617835158e-10
2.037332026921138350e+00 1.014092940779882763e-10
2.039209719177933255e+00 1.003718300333712783e-10
2.041089141996149880e+00 9.934656391951915716e-11
2.042970296970748389e+00 9.833332366437536080e-11
2.044853185698159770e+00 9.733193998141482538e-11
2.046737809776282280e+00 9.634224631981309012e-11
2.048624170804491218e+00 9.536407881558631530e-11
2.050512270383631819e+00 9.439727624369241955e-11
2.052402110116028577e+00 9.344167997105726353e-11
2.054293691605482142e+00 9.249713391052178295e-11
2.056187016457267092e+00 9.156348447568361397e-11
2.058082086278143930e+00 9.064058053660818883e-11
2.059978902676347978e+00 8.972827337640815144e-11
2.061877467261600927e+00 8.882641664865274529e-11
2.063777781645107279e+00 8.793486633560281806e-11
2.065679847439554351e+00 8.705348070725425316e-11
2.067583666259118935e+00 8.618212028116510320e-11
2.069489239719461970e+00 8.532064778305523252e-11
2.071396569437736535e+00 8.446892810816426471e-11
2.073305657032586069e+00 8.362682828334358830e-11
2.075216504124142158e+00 8.279421742988337698e-11
2.077129112334035188e+00 8.197096672703563067e-11
2.079043483285383687e+00 8.115694937624687287e-11
2.080959618602807648e+00 8.035204056605684484e-11
2.082877519912423203e+00 7.955611743767481563e-11
2.084797188841841287e+00 7.876905905120582361e-11
2.086718627020178740e+00 7.799074635251140412e-11
2.088641836078048541e+00 7.722106214070554031e-11
2.090566817647570019e+00 7.645989103625295641e-11
2.092493573362367076e+00 7.570711944967965402e-11
2.094422104857565081e+00 7.496263555086512430e-11
2.096352413769801970e+00 7.422632923891150576e-11
2.098284501737218033e+00 7.349809211258132533e-11
2.100218370399468792e+00 7.277781744128325948e-11
2.102154021397719230e+00 7.206540013660513997e-11
2.104091456374644231e+00 7.136073672437656194e-11
2.106030676974436577e+00 7.066372531724810514e-11
2.107971684842801174e+00 6.997426558778596614e-11
2.109914481626961713e+00 6.929225874206341601e-11
2.111859068975660669e+00 6.861760749374007468e-11
2.113805448539156639e+00 6.795021603862534465e-11
2.115753621969233667e+00 6.728999002970612549e-11
2.117703590919193690e+00 6.663683655264131679e-11
2.119655357043865429e+00 6.599066410169952192e-11
2.121608921999602604e+00 6.535138255614937460e-11
2.123564287444283494e+00 6.471890315707320104e-11
2.125521455037317597e+00 6.409313848461191465e-11
2.127480426439639416e+00 6.347400243562365603e-11
2.129441203313717335e+00 6.286141020175160315e-11
2.131403787323553178e+00 6.225527824788784587e-11
2.133368180134678216e+00 6.165552429103877908e-11
2.135334383414162929e+00 6.106206727956021984e-11
2.137302398830609906e+00 6.047482737278423316e-11
2.139272228054163616e+00 5.989372592100242105e-11
2.141243872756506850e+00 5.931868544582080945e-11
2.143217334610860725e+00 5.874962962086246129e-11
2.145192615291991789e+00 5.818648325282226162e-11
2.147169716476206691e+00 5.762917226286065942e-11
2.149148639841360175e+00 5.707762366833062750e-11
2.151129387066852416e+00 5.653176556483495822e-11
2.153111959833629907e+00 5.599152710860485433e-11
2.155096359824189456e+00 5.545683849918850568e-11
2.157082588722580851e+00 5.492763096245479590e-11
2.159070648214400645e+00 5.440383673389755359e-11
2.161060539986804141e+00 5.388538904223409229e-11
2.163052265728497847e+00 5.337222209329909927e-11
2.165045827129747025e+00 5.286427105422182713e-11
2.167041225882375244e+00 5.236147203788305349e-11
2.169038463679761275e+00 5.186376208764775021e-11
2.171037542216849747e+00 5.137107916236649593e-11
2.173038463190143599e+00 5.088336212164059113e-11
2.175041228297710738e+00 5.040055071134658484e-11
2.177045839239185820e+00 4.992258554941494611e-11
2.179052297715766251e+00 4.944940811185847291e-11
2.181060605430221067e+00 4.898096071904256097e-11
2.183070764086885163e+00 4.851718652219888331e-11
2.185082775391666843e+00 4.805802949017088729e-11
2.187096641052046486e+00 4.760343439639174867e-11
2.189112362777076104e+00 4.715334680608865655e-11
2.191129942277385556e+00 4.670771306370723179e-11
2.193149381265178111e+00 4.626648028055644716e-11
2.195170681454237993e+00 4.582959632266367725e-11
2.197193844559929055e+00 4.539700979884272154e-11
2.199218872299192551e+00 4.496867004896544959e-11
2.201245766390556469e+00 4.454452713243522662e-11
2.203274528554128864e+00 4.412453181685885594e-11
2.205305160511605411e+00 4.370863556691163583e-11
2.207337663986269849e+00 4.329679053339430927e-11
2.209372040702989981e+00 4.288894954247682734e-11
2.211408292388227448e+00 4.248506608512290971e-11
2.213446420770031953e+00 4.208509430669878852e-11
2.215486427578047923e+00 4.168898899675515614e-11
2.217528314543514067e+00 4.129670557898383543e-11
2.219572083399262041e+00 4.090820010134464244e-11
2.221617735879724442e+00 4.052342922635892596e-11
2.223665273720927704e+00 4.014235022156652699e-11
2.225714698660502755e+00 3.976492095014380574e-11
2.227766012437680576e+00 3.939109986168034516e-11
2.229819216793293091e+00 3.902084598310857304e-11
2.231874313469779381e+00 3.865411890978771139e-11
2.233931304211181690e+00 3.829087879673470557e-11
2.235990190763152086e+00 3.793108635000354177e-11
2.238050974872951571e+00 3.757470281820621280e-11
2.240113658289448750e+00 3.722168998417780708e-11
2.242178242763127827e+00 3.687201015677658327e-11
2.244244730046081937e+00 3.652562616282359922e-11
2.246313121892022480e+00 3.618250133917230528e-11
2.248383420056277782e+00 3.584259952491179187e-11
2.250455626295789546e+00 3.550588505369868949e-11
2.252529742369123955e+00 3.517232274621267409e-11
2.254605770036462786e+00 3.484187790274047619e-11
2.256683711059614517e+00 3.451451629587643207e-11
2.258763567202010325e+00 3.419020416334747384e-11
2.260845340228703648e+00 3.386890820095274232e-11
2.262929031906378174e+00 3.355059555561874012e-11
2.265014644003346067e+00 3.323523381856835138e-11
2.267102178289545300e+00 3.292279101860140808e-11
2.269191636536549872e+00 3.261323561548305479e-11
2.271283020517562257e+00 3.230653649344056456e-11
2.273376332007421841e+00 3.200266295476517441e-11
2.275471572782604479e+00 3.170158471351621986e-11
2.277568744621219832e+00 3.140327188932942303e-11
2.279667849303020688e+00 3.110769500132170897e-11
2.281768888609395862e+00 3.081482496209661475e-11
2.283871864323378631e+00 3.052463307184413947e-11
2.285976778229646733e+00 3.023709101253699950e-11
2.288083632114518373e+00 2.995217084221765385e-11
2.290192427765962879e+00 2.966984498937772178e-11
2.292303166973593598e+00 2.939008624742694271e-11
2.294415851528675443e+00 2.911286776925026964e-11
2.296530483224125341e+00 2.883816306185046261e-11
2.298647063854508676e+00 2.856594598107715820e-11
2.300765595216049064e+00 2.829619072643754219e-11
2.302886079106622130e+00 2.802887183599165650e-11
2.305008517325762618e+00 2.776396418132454658e-11
2.307132911674664832e+00 2.750144296260146623e-11
2.309259263956179087e+00 2.724128370369817158e-11
2.311387575974821917e+00 2.698346224740861147e-11
2.313517849536768534e+00 2.672795475072801077e-11
2.315650086449862144e+00 2.647473768020869715e-11
2.317784288523612624e+00 2.622378780738956310e-11
2.319920457569192962e+00 2.597508220429662983e-11
2.322058595399451697e+00 2.572859823901248061e-11
2.324198703828902257e+00 2.548431357131603010e-11
2.326340784673733619e+00 2.524220614838941506e-11
2.328484839751809865e+00 2.500225420058993166e-11
2.330630870882666184e+00 2.476443623729127189e-11
2.332778879887519974e+00 2.452873104278311818e-11
2.334928868589261519e+00 2.429511767223994331e-11
2.337080838812465533e+00 2.406357544774683083e-11
2.339234792383388051e+00 2.383408395439015489e-11
2.341390731129964653e+00 2.360662303640553259e-11
2.343548656881820680e+00 2.338117279338618636e-11
2.345708571470262349e+00 2.315771357654878899e-11
2.347870476728287858e+00 2.293622598505633884e-11
2.350034374490584277e+00 2.271669086239698280e-11
2.352200266593526656e+00 2.249908929281841551e-11
2.354368154875186914e+00 2.228340259781506626e-11
2.356538041175326281e+00 2.206961233267078452e-11
2.358709927335404632e+00 2.185770028305195441e-11
2.360883815198580038e+00 2.164764846165198808e-11
2.363059706609705213e+00 2.143943910488892990e-11
2.365237603415338175e+00 2.123305466964967681e-11
2.367417507463733362e+00 2.102847783008547736e-11
2.369599420604852735e+00 2.082569147445423764e-11
2.371783344690363116e+00 2.062467870201078739e-11
2.373969281573634849e+00 2.042542281994434403e-11
2.376157233109750244e+00 2.022790734036007558e-11
2.378347201155497359e+00 2.003211597730782277e-11
2.380539187569378878e+00 1.983803264385296192e-11
2.382733194211610339e+00 1.964564144919321528e-11
2.384929222944117910e+00 1.945492669581666521e-11
2.387127275630547718e+00 1.926587287670220020e-11
2.389327354136263182e+00 1.907846467256249598e-11
2.391529460328343681e+00 1.889268694912660128e-11
2.393733596075594328e+00 1.870852475446343008e-11
2.395939763248537080e+00 1.852596331634513317e-11
2.398147963719421849e+00 1.834498803964824525e-11
2.400358199362224276e+00 1.816558450379368697e-11
2.402570472052643513e+00 1.798773846022572847e-11
2.404784783668111547e+00 1.781143582992551673e-11
2.407001136087786985e+00 1.763666270096332860e-11
2.409219531192563490e+00 1.746340532608556543e-11
2.411439970865067561e+00 1.729165012033722268e-11
2.413662456989658089e+00 1.712138365871991868e-11
2.415886991452435240e+00 1.695259267414366944e-11
2.418113576141232901e+00 1.678526466295391271e-11
2.420342212945627125e+00 1.661938914098696678e-11
2.422572903756937901e+00 1.645495604305890305e-11
2.424805650468222495e+00 1.629195534201004812e-11
2.427040454974288330e+00 1.613037704897852534e-11
2.429277319171685878e+00 1.597021121366914342e-11
2.431516244958714434e+00 1.581144792461373216e-11
2.433757234235425226e+00 1.565407730942531952e-11
2.436000288903615640e+00 1.549808953504545542e-11
2.438245410866841656e+00 1.534347480798415224e-11
2.440492602030408076e+00 1.519022337455427102e-11
2.442741864301379184e+00 1.503832552109794595e-11
2.444993199588577415e+00 1.488777157420737052e-11
2.447246609802581130e+00 1.473855190093886284e-11
2.449502096855733502e+00 1.459065690901999359e-11
2.451759662662136297e+00 1.444407704705101256e-11
2.454019309137657867e+00 1.429880280469955922e-11
2.456281038199933597e+00 1.415482471288876071e-11
2.458544851768361905e+00 1.401213334398054600e-11
2.460810751764114901e+00 1.387071931195052518e-11
2.463078740110130838e+00 1.373057327255906392e-11
2.465348818731123881e+00 1.359168592351473409e-11
2.467620989553582334e+00 1.345404800463235528e-11
2.469895254505765081e+00 1.331765029798610569e-11
2.472171615517714915e+00 1.318248362805452260e-11
2.474450074521246989e+00 1.304853886186219589e-11
2.476730633449961694e+00 1.291580690911396353e-11
2.479013294239240661e+00 1.278427872232438475e-11
2.481298058826246322e+00 1.265394529694163128e-11
2.483584929149930787e+00 1.252479767146492125e-11
2.485873907151028739e+00 1.239682692755788160e-11
2.488164994772066319e+00 1.227002419015542248e-11
2.490458193957361566e+00 1.214438062756545458e-11
2.492753506653019535e+00 1.201988745156607477e-11
2.495050934806943843e+00 1.189653591749629265e-11
2.497350480368829118e+00 1.177431732434265832e-11
2.499652145290169880e+00 1.165322301482045530e-11
2.501955931524260102e+00 1.153324437544925191e-11
2.504261841026189206e+00 1.141437283662483522e-11
2.506569875752854504e+00 1.129659987268459714e-11
2.508880037662951423e+00 1.117991700196935808e-11
2.511192328716984168e+00 1.106431578687966366e-11
2.513506750877264384e+00 1.094978783392746096e-11
2.515823306107907165e+00 1.083632479378372271e-11
2.518141996374843927e+00 1.072391836132008267e-11
2.520462823645815753e+00 1.061256027564726068e-11
2.522785789890374275e+00 1.050224232014872669e-11
2.525110897079891892e+00 1.039295632250880389e-11
2.527438147187552442e+00 1.028469415473786542e-11
2.529767542188362306e+00 1.017744773319240155e-11
2.532099084059147298e+00 1.007120901859063596e-11
2.534432774778552222e+00 9.965970016024788045e-12
2.536768616327050196e+00 9.861722774968129812e-12
2.539106610686935550e+00 9.758459389278569232e-12
2.541446759842331371e+00 9.656171997198078332e-12
2.543789065779191283e+00 9.554852781347961140e-12
2.546133530485294560e+00 9.454493968720459095e-12
2.548480155950257231e+00 9.355087830666146233e-12
2.550828944165525414e+00 9.256626682877794320e-12
2.553179897124382869e+00 9.159102885370102082e-12
2.555533016821950998e+00 9.062508842456018773e-12
2.557888305255186179e+00 8.966837002719576462e-12
2.560245764422890868e+00 8.872079858984229373e-12
2.562605396325703833e+00 8.778229948278936250e-12
2.564967202966112136e+00 8.685279851799423420e-12
2.567331186348448036e+00 8.593222194866869386e-12
2.569697348478887200e+00 8.502049646883157912e-12
2.572065691365459372e+00 8.411754921282029128e-12
2.574436217018040818e+00 8.322330775477899342e-12
2.576808927448362319e+00 8.233770010810695211e-12
2.579183824670010505e+00 8.146065472487897773e-12
2.581560910698422528e+00 8.059210049523557272e-12
2.583940187550898937e+00 7.973196674673354629e-12
2.586321657246594352e+00 7.888018324368021481e-12
2.588705321806528126e+00 7.803668018642407830e-12
2.591091183253582120e+00 7.720138821062439730e-12
2.593479243612498930e+00 7.637423838649136613e-12
2.595869504909892100e+00 7.555516221798982223e-12
2.598261969174238128e+00 7.474409164202888390e-12
2.600656638435886236e+00 7.394095902760893639e-12
2.603053514727058815e+00 7.314569717495304377e-12
2.605452600081844317e+00 7.235823931460882798e-12
2.607853896536214133e+00 7.157851910651780166e-12
2.610257406128008828e+00 7.080647063907091218e-12
2.612663130896951902e+00 7.004202842812754090e-12
2.615071072884646686e+00 6.928512741601623832e-12
2.617481234134573675e+00 6.853570297051192012e-12
2.619893616692102967e+00 6.779369088378478229e-12
2.622308222604483596e+00 6.705902737132851257e-12
2.624725053920855533e+00 6.633164907086765271e-12
2.627144112692248346e+00 6.561149304123486233e-12
2.629565400971575873e+00 6.489849676124038763e-12
2.631988920813651767e+00 6.419259812850235204e-12
2.634414674275176171e+00 6.349373545827183664e-12
2.636842663414749932e+00 6.280184748222452598e-12
2.639272890292871043e+00 6.211687334724173956e-12
2.641705356971931540e+00 6.143875261416810180e-12
2.644140065516230820e+00 6.076742525654503487e-12
2.646577017991964986e+00 6.010283165933464680e-12
2.649016216467238394e+00 5.944491261761735012e-12
2.651457663012061428e+00 5.879360933527326811e-12
2.653901359698349172e+00 5.814886342364865652e-12
2.656347308599928070e+00 5.751061690020225959e-12
2.658795511792538591e+00 5.687881218713169753e-12
2.661245971353828565e+00 5.625339210999360163e-12
2.663698689363366068e+00 5.563429989629316627e-12
2.666153667902631419e+00 5.502147917407047786e-12
2.668610909055026514e+00 5.441487397046424177e-12
2.671070414905873491e+00 5.381442871026138088e-12
2.673532187542412952e+00 5.322008821443606817e-12
2.675996229053813735e+00 5.263179769866769218e-12
2.678462541531165364e+00 5.204950277185061513e-12
2.680931127067488262e+00 5.147314943458742792e-12
2.683401987757732421e+00 5.090268407766947428e-12
2.685875125698773846e+00 5.033805348054493491e-12
2.688350542989426994e+00 4.977920480977377681e-12
2.690828241730435444e+00 4.922608561747078782e-12
2.693308224024482556e+00 4.867864383973621944e-12
2.695790491976189251e+00 4.813682779507622732e-12
2.698275047692113571e+00 4.760058618281018507e-12
2.700761893280758219e+00 4.706986808146948393e-12
2.703251030852566128e+00 4.654462294718243838e-12
2.705742462519928004e+00 4.602480061205332720e-12
2.708236190397181442e+00 4.551035128252689421e-12
2.710732216600609146e+00 4.500122553774782454e-12
2.713230543248449145e+00 4.449737432790665807e-12
2.715731172460886800e+00 4.399874897258046027e-12
2.718234106360065461e+00 4.350530115906194161e-12
2.720739347070084246e+00 4.301698294068177529e-12
2.723246896716995824e+00 4.253374673512328141e-12
2.725756757428817512e+00 4.205554532272727218e-12
2.728268931335523284e+00 4.158233184479255114e-12
2.730783420569053987e+00 4.111405980186507104e-12
2.733300227263314230e+00 4.065068305202470868e-12
2.735819353554172384e+00 4.019215580916312985e-12
2.738340801579471240e+00 3.973843264125347122e-12
2.740864573479016908e+00 3.928946846861905295e-12
2.743390671394593028e+00 3.884521856219051563e-12
2.745919097469956327e+00 3.840563854176165661e-12
2.748449853850836178e+00 3.797068437423832743e-12
2.750982942684944366e+00 3.754031237188248448e-12
2.753518366121966210e+00 3.711447919055163521e-12
2.756056126313573440e+00 3.669314182793342150e-12
2.758596225413419756e+00 3.627625762177611950e-12
2.761138665577140827e+00 3.586378424811704341e-12
2.763683448962363176e+00 3.545567971950264901e-12
2.766230577728697959e+00 3.505190238321085878e-12
2.768780054037749405e+00 3.465241091946504240e-12
2.771331880053114816e+00 3.425716433964840927e-12
2.773886057940381011e+00 3.386612198451468520e-12
2.776442589867136768e+00 3.347924352239403114e-12
2.779001478002962156e+00 3.309648894740155091e-12
2.781562724519442309e+00 3.271781857763749488e-12
2.784126331590162096e+00 3.234319305339069470e-12
2.786692301390707005e+00 3.197257333533829439e-12
2.789260636098670698e+00 3.160592070274300148e-12
2.791831337893655007e+00 3.124319675165075820e-12
2.794404408957265051e+00 3.088436339308724135e-12
2.796979851473123446e+00 3.052938285125169647e-12
2.799557667626858759e+00 3.017821766171291269e-12
2.802137859606117942e+00 2.983083066960218042e-12
2.804720429600565890e+00 2.948718502780684682e-12
2.807305379801879219e+00 2.914724419516545457e-12
2.809892712403761816e+00 2.881097193465987565e-12
2.812482429601932399e+00 2.847833231161064393e-12
2.815074533594138728e+00 2.814928969187070859e-12
2.817669026580153613e+00 2.782380874002090001e-12
2.820265910761772243e+00 2.750185441756649429e-12
2.822865188342826404e+00 2.718339198113329310e-12
2.825466861529172036e+00 2.686838698066738702e-12
2.828070932528703008e+00 2.655680525763319835e-12
2.830677403551347560e+00 2.624861294321503775e-12
2.833286276809066528e+00 2.594377645652119338e-12
2.835897554515865782e+00 2.564226250278645287e-12
2.838511238887785559e+00 2.534403807158076050e-12
2.841127332142912021e+00 2.504907043501672733e-12
2.843745836501376800e+00 2.475732714596044516e-12
2.846366754185352566e+00 2.446877603624715944e-12
2.848990087419066342e+00 2.418338521489404212e-12
2.851615838428789296e+00 2.390112306632261769e-12
2.854244009442848284e+00 2.362195824857749355e-12
2.856874602691624521e+00 2.334585969155282903e-12
2.859507620407549133e+00 2.307279659522029077e-12
2.862143064825118710e+00 2.280273842785887810e-12
2.864780938180881975e+00 2.253565492429121085e-12
2.867421242713453111e+00 2.227151608412034213e-12
2.870063980663510872e+00 2.201029216997220151e-12
2.872709154273792809e+00 2.175195370574168534e-12
2.875356765789111257e+00 2.149647147484085945e-12
2.878006817456340460e+00 2.124381651845393119e-12
2.880659311524430333e+00 2.099396013379380072e-12
2.883314250244402910e+00 2.074687387236503014e-12
2.885971635869351015e+00 2.050252953822967631e-12
2.888631470654450251e+00 2.026089918627789372e-12
2.891293756856947894e+00 2.002195512050384449e-12
2.893958496736176222e+00 1.978566989228605529e-12
2.896625692553550735e+00 1.955201629867103783e-12
2.899295346572565713e+00 1.932096738066507599e-12
2.901967461058807540e+00 1.909249642152694612e-12
2.904642038279944938e+00 1.886657694506998742e-12
2.907319080505741837e+00 1.864318271396522250e-12
2.909998590008052499e+00 1.842228772805283460e-12
2.912680569060821956e+00 1.820386622265811184e-12
2.915365019940096225e+00 1.798789266691180407e-12
2.918051944924013430e+00 1.777434176207753182e-12
2.920741346292815344e+00 1.756318843988403178e-12
2.923433226328846057e+00 1.735440786086281665e-12
2.926127587316547540e+00 1.714797541269310303e-12
2.928824431542474294e+00 1.694386670855024721e-12
2.931523761295281361e+00 1.674205758546240623e-12
2.934225578865738981e+00 1.654252410267163992e-12
2.936929886546726820e+00 1.634524254000180431e-12
2.939636686633234408e+00 1.615018939623325287e-12
2.942345981422370915e+00 1.595734138748169775e-12
2.945057773213362040e+00 1.576667544558549441e-12
2.947772064307548678e+00 1.557816871649837471e-12
2.950488857008398025e+00 1.539179855868832739e-12
2.953208153621495136e+00 1.520754254154391627e-12
2.955929956454553587e+00 1.502537844378579662e-12
2.958654267817415029e+00 1.484528425188586917e-12
2.961381090022044305e+00 1.466723815849289050e-12
2.964110425382543212e+00 1.449121856086452953e-12
2.966842276215140739e+00 1.431720405930641756e-12
2.969576644838205493e+00 1.414517345561758990e-12
2.972313533572241262e+00 1.397510575154326031e-12
2.975052944739887906e+00 1.380698014723466967e-12
2.977794880665930677e+00 1.364077603971499510e-12
2.980539343677291786e+00 1.347647302135320176e-12
2.983286336103042835e+00 1.331405087834439330e-12
2.986035860274401266e+00 1.315348958919699424e-12
2.988787918524729026e+00 1.299476932322852727e-12
2.991542513189545005e+00 1.283787043906613437e-12
2.994299646606513932e+00 1.268277348315651467e-12
2.997059321115460140e+00 1.252945918828180780e-12
2.999821539058363129e+00 1.237790847208316531e-12
3.002586302779358451e+00 1.222810243559185484e-12
3.005353614624746150e+00 1.208002236176698813e-12
3.008123476942984098e+00 1.193364971404122204e-12
3.010895892084698211e+00 1.178896613487366903e-12
3.013670862402681561e+00 1.164595344431004756e-12
3.016448390251890377e+00 1.150459363855082759e-12
3.019228477989457815e+00 1.136486888852575968e-12
3.022011127974683298e+00 1.122676153847738679e-12
3.024796342569045837e+00 1.109025410455025095e-12
3.027584124136199595e+00 1.095532927338951481e-12
3.030374475041973881e+00 1.082196990074580321e-12
3.033167397654383812e+00 1.069015901008800757e-12
3.035962894343620988e+00 1.055987979122380870e-12
3.038760967482066366e+00 1.043111559892765764e-12
3.041561619444286713e+00 1.030384995136257118e-12
3.044364852607033711e+00 1.017806639455539746e-12
3.047170669349254624e+00 1.005374828178704385e-12
3.049979072052083851e+00 9.930879090114095579e-13
3.052790063098854922e+00 9.809442481030608792e-13
3.055603644875097391e+00 9.689422298371268288e-13
3.058419819768535497e+00 9.570802566239292009e-13
3.061238590169100160e+00 9.453567486959064107e-13
3.064059958468917877e+00 9.337701439053177515e-13
3.066883927062325377e+00 9.223188975242682408e-13
3.069710498345866512e+00 9.110014820471863311e-13
3.072539674718287817e+00 8.998163869956163540e-13
3.075371458580553607e+00 8.887621187252501672e-13
3.078205852335835768e+00 8.778372002353582519e-13
3.081042858389523964e+00 8.670401709803349067e-13
3.083882479149226086e+00 8.563695866835802876e-13
3.086724717024763365e+00 8.458240191535271394e-13
3.089569574428184584e+00 8.354020561017785948e-13
3.092417053773756308e+00 8.251023009635333425e-13
3.095267157477973541e+00 8.149233727199501048e-13
3.098119887959558394e+00 8.048639057227360729e-13
3.100975247639458754e+00 7.949225495207228161e-13
3.103833238940857608e+00 7.850979686884988344e-13
3.106693864289171270e+00 7.753888426570498815e-13
3.109557126112046710e+00 7.657938655464096845e-13
3.112423026839374440e+00 7.563117460002134207e-13
3.115291568903278741e+00 7.469412070222717895e-13
3.118162754738129649e+00 7.376809858149554507e-13
3.121036586780541633e+00 7.285298336195479544e-13
3.123913067469368698e+00 7.194865155584791134e-13
3.126792199245720383e+00 7.105498104792988683e-13
3.129673984552948429e+00 7.017185108005911694e-13
3.132558425836662330e+00 6.929914223595848307e-13
3.135445525544725331e+00 6.843673642616280654e-13
3.138335286127250878e+00 6.758451687313483807e-13
3.141227710036618603e+00 6.674236809655877012e-13
3.144122799727460560e+00 6.591017589880319388e-13
3.147020557656676765e+00 6.508782735055255204e-13
3.149920986283431201e+00 6.427521077660620861e-13
3.152824088069150044e+00 6.347221574184527739e-13
3.155729865477533203e+00 6.267873303735491016e-13
3.158638320974546776e+00 6.189465466671833201e-13
3.161549457028432375e+00 6.111987383245684495e-13
3.164463276109707568e+00 6.035428492263996284e-13
3.167379780691161884e+00 5.959778349764009100e-13
3.170298973247870578e+00 5.885026627704751242e-13
3.173220856257183087e+00 5.811163112673276596e-13
3.176145432198736795e+00 5.738177704606003150e-13
3.179072703554454815e+00 5.666060415524656418e-13
3.182002672808543320e+00 5.594801368287250945e-13
3.184935342447503537e+00 5.524390795352741706e-13
3.187870714960122420e+00 5.454819037560757007e-13
3.190808792837485530e+00 5.386076542924669064e-13
3.193749578572973924e+00 5.318153865438884789e-13
3.196693074662262823e+00 5.251041663900064942e-13
3.199639283603332274e+00 5.184730700741457824e-13
3.202588207896460037e+00 5.119211840880896791e-13
3.205539850044232253e+00 5.054476050581954709e-13
3.208494212551540770e+00 4.990514396328156391e-13
3.211451297925582704e+00 4.927318043710324747e-13
3.214411108675871542e+00 4.864878256326216504e-13
3.217373647314226925e+00 4.803186394693286592e-13
3.220338916354788417e+00 4.742233915173496728e-13
3.223306918314013725e+00 4.682012368910628654e-13
3.226277655710673820e+00 4.622513400779821295e-13
3.229251131065868030e+00 4.563728748348710882e-13
3.232227346903012943e+00 4.505650240851165567e-13
3.235206305747854838e+00 4.448269798171845496e-13
3.238188010128469241e+00 4.391579429843141805e-13
3.241172462575255153e+00 4.335571234053046582e-13
3.244159665620951927e+00 4.280237396664480876e-13
3.247149621800625052e+00 4.225570190245955032e-13
3.250142333651682591e+00 4.171561973112879801e-13
3.253137803713870291e+00 4.118205188380164830e-13
3.256136034529270695e+00 4.065492363025474994e-13
3.259137028642314249e+00 4.013416106962950677e-13
3.262140788599771746e+00 3.961969112127619204e-13
3.265147316950764989e+00 3.911144151570266185e-13
3.268156616246765456e+00 3.860934078562253831e-13
3.271168689041590749e+00 3.811331825711001137e-13
3.274183537891418361e+00 3.762330404084833458e-13
3.277201165354779899e+00 3.713922902348302599e-13
3.280221573992561979e+00 3.666102485907041407e-13
3.283244766368015988e+00 3.618862396062265423e-13
3.286270745046751429e+00 3.572195949174921115e-13
3.289299512596745245e+00 3.526096535839218139e-13
3.292331071588342706e+00 3.480557620065463352e-13
3.295365424594251635e+00 3.435572738472300057e-13
3.298402574189558845e+00 3.391135499487718883e-13
3.301442522951717251e+00 3.347239582559443614e-13
3.304485273460560091e+00 3.303878737373900831e-13
3.307530828298298253e+00 3.261046783084098003e-13
3.310579190049518505e+00 3.218737607546409020e-13
3.313630361301195482e+00 3.176945166565416958e-13
3.316684344642680582e+00 3.135663483147853612e-13
3.319741142665718847e+00 3.094886646764399364e-13
3.322800757964441853e+00 3.054608812620049704e-13
3.325863193135368601e+00 3.014824200932708111e-13
3.328928450777416170e+00 2.975527096219578196e-13
3.331996533491892176e+00 2.936711846591926587e-13
3.335067443882505867e+00 2.898372863057394661e-13
3.338141184555365015e+00 2.860504618830324589e-13
3.341217758118976366e+00 2.823101648649835152e-13
3.344297167184255848e+00 2.786158548105271202e-13
3.347379414364519690e+00 2.749669972969548287e-13
3.350464502275497747e+00 2.713630638539537206e-13
3.353552433535330835e+00 2.678035318984191765e-13
3.356643210764566732e+00 2.642878846699765426e-13
3.359736836586176612e+00 2.608156111672030520e-13
3.362833313625540388e+00 2.573862060846151299e-13
3.365932644510465366e+00 2.539991697502905245e-13
3.369034831871177804e+00 2.506540080642291636e-13
3.372139878340325581e+00 2.473502324373901361e-13
3.375247786552987961e+00 2.440873597313996964e-13
3.378358559146667162e+00 2.408649121989371087e-13
3.381472198761300341e+00 2.376824174247725833e-13
3.384588708039258265e+00 2.345394082674700262e-13
3.387708089625342645e+00 2.314354228017337017e-13
3.390830346166797682e+00 2.283700042613878009e-13
3.393955480313302076e+00 2.253427009830013872e-13
3.397083494716981900e+00 2.223530663501191107e-13
3.400214392032406163e+00 2.194006587381296005e-13
3.403348174916586366e+00 2.164850414597309673e-13
3.406484846028989821e+00 2.136057827109935435e-13
3.409624408031526777e+00 2.107624555180525509e-13
3.412766863588567734e+00 2.079546376843333561e-13
3.415912215366937676e+00 2.051819117384143037e-13
3.419060466035914292e+00 2.024438648824366256e-13
3.422211618267242184e+00 1.997400889410840740e-13
3.425365674735122212e+00 1.970701803111394439e-13
3.428522638116224819e+00 1.944337399115735329e-13
3.431682511089686916e+00 1.918303731342122291e-13
3.434845296337109222e+00 1.892596897949274274e-13
3.438010996542570474e+00 1.867213040853670471e-13
3.441179614392621655e+00 1.842148345252218542e-13
3.444351152576285546e+00 1.817399039150169443e-13
3.447525613785069609e+00 1.792961392894135509e-13
3.450703000712955326e+00 1.768831718710373817e-13
3.453883316056412411e+00 1.745006370247957221e-13
3.457066562514395258e+00 1.721481742127151356e-13
3.460252742788340719e+00 1.698254269492627799e-13
3.463441859582183202e+00 1.675320427571578526e-13
3.466633915602340466e+00 1.652676731236737709e-13
3.469828913557730932e+00 1.630319734574097044e-13
3.473026856159770137e+00 1.608246030455442605e-13
3.476227746122366735e+00 1.586452250115503178e-13
3.479431586161937151e+00 1.564935062733768159e-13
3.482638378997394923e+00 1.543691175020874527e-13
3.485848127350165360e+00 1.522717330809441730e-13
3.489060833944180651e+00 1.502010310649474394e-13
3.492276501505878983e+00 1.481566931408149585e-13
3.495495132764217860e+00 1.461384045873891681e-13
3.498716730450663892e+00 1.441458542364931772e-13
3.501941297299205669e+00 1.421787344341955997e-13
3.505168836046351100e+00 1.402367410025086444e-13
3.508399349431126080e+00 1.383195732015024444e-13
3.511632840195086480e+00 1.364269336918257591e-13
3.514869311082309711e+00 1.345585284976422837e-13
3.518108764839405378e+00 1.327140669699636634e-13
3.521351204215516173e+00 1.308932617503855946e-13
3.524596631962312543e+00 1.290958287352198976e-13
3.527845050834008234e+00 1.273214870400035256e-13
3.531096463587348300e+00 1.255699589644170747e-13
3.534350872981623315e+00 1.238409699575550373e-13
3.537608281778667596e+00 1.221342485835954336e-13
3.540868692742856094e+00 1.204495264878372926e-13
3.544132108641116830e+00 1.187865383630922239e-13
3.547398532242922009e+00 1.171450219164636295e-13
3.550667966320302238e+00 1.155247178364637249e-13
3.553940413647842078e+00 1.139253697604991415e-13
3.557215877002677384e+00 1.123467242427130176e-13
3.560494359164512179e+00 1.107885307221550417e-13
3.563775862915603998e+00 1.092505414913205061e-13
3.567060391040780321e+00 1.077325116650110001e-13
3.570347946327435462e+00 1.062341991495387075e-13
3.573638531565527465e+00 1.047553646122710231e-13
3.576932149547592310e+00 1.032957714514840634e-13
3.580228803068732812e+00 1.018551857665658249e-13
3.583528494926633723e+00 1.004333763285226313e-13
3.586831227921557286e+00 9.903011455081155030e-14
3.590137004856342351e+00 9.764517446049062752e-14
3.593445828536416808e+00 9.627833266967012342e-14
3.596757701769788262e+00 9.492936834728110023e-14
3.600072627367057354e+00 9.359806319114393987e-14
3.603390608141414209e+00 9.228420140033887567e-14
3.606711646908637103e+00 9.098756964787380484e-14
3.610035746487107122e+00 8.970795705364367646e-14
3.613362909697794834e+00 8.844515515768769026e-14
3.616693139364276277e+00 8.719895789372798627e-14
3.620026438312729855e+00 8.596916156299212236e-14
3.623362809371933224e+00 8.475556480832703915e-14
3.626702255373277506e+00 8.355796858857622663e-14
3.630044779150761958e+00 8.237617615324471792e-14
3.633390383540993085e+00 8.120999301743259846e-14
3.636739071383199295e+00 8.005922693703217160e-14
3.640090845519217133e+00 7.892368788420304298e-14
3.643445708793509485e+00 7.780318802309475573e-14
3.646803664053159810e+00 7.669754168584686503e-14
3.650164714147869915e+00 7.560656534883421571e-14
3.653528861929976390e+00 7.453007760917142073e-14
3.656896110254436394e+00 7.346789916147006545e-14
3.660266461978843644e+00 7.241985277484406850e-14
3.663639919963426195e+00 7.138576327015923629e-14
3.667016487071042885e+00 7.036545749753150415e-14
3.670396166167197993e+00 6.935876431406239127e-14
3.673778960120028803e+00 6.836551456181443335e-14
3.677164871800322477e+00 6.738554104602038314e-14
3.680553904081512506e+00 6.641867851352847603e-14
3.683946059839672937e+00 6.546476363147931786e-14
3.687341341953538354e+00 6.452363496620319937e-14
3.690739753304487891e+00 6.359513296235637869e-14
3.694141296776562111e+00 6.267909992226514352e-14
3.697545975256459005e+00 6.177537998550352755e-14
3.700953791633532219e+00 6.088381910868447378e-14
3.704364748799805707e+00 6.000426504546217270e-14
3.707778849649961739e+00 5.913656732675968649e-14
3.711196097081355116e+00 5.828057724119401571e-14
3.714616493994010948e+00 5.743614781572314513e-14
3.718040043290623320e+00 5.660313379649021635e-14
3.721466747876566394e+00 5.578139162987741131e-14
3.724896610659886420e+00 5.497077944376120353e-14
3.728329634551315497e+00 5.417115702896563237e-14
3.731765822464267135e+00 5.338238582091660433e-14
3.735205177314834923e+00 5.260432888149079684e-14
3.738647702021808072e+00 5.183685088105654551e-14
3.742093399506658091e+00 5.107981808070977578e-14
3.745542272693553887e+00 5.033309831469642116e-14
3.748994324509360876e+00 4.959656097302180157e-14
3.752449557883634768e+00 4.887007698425286872e-14
3.755907975748639771e+00 4.815351879849129344e-14
3.759369581039334829e+00 4.744676037053985560e-14
3.762834376693390048e+00 4.674967714324151873e-14
3.766302365651181816e+00 4.606214603099762662e-14
3.769773550855792354e+00 4.538404540346555627e-14
3.773247935253022156e+00 4.471525506942192438e-14
3.776725521791380658e+00 4.405565626080830470e-14
3.780206313422099562e+00 4.340513161693658551e-14
3.783690313099131064e+00 4.276356516887066603e-14
3.787177523779144295e+00 4.213084232397111875e-14
3.790667948421539979e+00 4.150684985060418107e-14
3.794161589988439331e+00 4.089147586301501923e-14
3.797658451444699601e+00 4.028460980636142137e-14
3.801158535757910961e+00 3.968614244190692251e-14
3.804661845898391181e+00 3.909596583237354451e-14
3.808168384839204723e+00 3.851397332744718373e-14
3.811678155556148528e+00 3.794005954944006410e-14
3.815191161027767119e+00 3.737412037910513739e-14
3.818707404235350822e+00 3.681605294160156613e-14
3.822226888162930880e+00 3.626575559261067703e-14
3.825749615797296332e+00 3.572312790459751914e-14
3.829275590127986906e+00 3.518807066077771879e-14
3.832804814147293460e+00 3.466048786504495292e-14
3.836337290850271753e+00 3.414028928192976062e-14
3.839873023234729565e+00 3.362738610430598605e-14
3.843412014301244906e+00 3.312169024840212631e-14
3.846954267053159793e+00 3.262311435607163530e-14
3.850499784496578926e+00 3.213157179681948843e-14
3.854048569640385669e+00 3.164697666958209262e-14
3.857600625496228286e+00 3.116924380427911456e-14
3.861155955078536373e+00 3.069828876312753367e-14
3.864714561404518633e+00 3.023402784173713003e-14
3.868276447494158443e+00 2.977637806998300877e-14
3.871841616370228945e+00 2.932525721266386976e-14
3.875410071058283279e+00 2.888058376995348218e-14
3.878981814586668353e+00 2.844227697764443621e-14
3.882556849986521286e+00 2.801025680719679055e-14
3.886135180291767632e+00 2.758444396559086460e-14
3.889716808539137372e+00 2.716475989498936624e-14
3.893301737768150694e+00 2.675112677221989273e-14
3.896889971021135324e+00 2.634346750807287921e-14
3.900481511343222962e+00 2.594170574642860424e-14
3.904076361782345739e+00 2.554576586321428724e-14
3.907674525389252640e+00 2.515557296519267899e-14
3.911276005217497520e+00 2.477105288859466909e-14
3.914880804323453312e+00 2.439213219759203227e-14
3.918488925766309805e+00 2.401873818262015871e-14
3.922100372608070984e+00 2.365079885855481655e-14
3.925715147913571013e+00 2.328824296274241045e-14
3.929333254750459137e+00 2.293099995289608635e-14
3.932954696189220556e+00 2.257900000485354588e-14
3.936579475303167541e+00 2.223217401020695469e-14
3.940207595168440768e+00 2.189045357380661429e-14
3.943839058864023084e+00 2.155377101114065953e-14
3.947473869471727959e+00 2.122205934559905868e-14
3.951112030076214143e+00 2.089525230562113336e-14
3.954753543764984336e+00 2.057328432173395700e-14
3.958398413628379853e+00 2.025609052348435806e-14
3.962046642759598392e+00 1.994360673626597942e-14
3.965698234254681598e+00 1.963576947804989173e-14
3.969353191212528831e+00 1.933251595601690202e-14
3.973011516734896720e+00 1.903378406309890663e-14
3.976673213926394723e+00 1.873951237443202749e-14
3.980338285894500672e+00 1.844964014372288521e-14
3.984006735749548778e+00 1.816410729953437064e-14
3.987678566604746067e+00 1.788285444149135955e-14
3.991353781576169268e+00 1.760582283641231234e-14
3.995032383782759933e+00 1.733295441436788512e-14
3.998714376346343080e+00 1.706419176466915231e-14
4.002399762391612548e+00 1.679947813179239229e-14
4.006088545046147864e+00 1.653875741123770643e-14
4.009780727440411141e+00 1.628197414532939501e-14
4.013476312707743965e+00 1.602907351895775551e-14
4.017175303984384271e+00 1.578000135526686591e-14
4.020877704409450359e+00 1.553470411129077348e-14
4.024583517124963095e+00 1.529312887353877350e-14
4.028292745275835252e+00 1.505522335353651186e-14
4.032005392009874178e+00 1.482093588332198689e-14
4.035721460477796008e+00 1.459021541089930291e-14
4.039440953833216774e+00 1.436301149565509178e-14
4.043163875232655968e+00 1.413927430373740358e-14
4.046890227835549858e+00 1.391895460340024082e-14
4.050620014804238167e+00 1.370200376031706204e-14
4.054353239303980949e+00 1.348837373286371224e-14
4.058089904502955036e+00 1.327801706737462682e-14
4.061830013572252263e+00 1.307088689337352525e-14
4.065573569685895450e+00 1.286693691878097852e-14
4.069320576020823310e+00 1.266612142510047066e-14
4.073071035756909097e+00 1.246839526258634959e-14
4.076824952076957054e+00 1.227371384539313091e-14
4.080582328166698858e+00 1.208203314671153613e-14
4.084343167214809611e+00 1.189330969388876954e-14
4.088107472412896293e+00 1.170750056353965056e-14
4.091875246955512857e+00 1.152456337664570805e-14
4.095646494040156682e+00 1.134445629364782972e-14
4.099421216867267681e+00 1.116713800953205463e-14
4.103199418640242513e+00 1.099256774890955981e-14
4.106981102565422148e+00 1.082070526109517632e-14
4.110766271852109632e+00 1.065151081518289824e-14
4.114554929712563869e+00 1.048494519512135855e-14
4.118347079361999619e+00 1.032096969479178511e-14
4.122142724018603488e+00 1.015954611308652153e-14
4.125941866903519717e+00 1.000063674899413345e-14
4.129744511240865279e+00 9.844204396687826379e-15
4.133550660257732545e+00 9.690212340621477746e-15
4.137360317184178626e+00 9.538624350633899809e-15
4.141173485253247577e+00 9.389404677061492962e-15
4.144990167700953521e+00 9.242518045862242828e-15
4.148810367766301077e+00 9.097929653749942579e-15
4.152634088691278258e+00 8.955605163342275540e-15
4.156461333720856466e+00 8.815510698321906107e-15
4.160292106103003817e+00 8.677612838612282924e-15
4.164126409088676262e+00 8.541878615569471711e-15
4.167964245931830902e+00 8.408275507190364848e-15
4.171805619889423333e+00 8.276771433338539349e-15
4.175650534221404975e+00 8.147334750989093261e-15
4.179498992190740836e+00 8.019934249491879865e-15
4.183350997063395305e+00 7.894539145856336167e-15
4.187206552108346358e+00 7.771119080055769424e-15
4.191065660597587339e+00 7.649644110354992380e-15
4.194928325806119851e+00 7.530084708659295609e-15
4.198794551011974185e+00 7.412411755887394919e-15
4.202664339496189783e+00 7.296596537368125049e-15
4.206537694542838324e+00 7.182610738261823132e-15
4.210414619439020179e+00 7.070426439006559698e-15
4.214295117474855523e+00 6.960016110791284829e-15
4.218179191943507433e+00 6.851352611053904675e-15
4.222066846141164120e+00 6.744409179008045695e-15
4.225958083367059359e+00 6.639159431195785035e-15
4.229852906923468048e+00 6.535577357069433085e-15
4.233751320115699990e+00 6.433637314601872792e-15
4.237653326252122987e+00 6.333314025924915375e-15
4.241558928644141524e+00 6.234582572998315901e-15
4.245468130606221635e+00 6.137418393307750316e-15
4.249380935455883801e+00 6.041797275593208589e-15
4.253297346513697619e+00 5.947695355608517874e-15
4.257217367103301342e+00 5.855089111910791914e-15
4.261141000551396552e+00 5.763955361682133797e-15
4.265068250187741938e+00 5.674271256582745646e-15
4.268999119345177284e+00 5.586014278634897743e-15
4.272933611359602146e+00 5.499162236140743746e-15
4.276871729569998948e+00 5.413693259630914881e-15
4.280813477318428539e+00 5.329585797846894738e-15
4.284758857950021316e+00 5.246818613755839920e-15
4.288707874813003862e+00 5.165370780597894655e-15
4.292660531258676748e+00 5.085221677967960493e-15
4.296616830641438511e+00 5.006350987929584469e-15
4.300576776318776773e+00 4.928738691163248705e-15
4.304540371651269126e+00 4.852365063147972025e-15
4.308507620002596461e+00 4.777210670376789210e-15
4.312478524739534080e+00 4.703256366606304304e-15
4.316453089231965023e+00 4.630483289139713712e-15
4.320431316852878290e+00 4.558872855144621220e-15
4.324413210978365285e+00 4.488406758004600488e-15
4.328398774987637587e+00 4.419066963704715630e-15
4.332388012263013621e+00 4.350835707251936275e-15
4.336380926189932872e+00 4.283695489129087102e-15
4.340377520156957658e+00 4.217629071783585352e-15
4.344377797555765142e+00 4.152619476150323395e-15
4.348381761781169530e+00 4.088649978208421045e-15
4.352389416231101649e+00 4.025704105573045097e-15
4.356400764306632922e+00 3.963765634120564564e-15
4.360415809411968269e+00 3.902818584648467843e-15
4.364434554954445211e+00 3.842847219569161470e-15
4.368457004344547201e+00 3.783836039637887889e-15
4.372483160995896512e+00 3.725769780714766981e-15
4.376513028325263122e+00 3.668633410560341306e-15
4.380546609752570930e+00 3.612412125665587460e-15
4.384583908700885324e+00 3.557091348115131386e-15
4.388624928596438046e+00 3.502656722484381937e-15
4.392669672868607655e+00 3.449094112770041930e-15
4.396718144949942619e+00 3.396389599354202991e-15
4.400770348276150656e+00 3.344529476001574519e-15
4.404826286286104953e+00 3.293500246889900821e-15
4.408885962421852156e+00 3.243288623673392872e-15
4.412949380128605270e+00 3.193881522579216490e-15
4.417016542854757866e+00 3.145266061536375488e-15
4.421087454051881416e+00 3.097429557337286399e-15
4.425162117174724408e+00 3.050359522831970633e-15
4.429240535681223889e+00 3.004043664154280693e-15
4.433322713032499252e+00 2.958469877979994401e-15
4.437408652692864663e+00 2.913626248817252424e-15
4.441498358129826407e+00 2.869501046328307259e-15
4.445591832814081101e+00 2.826082722683161142e-15
4.449689080219531689e+00 2.783359909943893005e-15
4.453790103823275892e+00 2.741321417480985576e-15
4.457894907105622195e+00 2.699956229419736878e-15
4.462003493550084521e+00 2.659253502118028946e-15
4.466115866643382226e+00 2.619202561674241677e-15
4.470232029875456981e+00 2.579792901465592262e-15
4.474351986739462994e+00 2.541014179716514436e-15
4.478475740731769683e+00 2.502856217097239668e-15
4.482603295351977657e+00 2.465308994351349263e-15
4.486734654102902731e+00 2.428362649953552853e-15
4.490869820490596354e+00 2.392007477796075326e-15
4.495008798024342944e+00 2.356233924904276574e-15
4.499151590216651897e+00 2.321032589181179436e-15
4.503298200583280675e+00 2.286394217180082285e-15
4.507448632643217046e+00 2.252309701906097551e-15
4.511602889918698622e+00 2.218770080644957240e-15
4.515760975935211086e+00 2.185766532820363760e-15
4.519922894221480192e+00 2.153290377878606554e-15
4.524088648309494864e+00 2.121333073200359328e-15
4.528258241734488543e+00 2.089886212040027055e-15
4.532431678034960498e+00 2.058941521491412546e-15
4.536608960752672282e+00 2.028490860480570312e-15
4.540790093432640617e+00 1.998526217784562290e-15
4.544975079623160497e+00 1.969039710076572950e-15
4.549163922875787414e+00 1.940023579996981486e-15
4.553356626745356017e+00 1.911470194249863331e-15
4.557553194789979223e+00 1.883372041725022752e-15
4.561753630571041107e+00 1.855721731645240999e-15
4.565957937653217336e+00 1.828511991738284037e-15
4.570166119604460064e+00 1.801735666433623703e-15
4.574378179996015703e+00 1.775385715083627761e-15
4.578594122402423139e+00 1.749455210208876274e-15
4.582813950401509295e+00 1.723937335767387176e-15
4.587037667574406896e+00 1.698825385447496809e-15
4.591265277505538478e+00 1.674112760984313025e-15
4.595496783782641259e+00 1.649792970499089605e-15
4.599732189996754705e+00 1.625859626861818651e-15
4.603971499742223195e+00 1.602306446076394835e-15
4.608214716616712892e+00 1.579127245688142090e-15
4.612461844221195761e+00 1.556315943213769980e-15
4.616712886159969997e+00 1.533866554592998500e-15
4.620967846040656468e+00 1.511773192662270391e-15
4.625226727474193389e+00 1.490030065649653840e-15
4.629489534074854973e+00 1.468631475691042837e-15
4.633756269460238109e+00 1.447571817367559563e-15
4.638026937251282789e+00 1.426845576263442496e-15
4.642301541072263227e+00 1.406447327544662242e-15
4.646580084550787859e+00 1.386371734557782491e-15
4.650862571317818883e+00 1.366613547448800251e-15
4.655149005007653606e+00 1.347167601802000484e-15
4.659439389257949315e+00 1.328028817298160296e-15
4.663733727709710841e+00 1.309192196392315910e-15
4.668032024007296776e+00 1.290652823010634854e-15
4.672334281798431022e+00 1.272405861265994212e-15
4.676640504734190351e+00 1.254446554192608092e-15
4.680950696469023953e+00 1.236770222498710151e-15
4.685264860660749875e+00 1.219372263337732533e-15
4.689583000970547033e+00 1.202248149097434557e-15
4.693905121062983632e+00 1.185393426206711745e-15
4.698231224605989631e+00 1.168803713960127008e-15
4.702561315270887832e+00 1.152474703359653392e-15
4.706895396732382331e+00 1.136402155973630168e-15
4.711233472668555855e+00 1.120581902812653592e-15
4.715575546760890191e+00 1.105009843222045779e-15
4.719921622694259078e+00 1.089681943790924165e-15
4.724271704156925544e+00 1.074594237277603939e-15
4.728625794840561447e+00 1.059742821550869601e-15
4.732983898440231485e+00 1.045123858547342625e-15
4.737346018654411850e+00 1.030733573244358338e-15
4.741712159184990227e+00 1.016568252648331280e-15
4.746082323737256026e+00 1.002624244798470429e-15
4.750456516019924358e+00 9.888979577854044805e-16
4.754834739745119165e+00 9.753858587848006140e-16
4.759216998628392759e+00 9.620844731055152630e-16
4.763603296388722264e+00 9.489903832523587279e-16
4.767993636748503405e+00 9.361002280030405501e-16
4.772388023433573601e+00 9.234107014991996046e-16
4.776786460173194193e+00 9.109185523513826318e-16
4.781188950700071771e+00 8.986205827577124661e-16
4.785595498750351950e+00 8.865136476360235981e-16
4.790006108063616708e+00 8.745946537694920908e-16
4.794420782382903923e+00 8.628605589652016305e-16
4.798839525454693167e+00 8.513083712258927262e-16
4.803262341028921689e+00 8.399351479343992571e-16
4.807689232858985307e+00 8.287379950507419974e-16
4.812120204701730408e+00 8.177140663217138524e-16
4.816555260317475273e+00 8.068605625026012268e-16
4.820994403469995859e+00 7.961747303363427926e-16
4.825437637926541790e+00 7.856538250975485262e-16
4.829884967457838130e+00 7.752950741500246553e-16
4.834336395838073841e+00 7.650957456833715898e-16
4.838791926844929314e+00 7.550531572452817794e-16
4.843251564259555053e+00 7.451646747986914827e-16
4.847715311866593879e+00 7.354277117976717311e-16
4.852183173454179155e+00 7.258397282818749766e-16
4.856655152813925014e+00 7.163982299891258370e-16
4.861131253740950342e+00 7.071007674856384441e-16
4.865611480033864567e+00 6.979449353136812266e-16
4.870095835494781866e+00 6.889283711561763669e-16
4.874584323929323837e+00 6.800487550179697621e-16
4.879076949146609721e+00 6.713038084234377032e-16
4.883573714959281276e+00 6.626912936299523210e-16
4.888074625183481459e+00 6.542090128571023581e-16
4.892579683638881072e+00 6.458548075311097702e-16
4.897088894148668992e+00 6.376265575443079484e-16
4.901602260539550393e+00 6.295221805292791480e-16
4.906119786641769842e+00 6.215396311473419860e-16
4.910641476289088203e+00 6.136769003911637902e-16
4.915167333318810172e+00 6.059320149011252579e-16
4.919697361571775396e+00 5.983030362952136859e-16
4.924231564892355806e+00 5.907880605121200546e-16
4.928769947128478712e+00 5.833852171673222425e-16
4.933312512131605487e+00 5.760926689218285701e-16
4.937859263756755546e+00 5.689086108633604979e-16
4.942410205862500128e+00 5.618312698996890078e-16
4.946965342310961411e+00 5.548589041639642338e-16
4.951524676967830274e+00 5.479898024315861290e-16
4.956088213702348533e+00 5.412222835486854873e-16
4.960655956387333809e+00 5.345546958716760373e-16
4.965227908899172427e+00 5.279854167178103567e-16
4.969804075117815856e+00 5.215128518265720727e-16
4.974384458926798480e+00 5.151354348314809286e-16
4.978969064213234041e+00 5.088516267422627913e-16
4.983557894867812088e+00 5.026599154371913312e-16
4.988150954784816626e+00 4.965588151652073362e-16
4.992748247862112798e+00 4.905468660578629927e-16
4.997349778001163756e+00 4.846226336506378346e-16
5.001955549107028887e+00 4.787847084136947930e-16
5.006565565088360259e+00 4.730317052916814239e-16
5.011179829857421275e+00 4.673622632524537443e-16
5.015798347330071572e+00 4.617750448446291966e-16
5.020421121425785671e+00 4.562687357636117827e-16
5.025048156067652982e+00 4.508420444261238783e-16
5.029679455182369807e+00 4.454937015529148877e-16
5.034315022700261544e+00 4.402224597595172648e-16
5.038954862555265812e+00 4.350270931549875332e-16
5.043598978684952883e+00 4.299063969482923531e-16
5.048247375030523898e+00 4.248591870623503862e-16
5.052900055536802881e+00 4.198842997554963056e-16
5.057557024152260716e+00 4.149805912502153417e-16
5.062218284828997383e+00 4.101469373690359039e-16
5.066883841522762388e+00 4.053822331773910970e-16
5.071553698192950321e+00 4.006853926333770028e-16
5.076227858802599080e+00 3.960553482441910353e-16
5.080906327318408522e+00 3.914910507291624122e-16
5.085589107710722701e+00 3.869914686892595690e-16
5.090276203953554734e+00 3.825555882828830689e-16
5.094967620024578814e+00 3.781824129078773987e-16
5.099663359905128424e+00 3.738709628896113242e-16
5.104363427580216772e+00 3.696202751750041856e-16
5.109067827038518139e+00 3.654294030323814808e-16
5.113776562272392745e+00 3.612974157570653199e-16
5.118489637277878757e+00 3.572233983825303420e-16
5.123207056054689623e+00 3.532064513971141007e-16
5.127928822606235393e+00 3.492456904660225796e-16
5.132654940939607613e+00 3.453402461586815226e-16
5.137385415065595318e+00 3.414892636812294115e-16
5.142120248998685916e+00 3.376919026140753743e-16
5.146859446757058976e+00 3.339473366544293331e-16
5.151603012362608425e+00 3.302547533637147573e-16
5.156350949840923015e+00 3.266133539197080250e-16
5.161103263221309412e+00 3.230223528734273677e-16
5.165859956536789532e+00 3.194809779105225625e-16
5.170621033824092549e+00 3.159884696172519488e-16
5.175386499123680650e+00 3.125440812507701266e-16
5.180156356479727719e+00 3.091470785138187800e-16
5.184930609940142432e+00 3.057967393336003377e-16
5.189709263556566476e+00 3.024923536448182478e-16
5.194492321384365674e+00 2.992332231767891567e-16
5.199279787482654847e+00 2.960186612445430749e-16
5.204071665914278277e+00 2.928479925438359477e-16
5.208867960745835468e+00 2.897205529499917024e-16
5.213668676047670481e+00 2.866356893205111059e-16
5.218473815893872825e+00 2.835927593013575521e-16
5.223283384362296999e+00 2.805911311368718076e-16
5.228097385534544728e+00 2.776301834832109431e-16
5.232915823495988050e+00 2.747093052252722061e-16
5.237738702335764884e+00 2.718278952970306405e-16
5.242566026146772806e+00 2.689853625051972675e-16
5.247397799025689480e+00 2.661811253561689858e-16
5.252234025072968215e+00 2.634146118861739018e-16
5.257074708392835305e+00 2.606852594945992190e-16
5.261919853093308674e+00 2.579925147803430794e-16
5.266769463286181008e+00 2.553358333812760437e-16
5.271623543087044617e+00 2.527146798165990730e-16
5.276482096615283446e+00 2.501285273321482500e-16
5.281345127994070410e+00 2.475768577485593680e-16
5.286212641350389596e+00 2.450591613122111837e-16
5.291084640815017615e+00 2.425749365489299791e-16
5.295961130522545801e+00 2.401236901203766944e-16
5.300842114611377554e+00 2.377049366830862598e-16
5.305727597223720338e+00 2.353181987500869962e-16
5.310617582505610557e+00 2.329630065550612822e-16
5.315512074606897563e+00 2.306388979190005983e-16
5.320411077681259648e+00 2.283454181193040688e-16
5.325314595886205815e+00 2.260821197612673994e-16
5.330222633383066899e+00 2.238485626519280443e-16
5.335135194337023101e+00 2.216443136762126880e-16
5.340052282917077342e+00 2.194689466753496211e-16
5.344973903296089013e+00 2.173220423274903947e-16
5.349900059650757989e+00 2.152031880305055511e-16
5.354830756161629957e+00 2.131119777869416361e-16
5.359765997013110628e+00 2.110480120910232094e-16
5.364705786393453302e+00 2.090108978177554942e-16
5.369650128494780184e+00 2.070002481140043299e-16
5.374599027513076166e+00 2.050156822915740641e-16
5.379552487648183501e+00 2.030568257222188184e-16
5.384510513103830220e+00 2.011233097345373085e-16
5.389473108087603492e+00 1.992147715127699527e-16
5.394440276810978929e+00 1.973308539973771044e-16
5.399412023489313484e+00 1.954712057874600402e-16
5.404388352341841006e+00 1.936354810449076051e-16
5.409369267591692676e+00 1.918233394002801267e-16
5.414354773465885451e+00 1.900344458604075491e-16
5.419344874195335393e+00 1.882684707176143210e-16
5.424339574014861221e+00 1.865250894605992647e-16
5.429338877163174537e+00 1.848039826869277782e-16
5.434342787882907366e+00 1.831048360170582486e-16
5.439351310420586394e+00 1.814273400099399752e-16
5.444364449026664055e+00 1.797711900801073637e-16
5.449382207955509649e+00 1.781360864162675337e-16
5.454404591465404017e+00 1.765217339013357814e-16
5.459431603818563516e+00 1.749278420338997430e-16
5.464463249281123147e+00 1.733541248510943872e-16
5.469499532123156982e+00 1.718003008528329357e-16
5.474540456618675499e+00 1.702660929274129167e-16
5.479586027045618479e+00 1.687512282784253421e-16
5.484636247685880761e+00 1.672554383529711757e-16
5.489691122825291814e+00 1.657784587711539069e-16
5.494750656753640605e+00 1.643200292568226415e-16
5.499814853764667610e+00 1.628798935695443114e-16
5.504883718156064809e+00 1.614577994377775178e-16
5.509957254229494339e+00 1.600534984932333125e-16
5.515035466290571620e+00 1.586667462063973570e-16
5.520118358648891110e+00 1.572973018231837747e-16
5.525205935618016539e+00 1.559449283027174206e-16
5.530298201515480017e+00 1.546093922562102017e-16
5.535395160662801572e+00 1.532904638869077098e-16
5.540496817385482942e+00 1.519879169311024425e-16
5.545603176013004898e+00 1.507015286001863746e-16
5.550714240878848571e+00 1.494310795237048633e-16
5.555830016320480347e+00 1.481763536934322533e-16
5.560950506679370520e+00 1.469371384084143778e-16
5.566075716300990628e+00 1.457132242209811367e-16
5.571205649534809012e+00 1.445044048837011969e-16
5.576340310734315686e+00 1.433104772972620259e-16
5.581479704256998353e+00 1.421312414592753343e-16
5.586623834464371718e+00 1.409665004139585220e-16
5.591772705721970382e+00 1.398160602027024357e-16
5.596926322399341736e+00 1.386797298155050982e-16
5.602084688870075269e+00 1.375573211432435769e-16
5.607247809511775039e+00 1.364486489307867298e-16
5.612415688706093420e+00 1.353535307309084476e-16
5.617588330838717781e+00 1.342717868590194622e-16
5.622765740299369597e+00 1.332032403486697984e-16
5.627947921481828431e+00 1.321477169078334554e-16
5.633134878783911503e+00 1.311050448759481016e-16
5.638326616607495900e+00 1.300750551816949929e-16
5.643523139358519458e+00 1.290575813015094739e-16
5.648724451446968331e+00 1.280524592188218170e-16
5.653930557286908076e+00 1.270595273839800071e-16
5.659141461296457010e+00 1.260786266748844234e-16
5.664357167897818179e+00 1.251096003582905392e-16
5.669577681517267820e+00 1.241522940517794168e-16
5.674803006585152687e+00 1.232065556863900808e-16
5.680033147535914928e+00 1.222722354698805163e-16
5.685268108808073428e+00 1.213491858506405603e-16
5.690507894844244241e+00 1.204372614822009765e-16
5.695752510091139698e+00 1.195363191883733459e-16
5.701001958999560415e+00 1.186462179289757128e-16
5.706256246024421053e+00 1.177668187661444275e-16
5.711515375624731661e+00 1.168979848312309296e-16
5.716779352263618108e+00 1.160395812922584254e-16
5.722048180408322970e+00 1.151914753219343177e-16
5.727321864530193984e+00 1.143535360662190292e-16
5.732600409104713357e+00 1.135256346134121459e-16
5.737883818611477338e+00 1.127076439637905907e-16
5.743172097534216647e+00 1.118994389997396378e-16
5.748465250360796475e+00 1.111008964564129324e-16
5.753763281583209377e+00 1.103118948928741344e-16
5.759066195697600143e+00 1.095323146637467245e-16
5.764373997204242706e+00 1.087620378913336748e-16
5.769686690607571222e+00 1.080009484382076024e-16
5.775004280416168534e+00 1.072489318802820892e-16
5.780326771142767051e+00 1.065058754803235950e-16
5.785654167304265627e+00 1.057716681619219310e-16
5.790986473421718017e+00 1.050462004838911323e-16
5.796323694020352413e+00 1.043293646151190806e-16
5.801665833629567892e+00 1.036210543098246108e-16
5.807012896782928202e+00 1.029211648832504633e-16
5.812364888018185738e+00 1.022295931877512950e-16
5.817721811877273552e+00 1.015462375892947334e-16
5.823083672906302688e+00 1.008709979443537177e-16
5.828450475655587049e+00 1.002037755771919642e-16
5.833822224679619417e+00 9.954447325753486367e-17
5.839198924537102542e+00 9.889299517860203476e-17
5.844580579790937591e+00 9.824924693552736854e-17
5.849967195008225040e+00 9.761313550413325890e-17
5.855358774760285101e+00 9.698456922005898239e-17
5.860755323622638180e+00 9.636345775824718387e-17
5.866156846175032413e+00 9.574971211276649093e-17
5.871563347001434785e+00 9.514324457698026559e-17
5.876974830690031126e+00 9.454396872404246218e-17
5.882391301833245656e+00 9.395179938772314276e-17
5.887812765027723216e+00 9.336665264355594643e-17
5.893239224874355031e+00 9.278844579029590137e-17
5.898670685978271599e+00 9.221709733169755151e-17
5.904107152948840032e+00 9.165252695858556559e-17
5.909548630399686253e+00 9.109465553123756265e-17
5.914995122948677242e+00 9.054340506205103834e-17
5.920446635217945897e+00 8.999869869850787669e-17
5.925903171833882155e+00 8.946046070641937591e-17
5.931364737427133882e+00 8.892861645344813969e-17
5.936831336632627298e+00 8.840309239291570870e-17
5.942302974089547440e+00 8.788381604786790314e-17
5.947779654441366581e+00 8.737071599541349320e-17
5.953261382335834462e+00 8.686372185132240481e-17
5.958748162424975625e+00 8.636276425488000933e-17
5.964239999365115175e+00 8.586777485399893937e-17
5.969736897816857457e+00 8.537868629056565234e-17
5.975238862445110044e+00 8.489543218604892050e-17
5.980745897919081955e+00 8.441794712733660991e-17
5.986258008912272999e+00 8.394616665281147197e-17
5.991775200102507526e+00 8.348002723865842861e-17
5.997297476171903341e+00 8.301946628540178581e-17
6.002824841806907230e+00 8.256442210466368561e-17
6.008357301698282527e+00 8.211483390614749441e-17
6.013894860541108223e+00 8.167064178483377699e-17
6.019437523034802062e+00 8.123178670839265257e-17
6.024985293883099224e+00 8.079821050480362128e-17
6.030538177794082522e+00 8.036985585018339115e-17
6.036096179480170854e+00 7.994666625681671340e-17
6.041659303658118318e+00 7.952858606138492610e-17
6.047227555049039083e+00 7.911556041339321675e-17
6.052800938378385176e+00 7.870753526378872761e-17
6.058379458375974025e+00 7.830445735376949142e-17
6.063963119775980459e+00 7.790627420378322370e-17
6.069551927316935824e+00 7.751293403719205095e-17
6.075145885741749296e+00 7.712437993326813264e-17
6.080744999797688344e+00 7.674054536175185616e-17
6.086349274236407147e+00 7.636136377402824546e-17
6.091958713813937720e+00 7.598676968191399510e-17
6.097573323290687242e+00 7.561669863748331402e-17
6.103193107431460263e+00 7.525108721330652845e-17
6.108818071005443606e+00 7.488987298309297608e-17
6.114448218786226796e+00 7.453299450273461682e-17
6.120083555551799392e+00 7.418039129173384355e-17
6.125724086084545661e+00 7.383200381501326180e-17
6.131369815171266779e+00 7.348777346509416323e-17
6.137020747603173731e+00 7.314764254463855306e-17
6.142676888175887306e+00 7.281155424934732364e-17
6.148338241689457639e+00 7.247945265120115099e-17
6.154004812948349112e+00 7.215128268204522381e-17
6.159676606761459894e+00 7.182699011750049928e-17
6.165353627942123715e+00 7.150652156119973537e-17
6.171035881308099214e+00 7.118982442934650002e-17
6.176723371681598351e+00 7.087684693557598128e-17
6.182416103889264214e+00 7.056753807612420510e-17
6.188114082762198542e+00 7.026184761529051209e-17
6.193817313135956404e+00 6.995972607119379876e-17
6.199525799850537311e+00 6.966112470180886601e-17
6.205239547750418083e+00 6.936599549128186406e-17
6.210958561684523538e+00 6.907429113651927501e-17
6.216682846506259352e+00 6.878596503403747826e-17
6.222412407073504959e+00 6.850097126707716371e-17
6.228147248248605550e+00 6.821926459297074738e-17
6.233887374898402278e+00 6.794080043075534469e-17
6.239632791894207386e+00 6.766553484903391447e-17
6.245383504111833517e+00 6.739342455407198880e-17
6.251139516431586607e+00 6.712442687812860833e-17
6.256900833738259671e+00 6.685849976801359903e-17
6.262667460921162998e+00 6.659560177387185597e-17
6.268439402874099287e+00 6.633569203818057029e-17
6.274216664495389395e+00 6.607873028496797811e-17
6.279999250687871459e+00 6.582467680923211040e-17
6.285787166358891120e+00 6.557349246657534551e-17
6.291580416420329946e+00 6.532513866302880616e-17
6.297379005788584116e+00 6.507957734508275990e-17
6.303182939384589289e+00 6.483677098990177336e-17
6.308992222133817940e+00 6.459668259573287854e-17
6.314806858966271363e+00 6.435927567249962680e-17
6.320626854816508100e+00 6.412451423256605605e-17
6.326452214623621728e+00 6.389236278169543270e-17
6.332282943331266623e+00 6.366278631016342536e-17
6.338119045887655290e+00 6.343575028405548998e-17
6.343960527245549486e+00 6.321122063672123825e-17
6.349807392362288638e+00 6.298916376039568709e-17
6.355659646199768531e+00 6.276954649797885965e-17
6.361517293724467947e+00 6.255233613497164233e-17
6.367380339907443343e+00 6.233750039156491512e-17
6.373248789724320851e+00 6.212500741487687675e-17
6.379122648155328257e+00 6.191482577133968648e-17
6.385001920185268354e+00 6.170692443923004834e-17
6.390886610803549139e+00 6.150127280133322379e-17
6.396776725004175823e+00 6.129784063776051482e-17
6.402672267785747273e+00 6.109659811888551988e-17
6.408573244151481774e+00 6.089751579842248342e-17
6.414479659109196596e+00 6.070056460663571963e-17
6.420391517671333759e+00 6.050571584366806777e-17
6.426308824854955581e+00 6.031294117300293632e-17
6.432231585681736696e+00 6.012221261504494734e-17
6.438159805177995132e+00 5.993350254082014256e-17
6.444093488374666556e+00 5.974678366579512264e-17
6.450032640307335363e+00 5.956202904381119984e-17
6.455977266016224903e+00 5.937921206113119752e-17
6.461927370546193927e+00 5.919830643060014158e-17
6.467882958946762351e+00 5.901928618590677797e-17
6.473844036272103253e+00 5.884212567596390026e-17
6.479810607581035775e+00 5.866679955937991377e-17
6.485782677937058871e+00 5.849328279904602948e-17
6.491760252408321996e+00 5.832155065681363463e-17
6.497743336067655306e+00 5.815157868827589154e-17
6.503731933992566105e+00 5.798334273764485026e-17
6.509726051265229962e+00 5.781681893272380380e-17
6.515725692972520910e+00 5.765198367997230991e-17
6.521730864205987466e+00 5.748881365966572825e-17
6.527741570061880161e+00 5.732728582113663881e-17
6.533757815641147104e+00 5.716737737811561989e-17
6.539779606049426874e+00 5.700906580414976584e-17
6.545806946397077830e+00 5.685232882810822597e-17
6.551839841799154129e+00 5.669714442977522082e-17
6.557878297375435928e+00 5.654349083551742081e-17
6.563922318250419607e+00 5.639134651403903645e-17
6.569971909553316003e+00 5.624069017221088884e-17
6.576027076418076156e+00 5.609150075097895793e-17
6.582087823983370001e+00 5.594375742134889563e-17
6.588154157392611232e+00 5.579743958044412485e-17
6.594226081793958194e+00 5.565252684763801751e-17
6.600303602340298781e+00 5.550899906075968927e-17
6.606386724189287740e+00 5.536683627236625581e-17
6.612475452503318252e+00 5.522601874609128201e-17
6.618569792449550349e+00 5.508652695305168690e-17
6.624669749199908253e+00 5.494834156833477967e-17
6.630775327931072383e+00 5.481144346753863003e-17
6.636886533824505996e+00 5.467581372338548834e-17
6.643003372066436540e+00 5.454143360239461070e-17
6.649125847847880522e+00 5.440828456162043002e-17
6.655253966364637286e+00 5.427634824545102567e-17
6.661387732817288132e+00 5.414560648246681155e-17
6.667527152411216740e+00 5.401604128235745814e-17
6.673672230356594959e+00 5.388763483290311905e-17
6.679822971868402348e+00 5.376036949700466550e-17
6.685979382166429730e+00 5.363422780977514386e-17
6.692141466475264089e+00 5.350919247568948560e-17
6.698309230024323213e+00 5.338524636578358889e-17
6.704482678047831712e+00 5.326237251490910723e-17
6.710661815784847661e+00 5.314055411904315034e-17
6.716846648479256388e+00 5.301977453264659232e-17
6.723037181379766913e+00 5.290001726607898065e-17
6.729233419739941269e+00 5.278126598305555061e-17
6.735435368818166957e+00 5.266350449816370626e-17
6.741643033877689817e+00 5.254671677441896295e-17
6.747856420186605142e+00 5.243088692087760154e-17
6.754075533017854127e+00 5.231599919028996131e-17
6.760300377649252290e+00 5.220203797680402884e-17
6.766530959363463715e+00 5.208898781371278410e-17
6.772767283448032138e+00 5.197683337124893360e-17
6.779009355195376507e+00 5.186555945442301863e-17
6.785257179902780322e+00 5.175515100090431912e-17
6.791510762872424500e+00 5.164559307894859002e-17
6.797770109411362505e+00 5.153687088536031034e-17
6.804035224831550543e+00 5.142896974351001679e-17
6.810306114449837800e+00 5.132187510137903815e-17
6.816582783587967320e+00 5.121557252965296015e-17
6.822865237572592889e+00 5.111004771985636388e-17
6.829153481735280806e+00 5.100528648251790452e-17
6.835447521412500116e+00 5.090127474538789245e-17
6.841747361945650141e+00 5.079799855167971270e-17
6.848053008681041831e+00 5.069544405836329705e-17
6.854364466969922631e+00 5.059359753448400585e-17
6.860681742168472041e+00 5.049244535952585267e-17
6.867004839637795399e+00 5.039197402180719538e-17
6.873333764743953189e+00 5.029217011691430489e-17
6.879668522857937063e+00 5.019302034617175156e-17
6.886009119355700925e+00 5.009451151513937249e-17
6.892355559618151162e+00 4.999663053215798176e-17
6.898707849031144868e+00 4.989936440691252813e-17
6.905065992985516488e+00 4.980270024904404492e-17
6.911429996877052950e+00 4.970662526678261574e-17
6.917799866106527418e+00 4.961112676561994344e-17
6.924175606079689516e+00 4.951619214701169237e-17
6.930557222207260004e+00 4.942180890711187822e-17
6.936944719904961865e+00 4.932796463553902173e-17
6.943338104593492766e+00 4.923464701417178611e-17
6.949737381698559702e+00 4.914184381597769120e-17
6.956142556650869224e+00 4.904954290386984443e-17
6.962553634886121223e+00 4.895773222959385196e-17
6.968970621845041791e+00 4.886639983264445996e-17
6.975393522973355687e+00 4.877553383921201235e-17
6.981822343721817425e+00 4.868512246115720901e-17
6.988257089546205947e+00 4.859515399501209972e-17
6.994697765907316622e+00 4.850561682101197920e-17
7.001144378270993229e+00 4.841649940215511431e-17
7.007596932108102195e+00 4.832779028328579793e-17
7.014055432894561903e+00 4.823947809020848290e-17
7.020519886111340035e+00 4.815155152882820705e-17
7.026990297244443795e+00 4.806399938431435139e-17
7.033466671784948332e+00 4.797681052029388190e-17
7.039949015228979867e+00 4.788997387806920011e-17
7.046437333077737897e+00 4.780347847585876589e-17
7.052931630837492527e+00 4.771731340806939787e-17
7.059431914019577370e+00 4.763146784458440666e-17
7.065938188140422405e+00 4.754593103008524218e-17
7.072450458721523781e+00 4.746069228339093367e-17
7.078968731289480232e+00 4.737574099682416594e-17
7.085493011375982420e+00 4.729106663560215551e-17
7.092023304517808491e+00 4.720665873724716197e-17
7.098559616256856053e+00 4.712250691102597766e-17
7.105101952140112864e+00 4.703860083740382023e-17
7.111650317719691472e+00 4.695493026753229409e-17
7.118204718552821220e+00 4.687148502274700928e-17
7.124765160201842917e+00 4.678825499409933093e-17
7.131331648234238152e+00 4.670523014189957945e-17
7.137904188222603530e+00 4.662240049528925838e-17
7.144482785744685316e+00 4.653975615183190679e-17
7.151067446383368775e+00 4.645728727712271170e-17
7.157658175726673733e+00 4.637498410442533007e-17
7.164254979367781218e+00 4.629283693432101216e-17
7.170857862905027247e+00 4.621083613438533489e-17
7.177466831941897496e+00 4.612897213888086659e-17
7.184081892087054833e+00 4.604723544847091527e-17
7.190703048954318000e+00 4.596561662995436658e-17
7.197330308162690038e+00 4.588410631601658247e-17
7.203963675336353845e+00 4.580269520500310908e-17
7.210603156104662403e+00 4.572137406070975342e-17
7.217248756102174312e+00 4.564013371219196257e-17
7.223900480968624471e+00 4.555896505359576087e-17
7.230558336348958726e+00 4.547785904400027363e-17
7.237222327893323204e+00 4.539680670728527855e-17
7.243892461257061655e+00 4.531579913201222953e-17
7.250568742100745645e+00 4.523482747132425002e-17
7.257251176090146139e+00 4.515388294286468316e-17
7.263939768896270799e+00 4.507295682870968727e-17
7.270634526195351555e+00 4.499204047532079948e-17
7.277335453668840159e+00 4.491112529351335046e-17
7.284042557003441054e+00 4.483020275843873351e-17
7.290755841891083833e+00 4.474926440958866321e-17
7.297475314028956994e+00 4.466830185080905443e-17
7.304200979119497283e+00 4.458730675033321611e-17
7.310932842870387915e+00 4.450627084083097637e-17
7.317670910994585221e+00 4.442518591947079910e-17
7.324415189210299104e+00 4.434404384800036489e-17
7.331165683241017028e+00 4.426283655283649502e-17
7.337922398815504899e+00 4.418155602517840847e-17
7.344685341667796408e+00 4.410019432112462119e-17
7.351454517537222344e+00 4.401874356181447894e-17
7.358229932168391052e+00 4.393719593357648768e-17
7.365011591311216854e+00 4.385554368809377108e-17
7.371799500720911169e+00 4.377377914258128681e-17
7.378593666157978959e+00 4.369189467997847506e-17
7.385394093388250703e+00 4.360988274915249498e-17
7.392200788182855753e+00 4.352773586511713970e-17
7.399013756318251644e+00 4.344544660926090348e-17
7.405833003576222318e+00 4.336300762959059177e-17
7.412658535743866572e+00 4.328041164098577202e-17
7.419490358613634484e+00 4.319765142546455200e-17
7.426328477983297205e+00 4.311471983246199223e-17
7.433172899655983379e+00 4.303160977911988294e-17
7.440023629440167596e+00 4.294831425058595657e-17
7.446880673149667729e+00 4.286482630032919790e-17
7.453744036603674239e+00 4.278113905045763792e-17
7.460613725626726200e+00 4.269724569205368753e-17
7.467489746048743271e+00 4.261313948551750152e-17
7.474372103705015924e+00 4.252881376091911873e-17
7.481260804436202783e+00 4.244426191836188039e-17
7.488155854088360819e+00 4.235947742835410069e-17
7.495057258512917819e+00 4.227445383219089399e-17
7.501965023566709689e+00 4.218918474234464858e-17
7.508879155111965353e+00 4.210366384286423350e-17
7.515799659016310308e+00 4.201788488978303680e-17
7.522726541152788826e+00 4.193184171153447339e-17
7.529659807399845306e+00 4.184552820937469122e-17
7.536599463641352692e+00 4.175893835781706109e-17
7.543545515766606258e+00 4.167206620506815785e-17
7.550497969670318277e+00 4.158490587347533422e-17
7.557456831252646445e+00 4.149745155998002000e-17
7.564422106419183223e+00 4.140969753657588383e-17
7.571393801080954944e+00 4.132163815077594977e-17
7.578371921154450241e+00 4.123326782608407116e-17
7.585356472561596064e+00 4.114458106247393555e-17
7.592347461229786987e+00 4.105557243687126826e-17
7.599344893091883435e+00 4.096623660364155797e-17
7.606348774086199249e+00 4.087656829508654605e-17
7.613359110156538101e+00 4.078656232193959423e-17
7.620375907252166847e+00 4.069621357387006254e-17
7.627399171327845728e+00 4.060551701998918484e-17
7.634428908343823927e+00 4.051446770936099804e-17
7.641465124265831577e+00 4.042306085363894235e-17
7.648507825065114396e+00 4.033129673652127465e-17
7.655557016718403496e+00 4.023918344017646399e-17
7.662612705207951791e+00 4.014672968202029480e-17
7.669674896521524232e+00 4.005394413650737765e-17
7.676743596652395141e+00 3.996083543448544196e-17
7.683818811599374854e+00 3.986741216256674947e-17
7.690900547366789297e+00 3.977368286251757132e-17
7.697988809964508405e+00 3.967965603066163049e-17
7.705083605407943459e+00 3.958534011729889008e-17
7.712184939718034649e+00 3.949074352614191831e-17
7.719292818921289268e+00 3.939587461376568270e-17
7.726407249049753290e+00 3.930074168907529700e-17
7.733528236141042456e+00 3.920535301278563184e-17
7.740655786238338720e+00 3.910971679692099201e-17
7.747789905390379595e+00 3.901384120432631855e-17
7.754930599651496337e+00 3.891773434819446998e-17
7.762077875081581091e+00 3.882140429160875694e-17
7.769231737746125077e+00 3.872485904710095824e-17
7.776392193716208823e+00 3.862810657622362881e-17
7.783559249068496833e+00 3.853115478913626819e-17
7.790732909885268676e+00 3.843401154420749430e-17
7.797913182254395892e+00 3.833668464763197749e-17
7.805100072269371303e+00 3.823918185305950954e-17
7.812293586029303682e+00 3.814151086124007169e-17
7.819493729638912427e+00 3.804367931968298512e-17
7.826700509208556866e+00 3.794569482233087106e-17
7.833913930854214946e+00 3.784756490924323122e-17
7.841134000697510764e+00 3.774929706630218425e-17
7.848360724865711013e+00 3.765089872492073509e-17
7.855594109491718768e+00 3.755237726177595509e-17
7.862834160714104570e+00 3.745373999854558259e-17
7.870080884677079780e+00 3.735499420166647125e-17
7.877334287530531221e+00 3.725614708209920751e-17
7.884594375430014956e+00 3.715720579510978718e-17
7.891861154536745637e+00 3.705817744006414797e-17
7.899134631017634689e+00 3.695906906023115151e-17
7.906414811045261004e+00 3.685988764260619278e-17
7.913701700797902028e+00 3.676064011773769388e-17
7.920995306459531093e+00 3.666133335957389862e-17
7.928295634219811205e+00 3.656197418531708729e-17
7.935602690274121684e+00 3.646256935529251485e-17
7.942916480823537739e+00 3.636312557282763508e-17
7.950237012074863330e+00 3.626364948414263381e-17
7.957564290240619620e+00 3.616414767825597514e-17
7.964898321539044979e+00 3.606462668689700431e-17
7.972239112194118071e+00 3.596509298443380384e-17
7.979586668435554309e+00 3.586555298780734839e-17
7.986940996498800516e+00 3.576601305648396963e-17
7.994302102625064244e+00 3.566647949241201212e-17
8.001669993061289787e+00 3.556695853999135731e-17
8.009044674060191937e+00 3.546745638605638915e-17
8.016426151880247986e+00 3.536797915986539373e-17
8.023814432785687956e+00 3.526853293310203224e-17
8.031209523046536347e+00 3.516912371988859751e-17
8.038611428938578385e+00 3.506975747680629642e-17
8.046020156743393770e+00 3.497044010292711243e-17
8.053435712748354902e+00 3.487117743985590488e-17
8.060858103246610895e+00 3.477197527178133984e-17
8.068287334537133759e+00 3.467283932553536283e-17
8.075723412924682876e+00 3.457377527066574932e-17
8.083166344719835195e+00 3.447478871951200801e-17
8.090616136238994116e+00 3.437588522729553897e-17
8.098072793804361069e+00 3.427707029221641699e-17
8.105536323743987026e+00 3.417834935555826698e-17
8.113006732391740528e+00 3.407972780180415871e-17
8.120484026087332552e+00 3.398121095875880630e-17
8.127968211176325397e+00 3.388280409767909388e-17
8.135459294010111364e+00 3.378451243341521390e-17
8.142957280945955389e+00 3.368634112455630442e-17
8.150462178346966624e+00 3.358829527358746939e-17
8.157973992582125078e+00 3.349037992705232100e-17
8.165492730026288726e+00 3.339260007572304081e-17
8.173018397060172191e+00 3.329496065478015994e-17
8.180551000070391154e+00 3.319746654399726344e-17
8.188090545449428603e+00 3.310012256793413177e-17
8.195637039595672135e+00 3.300293349613648291e-17
8.203190488913408629e+00 3.290590404334358445e-17
8.210750899812811809e+00 3.280903886970149879e-17
8.218318278709981328e+00 3.271234258098282396e-17
8.225892632026912565e+00 3.261581972881501347e-17
8.233473966191532156e+00 3.251947481091232600e-17
8.241062287637694439e+00 3.242331227131732783e-17
8.248657602805167244e+00 3.232733650064456451e-17
8.256259918139672749e+00 3.223155183633306422e-17
8.263869240092851953e+00 3.213596256290537989e-17
8.271485575122310863e+00 3.204057291222872688e-17
8.279108929691604501e+00 3.194538706378564852e-17
8.286739310270231584e+00 3.185040914494857667e-17
8.294376723333671819e+00 3.175564323125821336e-17
8.302021175363353933e+00 3.166109334671071931e-17
8.309672672846694752e+00 3.156676346404719504e-17
8.317331222277090319e+00 3.147265750504897985e-17
8.324996830153907013e+00 3.137877934083700610e-17
8.332669502982520626e+00 3.128513279217859824e-17
8.340349247274282618e+00 3.119172162979597294e-17
8.348036069546560967e+00 3.109854957468088364e-17
8.355729976322727737e+00 3.100562029841256230e-17
8.363430974132157303e+00 3.091293742348149136e-17
8.371139069510256547e+00 3.082050452361560385e-17
8.378854268998441768e+00 3.072832512411190700e-17
8.386576579144165322e+00 3.063640270217203159e-17
8.394306006500919182e+00 3.054474068724098609e-17
8.402042557628220720e+00 3.045334246134859169e-17
8.409786239091644688e+00 3.036221135945777669e-17
8.417537057462819661e+00 3.027135066981319143e-17
8.425295019319413825e+00 3.018076363429559169e-17
8.433060131245179392e+00 3.009045344877740543e-17
8.440832399829913513e+00 3.000042326348255814e-17
8.448611831669508021e+00 2.991067618335037807e-17
8.456398433365926337e+00 2.982121526840172014e-17
8.464192211527205245e+00 2.973204353410579855e-17
8.471993172767492197e+00 2.964316395175467391e-17
8.479801323707011562e+00 2.955457944883621798e-17
8.487616670972098376e+00 2.946629290941101666e-17
8.495439221195201895e+00 2.937830717449218803e-17
8.503268981014864281e+00 2.929062504242874406e-17
8.511105957075770334e+00 2.920324926928771981e-17
8.518950156028703091e+00 2.911618256924356869e-17
8.526801584530595335e+00 2.902942761496413734e-17
8.534660249244513608e+00 2.894298703800354299e-17
8.542526156839647555e+00 2.885686342919574114e-17
8.550399313991359662e+00 2.877105933904676807e-17
8.558279727381139068e+00 2.868557727813434829e-17
8.566167403696651306e+00 2.860041971750482710e-17
8.574062349631720537e+00 2.851558908907349902e-17
8.581964571886333104e+00 2.843108778602687141e-17
8.589874077166662403e+00 2.834691816322615447e-17
8.597790872185049338e+00 2.826308253761066498e-17
8.605714963660032524e+00 2.817958318860597557e-17
8.613646358316339402e+00 2.809642235852977747e-17
8.621585062884888018e+00 2.801360225300138560e-17
8.629531084102815441e+00 2.793112504135159497e-17
8.637484428713447571e+00 2.784899285703327042e-17
8.645445103466339987e+00 2.776720779803289785e-17
8.653413115117270848e+00 2.768577192728576234e-17
8.661388470428230235e+00 2.760468727308622356e-17
8.669371176167457449e+00 2.752395582950596928e-17
8.677361239109412594e+00 2.744357955680729829e-17
8.685358666034812103e+00 2.736356038185953733e-17
8.693363463730623408e+00 2.728390019855682303e-17
8.701375638990052508e+00 2.720460086823518129e-17
8.709395198612588374e+00 2.712566422008893493e-17
8.717422149403963871e+00 2.704709205159248541e-17
8.725456498176203723e+00 2.696888612891611033e-17
8.733498251747606744e+00 2.689104818734605341e-17
8.741547416942742288e+00 2.681357993170545886e-17
8.749604000592487552e+00 2.673648303677295760e-17
8.757668009534000930e+00 2.665975914770318863e-17
8.765739450610752215e+00 2.658340988044730511e-17
8.773818330672520815e+00 2.650743682217271608e-17
8.781904656575379775e+00 2.643184153168475116e-17
8.789998435181747283e+00 2.635662553984659027e-17
8.798099673360344042e+00 2.628179034999985904e-17
8.806208377986232350e+00 2.620733743838582811e-17
8.814324555940817874e+00 2.613326825456541378e-17
8.822448214111826559e+00 2.605958422183980113e-17
8.830579359393352590e+00 2.598628673767059870e-17
8.838717998685840627e+00 2.591337717410068042e-17
8.846864138896082252e+00 2.584085687817269168e-17
8.855017786937253277e+00 2.576872717235056300e-17
8.863178949728883538e+00 2.569698935493746150e-17
8.871347634196890652e+00 2.562564470049585004e-17
8.879523847273576465e+00 2.555469446026573455e-17
8.887707595897623492e+00 2.548413986258308691e-17
8.895898887014119794e+00 2.541398211329828943e-17
8.904097727574541210e+00 2.534422239619397848e-17
8.912304124536781558e+00 2.527486187340095599e-17
8.920518084865149078e+00 2.520590168581680030e-17
8.928739615530355778e+00 2.513734295352071460e-17
8.936968723509556511e+00 2.506918677619018722e-17
8.945205415786318781e+00 2.500143423351543322e-17
8.953449699350660040e+00 2.493408638561533989e-17
8.961701581199040589e+00 2.486714427345045382e-17
8.969961068334351140e+00 2.480060891923750272e-17
8.978228167765962553e+00 2.473448132686155365e-17
8.986502886509681431e+00 2.466876248228974281e-17
8.994785231587794527e+00 2.460345335398188079e-17
9.003075210029063413e+00 2.453855489330241350e-17
9.011372828868713825e+00 2.447406803493087341e-17
9.019678095148471186e+00 2.440999369727188063e-17
9.027991015916533968e+00 2.434633278286466351e-17
9.036311598227610986e+00 2.428308617879105375e-17
9.044639849142910748e+00 2.422025475708444915e-17
9.052975775730139674e+00 2.415783937513718020e-17
9.061319385063532295e+00 2.409584087610657306e-17
9.069670684223828161e+00 2.403426008932103429e-17
9.078029680298303816e+00 2.397309783068615391e-17
9.086396380380767468e+00 2.391235490308948663e-17
9.094770791571555435e+00 2.385203209680376758e-17
9.103152920977564122e+00 2.379213018989089538e-17
9.111542775712219822e+00 2.373264994860506165e-17
9.119940362895519570e+00 2.367359212779437367e-17
9.128345689654024042e+00 2.361495747130237527e-17
9.136758763120846893e+00 2.355674671236958020e-17
9.145179590435697392e+00 2.349896057403236759e-17
9.153608178744839563e+00 2.344159976952444131e-17
9.162044535201143702e+00 2.338466500267385811e-17
9.170488666964072166e+00 2.332815696830340842e-17
9.178940581199670490e+00 2.327207635262681866e-17
9.187400285080604689e+00 2.321642383364646966e-17
9.195867785786138171e+00 2.316120008155095786e-17
9.204343090502161928e+00 2.310640575911023148e-17
9.212826206421189212e+00 2.305204152207139219e-17
9.221317140742348428e+00 2.299810801955430577e-17
9.229815900671425766e+00 2.294460589444541941e-17
9.238322493420822568e+00 2.289153578379319047e-17
9.246836926209608620e+00 2.283889831920019049e-17
9.255359206263500838e+00 2.278669412721734147e-17
9.263889340814868589e+00 2.273492382973709216e-17
9.272427337102756795e+00 2.268358804438524774e-17
9.280973202372873487e+00 2.263268738491245130e-17
9.289526943877611131e+00 2.258222246158805959e-17
9.298088568876048399e+00 2.253219388158917168e-17
9.306658084633941286e+00 2.248260224939362956e-17
9.315235498423756866e+00 2.243344816717009752e-17
9.323820817524660853e+00 2.238473223516899209e-17
9.332414049222517605e+00 2.233645505211325780e-17
9.341015200809925645e+00 2.228861721558749438e-17
9.349624279586180364e+00 2.224121932243039048e-17
9.358241292857327309e+00 2.219426196912213133e-17
9.366866247936137313e+00 2.214774575217768292e-17
9.375499152142110049e+00 2.210167126853329994e-17
9.384140012801513109e+00 2.205603911593944325e-17
9.392788837247341149e+00 2.201084989334975912e-17
9.401445632819367404e+00 2.196610420131050538e-17
9.410110406864125920e+00 2.192180264235190658e-17
9.418783166734909784e+00 2.187794582137882805e-17
9.427463919791804869e+00 2.183453434606079986e-17
9.436152673401666746e+00 2.179156882722295593e-17
9.444849434938147326e+00 2.174904987923695776e-17
9.453554211781701966e+00 2.170697812041378555e-17
9.462267011319571708e+00 2.166535417339444616e-17
9.470987840945820579e+00 2.162417866554311865e-17
9.479716708061312502e+00 2.158345222933970803e-17
9.488453620073746819e+00 2.154317550277276896e-17
9.497198584397649412e+00 2.150334912973406244e-17
9.505951608454363821e+00 2.146397376041363038e-17
9.514712699672095653e+00 2.142505005169367442e-17
9.523481865485873499e+00 2.138657866754577206e-17
9.532259113337595124e+00 2.134856027942693105e-17
9.541044450676018585e+00 2.131099556667781624e-17
9.549837884956749789e+00 2.127388521692083161e-17
9.558639423642285138e+00 2.123722992645948108e-17
9.567449074201983095e+00 2.120103040067977546e-17
9.576266844112097942e+00 2.116528735445090908e-17
9.585092740855774451e+00 2.113000151252801644e-17
9.593926771923038999e+00 2.109517360995682700e-17
9.602768944810842200e+00 2.106080439247840939e-17
9.611619267023025159e+00 2.102689461693557041e-17
9.620477746070356773e+00 2.099344501070057377e-17
9.629344389470530174e+00 2.096045453095478498e-17
9.638219204748152080e+00 2.092791972944971597e-17
9.647102199434785419e+00 2.089583702205335060e-17
9.655993381068910253e+00 2.086420286372937575e-17
9.664892757195973516e+00 2.083301374799338190e-17
9.673800335368376579e+00 2.080226620638057003e-17
9.682716123145462817e+00 2.077195680791866920e-17
9.691640128093565565e+00 2.074208215860744251e-17
9.700572357785970823e+00 2.071263890090596751e-17
9.709512819802958106e+00 2.068362371322654191e-17
9.718461521731796893e+00 2.065503330943489085e-17
9.727418471166730640e+00 2.062686443835717819e-17
9.736383675709024743e+00 2.059911388329439479e-17
9.745357142966925679e+00 2.057177846154050626e-17
9.754338880555714297e+00 2.054485502391031047e-17
9.763328896097682730e+00 2.051834045427090036e-17
9.772327197222137940e+00 2.049223166907973048e-17
9.781333791565437252e+00 2.046652561693013444e-17
9.790348686770954600e+00 2.044121927810023207e-17
9.799371890489123160e+00 2.041630966410980224e-17
9.808403410377430021e+00 2.039179381728170082e-17
9.817443254100403749e+00 2.036766881030883154e-17
9.826491429329649918e+00 2.034393174582742457e-17
9.835547943743844002e+00 2.032057975599551680e-17
9.844612805028727820e+00 2.029761000207553029e-17
9.853686020877143292e+00 2.027501967402365177e-17
9.862767598989004014e+00 2.025280599008427492e-17
9.871857547071332561e+00 2.023096619638848860e-17
9.880955872838256937e+00 2.020949756655801946e-17
9.890062584010998137e+00 2.018839740131483509e-17
9.899177688317918111e+00 2.016766302809458985e-17
9.908301193494475356e+00 2.014729180066553423e-17
9.917433107283274651e+00 2.012728109875174745e-17
9.926573437434059954e+00 2.010762832766096457e-17
9.935722191703696637e+00 2.008833091791695505e-17
9.944879377856226554e+00 2.006938632489769130e-17
9.954045003662820079e+00 2.005079202847507346e-17
9.963219076901829396e+00 2.003254553266226235e-17
9.972401605358774290e+00 2.001464436526217107e-17
9.981592596826335040e+00 1.999708607752358328e-17
9.990792059104393275e+00 1.997986824379757342e-17
1.000000000000000000e+01 1.996298846120170162e-17
