1.000000000000000056e-01 5.607296037928157602e+03
1.001382782584698122e-01 5.593851561623355337e+03
1.002767477257072715e-01 5.580483080381766740e+03
1.004154086661125655e-01 5.567190891502247723e+03
1.005542613444514038e-01 5.553975288456590533e+03
1.006933060258556889e-01 5.540836560964819000e+03
1.008325429758239189e-01 5.527774995070338264e+03
1.009719724602217011e-01 5.514790873215108149e+03
1.011115947452823349e-01 5.501884474314942054e+03
1.012514100976071585e-01 5.489056073834785821e+03
1.013914187841662568e-01 5.476305943863961147e+03
1.015316210722988360e-01 5.463634353191441733e+03
1.016720172297137653e-01 5.451041567381233108e+03
1.018126075244901452e-01 5.438527848847667883e+03
1.019533922250777241e-01 5.426093456930697357e+03
1.020943716002974538e-01 5.413738647971309547e+03
1.022355459193420441e-01 5.401463673970885793e+03
1.023769154517764068e-01 5.389268691985625082e+03
1.025184804675382394e-01 5.377153710307728034e+03
1.026602412369384820e-01 5.365118723545359899e+03
1.028021980306618177e-01 5.353163725906942091e+03
1.029443511197673106e-01 5.341288711238397809e+03
1.030867007756887666e-01 5.329493673060452238e+03
1.032292472702353719e-01 5.317778604605773580e+03
1.033719908755921651e-01 5.306143498856047700e+03
1.035149318643204946e-01 5.294588348578889963e+03
1.036580705093586852e-01 5.283113146364673412e+03
1.038014070840224401e-01 5.271717884663343284e+03
1.039449418620053828e-01 5.260402555821057831e+03
1.040886751173796115e-01 5.249167152116699071e+03
1.042326071245962410e-01 5.238011665798452668e+03
1.043767381584858184e-01 5.226936089120145880e+03
1.045210684942589618e-01 5.215940414377547313e+03
1.046655984075068602e-01 5.205024633944677589e+03
1.048103281742017584e-01 5.194188740309838977e+03
1.049552580706975546e-01 5.183432726111824195e+03
1.051003883737302164e-01 5.172756584175863281e+03
1.052457193604184049e-01 5.162160307549512254e+03
1.053912513082640168e-01 5.151643889538654548e+03
1.055369844951526276e-01 5.141207301288218332e+03
1.056829191993541028e-01 5.130850317649063072e+03
1.058290556995230142e-01 5.120572613712924976e+03
1.059753942746993610e-01 5.110373866641767563e+03
1.061219352043089315e-01 5.100253756523535230e+03
1.062686787681638989e-01 5.090211966358147038e+03
1.064156252464634189e-01 5.080248182043729685e+03
1.065627749197939900e-01 5.070362092362990552e+03
1.067101280691301751e-01 5.060553388969678963e+03
1.068576849758350739e-01 5.050821766375266634e+03
1.070054459216608078e-01 5.041166921935765458e+03
1.071534111887491314e-01 5.031588555838572574e+03
1.073015810596319453e-01 5.022086371089697423e+03
1.074499558172317820e-01 5.012660073500936051e+03
1.075985357448624308e-01 5.003309371677220952e+03
1.077473211262294367e-01 4.994033977004201006e+03
1.078963122454306561e-01 4.984833603635900545e+03
1.080455093869568117e-01 4.975707968482520300e+03
1.081949128356919226e-01 4.966656791198445717e+03
1.083445228769140400e-01 4.957679794170260720e+03
1.084943397962956635e-01 4.948776702505077083e+03
1.086443638799042960e-01 4.939947244018872880e+03
1.087945954142030547e-01 4.931191113086611040e+03
1.089450346860510871e-01 4.922507763982454890e+03
1.090956819827042790e-01 4.913896555434881520e+03
1.092465375918157261e-01 4.905356851126633956e+03
1.093976018014362617e-01 4.896888019945782617e+03
1.095488749000150114e-01 4.888489435920829237e+03
1.097003571764000457e-01 4.880160478156374666e+03
1.098520489198387406e-01 4.871900530769636134e+03
1.100039504199784857e-01 4.863708982827871296e+03
1.101560619668672247e-01 4.855585228286444362e+03
1.103083838509539283e-01 4.847528665927658039e+03
1.104609163630892454e-01 4.839538699300431290e+03
1.106136597945259203e-01 4.831614736660694689e+03
1.107666144369194999e-01 4.823756190912364218e+03
1.109197805823288474e-01 4.815962479549303680e+03
1.110731585232166141e-01 4.808233024597794611e+03
1.112267485524499611e-01 4.800567252559799272e+03
1.113805509633008783e-01 4.792964594356871203e+03
1.115345660494470037e-01 4.785424485274862491e+03
1.116887941049720390e-01 4.777946364909122167e+03
1.118432354243663190e-01 4.770529677110589546e+03
1.119978903025274503e-01 4.763173860779527786e+03
1.121527590347607128e-01 4.755878183276737218e+03
1.123078419167798242e-01 4.748641758922836743e+03
1.124631392447073691e-01 4.741463702481233668e+03
1.126186513150754243e-01 4.734343134761366855e+03
1.127743784248261272e-01 4.727279182527097873e+03
1.129303208713121204e-01 4.720270978406970244e+03
1.130864789522973285e-01 4.713317660805786545e+03
1.132428529659574024e-01 4.706418373818002692e+03
1.133994432108802464e-01 4.699572267142615601e+03
1.135562499860667124e-01 4.692778495999572442e+03
1.137132735909310854e-01 4.686036221047735125e+03
1.138705143253016389e-01 4.679344608304409121e+03
1.140279724894212726e-01 4.672702829066289269e+03
1.141856483839480824e-01 4.666110059831910803e+03
1.143435423099558590e-01 4.659565482225651067e+03
1.145016545689347826e-01 4.653068282923008155e+03
1.146599854627918247e-01 4.646617653577487545e+03
1.148185352938514980e-01 4.640212790748772932e+03
1.149773043648563836e-01 4.633852895832385002e+03
1.151362929789676304e-01 4.627537174990639869e+03
1.152955014397656491e-01 4.621264808995369094e+03
1.154549300512506121e-01 4.615034793307964719e+03
1.156145791178430221e-01 4.608846055110138877e+03
1.157744489443843644e-01 4.602697527474837443e+03
1.159345398361376761e-01 4.596588149448052718e+03
1.160948520987880733e-01 4.590516865964127646e+03
1.162553860384434035e-01 4.584482627763472919e+03
1.164161419616347171e-01 4.578484391312783373e+03
1.165771201753170033e-01 4.572521118727533576e+03
1.167383209868696897e-01 4.566591777696936333e+03
1.168997447040972248e-01 4.560695341411131267e+03
1.170613916352297307e-01 4.554830788490789018e+03
1.172232620889234467e-01 4.548997102918945529e+03
1.173853563742615069e-01 4.543193273975143711e+03
1.175476748007544120e-01 4.537418296171808834e+03
1.177102176783406534e-01 4.531671169192860361e+03
1.178729853173873104e-01 4.525950897834521129e+03
1.180359780286905635e-01 4.520256491948340226e+03
1.181991961234764438e-01 4.514586966386417771e+03
1.183626399134012908e-01 4.508941340948666948e+03
1.185263097105524327e-01 4.503318628010371867e+03
1.186902058274487415e-01 4.497717729649595640e+03
1.188543285770411739e-01 4.492137490522846747e+03
1.190186782727134934e-01 4.486576760346299125e+03
1.191832552282827834e-01 4.481034394485997836e+03
1.193480597580000718e-01 4.475509253910881853e+03
1.195130921765509696e-01 4.470000205148792702e+03
1.196783527990561147e-01 4.464506120245481725e+03
1.198438419410720046e-01 4.459025876726268507e+03
1.200095599185914269e-01 4.453558357560676995e+03
1.201755070480441390e-01 4.448102451129831024e+03
1.203416836462974371e-01 4.442657051196607426e+03
1.205080900306568087e-01 4.437221056878635864e+03
1.206747265188664320e-01 4.431793372623916184e+03
1.208415934291099253e-01 4.426372908189220652e+03
1.210086910800108606e-01 4.420958578621228298e+03
1.211760197906334019e-01 4.415549304240197671e+03
1.213435798804829158e-01 4.410144010626453564e+03
1.215113716695065960e-01 4.404741628609328473e+03
1.216793954780939768e-01 4.399341094217425052e+03
1.218476516270776688e-01 4.393941329765638329e+03
1.220161404377339553e-01 4.388541214046897949e+03
1.221848622317833200e-01 4.383139623653763920e+03
1.223538173313911959e-01 4.377735440784152161e+03
1.225230060591683684e-01 4.372327553246504067e+03
1.226924287381718492e-01 4.366914854467655459e+03
1.228620856919053067e-01 4.361496243503679580e+03
1.230319772443197457e-01 4.356070625053430376e+03
1.232021037198142016e-01 4.350636909474806089e+03
1.233724654432361151e-01 4.345194012803867736e+03
1.235430627398822895e-01 4.339740856776529654e+03
1.237138959354992657e-01 4.334276368852993983e+03
1.238849653562840158e-01 4.328799482244881801e+03
1.240562713288846375e-01 4.323309135944894479e+03
1.242278141804007974e-01 4.317804274759161672e+03
1.243995942383845643e-01 4.312283849342129542e+03
1.245716118308409226e-01 4.306746816233982827e+03
1.247438672862283687e-01 4.301192137900606212e+03
1.249163609334596886e-01 4.295618782781748450e+03
1.250890931019023322e-01 4.290025738055397596e+03
1.252620641213793296e-01 4.284412036622928099e+03
1.254352743221696931e-01 4.278776724951797405e+03
1.256087240350092227e-01 4.273118855351835009e+03
1.257824135910910190e-01 4.267437486026200531e+03
1.259563433220660666e-01 4.261731681124495481e+03
1.261305135600440663e-01 4.256000510797806783e+03
1.263049246375939072e-01 4.250243051255890350e+03
1.264795768877443882e-01 4.244458384826166366e+03
1.266544706439847456e-01 4.238645600014749107e+03
1.268296062402654301e-01 4.232803791569419445e+03
1.270049840109985784e-01 4.226932060544367232e+03
1.271806042910588463e-01 4.221029514366867261e+03
1.273564674157838805e-01 4.215095266905814242e+03
1.275325737209750954e-01 4.209128438541947617e+03
1.277089235428982006e-01 4.203128156239978125e+03
1.278855172182838951e-01 4.197093553622266882e+03
1.280623550843284220e-01 4.191023771044450768e+03
1.282394374786944569e-01 4.184917959178146702e+03
1.284167647395114686e-01 4.178775354201452501e+03
1.285943372053765521e-01 4.172595276271719740e+03
1.287721552153549553e-01 4.166377054927500467e+03
1.289502191089808014e-01 4.160120025851963874e+03
1.291285292262576989e-01 4.153823530942005164e+03
1.293070859076594359e-01 4.147486918378117480e+03
1.294858894941305905e-01 4.141109542695321579e+03
1.296649403270872525e-01 4.134690764854828558e+03
1.298442387484174676e-01 4.128229952316602066e+03
1.300237851004821532e-01 4.121726479112641755e+03
1.302035797261156258e-01 4.115179725921136196e+03
1.303836229686262393e-01 4.108589080141318846e+03
1.305639151717971347e-01 4.101953935969023405e+03
1.307444566798866836e-01 4.095273694472976786e+03
1.309252478376294604e-01 4.088547763671722805e+03
1.311062889902366024e-01 4.081775558611194356e+03
1.312875804833966986e-01 4.074956501442881290e+03
1.314691226632763166e-01 4.068090024299436209e+03
1.316509158765206411e-01 4.061175680650617323e+03
1.318329604702542235e-01 4.054213181751151751e+03
1.320152567920817033e-01 4.047202254844797153e+03
1.321978051900882245e-01 4.040142632712367231e+03
1.323806060128404349e-01 4.033034053718438372e+03
1.325636596093867636e-01 4.025876261858066300e+03
1.327469663292584479e-01 4.018669006803222601e+03
1.329305265224700605e-01 4.011412043949113468e+03
1.331143405395200652e-01 4.004105134460336103e+03
1.332984087313917043e-01 3.996748045316784555e+03
1.334827314495534156e-01 3.989340549359449142e+03
1.336673090459598312e-01 3.981882425335796597e+03
1.338521418730520274e-01 3.974373457945143855e+03
1.340372302837586349e-01 3.966813437883532970e+03
1.342225746314961721e-01 3.959202161888498722e+03
1.344081752701699606e-01 3.951539432783490156e+03
1.345940325541746252e-01 3.943825059521920593e+03
1.347801468383948154e-01 3.936058878256645130e+03
1.349665184782060101e-01 3.928240933226428297e+03
1.351531478294749899e-01 3.920371385780100354e+03
1.353400352485607250e-01 3.912450402067172490e+03
1.355271810923148745e-01 3.904478151799300122e+03
1.357145857180825643e-01 3.896454808247583969e+03
1.359022494837030248e-01 3.888380548239611926e+03
1.360901727475103962e-01 3.880255552156014346e+03
1.362783558683342000e-01 3.872080003926719201e+03
1.364667992055002554e-01 3.863854091026675633e+03
1.366555031188310954e-01 3.855578004471334680e+03
1.368444679686469934e-01 3.847251938811614764e+03
1.370336941157662969e-01 3.838876092128517939e+03
1.372231819215064264e-01 3.830450666027331863e+03
1.374129317476843748e-01 3.821975865631407487e+03
1.376029439566173740e-01 3.813451899575633433e+03
1.377932189111237826e-01 3.804878979999310104e+03
1.379837569745235581e-01 3.796257329059561471e+03
1.381745585106391450e-01 3.787587345710228419e+03
1.383656238837960295e-01 3.778869617973714412e+03
1.385569534588234342e-01 3.770104743258234521e+03
1.387485476010551222e-01 3.761293318885915596e+03
1.389404066763300083e-01 3.752435942037352561e+03
1.391325310509929081e-01 3.743533209696615813e+03
1.393249210918952041e-01 3.734585718596698825e+03
1.395175771663955122e-01 3.725594065165376833e+03
1.397104996423604861e-01 3.716558845471492077e+03
1.399036888881654006e-01 3.707480655171687431e+03
1.400971452726949840e-01 3.698360089457599315e+03
1.402908691653440010e-01 3.689197743003478536e+03
1.404848609360179745e-01 3.679994209914246767e+03
1.406791209551340460e-01 3.670750083674060988e+03
1.408736495936214472e-01 3.661465957095289923e+03
1.410684472229223607e-01 3.652142422267949314e+03
1.412635142149926137e-01 3.642780085911638253e+03
1.414588509423023721e-01 3.633379765922236402e+03
1.416544577778368064e-01 3.623942431269135795e+03
1.418503350950968689e-01 3.614469049494947285e+03
1.420464832680999323e-01 3.604960583098913048e+03
1.422429026713806777e-01 3.595417989453463633e+03
1.424395936799915663e-01 3.585842220722690399e+03
1.426365566695037557e-01 3.576234223783088055e+03
1.428337920160076546e-01 3.566594940146331737e+03
1.430313000961137837e-01 3.556925305884087720e+03
1.432290812869534136e-01 3.547226251554963710e+03
1.434271359661793144e-01 3.537498702133475490e+03
1.436254645119665052e-01 3.527743576941080846e+03
1.438240673030128092e-01 3.517961789579234392e+03
1.440229447185398526e-01 3.508154247864469653e+03
1.442220971382935923e-01 3.498321853765517972e+03
1.444215249425450653e-01 3.488465503561712467e+03
1.446212285120911933e-01 3.478586177605090143e+03
1.448212082282553381e-01 3.468685076913273406e+03
1.450214644728883007e-01 3.458763428243551061e+03
1.452219976283688208e-01 3.448822448156230166e+03
1.454228080776044096e-01 3.438863342945515342e+03
1.456238962040320439e-01 3.428887308574365761e+03
1.458252623916188595e-01 3.418895530613329811e+03
1.460269070248630119e-01 3.408889184183264661e+03
1.462288304887943147e-01 3.398869433901905268e+03
1.464310331689749889e-01 3.388837433834212334e+03
1.466335154515004402e-01 3.378794327446531952e+03
1.468362777229998140e-01 3.368741247564424611e+03
1.470393203706370777e-01 3.358679316334144005e+03
1.472426437821114376e-01 3.348609645187759270e+03
1.474462483456582262e-01 3.338533334811828354e+03
1.476501344500497082e-01 3.328451475127424146e+03
1.478543024845955511e-01 3.318365199967564877e+03
1.480587528391439645e-01 3.308275816677417879e+03
1.482634859040820319e-01 3.298184657907325800e+03
1.484685020703368219e-01 3.288093042055489150e+03
1.486738017293759151e-01 3.278002273258255173e+03
1.488793852732081258e-01 3.267913641385519895e+03
1.490852530943845289e-01 3.257828422041236990e+03
1.492914055859987377e-01 3.247747876568859283e+03
1.494978431416881526e-01 3.237673252061660151e+03
1.497045661556344054e-01 3.227605781377891162e+03
1.499115750225641919e-01 3.217546683160569955e+03
1.501188701377501045e-01 3.207497161861954282e+03
1.503264518970111319e-01 3.197458407772529426e+03
1.505343206967137692e-01 3.187431597054385747e+03
1.507424769337725456e-01 3.177417891779030924e+03
1.509509210056508011e-01 3.167418440900265523e+03
1.511596533103616025e-01 3.157434447830234603e+03
1.513686742464681600e-01 3.147467215022264099e+03
1.515779842130850208e-01 3.137518039489132661e+03
1.517875836098785125e-01 3.127588201966993438e+03
1.519974728370676598e-01 3.117678966990863955e+03
1.522076522954249056e-01 3.107791582975225083e+03
1.524181223862768053e-01 3.097927282299776834e+03
1.526288835115049147e-01 3.088087281400022221e+03
1.528399360735465395e-01 3.078272780862730087e+03
1.530512804753954015e-01 3.068484965526097312e+03
1.532629171206025542e-01 3.058725004584526232e+03
1.534748464132769663e-01 3.048994051697852228e+03
1.536870687580864370e-01 3.039293245104985999e+03
1.538995845602584289e-01 3.029623707741813632e+03
1.541123942255806234e-01 3.019986547363267164e+03
1.543254981604019194e-01 3.010382861013638376e+03
1.545388967716329609e-01 3.000813754753059584e+03
1.547525904667472474e-01 2.991280327729729834e+03
1.549665796537815776e-01 2.981783663985614112e+03
1.551808647413370490e-01 2.972324832594800682e+03
1.553954461385797792e-01 2.962904887813386722e+03
1.556103242552415722e-01 2.953524869233131994e+03
1.558254995016209732e-01 2.944185801938601344e+03
1.560409722885836847e-01 2.934888696667940167e+03
1.562567430275637048e-01 2.925634549977003189e+03
1.564728121305639097e-01 2.916424344406796990e+03
1.566891800101567478e-01 2.907259048654171693e+03
1.569058470794854332e-01 2.898139617745614032e+03
1.571228137522642510e-01 2.889066993214134527e+03
1.573400804427796396e-01 2.880042103279068215e+03
1.575576475658909126e-01 2.871065857326688729e+03
1.577755155370310081e-01 2.862139109814160747e+03
1.579936847722074322e-01 2.853262684225338944e+03
1.582121556880027036e-01 2.844437392204480147e+03
1.584309287015756296e-01 2.835664033827208186e+03
1.586500042306616953e-01 2.826943397783699766e+03
1.588693826935741460e-01 2.818276261563863955e+03
1.590890645092045974e-01 2.809663391644503463e+03
1.593090500970238133e-01 2.801105543678389495e+03
1.595293398770827875e-01 2.792603462685167869e+03
1.597499342700131886e-01 2.784157883244069581e+03
1.599708336970284139e-01 2.775769529688363036e+03
1.601920385799243396e-01 2.767439116301475678e+03
1.604135493410799584e-01 2.759167347514742232e+03
1.606353664034584072e-01 2.750954918106627247e+03
1.608574901906076882e-01 2.742802470998569333e+03
1.610799211266615016e-01 2.734710478960772889e+03
1.613026596363400234e-01 2.726679369709452658e+03
1.615257061449506537e-01 2.718709564910099743e+03
1.617490610783889338e-01 2.710801480328492289e+03
1.619727248631394056e-01 2.702955525982141353e+03
1.621966979262762509e-01 2.695172106292151966e+03
1.624209806954642621e-01 2.687451620235387054e+03
1.626455735989595364e-01 2.679794461497067914e+03
1.628704770656104195e-01 2.672201018623698928e+03
1.630956915248581995e-01 2.664671675176338340e+03
1.633212174067380784e-01 2.657206809884215545e+03
1.635470551418798379e-01 2.649806796798646701e+03
1.637732051615086726e-01 2.642472005447313677e+03
1.639996678974461886e-01 2.635202792544771910e+03
1.642264437821110423e-01 2.627999339845237955e+03
1.644535332485198564e-01 2.620861668385884968e+03
1.646809367302880245e-01 2.613789792888991542e+03
1.649086546616303772e-01 2.606783727920568708e+03
1.651366874773625149e-01 2.599843487958838978e+03
1.653650356129009458e-01 2.592969087462486186e+03
1.655936995042644466e-01 2.586160540938828035e+03
1.658226795880746451e-01 2.579417863011723966e+03
1.660519763015570194e-01 2.572741068489477584e+03
1.662815900825415361e-01 2.566130172432475320e+03
1.665115213694635943e-01 2.559585190220764616e+03
1.667417706013648582e-01 2.553106137621540256e+03
1.669723382178941451e-01 2.546693030856409223e+03
1.672032246593081750e-01 2.540345884537812708e+03
1.674344303664724587e-01 2.534064576978558762e+03
1.676659557808620749e-01 2.527848771263958952e+03
1.678978013445625861e-01 2.521698115338293974e+03
1.681299675002709548e-01 2.515612261471872898e+03
1.683624546912961817e-01 2.509590866231384098e+03
1.685952633615603602e-01 2.503633590450603606e+03
1.688283939555993152e-01 2.497740099201562771e+03
1.690618469185636574e-01 2.491910061766148374e+03
1.692956226962195609e-01 2.486143151608044718e+03
1.695297217349494845e-01 2.480439046345172756e+03
1.697641444817533374e-01 2.474797427722480734e+03
1.699988913842488680e-01 2.469217981585151392e+03
1.702339628906729962e-01 2.463700397852237074e+03
1.704693594498823406e-01 2.458244365931653192e+03
1.707050815113542730e-01 2.452849395193160035e+03
1.709411295251876961e-01 2.447514757734190425e+03
1.711775039421037370e-01 2.442239716676737771e+03
1.714142052134469685e-01 2.437023542815979908e+03
1.716512337911859920e-01 2.431865514489399629e+03
1.718885901279143813e-01 2.426764917448035249e+03
1.721262746768515983e-01 2.421721044729924415e+03
1.723642878918437149e-01 2.416733196535645220e+03
1.726026302273644397e-01 2.411800680105885476e+03
1.728413021385159232e-01 2.406922809601137033e+03
1.730803040810295901e-01 2.402098905983321856e+03
1.733196365112671389e-01 2.397328296899428551e+03
1.735592998862210690e-01 2.392610316567085192e+03
1.737992946635161517e-01 2.387944283090323097e+03
1.740396213014096805e-01 2.383329308445956485e+03
1.742802802587927191e-01 2.378764395935257653e+03
1.745212719951908797e-01 2.374248556419578108e+03
1.747625969707651827e-01 2.369780809360624062e+03
1.750042556463130006e-01 2.365360182647979855e+03
1.752462484832687795e-01 2.360985712430662261e+03
1.754885759437051218e-01 2.356656442952608813e+03
1.757312384903335356e-01 2.352371426392222929e+03
1.759742365865053781e-01 2.348129722705605673e+03
1.762175706962127997e-01 2.343930399473766556e+03
1.764612412840893263e-01 2.339772531753482326e+03
1.767052488154111645e-01 2.335655201931874672e+03
1.769495937560978394e-01 2.331577497730351752e+03
1.771942765727131663e-01 2.327538383640184747e+03
1.774392977324661391e-01 2.323536618480957713e+03
1.776846577032116514e-01 2.319570950407111468e+03
1.779303569534516904e-01 2.315640136657046696e+03
1.781763959523360308e-01 2.311742943376931180e+03
1.784227751696632058e-01 2.307878145451049932e+03
1.786694950758813405e-01 2.304044526338770993e+03
1.789165561420890671e-01 2.300240877917888156e+03
1.791639588400365246e-01 2.296466000334380169e+03
1.794117036421260802e-01 2.292718701858445911e+03
1.796597910214134119e-01 2.288997798746731860e+03
1.799082214516083689e-01 2.285302115110730483e+03
1.801569954070756097e-01 2.281630482884260346e+03
1.804061133628361013e-01 2.277981789485129411e+03
1.806555757945672858e-01 2.274355055232797895e+03
1.809053831786046340e-01 2.270749327124880892e+03
1.811555359919421737e-01 2.267163658233100705e+03
1.814060347122334327e-01 2.263597107621947998e+03
1.816568798177926880e-01 2.260048740271348834e+03
1.819080717875953268e-01 2.256517627003152938e+03
1.821596111012792063e-01 2.253002844411515980e+03
1.824114982391454864e-01 2.249503474797003946e+03
1.826637336821592128e-01 2.246018606104481023e+03
1.829163179119508709e-01 2.242547331864719581e+03
1.831692514108166081e-01 2.239088751139648139e+03
1.834225346617196772e-01 2.235641967758393548e+03
1.836761681482911301e-01 2.232205953666203641e+03
1.839301523548306228e-01 2.228779387536616923e+03
1.841844877663077751e-01 2.225360916579939840e+03
1.844391748683625598e-01 2.221949196224863954e+03
1.846942141473066068e-01 2.218542890074128081e+03
1.849496060901240635e-01 2.215140669868201712e+03
1.852053511844722056e-01 2.211741215456991995e+03
1.854614499186830190e-01 2.208343214779459686e+03
1.857179027817634220e-01 2.204945363851010825e+03
1.859747102633967086e-01 2.201546366758658678e+03
1.862318728539432422e-01 2.198144935663846354e+03
1.864893910444413438e-01 2.194739790812796400e+03
1.867472653266085969e-01 2.191329659445229026e+03
1.870054961928422077e-01 2.187913251484743796e+03
1.872640841362205044e-01 2.184489259781664259e+03
1.875230296505034921e-01 2.181056384611844805e+03
1.877823332301340187e-01 2.177613334834889429e+03
1.880419953702386904e-01 2.174158827951352123e+03
1.883020165666285106e-01 2.170691590167527011e+03
1.885623973158003785e-01 2.167210356467714973e+03
1.888231381149375887e-01 2.163713870693839453e+03
1.890842394619109690e-01 2.160200885632407335e+03
1.893457018552798243e-01 2.156670163108579345e+03
1.896075257942926862e-01 2.153120474087374987e+03
1.898697117788887834e-01 2.149550598781947429e+03
1.901322603096982644e-01 2.145959395854100421e+03
1.903951718880438071e-01 2.142345999066570585e+03
1.906584470159412292e-01 2.138709613564597021e+03
1.909220861961004045e-01 2.135049451485004283e+03
1.911860899319266505e-01 2.131364732048547921e+03
1.914504587275210334e-01 2.127654681655106742e+03
1.917151930876818955e-01 2.123918533981461678e+03
1.919802935179056314e-01 2.120155530081728102e+03
1.922457605243873546e-01 2.116364918490395212e+03
1.925115946140225631e-01 2.112545955327784213e+03
1.927777962944073054e-01 2.108697904408017166e+03
1.930443660738396794e-01 2.104820037349324139e+03
1.933113044613206932e-01 2.100911646897466653e+03
1.935786119665550420e-01 2.096972154111032069e+03
1.938462890999524679e-01 2.093001051507644206e+03
1.941143363726282323e-01 2.088997838955131556e+03
1.943827542964045307e-01 2.084962023148126264e+03
1.946515433838112707e-01 2.080893117698440619e+03
1.949207041480869596e-01 2.076790643226257998e+03
1.951902371031800643e-01 2.072654127452153716e+03
1.954601427637494282e-01 2.068483105289728428e+03
1.957304216451657419e-01 2.064277118939028242e+03
1.960010742635123482e-01 2.060035717980504614e+03
1.962721011355859912e-01 2.055758459469593618e+03
1.965435027788984268e-01 2.051444927426974118e+03
1.968152797116766439e-01 2.047094940332965734e+03
1.970874324528644472e-01 2.042708469364770508e+03
1.973599615221231229e-01 2.038285492613464385e+03
1.976328674398325769e-01 2.033825992599093752e+03
1.979061507270923892e-01 2.029329956294468275e+03
1.981798119057224250e-01 2.024797375148401443e+03
1.984538514982644164e-01 2.020228245108426790e+03
1.987282700279824621e-01 2.015622566642942274e+03
1.990030680188643319e-01 2.010980344762803497e+03
1.992782459956223551e-01 2.006301589042308706e+03
1.995538044836942249e-01 2.001586313639613309e+03
1.998297440092445809e-01 1.996834572097058981e+03
2.001060650991652312e-01 1.992046686377924743e+03
2.003827682810768174e-01 1.987223101359836846e+03
2.006598540833295363e-01 1.982364263081287163e+03
2.009373230350039730e-01 1.977470618038865950e+03
2.012151756659126822e-01 1.972542613130088512e+03
2.014934125066004666e-01 1.967580695596671603e+03
2.017720340883459584e-01 1.962585312968140897e+03
2.020510409431624799e-01 1.957556913005878869e+03
2.023304336037987650e-01 1.952495943647579224e+03
2.026102126037405693e-01 1.947402852952096055e+03
2.028903784772109753e-01 1.942278089122342408e+03
2.031709317591720576e-01 1.937122181532970444e+03
2.034518729853255770e-01 1.931935892902595469e+03
2.037332026921138406e-01 1.926720024460583772e+03
2.040149214167213121e-01 1.921475373370356010e+03
2.042970296970748889e-01 1.916202732625046337e+03
2.045795280718455678e-01 1.910902890945889112e+03
2.048624170804491107e-01 1.905576632683331582e+03
2.051456972630470443e-01 1.900224737720918029e+03
2.054293691605481864e-01 1.894847981381790532e+03
2.057134333146089233e-01 1.889447134337978696e+03
2.059978902676347923e-01 1.884022962522305761e+03
2.062827405627814803e-01 1.878576239867997401e+03
2.065679847439554351e-01 1.873107917222692549e+03
2.068536233558156134e-01 1.867619073204563847e+03
2.071396569437737312e-01 1.862110780676086506e+03
2.074260860539959006e-01 1.856584103391512826e+03
2.077129112334034633e-01 1.851040095894944443e+03
2.080001330296739337e-01 1.845479803424115062e+03
2.082877519912423037e-01 1.839904261819796830e+03
2.085757686673017086e-01 1.834314497440767127e+03
2.088641836078048708e-01 1.828711527084255295e+03
2.091529973634649042e-01 1.823096357911833820e+03
2.094422104857565081e-01 1.817469988294701579e+03
2.097318235269169384e-01 1.811833479460509579e+03
2.100218370399468681e-01 1.806188005853170580e+03
2.103122515786120805e-01 1.800534741689180009e+03
2.106030676974436078e-01 1.794874848626015137e+03
2.108942859517396184e-01 1.789209475713777010e+03
2.111859068975660836e-01 1.783539759354096759e+03
2.114779310917576371e-01 1.777866823266246229e+03
2.117703590919193801e-01 1.772191778460226715e+03
2.120631914564269360e-01 1.766515723216853530e+03
2.123564287444283660e-01 1.760839743074606304e+03
2.126500715158448906e-01 1.755164910885814152e+03
2.129441203313717501e-01 1.749492312748438508e+03
2.132385757524798697e-01 1.743823087513365181e+03
2.135334383414162207e-01 1.738158370376265111e+03
2.138287086612054300e-01 1.732499282499057699e+03
2.141243872756506683e-01 1.726846931039440960e+03
2.144204747493345387e-01 1.721202409187563489e+03
2.147169716476206580e-01 1.715566796209678159e+03
2.150138785366541017e-01 1.709941157498636130e+03
2.153111959833629852e-01 1.704326544631030174e+03
2.156089245554593525e-01 1.698723995430925470e+03
2.159070648214400645e-01 1.693134534058794770e+03
2.162056173505884638e-01 1.687559176235173481e+03
2.165045827129747635e-01 1.681998936214788728e+03
2.168039614794576020e-01 1.676454816327813205e+03
2.171037542216849858e-01 1.670927805314362558e+03
2.174039615120952618e-01 1.665418878426481115e+03
2.177045839239185876e-01 1.659928997535896315e+03
2.180056220311775428e-01 1.654459111247346073e+03
2.183070764086885163e-01 1.649010155017402212e+03
2.186089476320628167e-01 1.643583051278527137e+03
2.189112362777075882e-01 1.638178709568408522e+03
2.192139429228271985e-01 1.632798026129368964e+03
2.195170681454238770e-01 1.627441859886851717e+03
2.198206125242993525e-01 1.622111023132281616e+03
2.201245766390556025e-01 1.616806314039595691e+03
2.204289610700961299e-01 1.611528519408525199e+03
2.207337663986269904e-01 1.606278414811099083e+03
2.210389932066577912e-01 1.601056764741864299e+03
2.213446420770031897e-01 1.595864322771646812e+03
2.216507135932835049e-01 1.590701831704826191e+03
2.219572083399261875e-01 1.585570023739998760e+03
2.222641269021669030e-01 1.580469620633885597e+03
2.225714698660502811e-01 1.575401326004313432e+03
2.228792378184317746e-01 1.570365758246223095e+03
2.231874313469778826e-01 1.565363485107217684e+03
2.234960510401679812e-01 1.560395065698968210e+03
2.238050974872951571e-01 1.555461051104482294e+03
2.241145712784672062e-01 1.550561984530894506e+03
2.244244730046081882e-01 1.545698401464098879e+03
2.247348032574590093e-01 1.540870829825010333e+03
2.250455626295789768e-01 1.536079790127527303e+03
2.253567517143467980e-01 1.531325795638102363e+03
2.256683711059614683e-01 1.526609352155760462e+03
2.259804213994440203e-01 1.521930898964976450e+03
2.262929031906379118e-01 1.517290745789367293e+03
2.266058170762106638e-01 1.512689182620078782e+03
2.269191636536549983e-01 1.508126495373326861e+03
2.272329435212894488e-01 1.503602966006304086e+03
2.275471572782604424e-01 1.499118872633348019e+03
2.278618055245423824e-01 1.494674489642556182e+03
2.281768888609395640e-01 1.490270087812679094e+03
2.284924078890871180e-01 1.485905934430353682e+03
2.288083632114518151e-01 1.481582293407693214e+03
2.291247554313339541e-01 1.477299399341436811e+03
2.294415851528676109e-01 1.473057334339132012e+03
2.297588529810224989e-01 1.468856126174985775e+03
2.300765595216048565e-01 1.464695802209457270e+03
2.303947053812585855e-01 1.460576389511068328e+03
2.307132911674664999e-01 1.456497914910823511e+03
2.310323174885512421e-01 1.452460405056564014e+03
2.313517849536768367e-01 1.448463886467169232e+03
2.316716941728496071e-01 1.444508385586651912e+03
2.319920457569193128e-01 1.440593928838186685e+03
2.323128403175805379e-01 1.436720524528231635e+03
2.326340784673734119e-01 1.432887980335924112e+03
2.329557608196853868e-01 1.429095981491326938e+03
2.332778879887519308e-01 1.425344215093990442e+03
2.336004605896579434e-01 1.421632371977977073e+03
2.339234792383388106e-01 1.417960146668352991e+03
2.342469445515815152e-01 1.414327237338262876e+03
2.345708571470262460e-01 1.410733345766604998e+03
2.348952176431668426e-01 1.407178177296306330e+03
2.352200266593526823e-01 1.403661440793135171e+03
2.355452848157895129e-01 1.400182838299951982e+03
2.358709927335404799e-01 1.396741933851820704e+03
2.361971510345279024e-01 1.393338193600485511e+03
2.365237603415337453e-01 1.389971087176136507e+03
2.368508212782013400e-01 1.386640089921483877e+03
2.371783344690363282e-01 1.383344682788444061e+03
2.375063005394077442e-01 1.380084352236767018e+03
2.378347201155497637e-01 1.376858590134534552e+03
2.381635938245620920e-01 1.373666893660582673e+03
2.384929222944117966e-01 1.370508765208717023e+03
2.388227061539343055e-01 1.367383689602693039e+03
2.391529460328343792e-01 1.364290923963053046e+03
2.394836425616878872e-01 1.361229595883144384e+03
2.398147963719422515e-01 1.358198839505845854e+03
2.401464080959182790e-01 1.355197797115607955e+03
2.404784783668111603e-01 1.352225618970191363e+03
2.408110078186914138e-01 1.349281463137774381e+03
2.411439970865067728e-01 1.346364495339299765e+03
2.414774468060824630e-01 1.343473888796026813e+03
2.418113576141232846e-01 1.340608824082154797e+03
2.421457301482142777e-01 1.337768469006311079e+03
2.424805650468222218e-01 1.334951895541384147e+03
2.428158629492967735e-01 1.332158150479877349e+03
2.431516244958714934e-01 1.329386288694301356e+03
2.434878503276654282e-01 1.326635373006390864e+03
2.438245410866841101e-01 1.323904474046713403e+03
2.441616974158207776e-01 1.321192670120869707e+03
2.444993199588577637e-01 1.318499047082075094e+03
2.448374093604673840e-01 1.315822698210140516e+03
2.451759662662136297e-01 1.313162723634314489e+03
2.455149913225530833e-01 1.310518179609187655e+03
2.458544851768361961e-01 1.307888033348140880e+03
2.461944484773087027e-01 1.305271249512515396e+03
2.465348818731123992e-01 1.302666800930029467e+03
2.468757860142871963e-01 1.300073668497285780e+03
2.472171615517713972e-01 1.297490841090339472e+03
2.475590091374036961e-01 1.294917315483097354e+03
2.479013294239240661e-01 1.292352096273559937e+03
2.482441230649748976e-01 1.289794195817750960e+03
2.485873907151028572e-01 1.287242634425202368e+03
2.489311330297592495e-01 1.284696442406610004e+03
2.492753506653019591e-01 1.282154658932676512e+03
2.496200442789965057e-01 1.279616330724651789e+03
2.499652145290169880e-01 1.277080512012510781e+03
2.503108620744480817e-01 1.274546264512868447e+03
2.506569875752853727e-01 1.272012657413881925e+03
2.510035916924374111e-01 1.269478767366947295e+03
2.513506750877264051e-01 1.266943678485170039e+03
2.516982384238897752e-01 1.264406483101311551e+03
2.520462823645815420e-01 1.261866328577932791e+03
2.523948075743732145e-01 1.259322444407559260e+03
2.527438147187552886e-01 1.256774073218655303e+03
2.530933044641385798e-01 1.254220464133338510e+03
2.534432774778552222e-01 1.251660872796700687e+03
2.537937344281604446e-01 1.249094561410564438e+03
2.541446759842331815e-01 1.246520798771591899e+03
2.544961028161779604e-01 1.243938860313695614e+03
2.548480155950257342e-01 1.241348028155806560e+03
2.552004149927353249e-01 1.238747609410118685e+03
2.555533016821950887e-01 1.236136982096642896e+03
2.559066763372233044e-01 1.233515544517647186e+03
2.562605396325703944e-01 1.230882701056880251e+03
2.566148922439196456e-01 1.228237862236046567e+03
2.569697348478887089e-01 1.225580444773985619e+03
2.573250681220309311e-01 1.222909871648580520e+03
2.576808927448362985e-01 1.220225572161307809e+03
2.580372093957333246e-01 1.217526982004350202e+03
2.583940187550898271e-01 1.214813580058858861e+03
2.587513215042144821e-01 1.212085065042434280e+03
2.591091183253582120e-01 1.209341217037000206e+03
2.594674099017149071e-01 1.206581819906883993e+03
2.598261969174238128e-01 1.203806661226932874e+03
2.601854800575695292e-01 1.201015532316564304e+03
2.605452600081844539e-01 1.198208228273963869e+03
2.609055374562494478e-01 1.195384548010475783e+03
2.612663130896951680e-01 1.192544294285142314e+03
2.616275875974039544e-01 1.189687281706966132e+03
2.619893616692102190e-01 1.186813383181334757e+03
2.623516359959025546e-01 1.183922497726475740e+03
2.627144112692248457e-01 1.181014527583349491e+03
2.630776881818770452e-01 1.178089378159838134e+03
2.634414674275176171e-01 1.175146958052985838e+03
2.638057497007637031e-01 1.172187179071041783e+03
2.641705356971931762e-01 1.169209956255292354e+03
2.645358261133456401e-01 1.166215207901698705e+03
2.649016216467238172e-01 1.163202890770540762e+03
2.652679229957952689e-01 1.160173164011597692e+03
2.656347308599928958e-01 1.157126257808997934e+03
2.660020459397170467e-01 1.154062402518833551e+03
2.663698689363366290e-01 1.150981828564169518e+03
2.667382005521899968e-01 1.147884766410322754e+03
2.671070414905873380e-01 1.144771446540301895e+03
2.674763924558107853e-01 1.141642099430428971e+03
2.678462541531165253e-01 1.138496955531575168e+03
2.682166272887361314e-01 1.135336287901272726e+03
2.685875125698773958e-01 1.132160514275471542e+03
2.689589107047264394e-01 1.128970081045977395e+03
2.693308224024483222e-01 1.125765431983680855e+03
2.697032483731888197e-01 1.122547008188461859e+03
2.700761893280757553e-01 1.119315248040602455e+03
2.704496459792202767e-01 1.116070587153628139e+03
2.708236190397181331e-01 1.112813458328637125e+03
2.711981092236511737e-01 1.109544292556524169e+03
2.715731172460886800e-01 1.106263582720957174e+03
2.719486438230887537e-01 1.102971919412825628e+03
2.723246896716995935e-01 1.099669897087904474e+03
2.727012555099609936e-01 1.096358105056239992e+03
2.730783420569053987e-01 1.093037127430824739e+03
2.734559500325599579e-01 1.089707543079230391e+03
2.738340801579470241e-01 1.086369925578179391e+03
2.742127331550862634e-01 1.083024843170965596e+03
2.745919097469956549e-01 1.079672874429309104e+03
2.749716106576927110e-01 1.076314749422231898e+03
2.753518366121966432e-01 1.072951281009808326e+03
2.757325883365285835e-01 1.069583274363279543e+03
2.761138665577140827e-01 1.066211525823663578e+03
2.764956720037837767e-01 1.062836822869735443e+03
2.768780054037749405e-01 1.059459944091834132e+03
2.772608674877332646e-01 1.056081659171318279e+03
2.776442589867136324e-01 1.052702728983781526e+03
2.780281806327818406e-01 1.049323934278092793e+03
2.784126331590162096e-01 1.045946112556084699e+03
2.787976172995083601e-01 1.042570100384862826e+03
2.791831337893654896e-01 1.039196724059794178e+03
2.795691833647108715e-01 1.035826799620090696e+03
2.799557667626858537e-01 1.032461132870868369e+03
2.803428847214511910e-01 1.029100519411521191e+03
2.807305379801879330e-01 1.025745744670282193e+03
2.811187272790999225e-01 1.022397585856156752e+03
2.815074533594139616e-01 1.019056825629428431e+03
2.818967169633820324e-01 1.015724243964273910e+03
2.822865188342826293e-01 1.012400610586297603e+03
2.826768597164216468e-01 1.009086684986766159e+03
2.830677403551347671e-01 1.005783216494353496e+03
2.834591614967876816e-01 1.002490944352547331e+03
2.838511238887785337e-01 9.992105978025053901e+02
2.842436282795389180e-01 9.959428965217648511e+02
2.846366754185352677e-01 9.926885608629783064e+02
2.850302660562704649e-01 9.894483133610278855e+02
2.854244009442848951e-01 9.862228672990064524e+02
2.858190808351585566e-01 9.830129261475126441e+02
2.862143064825118377e-01 9.798191836817402418e+02
2.866100786410072931e-01 9.766423241034743796e+02
2.870063980663510872e-01 9.734830221678411135e+02
2.874032655152940485e-01 9.703419429153877900e+02
2.878006817456340571e-01 9.672196741683802657e+02
2.881986475162161554e-01 9.641166515720069583e+02
2.885971635869351015e-01 9.610332862409502468e+02
2.889962307187364243e-01 9.579699834391192326e+02
2.893958496736176444e-01 9.549271426810104231e+02
2.897960212146302728e-01 9.519051578346387714e+02
2.901967461058806430e-01 9.489044172260499863e+02
2.905980251125319103e-01 9.459253037345174562e+02
2.909998590008052721e-01 9.429681701098093072e+02
2.914022485379810790e-01 9.400332866987043872e+02
2.918051944924013319e-01 9.371209049068215791e+02
2.922086976334699049e-01 9.342312725663662150e+02
2.926127587316547651e-01 9.313646340196406754e+02
2.930173785584894164e-01 9.285212302030786304e+02
2.934225578865738981e-01 9.257012987318350952e+02
2.938282974895770616e-01 9.229050739820607987e+02
2.942345981422371803e-01 9.201327228543493675e+02
2.946414606203638931e-01 9.173841798965254384e+02
2.950488857008398136e-01 9.146593287499078997e+02
2.954568741616214189e-01 9.119580541789957806e+02
2.958654267817414918e-01 9.092802420676556494e+02
2.962745443413095647e-01 9.066257794153855230e+02
2.966842276215140850e-01 9.039945543335755929e+02
2.970944774046238024e-01 9.013864560329586766e+02
2.975052944739888239e-01 8.988013524982832223e+02
2.979166796140430007e-01 8.962390427699270958e+02
2.983286336103043723e-01 8.936993142313347107e+02
2.987411572493774425e-01 8.911819565381651955e+02
2.991542513189544561e-01 8.886867615884973475e+02
2.995679166078166755e-01 8.862135234934625032e+02
2.999821539058363240e-01 8.837620385482824759e+02
3.003969640039775291e-01 8.813321048792226975e+02
3.008123476942984320e-01 8.789234613219098264e+02
3.012283057699522426e-01 8.765357161746688917e+02
3.016448390251890155e-01 8.741684644235475616e+02
3.020619482553572044e-01 8.718213053383969964e+02
3.024796342569046614e-01 8.694938423983190887e+02
3.028978978273809686e-01 8.671856832188236694e+02
3.033167397654383257e-01 8.648964394807622966e+02
3.037361608708333272e-01 8.626257250858695897e+02
3.041561619444286824e-01 8.603730975975247475e+02
3.045767437881939377e-01 8.581380455757467871e+02
3.049979072052084184e-01 8.559200583058008078e+02
3.054196529996611176e-01 8.537186302195970029e+02
3.058419819768535830e-01 8.515332608087003337e+02
3.062648949432008050e-01 8.493634545402776439e+02
3.066883927062325488e-01 8.472087207759193461e+02
3.071124760745958526e-01 8.450685693425982663e+02
3.075371458580553052e-01 8.429424730742016436e+02
3.079624028674955438e-01 8.408298866568120502e+02
3.083882479149225864e-01 8.387302698078965477e+02
3.088146818134648308e-01 8.366430874544785183e+02
3.092417053773756086e-01 8.345678096589238066e+02
3.096693194220337952e-01 8.325039115480635701e+02
3.100975247639459198e-01 8.304508732354089489e+02
3.105263222207475526e-01 8.284081656118912633e+02
3.109557126112046377e-01 8.263752224238678536e+02
3.113856967552158794e-01 8.243514749686353298e+02
3.118162754738130760e-01 8.223363599230402770e+02
3.122474495891636725e-01 8.203293192857222493e+02
3.126792199245720383e-01 8.183298003231892608e+02
3.131115873044806319e-01 8.163372555196083340e+02
3.135445525544724998e-01 8.143511406228255964e+02
3.139781165012717756e-01 8.123708824375190716e+02
3.144122799727460671e-01 8.103958838288890547e+02
3.148470437979075665e-01 8.084255523848779603e+02
3.152824088069149933e-01 8.064593013539285948e+02
3.157183758310749266e-01 8.044965496137214132e+02
3.161549457028433041e-01 8.025367216441213714e+02
3.165921192558273645e-01 8.005792475097338183e+02
3.170298973247869800e-01 7.986235720494524912e+02
3.174682807456363220e-01 7.966691735595346699e+02
3.179072703554454704e-01 7.947155408065339088e+02
3.183468669924419125e-01 7.927621676678522817e+02
3.187870714960122642e-01 7.908085531280422629e+02
3.192278847067038239e-01 7.888542012783307200e+02
3.196693074662262379e-01 7.868986213192403056e+02
3.201113406174531106e-01 7.849413299495464571e+02
3.205539850044232808e-01 7.829818732441299289e+02
3.209972414723429868e-01 7.810198163119430319e+02
3.214411108675870876e-01 7.790547291791039015e+02
3.218855940377007840e-01 7.770861866244432576e+02
3.223306918314012837e-01 7.751137681972030578e+02
3.227764050985795219e-01 7.731370582370195734e+02
3.232227346903012721e-01 7.711556475002487332e+02
3.236696814588095328e-01 7.691691978291702299e+02
3.241172462575255264e-01 7.671774635070722752e+02
3.245654299410507537e-01 7.651802082156724509e+02
3.250142333651683257e-01 7.631771988548285890e+02
3.254636573868446847e-01 7.611682055607585653e+02
3.259137028642313805e-01 7.591530017248901459e+02
3.263643706566664582e-01 7.571313640738392223e+02
3.268156616246764568e-01 7.551031000920587530e+02
3.272675766299777411e-01 7.530680909129340534e+02
3.277201165354780010e-01 7.510262311415895056e+02
3.281732822052784715e-01 7.489774175444905495e+02
3.286270745046751540e-01 7.469215490608351047e+02
3.290814943001604820e-01 7.448585268139800064e+02
3.295365424594251524e-01 7.427882541229139406e+02
3.299922198513597360e-01 7.407106760487491783e+02
3.304485273460560646e-01 7.386259068060461459e+02
3.309054658148093409e-01 7.365341047813910791e+02
3.313630361301194704e-01 7.344354277326960982e+02
3.318212391656928384e-01 7.323300327759719721e+02
3.322800757964441964e-01 7.302180763726646546e+02
3.327395468984976623e-01 7.280997143172199912e+02
3.331996533491892176e-01 7.259751132437659180e+02
3.336603960270679292e-01 7.238445046674135028e+02
3.341217758118976144e-01 7.217081417474278169e+02
3.345837935846587841e-01 7.195662757621701076e+02
3.350464502275498635e-01 7.174191560625798729e+02
3.355097466239894133e-01 7.152670300543373969e+02
3.359736836586175723e-01 7.131101431808198186e+02
3.364382622172975568e-01 7.109487600512677545e+02
3.369034831871178248e-01 7.087832751520188594e+02
3.373693474563930761e-01 7.066141300090699815e+02
3.378358559146666940e-01 7.044417617245878773e+02
3.383030094527120779e-01 7.022666028444883750e+02
3.387708089625342534e-01 7.000890813394171346e+02
3.392392553373717035e-01 6.979096205883125776e+02
3.397083494716982566e-01 6.957286385144034284e+02
3.401780922612242519e-01 6.935465437122713865e+02
3.406484846028988711e-01 6.913637385906300779e+02
3.411195273949115814e-01 6.891806210148479295e+02
3.415912215366936899e-01 6.869975843043378063e+02
3.420635679289204534e-01 6.848150172305709020e+02
3.425365674735122434e-01 6.826333040173225299e+02
3.430102210736368784e-01 6.804528342013639985e+02
3.434845296337109555e-01 6.782740325906370344e+02
3.439594940594016270e-01 6.760973289325472706e+02
3.444351152576285990e-01 6.739231476820002626e+02
3.449113941365653524e-01 6.717519080148680359e+02
3.453883316056413078e-01 6.695840238440787289e+02
3.458659285755435464e-01 6.674199038247827502e+02
3.463441859582181981e-01 6.652599466485128232e+02
3.468231046668727724e-01 6.631045342044370727e+02
3.473026856159770470e-01 6.609540416584601417e+02
3.477829297212656767e-01 6.588088392656048882e+02
3.482638378997395256e-01 6.566692923990501640e+02
3.487454110696673881e-01 6.545357615811990399e+02
3.492276501505878761e-01 6.524086021837409817e+02
3.497105560633112509e-01 6.502881517116446730e+02
3.501941297299206446e-01 6.481747260442760989e+02
3.506783720737746690e-01 6.460686356017106391e+02
3.511632840195085814e-01 6.439701865434221872e+02
3.516488664930361163e-01 6.418796808065289952e+02
3.521351204215515951e-01 6.397974161454438899e+02
3.526220467335310915e-01 6.377236888698248549e+02
3.531096463587348189e-01 6.356588195297453012e+02
3.535979202282085732e-01 6.336031411903491062e+02
3.540868692742855650e-01 6.315569825199548859e+02
3.545764944305884181e-01 6.295206676108394959e+02
3.550667966320303348e-01 6.274945160346869670e+02
3.555577768148176498e-01 6.254788428957117503e+02
3.560494359164511069e-01 6.234739251684966348e+02
3.565417748757279681e-01 6.214799205710118031e+02
3.570347946327434574e-01 6.194969597958938721e+02
3.575284961288929808e-01 6.175251714990999972e+02
3.580228803068732923e-01 6.155646823312313245e+02
3.585179481106850474e-01 6.136156169690781326e+02
3.590137004856341907e-01 6.116780981910829951e+02
3.595101383783337323e-01 6.097522480278729518e+02
3.600072627367058020e-01 6.078381878728599759e+02
3.605050745099829257e-01 6.059360373058601681e+02
3.610035746487106345e-01 6.040459140627102670e+02
3.615027641047486306e-01 6.021679340684872841e+02
3.620026438312728967e-01 6.003022114708927575e+02
3.625032147827775275e-01 5.984488372568675913e+02
3.630044779150762291e-01 5.966078007094649820e+02
3.635064341853045944e-01 5.947790616122681513e+02
3.640090845519217133e-01 5.929625799235852810e+02
3.645124299747120045e-01 5.911583157827119521e+02
3.650164714147871026e-01 5.893662295123442618e+02
3.655212098345874128e-01 5.875862786360077052e+02
3.660266461978844421e-01 5.858183463916319624e+02
3.665327814697823539e-01 5.840622393282168332e+02
3.670396166167196883e-01 5.823177623690746714e+02
3.675471526064715277e-01 5.805847224876572454e+02
3.680553904081512173e-01 5.788629286787736419e+02
3.685643309922118638e-01 5.771521919257504578e+02
3.690739753304487780e-01 5.754523115651101079e+02
3.695843243960010294e-01 5.737630456374843106e+02
3.700953791633532219e-01 5.720841461319791961e+02
3.706071406083376041e-01 5.704153676797011485e+02
3.711196097081355671e-01 5.687564675172031912e+02
3.716327874412799215e-01 5.671072054509181726e+02
3.721466747876565617e-01 5.654673298954736538e+02
3.726612727285061877e-01 5.638364600435148759e+02
3.731765822464266913e-01 5.622141465653616024e+02
3.736926043253742113e-01 5.605999442942961650e+02
3.742093399506657980e-01 5.589934129373643827e+02
3.747267901089809672e-01 5.573941170176065043e+02
3.752449557883634768e-01 5.558016274622272022e+02
3.757638379782233806e-01 5.542155740306437792e+02
3.762834376693390825e-01 5.526356555881653776e+02
3.768037558538585574e-01 5.510615781116482594e+02
3.773247935253021268e-01 5.494930507503347599e+02
3.778465516785636802e-01 5.479297857977265949e+02
3.783690313099130620e-01 5.463714986131105888e+02
3.788922334169975703e-01 5.448178946457416032e+02
3.794161589988439554e-01 5.432686525632653911e+02
3.799408090558605844e-01 5.417234503505361545e+02
3.804661845898391070e-01 5.401819695520090363e+02
3.809922866039564537e-01 5.386438952495313970e+02
3.815191161027767786e-01 5.371089160419860491e+02
3.820466740922531246e-01 5.355767218499235014e+02
3.825749615797296999e-01 5.340469973936665156e+02
3.831039795739437093e-01 5.325194288080764409e+02
3.836337290850270754e-01 5.309937058303972890e+02
3.841642111245087143e-01 5.294695217883199803e+02
3.846954267053159793e-01 5.279465735898305638e+02
3.852273768417771027e-01 5.264245754836016431e+02
3.857600625496228064e-01 5.249033281933384387e+02
3.862934848459884662e-01 5.233826658734354851e+02
3.868276447494158332e-01 5.218624248074514753e+02
3.873625432798551982e-01 5.203424433513807799e+02
3.878981814586669463e-01 5.188225619319541693e+02
3.884345603086239995e-01 5.173026326769335128e+02
3.889716808539136483e-01 5.157825854991820052e+02
3.895095441201391617e-01 5.142623872513972856e+02
3.900481511343222851e-01 5.127420056386071110e+02
3.905875029249045172e-01 5.112214089990838488e+02
3.911276005217497742e-01 5.097005663037624572e+02
3.916684449561460002e-01 5.081794396292481224e+02
3.922100372608071095e-01 5.066579256461724299e+02
3.927523784698752629e-01 5.051358882465250417e+02
3.932954696189221444e-01 5.036131929585785088e+02
3.938393117449518477e-01 5.020897072443714819e+02
3.943839058864022085e-01 5.005653005008981040e+02
3.949292530831471359e-01 4.990398552251618867e+02
3.954753543764984447e-01 4.975133485194666036e+02
3.960222108092075755e-01 4.959858041228674210e+02
3.965698234254681487e-01 4.944572462030638462e+02
3.971181932709176854e-01 4.929276990191102641e+02
3.976673213926394390e-01 4.913971869201932918e+02
3.982172088391647269e-01 4.898657420542220393e+02
3.987678566604747066e-01 4.883334484207874198e+02
3.993192659080022078e-01 4.868004107326762551e+02
3.998714376346341748e-01 4.852667328372049838e+02
4.004243728947135539e-01 4.837325176454549478e+02
4.009780727440410142e-01 4.821978671301486656e+02
4.015325382398773901e-01 4.806628773268838586e+02
4.020877704409450693e-01 4.791276197157146726e+02
4.026437704074308788e-01 4.775921581948633730e+02
4.032005392009874734e-01 4.760565561740385192e+02
4.037580778847354446e-01 4.745208765743707318e+02
4.043163875232657634e-01 4.729851818562213452e+02
4.048754691826409458e-01 4.714495683721896171e+02
4.054353239303981615e-01 4.699142321781383771e+02
4.059959528355505665e-01 4.683793853944726493e+02
4.065573569685894117e-01 4.668452376461739277e+02
4.071195374014864865e-01 4.653119960644357320e+02
4.076824952076956721e-01 4.637798652556554657e+02
4.082462314621551625e-01 4.622490449888915123e+02
4.088107472412896293e-01 4.607197287393023544e+02
4.093760436230122757e-01 4.591921072308894054e+02
4.099421216867267792e-01 4.576663688023496661e+02
4.105089825133294568e-01 4.561426994136268149e+02
4.110766271852110409e-01 4.546212857975609722e+02
4.116450567862591781e-01 4.531023660410606340e+02
4.122142724018602600e-01 4.515862201684378192e+02
4.127842751189015336e-01 4.500731258945793343e+02
4.133550660257732656e-01 4.485633572264445093e+02
4.139266462123704637e-01 4.470571844824255550e+02
4.144990167700953743e-01 4.455548649393708729e+02
4.150721787918595362e-01 4.440565962226808665e+02
4.156461333720856133e-01 4.425625524211531001e+02
4.162208816067097250e-01 4.410729051477526355e+02
4.167964245931831679e-01 4.395878235923112243e+02
4.173727634304750245e-01 4.381074745226309233e+02
4.179498992190739948e-01 4.366320191017134675e+02
4.185278330609904507e-01 4.351616092043128106e+02
4.191065660597586007e-01 4.336963935857729666e+02
4.196860993204387658e-01 4.322365188240178213e+02
4.202664339496189339e-01 4.307821293394158602e+02
4.208475710554176463e-01 4.293333631612690624e+02
4.214295117474855523e-01 4.278902922136918505e+02
4.220122571370077957e-01 4.264529377930479086e+02
4.225958083367060691e-01 4.250213194079738628e+02
4.231801664608404456e-01 4.235954560880649638e+02
4.237653326252121544e-01 4.221753663896607804e+02
4.243513079471650795e-01 4.207610871314707310e+02
4.249380935455882580e-01 4.193527229531699732e+02
4.255256905409179891e-01 4.179503925428865045e+02
4.261141000551396107e-01 4.165542127746295478e+02
4.267033232117901642e-01 4.151642987286872426e+02
4.272933611359602257e-01 4.137807571590173552e+02
4.278842149542961271e-01 4.124035444478599288e+02
4.284758857950021205e-01 4.110324699329791542e+02
4.290683747878426546e-01 4.096673389177785225e+02
4.296616830641439844e-01 4.083079590525875915e+02
4.302558117567971130e-01 4.069541403106834991e+02
4.308507620002595684e-01 4.056057485217426688e+02
4.314465349305574016e-01 4.042628536225771541e+02
4.320431316852878512e-01 4.029255722927148895e+02
4.326405534036206757e-01 4.015940194627555684e+02
4.332388012263013177e-01 4.002683083335096512e+02
4.338378762956525136e-01 3.989485402807090395e+02
4.344377797555765697e-01 3.976346477756555942e+02
4.350385127515575823e-01 3.963264265848676473e+02
4.356400764306633810e-01 3.950236708575744160e+02
4.362424719415482488e-01 3.937261772333459930e+02
4.368457004344546424e-01 3.924337450327095667e+02
4.374497630612156351e-01 3.911462435004427789e+02
4.380546609752570819e-01 3.898637059951184938e+02
4.386603953315995064e-01 3.885861892590839375e+02
4.392669672868608211e-01 3.873137491118993694e+02
4.398743779992582148e-01 3.860464404599147201e+02
4.404826286286104842e-01 3.847842961535954487e+02
4.410917203363401429e-01 3.835271970230592160e+02
4.417016542854758643e-01 3.822749593115642597e+02
4.423124316406541467e-01 3.810274012008192130e+02
4.429240535681223112e-01 3.797843430697707845e+02
4.435365212357401665e-01 3.785456090177756323e+02
4.441498358129825075e-01 3.773110631315750538e+02
4.447639984709413352e-01 3.760806102753535356e+02
4.453790103823276336e-01 3.748541582281196156e+02
4.459948727214743669e-01 3.736316158391514364e+02
4.466115866643382559e-01 3.724128928592736543e+02
4.472291533885021098e-01 3.711978668393056182e+02
4.478475740731771015e-01 3.699863431586829847e+02
4.484668498992047669e-01 3.687781197431716009e+02
4.490869820490597797e-01 3.675729970637889892e+02
4.497079717068518390e-01 3.663707781200474187e+02
4.503298200583279454e-01 3.651712753389666091e+02
4.509525282908749544e-01 3.639743350704816862e+02
4.515760975935211308e-01 3.627798146185380119e+02
4.522005291569393681e-01 3.615875731400221866e+02
4.528258241734488543e-01 3.603974716348654397e+02
4.534519838370174583e-01 3.592093717202272956e+02
4.540790093432640617e-01 3.580231261970315018e+02
4.547069018894610015e-01 3.568385843296043731e+02
4.553356626745357350e-01 3.556555973767822820e+02
4.559652928990740595e-01 3.544740186319413624e+02
4.565957937653216669e-01 3.532937069384071833e+02
4.572271664771866972e-01 3.521145809433280078e+02
4.578594122402423472e-01 3.509366077268187496e+02
4.584925322617282584e-01 3.497597563159347942e+02
4.591265277505538478e-01 3.485839962758087722e+02
4.597613999173002508e-01 3.474092971115217665e+02
4.603971499742222639e-01 3.462356105862748450e+02
4.610337791352513981e-01 3.450628680372680037e+02
4.616712886159971552e-01 3.438910006854865173e+02
4.623096796337504699e-01 3.427199408404532051e+02
4.629489534074853752e-01 3.415496228752303409e+02
4.635891111578614443e-01 3.403800365877658578e+02
4.642301541072261784e-01 3.392112537920766044e+02
4.648720834796174484e-01 3.380433522431557094e+02
4.655149005007653829e-01 3.368764087988056986e+02
4.661586063980953099e-01 3.357104992894189763e+02
4.668032024007296998e-01 3.345456867742145164e+02
4.674486897394907192e-01 3.333820124667091136e+02
4.680950696469025618e-01 3.322195149734791926e+02
4.687423433571933362e-01 3.310582325020470194e+02
4.693905121062982300e-01 3.298982029274803267e+02
4.700395771318612859e-01 3.287394714038835559e+02
4.706895396732380665e-01 3.275820972875904999e+02
4.713404009714979304e-01 3.264261408852275395e+02
4.719921622694259189e-01 3.252716617686880909e+02
4.726448248115260320e-01 3.241187185603010903e+02
4.732983898440231152e-01 3.229673456720244644e+02
4.739528586148650802e-01 3.218175330342823486e+02
4.746082323737256803e-01 3.206692659521539213e+02
4.752645123720063980e-01 3.195225300380284921e+02
4.759216998628394424e-01 3.183773118134129163e+02
4.765797961010896922e-01 3.172336436458804769e+02
4.772388023433571935e-01 3.160916339422057035e+02
4.778987198479797693e-01 3.149513969536401419e+02
4.785595498750351839e-01 3.138130453676704974e+02
4.792212936863433081e-01 3.126766903139588862e+02
4.798839525454692834e-01 3.115424413706769542e+02
4.805475277177252424e-01 3.104104065712348302e+02
4.812120204701730297e-01 3.092806924113838818e+02
4.818774320716266990e-01 3.081534038566909430e+02
4.825437637926543455e-01 3.070286443503724740e+02
4.832110169055814919e-01 3.059065158214832536e+02
4.838791926844927538e-01 3.047871186934445973e+02
4.845482924052346707e-01 3.036705518929061896e+02
4.852183173454179266e-01 3.025569128589366414e+02
4.858892687844196812e-01 3.014462975525283355e+02
4.865611480033864567e-01 3.003388004664089408e+02
4.872339562852362471e-01 2.992345146351539711e+02
4.879076949146609610e-01 2.981335316455883344e+02
4.885823651781291410e-01 2.970359416474744876e+02
4.892579683638881849e-01 2.959418333644686072e+02
4.899345057619665655e-01 2.948512941053488703e+02
4.906119786641768288e-01 2.937644097754977679e+02
4.912903883641179248e-01 2.926812648886356669e+02
4.919697361571773730e-01 2.916019425787986279e+02
4.926500233405341489e-01 2.905265246125474619e+02
4.933312512131605709e-01 2.894550914014067757e+02
4.940134210758254096e-01 2.883877220145203069e+02
4.946965342310961633e-01 2.873244920724069402e+02
4.953805919833414451e-01 2.862654094933523083e+02
4.960655956387335364e-01 2.852104040148925037e+02
4.967515465052506629e-01 2.841594017828066967e+02
4.974384458926799368e-01 2.831123298585025054e+02
4.981262951126196326e-01 2.820691162107428340e+02
4.988150954784815183e-01 2.810296897075499487e+02
4.995048483054937982e-01 2.799939801082823578e+02
5.001955549107028887e-01 2.789619180558861444e+02
5.008872166129767489e-01 2.779334350693117699e+02
5.015798347330071572e-01 2.769084635360950983e+02
5.022734105933116533e-01 2.758869367051017889e+02
5.029679455182369807e-01 2.748687886794280644e+02
5.036634408339610847e-01 2.738539544094587654e+02
5.043598978684954437e-01 2.728423696860751875e+02
5.050573179516880673e-01 2.718339711340120743e+02
5.057557024152259384e-01 2.708286962053612115e+02
5.064550525926374558e-01 2.698264831732196285e+02
5.071553698192950987e-01 2.688272711254724072e+02
5.078566554324173143e-01 2.678309999587216339e+02
5.085589107710722923e-01 2.668376103723372808e+02
5.092621371761795190e-01 2.658470438626518444e+02
5.099663359905128868e-01 2.648592427172746397e+02
5.106715085587029135e-01 2.638741500095358674e+02
5.113776562272394077e-01 2.628917095930535197e+02
5.120847803444741331e-01 2.619118660964192600e+02
5.127928822606234727e-01 2.609345649180019109e+02
5.135019633277705386e-01 2.599597522208695750e+02
5.142120248998686138e-01 2.589873749278161768e+02
5.149230683327424840e-01 2.580173812056458473e+02
5.156350949840923237e-01 2.570497251290645409e+02
5.163481062134953614e-01 2.560843645310982879e+02
5.170621033824092105e-01 2.551212578970515779e+02
5.177770878541737565e-01 2.541603643178125083e+02
5.184930609940143764e-01 2.532016434862162271e+02
5.192100241690437157e-01 2.522450556934752797e+02
5.199279787482653514e-01 2.512905618256683340e+02
5.206469261025756801e-01 2.503381233602973737e+02
5.213668676047669148e-01 2.493877023629001712e+02
5.220878046295295283e-01 2.484392614837246924e+02
5.228097385534544728e-01 2.474927639544599742e+02
5.235326707550367331e-01 2.465481735850201517e+02
5.242566026146772140e-01 2.456054547603870617e+02
5.249815355146858487e-01 2.446645724375019881e+02
5.257074708392837081e-01 2.437254921422093616e+02
5.264344099746058880e-01 2.427881799662512776e+02
5.271623543087046171e-01 2.418526025643066362e+02
5.278913052315511445e-01 2.409187271510825781e+02
5.286212641350388486e-01 2.399865214984446311e+02
5.293522324129859014e-01 2.390559539325957701e+02
5.300842114611377109e-01 2.381269933312938178e+02
5.308172026771695862e-01 2.371996091211132693e+02
5.315512074606897341e-01 2.362737712747434671e+02
5.322862272132415917e-01 2.353494503083261975e+02
5.330222633383067121e-01 2.344266172788303493e+02
5.337593172413074294e-01 2.335052437814597397e+02
5.344973903296090789e-01 2.325853019471003336e+02
5.352364840125233281e-01 2.316667644397908532e+02
5.359765997013109518e-01 2.307496044542330935e+02
5.367177388091836088e-01 2.298338039569036368e+02
5.374599027513076166e-01 2.289193955293337410e+02
5.382030929448056167e-01 2.280064302497895881e+02
5.389473108087603492e-01 2.270949585218518791e+02
5.396925577642165406e-01 2.261850300411402372e+02
5.404388352341840118e-01 2.252766937978281021e+02
5.411861446436405654e-01 2.243699980792671909e+02
5.419344874195336503e-01 2.234649904727152148e+02
5.426838649907846923e-01 2.225617178681619635e+02
5.434342787882905368e-01 2.216602264612620274e+02
5.441857302449270017e-01 2.207605617563545195e+02
5.449382207955508761e-01 2.198627685695882690e+02
5.456917518770034725e-01 2.189668910321309454e+02
5.464463249281122925e-01 2.180729725934718601e+02
5.472019413896951345e-01 2.171810560248121362e+02
5.479586027045618701e-01 2.162911834225410246e+02
5.487163103175172196e-01 2.154033962117946714e+02
5.494750656753641938e-01 2.145177351500959730e+02
5.502348702269058700e-01 2.136342403310741815e+02
5.509957254229492785e-01 2.127529511882605675e+02
5.517576327163071781e-01 2.118739064989601673e+02
5.525205935618014985e-01 2.109971443881913729e+02
5.532846094162660044e-01 2.101227023327033692e+02
5.540496817385482942e-01 2.092506171650560134e+02
5.548158119895137963e-01 2.083809250777666762e+02
5.555830016320481013e-01 2.075136616275227937e+02
5.563512521310591818e-01 2.066488617394558958e+02
5.571205649534809456e-01 2.057865597114765421e+02
5.578909415682758999e-01 2.049267892186630320e+02
5.586623834464373717e-01 2.040695833177137217e+02
5.594348920609929499e-01 2.032149744514460963e+02
5.602084688870073714e-01 2.023629913247006016e+02
5.609831154015846311e-01 2.015136257874172259e+02
5.617588330838717559e-01 2.006668463888751717e+02
5.625356234150604706e-01 1.998226217436203456e+02
5.633134878783910837e-01 1.989809209240862913e+02
5.640924279591548185e-01 1.981417134571093754e+02
5.648724451446968109e-01 1.973049693204885386e+02
5.656535409244188850e-01 1.964706589395935623e+02
5.664357167897819956e-01 1.956387531840162808e+02
5.672189742343098917e-01 1.948092233642674671e+02
5.680033147535913374e-01 1.939820412285132818e+02
5.687887398452834420e-01 1.931571789593586743e+02
5.695752510091139920e-01 1.923346091706672496e+02
5.703628497468844483e-01 1.915143049044230565e+02
5.711515375624731661e-01 1.906962396276304332e+02
5.719413159618380593e-01 1.898803872292531025e+02
5.727321864530193762e-01 1.890667220171878569e+02
5.735241505461426970e-01 1.882552187152767829e+02
5.743172097534218201e-01 1.874458524603532794e+02
5.751113655891612053e-01 1.866385987993231481e+02
5.759066195697598589e-01 1.858334336862765213e+02
5.767029732137132214e-01 1.850303334796358286e+02
5.775004280416167202e-01 1.842292749393313898e+02
5.782989855761685449e-01 1.834302352240118523e+02
5.790986473421717573e-01 1.826331918882804644e+02
5.798994148665387316e-01 1.818381228799621852e+02
5.807012896782928202e-01 1.810450065373984216e+02
5.815042733085716842e-01 1.802538215867695044e+02
5.823083672906304020e-01 1.794645471394425158e+02
5.831135731598439120e-01 1.786771626893461189e+02
5.839198924537103430e-01 1.778916481103675835e+02
5.847273267118541229e-01 1.771079836537772962e+02
5.855358774760283103e-01 1.763261499456737056e+02
5.863455462901181470e-01 1.755461290768124343e+02
5.871563347001435007e-01 1.747679133444030128e+02
5.879682442542619736e-01 1.739915004405237084e+02
5.887812765027723438e-01 1.732168881840594850e+02
5.895954329981166753e-01 1.724440744707526108e+02
5.904107152948839810e-01 1.716730572723896842e+02
5.912271249498129988e-01 1.709038346359916716e+02
5.920446635217947451e-01 1.701364046830044572e+02
5.928633325718760672e-01 1.693707656084892790e+02
5.936831336632625300e-01 1.686069156803154385e+02
5.945040683613210808e-01 1.678448532383539487e+02
5.953261382335833796e-01 1.670845766936707548e+02
5.961493448497483527e-01 1.663260845277231113e+02
5.969736897816857457e-01 1.655693752915551613e+02
5.977991746034387877e-01 1.648144476049946263e+02
5.986258008912272999e-01 1.640613001558517965e+02
5.994535702234508046e-01 1.633099316991171293e+02
6.002824841806908562e-01 1.625603410561629687e+02
6.011125443457152606e-01 1.618125271139418544e+02
6.019437523034800730e-01 1.610664888241903725e+02
6.027761096411331510e-01 1.603222252026304204e+02
6.036096179480169299e-01 1.595797353281736548e+02
6.044442788156718649e-01 1.588390183421240636e+02
6.052800938378385398e-01 1.581000734473856824e+02
6.061170646104618864e-01 1.573628999076661330e+02
6.069551927316936268e-01 1.566274970466852778e+02
6.077944798018950490e-01 1.558938642473831351e+02
6.086349274236408924e-01 1.551620009511268563e+02
6.094765372017212357e-01 1.544319066569223651e+02
6.103193107431458264e-01 1.537035809206243187e+02
6.111632496571464124e-01 1.529770233541467519e+02
6.120083555551798504e-01 1.522522336246756538e+02
6.128546300509313260e-01 1.515292114538831356e+02
6.137020747603173509e-01 1.508079566171407180e+02
6.145506913014889827e-01 1.500884689427341812e+02
6.154004812948349334e-01 1.493707484079415337e+02
6.162514463629842343e-01 1.486547967900415586e+02
6.171035881308101212e-01 1.479406173989293904e+02
6.179569082254320334e-01 1.472282135802983021e+02
6.188114082762200541e-01 1.465175886637748874e+02
6.196670899147969092e-01 1.458087459625505460e+02
6.205239547750416307e-01 1.451016887730120288e+02
6.213820044930925546e-01 1.443964203743757366e+02
6.222412407073505403e-01 1.436929440283223869e+02
6.231016650584815242e-01 1.429912629786344951e+02
6.239632791894207386e-01 1.422913804508353337e+02
6.248260847453750433e-01 1.415932996518296250e+02
6.256900833738260337e-01 1.408970237695471894e+02
6.265552767245338162e-01 1.402025559725862820e+02
6.274216664495391171e-01 1.395098994098621290e+02
6.282892542031678351e-01 1.388190572102539022e+02
6.291580416420328170e-01 1.381300324822565813e+02
6.300280304250381880e-01 1.374428283136334699e+02
6.308992222133817940e-01 1.367574477710705878e+02
6.317716186705579773e-01 1.360738938998348715e+02
6.326452214623621284e-01 1.353921697234314934e+02
6.335200322568926845e-01 1.347122782432661268e+02
6.343960527245549041e-01 1.340342224383076086e+02
6.352732845380636428e-01 1.333580052647539844e+02
6.361517293724470168e-01 1.326836296556998889e+02
6.370313889050487344e-01 1.320110985208063710e+02
6.379122648155326480e-01 1.313404147459726516e+02
6.387943587858848637e-01 1.306715811930112068e+02
6.396776725004174047e-01 1.300046006993236460e+02
6.405622076457713199e-01 1.293394760775803718e+02
6.414479659109196819e-01 1.286762101154009486e+02
6.423349489871712503e-01 1.280148055750389346e+02
6.432231585681736918e-01 1.273552651930658897e+02
6.441125963499162443e-01 1.266975916800621746e+02
6.450032640307337140e-01 1.260417877203054218e+02
6.458951633113088064e-01 1.253878559714654699e+02
6.467882958946764571e-01 1.247357990642987176e+02
6.476826634862261622e-01 1.240856196023466964e+02
6.485782677937057539e-01 1.234373200406673163e+02
6.494751105272246194e-01 1.227908962851567480e+02
6.503731933992565883e-01 1.221463346734132074e+02
6.512725181246434847e-01 1.215036210711378857e+02
6.521730864205987910e-01 1.208627416716455230e+02
6.530749000067099796e-01 1.202236829929912290e+02
6.539779606049426208e-01 1.195864318751165740e+02
6.548822699396437130e-01 1.189509754770101750e+02
6.557878297375437926e-01 1.183173012738862155e+02
6.566946417277618187e-01 1.176853970543758550e+02
6.576027076418075046e-01 1.170552509177349947e+02
6.585120292135848707e-01 1.164268512710656012e+02
6.594226081793957972e-01 1.158001868265498189e+02
6.603344462779424662e-01 1.151752465986974414e+02
6.612475452503318030e-01 1.145520199016048508e+02
6.621619068400783625e-01 1.139304963462260218e+02
6.630775327931072161e-01 1.133106658376543123e+02
6.639944248577582808e-01 1.126925185724143716e+02
6.649125847847882076e-01 1.120760450357649773e+02
6.658320143273751546e-01 1.114612359990085935e+02
6.667527152411215630e-01 1.108480825168127240e+02
6.676746892840570435e-01 1.102365759245382861e+02
6.685979382166428175e-01 1.096267078355744786e+02
6.695224638017739371e-01 1.090184701386831989e+02
6.704482678047831712e-01 1.084118549953480510e+02
6.713753519934446690e-01 1.078068548371311692e+02
6.723037181379767357e-01 1.072034623630354275e+02
6.732333680110457186e-01 1.066016705368713389e+02
6.741643033877691149e-01 1.060014725846296813e+02
6.750965260457189032e-01 1.054028619918586429e+02
6.760300377649250958e-01 1.048058325010444918e+02
6.769648403278791804e-01 1.042103781089961103e+02
6.779009355195374509e-01 1.036164930642334809e+02
6.788383251273245600e-01 1.030241718643774078e+02
6.797770109411362949e-01 1.024334092535446388e+02
6.807169947533437959e-01 1.018442002197410829e+02
6.816582783587966654e-01 1.012565399922614091e+02
6.826008635548265202e-01 1.006704240390859155e+02
6.835447521412502114e-01 1.000858480642818051e+02
6.844899459203728220e-01 9.950280800540375026e+01
6.854364466969924408e-01 9.892130003089390300e+01
6.863842562784023826e-01 9.834132053748528790e+01
6.873333764743950747e-01 9.776286614760198290e+01
6.882838090972656087e-01 9.718593710099280258e+01
6.892355559618151828e-01 9.661054918089941168e+01
6.901886188853538773e-01 9.603672230957339195e+01
6.911429996877053172e-01 9.546447607796780233e+01
6.920987001912094483e-01 9.489382974655318037e+01
6.930557222207260892e-01 9.432480224650286971e+01
6.940140676036383738e-01 9.375741218091917517e+01
6.949737381698561922e-01 9.319167782609260087e+01
6.959347357518199662e-01 9.262761713280225706e+01
6.968970621845039792e-01 9.206524772764795728e+01
6.978607193054200408e-01 9.150458691442021575e+01
6.988257089546205947e-01 9.094565167550366880e+01
6.997920329747022716e-01 9.038845867331319539e+01
7.007596932108102195e-01 8.983302425176445638e+01
7.017286915106404344e-01 8.927936443777572606e+01
7.026990297244443129e-01 8.872749494280135707e+01
7.036707097050317605e-01 8.817743116439672235e+01
7.046437333077739673e-01 8.762918818781265884e+01
7.056181023906086258e-01 8.708278078761868812e+01
7.065938188140420406e-01 8.653822342935649203e+01
7.075708844411533471e-01 8.599553027122050253e+01
7.085493011375980643e-01 8.545471516576529325e+01
7.095290707716112033e-01 8.491579166164133596e+01
7.105101952140112642e-01 8.437877300535492964e+01
7.114926763382035668e-01 8.384367214305460436e+01
7.124765160201843583e-01 8.331050172234105844e+01
7.134617161385433670e-01 8.277927409410256132e+01
7.144482785744686870e-01 8.225000131437209916e+01
7.154362052117489990e-01 8.172269514620870723e+01
7.164254979367783438e-01 8.119736706159881123e+01
7.174161586385588985e-01 8.067402824338131495e+01
7.184081892087053056e-01 8.015268958719046566e+01
7.194015915414477824e-01 7.963336170342176956e+01
7.203963675336353401e-01 7.911605491921548605e+01
7.213925190847406688e-01 7.860077928045851081e+01
7.223900480968624693e-01 7.808754455380604043e+01
7.233889564747300049e-01 7.757636022871912473e+01
7.243892461257062099e-01 7.706723551952067908e+01
7.253909189597915752e-01 7.656017936746570740e+01
7.263939768896272575e-01 7.605520044282953052e+01
7.273984218304998528e-01 7.555230714700886097e+01
7.284042557003439500e-01 7.505150761463939091e+01
7.294114804197463497e-01 7.455280971572538817e+01
7.304200979119497283e-01 7.405622105778388686e+01
7.314301101028558572e-01 7.356174898800105666e+01
7.324415189210298216e-01 7.306940059540012555e+01
7.334543262977036848e-01 7.257918271302260393e+01
7.344685341667795964e-01 7.209110192011856100e+01
7.354841444648343440e-01 7.160516339005184250e+01
7.365011591311219075e-01 7.112134464762850428e+01
7.375195801075783431e-01 7.063959590126944477e+01
7.385394093388248926e-01 7.015986738627454145e+01
7.395606487721718691e-01 6.968211063463796506e+01
7.405833003576222096e-01 6.920627846088281387e+01
7.416073660478749163e-01 6.873232494822623551e+01
7.426328477983297205e-01 6.826020543506250249e+01
7.436597475670899682e-01 6.778987650174843793e+01
7.446880673149667285e-01 6.732129595767727892e+01
7.457178090054823461e-01 6.685442282862612728e+01
7.467489746048745491e-01 6.638921734436392796e+01
7.477815660820992250e-01 6.592564092650749785e+01
7.488155854088358598e-01 6.546365617660806890e+01
7.498510345594896487e-01 6.500322686446230591e+01
7.508879155111963799e-01 6.454431791662696583e+01
7.519262302438256551e-01 6.408689540513179850e+01
7.529659807399845528e-01 6.363092653637298213e+01
7.540071689850218473e-01 6.317637964017831109e+01
7.550497969670318943e-01 6.272322415902984005e+01
7.560938666768577399e-01 6.227143063743488227e+01
7.571393801080956720e-01 6.182097071143120104e+01
7.581863392570982185e-01 6.137181709821742714e+01
7.592347461229789207e-01 6.092394358589545789e+01
7.602846027076154423e-01 6.047732502331652427e+01
7.613359110156536769e-01 6.003193731001785238e+01
7.623886730545113011e-01 5.958775738624157015e+01
7.634428908343823261e-01 5.914476322302383693e+01
7.644985663682396515e-01 5.870293381234675678e+01
7.655557016718402830e-01 5.826224915733922671e+01
7.666142987637284412e-01 5.782269026252233601e+01
7.676743596652394475e-01 5.738423912408592287e+01
7.687358864005040537e-01 5.694687872018825914e+01
7.697988809964511070e-01 5.651059300127184315e+01
7.708633454828129894e-01 5.607536688038310757e+01
7.719292818921287269e-01 5.564118622349081278e+01
7.729966922597476531e-01 5.520803783979346946e+01
7.740655786238338498e-01 5.477590947200707916e+01
7.751359430253691452e-01 5.434478978662706794e+01
7.762077875081581091e-01 5.391466836415509079e+01
7.772811141188313844e-01 5.348553568928475244e+01
7.783559249068496833e-01 5.305738314103756181e+01
7.794322219245075622e-01 5.263020298284428122e+01
7.805100072269373079e-01 5.220398835256246883e+01
7.815892828721132668e-01 5.177873325242561009e+01
7.826700509208555090e-01 5.135443253891717319e+01
7.837523134368336031e-01 5.093108191256283135e+01
7.848360724865709459e-01 5.050867790763574305e+01
7.859213301394484263e-01 5.008721788176924150e+01
7.870080884677079780e-01 4.966670000547226493e+01
7.880963495464575752e-01 4.924712325153979009e+01
7.891861154536745637e-01 4.882848738435772162e+01
7.902773882702094355e-01 4.841079294909344100e+01
7.913701700797903804e-01 4.799404126077116928e+01
7.924644629690262843e-01 4.757823439322515213e+01
7.935602690274119464e-01 4.716337516792832218e+01
7.946575903473312996e-01 4.674946714269358949e+01
7.957564290240617400e-01 4.633651460024221080e+01
7.968567871557780125e-01 4.592452767130069446e+01
7.979586668435554309e-01 4.551356813527885237e+01
7.990620701913755397e-01 4.510372570840835493e+01
8.001669993061290009e-01 4.469508806382401644e+01
8.012734562976197017e-01 4.428774047694217586e+01
8.023814432785690842e-01 4.388176583706069067e+01
8.034909623646195875e-01 4.347724466046469871e+01
8.046020156743396434e-01 4.307425510497543542e+01
8.057146053292271182e-01 4.267287298588828293e+01
8.068287334537131983e-01 4.227317179323789276e+01
8.079444021751670535e-01 4.187522271033568444e+01
8.090616136238992784e-01 4.147909463352132775e+01
8.101803699331662223e-01 4.108485419307128694e+01
8.113006732391739861e-01 4.069256577521039731e+01
8.124225256810829743e-01 4.030229154516884194e+01
8.135459294010112252e-01 3.991409147123249568e+01
8.146708865440390746e-01 3.952802334973110732e+01
8.157973992582127076e-01 3.914414283091284830e+01
8.169254696945489336e-01 3.876250344565205097e+01
8.180551000070388490e-01 3.838315663294046942e+01
8.191862923526520568e-01 3.800615176811004403e+01
8.203190488913408851e-01 3.763153619174037345e+01
8.214533717860439399e-01 3.725935523920046677e+01
8.225892632026912121e-01 3.688965227077859055e+01
8.237267253102075193e-01 3.652246870235465792e+01
8.248657602805168354e-01 3.615784403656876123e+01
8.260063702885463988e-01 3.579581589444305934e+01
8.271485575122312639e-01 3.543642004741289497e+01
8.282923241325174102e-01 3.507969044972709582e+01
8.294376723333668489e-01 3.472565927117452134e+01
8.305846043017619529e-01 3.437435693009915383e+01
8.317331222277087877e-01 3.402581212666461141e+01
8.328832283042419959e-01 3.368005187633057318e+01
8.340349247274282396e-01 3.333710154350540478e+01
8.351882136963713066e-01 3.299698487533949276e+01
8.363430974132157747e-01 3.265972403562625459e+01
8.374995780831511194e-01 3.232533963877681771e+01
8.386576579144167098e-01 3.199385078383831882e+01
8.398173391183044734e-01 3.166527508852425044e+01
8.409786239091647797e-01 3.133962872322776150e+01
8.421415145044096606e-01 3.101692644498996998e+01
8.433060131245175839e-01 3.069718163139630818e+01
8.444721219930375611e-01 3.038040631437426597e+01
8.456398433365925893e-01 3.006661121386870761e+01
8.468091793848852022e-01 2.975580577136931382e+01
8.479801323707011340e-01 2.944799818326925234e+01
8.491527045299133158e-01 2.914319543403239265e+01
8.503268981014865391e-01 2.884140332914789084e+01
8.515027153274817850e-01 2.854262652785366683e+01
8.526801584530597777e-01 2.824686857560974218e+01
8.538592297264862019e-01 2.795413193630276183e+01
8.550399313991356998e-01 2.766441802416663975e+01
8.562222657254958680e-01 2.737772723540257402e+01
8.574062349631720314e-01 2.709405897948334641e+01
8.585918413728906851e-01 2.681341171012955016e+01
8.597790872185049338e-01 2.653578295594225622e+01
8.609679747669982675e-01 2.626116935068247926e+01
8.621585062884888906e-01 2.598956666318457920e+01
8.633506840562341633e-01 2.572096982689372169e+01
8.645445103466342651e-01 2.545537296901741087e+01
8.657399874392378569e-01 2.519276943928271706e+01
8.669371176167456339e-01 2.493315183829048465e+01
8.681359031650144331e-01 2.467651204545986232e+01
8.693363463730621188e-01 2.442284124655565591e+01
8.705384495330720229e-01 2.417212996079356202e+01
8.717422149403963871e-01 2.392436806751724276e+01
8.729476448935621358e-01 2.367954483244278663e+01
8.741547416942740956e-01 2.343764893346721578e+01
8.753635076474202137e-01 2.319866848603680864e+01
8.765739450610755545e-01 2.296259106807308115e+01
8.777860562465060745e-01 2.272940374445432354e+01
8.789998435181745062e-01 2.249909309105055755e+01
8.802153091937438001e-01 2.227164521831144484e+01
8.814324555940815653e-01 2.204703895312378492e+01
8.826512850432649548e-01 2.182518139515856959e+01
8.838717998685841071e-01 2.160593981873901726e+01
8.850940024005481410e-01 2.138918530028245613e+01
8.863178949728882650e-01 2.117479319691065598e+01
8.875434799225631055e-01 2.096264303374640292e+01
8.887707595897625934e-01 2.075261839793605745e+01
8.899997363179121823e-01 2.054460683905362828e+01
8.912304124536784000e-01 2.033849977555526678e+01
8.924627903469726231e-01 2.013419240696537926e+01
8.936968723509555179e-01 1.993158363148759094e+01
8.949326608220414814e-01 1.973057596874279795e+01
8.961701581199039701e-01 1.953107548734844912e+01
8.974093666074782760e-01 1.933299173706138419e+01
8.986502886509680765e-01 1.913623768521445712e+01
8.998929266198485433e-01 1.894072965718719814e+01
9.011372828868714491e-01 1.874638728065640336e+01
9.023833598280697199e-01 1.855313343337984122e+01
9.036311598227613207e-01 1.836089419427412039e+01
9.048806852535548062e-01 1.816959879755192730e+01
9.061319385063529852e-01 1.797917958969111396e+01
9.073849219703583602e-01 1.778957198901314740e+01
9.086396380380767912e-01 1.760071444765307902e+01
9.098960891053221589e-01 1.741254841570849621e+01
9.111542775712219155e-01 1.722501830735982864e+01
9.124142058382205267e-01 1.703807146875815448e+01
9.136758763120848004e-01 1.685165814748166113e+01
9.149392914019081058e-01 1.666573146336536482e+01
9.162044535201147033e-01 1.648024738051366000e+01
9.174713650824650735e-01 1.629516468030822551e+01
9.187400285080602469e-01 1.611044493522874532e+01
9.200104462193462451e-01 1.592605248330701606e+01
9.212826206421186326e-01 1.574195440304008820e+01
9.225565542055278456e-01 1.555812048859013785e+01
9.238322493420823012e-01 1.537452322510543823e+01
9.251097084876549470e-01 1.519113776399820637e+01
9.263889340814868145e-01 1.500794189802149248e+01
9.276699285661916816e-01 1.482491603599046570e+01
9.289526943877612908e-01 1.464204317699788582e+01
9.302372339955691238e-01 1.445930888397913527e+01
9.315235498423758420e-01 1.427670125648576516e+01
9.328116443843340599e-01 1.409421090253224662e+01
9.341015200809922314e-01 1.391183090938597466e+01
9.353931793953005336e-01 1.372955681317512422e+01
9.366866247936136425e-01 1.354738656719569789e+01
9.379818587456978385e-01 1.336532050880360423e+01
9.392788837247342260e-01 1.318336132478528988e+01
9.405777022073233962e-01 1.300151401510545313e+01
9.418783166734909784e-01 1.281978585493748746e+01
9.431807296066920809e-01 1.263818635488915199e+01
9.444849434938150656e-01 1.245672721934344018e+01
9.457909608251877653e-01 1.227542230284039348e+01
9.470987840945817027e-01 1.209428756443545971e+01
9.484084157992164199e-01 1.191334101997605543e+01
9.497198584397649190e-01 1.173260269224658003e+01
9.510331145203573255e-01 1.155209455894063453e+01
9.523481865485872166e-01 1.137184049842722899e+01
9.536650770355153961e-01 1.119186623328683794e+01
9.549837884956748901e-01 1.101219927160189194e+01
9.563043234470759435e-01 1.083286884599489674e+01
9.576266844112100163e-01 1.065390585041758342e+01
9.589508739130560011e-01 1.047534277470218811e+01
9.602768944810839979e-01 1.029721363689719738e+01
9.616047486472604211e-01 1.011955391341801125e+01
9.629344389470529952e-01 9.942400467052904034e+00
9.642659679194349742e-01 9.765791472874600032e+00
9.655993381068910253e-01 9.589766342116710973e+00
9.669345520554212259e-01 9.414365644084407236e+00
9.682716123145462817e-01 9.239631026177761441e+00
9.696105214373124115e-01 9.065605132115678089e+00
9.709512819802961214e-01 8.892331518457668338e+00
9.722938965036087566e-01 8.719854569529930544e+00
9.736383675709021635e-01 8.548219410870249391e+00
9.749846977493731304e-01 8.377471821316362366e+00
9.763328896097680509e-01 8.207658143869245748e+00
9.776829457263885859e-01 8.038825195471995144e+00
9.790348686770953268e-01 7.871020175852022405e+00
9.803886610433142357e-01 7.704290575581878464e+00
9.817443254100404193e-01 7.538684083521090429e+00
9.831018643658435696e-01 7.374248493807449734e+00
9.844612805028730707e-01 7.211031612572534222e+00
9.858225764168619953e-01 7.049081164561742163e+00
9.871857547071334338e-01 6.888444699843484287e+00
9.885508179766044901e-01 6.729169500797272718e+00
9.899177688317916113e-01 6.571302489573660921e+00
9.912866098828153616e-01 6.414890136222163086e+00
9.926573437434059732e-01 6.259978367685442358e+00
9.940299730309070103e-01 6.106612477860766219e+00
9.954045003662820301e-01 5.954837038928978643e+00
9.967809283741185800e-01 5.804695814153433275e+00
9.981592596826335262e-01 5.656231672349498751e+00
9.995394969236780502e-01 5.509486504224497594e+00
1.000921642732741645e+00 5.364501140786342326e+00
1.002305699748960111e+00 5.221315274015002394e+00
1.003691670615116882e+00 5.079967379990098841e+00
1.005079557977649696e+00 4.940494644659983337e+00
1.006469364486657581e+00 4.802932892435641143e+00
1.007861092795901525e+00 4.667316517786063379e+00
1.009254745562814692e+00 4.533678420003607989e+00
1.010650325448503084e+00 4.402055971996699846e+00
1.012047835117752426e+00 4.272512807341144914e+00
1.013447277239035049e+00 4.145115250578378152e+00
1.014848654484510559e+00 4.019922966192912561e+00
1.016251969530036270e+00 3.896989133944550598e+00
1.017657225055167647e+00 3.776360636904959378e+00
1.019064423743165859e+00 3.658078258677247341e+00
1.020473568281003551e+00 3.542176888549066316e+00
1.021884661359367064e+00 3.428685733369749578e+00
1.023297705672665092e+00 3.317628534985657573e+00
1.024712703919031132e+00 3.209023792116948215e+00
1.026129658800328803e+00 3.102884985607806456e+00
1.027548573022160516e+00 2.999220806034222697e+00
1.028969449293866578e+00 2.898035382708962437e+00
1.030392290328536742e+00 2.799328513174780042e+00
1.031817098843009983e+00 2.703095892337040063e+00
1.033243877557884050e+00 2.609329340438981237e+00
1.034672629197517235e+00 2.518017029142459506e+00
1.036103356490035043e+00 2.429143705030601730e+00
1.037536062167336848e+00 2.342690909905856156e+00
1.038970748965097890e+00 2.258637197311335498e+00
1.040407419622777718e+00 2.176958344756168895e+00
1.041846076883623073e+00 2.097627561179475908e+00
1.043286723494673440e+00 2.020615689237166723e+00
1.044729362206768819e+00 1.945891402045809571e+00
1.046173995774550836e+00 1.873421394065615475e+00
1.047620626956472289e+00 1.803170565849075091e+00
1.049069258514798264e+00 1.735102202427141194e+00
1.050519893215614564e+00 1.669178145144466052e+00
1.051972533828832157e+00 1.605358956796375747e+00
1.053427183128191169e+00 1.543604079956274022e+00
1.054883843891268658e+00 1.483871988417460042e+00
1.056342518899481053e+00 1.426120331706498323e+00
1.057803210938091043e+00 1.370306072654895013e+00
1.059265922796214232e+00 1.316385618044926487e+00
1.060730657266820698e+00 1.264314942371227435e+00
1.062197417146744760e+00 1.214049704783156436e+00
1.063666205236686979e+00 1.165545359295802719e+00
1.065137024341219929e+00 1.118757258376125385e+00
1.066609877268796192e+00 1.073640750029006830e+00
1.068084766831750132e+00 1.030151268524019503e+00
1.069561695846306781e+00 9.882444189169031779e-01
1.071040667132583390e+00 9.478760555328555881e-01
1.072521683514597424e+00 9.090023545883658684e-01
1.074004747820272776e+00 8.715798811378207001e-01
1.075489862881441550e+00 8.355656505383846078e-01
1.076977031533853602e+00 8.009171846321183619e-01
1.078466256617178542e+00 7.675925628497144437e-01
1.079957540975013064e+00 7.355504684428256779e-01
1.081450887454886933e+00 7.047502300545658294e-01
1.082946298908265659e+00 6.751518588388990549e-01
1.084443778190559371e+00 6.467160813393970642e-01
1.085943328161125265e+00 6.194043683375498599e-01
1.087444951683275818e+00 5.931789598787077233e-01
1.088948651624281450e+00 5.680028866818419564e-01
1.090454430855377854e+00 5.438399881358410015e-01
1.091962292251771771e+00 5.206549270817265596e-01
1.093472238692644094e+00 4.984132015759321632e-01
1.094984273061159419e+00 4.770811538249550843e-01
1.096498398244466932e+00 4.566259764770517204e-01
1.098014617133708404e+00 4.370157164507883496e-01
1.099532932624025072e+00 4.182192764749408376e-01
1.101053347614559419e+00 4.002064145082365187e-01
1.102575865008464495e+00 3.829477412011446091e-01
1.104100487712907031e+00 3.664147155559832614e-01
1.105627218639072762e+00 3.505796389350103182e-01
1.107156060702175315e+00 3.354156475598208398e-01
1.108687016821456872e+00 3.208967036390842908e-01
1.110220089920198827e+00 3.069975852549028938e-01
1.111755282925722677e+00 2.936938751320365970e-01
1.113292598769398012e+00 2.809619484075447926e-01
1.114832040386650069e+00 2.687789595123766806e-01
1.116373610716959730e+00 2.571228282702112122e-01
1.117917312703875954e+00 2.459722253126704339e-01
1.119463149295015558e+00 2.353065569043956140e-01
1.121011123442071877e+00 2.251059492654181593e-01
1.122561238100820535e+00 2.153512324729074945e-01
1.124113496231123221e+00 2.060239240188343202e-01
1.125667900796935905e+00 1.971062120948712804e-01
1.127224454766311945e+00 1.885809386708348079e-01
1.128783161111408306e+00 1.804315824280657288e-01
1.130344022808493776e+00 1.726422416045043651e-01
1.131907042837950739e+00 1.651976168038010451e-01
1.133472224184284283e+00 1.580829938164022563e-01
1.135039569836125750e+00 1.512842264966539618e-01
1.136609082786238067e+00 1.447877197359488111e-01
1.138180766031524627e+00 1.385804125683315902e-01
1.139754622573031062e+00 1.326497614415290960e-01
1.141330655415954576e+00 1.269837236829782223e-01
1.142908867569645937e+00 1.215707411874249327e-01
1.144489262047617917e+00 1.163997243496545930e-01
1.146071841867551733e+00 1.114600362632229558e-01
1.147656610051298820e+00 1.067414772034699921e-01
1.149243569624891492e+00 1.022342694106248839e-01
1.150832723618544717e+00 9.792904218667151939e-02
1.152424075066665443e+00 9.381681731742616548e-02
1.154017627007854818e+00 8.988899482942801222e-02
1.155613382484915519e+00 8.613733908936532790e-02
1.157211344544859966e+00 8.255396525211923520e-02
1.158811516238911432e+00 7.913132606199342611e-02
1.160413900622514261e+00 7.586219901020251066e-02
1.162018500755336969e+00 7.273967385048094036e-02
1.163625319701278249e+00 6.975714047342500279e-02
1.165234360528475177e+00 6.690827713911091934e-02
1.166845626309305439e+00 6.418703906658182468e-02
1.168459120120397321e+00 6.158764737784480636e-02
1.170074845042631706e+00 5.910457839329114060e-02
1.171692804161149626e+00 5.673255327467185277e-02
1.173313000565360031e+00 5.446652801116270287e-02
1.174935437348941347e+00 5.230168374347972382e-02
1.176560117609852352e+00 5.023341742048434422e-02
1.178187044450333953e+00 4.825733278232424706e-02
1.179816220976916519e+00 4.636923166374240513e-02
1.181447650300427865e+00 4.456510561088675854e-02
1.183081335535995482e+00 4.284112780468849607e-02
1.184717279803056300e+00 4.119364528363250039e-02
1.186355486225359135e+00 3.961917145859088218e-02
1.187995957930972235e+00 3.811437891222702740e-02
1.189638698052291277e+00 3.667609247539082434e-02
1.191283709726040474e+00 3.530128257285527343e-02
1.192930996093284568e+00 3.398705883068790790e-02
1.194580560299429051e+00 3.273066393756778741e-02
1.196232405494229711e+00 3.152946775234150012e-02
1.197886534831799077e+00 3.038096165016860445e-02
1.199542951470608410e+00 2.928275309965896328e-02
1.201201658573499476e+00 2.823256046346380582e-02
1.202862659307685655e+00 2.722820801489810733e-02
1.204525956844759715e+00 2.626762116325029317e-02
1.206191554360701801e+00 2.534882188056847285e-02
1.207859455035881213e+00 2.446992432283853075e-02
1.209529662055068178e+00 2.362913063859332918e-02
1.211202178607433400e+00 2.282472695816061339e-02
1.212877007886560277e+00 2.205507955688168487e-02
1.214554153090446897e+00 2.131863118581659236e-02
1.216233617421512703e+00 2.061389756359387204e-02
1.217915404086607811e+00 1.993946402323770045e-02
1.219599516297014130e+00 1.929396829186181064e-02
1.221285957268456013e+00 1.867602079651073388e-02
1.222974730221103590e+00 1.808426836980086064e-02
1.224665838379578764e+00 1.751743193758818068e-02
1.226359284972964980e+00 1.697430221042725909e-02
1.228055073234808114e+00 1.645373552485696750e-02
1.229753206403127574e+00 1.595464995158212690e-02
1.231453687720418744e+00 1.547602165229402214e-02
1.233156520433660530e+00 1.501688146818605171e-02
1.234861707794323360e+00 1.457631172444547214e-02
1.236569253058371620e+00 1.415344323613421107e-02
1.238279159486274095e+00 1.374745250190697113e-02
1.239991430343006629e+00 1.335755907299061331e-02
1.241706068898059456e+00 1.298302308573123266e-02
1.243423078425445860e+00 1.262314294684798756e-02
1.245142462203703948e+00 1.227725316129603221e-02
1.246864223515907533e+00 1.194472229334512907e-02
1.248588365649668797e+00 1.162495105214189813e-02
1.250314891897145397e+00 1.131737049362572557e-02
1.252043805555049794e+00 1.102144033123392611e-02
1.253775109924650133e+00 1.073664734835484691e-02
1.255508808311782243e+00 1.046250390596603110e-02
1.257244904026850962e+00 1.019854653935137190e-02
1.258983400384839468e+00 9.944334638199039608e-03
1.260724300705315937e+00 9.699449204775259861e-03
1.262467608312436429e+00 9.463491685224889940e-03
1.264213326534956661e+00 9.236082869381215948e-03
1.265961458706232667e+00 9.016861854782141916e-03
1.267712008164230353e+00 8.805485070871293257e-03
1.269464978251532816e+00 8.601625359634462731e-03
1.271220372315342795e+00 8.404971109169533452e-03
1.272978193707494210e+00 8.215225436916275339e-03
1.274738445784453056e+00 8.032105419492412482e-03
1.276501131907329167e+00 7.855341366277147561e-03
1.278266255441878441e+00 7.684676134074526314e-03
1.280033819758510161e+00 7.519864480358406066e-03
1.281803828232297215e+00 7.360672452764567553e-03
1.283576284242975873e+00 7.206876812646271536e-03
1.285351191174958663e+00 7.058264490647272668e-03
1.287128552417336813e+00 6.914632072380329578e-03
1.288908371363886696e+00 6.775785312418459473e-03
1.290690651413080703e+00 6.641538674920726727e-03
1.292475395968086804e+00 6.511714899321657118e-03
1.294262608436782758e+00 6.386144589609138271e-03
1.296052292231755221e+00 6.264665825812254507e-03
1.297844450770311076e+00 6.147123796402332967e-03
1.299639087474483645e+00 6.033370450394328309e-03
1.301436205771035803e+00 5.923264168009585544e-03
1.303235809091471964e+00 5.816669448830405140e-03
1.305037900872038747e+00 5.713456616444782810e-03
1.306842484553735195e+00 5.613501538638539928e-03
1.308649563582320097e+00 5.516685362251290067e-03
1.310459141408314210e+00 5.422894261865983910e-03
1.312271221487012252e+00 5.332019201551017537e-03
1.314085807278485341e+00 5.243955708922687711e-03
1.315902902247588546e+00 5.158603660838038257e-03
1.317722509863970437e+00 5.075867080070428985e-03
1.319544633602074635e+00 4.995653942358698960e-03
1.321369276941151805e+00 4.917875993256085390e-03
1.323196443365261432e+00 4.842448574240286463e-03
1.325026136363280926e+00 4.769290457576469584e-03
1.326858359428914280e+00 4.698323689455670416e-03
1.328693116060693180e+00 4.629473440958959719e-03
1.330530409761990551e+00 4.562667866422859091e-03
1.332370244041021001e+00 4.497837968807938576e-03
1.334212622410850368e+00 4.434917471693504594e-03
1.336057548389404825e+00 4.373842697544332372e-03
1.337905025499471767e+00 4.314552451915646542e-03
1.339755057268712912e+00 4.256987913280399494e-03
1.341607647229664746e+00 4.201092528182649548e-03
1.343462798919752066e+00 4.146811911435897488e-03
1.345320515881288426e+00 4.094093751102582078e-03
1.347180801661485683e+00 4.042887718004565742e-03
1.349043659812463103e+00 3.993145379529189354e-03
1.350909093891248913e+00 3.944820117508625150e-03
1.352777107459792294e+00 3.897867049961888097e-03
1.354647704084966264e+00 3.852242956501608900e-03
1.356520887338575676e+00 3.807906207217603544e-03
1.358396660797366984e+00 3.764816694860164889e-03
1.360275028043029355e+00 3.722935770155803414e-03
1.362155992662207327e+00 3.682226180096603244e-03
1.364039558246503026e+00 3.642652009053908794e-03
1.365925728392485272e+00 3.604178622574431660e-03
1.367814506701697796e+00 3.566772613724803788e-03
1.369705896780661902e+00 3.530401751858050063e-03
1.371599902240888680e+00 3.495034933681560613e-03
1.373496526698881448e+00 3.460642136513468383e-03
1.375395773776143526e+00 3.427194373619557762e-03
1.377297647099188893e+00 3.394663651528957975e-03
1.379202150299542851e+00 3.363022929232401328e-03
1.381109287013755571e+00 3.332246079171313248e-03
1.383019060883403428e+00 3.302307849931533125e-03
1.384931475555098102e+00 3.273183830559414035e-03
1.386846534680496124e+00 3.244850416422545829e-03
1.388764241916300879e+00 3.217284776541661211e-03
1.390684600924274594e+00 3.190464822323426427e-03
1.392607615371240781e+00 3.164369177628208359e-03
1.394533288929093562e+00 3.138977150109756482e-03
1.396461625274806773e+00 3.114268703767180714e-03
1.398392628090435741e+00 3.090224432652781145e-03
1.400326301063129719e+00 3.066825535681824005e-03
1.402262647885134772e+00 3.044053792493547472e-03
1.404201672253802657e+00 3.021891540314819435e-03
1.406143377871599487e+00 3.000321651780625803e-03
1.408087768446108390e+00 2.979327513667860347e-03
1.410034847690042392e+00 2.958893006500802267e-03
1.411984619321245304e+00 2.939002484989242797e-03
1.413937087062704601e+00 2.919640759261604799e-03
1.415892254642553860e+00 2.900793076857863424e-03
1.417850125794082317e+00 2.882445105448343606e-03
1.419810704255742628e+00 2.864582916246442065e-03
1.421773993771155098e+00 2.847192968084917911e-03
1.423739998089118775e+00 2.830262092126660089e-03
1.425708720963614784e+00 2.813777477182595899e-03
1.427680166153814989e+00 2.797726655610521113e-03
1.429654337424091759e+00 2.782097489770029089e-03
1.431631238544019524e+00 2.766878159009973550e-03
1.433610873288388321e+00 2.752057147165952195e-03
1.435593245437205567e+00 2.737623230546505724e-03
1.437578358775706056e+00 2.723565466387775028e-03
1.439566217094360168e+00 2.709873181757218880e-03
1.441556824188877650e+00 2.696535962888204838e-03
1.443550183860219160e+00 2.683543644927878502e-03
1.445546299914598931e+00 2.670886302081856845e-03
1.447545176163495206e+00 2.658554238139892393e-03
1.449546816423658235e+00 2.646537977367555399e-03
1.451551224517113159e+00 2.634828255749697545e-03
1.453558404271172888e+00 2.623416012572103457e-03
1.455568359518440991e+00 2.612292382328488746e-03
1.457581094096820129e+00 2.601448686940585273e-03
1.459596611849522718e+00 2.590876428279630279e-03
1.461614916625072258e+00 2.580567280978319795e-03
1.463636012277316656e+00 2.570513085522522188e-03
1.465659902665431114e+00 2.560705841612946360e-03
1.467686591653926786e+00 2.551137701787152458e-03
1.469716083112660998e+00 2.541800965292855506e-03
1.471748380916839460e+00 2.532688072204128914e-03
1.473783488947029374e+00 2.523791597772099670e-03
1.475821411089161206e+00 2.515104247002637738e-03
1.477862151234539345e+00 2.506618849453552591e-03
1.479905713279851209e+00 2.498328354244335869e-03
1.481952101127169463e+00 2.490225825271905492e-03
1.484001318683965343e+00 2.482304436625940545e-03
1.486053369863110873e+00 2.474557468197950954e-03
1.488108258582889087e+00 2.466978301478320486e-03
1.490165988767003125e+00 2.459560415535994027e-03
1.492226564344579121e+00 2.452297383175690813e-03
1.494289989250179085e+00 2.445182867267789006e-03
1.496356267423802455e+00 2.438210617246300196e-03
1.498425402810900309e+00 2.431374465770525049e-03
1.500497399362376916e+00 2.424668325546300903e-03
1.502572261034599510e+00 2.418086186302867077e-03
1.504649991789408947e+00 2.411622111921613888e-03
1.506730595594121036e+00 2.405270237713199102e-03
1.508814076421540751e+00 2.399024767839603133e-03
1.510900438249964006e+00 2.392879972878006120e-03
1.512989685063188539e+00 2.386830187523317562e-03
1.515081820850522121e+00 2.380869808426595933e-03
1.517176849606786337e+00 2.374993292166490376e-03
1.519274775332330130e+00 2.369195153351115815e-03
1.521375602033031127e+00 2.363469962847870431e-03
1.523479333720306528e+00 2.357812346138759511e-03
1.525585974411122869e+00 2.352217051618220311e-03
1.527695528127997804e+00 2.346680368110563158e-03
1.529807998899014754e+00 2.341200046315298697e-03
1.531923390757824466e+00 2.335773916087432230e-03
1.534041707743655669e+00 2.330399828053985115e-03
1.536162953901324402e+00 2.325075653166832051e-03
1.538287133281237118e+00 2.319799282275049682e-03
1.540414249939403790e+00 2.314568625716489393e-03
1.542544307937441239e+00 2.309381612928279419e-03
1.544677311342581794e+00 2.304236192075913639e-03
1.546813264227685059e+00 2.299130329700649084e-03
1.548952170671238582e+00 2.294062010384928952e-03
1.551094034757373397e+00 2.289029236435535363e-03
1.553238860575865576e+00 2.284030027584226397e-03
1.555386652222145560e+00 2.279062420705564238e-03
1.557537413797310588e+00 2.274124469551670746e-03
1.559691149408124922e+00 2.269214244503706211e-03
1.561847863167034500e+00 2.264329832339766809e-03
1.564007559192170271e+00 2.259469336018999578e-03
1.566170241607356850e+00 2.254630874481673795e-03
1.568335914542124288e+00 2.249812582464988473e-03
1.570504582131709181e+00 2.245012610334404333e-03
1.572676248517069997e+00 2.240229123930242202e-03
1.574850917844887288e+00 2.235460304429348361e-03
1.577028594267579242e+00 2.230704348221617794e-03
1.579209281943303678e+00 2.225959466801154165e-03
1.581392985035968035e+00 2.221223886671864003e-03
1.583579707715240037e+00 2.216495849267216198e-03
1.585769454156549463e+00 2.211773610884102195e-03
1.587962228541103693e+00 2.207055442630399648e-03
1.590158035055889041e+00 2.202339630386236473e-03
1.592356877893681633e+00 2.197624474778567174e-03
1.594558761253057622e+00 2.192908291169001593e-03
1.596763689338395631e+00 2.188189409654616325e-03
1.598971666359891408e+00 2.183466175081538469e-03
1.601182696533560046e+00 2.178736947071159471e-03
1.603396784081245974e+00 2.174000100058707998e-03
1.605613933230634949e+00 2.169254023344015757e-03
1.607834148215254499e+00 2.164497121154285424e-03
1.610057433274489691e+00 2.159727812718616972e-03
1.612283792653585790e+00 2.154944532354124975e-03
1.614513230603657812e+00 2.150145729563399284e-03
1.616745751381701401e+00 2.145329869143147283e-03
1.618981359250596386e+00 2.140495431303760573e-03
1.621220058479119208e+00 2.135640911799615693e-03
1.623461853341947814e+00 2.130764822069895932e-03
1.625706748119670308e+00 2.125865689389701794e-03
1.627954747098796728e+00 2.120942057031216348e-03
1.630205854571761037e+00 2.115992484434747224e-03
1.632460074836936004e+00 2.111015547389356872e-03
1.634717412198635866e+00 2.106009838222896308e-03
1.636977870967126547e+00 2.100973966001172619e-03
1.639241455458636310e+00 2.095906556736021678e-03
1.641508169995359312e+00 2.090806253602077013e-03
1.643778018905468929e+00 2.085671717161903960e-03
1.646051006523121307e+00 2.080501625599337316e-03
1.648327137188465796e+00 2.075294674960714153e-03
1.650606415247655612e+00 2.070049579403733346e-03
1.652888845052850497e+00 2.064765071453739283e-03
1.655174430962231824e+00 2.059439902267056356e-03
1.657463177340003480e+00 2.054072841901209440e-03
1.659755088556408076e+00 2.048662679591659996e-03
1.662050168987728282e+00 2.043208224034844846e-03
1.664348423016298595e+00 2.037708303677152923e-03
1.666649855030515548e+00 2.032161767009612284e-03
1.668954469424840825e+00 2.026567482867951738e-03
1.671262270599815913e+00 2.020924340737729596e-03
1.673573262962064767e+00 2.015231251064247223e-03
1.675887450924304689e+00 2.009487145566875733e-03
1.678204838905357210e+00 2.003690977557549043e-03
1.680525431330151198e+00 1.997841722263020859e-03
1.682849232629737068e+00 1.991938377150612779e-03
1.685176247241290559e+00 1.985979962257080136e-03
1.687506479608122278e+00 1.979965520520279420e-03
1.689839934179689918e+00 1.973894118113245656e-03
1.692176615411600471e+00 1.967764844780390491e-03
1.694516527765625336e+00 1.961576814175407246e-03
1.696859675709703197e+00 1.955329164200552469e-03
1.699206063717950466e+00 1.949021057346938179e-03
1.701555696270673490e+00 1.942651681035400049e-03
1.703908577854369888e+00 1.936220247957696041e-03
1.706264712961744978e+00 1.929725996417493844e-03
1.708624106091713779e+00 1.923168190670905553e-03
1.710986761749412333e+00 1.916546121266071061e-03
1.713352684446208807e+00 1.909859105381456895e-03
1.715721878699706382e+00 1.903106487162473884e-03
1.718094349033758128e+00 1.896287638055950495e-03
1.720470099978470557e+00 1.889401957142166060e-03
1.722849136070214060e+00 1.882448871463898114e-03
1.725231461851634673e+00 1.875427836352208015e-03
1.727617081871655857e+00 1.868338335748458753e-03
1.730006000685495371e+00 1.861179882522169407e-03
1.732398222854666825e+00 1.853952018784332020e-03
1.734793752946991674e+00 1.846654316195704042e-03
1.737192595536610096e+00 1.839286376269694311e-03
1.739594755203984322e+00 1.831847830669408204e-03
1.742000236535912849e+00 1.824338341498433699e-03
1.744409044125534214e+00 1.816757601584938122e-03
1.746821182572341202e+00 1.809105334758622169e-03
1.749236656482184404e+00 1.801381296120179495e-03
1.751655470467283093e+00 1.793585272302741004e-03
1.754077629146236772e+00 1.785717081724935663e-03
1.756503137144028059e+00 1.777776574835158649e-03
1.758931999092038900e+00 1.769763634346552001e-03
1.761364219628051897e+00 1.761678175462365369e-03
1.763799803396263410e+00 1.753520146091207006e-03
1.766238755047294218e+00 1.745289527051775615e-03
1.768681079238191955e+00 1.736986332266738688e-03
1.771126780632447995e+00 1.728610608945212396e-03
1.773575863899999216e+00 1.720162437753567459e-03
1.776028333717240670e+00 1.711641932974074590e-03
1.778484194767035564e+00 1.703049242650997485e-03
1.780943451738719707e+00 1.694384548723819588e-03
1.783406109328116607e+00 1.685648067147086379e-03
1.785872172237540134e+00 1.676840047996618370e-03
1.788341645175806738e+00 1.667960775561625354e-03
1.790814532858246544e+00 1.659010568422370413e-03
1.793290840006706688e+00 1.649989779513089637e-03
1.795770571349566858e+00 1.640898796169707862e-03
1.798253731621742846e+00 1.631738040162111899e-03
1.800740325564697208e+00 1.622507967710585522e-03
1.803230357926452143e+00 1.613209069486059698e-03
1.805723833461591266e+00 1.603841870593979016e-03
1.808220756931276707e+00 1.594406930541302685e-03
1.810721133103251335e+00 1.584904843186537562e-03
1.813224966751850742e+00 1.575336236672360843e-03
1.815732262658015461e+00 1.565701773340644198e-03
1.818243025609292740e+00 1.556002149629637362e-03
1.820757260399854527e+00 1.546238095952986351e-03
1.823274971830498581e+00 1.536410376560449478e-03
1.825796164708661129e+00 1.526519789380011713e-03
1.828320843848429300e+00 1.516567165841237359e-03
1.830849014070542902e+00 1.506553370679682147e-03
1.833380680202411739e+00 1.496479301722140973e-03
1.835915847078116947e+00 1.486345889652635442e-03
1.838454519538428311e+00 1.476154097758930429e-03
1.840996702430806042e+00 1.465904921659536529e-03
1.843542400609413434e+00 1.455599389011009949e-03
1.846091618935129075e+00 1.445238559195478065e-03
1.848644362275549291e+00 1.434823522988386106e-03
1.851200635505004577e+00 1.424355402206289086e-03
1.853760443504563371e+00 1.413835349334756439e-03
1.856323791162043157e+00 1.403264547136306517e-03
1.858890683372023123e+00 1.392644208238389596e-03
1.861461125035847042e+00 1.381975574701461680e-03
1.864035121061639488e+00 1.371259917567125034e-03
1.866612676364309609e+00 1.360498536386478769e-03
1.869193795865562446e+00 1.349692758728687509e-03
1.871778484493911376e+00 1.338843939669870061e-03
1.874366747184681659e+00 1.327953461262504744e-03
1.876958588880026424e+00 1.317022731985368310e-03
1.879554014528929562e+00 1.306053186174293591e-03
1.882153029087219043e+00 1.295046283433822420e-03
1.884755637517578020e+00 1.284003508030004924e-03
1.887361844789548382e+00 1.272926368264609091e-03
1.889971655879547408e+00 1.261816395830872226e-03
1.892585075770871095e+00 1.250675145151184829e-03
1.895202109453706152e+00 1.239504192696906822e-03
1.897822761925142210e+00 1.228305136290646369e-03
1.900447038189175375e+00 1.217079594391382285e-03
1.903074943256724882e+00 1.205829205362657494e-03
1.905706482145636205e+00 1.194555626724387587e-03
1.908341659880692820e+00 1.183260534388513906e-03
1.910980481493630201e+00 1.171945621878972121e-03
1.913622952023136925e+00 1.160612599536505612e-03
1.916269076514873548e+00 1.149263193708565224e-03
1.918918860021474382e+00 1.137899145925040005e-03
1.921572307602560148e+00 1.126522356105826928e-03
1.924229424324751525e+00 1.115135292525568826e-03
1.926890215261670924e+00 1.103740543718690703e-03
1.929554685493960475e+00 1.092340675543666817e-03
1.932222840109283579e+00 1.080938230280035746e-03
1.934894684202342896e+00 1.069535725746867698e-03
1.937570222874883230e+00 1.058135654443182134e-03
1.940249461235703743e+00 1.046740482710585693e-03
1.942932404400670832e+00 1.035352649918478427e-03
1.945619057492721016e+00 1.023974567672210215e-03
1.948309425641879145e+00 1.012608619044346944e-03
1.951003513985260396e+00 1.001257157829475589e-03
1.953701327667083376e+00 9.899225078226787239e-04
1.956402871838683444e+00 9.786069621219265369e-04
1.959108151658514929e+00 9.673127824547156145e-04
1.961817172292168676e+00 9.560421985289260923e-04
1.964529938912376483e+00 9.447974074083050500e-04
1.967246456699021984e+00 9.335805729125345141e-04
1.969966730839154856e+00 9.223938250421074170e-04
1.972690766526993267e+00 9.112392594281269785e-04
1.975418568963942079e+00 9.001189368070354729e-04
1.978150143358595070e+00 8.890348825204474805e-04
1.980885494926748924e+00 8.779890860400472920e-04
1.983624628891414998e+00 8.669835005176026142e-04
1.986367550482823763e+00 8.560200423601533421e-04
1.989114264938441234e+00 8.451005908302667603e-04
1.991864777502973194e+00 8.342269876714254176e-04
1.994619093428377399e+00 8.234010367584401226e-04
1.997377217973876906e+00 8.126245037728109738e-04
2.000139156405963181e+00 8.018991159030340382e-04
2.002904913998414749e+00 7.912265615696068054e-04
2.005674496032298304e+00 7.806084901747846775e-04
2.008447907795984477e+00 7.700465118767725560e-04
2.011225154585158492e+00 7.595421973883201934e-04
2.014006241702825051e+00 7.490970777995211664e-04
2.016791174459325209e+00 7.387126444245561280e-04
2.019579958172340817e+00 7.283903486722869899e-04
2.022372598166906510e+00 7.181316019403878332e-04
2.025169099775422588e+00 7.079377755328015607e-04
2.027969468337660341e+00 6.978102006003170533e-04
2.030773709200777599e+00 6.877501681039081740e-04
2.033581827719323609e+00 6.777589288006680883e-04
2.036393829255251919e+00 6.678376932519288541e-04
2.039209719177933255e+00 6.579876318533400088e-04
2.042029502864159074e+00 6.482098748865791583e-04
2.044853185698159770e+00 6.385055125922981835e-04
2.047680773071606897e+00 6.288755952640614436e-04
2.050512270383631819e+00 6.193211333628129145e-04
2.053347683040828819e+00 6.098430976516123776e-04
2.056187016457267092e+00 6.004424193501794408e-04
2.059030276054507169e+00 5.911199903088806655e-04
2.061877467261600927e+00 5.818766632018267321e-04
2.064728595515112008e+00 5.727132517385622639e-04
2.067583666259118935e+00 5.636305308940382265e-04
2.070442684945227541e+00 5.546292371563900717e-04
2.073305657032586069e+00 5.457100687920881602e-04
2.076172587987886065e+00 5.368736861280852231e-04
2.079043483285383687e+00 5.281207118504233121e-04
2.081918348406901487e+00 5.194517313189501518e-04
2.084797188841841287e+00 5.108672928976254511e-04
2.087680010087199722e+00 5.023679082999581245e-04
2.090566817647570019e+00 4.939540529491812885e-04
2.093457617035161533e+00 4.856261663525852056e-04
2.096352413769801970e+00 4.773846524896631794e-04
2.099251213378952041e+00 4.692298802134715441e-04
2.102154021397719230e+00 4.611621836648146264e-04
2.105060843368860457e+00 4.531818626987595263e-04
2.107971684842801174e+00 4.452891833229440360e-04
2.110886551377638920e+00 4.374843781472897682e-04
2.113805448539156639e+00 4.297676468445437554e-04
2.116728381900837341e+00 4.221391566212076801e-04
2.119655357043865429e+00 4.145990426984120050e-04
2.122586379557148017e+00 4.071474088021343526e-04
2.125521455037317597e+00 3.997843276624265759e-04
2.128460589088744914e+00 3.925098415210479192e-04
2.131403787323553178e+00 3.853239626470775269e-04
2.134351055361623395e+00 3.782266738600447570e-04
2.137302398830609906e+00 3.712179290600536819e-04
2.140257823365946610e+00 3.642976537644725967e-04
2.143217334610860725e+00 3.574657456506906677e-04
2.146180938216383893e+00 3.507220751044891230e-04
2.149148639841360175e+00 3.440664857735683656e-04
2.152120445152460704e+00 3.374987951257546665e-04
2.155096359824189456e+00 3.310187950114642477e-04
2.158076389538901463e+00 3.246262522299294935e-04
2.161060539986804141e+00 3.183209090988105825e-04
2.164048816865975944e+00 3.121024840266760814e-04
2.167041225882375244e+00 3.059706720879869072e-04
2.170037772749847438e+00 2.999251456001276973e-04
2.173038463190143599e+00 2.939655547020547785e-04
2.176043302932922252e+00 2.880915279341846264e-04
2.179052297715766251e+00 2.823026728190798098e-04
2.182065453284194767e+00 2.765985764425419983e-04
2.185082775391666843e+00 2.709788060347506156e-04
2.188104269799602708e+00 2.654429095510031015e-04
2.191129942277385556e+00 2.599904162517466494e-04
2.194159798602376643e+00 2.546208372814755955e-04
2.197193844559929055e+00 2.493336662461683893e-04
2.200232085943391702e+00 2.441283797889035913e-04
2.203274528554128864e+00 2.390044381632902819e-04
2.206321178201522848e+00 2.339612858044222345e-04
2.209372040702989981e+00 2.289983518969674085e-04
2.212427121883993486e+00 2.241150509401230420e-04
2.215486427578047923e+00 2.193107833091184004e-04
2.218549963626738286e+00 2.145849358129268015e-04
2.221617735879724442e+00 2.099368822479545464e-04
2.224689750194754456e+00 2.053659839473726586e-04
2.227766012437680576e+00 2.008715903258382967e-04
2.230846528482461455e+00 1.964530394193539820e-04
2.233931304211181690e+00 1.921096584199803888e-04
2.237020345514057151e+00 1.878407642051790818e-04
2.240113658289448750e+00 1.836456638615440460e-04
2.243211248443876205e+00 1.795236552026811003e-04
2.246313121892022480e+00 1.754740272810457297e-04
2.249419284556754217e+00 1.714960608934893197e-04
2.252529742369123955e+00 1.675890290803641180e-04
2.255644501268385671e+00 1.637521976179499991e-04
2.258763567202010325e+00 1.599848255040464456e-04
2.261886946125687192e+00 1.562861654365690944e-04
2.265014644003346067e+00 1.526554642849500527e-04
2.268146666807159484e+00 1.490919635542352199e-04
2.271283020517562257e+00 1.455948998416917216e-04
2.274423711123254588e+00 1.421635052858269063e-04
2.277568744621219832e+00 1.387970080076606351e-04
2.280718127016735153e+00 1.354946325441557810e-04
2.283871864323378631e+00 1.322556002736924199e-04
2.287029962563047469e+00 1.290791298334721682e-04
2.290192427765962879e+00 1.259644375287876435e-04
2.293359265970684735e+00 1.229107377340445627e-04
2.296530483224125341e+00 1.199172432854783758e-04
2.299706085581555204e+00 1.169831658655031233e-04
2.302886079106622130e+00 1.141077163786110785e-04
2.306070469871355222e+00 1.112901053188021684e-04
2.309259263956179087e+00 1.085295431284743957e-04
2.312452467449931159e+00 1.058252405487480457e-04
2.315650086449862144e+00 1.031764089612116864e-04
2.318852127061660440e+00 1.005822607210348293e-04
2.322058595399451697e+00 9.804200948147357016e-05
2.325269497585817913e+00 9.555487050972779207e-05
2.328484839751809865e+00 9.312006099416985500e-05
2.331704628036951554e+00 9.073680034295497523e-05
2.334928868589261519e+00 8.840431047400164029e-05
2.338157567565256389e+00 8.612181609639820725e-05
2.341390731129964653e+00 8.388854498322977559e-05
2.344628365456945307e+00 8.170372823586999019e-05
2.347870476728287858e+00 7.956660053978496425e-05
2.351117071134634973e+00 7.747640041187294434e-05
2.354368154875186914e+00 7.543237043940512199e-05
2.357623734157715312e+00 7.343375751061395498e-05
2.360883815198580038e+00 7.147981303698652897e-05
2.364148404222731870e+00 6.956979316733822997e-05
2.367417507463733362e+00 6.770295899371830874e-05
2.370691131163764176e+00 6.587857674923953499e-05
2.373969281573634849e+00 6.409591799789527214e-05
2.377251964952803664e+00 6.235425981645076321e-05
2.380539187569378878e+00 6.065288496850259427e-05
2.383830955700141807e+00 5.899108207077804171e-05
2.387127275630547718e+00 5.736814575179235965e-05
2.390428153654748034e+00 5.578337680293488695e-05
2.393733596075594328e+00 5.423608232210723424e-05
2.397043609204653869e+00 5.272557585000146613e-05
2.400358199362224276e+00 5.125117749913150997e-05
2.403677372877338847e+00 4.981221407572852209e-05
2.407001136087786985e+00 4.840801919460404424e-05
2.410329495340118644e+00 4.703793338710769343e-05
2.413662456989658089e+00 4.570130420228381410e-05
2.417000027400523887e+00 4.439748689943057283e-05
2.420342212945627125e+00 4.312587050290307586e-05
2.423689020006698502e+00 4.188588426464849986e-05
2.427040454974288330e+00 4.067696029539930573e-05
2.430396524247783852e+00 3.949853118302676353e-05
2.433757234235425226e+00 3.835003050685472986e-05
2.437122591354308199e+00 3.723089332804847818e-05
2.440492602030408076e+00 3.614055665646732961e-05
2.443867272698580617e+00 3.507845989441972523e-05
2.447246609802581130e+00 3.404404525774422922e-05
2.450630619795078236e+00 3.303675817468681021e-05
2.454019309137657867e+00 3.205604766304695697e-05
2.457412684300846806e+00 3.110136668607273359e-05
2.460810751764114901e+00 3.017217248761668358e-05
2.464213518015891502e+00 2.926792690705308785e-05
2.467620989553582334e+00 2.838809667447911460e-05
2.471033172883571716e+00 2.753215368673178769e-05
2.474450074521246989e+00 2.669957526474258297e-05
2.477871700991000292e+00 2.588984439278040360e-05
2.481298058826246322e+00 2.510244994011083584e-05
2.484729154569436993e+00 2.433688686562170437e-05
2.488164994772066319e+00 2.359265640596013177e-05
2.491605585994693062e+00 2.286926624771435350e-05
2.495050934806943843e+00 2.216623068419513223e-05
2.498501047787528684e+00 2.148307075734696322e-05
2.501955931524260102e+00 2.081931438532701810e-05
2.505415592614053111e+00 2.017449647629058064e-05
2.508880037662951423e+00 1.954815902889970518e-05
2.512349273286127893e+00 1.893985122008794256e-05
2.515823306107907165e+00 1.834912948058693751e-05
2.519302142761771446e+00 1.777555755873111320e-05
2.522785789890374275e+00 1.721870657303660793e-05
2.526274254145559173e+00 1.667815505404721664e-05
2.529767542188362306e+00 1.615348897593636690e-05
2.533265660689035137e+00 1.564430177833355540e-05
2.536768616327050196e+00 1.515019437884629005e-05
2.540276415791115294e+00 1.467077517673117149e-05
2.543789065779191283e+00 1.420566004815886708e-05
2.547306572998495611e+00 1.375447233351259776e-05
2.550828944165525414e+00 1.331684281713904122e-05
2.554356186006061957e+00 1.289240969997167653e-05
2.557888305255186179e+00 1.248081856542536333e-05
2.561425308657296451e+00 1.208172233895530093e-05
2.564967202966112136e+00 1.169478124166379035e-05
2.568513994944696233e+00 1.131966273831902347e-05
2.572065691365459372e+00 1.095604148015018098e-05
2.575622299010178473e+00 1.060359924276086599e-05
2.579183824670010505e+00 1.026202485949881752e-05
2.582750275145498264e+00 9.931014150607137288e-06
2.586321657246594352e+00 9.610269848466882885e-06
2.589897977792662953e+00 9.299501519237260463e-06
2.593479243612498930e+00 8.998425481180548992e-06
2.597065461544342924e+00 8.706764719954224793e-06
2.600656638435886236e+00 8.424248801138895673e-06
2.604252781144295703e+00 8.150613780259344501e-06
2.607853896536214133e+00 7.885602110549419207e-06
2.611459991487780741e+00 7.628962548695676863e-06
2.615071072884646686e+00 7.380450058788467178e-06
2.618687147621978628e+00 7.139825714699082251e-06
2.622308222604483596e+00 6.906856601088454281e-06
2.625934304746412096e+00 6.681315713247948165e-06
2.629565400971575873e+00 6.462981855959252669e-06
2.633201518213364789e+00 6.251639541554276091e-06
2.636842663414749932e+00 6.047078887345637989e-06
2.640488843528309815e+00 5.849095512588810146e-06
2.644140065516230820e+00 5.657490435131629524e-06
2.647796336350328517e+00 5.472069967894252165e-06
2.651457663012061428e+00 5.292645615318451278e-06
2.655124052492538134e+00 5.119033969915955500e-06
2.658795511792538591e+00 4.951056609036825134e-06
2.662472047922518126e+00 4.788539991974235158e-06
2.666153667902631419e+00 4.631315357511969306e-06
2.669840378762736943e+00 4.479218622017122170e-06
2.673532187542412952e+00 4.332090278171250671e-06
2.677229101290977020e+00 4.189775294428574586e-06
2.680931127067488262e+00 4.052123015283683909e-06
2.684638271940772647e+00 3.918987062423734960e-06
2.688350542989426994e+00 3.790225236836842932e-06
2.692067947301835851e+00 3.665699421940881047e-06
2.695790491976189251e+00 3.545275487792662624e-06
2.699518184120488051e+00 3.428823196432694890e-06
2.703251030852566128e+00 3.316216108414983141e-06
2.706989039300097044e+00 3.207331490567918934e-06
2.710732216600609146e+00 3.102050225026884915e-06
2.714480569901505103e+00 3.000256719575411196e-06
2.718234106360065461e+00 2.901838819328649419e-06
2.721992833143473067e+00 2.806687719786785379e-06
2.725756757428817512e+00 2.714697881285566007e-06
2.729525886403112445e+00 2.625766944864674386e-06
2.733300227263314230e+00 2.539795649573262592e-06
2.737079787216324167e+00 2.456687751228841467e-06
2.740864573479016908e+00 2.376349942641124871e-06
2.744654593278240462e+00 2.298691775312192236e-06
2.748449853850836178e+00 2.223625582619362801e-06
2.752250362443657838e+00 2.151066404486024682e-06
2.756056126313573440e+00 2.080931913543394390e-06
2.759867152727490947e+00 2.013142342783020879e-06
2.763683448962363176e+00 1.947620414698855900e-06
2.767505022305206008e+00 1.884291271915147841e-06
2.771331880053114816e+00 1.823082409294779741e-06
2.775164029513270236e+00 1.763923607521390221e-06
2.779001478002962156e+00 1.706746868146078747e-06
2.782844232849595922e+00 1.651486350089276870e-06
2.786692301390707005e+00 1.598078307586086422e-06
2.790545690973982751e+00 1.546461029562329417e-06
2.794404408957265051e+00 1.496574780428118604e-06
2.798268462708575655e+00 1.448361742273283639e-06
2.802137859606117942e+00 1.401765958449775805e-06
2.806012607038305351e+00 1.356733278523453529e-06
2.809892712403761816e+00 1.313211304578696837e-06
2.813778183111343090e+00 1.271149338856859619e-06
2.817669026580153613e+00 1.230498332710146068e-06
2.821565250239550959e+00 1.191210836851505545e-06
2.825466861529172036e+00 1.153240952880271296e-06
2.829373867898937078e+00 1.116544286063516196e-06
2.833286276809066528e+00 1.081077899352086918e-06
2.837204095730103237e+00 1.046800268610171403e-06
2.841127332142912021e+00 1.013671239037307240e-06
2.845055993538709416e+00 9.816519827606253647e-07
2.848990087419066342e+00 9.507049575760679990e-07
2.852929621295926310e+00 9.207938668161779954e-07
2.856874602691624521e+00 8.918836203224969608e-07
2.860825039138891857e+00 8.639402965005976968e-07
2.864780938180881975e+00 8.369311054351944661e-07
2.868742307371174416e+00 8.108243530436060685e-07
2.872709154273792809e+00 7.855894062450628822e-07
2.876681486463226189e+00 7.611966591239765768e-07
2.880659311524430333e+00 7.376175000652856937e-07
2.884642637052855285e+00 7.148242798397919822e-07
2.888631470654450251e+00 6.927902806180556506e-07
2.892625819945681354e+00 6.714896858911366906e-07
2.896625692553550735e+00 6.508975512769463113e-07
2.900631096115601881e+00 6.309897761910638941e-07
2.904642038279944938e+00 6.117430763610623903e-07
2.908658526705261149e+00 5.931349571637900727e-07
2.912680569060821956e+00 5.751436877650815379e-07
2.916708173026508533e+00 5.577482760418173494e-07
2.920741346292815344e+00 5.409284442665062452e-07
2.924780096560877674e+00 5.246646055347171459e-07
2.928824431542474294e+00 5.089378409162181248e-07
2.932874358960048777e+00 4.937298773107231230e-07
2.936929886546726820e+00 4.790230659896703424e-07
2.940991022046322012e+00 4.648003618057228516e-07
2.945057773213362040e+00 4.510453030518667528e-07
2.949130147813090463e+00 4.377419919525857167e-07
2.953208153621495136e+00 4.248750757695780892e-07
2.957291798425311757e+00 4.124297285051974098e-07
2.961381090022044305e+00 4.003916331867720305e-07
2.965476036219981459e+00 3.887469647155551518e-07
2.969576644838205493e+00 3.774823732643104320e-07
2.973682923706614467e+00 3.665849682077955120e-07
2.977794880665930677e+00 3.560423025709299484e-07
2.981912523567717965e+00 3.458423579795582453e-07
2.986035860274401266e+00 3.359735300992171021e-07
2.990164898659271930e+00 3.264246145476183304e-07
2.994299646606513932e+00 3.171847932667583174e-07
2.998440112011210079e+00 3.082436213411577319e-07
3.002586302779358451e+00 2.995910142487593063e-07
3.006738226827895488e+00 2.912172355315707844e-07
3.010895892084698211e+00 2.831128848733570155e-07
3.015059306488612645e+00 2.752688865719810054e-07
3.019228477989457815e+00 2.676764783944014707e-07
3.023403414548045287e+00 2.603272008025292108e-07
3.027584124136199595e+00 2.532128865385159290e-07
3.031770614736762681e+00 2.463256505583733891e-07
3.035962894343620988e+00 2.396578803030109516e-07
3.040160970961709896e+00 2.332022262961997705e-07
3.044364852607033711e+00 2.269515588823332482e-07
3.048574547306686089e+00 2.208986976434434012e-07
3.052790063098854922e+00 2.150365796062824700e-07
3.057011408032848099e+00 2.093584176664918632e-07
3.061238590169100160e+00 2.038576903281172027e-07
3.065471617579190955e+00 1.985281304507901250e-07
3.069710498345866512e+00 1.933637145072765492e-07
3.073955240563043034e+00 1.883586523268734365e-07
3.078205852335835768e+00 1.835073773012467328e-07
3.082462341780562110e+00 1.788045370306263357e-07
3.086724717024763365e+00 1.742449843892950764e-07
3.090992986207222959e+00 1.698237689904054808e-07
3.095267157477973541e+00 1.655361290311834374e-07
3.099547238998322740e+00 1.613774835004659310e-07
3.103833238940857608e+00 1.573434247315014228e-07
3.108125165489473041e+00 1.534297112837086848e-07
3.112423026839374440e+00 1.496322611379925924e-07
3.116726831197100367e+00 1.459471451908819979e-07
3.121036586780541633e+00 1.423705810335620264e-07
3.125352301818946632e+00 1.388989270025337718e-07
3.129673984552948429e+00 1.355286764892583119e-07
3.134001643234571866e+00 1.322564524968172375e-07
3.138335286127250878e+00 1.290790024321634835e-07
3.142674921505852037e+00 1.259931931231025480e-07
3.147020557656676765e+00 1.229960060497106368e-07
3.151372202877491979e+00 1.200845327803232820e-07
3.155729865477533203e+00 1.172559706027920937e-07
3.160093553777526321e+00 1.145076183420765712e-07
3.164463276109707568e+00 1.118368723557221764e-07
3.168839040817827968e+00 1.092412226991755145e-07
3.173220856257183087e+00 1.067182494532317193e-07
3.177608730794617031e+00 1.042656192063405443e-07
3.182002672808543320e+00 1.018810816847901921e-07
3.186402690688966644e+00 9.956246652414966362e-08
3.190808792837485530e+00 9.730768017566611409e-08
3.195220987667323431e+00 9.511470294157514443e-08
3.199639283603332274e+00 9.298158613363262817e-08
3.204063689082014221e+00 9.090644934936990378e-08
3.208494212551540770e+00 8.888747786089174661e-08
3.212930862471761184e+00 8.692292011124861032e-08
3.217373647314226925e+00 8.501108531365122808e-08
3.221822575562200086e+00 8.315034114902457422e-08
3.226277655710673820e+00 8.133911155759848404e-08
3.230738896266391880e+00 7.957587462043031596e-08
3.235206305747854838e+00 7.785916052696135893e-08
3.239679892685349394e+00 7.618754962486001571e-08
3.244159665620951927e+00 7.455967054860947033e-08
3.248645633108551589e+00 7.297419842343020110e-08
3.253137803713870291e+00 7.142985314130139553e-08
3.257636186014468027e+00 6.992539770599708775e-08
3.262140788599771746e+00 6.845963664416770474e-08
3.266651620071080231e+00 6.703141447966748491e-08
3.271168689041590749e+00 6.563961426842130009e-08
3.275692004136407931e+00 6.428315619127364899e-08
3.280221573992561979e+00 6.296099620235981317e-08
3.284757407259030426e+00 6.167212473065769875e-08
3.289299512596745245e+00 6.041556543248382627e-08
3.293847898678620822e+00 5.919037399279135528e-08
3.298402574189558845e+00 5.799563697323310249e-08
3.302963547826470503e+00 5.683047070503030649e-08
3.307530828298298253e+00 5.569402022478551954e-08
3.312104424326020702e+00 5.458545825145995070e-08
3.316684344642680582e+00 5.350398420280114337e-08
3.321270597993394080e+00 5.244882324960234061e-08
3.325863193135368601e+00 5.141922540622845935e-08
3.330462138837924968e+00 5.041446465591872283e-08
3.335067443882505867e+00 4.943383810944883863e-08
3.339679117062700708e+00 4.847666519577886795e-08
3.344297167184255848e+00 4.754228688339332047e-08
3.348921603065092345e+00 4.663006493108033593e-08
3.353552433535330835e+00 4.573938116695605283e-08
3.358189667437294634e+00 4.486963679460142307e-08
3.362833313625540388e+00 4.402025172520440066e-08
3.367483380966865170e+00 4.319066393467638056e-08
3.372139878340325581e+00 4.238032884472991594e-08
3.376802814637261285e+00 4.158871872696670740e-08
3.381472198761300341e+00 4.081532212905633066e-08
3.386148039628388950e+00 4.005964332212510591e-08
3.390830346166797682e+00 3.932120176851617577e-08
3.395519127317141894e+00 3.859953160911393997e-08
3.400214392032406163e+00 3.789418116945903585e-08
3.404916149277947390e+00 3.720471248391918270e-08
3.409624408031526777e+00 3.653070083720085516e-08
3.414339177283315152e+00 3.587173432252841441e-08
3.419060466035914292e+00 3.522741341583748239e-08
3.423788283304379121e+00 3.459735056535753496e-08
3.428522638116224819e+00 3.398116979599042681e-08
3.433263539511456131e+00 3.337850632790709237e-08
3.438010996542570474e+00 3.278900620881709217e-08
3.442765018274590805e+00 3.221232595937953798e-08
3.447525613785069609e+00 3.164813223125677871e-08
3.452292792164111113e+00 3.109610147732062029e-08
3.457066562514395258e+00 3.055591963354751408e-08
3.461846933951181260e+00 3.002728181216266055e-08
3.466633915602340466e+00 2.950989200559560837e-08
3.471427516608359909e+00 2.900346280084695387e-08
3.476227746122366735e+00 2.850771510386506733e-08
3.481034613310149517e+00 2.802237787355989376e-08
3.485848127350165360e+00 2.754718786508957392e-08
3.490668297433568323e+00 2.708188938207019026e-08
3.495495132764217860e+00 2.662623403737840737e-08
3.500328642558700576e+00 2.617998052222253033e-08
3.505168836046351100e+00 2.574289438317662241e-08
3.510015722469261856e+00 2.531474780688019159e-08
3.514869311082309711e+00 2.489531941212141022e-08
3.519729611153164850e+00 2.448439404902842024e-08
3.524596631962312543e+00 2.408176260511072278e-08
3.529470382803076234e+00 2.368722181789301201e-08
3.534350872981623315e+00 2.330057409390773163e-08
3.539238111816995769e+00 2.292162733380501249e-08
3.544132108641116830e+00 2.255019476336490122e-08
3.549032872798814076e+00 2.218609477019106569e-08
3.553940413647842078e+00 2.182915074588351322e-08
3.558854740558888174e+00 2.147919093349149043e-08
3.563775862915603998e+00 2.113604828005317015e-08
3.568703790114611696e+00 2.079956029404414550e-08
3.573638531565527465e+00 2.046956890755319848e-08
3.578580096690983314e+00 2.014592034301901662e-08
3.583528494926633723e+00 1.982846498436482390e-08
3.588483735721188506e+00 1.951705725237296732e-08
3.593445828536416808e+00 1.921155548414952788e-08
3.598414782847171978e+00 1.891182181653386176e-08
3.603390608141414209e+00 1.861772207331342044e-08
3.608373313920215875e+00 1.832912565610997892e-08
3.613362909697794834e+00 1.804590543880722927e-08
3.618359405001519757e+00 1.776793766539706200e-08
3.623362809371933224e+00 1.749510185112273790e-08
3.628373132362776587e+00 1.722728068680544798e-08
3.633390383540993085e+00 1.696435994624324708e-08
3.638414572486764254e+00 1.670622839657398419e-08
3.643445708793509485e+00 1.645277771150281870e-08
3.648483802067922888e+00 1.620390238729064058e-08
3.653528861929976390e+00 1.595949966141304316e-08
3.658580898012944171e+00 1.571946943379475253e-08
3.663639919963426195e+00 1.548371419053141550e-08
3.668705937441355314e+00 1.525213893001598838e-08
3.673778960120028803e+00 1.502465109138428542e-08
3.678858997686113685e+00 1.480116048520337785e-08
3.683946059839672937e+00 1.458157922632565927e-08
3.689040156294187245e+00 1.436582166883387316e-08
3.694141296776562111e+00 1.415380434300979961e-08
3.699249491027159387e+00 1.394544589425435218e-08
3.704364748799805707e+00 1.374066702389608503e-08
3.709487079861814696e+00 1.353939043182464253e-08
3.714616493994010948e+00 1.334154076088565184e-08
3.719753000990737135e+00 1.314704454298218844e-08
3.724896610659886420e+00 1.295583014682184136e-08
3.730047332822909123e+00 1.276782772725770247e-08
3.735205177314834923e+00 1.258296917616914098e-08
3.740370153984300838e+00 1.240118807483099673e-08
3.745542272693553887e+00 1.222241964772376683e-08
3.750721543318486173e+00 1.204660071773524405e-08
3.755907975748639771e+00 1.187366966270988561e-08
3.761101579887232482e+00 1.170356637329993749e-08
3.766302365651181816e+00 1.153623221207738067e-08
3.771510342971110763e+00 1.137160997386456410e-08
3.776725521791380658e+00 1.120964384724395058e-08
3.781947912070099616e+00 1.105027937720986328e-08
3.787177523779144295e+00 1.089346342892311208e-08
3.792414366904186984e+00 1.073914415253469633e-08
3.797658451444699601e+00 1.058727094904427415e-08
3.802909787413990106e+00 1.043779443715764914e-08
3.808168384839204723e+00 1.029066642111510912e-08
3.813434253761357251e+00 1.014583985945549966e-08
3.818707404235350822e+00 1.000326883468933269e-08
3.823987846329983675e+00 9.862908523850417222e-09
3.829275590127986906e+00 9.724715168389749100e-09
3.834570645726024463e+00 9.588644383724569469e-09
3.839873023234729565e+00 9.454648104412571437e-09
3.845182732778711809e+00 9.322678751341198424e-09
3.850499784496578926e+00 9.192690095865238918e-09
3.855824188540965203e+00 9.064637220390957260e-09
3.861155955078536373e+00 8.938476480278656020e-09
3.866495094290023360e+00 8.814165467011512932e-09
3.871841616370228945e+00 8.691662972584638264e-09
3.877195531528053962e+00 8.570928955066455579e-09
3.882556849986521286e+00 8.451924505288972256e-09
3.887925581982781598e+00 8.334611814624416106e-09
3.893301737768150694e+00 8.218954143805669682e-09
3.898685327608112150e+00 8.104915792753619976e-09
3.904076361782345739e+00 7.992462071370825469e-09
3.909474850584750527e+00 7.881559271266912804e-09
3.914880804323453312e+00 7.772174638380152518e-09
3.920294233320841482e+00 7.664276346461044649e-09
3.925715147913571013e+00 7.557833471386306004e-09
3.931143558452590003e+00 7.452815966271556546e-09
3.936579475303167541e+00 7.349194637352603820e-09
3.942022908844895479e+00 7.246941120607446932e-09
3.947473869471727959e+00 7.146027859089798954e-09
3.952932367591985408e+00 7.046428080948951694e-09
3.958398413628379853e+00 6.948115778109214436e-09
3.963872018018042453e+00 6.851065685584652198e-09
3.969353191212528831e+00 6.755253261405764768e-09
3.974841943677854150e+00 6.660654667133982618e-09
3.980338285894500672e+00 6.567246748943937933e-09
3.985842228357441286e+00 6.475007019250330677e-09
3.991353781576169268e+00 6.383913638860215648e-09
3.996872956074700500e+00 6.293945399631181616e-09
4.002399762391612548e+00 6.205081707615586752e-09
4.007934211080048215e+00 6.117302566673842683e-09
4.013476312707743965e+00 6.030588562538593883e-09
4.019026077857056123e+00 5.944920847313026248e-09
4.024583517124963095e+00 5.860281124387801043e-09
4.030148641123107112e+00 5.776651633759906797e-09
4.035721460477796008e+00 5.694015137739776550e-09
4.041301985830037857e+00 5.612354907031281574e-09
4.046890227835549858e+00 5.531654707171475037e-09
4.052486197164784976e+00 5.451898785316267572e-09
4.058089904502955036e+00 5.373071857359460762e-09
4.063701360550039610e+00 5.295159095373333850e-09
4.069320576020823310e+00 5.218146115357952463e-09
4.074947561644899352e+00 5.142018965288942288e-09
4.080582328166698858e+00 5.066764113452157112e-09
4.086224886345514840e+00 4.992368437054904779e-09
4.091875246955512857e+00 4.918819211104261483e-09
4.097533420785761216e+00 4.846104097541791386e-09
4.103199418640242513e+00 4.774211134626485755e-09
4.108873251337881172e+00 4.703128726556615028e-09
4.114554929712563869e+00 4.632845633321723201e-09
4.120244464613152857e+00 4.563350960777405123e-09
4.125941866903519717e+00 4.494634150934198653e-09
4.131647147462551573e+00 4.426684972454133076e-09
4.137360317184178626e+00 4.359493511346714071e-09
4.143081386977403469e+00 4.293050161858569853e-09
4.148810367766301077e+00 4.227345617549565340e-09
4.154547270490064115e+00 4.162370862549554359e-09
4.160292106103003817e+00 4.098117162989757133e-09
4.166044885574579304e+00 4.034576058603014952e-09
4.171805619889423333e+00 3.971739354487609068e-09
4.177574320047350298e+00 3.909599113029977668e-09
4.183350997063395305e+00 3.848147645980493521e-09
4.189135661967814173e+00 3.787377506678968769e-09
4.194928325806119851e+00 3.727281482424268630e-09
4.200728999639102845e+00 3.667852586984864281e-09
4.206537694542838324e+00 3.609084053246155500e-09
4.212354421608729638e+00 3.550969325990258840e-09
4.218179191943507433e+00 3.493502054805916686e-09
4.224012016669261627e+00 3.436676087124356977e-09
4.229852906923468048e+00 3.380485461378153022e-09
4.235701873858995548e+00 3.324924400280854999e-09
4.241558928644141524e+00 3.269987304223568247e-09
4.247424082462639916e+00 3.215668744787339324e-09
4.253297346513697619e+00 3.161963458367579135e-09
4.259178732012000701e+00 3.108866339909517266e-09
4.265068250187741938e+00 3.056372436751980587e-09
4.270965912286651012e+00 3.004476942577863676e-09
4.276871729569998948e+00 2.953175191469728524e-09
4.282785713314637199e+00 2.902462652068541664e-09
4.288707874813003862e+00 2.852334921834705841e-09
4.294638225373151208e+00 2.802787721409592457e-09
4.300576776318776773e+00 2.753816889076544984e-09
4.306523538989226907e+00 2.705418375320622494e-09
4.312478524739534080e+00 2.657588237485773918e-09
4.318441744940429317e+00 2.610322634528695638e-09
4.324413210978365285e+00 2.563617821868942311e-09
4.330392934255545612e+00 2.517470146334238314e-09
4.336380926189932872e+00 2.471876041201106458e-09
4.342377198215285894e+00 2.426832021329588493e-09
4.348381761781169530e+00 2.382334678392604172e-09
4.354394628352977747e+00 2.338380676199018721e-09
4.360415809411968269e+00 2.294966746110502238e-09
4.366445316455264347e+00 2.252089682552283199e-09
4.372483160995896512e+00 2.209746338617344834e-09
4.378529354562807896e+00 2.167933621764400209e-09
4.384583908700885324e+00 2.126648489609704741e-09
4.390646834970985957e+00 2.085887945812544858e-09
4.396718144949942619e+00 2.045649036055156765e-09
4.402797850230606436e+00 2.005928844116536409e-09
4.408885962421852156e+00 1.966724488041179598e-09
4.414982493148607468e+00 1.928033116402385808e-09
4.421087454051881416e+00 1.889851904660823017e-09
4.427200856788770622e+00 1.852178051618661875e-09
4.433322713032499252e+00 1.815008775969352222e-09
4.439453034472428783e+00 1.778341312943747954e-09
4.445591832814081101e+00 1.742172911052862294e-09
4.451739119779173137e+00 1.706500828927283258e-09
4.457894907105622195e+00 1.671322332254327951e-09
4.464059206547583258e+00 1.636634690812470621e-09
4.470232029875456981e+00 1.602435175604183486e-09
4.476413388875929655e+00 1.568721056086889250e-09
4.482603295351977657e+00 1.535489597502814228e-09
4.488801761122899414e+00 1.502738058307834724e-09
4.495008798024342944e+00 1.470463687699496984e-09
4.501224417908314734e+00 1.438663723244816441e-09
4.507448632643217046e+00 1.407335388607632477e-09
4.513681454113858571e+00 1.376475891376049980e-09
4.519922894221480192e+00 1.346082420989939559e-09
4.526172964883789618e+00 1.316152146768474710e-09
4.532431678034960498e+00 1.286682216038163977e-09
4.538699045625682160e+00 1.257669752360768695e-09
4.544975079623160497e+00 1.229111853861695046e-09
4.551259792011149052e+00 1.201005591658203864e-09
4.557553194789979223e+00 1.173348008387534762e-09
4.563855299976569135e+00 1.146136116834773346e-09
4.570166119604460064e+00 1.119366898659895109e-09
4.576485665723827090e+00 1.093037303223900402e-09
4.582813950401509295e+00 1.067144246513400433e-09
4.589150985721037301e+00 1.041684610163265731e-09
4.595496783782641259e+00 1.016655240576755379e-09
4.601851356703292595e+00 9.920529481423539811e-10
4.608214716616712892e+00 9.678745065468254681e-10
4.614586875673397870e+00 9.441166521834383630e-10
4.620967846040656468e+00 9.207760836546136175e-10
4.627357639902610842e+00 8.978494613680790091e-10
4.633756269460238109e+00 8.753334072253736028e-10
4.640163746931384559e+00 8.532245044016862891e-10
4.646580084550787859e+00 8.315192972158247500e-10
4.653005294570110806e+00 8.102142910889690279e-10
4.659439389257949315e+00 7.893059525910320009e-10
4.665882380899872395e+00 7.687907095729557544e-10
4.672334281798431022e+00 7.486649513837246897e-10
4.678795104273188343e+00 7.289250291702251136e-10
4.685264860660749875e+00 7.095672562585211135e-10
4.691743563314767940e+00 6.905879086147363304e-10
4.698231224605989631e+00 6.719832253836467652e-10
4.704727856922261253e+00 6.537494095032766977e-10
4.711233472668555855e+00 6.358826283934099143e-10
4.717748084267009645e+00 6.183790147160457961e-10
4.724271704156925544e+00 6.012346672057540304e-10
4.730804344794816707e+00 5.844456515677036562e-10
4.737346018654411850e+00 5.680080014412261145e-10
4.743896738226696996e+00 5.519177194265808940e-10
4.750456516019924358e+00 5.361707781726692919e-10
4.757025364559640757e+00 5.207631215232413217e-10
4.763603296388722264e+00 5.056906657191790553e-10
4.770190324067377752e+00 4.909493006544626429e-10
4.776786460173194193e+00 4.765348911831373941e-10
4.783391717301144652e+00 4.624432784748664503e-10
4.790006108063616708e+00 4.486702814163763159e-10
4.796629645090445315e+00 4.352116980561703457e-10
4.803262341028921689e+00 4.220633070898966613e-10
4.809904208543834159e+00 4.092208693835450004e-10
4.816555260317475273e+00 3.966801295319677980e-10
4.823215509049677330e+00 3.844368495844464808e-10
4.829884967457838130e+00 3.724875899058375744e-10
4.836563648276932526e+00 3.608296408704369711e-10
4.843251564259555053e+00 3.494601173028193296e-10
4.849948728175925261e+00 3.383759276788110936e-10
4.856655152813925014e+00 3.275737887838655343e-10
4.863370850979121585e+00 3.170502400092618277e-10
4.870095835494781866e+00 3.068016572706104667e-10
4.876830119201915892e+00 2.968242665352392445e-10
4.883573714959281276e+00 2.871141569469986542e-10
4.890326635643414299e+00 2.776672935387281447e-10
4.897088894148668992e+00 2.684795295244620471e-10
4.903860503387214465e+00 2.595466181652280323e-10
4.910641476289088203e+00 2.508642242036055017e-10
4.917431825802197842e+00 2.424279348640698884e-10
4.924231564892355806e+00 2.342332704172637790e-10
4.931040706543311281e+00 2.262756943078780992e-10
4.937859263756755546e+00 2.185506228470251871e-10
4.944687249552369046e+00 2.110534344710897656e-10
4.951524676967830274e+00 2.037794785702676868e-10
4.958371559058842415e+00 1.967240838909070255e-10
4.965227908899172427e+00 1.898825665167335402e-10
4.972093739580654592e+00 1.832502374349712853e-10
4.978969064213234041e+00 1.768224096939909414e-10
4.985853895924977408e+00 1.705944051600197752e-10
4.992748247862112798e+00 1.645615608809292003e-10
4.999652133189039560e+00 1.587192350657999947e-10
5.006565565088360259e+00 1.530628126894005053e-10
5.013488556760915316e+00 1.475877107311772946e-10
5.020421121425785671e+00 1.422893830588056073e-10
5.027363272320345189e+00 1.371633249665347229e-10
5.034315022700261544e+00 1.322050773790053386e-10
5.041276385839533525e+00 1.274102307312930795e-10
5.048247375030523898e+00 1.227744285362006034e-10
5.055228003583962071e+00 1.182933706499202853e-10
5.062218284828997383e+00 1.139628162472321199e-10
5.069218232113200884e+00 1.097785865175311006e-10
5.076227858802599080e+00 1.057365670928988358e-10
5.083247178281712131e+00 1.018327102194590033e-10
5.090276203953554734e+00 9.806303668318820701e-11
5.097314949239685866e+00 9.442363750123128894e-11
5.104363427580216772e+00 9.091067538970237190e-11
5.111421652433842944e+00 8.752038601876596398e-11
5.118489637277878757e+00 8.424907906563683143e-11
5.125567395608262800e+00 8.109313907599394616e-11
5.132654940939607613e+00 7.804902614401313783e-11
5.139752286805204129e+00 7.511327642109851213e-11
5.146859446757058976e+00 7.228250246307714067e-11
5.153976434365924675e+00 6.955339342542787685e-11
5.161103263221309412e+00 6.692271511583596592e-11
5.168239946931521445e+00 6.438730991307980450e-11
5.175386499123680650e+00 6.194409656103034623e-11
5.182542933443748723e+00 5.959006984620204976e-11
5.189709263556566476e+00 5.732230016705241264e-11
5.196885503145857399e+00 5.513793300293568865e-11
5.204071665914278277e+00 5.303418829028126197e-11
5.211267765583427192e+00 5.100835971334270115e-11
5.218473815893872825e+00 4.905781391651565410e-11
5.225689830605195318e+00 4.717998964494914247e-11
5.232915823495988050e+00 4.537239681990808032e-11
5.240151808363910924e+00 4.363261555501081598e-11
5.247397799025689480e+00 4.195829511924134979e-11
5.254653809317166413e+00 4.034715285229073234e-11
5.261919853093308674e+00 3.879697303757535963e-11
5.269195944228242112e+00 3.730560573794999128e-11
5.276482096615283446e+00 3.587096559891530415e-11
5.283778324166953588e+00 3.449103062383711155e-11
5.291084640815017615e+00 3.316384092544570647e-11
5.298401060510501637e+00 3.188749745765450374e-11
5.305727597223720338e+00 3.066016073147784737e-11
5.313064264944314274e+00 2.948004951861470196e-11
5.320411077681259648e+00 2.834543954603609898e-11
5.327768049462913602e+00 2.725466218469373622e-11
5.335135194337023101e+00 2.620610313527191044e-11
5.342512526370760462e+00 2.519820111368786775e-11
5.349900059650757989e+00 2.422944653886829965e-11
5.357297808283117746e+00 2.329838022513816588e-11
5.364705786393453302e+00 2.240359208137724087e-11
5.372124008126909267e+00 2.154371981893967266e-11
5.379552487648183501e+00 2.071744767015699142e-11
5.386991239141574184e+00 1.992350511910360517e-11
5.394440276810978929e+00 1.916066564614535096e-11
5.401899614879948075e+00 1.842774548765615370e-11
5.409369267591692676e+00 1.772360241215653376e-11
5.416849249209118256e+00 1.704713451399458941e-11
5.424339574014861221e+00 1.639727902557466598e-11
5.431840256311295967e+00 1.577301114902917018e-11
5.439351310420586394e+00 1.517334290811070796e-11
5.446872750684692122e+00 1.459732202099404608e-11
5.454404591465404017e+00 1.404403079457247980e-11
5.461946847144380612e+00 1.351258504074851300e-11
5.469499532123156982e+00 1.300213301513666100e-11
5.477062660823192708e+00 1.251185437851092524e-11
5.484636247685880761e+00 1.204095918126638261e-11
5.492220307172583027e+00 1.158868687108778889e-11
5.499814853764667610e+00 1.115430532395647580e-11
5.507419901963515940e+00 1.073710989857472461e-11
5.515035466290571620e+00 1.033642251421940712e-11
5.522661561287349308e+00 9.951590752000777879e-12
5.530298201515480017e+00 9.581986979442859689e-12
5.537945401556724434e+00 9.227007498270434457e-12
5.545603176013004898e+00 8.886071715238862559e-12
5.553271539506442700e+00 8.558621335814903948e-12
5.560950506679370520e+00 8.244119580480547724e-12
5.568640092194375946e+00 7.942050423401891008e-12
5.576340310734315686e+00 7.651917853182145585e-12
5.584051177002347544e+00 7.373245155390691157e-12
5.591772705721970382e+00 7.105574216539370108e-12
5.599504911637031235e+00 6.848464849162293085e-12
5.607247809511775039e+00 6.601494137632450216e-12
5.615001414130856183e+00 6.364255804340609852e-12
5.622765740299369597e+00 6.136359595845183752e-12
5.630540802842894266e+00 5.917430688592680702e-12
5.638326616607495900e+00 5.707109113801679560e-12
5.646123196459782001e+00 5.505049201091620517e-12
5.653930557286908076e+00 5.310919040437532423e-12
5.661748713996614946e+00 5.124399962022936339e-12
5.669577681517267820e+00 4.945186033563201885e-12
5.677417474797860741e+00 4.772983574669737809e-12
5.685268108808073428e+00 4.607510687822150919e-12
5.693129598538273939e+00 4.448496805520859931e-12
5.701001958999560415e+00 4.295682253188301649e-12
5.708885205223795722e+00 4.148817827393838118e-12
5.716779352263618108e+00 4.007664388978210951e-12
5.724684415192491826e+00 3.871992470656923089e-12
5.732600409104713357e+00 3.741581898687590901e-12
5.740527349115454925e+00 3.616221428190039126e-12
5.748465250360796475e+00 3.495708391713820138e-12
5.756414127997736330e+00 3.379848360654345025e-12
5.764373997204242706e+00 3.268454819123209137e-12
5.772344873179264368e+00 3.161348849887854622e-12
5.780326771142767051e+00 3.058358831999685985e-12
5.788319706335768089e+00 2.959320149738978918e-12
5.796323694020352413e+00 2.864074912511942765e-12
5.804338749479718729e+00 2.772471685342004491e-12
5.812364888018185738e+00 2.684365229607160410e-12
5.820402124961248980e+00 2.599616253680420622e-12
5.828450475655587049e+00 2.518091173141462184e-12
5.836509955469097122e+00 2.439661880233103618e-12
5.844580579790937591e+00 2.364205522245743340e-12
5.852662364031536057e+00 2.291604288521022090e-12
5.860755323622638180e+00 2.221745205773326023e-12
5.868859474017321887e+00 2.154519941436777058e-12
5.876974830690031126e+00 2.089824614752752800e-12
5.885101409136620276e+00 2.027559615321494969e-12
5.893239224874355031e+00 1.967629428849237966e-12
5.901388293441971911e+00 1.909942469829630087e-12
5.909548630399686253e+00 1.854410920907059539e-12
5.917720251329227743e+00 1.800950578676309361e-12
5.925903171833882155e+00 1.749480705680574538e-12
5.934097407538499347e+00 1.699923888378224192e-12
5.942302974089547440e+00 1.652205900854734189e-12
5.950519887155119925e+00 1.606255574064515610e-12
5.958748162424975625e+00 1.562004670393817174e-12
5.966987815610580448e+00 1.519387763342735861e-12
5.975238862445110044e+00 1.478342122131865483e-12
5.983501318683511982e+00 1.438807601044671188e-12
5.991775200102507526e+00 1.400726533324146952e-12
6.000060522500633375e+00 1.364043629447788306e-12
6.008357301698282527e+00 1.328705879611759654e-12
6.016665553537713151e+00 1.294662460260788424e-12
6.024985293883099224e+00 1.261864644506065387e-12
6.033316538620544733e+00 1.230265716279510313e-12
6.041659303658118318e+00 1.199820888078018442e-12
6.050013604925897681e+00 1.170487222156632689e-12
6.058379458375974025e+00 1.142223555035230529e-12
6.066756879982510675e+00 1.114990425187877356e-12
6.075145885741749296e+00 1.088749372781434372e-12
6.083546491672050749e+00 1.063459547476568146e-12
6.091958713813937720e+00 1.039080451744954171e-12
6.100382568230097391e+00 1.015573551434721057e-12
6.108818071005443606e+00 9.929021740839537985e-13
6.117265238247120429e+00 9.710314089770748901e-13
6.125724086084545661e+00 9.499280130389063880e-13
6.134194630669450810e+00 9.295603221994349516e-13
6.142676888175887306e+00 9.098981678869221958e-13
6.151170874800286015e+00 8.909127983295979012e-13
6.159676606761459894e+00 8.725768043677619039e-13
6.168194100300663507e+00 8.548640494975382346e-13
6.176723371681598351e+00 8.377496038861578398e-13
6.185264437190455489e+00 8.212096821155125472e-13
6.193817313135956404e+00 8.052215844267336060e-13
6.202382015849360108e+00 7.897636412534079003e-13
6.210958561684523538e+00 7.748151608445039852e-13
6.219546967017903327e+00 7.603563797913794089e-13
6.228147248248605550e+00 7.463684162847576951e-13
6.236759421798421243e+00 7.328332259389019588e-13
6.245383504111833517e+00 7.197335600306378117e-13
6.254019511656081498e+00 7.070529260103799879e-13
6.262667460921162998e+00 6.947755501515248571e-13
6.271327368419878923e+00 6.828863422128378489e-13
6.279999250687871459e+00 6.713708619963990629e-13
6.288683124283638293e+00 6.602152876910781094e-13
6.297379005788584116e+00 6.494063858981079875e-13
6.306086911807033069e+00 6.389314832421136818e-13
6.314806858966271363e+00 6.287784394764661627e-13
6.323538863916582820e+00 6.189356219978272163e-13
6.332282943331266623e+00 6.093918816897453159e-13
6.341039113906687064e+00 6.001365300200389973e-13
6.349807392362288638e+00 5.911593173214041399e-13
6.358587795440632462e+00 5.824504121888640127e-13
6.367380339907443343e+00 5.740003819315823811e-13
6.376185042551614224e+00 5.658001740205869259e-13
6.385001920185268354e+00 5.578410984770616414e-13
6.393830989643766394e+00 5.501148111495623367e-13
6.402672267785747273e+00 5.426132978311897204e-13
6.411525771493171710e+00 5.353288591709477603e-13
6.420391517671333759e+00 5.282540963360070510e-13
6.429269523248914986e+00 5.213818973842805530e-13
6.438159805177995132e+00 5.147054243089130341e-13
6.447062380434096518e+00 5.082181007186950908e-13
6.455977266016224903e+00 5.019136001203559778e-13
6.464904478946876587e+00 4.957858347707857983e-13
6.473844036272103253e+00 4.898289450688893430e-13
6.482795955061510185e+00 4.840372894587321610e-13
6.491760252408321996e+00 4.784054348170574241e-13
6.500736945429388847e+00 4.729281472999150933e-13
6.509726051265229962e+00 4.676003836244800739e-13
6.518727587080076269e+00 4.624172827635798794e-13
6.527741570061880161e+00 4.573741580316241286e-13
6.536768017422373234e+00 4.524664895418765422e-13
6.545806946397077830e+00 4.476899170161311754e-13
6.554858374245349673e+00 4.430402329288380574e-13
6.563922318250419607e+00 4.385133759688380147e-13
6.572998795719406040e+00 4.341054248026982788e-13
6.582087823983370001e+00 4.298125921245268825e-13
6.591189420397329357e+00 4.256312189780406507e-13
6.600303602340298781e+00 4.215577693373730542e-13
6.609430387215336822e+00 4.175888249338687367e-13
6.618569792449550349e+00 4.137210803168290422e-13
6.627721835494160274e+00 4.099513381367272744e-13
6.636886533824505996e+00 4.062765046402212191e-13
6.646063904940094247e+00 4.026935853666121659e-13
6.655253966364637286e+00 3.991996810361869112e-13
6.664456735646067997e+00 3.957919836212785767e-13
6.673672230356594959e+00 3.924677725913109142e-13
6.682900468092716650e+00 3.892244113237444273e-13
6.692141466475264089e+00 3.860593436730619013e-13
6.701395243149443459e+00 3.829700906904696842e-13
6.710661815784847661e+00 3.799542474873906150e-13
6.719941202075514930e+00 3.770094802360715800e-13
6.729233419739941269e+00 3.741335233010974490e-13
6.738538486521123971e+00 3.713241764959024336e-13
6.747856420186605142e+00 3.685793024585899288e-13
6.757187238528480577e+00 3.658968241418300743e-13
6.766530959363463715e+00 3.632747224116947900e-13
6.775887600532893629e+00 3.607110337507133280e-13
6.785257179902780322e+00 3.582038480605614372e-13
6.794639715363849142e+00 3.557513065600975318e-13
6.804035224831550543e+00 3.533515997746768580e-13
6.813443726246121379e+00 3.510029656128199515e-13
6.822865237572592889e+00 3.487036875266256097e-13
6.832299776800851987e+00 3.464520927523644940e-13
6.841747361945650141e+00 3.442465506280081024e-13
6.851208011046651336e+00 3.420854709845035893e-13
6.860681742168472041e+00 3.399673026078303359e-13
6.870168573400697198e+00 3.378905317690039244e-13
6.879668522857937063e+00 3.358536808193173193e-13
6.889181608679842306e+00 3.338553068482894980e-13
6.898707849031144868e+00 3.318940004018773493e-13
6.908247262101706809e+00 3.299683842586187907e-13
6.917799866106527418e+00 3.280771122615680165e-13
6.927365679285808042e+00 3.262188682038865149e-13
6.936944719904961865e+00 3.243923647661171720e-13
6.946537006254657420e+00 3.225963425032761155e-13
6.956142556650869224e+00 3.208295688799235085e-13
6.965761389434881323e+00 3.190908373515569110e-13
6.975393522973355687e+00 3.173789664906401341e-13
6.985038975658341087e+00 3.156927991557562544e-13
6.994697765907316622e+00 3.140312017023965806e-13
7.004369912163241452e+00 3.123930632339548691e-13
7.014055432894561903e+00 3.107772948916067535e-13
7.023754346595277198e+00 3.091828291817653571e-13
7.033466671784948332e+00 3.076086193398996829e-13
7.043192427008745149e+00 3.060536387295307975e-13
7.052931630837492527e+00 3.045168802752736367e-13
7.062684301867678371e+00 3.029973559288734410e-13
7.072450458721523781e+00 3.014940961671510990e-13
7.082230120046985711e+00 3.000061495209426699e-13
7.092023304517808491e+00 2.985325821339688203e-13
7.101830030833570895e+00 2.970724773508329427e-13
7.111650317719691472e+00 2.956249353331767870e-13
7.121484183927498712e+00 2.941890727031621332e-13
7.131331648234238152e+00 2.927640222134813634e-13
7.141192729443120335e+00 2.913489324430443085e-13
7.151067446383368775e+00 2.899429675176075380e-13
7.160955817910227061e+00 2.885453068545802048e-13
7.170857862905027247e+00 2.871551449312429286e-13
7.180773600275196067e+00 2.857716910757237885e-13
7.190703048954318000e+00 2.843941692799652341e-13
7.200646227902149477e+00 2.830218180340506728e-13
7.210603156104662403e+00 2.816538901811736682e-13
7.220573852574094786e+00 2.802896527926368325e-13
7.230558336348958726e+00 2.789283870621807659e-13
7.240556626494107029e+00 2.775693882190288149e-13
7.250568742100745645e+00 2.762119654590237313e-13
7.260594702286476299e+00 2.748554418931753111e-13
7.270634526195351555e+00 2.734991545130704720e-13
7.280688232997876597e+00 2.721424541724375870e-13
7.290755841891083833e+00 2.707847055843167326e-13
7.300837372098539113e+00 2.694252873331831058e-13
7.310932842870387915e+00 2.680635919014068063e-13
7.321042273483407747e+00 2.666990257094246640e-13
7.331165683241017028e+00 2.653310091690331568e-13
7.341303091473340814e+00 2.639589767491349815e-13
7.351454517537222344e+00 2.625823770533426713e-13
7.361619980816271003e+00 2.612006729088064540e-13
7.371799500720911169e+00 2.598133414655994172e-13
7.381993096688391987e+00 2.584198743060770553e-13
7.392200788182855753e+00 2.570197775634967064e-13
7.402422594695348579e+00 2.556125720493061792e-13
7.412658535743866572e+00 2.541977933884053017e-13
7.422908630873408242e+00 2.527749921617069963e-13
7.433172899655983379e+00 2.513437340553795644e-13
7.443451361690678780e+00 2.499036000160176211e-13
7.453744036603674239e+00 2.484541864111224037e-13
7.464050944048285174e+00 2.469951051941425303e-13
7.474372103705015924e+00 2.455259840734150874e-13
7.484707535281570401e+00 2.440464666842738251e-13
7.495057258512917819e+00 2.425562127636210709e-13
7.505421293161306906e+00 2.410548983262442765e-13
7.515799659016310308e+00 2.395422158421392767e-13
7.526192375894879660e+00 2.380178744141087544e-13
7.536599463641352692e+00 2.364815999549161149e-13
7.547020942127522503e+00 2.349331353632159075e-13
7.557456831252646445e+00 2.333722406975547814e-13
7.567907150943511851e+00 2.317986933476463901e-13
7.578371921154450241e+00 2.302122882022141332e-13
7.588851161867385287e+00 2.286128378126034326e-13
7.599344893091883435e+00 2.270001725514316315e-13
7.609853134865162794e+00 2.253741407655138180e-13
7.620375907252166847e+00 2.237346089222962353e-13
7.630913230345569787e+00 2.220814617490641545e-13
7.641465124265831577e+00 2.204146033457670521e-13
7.652031609161245918e+00 2.187341468273525880e-13
7.662612705207951791e+00 2.170406322758909517e-13
7.673208432610000962e+00 2.153346538927570837e-13
7.683818811599374854e+00 2.136168035209688701e-13
7.694443862436028070e+00 2.118876703534603461e-13
7.705083605407943459e+00 2.101478406477172338e-13
7.715738060831141887e+00 2.083978974468998954e-13
7.726407249049753290e+00 2.066384203075845892e-13
7.737091190436026444e+00 2.048699850342277643e-13
7.747789905390379595e+00 2.030931634204773657e-13
7.758503414341455517e+00 2.013085229973964784e-13
7.769231737746125077e+00 1.995166267887367132e-13
7.779974896089566272e+00 1.977180330732932400e-13
7.790732909885268676e+00 1.959132951544446915e-13
7.801505799675090280e+00 1.941029611369293316e-13
7.812293586029303682e+00 1.922875737109161800e-13
7.823096289546612070e+00 1.904676699434126452e-13
7.833913930854214946e+00 1.886437810770507699e-13
7.844746530607825896e+00 1.868164323362955103e-13
7.855594109491718768e+00 1.849861427410655802e-13
7.866456688218782745e+00 1.831534249278173745e-13
7.877334287530531221e+00 1.813187849780792233e-13
7.888226928197175525e+00 1.794827222544392577e-13
7.899134631017634689e+00 1.776457292439870652e-13
7.910057416819589626e+00 1.758082914091821476e-13
7.920995306459531093e+00 1.739708870461443876e-13
7.931948320822776566e+00 1.721339871503192908e-13
7.942916480823537739e+00 1.702980552895042978e-13
7.953899807404930300e+00 1.684635474841818159e-13
7.964898321539044979e+00 1.666309120951095441e-13
7.975912044226961761e+00 1.648005897181317408e-13
7.986940996498800516e+00 1.629730130861320925e-13
7.997985199413772506e+00 1.611486069780811573e-13
8.009044674060191937e+00 1.593277881350980043e-13
8.020119441555554118e+00 1.575109651834485549e-13
8.031209523046536347e+00 1.556985385644225623e-13
8.042314939709065413e+00 1.538909004709685428e-13
8.053435712748354902e+00 1.520884347910299601e-13
8.064571863398926510e+00 1.502915170574737873e-13
8.075723412924682876e+00 1.485005144045115842e-13
8.086890382618914686e+00 1.467157855305195107e-13
8.098072793804361069e+00 1.449376806671449435e-13
8.109270667833252233e+00 1.431665415545943795e-13
8.120484026087332552e+00 1.414027014229887526e-13
8.131712889977928072e+00 1.396464849796684783e-13
8.142957280945955389e+00 1.378982084023334430e-13
8.154217220461985605e+00 1.361581793378945241e-13
8.165492730026288726e+00 1.344266969069093104e-13
8.176783831168846106e+00 1.327040517134850200e-13
8.188090545449428603e+00 1.309905258605043745e-13
8.199412894457609013e+00 1.292863929700700460e-13
8.210750899812811809e+00 1.275919182090007679e-13
8.222104583164368208e+00 1.259073583192749792e-13
8.233473966191532156e+00 1.242329616532721568e-13
8.244859070603549611e+00 1.225689682136830683e-13
8.256259918139672749e+00 1.209156096979386455e-13
8.267676530569215032e+00 1.192731095470369403e-13
8.279108929691604501e+00 1.176416829986146065e-13
8.290557137336397986e+00 1.160215371441314902e-13
8.302021175363353933e+00 1.144128709900223949e-13
8.313501065662443068e+00 1.128158755226846422e-13
8.324996830153907013e+00 1.112307337771516948e-13
8.336508490788313352e+00 1.096576209093144458e-13
8.348036069546560967e+00 1.080967042715631846e-13
8.359579588439963516e+00 1.065481434916882783e-13
8.371139069510256547e+00 1.050120905549206583e-13
8.382714534829659669e+00 1.034886898889644625e-13
8.394306006500919182e+00 1.019780784518817821e-13
8.405913506657332945e+00 1.004803858227052894e-13
8.417537057462819661e+00 9.899573429462512684e-14
8.429176681111927749e+00 9.752423897063484631e-14
8.440832399829913513e+00 9.606600786148754911e-14
8.452504235872757121e+00 9.462114198583864781e-14
8.464192211527205245e+00 9.318973547244504317e-14
8.475896349110845662e+00 9.177187566428635757e-14
8.487616670972098376e+00 9.036764322448833052e-14
8.499353199490315092e+00 8.897711224391712269e-14
8.511105957075770334e+00 8.760035035032282907e-14
8.522874966169732502e+00 8.623741881891497035e-14
8.534660249244513608e+00 8.488837268423787557e-14
8.546461828803479932e+00 8.355326085324833932e-14
8.558279727381139068e+00 8.223212621945314194e-14
8.570113967543138145e+00 8.092500577802632237e-14
8.581964571886333104e+00 7.963193074175960167e-14
8.593831563038834886e+00 7.835292665776203509e-14
8.605714963660032524e+00 7.708801352479679875e-14
8.617614796440658864e+00 7.583720591114287792e-14
8.629531084102815441e+00 7.460051307288820559e-14
8.641463849400020436e+00 7.337793907255230494e-14
8.653413115117270848e+00 7.216948289793704520e-14
8.665378904071051380e+00 7.097513858112090713e-14
8.677361239109412594e+00 6.979489531749421869e-14
8.689360143111990453e+00 6.862873758475391271e-14
8.701375638990052508e+00 6.747664526176335785e-14
8.713407749686567172e+00 6.633859374719996697e-14
8.725456498176203723e+00 6.521455407790931141e-14
8.737521907465424675e+00 6.410449304687265554e-14
8.749604000592487552e+00 6.300837332073366326e-14
8.761702800627508836e+00 6.192615355679202379e-14
8.773818330672520815e+00 6.085778851939840154e-14
8.785950613861476910e+00 5.980322919568627569e-14
8.798099673360344042e+00 5.876242291056529251e-14
8.810265532367106189e+00 5.773531344092430514e-14
8.822448214111826559e+00 5.672184112896879325e-14
8.834647741856704428e+00 5.572194299464347534e-14
8.846864138896082252e+00 5.473555284708716545e-14
8.859097428556539811e+00 5.376260139505106664e-14
8.871347634196890652e+00 5.280301635624715452e-14
8.883614779208262036e+00 5.185672256556397105e-14
8.895898887014119794e+00 5.092364208211184347e-14
8.908199981070316298e+00 5.000369429505034808e-14
8.920518084865149078e+00 4.909679602815286454e-14
8.932853221919383913e+00 4.820286164307937987e-14
8.945205415786318781e+00 4.732180314130636091e-14
8.957574690051817612e+00 4.645353026469069205e-14
8.969961068334351140e+00 4.559795059463007159e-14
8.982364574285066183e+00 4.475496964978482246e-14
8.994785231587794527e+00 4.392449098234653911e-14
9.007223063959136411e+00 4.310641627280852974e-14
9.019678095148471186e+00 4.230064542323256977e-14
9.032150348938023043e+00 4.150707664897500994e-14
9.044639849142910748e+00 4.072560656886033043e-14
9.057146619611170735e+00 3.995613029378226800e-14
9.069670684223828161e+00 3.919854151371409467e-14
9.082212066894921776e+00 3.845273258311571016e-14
9.094770791571555435e+00 3.771859460472308358e-14
9.107346882233963825e+00 3.699601751170993416e-14
9.119940362895519570e+00 3.628489014821356708e-14
9.132551257602818495e+00 3.558510034821298065e-14
9.145179590435697392e+00 3.489653501275992667e-14
9.157825385507285532e+00 3.421908018554962685e-14
9.170488666964072166e+00 3.355262112683712165e-14
9.183169458985918965e+00 3.289704238569132512e-14
9.195867785786138171e+00 3.225222787058929751e-14
9.208583671611512145e+00 3.161806091835099426e-14
9.221317140742348428e+00 3.099442436142002621e-14
9.234068217492547248e+00 3.038120059348680210e-14
9.246836926209608620e+00 2.977827163347039862e-14
9.259623291274715839e+00 2.918551918785294814e-14
9.272427337102756795e+00 2.860282471138533791e-14
9.285249088142379037e+00 2.803006946616451727e-14
9.298088568876048399e+00 2.746713457909343814e-14
9.310945803820068534e+00 2.691390109774165883e-14
9.323820817524660853e+00 2.637025004460377459e-14
9.336713634573976961e+00 2.583606246978385284e-14
9.349624279586180364e+00 2.531121950210601527e-14
9.362552777213466015e+00 2.479560239867506275e-14
9.375499152142110049e+00 2.428909259289512026e-14
9.388463429092546164e+00 2.379157174096498501e-14
9.401445632819367404e+00 2.330292176686867510e-14
9.414445788111418523e+00 2.282302490587205551e-14
9.427463919791804869e+00 2.235176374655061761e-14
9.440500052717959889e+00 2.188902127135994554e-14
9.453554211781701966e+00 2.143468089577220064e-14
9.466626421909250411e+00 2.098862650599667001e-14
9.479716708061312502e+00 2.055074249530265228e-14
9.492825095233092370e+00 2.012091379896751667e-14
9.505951608454363821e+00 1.969902592786855550e-14
9.519096272789520086e+00 1.928496500074013137e-14
9.532259113337595124e+00 1.887861777511888557e-14
9.545440155232350676e+00 1.847987167699556798e-14
9.558639423642285138e+00 1.808861482920015520e-14
9.571856943770704618e+00 1.770473607853724258e-14
9.585092740855774451e+00 1.732812502169796661e-14
9.598346840170542293e+00 1.695867202997016720e-14
9.611619267023025159e+00 1.659626827276778603e-14
9.624910046756214754e+00 1.624080583457745423e-14
9.638219204748152080e+00 1.589217917717594537e-14
9.651546766411982503e+00 1.555028473147903675e-14
9.664892757195973516e+00 1.521501960456771699e-14
9.678257202583601781e+00 1.488628156972446261e-14
9.691640128093565565e+00 1.456396909498944114e-14
9.705041559279852237e+00 1.424798137032741336e-14
9.718461521731796893e+00 1.393821833343023762e-14
9.731900041074103669e+00 1.363458069418850100e-14
9.745357142966925679e+00 1.333696995785803543e-14
9.758832853105886329e+00 1.304528844695199421e-14
9.772327197222137940e+00 1.275943932188756334e-14
9.785840201082431022e+00 1.247932660041639767e-14
9.799371890489123160e+00 1.220485517586833092e-14
9.812922291280273157e+00 1.193593083423732979e-14
9.826491429329649918e+00 1.167246027013923504e-14
9.840079330546814163e+00 1.141435110166951483e-14
9.853686020877143292e+00 1.116151188419085576e-14
9.867311526301893565e+00 1.091385212307877743e-14
9.880955872838256937e+00 1.067128228545387793e-14
9.894619086539384156e+00 1.043371381092933632e-14
9.908301193494475356e+00 1.020105912140109458e-14
9.922002219828785385e+00 9.973231629910500034e-15
9.935722191703696637e+00 9.750145748604008132e-15
9.949461135316784777e+00 9.531716895819554661e-15
9.963219076901829396e+00 9.317861502327076598e-15
9.976996042728902836e+00 9.108497016747312846e-15
9.990792059104393275e+00 8.903541910177832881e-15
1.000460715237106513e+01 8.702915680051519530e-15
1.001844134890810167e+01 8.506538853252552185e-15
1.003229467513119388e+01 8.314332988515913421e-15
1.004616715749252620e+01 8.126220678136208446e-15
1.006005882248087602e+01 7.942125549008373001e-15
1.007396969662164210e+01 7.761972263026134896e-15
1.008789980647689966e+01 7.585686516861510030e-15
1.010184917864547671e+01 7.413195041148506483e-15
1.011581783976295768e+01 7.244425599094593637e-15
1.012980581650176326e+01 7.079306984541676550e-15
1.014381313557119668e+01 6.917769019499866696e-15
1.015783982371748806e+01 6.759742551173878672e-15
1.017188590772387968e+01 6.605159448505390533e-15
1.018595141441061891e+01 6.453952598251544441e-15
1.020003637063504875e+01 6.306055900618622068e-15
1.021414080329165230e+01 6.161404264473016770e-15
1.022826473931209179e+01 6.019933602147258998e-15
1.024240820566529564e+01 5.881580823860937966e-15
1.025657122935746024e+01 5.746283831775573711e-15
1.027075383743213344e+01 5.613981513700471060e-15
1.028495605697025894e+01 5.484613736468157621e-15
1.029917791509021363e+01 5.358121338996554077e-15
1.031341943894791058e+01 5.234446125054196711e-15
1.032768065573677774e+01 5.113530855746185040e-15
1.034196159268785564e+01 4.995319241735313563e-15
1.035626227706984359e+01 4.879755935215002638e-15
1.037058273618913340e+01 4.766786521648858262e-15
1.038492299738990887e+01 4.656357511291214087e-15
1.039928308805413337e+01 4.548416330503940647e-15
1.041366303560164219e+01 4.442911312881951076e-15
1.042806286749018874e+01 4.339791690202440594e-15
1.044248261121548182e+01 4.239007583209429188e-15
1.045692229431128695e+01 4.140509992247186948e-15
1.047138194434940317e+01 4.044250787755037597e-15
1.048586158893977505e+01 3.950182700634406016e-15
1.050036125573051748e+01 3.858259312500173775e-15
1.051488097240797259e+01 3.768435045827752793e-15
1.052942076669679317e+01 3.680665154005947692e-15
1.054398066635994269e+01 3.594905711306504979e-15
1.055856069919878060e+01 3.511113602780082022e-15
1.057316089305311380e+01 3.429246514088257932e-15
1.058778127580123041e+01 3.349262921281301589e-15
1.060242187536000280e+01 3.271122080529502976e-15
1.061708271968487516e+01 3.194784017818870480e-15
1.063176383676995762e+01 3.120209518616743406e-15
1.064646525464805649e+01 3.047360117517720438e-15
1.066118700139078079e+01 2.976198087875702573e-15
1.067592910510851567e+01 2.906686431431016319e-15
1.069069159395053425e+01 2.838788867938245693e-15
1.070547449610502966e+01 2.772469824802361843e-15
1.072027783979916471e+01 2.707694426729562564e-15
1.073510165329916610e+01 2.644428485398258139e-15
1.074994596491031373e+01 2.582638489157513090e-15
1.076481080297704018e+01 2.522291592757056558e-15
1.077969619588296979e+01 2.463355607115169451e-15
1.079460217205096484e+01 2.405798989129407927e-15
1.080952875994322326e+01 2.349590831534531117e-15
1.082447598806126798e+01 2.294700852813381540e-15
1.083944388494604461e+01 2.241099387163674461e-15
1.085443247917796228e+01 2.188757374526008361e-15
1.086944179937694344e+01 2.137646350676565177e-15
1.088447187420251261e+01 2.087738437387905789e-15
1.089952273235379998e+01 2.039006332662384103e-15
1.091459440256962132e+01 1.991423301040304917e-15
1.092968691362854017e+01 1.944963163986692959e-15
1.094480029434889978e+01 1.899600290359376916e-15
1.095993457358892620e+01 1.855309586960951467e-15
1.097508978024671933e+01 1.812066489177752647e-15
1.099026594326034534e+01 1.769846951707371605e-15
1.100546309160788816e+01 1.728627439377643488e-15
1.102068125430749213e+01 1.688384918058779699e-15
1.103592046041745967e+01 1.649096845670602462e-15
1.105118073903624065e+01 1.610741163286867460e-15
1.106646211930253365e+01 1.573296286337892934e-15
1.108176463039533033e+01 1.536741095913101764e-15
1.109708830153395454e+01 1.501054930164925873e-15
1.111243316197817599e+01 1.466217575814990771e-15
1.112779924102818363e+01 1.432209259764076740e-15
1.114318656802469576e+01 1.399010640806094470e-15
1.115859517234900444e+01 1.366602801447732570e-15
1.117402508342301637e+01 1.334967239833673392e-15
1.118947633070935588e+01 1.304085861778620634e-15
1.120494894371135430e+01 1.273940972906340449e-15
1.122044295197315300e+01 1.244515270896012099e-15
1.123595838507974243e+01 1.215791837836479395e-15
1.125149527265701366e+01 1.187754132688318126e-15
1.126705364437185963e+01 1.160385983854036003e-15
1.128263352993215918e+01 1.133671581856505107e-15
1.129823495908688358e+01 1.107595472125198101e-15
1.131385796162613744e+01 1.082142547890623413e-15
1.132950256738121375e+01 1.057298043186427514e-15
1.134516880622468271e+01 1.033047525958902778e-15
1.136085670807039349e+01 1.009376891283949234e-15
1.137656630287356663e+01 9.862723546905554265e-16
1.139229762063084550e+01 9.637204455907683943e-16
1.140805069138034256e+01 9.417080008154662622e-16
1.142382554520173876e+01 9.202221582554033403e-16
1.143962221221627651e+01 8.992503506070784652e-16
1.145544072258685731e+01 8.787802992224594445e-16
1.147128110651809330e+01 8.588000080621076408e-16
1.148714339425635522e+01 8.392977577509694509e-16
1.150302761608986479e+01 8.202620997358645765e-16
1.151893380234869824e+01 8.016818505440810197e-16
1.153486198340487867e+01 7.835460861420799791e-16
1.155081218967242940e+01 7.658441363934226838e-16
1.156678445160741830e+01 7.485655796151327706e-16
1.158277879970805913e+01 7.317002372313746136e-16
1.159879526451470966e+01 7.152381685236540107e-16
1.161483387660996058e+01 6.991696654764479666e-16
1.163089466661870119e+01 6.834852477172187241e-16
1.164697766520815136e+01 6.681756575498899654e-16
1.166308290308797169e+01 6.532318550805877895e-16
1.167921041101025459e+01 6.386450134347828619e-16
1.169536021976962559e+01 6.244065140645018430e-16
1.171153236020329658e+01 6.105079421446621512e-16
1.172772686319110491e+01 5.969410820574281226e-16
1.174394375965562531e+01 5.836979129633264873e-16
1.176018308056215389e+01 5.707706044582086472e-16
1.177644485691881826e+01 5.581515123147185939e-16
1.179272911977661309e+01 5.458331743071862202e-16
1.180903590022950489e+01 5.338083061188238697e-16
1.182536522941441959e+01 5.220697973301048590e-16
1.184171713851135088e+01 5.106107074870201803e-16
1.185809165874340820e+01 4.994242622482194222e-16
1.187448882137686468e+01 4.885038496097246227e-16
1.189090865772125838e+01 4.778430162061806892e-16
1.190735119912939410e+01 4.674354636874154115e-16
1.192381647699743752e+01 4.572750451691184780e-16
1.194030452276496845e+01 4.473557617565904100e-16
1.195681536791503063e+01 4.376717591402542715e-16
1.197334904397423649e+01 4.282173242618848138e-16
1.198990558251275829e+01 4.189868820504380305e-16
1.200648501514443467e+01 4.099749922262145542e-16
1.202308737352681689e+01 4.011763461723195454e-16
1.203971268936122385e+01 3.925857638722665958e-16
1.205636099439284337e+01 3.841981909125538432e-16
1.207303232041072683e+01 3.760086955492326300e-16
1.208972669924789045e+01 3.680124658371842941e-16
1.210644416278137392e+01 3.602048068211458840e-16
1.212318474293227766e+01 3.525810905521501281e-16
1.213994847166588542e+01 3.451365829607758709e-16
1.215673538099163942e+01 3.378666163822827279e-16
1.217354550296326110e+01 3.307666560609838086e-16
1.219037886967879025e+01 3.238322960757102638e-16
1.220723551328064538e+01 3.170592553871507010e-16
1.222411546595571963e+01 3.104433740147857044e-16
1.224101875993538435e+01 3.039806093391803901e-16
1.225794542749558858e+01 2.976670325250656658e-16
1.227489550095691229e+01 2.914988250611001546e-16
1.229186901268461440e+01 2.854722754122973305e-16
1.230886599508874824e+01 2.795837757811206611e-16
1.232588648062414194e+01 2.738298189736277069e-16
1.234293050179051754e+01 2.682069953669370452e-16
1.235999809113253534e+01 2.627119899745657634e-16
1.237708928123984542e+01 2.573415796063393949e-16
1.239420410474720136e+01 2.520926301195051203e-16
1.241134259433444242e+01 2.469620937581093336e-16
1.242850478272661263e+01 2.419470065774553371e-16
1.244569070269400690e+01 2.370444859508616600e-16
1.246290038705222081e+01 2.322517281558754850e-16
1.248013386866226604e+01 2.275660060372620098e-16
1.249739118043055619e+01 2.229846667441793251e-16
1.251467235530901867e+01 2.185051295390187900e-16
1.253197742629514444e+01 2.141248836754990637e-16
1.254930642643204486e+01 2.098414863436924699e-16
1.256665938880855826e+01 2.056525606797378319e-16
1.258403634655923931e+01 2.015557938380768214e-16
1.260143733286447087e+01 1.975489351240937318e-16
1.261886238095052448e+01 1.936297941851948798e-16
1.263631152408959402e+01 1.897962392583337675e-16
1.265378479559992897e+01 1.860461954721290911e-16
1.267128222884580424e+01 1.823776432017847107e-16
1.268880385723764981e+01 1.787886164750116227e-16
1.270634971423209159e+01 1.752772014273209396e-16
1.272391983333200471e+01 1.718415348050314421e-16
1.274151424808663435e+01 1.684798025144078191e-16
1.275913299209157259e+01 1.651902382154900467e-16
1.277677609898888811e+01 1.619711219590293327e-16
1.279444360246715817e+01 1.588207788652360299e-16
1.281213553626154322e+01 1.557375778428948695e-16
1.282985193415387926e+01 1.527199303475842016e-16
1.284759282997268492e+01 1.497662891776938757e-16
1.286535825759326634e+01 1.468751473070321176e-16
1.288314825093777216e+01 1.440450367528409938e-16
1.290096284397524151e+01 1.412745274780536178e-16
1.291880207072173192e+01 1.385622263267078935e-16
1.293666596524028911e+01 1.359067759914592320e-16
1.295455456164108377e+01 1.333068540121238999e-16
1.297246789408144529e+01 1.307611718042953977e-16
1.299040599676592578e+01 1.282684737170601913e-16
1.300836890394641543e+01 1.258275361188497449e-16
1.302635664992212305e+01 1.234371665106147274e-16
1.304436926903970395e+01 1.210962026653503279e-16
1.306240679569330609e+01 1.188035117932076586e-16
1.308046926432462342e+01 1.165579897313661704e-16
1.309855670942301309e+01 1.143585601578443977e-16
1.311666916552548656e+01 1.122041738285668404e-16
1.313480666721682510e+01 1.100938078368804710e-16
1.315296924912961885e+01 1.080264648948606285e-16
1.317115694594438757e+01 1.060011726356973830e-16
1.318936979238956830e+01 1.040169829365355465e-16
1.320760782324163074e+01 1.020729712610835031e-16
1.322587107332513412e+01 1.001682360214132849e-16
1.324415957751278050e+01 9.830189795832837665e-17
1.326247337072553023e+01 9.647309953973355985e-17
1.328081248793259483e+01 9.468100437646307452e-17
1.329917696415155248e+01 9.292479665498489481e-17
1.331756683444840128e+01 9.120368058651200482e-17
1.333598213393761966e+01 8.951687987196293764e-17
1.335442289778227654e+01 8.786363718233189881e-17
1.337288916119402593e+01 8.624321365395927649e-17
1.339138095943322604e+01 8.465488839826384572e-17
1.340989832780899071e+01 8.309795802548664604e-17
1.342844130167924632e+01 8.157173618202635320e-17
1.344700991645085253e+01 8.007555310093658552e-17
1.346560420757958632e+01 7.860875516521052231e-17
1.348422421057026810e+01 7.717070448343689503e-17
1.350286996097681325e+01 7.576077847746380962e-17
1.352154149440228359e+01 7.437836948172156320e-17
1.354023884649901888e+01 7.302288435381748197e-17
1.355896205296861368e+01 7.169374409610953351e-17
1.357771114956204350e+01 7.039038348788309247e-17
1.359648617207972343e+01 6.911225072784319660e-17
1.361528715637155251e+01 6.785880708660116504e-17
1.363411413833704877e+01 6.662952656885825235e-17
1.365296715392533144e+01 6.542389558499961195e-17
1.367184623913523644e+01 6.424141263181327250e-17
1.369075143001538741e+01 6.308158798206829335e-17
1.370968276266423125e+01 6.194394338268513146e-17
1.372864027323018199e+01 6.082801176124450216e-17
1.374762399791159417e+01 5.973333694059411906e-17
1.376663397295688718e+01 5.865947336130427945e-17
1.378567023466460739e+01 5.760598581174749451e-17
1.380473281938348151e+01 5.657244916558043284e-17
1.382382176351253911e+01 5.555844812639927202e-17
1.384293710350109841e+01 5.456357697937842897e-17
1.386207887584889242e+01 5.358743934966929214e-17
1.388124711710613113e+01 5.262964796736839005e-17
1.390044186387354586e+01 5.168982443887141358e-17
1.391966315280252076e+01 5.076759902441232057e-17
1.393891102059508391e+01 4.986261042162752597e-17
1.395818550400402280e+01 4.897450555495055043e-17
1.397748663983294826e+01 4.810293937068159885e-17
1.399681446493634773e+01 4.724757463756810873e-17
1.401616901621971500e+01 4.640808175272816724e-17
1.403555033063953239e+01 4.558413855277680490e-17
1.405495844520339688e+01 4.477543012999431838e-17
1.407439339697008407e+01 4.398164865339729602e-17
1.409385522304959260e+01 4.320249319457651414e-17
1.411334396060328444e+01 4.243766955815151851e-17
1.413285964684386542e+01 4.168689011673212838e-17
1.415240231903550594e+01 4.094987365024046169e-17
1.417197201449391208e+01 4.022634518947590404e-17
1.419156877058637178e+01 3.951603586380479717e-17
1.421119262473188805e+01 3.881868275285899533e-17
1.423084361440115941e+01 3.813402874212493569e-17
1.425052177711672030e+01 3.746182238232059080e-17
1.427022715045298007e+01 3.680181775244851285e-17
1.428995977203630119e+01 3.615377432642298485e-17
1.430971967954511292e+01 3.551745684317260328e-17
1.432950691070990246e+01 3.489263518012741918e-17
1.434932150331334633e+01 3.427908422997765177e-17
1.436916349519036551e+01 3.367658378063520199e-17
1.438903292422818403e+01 3.308491839829537719e-17
1.440892982836645686e+01 3.250387731351388853e-17
1.442885424559726282e+01 3.193325431022485142e-17
1.444880621396522535e+01 3.137284761760462008e-17
1.446878577156757650e+01 3.082245980471610410e-17
1.448879295655421728e+01 3.028189767784780931e-17
1.450882780712784026e+01 2.975097218047862049e-17
1.452889036154392244e+01 2.922949829579615780e-17
1.454898065811085672e+01 2.871729495169491737e-17
1.456909873518999099e+01 2.821418492819219051e-17
1.458924463119576131e+01 2.771999476718902595e-17
1.460941838459568309e+01 2.723455468452213980e-17
1.462962003391047361e+01 2.675769848423247213e-17
1.464984961771411776e+01 2.628926347500165361e-17
1.467010717463392844e+01 2.582909038868873719e-17
1.469039274335066914e+01 2.537702330091766930e-17
1.471070636259855391e+01 2.493290955365514949e-17
1.473104807116536641e+01 2.449659967972885068e-17
1.475141790789252738e+01 2.406794732922913415e-17
1.477181591167515329e+01 2.364680919775109382e-17
1.479224212146218775e+01 2.323304495641979907e-17
1.481269657625638558e+01 2.282651718365837471e-17
1.483317931511445309e+01 2.242709129864534643e-17
1.485369037714710139e+01 2.203463549642336188e-17
1.487422980151910679e+01 2.164902068460899421e-17
1.489479762744944757e+01 2.127012042166613578e-17
1.491539389421129158e+01 2.089781085670014312e-17
1.493601864113212230e+01 2.053197067072959541e-17
1.495667190759380993e+01 2.017248101940270993e-17
1.497735373303266115e+01 1.981922547711419520e-17
1.499806415693956474e+01 1.947208998248861762e-17
1.501880321885997027e+01 1.913096278519776585e-17
1.503957095839401958e+01 1.879573439407000291e-17
1.506036741519662314e+01 1.846629752646234116e-17
1.508119262897749913e+01 1.814254705886468724e-17
1.510204663950132975e+01 1.782437997869500187e-17
1.512292948658773462e+01 1.751169533726805678e-17
1.514384121011140749e+01 1.720439420389463846e-17
1.516478185000218737e+01 1.690237962108816167e-17
1.518575144624510465e+01 1.660555656085070041e-17
1.520675003888052856e+01 1.631383188200742123e-17
1.522777766800415300e+01 1.602711428856555884e-17
1.524883437376712791e+01 1.574531440762155183e-17
1.526992019637612330e+01 1.546835318179267811e-17
1.529103517609338958e+01 1.519616667696210181e-17
1.531217935323689971e+01 1.492869237995293582e-17
1.533335276818033321e+01 1.466586783463166633e-17
1.535455546135320937e+01 1.440763067570814016e-17
1.537578747324095296e+01 1.415391866119224211e-17
1.539704884438495824e+01 1.390466970353026885e-17
1.541833961538272213e+01 1.365982189944632589e-17
1.543965982688783889e+01 1.341931355851482950e-17
1.546100951961012449e+01 1.318308323049057895e-17
1.548238873431569651e+01 1.295106973142064099e-17
1.550379751182702215e+01 1.272321216856745031e-17
1.552523589302306561e+01 1.249944996416585795e-17
1.554670391883927216e+01 1.227972287804501199e-17
1.556820163026770310e+01 1.206397102913857607e-17
1.558972906835711036e+01 1.185213491591108075e-17
1.561128627421298454e+01 1.164415543572799010e-17
1.563287328899770579e+01 1.143997390319400607e-17
1.565449015393052790e+01 1.123953206748968584e-17
1.567613691028771328e+01 1.104277212872908900e-17
1.569781359940260579e+01 1.084963675336790740e-17
1.571952026266568403e+01 1.066006908868632883e-17
1.574125694152471056e+01 1.047401277637358549e-17
1.576302367748471411e+01 1.029141196524068935e-17
1.578482051210812642e+01 1.011221132308598793e-17
1.580664748701485856e+01 9.936356047738144609e-18
1.582850464388235245e+01 9.763791877304720612e-18
1.585039202444572837e+01 9.594465099646767343e-18
1.587230967049777419e+01 9.428322561109099168e-18
1.589425762388907692e+01 9.265311674525763282e-18
1.591623592652809904e+01 9.105380426527181235e-18
1.593824462038123535e+01 8.948477384172304399e-18
1.596028374747296041e+01 8.794551700927558709e-18
1.598235334988581080e+01 8.643553122017127354e-18
1.600445346976052718e+01 8.495431989166722689e-18
1.602658414929612718e+01 8.350139244760468745e-18
1.604874543074996041e+01 8.207626435436144051e-18
1.607093735643785593e+01 8.067845715137498637e-18
1.609315996873411692e+01 7.930749847645326574e-18
1.611541331007164857e+01 7.796292208607524020e-18
1.613769742294201492e+01 7.664426787088576898e-18
1.616001234989558810e+01 7.535108186656249144e-18
1.618235813354153407e+01 7.408291626028145126e-18
1.620473481654794767e+01 7.283932939292789453e-18
1.622714244164192365e+01 7.161988575726092014e-18
1.624958105160962774e+01 7.042415599220345187e-18
1.627205068929643872e+01 6.925171687342796156e-18
1.629455139760692717e+01 6.810215130041766343e-18
1.631708321950500817e+01 6.697504828015623712e-18
1.633964619801401241e+01 6.587000290761461362e-18
1.636224037621674299e+01 6.478661634319500760e-18
1.638486579725562464e+01 6.372449578727068595e-18
1.640752250433268600e+01 6.268325445199626213e-18
1.643021054070972298e+01 6.166251153050282419e-18
1.645292994970834499e+01 6.066189216364032167e-18
1.647568077471004599e+01 5.968102740439358324e-18
1.649846305915636435e+01 5.871955418010750419e-18
1.652127684654885442e+01 5.777711525265122707e-18
1.654412218044924288e+01 5.685335917664481362e-18
1.656699910447948909e+01 5.594794025586041248e-18
1.658990766232185976e+01 5.506051849793564971e-18
1.661284789771907100e+01 5.419075956748811232e-18
1.663581985447427769e+01 5.333833473776171080e-18
1.665882357645122269e+01 5.250292084089420670e-18
1.668185910757430435e+01 5.168420021691836437e-18
1.670492649182862976e+01 5.088186066159549600e-18
1.672802577326019602e+01 5.009559537316623346e-18
1.675115699597584751e+01 4.932510289812912931e-18
1.677432020414342873e+01 4.857008707611504895e-18
1.679751544199187308e+01 4.783025698396420482e-18
1.682074275381124195e+01 4.710532687906704616e-18
1.684400218395290239e+01 4.639501614206470002e-18
1.686729377682949504e+01 4.569904921898264968e-18
1.689061757691508348e+01 4.501715556286269283e-18
1.691397362874524291e+01 4.434906957497301328e-18
1.693736197691709933e+01 4.369453054566144720e-18
1.696078266608951068e+01 4.305328259491215611e-18
1.698423574098303490e+01 4.242507461268309054e-18
1.700772124638007554e+01 4.180966019906244709e-18
1.703123922712497418e+01 4.120679760432162605e-18
1.705478972812405658e+01 4.061624966891043415e-18
1.707837279434579969e+01 4.003778376344409834e-18
1.710198847082080675e+01 3.947117172874363549e-18
1.712563680264196719e+01 3.891618981596802732e-18
1.714931783496453122e+01 3.837261862688781254e-18
1.717303161300615955e+01 3.784024305434526304e-18
1.719677818204709752e+01 3.731885222294182756e-18
1.722055758743015019e+01 3.680823942999354922e-18
1.724436987456084580e+01 3.630820208679232846e-18
1.726821508890748191e+01 3.581854166021087970e-18
1.729209327600123203e+01 3.533906361468426897e-18
1.731600448143626636e+01 3.486957735459937114e-18
1.733994875086975540e+01 3.440989616713227548e-18
1.736392613002201912e+01 3.395983716555285615e-18
1.738793666467660159e+01 3.351922123302875962e-18
1.741198040068033492e+01 3.308787296695991633e-18
1.743605738394350624e+01 3.266562062386363341e-18
1.746016766043982216e+01 3.225229606483639557e-18
1.748431127620658998e+01 3.184773470161563547e-18
1.750848827734477453e+01 3.145177544326498551e-18
1.753269871001906210e+01 3.106426064349816402e-18
1.755694262045804166e+01 3.068503604866649459e-18
1.758122005495415863e+01 3.031395074642820848e-18
1.760553105986389610e+01 2.995085711511179435e-18
1.762987568160784235e+01 2.959561077379676462e-18
1.765425396667074764e+01 2.924807053312035492e-18
1.767866596160170189e+01 2.890809834683308670e-18
1.770311171301410269e+01 2.857555926410968342e-18
1.772759126758582937e+01 2.825032138263170692e-18
1.775210467205929632e+01 2.793225580245746378e-18
1.777665197324154533e+01 2.762123658068324558e-18
1.780123321800438418e+01 2.731714068691516220e-18
1.782584845328439727e+01 2.701984795955894454e-18
1.785049772608306995e+01 2.672924106293668762e-18
1.787518108346689516e+01 2.644520544524079549e-18
1.789989857256742312e+01 2.616762929733843983e-18
1.792465024058143541e+01 2.589640351242678658e-18
1.794943613477092015e+01 2.563142164655929762e-18
1.797425630246323536e+01 2.537257988003773017e-18
1.799911079105116940e+01 2.511977697969131203e-18
1.802399964799309018e+01 2.487291426203945642e-18
1.804892292081294158e+01 2.463189555735313501e-18
1.807388065710040337e+01 2.439662717461933871e-18
1.809887290451095865e+01 2.416701786741546339e-18
1.812389971076596851e+01 2.394297880070165923e-18
1.814896112365283187e+01 2.372442351853899391e-18
1.817405719102498907e+01 2.351126791274011251e-18
1.819918796080204970e+01 2.330343019245797939e-18
1.822435348096989571e+01 2.310083085472349497e-18
1.824955379958074886e+01 2.290339265593622437e-18
1.827478896475332348e+01 2.271104058431760953e-18
1.830005902467282297e+01 2.252370183333555116e-18
1.832536402759109251e+01 2.234130577610415826e-18
1.835070402182670080e+01 2.216378394077371067e-18
1.837607905576501821e+01 2.199106998691316509e-18
1.840148917785836957e+01 2.182309968289783468e-18
1.842693443662602704e+01 2.165981088431228805e-18
1.845241488065437352e+01 2.150114351337573588e-18
1.847793055859697020e+01 2.134703953940254729e-18
1.850348151917464179e+01 2.119744296030893884e-18
1.852906781117564350e+01 2.105229978517523515e-18
1.855468948345563263e+01 2.091155801787998636e-18
1.858034658493783908e+01 2.077516764181343469e-18
1.860603916461315066e+01 2.064308060569109898e-18
1.863176727154017343e+01 2.051525081047368672e-18
1.865753095484541291e+01 2.039163409741617102e-18
1.868333026372324213e+01 2.027218823725747648e-18
1.870916524743608633e+01 2.015687292056982530e-18
1.873503595531448340e+01 2.004564974928487663e-18
1.876094243675717266e+01 1.993848222941747081e-18
1.878688474123124763e+01 1.983533576500439267e-18
1.881286291827215607e+01 1.973617765328400006e-18
1.883887701748385979e+01 1.964097708113361164e-18
1.886492708853890932e+01 1.954970512279533413e-18
1.889101318117852557e+01 1.946233473890855215e-18
1.891713534521276685e+01 1.937884077688228367e-18
1.894329363052050752e+01 1.929919997263280409e-18
1.896948808704961920e+01 1.922339095371469599e-18
1.899571876481703114e+01 1.915139424388170166e-18
1.902198571390882975e+01 1.908319226910519251e-18
1.904828898448040420e+01 1.901876936509138182e-18
1.907462862675644288e+01 1.895811178632878506e-18
1.910100469103111109e+01 1.890120771671046700e-18
1.912741722766810781e+01 1.884804728176662421e-18
1.915386628710076877e+01 1.879862256255880994e-18
1.918035191983221210e+01 1.875292761127368812e-18
1.920687417643534189e+01 1.871095535789267543e-18
1.923343310755300806e+01 1.867266550819340357e-18
1.926002876389809160e+01 1.863799776020283620e-18
1.928666119625357922e+01 1.860689386318959945e-18
1.931333045547273386e+01 1.857929788186108718e-18
1.934003659247908757e+01 1.855515610696875719e-18
1.936677965826659431e+01 1.853441696925146065e-18
1.939355970389973649e+01 1.851703095655242296e-18
1.942037678051357474e+01 1.850295053394709252e-18
1.944723093931395042e+01 1.849213006673169262e-18
1.947412223157743938e+01 1.848452574612593249e-18
1.950105070865155099e+01 1.848009551755099098e-18
1.952801642195479559e+01 1.847879901135264939e-18
1.955501942297675555e+01 1.848059747584184946e-18
1.958205976327828779e+01 1.848545371253349641e-18
1.960913749449147048e+01 1.849333201346727296e-18
1.963625266831980554e+01 1.850419810050428430e-18
1.966340533653829681e+01 1.851801906649139662e-18
1.969059555099350334e+01 1.853476331819393376e-18
1.971782336360375609e+01 1.855440052090545821e-18
1.974508882635910467e+01 1.857690154463619842e-18
1.977239199132151626e+01 1.860223841180142881e-18
1.979973291062494312e+01 1.863038424631742344e-18
1.982711163647541497e+01 1.866131322403512586e-18
1.985452822115120242e+01 1.869500052442598944e-18
1.988198271700281339e+01 1.873142228345391685e-18
1.990947517645315656e+01 1.877055554756166222e-18
1.993700565199761954e+01 1.881237822870213488e-18
1.996457419620423224e+01 1.885686906035594882e-18
1.999218086171366338e+01 1.890400755447101874e-18
2.001982570123938032e+01 1.895377395926570076e-18
2.004750876756774858e+01 1.900614921784146308e-18
2.007523011355810993e+01 1.906111492755054051e-18
2.010298979214294945e+01 1.911865330006844073e-18
2.013078785632789192e+01 1.917874712212139781e-18
2.015862435919187945e+01 1.924137971682272380e-18
2.018649935388724259e+01 1.930653490557522582e-18
2.021441289363980331e+01 1.937419697049316593e-18
2.024236503174902779e+01 1.944435061730878101e-18
2.027035582158803706e+01 1.951698093871957106e-18
2.029838531660376688e+01 1.959207337814211274e-18
2.032645357031706368e+01 1.966961369383895253e-18
2.035456063632275558e+01 1.974958792338068486e-18
2.038270656828985139e+01 1.983198234841659123e-18
2.041089141996149792e+01 1.991678345972036754e-18
2.043911524515518963e+01 2.000397792248492429e-18
2.046737809776283257e+01 2.009355254183816794e-18
2.049568003175083319e+01 2.018549422855469948e-18
2.052402110116028666e+01 2.027978996494028809e-18
2.055240136010695196e+01 2.037642677086728773e-18
2.058082086278144018e+01 2.047539166993842070e-18
2.060927966344928919e+01 2.057667165576171829e-18
2.063777781645106302e+01 2.068025365831896528e-18
2.066631537620252601e+01 2.078612451040872408e-18
2.069489239719462148e+01 2.089427091415176298e-18
2.072350893399366711e+01 2.100467940754481360e-18
2.075216504124143313e+01 2.111733633104849821e-18
2.078086077365522755e+01 2.123222779420244349e-18
2.080959618602807737e+01 2.134933964225493505e-18
2.083837133322872148e+01 2.146865742279990203e-18
2.086718627020178829e+01 2.159016635241789223e-18
2.089604105196788097e+01 2.171385128331093053e-18
2.092493573362365922e+01 2.183969666993134521e-18
2.095387037034204525e+01 2.196768653560245925e-18
2.098284501737218122e+01 2.209780443912615823e-18
2.101185973003962815e+01 2.223003344138409120e-18
2.104091456374645119e+01 2.236435607192989667e-18
2.107000957397130492e+01 2.250075429557901732e-18
2.109914481626961802e+01 2.263920947899757878e-18
2.112832034627358269e+01 2.277970235730194181e-18
2.115753621969233933e+01 2.292221300067218676e-18
2.118679249231205119e+01 2.306672078099208719e-18
2.121608921999601804e+01 2.321320433852423177e-18
2.124542645868483248e+01 2.336164154863771247e-18
2.127480426439639061e+01 2.351200948859359838e-18
2.130422269322606610e+01 2.366428440441356731e-18
2.133368180134679193e+01 2.381844167784403657e-18
2.136318164500917050e+01 2.397445579343355385e-18
2.139272228054163349e+01 2.413230030574690979e-18
2.142230376435045613e+01 2.429194780673620629e-18
2.145192615291991700e+01 2.445336989329293510e-18
2.148158950281240820e+01 2.461653713500634286e-18
2.151129387066851351e+01 2.478141904215390923e-18
2.154103931320720378e+01 2.494798403395540388e-18
2.157082588722580851e+01 2.511619940711540546e-18
2.160065364960022194e+01 2.528603130469149533e-18
2.163052265728499179e+01 2.545744468531778528e-18
2.166043296731338330e+01 2.563040329282071495e-18
2.169038463679761009e+01 2.580486962626206276e-18
2.172037772292878444e+01 2.598080491044805892e-18
2.175041228297711982e+01 2.615816906694580375e-18
2.178048837429202678e+01 2.633692068564451235e-18
2.181060605430220178e+01 2.651701699691040020e-18
2.184076538051580485e+01 2.669841384437324686e-18
2.187096641052046664e+01 2.688106565839438824e-18
2.190120920198345544e+01 2.706492543026464804e-18
2.193149381265179443e+01 2.724994468717695507e-18
2.196182030035232557e+01 2.743607346802751121e-18
2.199218872299192640e+01 2.762326030009872698e-18
2.202259913855747797e+01 2.781145217666949639e-18
2.205305160511606744e+01 2.800059453561807664e-18
2.208354618081507681e+01 2.819063123906431152e-18
2.211408292388226471e+01 2.838150455411414523e-18
2.214466189262598306e+01 2.857315513475893161e-18
2.217528314543514156e+01 2.876552200499603331e-18
2.220594674077940311e+01 2.895854254322439423e-18
2.223665273720926905e+01 2.915215246797831747e-18
2.226740119335626389e+01 2.934628582506446814e-18
2.229819216793292824e+01 2.954087497616145042e-18
2.232902571973300354e+01 2.973585058894462878e-18
2.235990190763153151e+01 2.993114162880633172e-18
2.239082079058494301e+01 3.012667535222910047e-18
2.242178242763126406e+01 3.032237730188173976e-18
2.245278687789009098e+01 3.051817130349991226e-18
2.248383420056277870e+01 3.071397946462258210e-18
2.251492445493256156e+01 3.090972217524148089e-18
2.254605770036461720e+01 3.110531811043802159e-18
2.257723399630628691e+01 3.130068423506497233e-18
2.260845340228703648e+01 3.149573581054501224e-18
2.263971597791868362e+01 3.169038640384396639e-18
2.267102178289546544e+01 3.188454789868712912e-18
2.270237087699414502e+01 3.207813050908009342e-18
2.273376332007421752e+01 3.227104279519699887e-18
2.276519917207786747e+01 3.246319168169239298e-18
2.279667849303020688e+01 3.265448247850410185e-18
2.282820134303933557e+01 3.284481890419958407e-18
2.285976778229645490e+01 3.303410311192311820e-18
2.289137787107606314e+01 3.322223571799757649e-18
2.292303166973593420e+01 3.340911583323839336e-18
2.295472923871733428e+01 3.359464109702064684e-18
2.298647063854509653e+01 3.377870771415829820e-18
2.301825592982773472e+01 3.396121049462817257e-18
2.305008517325762796e+01 3.414204289619480231e-18
2.308195842961102073e+01 3.432109706996232168e-18
2.311387575974821829e+01 3.449826390889814092e-18
2.314583722461367898e+01 3.467343309935815114e-18
2.317784288523611380e+01 3.484649317564177928e-18
2.320989280272869237e+01 3.501733157760162942e-18
2.324198703828902168e+01 3.518583471133141507e-18
2.327412565319935212e+01 3.535188801294242055e-18
2.330630870882667693e+01 3.551537601545104024e-18
2.333853626662282110e+01 3.567618241877073200e-18
2.337080838812465799e+01 3.583419016282527139e-18
2.340312513495407742e+01 3.598928150376704404e-18
2.343548656881820591e+01 3.614133809330458237e-18
2.346789275150949905e+01 3.629024106111370114e-18
2.350034374490583033e+01 3.643587110032341095e-18
2.353283961097071142e+01 3.657810855604321400e-18
2.356538041175326015e+01 3.671683351690496564e-18
2.359796620938842437e+01 3.685192590957847192e-18
2.363059706609706723e+01 3.698326559622010113e-18
2.366327304418606303e+01 3.711073247479814933e-18
2.369599420604852469e+01 3.723420658224393024e-18
2.372876061416376103e+01 3.735356820035884776e-18
2.376157233109750422e+01 3.746869796440760921e-18
2.379442941950199497e+01 3.757947697431873173e-18
2.382733194211609273e+01 3.768578690840769335e-18
2.386027996176547461e+01 3.778751013952898984e-18
2.389327354136263182e+01 3.788452985355214964e-18
2.392631274390706153e+01 3.797673017006353057e-18
2.395939763248538057e+01 3.806399626516467621e-18
2.399252827027142132e+01 3.814621449625990367e-18
2.402570472052643424e+01 3.822327252868566588e-18
2.405892704659908077e+01 3.829505946406067836e-18
2.409219531192564645e+01 3.836146597019456243e-18
2.412550958003012980e+01 3.842238441241596038e-18
2.415886991452434174e+01 3.847770898751176490e-18
2.419227637910814011e+01 3.852736019100647179e-18
2.422572903756937990e+01 3.857134723582151123e-18
2.425922795378415131e+01 3.860970119665716252e-18
2.429277319171686855e+01 3.864245583191036936e-18
2.432636481542037643e+01 3.866964752236215153e-18
2.436000288903615640e+01 3.869131520836245986e-18
2.439368747679431948e+01 3.870750032560193795e-18
2.442741864301380161e+01 3.871824673958500620e-18
2.446119645210249871e+01 3.872360067890770595e-18
2.449502096855732347e+01 3.872361066743530617e-18
2.452889225696446474e+01 3.871832745549275541e-18
2.456281038199933775e+01 3.870780395016168719e-18
2.459677540842681509e+01 3.869209514478898050e-18
2.463078740110129772e+01 3.867125804780290217e-18
2.466484642496694590e+01 3.864535161093677172e-18
2.469895254505765081e+01 3.861443665695917196e-18
2.473310582649724765e+01 3.857857580699892098e-18
2.476730633449962582e+01 3.853783340756468396e-18
2.480155413436883549e+01 3.849227545734716303e-18
2.483584929149929366e+01 3.844196953389664852e-18
2.487019187137577347e+01 3.838698472025903955e-18
2.490458193957361743e+01 3.832739153165908067e-18
2.493901956175885104e+01 3.826326184231682664e-18
2.497350480368827874e+01 3.819466881246878736e-18
2.500803773120969709e+01 3.812168681568535014e-18
2.504261841026189117e+01 3.804439136655280359e-18
2.507724690687484781e+01 3.796285904879273259e-18
2.511192328716985500e+01 3.787716744389864859e-18
2.514664761735960852e+01 3.778739506035086893e-18
2.518141996374843927e+01 3.769362126347873193e-18
2.521624039273228490e+01 3.759592620603602244e-18
2.525110897079892069e+01 3.749439075954802504e-18
2.528602576452806261e+01 3.738909644648966991e-18
2.532099084059145966e+01 3.728012537335316566e-18
2.535600426575313548e+01 3.716756016465261238e-18
2.539106610686935284e+01 3.705148389792241781e-18
2.542617643088885870e+01 3.693198003975415935e-18
2.546133530485295537e+01 3.680913238291736728e-18
2.549654279589564609e+01 3.668302498460597546e-18
2.553179897124382691e+01 3.655374210585374986e-18
2.556710389821727958e+01 3.642136815215222158e-18
2.560245764422890957e+01 3.628598761530507455e-18
2.563786027678482426e+01 3.614768501655847724e-18
2.567331186348446437e+01 3.600654485102491515e-18
2.570881247202082065e+01 3.586265153343895792e-18
2.574436217018040551e+01 3.571608934526205563e-18
2.577996102584349813e+01 3.556694238316137828e-18
2.581560910698423683e+01 3.541529450888163414e-18
2.585130648167072565e+01 3.526122930052681521e-18
2.588705321806527948e+01 3.510483000526907990e-18
2.592284938442438147e+01 3.494617949349223778e-18
2.595869504909892100e+01 3.478536021438679234e-18
2.599459028053430742e+01 3.462245415300131419e-18
2.603053514727057305e+01 3.445754278875404664e-18
2.606652971794259699e+01 3.429070705541425006e-18
2.610257406128008739e+01 3.412202730255387433e-18
2.613866824610782658e+01 3.395158325846656267e-18
2.617481234134574919e+01 3.377945399455507687e-18
2.621100641600908432e+01 3.360571789118605006e-18
2.624725053920855800e+01 3.343045260500088116e-18
2.628354478015038964e+01 3.325373503768272868e-18
2.631988920813651944e+01 3.307564130616888030e-18
2.635628389256471849e+01 3.289624671429233185e-18
2.639272890292869533e+01 3.271562572585620825e-18
2.642922430881833051e+01 3.253385193911050013e-18
2.646577017991964809e+01 3.235099806263107779e-18
2.650236658601507145e+01 3.216713589258008233e-18
2.653901359698350149e+01 3.198233629132852691e-18
2.657571128280045514e+01 3.179666916742906359e-18
2.661245971353828210e+01 3.161020345691945987e-18
2.664925895936615063e+01 3.142300710592999913e-18
2.668610909055027847e+01 3.123514705458627696e-18
2.672301017745405005e+01 3.104668922217420968e-18
2.675996229053812314e+01 3.085769849355279877e-18
2.679696550036066327e+01 3.066823870678893272e-18
2.683401987757732243e+01 3.047837264198797939e-18
2.687112549294148778e+01 3.028816201130331715e-18
2.690828241730436687e+01 3.009766745008872447e-18
2.694549072161513337e+01 2.990694850917956849e-18
2.698275047692113304e+01 2.971606364827043719e-18
2.702006175436788027e+01 2.952507023036061485e-18
2.705742462519929248e+01 2.933402451725046442e-18
2.709483916075780741e+01 2.914298166605155768e-18
2.713230543248447901e+01 2.895199572668619033e-18
2.716982351191923328e+01 2.876111964035538559e-18
2.720739347070084335e+01 2.857040523893664439e-18
2.724501538056716043e+01 2.837990324529260258e-18
2.728268931335522041e+01 2.818966327446031192e-18
2.732041534100146407e+01 2.799973383568911667e-18
2.735819353554172650e+01 2.781016233530789330e-18
2.739602396911147864e+01 2.762099508038495296e-18
2.743390671394594449e+01 2.743227728315750320e-18
2.747184184238019711e+01 2.724405306620582819e-18
2.750982942684942856e+01 2.705636546833575674e-18
2.754786953988889664e+01 2.686925645115358681e-18
2.758596225413419845e+01 2.668276690629739781e-18
2.762410764232135918e+01 2.649693666330088059e-18
2.766230577728696716e+01 2.631180449806744081e-18
2.770055673196839763e+01 2.612740814191973541e-18
2.773886057940381278e+01 2.594378429120802541e-18
2.777721739273238555e+01 2.576096861744486225e-18
2.781562724519443464e+01 2.557899577794383234e-18
2.785409021013152397e+01 2.539789942693899835e-18
2.789260636098670787e+01 2.521771222715697254e-18
2.793117577130452744e+01 2.503846586182193142e-18
2.796979851473123446e+01 2.486019104706607339e-18
2.800847466501492633e+01 2.468291754472588242e-18
2.804720429600564557e+01 2.450667417549980798e-18
2.808598748165563563e+01 2.433148883244460818e-18
2.812482429601932665e+01 2.415738849479142034e-18
2.816371481325356285e+01 2.398439924205975371e-18
2.820265910761773753e+01 2.381254626844519150e-18
2.824165725347390676e+01 2.364185389746635002e-18
2.828070932528703096e+01 2.347234559684799152e-18
2.831981539762495359e+01 2.330404399362237571e-18
2.835897554515866048e+01 2.313697088943085787e-18
2.839818984266238999e+01 2.297114727600758758e-18
2.843745836501375379e+01 2.280659335082715407e-18
2.847678118719397844e+01 2.264332853290050126e-18
2.851615838428789473e+01 2.248137147870393997e-18
2.855559003148418640e+01 2.232074009822121605e-18
2.859507620407550732e+01 2.216145157109050705e-18
2.863461697745859524e+01 2.200352236283533547e-18
2.867421242713453111e+01 2.184696824116795477e-18
2.871386262870871420e+01 2.169180429235324044e-18
2.875356765789111435e+01 2.153804493761864155e-18
2.879332759049638923e+01 2.138570394959713505e-18
2.883314250244401222e+01 2.123479446879259407e-18
2.887301246975851754e+01 2.108532902005574110e-18
2.891293756856947894e+01 2.093731952906249318e-18
2.895291787511176551e+01 2.079077733877829407e-18
2.899295346572566956e+01 2.064571322590592954e-18
2.903304441685701676e+01 2.050213741730381057e-18
2.907319080505741837e+01 2.036005960636452069e-18
2.911339270698426418e+01 2.021948896935180948e-18
2.915365019940096403e+01 2.008043418168000844e-18
2.919396335917708285e+01 1.994290343413605036e-18
2.923433226328844370e+01 1.980690444903260581e-18
2.927475698881740485e+01 1.967244449628833475e-18
2.931523761295281716e+01 1.953953040942977981e-18
2.935577421299030121e+01 1.940816860150855327e-18
2.939636686633236096e+01 1.927836508092770487e-18
2.943701565048849744e+01 1.915012546717843377e-18
2.947772064307548590e+01 1.902345500647548890e-18
2.951848192181733310e+01 1.889835858729381911e-18
2.955929956454555452e+01 1.877484075580157756e-18
2.960017364919928795e+01 1.865290573118503516e-18
2.964110425382541791e+01 1.853255742086560342e-18
2.968209145657883496e+01 1.841379943560672110e-18
2.972313533572241440e+01 1.829663510450792373e-18
2.976423596962728269e+01 1.818106748988625388e-18
2.980539343677293473e+01 1.806709940204312873e-18
2.984660781574735466e+01 1.795473341391929570e-18
2.988787918524729292e+01 1.784397187563248735e-18
2.992920762407822011e+01 1.773481692890504026e-18
2.997059321115461472e+01 1.762727052137707507e-18
3.001203602550007687e+01 1.752133442080761829e-18
3.005353614624744552e+01 1.741701022916718637e-18
3.009509365263907910e+01 1.731429939662109248e-18
3.013670862402681294e+01 1.721320323540738382e-18
3.017838113987224702e+01 1.711372293361042997e-18
3.022011127974684896e+01 1.701585956883463850e-18
3.026189912333209975e+01 1.691961412178029650e-18
3.030374475041973881e+01 1.682498748972436388e-18
3.034564824091176405e+01 1.673198049991265244e-18
3.038760967482067699e+01 1.664059392286441197e-18
3.042962913226959998e+01 1.655082812583699733e-18
3.047170669349252847e+01 1.646267005724979664e-18
3.051384243883432745e+01 1.637608991734772355e-18
3.055603644875097658e+01 1.629105742816363108e-18
3.059828880380971583e+01 1.620754294266484103e-18
3.064059958468916278e+01 1.612551742778753844e-18
3.068296887217958613e+01 1.604495244794824790e-18
3.072539674718287728e+01 1.596582014901558586e-18
3.076788329071282746e+01 1.588809324272885377e-18
3.081042858389525563e+01 1.581174499155105933e-18
3.085303270796812569e+01 1.573674919394010729e-18
3.089569574428183074e+01 1.566308017002844909e-18
3.093841777429916462e+01 1.559071274769732476e-18
3.098119887959558483e+01 1.551962224903346180e-18
3.102403914185936529e+01 1.544978447715794650e-18
3.106693864289169582e+01 1.538117570341464523e-18
3.110989746460697702e+01 1.531377265490822430e-18
3.115291568903278829e+01 1.524755250238166518e-18
3.119599339831015783e+01 1.518249284842181944e-18
3.123913067469370475e+01 1.511857171598560017e-18
3.128232760055175277e+01 1.505576753723570317e-18
3.132558425836662508e+01 1.499405914267540959e-18
3.136890073073459462e+01 1.493342575057842375e-18
3.141227710036618603e+01 1.487384695670041285e-18
3.145571345008628938e+01 1.481530272426593541e-18
3.149920986283429869e+01 1.475777337422394640e-18
3.154276642166438194e+01 1.470123957576173333e-18
3.158638320974546687e+01 1.464568233707311741e-18
3.163006031036151100e+01 1.459108299636950297e-18
3.167379780691163660e+01 1.453742321313181443e-18
3.171759578291025861e+01 1.448468495959287278e-18
3.176145432198736529e+01 1.443285051244397336e-18
3.180537350788850048e+01 1.438190244476291290e-18
3.184935342447503714e+01 1.433182361815321206e-18
3.189339415572430170e+01 1.428259717509055458e-18
3.193749578572972325e+01 1.423420653147138936e-18
3.198165839870110716e+01 1.418663536935653486e-18
3.202588207896459949e+01 1.413986762990672752e-18
3.207016691096299610e+01 1.409388750650318838e-18
3.211451297925584214e+01 1.404867943804849343e-18
3.215892036851959546e+01 1.400422810244416921e-18
3.220338916354788239e+01 1.396051841023864453e-18
3.224791944925150489e+01 1.391753549844332831e-18
3.229251131065868208e+01 1.387526472451029206e-18
3.233716483291523502e+01 1.383369166046853739e-18
3.238188010128467198e+01 1.379280208721503311e-18
3.242665720114852235e+01 1.375258198895525653e-18
3.247149621800625141e+01 1.371301754779233567e-18
3.251639723747560851e+01 1.367409513845690949e-18
3.256136034529271939e+01 1.363580132317833988e-18
3.260638562731224255e+01 1.359812284669140506e-18
3.265147316950765344e+01 1.356104663137629824e-18
3.269662305797118762e+01 1.352455977252715118e-18
3.274183537891419604e+01 1.348864953374937168e-18
3.278711021866722319e+01 1.345330334247803550e-18
3.283244766368014211e+01 1.341850878561963777e-18
3.287784780052250255e+01 1.338425360531013987e-18
3.292331071588342439e+01 1.335052569478898427e-18
3.296883649657196003e+01 1.331731309438590713e-18
3.301442522951718672e+01 1.328460398761850738e-18
3.306007700176835584e+01 1.325238669739637938e-18
3.310579190049518417e+01 1.322064968233257770e-18
3.315157001298783968e+01 1.318938153315649934e-18
3.319741142665720446e+01 1.315857096922956262e-18
3.324331622903505234e+01 1.312820683515905058e-18
3.328928450777414838e+01 1.309827809750809109e-18
3.333531635064856857e+01 1.306877384160335092e-18
3.338141184555365015e+01 1.303968326843230101e-18
3.342757108050632553e+01 1.301099569163445162e-18
3.347379414364521466e+01 1.298270053458117842e-18
3.352008112323078848e+01 1.295478732754275850e-18
3.356643210764566732e+01 1.292724570494296107e-18
3.361284718539457828e+01 1.290006540269640119e-18
3.365932644510466787e+01 1.287323625563073643e-18
3.370586997552560149e+01 1.284674819498854126e-18
3.375247786552986184e+01 1.282059124601096403e-18
3.379915020411273474e+01 1.279475552559867933e-18
3.384588708039258620e+01 1.276923124005100025e-18
3.389268858361101877e+01 1.274400868288051801e-18
3.393955480313300654e+01 1.271907823270271223e-18
3.398648582844719357e+01 1.269443035119953804e-18
3.403348174916586544e+01 1.267005558115417256e-18
3.408054265502526192e+01 1.264594454455821861e-18
3.412766863588569777e+01 1.262208794078851156e-18
3.417485978173171901e+01 1.259847654485300938e-18
3.422211618267240851e+01 1.257510120570417672e-18
3.426943792894132912e+01 1.255195284462078397e-18
3.431682511089686471e+01 1.252902245365445795e-18
3.436427781902235523e+01 1.250630109414147535e-18
3.441179614392619612e+01 1.248377989527951401e-18
3.445938017634220785e+01 1.246145005276690253e-18
3.450703000712955060e+01 1.243930282750502690e-18
3.455474572727307248e+01 1.241732954436203175e-18
3.460252742788342317e+01 1.239552159099661643e-18
3.465037520019721740e+01 1.237387041674355712e-18
3.469828913557731198e+01 1.235236753155680656e-18
3.474626932551281300e+01 1.233100450501251716e-18
3.479431586161936707e+01 1.230977296536812405e-18
3.484242883563931059e+01 1.228866459868049645e-18
3.489060833944179052e+01 1.226767114797912052e-18
3.493885446502309833e+01 1.224678441249574474e-18
3.498716730450664159e+01 1.222599624694813615e-18
3.503554695014324238e+01 1.220529856087920332e-18
3.508399349431127945e+01 1.218468331804979489e-18
3.513250702951684445e+01 1.216414253588392779e-18
3.518108764839405467e+01 1.214366828496727501e-18
3.522973544370499610e+01 1.212325268859700655e-18
3.527845050834007878e+01 1.210288792238369957e-18
3.532723293531815756e+01 1.208256621390307260e-18
3.537608281778665997e+01 1.206227984239851208e-18
3.542500024902194156e+01 1.204202113853298763e-18
3.547398532242922187e+01 1.202178248419014578e-18
3.552303813154291845e+01 1.200155631232324392e-18
3.557215877002679605e+01 1.198133510685289307e-18
3.562134733167407319e+01 1.196111140261100556e-18
3.567060391040780587e+01 1.194087778533276393e-18
3.571992860028078809e+01 1.192062689169359303e-18
3.576932149547592132e+01 1.190035140939251422e-18
3.581878269030634243e+01 1.188004407728015042e-18
3.586831227921555865e+01 1.185969768553165340e-18
3.591791035677777444e+01 1.183930507586270649e-18
3.596757701769788440e+01 1.181885914179043798e-18
3.601731235681175036e+01 1.179835282893533761e-18
3.606711646908639324e+01 1.177777913536681464e-18
3.611698944962009250e+01 1.175713111198939493e-18
3.616693139364276277e+01 1.173640186297052780e-18
3.621694239651586855e+01 1.171558454620867359e-18
3.626702255373279371e+01 1.169467237384131401e-18
3.631717196091895516e+01 1.167365861279201052e-18
3.636739071383197341e+01 1.165253658535608549e-18
3.641767890836197807e+01 1.163129966982433838e-18
3.646803664053160077e+01 1.160994130114443904e-18
3.651846400649626645e+01 1.158845497161831653e-18
3.656896110254437815e+01 1.156683423163585757e-18
3.661952802509745197e+01 1.154507269044429820e-18
3.667016487071042974e+01 1.152316401695174485e-18
3.672087173607166477e+01 1.150110194056511376e-18
3.677164871800324875e+01 1.147888025206059543e-18
3.682249591346114670e+01 1.145649280448775934e-18
3.687341341953536755e+01 1.143393351410446965e-18
3.692440133345028386e+01 1.141119636134265051e-18
3.697545975256458917e+01 1.138827539180591775e-18
3.702658877437164620e+01 1.136516471729451065e-18
3.707778849649963604e+01 1.134185851686044733e-18
3.712905901671168607e+01 1.131835103788970672e-18
3.718040043290623231e+01 1.129463659721223826e-18
3.723181284311696260e+01 1.127070958223670830e-18
3.728329634551317184e+01 1.124656445211198797e-18
3.733485103839985442e+01 1.122219573891269598e-18
3.738647702021806651e+01 1.119759804884737297e-18
3.743817438954484800e+01 1.117276606349042188e-18
3.748994324509360609e+01 1.114769454103449587e-18
3.754178368571425040e+01 1.112237831756521938e-18
3.759369581039332786e+01 1.109681230835332339e-18
3.764567971825438519e+01 1.107099150916776952e-18
3.769773550855791910e+01 1.104491099760491707e-18
3.774986328070171737e+01 1.101856593443552617e-18
3.780206313422101516e+01 1.099195156496619759e-18
3.785433516878864424e+01 1.096506322041620665e-18
3.790667948421538114e+01 1.093789631930811512e-18
3.795909618044989031e+01 1.091044636886938598e-18
3.801158535757910784e+01 1.088270896644617590e-18
3.806414711582834087e+01 1.085467980092764707e-18
3.811678155556146663e+01 1.082635465417759179e-18
3.816948877728124501e+01 1.079772940247571569e-18
3.822226888162931147e+01 1.076880001796398988e-18
3.827512196938648259e+01 1.073956257009918350e-18
3.832804814147295502e+01 1.071001396728904413e-18
3.838104749894842627e+01 1.068015716200936963e-18
3.843412014301244994e+01 1.064999799999525890e-18
3.848726617500440739e+01 1.061954233819342718e-18
3.854048569640385580e+01 1.058879602469910231e-18
3.859377880883065615e+01 1.055776489747827235e-18
3.864714561404516502e+01 1.052645478310989344e-18
3.870058621394856857e+01 1.049487149554941775e-18
3.875410071058283279e+01 1.046302083491401319e-18
3.880768920613107298e+01 1.043090858628823258e-18
3.886135180291769586e+01 1.039854051855268619e-18
3.891508860340856302e+01 1.036592238323357210e-18
3.896889971021135324e+01 1.033305991337326077e-18
3.902278522607549149e+01 1.029995882242474193e-18
3.907674525389252551e+01 1.026662480316589507e-18
3.913077989669630341e+01 1.023306352663726010e-18
3.918488925766308029e+01 1.019928064110129755e-18
3.923907344011190901e+01 1.016528177102340216e-18
3.929333254750459048e+01 1.013107251607625292e-18
3.934766668344604312e+01 1.009665845016524441e-18
3.940207595168442367e+01 1.006204512047640907e-18
3.945656045611133322e+01 1.002723804654653589e-18
3.951112030076214410e+01 9.992242719355701084e-19
3.956575558981595719e+01 9.957064600442099136e-19
3.962046642759598569e+01 9.921709121038238188e-19
3.967525291856969005e+01 9.886181681229961543e-19
3.973011516734894855e+01 9.850487649137592327e-19
3.978505327869041963e+01 9.814632360117889748e-19
3.984006735749548511e+01 9.778621115990046742e-19
3.989515750881064093e+01 9.742459184281671065e-19
3.995032383782761798e+01 9.706151797497307472e-19
4.000556644988358812e+01 9.669704152408817273e-19
4.006088545046147686e+01 9.633121409366773636e-19
4.011628094518997045e+01 9.596408691633991605e-19
4.017175303984384271e+01 9.559571084740279938e-19
4.022730184034413980e+01 9.522613635857715655e-19
4.028292745275832942e+01 9.485541353198658044e-19
4.033862998330067029e+01 9.448359205432338255e-19
4.039440953833216952e+01 9.411072121125255319e-19
4.045026622436094499e+01 9.373684988199652796e-19
4.050620014804240299e+01 9.336202653413821987e-19
4.056221141617938031e+01 9.298629921863112745e-19
4.061830013572252085e+01 9.260971556499845361e-19
4.067446641377025429e+01 9.223232277674779386e-19
4.073071035756910874e+01 9.185416762697140714e-19
4.078703207451394519e+01 9.147529645415173296e-19
4.084343167214807835e+01 9.109575515816262162e-19
4.089990925816363898e+01 9.071558919645237213e-19
4.095646494040156682e+01 9.033484358043413508e-19
4.101309882685196584e+01 8.995356287205086248e-19
4.106981102565424635e+01 8.957179118053516179e-19
4.112660164509733107e+01 8.918957215935309541e-19
4.118347079361999619e+01 8.880694900332682213e-19
4.124041857981084291e+01 8.842396444594095294e-19
4.129744511240867411e+01 8.804066075682894289e-19
4.135455050030265056e+01 8.765707973942967725e-19
4.141173485253245445e+01 8.727326272882357372e-19
4.146899827828868013e+01 8.688925058973362115e-19
4.152634088691278436e+01 8.650508371470409507e-19
4.158376278789745584e+01 8.612080202243794083e-19
4.164126409088674308e+01 8.573644495630201128e-19
4.169884490567644519e+01 8.535205148299159800e-19
4.175650534221404797e+01 8.496766009136048666e-19
4.181424551059912886e+01 8.458330879140046456e-19
4.187206552108348490e+01 8.419903511338022764e-19
4.192996548407133872e+01 8.381487610712822202e-19
4.198794551011971521e+01 8.343086834148054725e-19
4.204600570993837039e+01 8.304704790386129620e-19
4.210414619439020356e+01 8.266345040000905373e-19
4.216236707449139942e+01 8.228011095385235645e-19
4.222066846141161989e+01 8.189706420752064160e-19
4.227905046647438070e+01 8.151434432148678517e-19
4.233751320115700167e+01 8.113198497485353579e-19
4.239605677709099751e+01 8.075001936576336226e-19
4.245468130606224122e+01 8.036848021193963990e-19
4.251338690001114173e+01 7.998739975135756744e-19
4.257217367103301342e+01 7.960680974303381764e-19
4.263104173137807607e+01 7.922674146793852281e-19
4.268999119345176751e+01 7.884722573003108815e-19
4.274902216981499947e+01 7.846829285740582150e-19
4.280813477318425697e+01 7.808997270355170342e-19
4.286732911643203892e+01 7.771229464872708704e-19
4.292660531258677281e+01 7.733528760144118122e-19
4.298596347483323399e+01 7.695898000003859973e-19
4.304540371651270902e+01 7.658339981439061663e-19
4.310492615112317338e+01 7.620857454768683967e-19
4.316453089231965379e+01 7.583453123832397941e-19
4.322421805391422112e+01 7.546129646189060667e-19
4.328398774987638120e+01 7.508889633324630948e-19
4.334384009433320273e+01 7.471735650869230278e-19
4.340377520156955171e+01 7.434670218822734722e-19
4.346379318602844677e+01 7.397695811789336813e-19
4.352389416231101649e+01 7.360814859220099092e-19
4.358407824517691154e+01 7.324029745664263894e-19
4.364434554954446810e+01 7.287342811027606258e-19
4.370469619049089260e+01 7.250756350839155964e-19
4.376513028325263122e+01 7.214272616524525510e-19
4.382564794322536983e+01 7.177893815687630330e-19
4.388624928596438224e+01 7.141622112398143470e-19
4.394693442718474330e+01 7.105459627486438272e-19
4.400770348276148525e+01 7.069408438844510121e-19
4.406855656873001692e+01 7.033470581733698634e-19
4.412949380128605270e+01 6.997648049098042246e-19
4.419051529678602463e+01 6.961942791883721616e-19
4.425162117174726006e+01 6.926356719364029487e-19
4.431281154284818058e+01 6.890891699469498193e-19
4.437408652692865019e+01 6.855549559123855027e-19
4.443544624098998241e+01 6.820332084584329243e-19
4.449689080219531689e+01 6.785241021786946265e-19
4.455842032786981832e+01 6.750278076696671372e-19
4.462003493550081856e+01 6.715444915661471704e-19
4.468173474273826429e+01 6.680743165770918635e-19
4.474351986739463172e+01 6.646174415218506233e-19
4.480539042744536715e+01 6.611740213668142250e-19
4.486734654102904329e+01 6.577442072623806297e-19
4.492938832644755820e+01 6.543281465802824922e-19
4.499151590216651897e+01 6.509259829512385134e-19
4.505372938681521333e+01 6.475378563029273863e-19
4.511602889918701464e+01 6.441639028982138462e-19
4.517841455823955954e+01 6.408042553736623585e-19
4.524088648309492555e+01 6.374590427783134066e-19
4.530344479304006455e+01 6.341283906126782778e-19
4.536608960752671749e+01 6.308124208679706404e-19
4.542882104617186911e+01 6.275112520655192564e-19
4.549163922875789723e+01 6.242249992964133454e-19
4.555454427523275740e+01 6.209537742612290303e-19
4.561753630571041640e+01 6.176976853100470805e-19
4.568061544047079536e+01 6.144568374824601577e-19
4.574378179996018190e+01 6.112313325478428560e-19
4.580703550479140773e+01 6.080212690456297340e-19
4.587037667574404054e+01 6.048267423257677398e-19
4.593380543376481029e+01 6.016478445891754732e-19
4.599732189996754528e+01 5.984846649283679816e-19
4.606092619563358426e+01 5.953372893680421709e-19
4.612461844221193275e+01 5.922058009057807565e-19
4.618839876131967515e+01 5.890902795527343562e-19
4.625226727474193211e+01 5.859908023743579895e-19
4.631622410443225846e+01 5.829074435311319780e-19
4.638026937251284920e+01 5.798402743192901628e-19
4.644440320127473143e+01 5.767893632115320423e-19
4.650862571317816219e+01 5.737547758977053453e-19
4.657293703085260006e+01 5.707365753254107974e-19
4.663733727709711019e+01 5.677348217406484873e-19
4.670182657488058453e+01 5.647495727283165144e-19
4.676640504734188397e+01 5.617808832526585025e-19
4.683107281779029307e+01 5.588288056976758695e-19
4.689583000970547744e+01 5.558933899073901634e-19
4.696067674673786740e+01 5.529746832260613905e-19
4.702561315270890674e+01 5.500727305382399432e-19
4.709063935161118053e+01 5.471875743087556469e-19
4.715575546760889836e+01 5.443192546225478204e-19
4.722096162503780192e+01 5.414678092243754480e-19
4.728625794840561269e+01 5.386332735583947507e-19
4.735164456239222375e+01 5.358156808075487871e-19
4.741712159184987740e+01 5.330150619328458316e-19
4.748268916180360577e+01 5.302314457124597003e-19
4.754834739745119521e+01 5.274648587806308397e-19
4.761409642416357713e+01 5.247153256664521485e-19
4.767993636748505537e+01 5.219828688323868057e-19
4.774586735313349095e+01 5.192675087126786328e-19
4.781188950700072127e+01 5.165692637515033209e-19
4.787800295515251747e+01 5.138881504409648142e-19
4.794420782382903923e+01 5.112241833588483516e-19
4.801050423944499101e+01 5.085773752061676263e-19
4.807689232858982820e+01 5.059477368445386124e-19
4.814337221802821887e+01 5.033352773332351305e-19
4.820994403469995859e+01 5.007400039027170374e-19
4.827660790572042515e+01 4.981618881027095271e-19
4.834336395838076328e+01 4.956008110641624824e-19
4.841021232014809073e+01 4.930566402308932057e-19
4.847715311866594590e+01 4.905292442065822862e-19
4.854418648175418838e+01 4.880184927435975246e-19
4.861131253740950342e+01 4.855242567319699103e-19
4.867853141380556536e+01 4.830464081883827905e-19
4.874584323929321528e+01 4.805848202453851224e-19
4.881324814240094412e+01 4.781393671406295692e-19
4.888074625183481459e+01 4.757099242062823884e-19
4.894833769647890875e+01 4.732963678585355888e-19
4.901602260539553413e+01 4.708985755871721446e-19
4.908380110782540129e+01 4.685164259453265973e-19
4.915167333318809995e+01 4.661497985392947671e-19
4.921963941108201368e+01 4.637985740184434209e-19
4.928769947128478890e+01 4.614626340652845111e-19
4.935585364375352668e+01 4.591418613855623174e-19
4.942410205862497463e+01 4.568361396985429085e-19
4.949244484621599582e+01 4.545453537273151585e-19
4.956088213702349066e+01 4.522693891892579720e-19
4.962941406172485159e+01 4.500081327865664413e-19
4.969804075117818343e+01 4.477614721968925016e-19
4.976676233642248803e+01 4.455292960640822673e-19
4.983557894867811910e+01 4.433114939889928121e-19
4.990449071934670400e+01 4.411079565204352917e-19
4.997349778001166243e+01 4.389185751461832576e-19
5.004260026243832016e+01 4.367432422840763061e-19
5.011179829857418611e+01 4.345818512732310960e-19
5.018109202054937157e+01 4.324342963653367719e-19
5.025048156067653338e+01 4.303004727160110534e-19
5.031996705145133575e+01 4.281802763763138653e-19
5.038954862555267766e+01 4.260736042842614017e-19
5.045922641584284918e+01 4.239803542564972972e-19
5.052900055536802881e+01 4.219004249800074213e-19
5.059887117735820539e+01 4.198337160039484937e-19
5.066883841522764698e+01 4.177801277315221535e-19
5.073890240257512119e+01 4.157395614119851901e-19
5.080906327318405857e+01 4.137119191326939122e-19
5.087932116102305002e+01 4.116971038112388420e-19
5.094967620024578991e+01 4.096950191876974216e-19
5.102012852519150243e+01 4.077055698169070858e-19
5.109067827038521159e+01 4.057286610608613053e-19
5.116132557053786911e+01 4.037641990811643711e-19
5.123207056054689446e+01 4.018120908315670195e-19
5.130291337549605402e+01 3.998722440505766872e-19
5.137385415065597982e+01 3.979445672541408554e-19
5.144489302148428322e+01 3.960289697284238492e-19
5.151603012362605938e+01 3.941253615226028969e-19
5.158726559291380198e+01 3.922336534418113301e-19
5.165859956536789355e+01 3.903537570400984912e-19
5.173003217719679014e+01 3.884855846134842038e-19
5.180156356479724877e+01 3.866290491930689997e-19
5.187319386475478922e+01 3.847840645382360669e-19
5.194492321384365141e+01 3.829505451298859881e-19
5.201675174902725018e+01 3.811284061637891522e-19
5.208867960745838133e+01 3.793175635439553073e-19
5.216070692647944895e+01 3.775179338761086546e-19
5.223283384362294157e+01 3.757294344611931311e-19
5.230506049661133972e+01 3.739519832889826072e-19
5.237738702335764884e+01 3.721854990317112108e-19
5.244981356196555566e+01 3.704299010378187731e-19
5.252234025072966261e+01 3.686851093257106232e-19
5.259496722813597103e+01 3.669510445775862346e-19
5.266769463286181718e+01 3.652276281333962346e-19
5.274052260377634838e+01 3.635147819847441398e-19
5.281345127994073607e+01 3.618124287689536253e-19
5.288648080060839618e+01 3.601204917631378158e-19
5.295961130522545801e+01 3.584388948783481663e-19
5.303284293343072164e+01 3.567675626537692273e-19
5.310617582505610557e+01 3.551064202509862593e-19
5.317961012012692379e+01 3.534553934483022947e-19
5.325314595886202795e+01 3.518144086351067669e-19
5.332678348167434024e+01 3.501833928063026393e-19
5.340052282917077520e+01 3.485622735568088383e-19
5.347436414215273714e+01 3.469509790760696681e-19
5.354830756161632621e+01 3.453494381426883988e-19
5.362235322875254440e+01 3.437575801190349041e-19
5.369650128494780716e+01 3.421753349459657719e-19
5.377075187178386528e+01 3.406026331375770121e-19
5.384510513103830220e+01 3.390394057760107384e-19
5.391956120468474722e+01 3.374855845062966131e-19
5.399412023489310997e+01 3.359411015312755770e-19
5.406878236403002802e+01 3.344058896065489542e-19
5.414354773465885273e+01 3.328798820354785928e-19
5.421841648954011816e+01 3.313630126642560516e-19
5.429338877163177557e+01 3.298552158770002413e-19
5.436846472408939235e+01 3.283564265909052365e-19
5.444364449026664232e+01 3.268665802514471664e-19
5.451892821371529152e+01 3.253856128276293336e-19
5.459431603818563872e+01 3.239134608072758678e-19
5.466980810762675702e+01 3.224500611923739123e-19
5.474540456618672835e+01 3.209953514944550513e-19
5.482110555821311237e+01 3.195492697300230560e-19
5.489691122825291814e+01 3.181117544160459565e-19
5.497282172105308007e+01 3.166827445654549031e-19
5.504883718156067829e+01 3.152621796827119753e-19
5.512495775492317307e+01 3.138499997594397652e-19
5.520118358648891643e+01 3.124461452700345430e-19
5.527751482180704556e+01 3.110505571673852509e-19
5.535395160662804415e+01 3.096631768785937985e-19
5.543049408690391999e+01 3.082839463007593465e-19
5.550714240878846084e+01 3.069128077967924423e-19
5.558389671863770332e+01 3.055497041912543372e-19
5.566075716300990450e+01 3.041945787662915892e-19
5.573772388866603933e+01 3.028473752575337357e-19
5.581479704257000662e+01 3.015080378500955927e-19
5.589197677188889202e+01 3.001765111745841282e-19
5.596926322399342268e+01 2.988527403031478979e-19
5.604665654645795314e+01 2.975366707455755928e-19
5.612415688706096972e+01 2.962282484454236685e-19
5.620176439378526823e+01 2.949274197761812403e-19
5.627947921481825944e+01 2.936341315374870760e-19
5.635730149855240256e+01 2.923483309513448538e-19
5.643523139358519103e+01 2.910699656584210926e-19
5.651326904871966406e+01 2.897989837143517473e-19
5.659141461296460562e+01 2.885353335860923790e-19
5.666966823553479315e+01 2.872789641482971663e-19
5.674803006585152332e+01 2.860298246797372053e-19
5.682650025354251966e+01 2.847878648597588681e-19
5.690507894844247261e+01 2.835530347647640706e-19
5.698376630059320291e+01 2.823252848647303570e-19
5.706256246024418743e+01 2.811045660197745114e-19
5.714146757785246677e+01 2.798908294767165066e-19
5.722048180408322793e+01 2.786840268657268445e-19
5.729960528980996060e+01 2.774841101969516535e-19
5.737883818611474140e+01 2.762910318572236808e-19
5.745818064428872418e+01 2.751047446067437718e-19
5.753763281583209732e+01 2.739252015758526251e-19
5.761719485245459538e+01 2.727523562618056312e-19
5.769686690607574064e+01 2.715861625255635503e-19
5.777664912882506343e+01 2.704265745886498765e-19
5.785654167304262785e+01 2.692735470300133054e-19
5.793654469127898210e+01 2.681270347829141790e-19
5.801665833629567715e+01 2.669869931318710205e-19
5.809688276106550120e+01 2.658533777096015797e-19
5.817721811877270000e+01 2.647261444940200189e-19
5.825766456281353811e+01 2.636052498052369407e-19
5.833822224679619239e+01 2.624906503026133407e-19
5.841889132454132749e+01 2.613823029818285715e-19
5.849967195008228060e+01 2.602801651719723816e-19
5.858056427766536700e+01 2.591841945326795165e-19
5.866156846175032058e+01 2.580943490512689426e-19
5.874268465701031516e+01 2.570105870399357446e-19
5.882391301833245478e+01 2.559328671329513536e-19
5.890525370081801526e+01 2.548611482838900631e-19
5.898670685978268580e+01 2.537953897628977233e-19
5.906827265075709477e+01 2.527355511539681876e-19
5.914995122948677420e+01 2.516815923522563992e-19
5.923174275193266425e+01 2.506334735614053452e-19
5.931364737427136902e+01 2.495911552909182209e-19
5.939566525289539101e+01 2.485545983535301139e-19
5.947779654441366404e+01 2.475237638626252352e-19
5.956004140565151062e+01 2.464986132296650808e-19
5.964239999365115352e+01 2.454791081616429298e-19
5.972487246567198582e+01 2.444652106585754657e-19
5.980745897919078402e+01 2.434568830109944925e-19
5.989015969190226940e+01 2.424540877974829969e-19
5.997297476171903696e+01 2.414567878822186728e-19
6.005590434677209544e+01 2.404649464125560120e-19
6.013894860541111598e+01 2.394785268166097443e-19
6.022210769620468795e+01 2.384974928008836800e-19
6.030538177794082344e+01 2.375218083479108206e-19
6.038877100962694300e+01 2.365514377139052641e-19
6.047227555049039438e+01 2.355863454264581676e-19
6.055589555997868700e+01 2.346264962822380903e-19
6.063963119775977617e+01 2.336718553447121851e-19
6.072348262372256755e+01 2.327223876666525308e-19
6.080744999797688166e+01 2.317780524490709780e-19
6.089153348085400097e+01 2.308388032644438182e-19
6.097573323290689729e+01 2.299045938906503718e-19
6.106004941491050886e+01 2.289753785619039891e-19
6.114448218786226619e+01 2.280511119639082401e-19
6.122903171298204228e+01 2.271317492290989047e-19
6.131369815171269266e+01 2.262172459319185592e-19
6.139848166572033250e+01 2.253075580841620368e-19
6.148338241689454975e+01 2.244026421303855403e-19
6.156840056734898070e+01 2.235024549433732439e-19
6.165353627942123893e+01 2.226069538196553651e-19
6.173878971567349083e+01 2.217160964750971112e-19
6.182416103889267589e+01 2.208298410405237851e-19
6.190965041209077668e+01 2.199481460574186906e-19
6.199525799850538021e+01 2.190709704736662020e-19
6.208098396159959265e+01 2.181982736393539105e-19
6.216682846506262905e+01 2.173300153026304305e-19
6.225279167281004078e+01 2.164661556056010500e-19
6.233887374898399258e+01 2.156066550802947136e-19
6.242507485795379552e+01 2.147514746446686558e-19
6.251139516431586429e+01 2.139005755986708142e-19
6.259783483289427863e+01 2.130539196203491612e-19
6.268439402874102484e+01 2.122114687620052373e-19
6.277107291713627291e+01 2.113731854464056060e-19
6.285787166358891653e+01 2.105390324630331755e-19
6.294479043383653050e+01 2.097089729643901357e-19
6.303182939384592487e+01 2.088829704623489463e-19
6.311898870981334397e+01 2.080609888245401838e-19
6.320626854816504192e+01 2.072429922707943612e-19
6.329366907555721156e+01 2.064289453696299469e-19
6.338119045887655290e+01 2.056188130347706571e-19
6.346883286524053602e+01 2.048125605217220438e-19
6.355659646199765689e+01 2.040101534243941351e-19
6.364448141672800574e+01 2.032115576717383287e-19
6.373248789724321028e+01 2.024167395244579514e-19
6.382061607158701833e+01 2.016256655717470100e-19
6.390886610803552514e+01 2.008383027280649083e-19
6.399723817509746482e+01 2.000546182299555576e-19
6.408573244151477866e+01 1.992745796329075325e-19
6.417434907626254414e+01 1.984981548082527705e-19
6.426308824854955049e+01 1.977253119401038376e-19
6.435195012781858281e+01 1.969560195223178444e-19
6.444093488374663536e+01 1.961902463555199930e-19
6.453004268624556516e+01 1.954279615441418107e-19
6.461927370546193572e+01 1.946691344935136206e-19
6.470862811177771334e+01 1.939137349069803420e-19
6.479810607581039505e+01 1.931617327830501749e-19
6.488770776841339227e+01 1.924130984126013754e-19
6.497743336067654241e+01 1.916678023760918966e-19
6.506728302392609464e+01 1.909258155408220881e-19
6.515725692972520733e+01 1.901871090582350481e-19
6.524735524987434587e+01 1.894516543612270861e-19
6.533757815641143907e+01 1.887194231615160597e-19
6.542792582161249015e+01 1.879903874470328718e-19
6.551839841799154840e+01 1.872645194793349460e-19
6.560899611830127753e+01 1.865417917910619530e-19
6.569971909553319733e+01 1.858221771834274793e-19
6.579056752291801047e+01 1.851056487237201336e-19
6.588154157392611410e+01 1.843921797428543410e-19
6.597264142226761408e+01 1.836817438329496180e-19
6.606386724189287918e+01 1.829743148449244119e-19
6.615521920699279690e+01 1.822698668861320697e-19
6.624669749199905766e+01 1.815683743180211225e-19
6.633830227158476589e+01 1.808698117538289839e-19
6.643003372066436896e+01 1.801741540562851346e-19
6.652189201439422561e+01 1.794813763353647896e-19
6.661387732817291862e+01 1.787914539460618010e-19
6.670598983764146794e+01 1.781043624861714072e-19
6.679822971868402703e+01 1.774200777941300618e-19
6.689059714742769813e+01 1.767385759468538175e-19
6.698309230024322858e+01 1.760598332576131112e-19
6.707571535374525240e+01 1.753838262739357148e-19
6.716846648479253190e+01 1.747105317755338327e-19
6.726134587048858293e+01 1.740399267722463902e-19
6.735435368818167490e+01 1.733719885020095851e-19
6.744749011546529971e+01 1.727066944288682681e-19
6.754075533017858390e+01 1.720440222409789467e-19
6.763414951040644496e+01 1.713839498486615860e-19
6.772767283448033027e+01 1.707264553824656629e-19
6.782132548097798974e+01 1.700715171912575484e-19
6.791510762872424323e+01 1.694191138403301597e-19
6.800901945679115101e+01 1.687692241095391894e-19
6.810306114449834070e+01 1.681218269914525276e-19
6.819723287141360402e+01 1.674769016895283322e-19
6.829153481735281161e+01 1.668344276163138030e-19
6.838596716238056672e+01 1.661943843916567148e-19
6.848053008681046094e+01 1.655567518409499325e-19
6.857522377120534429e+01 1.649215099933858924e-19
6.867004839637795044e+01 1.642886390802282489e-19
6.876500414339085410e+01 1.636581195331244225e-19
6.886009119355703945e+01 1.630299319824021872e-19
6.895530972844022699e+01 1.624040572554239874e-19
6.905065992985512935e+01 1.617804763749329732e-19
6.914614197986806232e+01 1.611591705574190415e-19
6.924175606079690226e+01 1.605401212115236368e-19
6.933750235521169714e+01 1.599233099364374489e-19
6.943338104593496496e+01 1.593087185203338861e-19
6.952939231604193537e+01 1.586963289388146090e-19
6.962553634886121756e+01 1.580861233533573272e-19
6.972181332797470077e+01 1.574780841098158606e-19
6.981822343721820801e+01 1.568721937368972349e-19
6.991476686068176605e+01 1.562684349446813396e-19
7.001144378270988966e+01 1.556667906231511300e-19
7.010825438790220687e+01 1.550672438407300284e-19
7.020519886111340213e+01 1.544697778428438798e-19
7.030227738745384158e+01 1.538743760505009886e-19
7.039949015228977203e+01 1.532810220588761018e-19
7.049683734124398882e+01 1.526896996359263161e-19
7.059431914019577903e+01 1.521003927209943449e-19
7.069193573528147567e+01 1.515130854234648212e-19
7.078968731289482719e+01 1.509277620214022320e-19
7.088757405968726744e+01 1.503444069602109280e-19
7.098559616256852678e+01 1.497630048513297527e-19
7.108375380870654681e+01 1.491835404709089046e-19
7.118204718552821930e+01 1.486059987585203581e-19
7.128047648071952835e+01 1.480303648158812371e-19
7.137904188222600510e+01 1.474566239055800531e-19
7.147774357825319669e+01 1.468847614498307488e-19
7.157658175726673733e+01 1.463147630292184841e-19
7.167555660799291672e+01 1.457466143814843510e-19
7.177466831941900693e+01 1.451803014002996867e-19
7.187391708079353236e+01 1.446158101340659554e-19
7.197330308162690926e+01 1.440531267847208155e-19
7.207282651169138887e+01 1.434922377065599322e-19
7.217248756102173957e+01 1.429331294050666861e-19
7.227228641991547420e+01 1.423757885357593117e-19
7.237222327893319118e+01 1.418202019030374096e-19
7.247229832889919976e+01 1.412663564590579982e-19
7.257251176090146316e+01 1.407142393026029459e-19
7.267286376629225231e+01 1.401638376779719472e-19
7.277335453668843002e+01 1.396151389738827441e-19
7.287398426397177786e+01 1.390681307223740445e-19
7.297475314028956461e+01 1.385228005977268806e-19
7.307566135805461727e+01 1.379791364153979090e-19
7.317670910994584688e+01 1.374371261309560563e-19
7.327789658890861801e+01 1.368967578390267727e-19
7.337922398815501879e+01 1.363580197722651259e-19
7.348069150116451453e+01 1.358209003003047731e-19
7.358229932168391940e+01 1.352853879287574406e-19
7.368404764372799320e+01 1.347514712981799750e-19
7.378593666157982511e+01 1.342191391830871597e-19
7.388796656979103261e+01 1.336883804909495095e-19
7.399013756318251467e+01 1.331591842612044013e-19
7.409244983684432384e+01 1.326315396642860560e-19
7.419490358613634839e+01 1.321054360006546765e-19
7.429749900668862495e+01 1.315808626998326651e-19
7.440023629440163688e+01 1.310578093194601948e-19
7.450311564544698228e+01 1.305362655443411521e-19
7.460613725626726023e+01 1.300162211855155129e-19
7.470930132357685238e+01 1.294976661793277942e-19
7.481260804436206513e+01 1.289805905865103113e-19
7.491605761588159851e+01 1.284649845912650151e-19
7.501965023566710045e+01 1.279508385003591230e-19
7.512338610152313834e+01 1.274381427422325234e-19
7.522726541152788116e+01 1.269268878661044564e-19
7.533128836403342632e+01 1.264170645410849863e-19
7.543545515766602705e+01 1.259086635553048425e-19
7.553976599132683134e+01 1.254016758150380862e-19
7.564422106419182512e+01 1.248960923438496453e-19
7.574882057571245753e+01 1.243919042817288391e-19
7.585356472561599617e+01 1.238891028842417757e-19
7.595845371390578293e+01 1.233876795216928273e-19
7.606348774086198716e+01 1.228876256782772199e-19
7.616866700704146353e+01 1.223889329512575063e-19
7.627399171327849103e+01 1.218915930501361866e-19
7.637946206068504296e+01 1.213955977958334562e-19
7.648507825065109955e+01 1.209009404982177228e-19
7.659084048484538698e+01 1.204076226175985962e-19
7.669674896521524943e+01 1.199156484917199476e-19
7.680280389398731700e+01 1.194250223697844856e-19
7.690900547366793205e+01 1.189357484087719799e-19
7.701535390704330553e+01 1.184478306740157166e-19
7.712184939718034116e+01 1.179612731397789770e-19
7.722849214742649337e+01 1.174760796898314201e-19
7.733528236141046364e+01 1.169922541180292691e-19
7.744222024304255569e+01 1.165098001288896722e-19
7.754930599651491718e+01 1.160287213381795550e-19
7.765653982630234964e+01 1.155490212734940984e-19
7.776392193716209533e+01 1.150707033748422688e-19
7.787145253413463308e+01 1.145937709952277752e-19
7.797913182254391984e+01 1.141182274012432186e-19
7.808696000799803016e+01 1.136440757736481596e-19
7.819493729638912782e+01 1.131713192079629072e-19
7.830306389389414790e+01 1.126999607150554694e-19
7.841134000697515205e+01 1.122300032217337290e-19
7.851976584237957013e+01 1.117614495713277241e-19
7.862834160714099596e+01 1.112943025242877700e-19
7.873706750857907366e+01 1.108285647587807992e-19
7.884594375430015134e+01 1.103642388712689106e-19
7.895497055219769322e+01 1.099013273771099229e-19
7.906414811045256386e+01 1.094398327111533535e-19
7.917347663753371023e+01 1.089797572283251307e-19
7.928295634219810495e+01 1.085211032042304823e-19
7.939258743349149938e+01 1.080638728357383708e-19
7.950237012074866527e+01 1.076080682415831899e-19
7.961230461359380683e+01 1.071536914629564108e-19
7.972239112194117183e+01 1.067007444640952902e-19
7.983262985599510841e+01 1.062492291328868420e-19
7.994302102625064776e+01 1.057991472814518761e-19
8.005356484349391621e+01 1.053505006467486444e-19
8.016426151880243367e+01 1.049032908911559524e-19
8.027511126354583837e+01 1.044575196030732672e-19
8.038611428938578740e+01 1.040131882975152878e-19
8.049727080827672410e+01 1.035702984166972234e-19
8.060858103246614803e+01 1.031288513306352742e-19
8.072004517449499872e+01 1.026888483377318253e-19
8.083166344719835195e+01 1.022502906653733996e-19
8.094343606370533450e+01 1.018131794705127342e-19
8.105536323743987737e+01 1.013775158402682865e-19
8.116744518212099990e+01 1.009433007925073568e-19
8.127968211176320779e+01 1.005105352764390713e-19
8.139207424067717511e+01 1.000792201731975044e-19
8.150462178346965914e+01 9.964935629643239835e-20
8.161732495504426765e+01 9.922094439289706490e-20
8.173018397060175744e+01 9.879398514302945065e-20
8.184319904564041792e+01 9.836847916154032801e-20
8.195637039595672491e+01 9.794442699799319272e-20
8.206969823764534055e+01 9.752182913739110675e-20
8.218318278709980973e+01 9.710068600075377910e-20
8.229682426101288684e+01 9.668099794570356615e-20
8.241062287637690531e+01 9.626276526703818300e-20
8.252457885048450237e+01 9.584598819731090189e-20
8.263869240092851953e+01 9.543066690741115995e-20
8.275296374560277002e+01 9.501680150713186590e-20
8.286739310270235137e+01 9.460439204575363088e-20
8.298198069072404337e+01 9.419343851260726042e-20
8.309672672846694752e+01 9.378394083765181022e-20
8.321163143503250126e+01 9.337589889204373461e-20
8.332669502982520271e+01 9.296931248870124416e-20
8.344191773255290911e+01 9.256418138287513932e-20
8.355729976322723473e+01 9.216050527271344489e-20
8.367284134216424718e+01 9.175828379982370938e-20
8.378854268998441057e+01 9.135751654983449784e-20
8.390440402761338134e+01 9.095820305295971340e-20
8.402042557628224984e+01 9.056034278455142339e-20
8.413660755752799503e+01 9.016393516566465042e-20
8.425295019319413825e+01 8.976897956360355399e-20
8.436945370543074318e+01 8.937547529248129836e-20
8.448611831669512640e+01 8.898342161377108519e-20
8.460294424975221261e+01 8.859281773685204631e-20
8.471993172767489000e+01 8.820366281956032457e-20
8.483708097384474911e+01 8.781595596873632673e-20
8.495439221195202606e+01 8.742969624076497099e-20
8.507186566599634148e+01 8.704488264212088157e-20
8.518950156028706999e+01 8.666151412990535005e-20
8.530730011944368130e+01 8.627958961238818372e-20
8.542526156839647911e+01 8.589910794954110390e-20
8.554338613238655853e+01 8.552006795357177021e-20
8.566167403696654503e+01 8.514246838945740765e-20
8.578012550800097813e+01 8.476630797547145205e-20
8.589874077166658140e+01 8.439158538371598553e-20
8.601752005445315774e+01 8.401829924064096717e-20
8.613646358316339047e+01 8.364644812757117950e-20
8.625557158491369592e+01 8.327603058122881753e-20
8.637484428713442242e+01 8.290704509424576205e-20
8.649428191757070294e+01 8.253949011568768537e-20
8.661388470428231301e+01 8.217336405156289401e-20
8.673365287564446646e+01 8.180866526533710576e-20
8.685358666034817077e+01 8.144539207844188309e-20
8.697368628740059648e+01 8.108354277077935922e-20
8.709395198612583044e+01 8.072311558123183922e-20
8.721438398616480470e+01 8.036410870816125375e-20
8.733498251747606389e+01 8.000652030991031021e-20
8.745574781033616318e+01 7.965034850529847980e-20
8.757668009533996667e+01 7.929559137411767172e-20
8.769777960340150003e+01 7.894224695762840093e-20
8.781904656575379420e+01 7.859031325904541129e-20
8.794048121394973805e+01 7.823978824402505630e-20
8.806208377986237679e+01 7.789066984115657968e-20
8.818385449568532408e+01 7.754295594243930068e-20
8.830579359393352945e+01 7.719664440376398819e-20
8.842790130744317878e+01 7.685173304539111732e-20
8.855017786937254698e+01 7.650821965242694726e-20
8.867262351320225378e+01 7.616610197529510924e-20
8.879523847273571846e+01 7.582537773020487238e-20
8.891802298209995570e+01 7.548604459962229836e-20
8.904097727574541921e+01 7.514810023273021368e-20
8.916410158844682599e+01 7.481154224589510321e-20
8.928739615530361107e+01 7.447636822312506022e-20
8.941086121174012646e+01 7.414257571652401698e-20
8.953449699350660751e+01 7.381016224674861145e-20
8.965830373667894548e+01 7.347912530346079284e-20
8.978228167765962553e+01 7.314946234577307252e-20
8.990643105317796824e+01 7.282117080269840928e-20
9.003075210029059861e+01 7.249424807359168056e-20
9.015524505638217079e+01 7.216869152859097321e-20
9.027991015916533968e+01 7.184449850905486590e-20
9.040474764668157093e+01 7.152166632800131240e-20
9.052975775730143937e+01 7.120019227053480087e-20
9.065494072972511219e+01 7.088007359428151764e-20
9.078029680298303106e+01 7.056130752981550746e-20
9.090582621643594052e+01 7.024389128107777986e-20
9.103152920977564122e+01 6.992782202580713968e-20
9.115740602302537354e+01 6.961309691595325095e-20
9.128345689654020134e+01 6.929971307809494880e-20
9.140968207100779352e+01 6.898766761385136540e-20
9.153608178744839563e+01 6.867695760029676314e-20
9.166265628721559722e+01 6.836758009036697816e-20
9.178940581199674398e+01 6.805953211326193964e-20
9.191633060381329301e+01 6.775281067485307625e-20
9.204343090502162283e+01 6.744741275807864936e-20
9.217070695831296234e+01 6.714333532334473165e-20
9.229815900671425766e+01 6.684057530891552091e-20
9.242578729358845635e+01 6.653912963130823993e-20
9.255359206263496219e+01 6.623899518567985116e-20
9.268157355789044516e+01 6.594016884621266407e-20
9.280973202372874198e+01 6.564264746650012293e-20
9.293806770486166613e+01 6.534642787992451778e-20
9.306658084633946260e+01 6.505150690003457509e-20
9.319527169355110630e+01 6.475788132092351776e-20
9.332414049222518315e+01 6.446554791759602700e-20
9.345318748842976220e+01 6.417450344634176442e-20
9.358241292857331928e+01 6.388474464510088948e-20
9.371181705940499285e+01 6.359626823382696481e-20
9.384140012801508135e+01 6.330907091484833295e-20
9.397116238183581061e+01 6.302314937322553284e-20
9.410110406864126276e+01 6.273850027710939032e-20
9.423122543654827155e+01 6.245512027809103189e-20
9.436152673401670654e+01 6.217300601155187430e-20
9.449200820984995630e+01 6.189215409701300027e-20
9.462267011319570997e+01 6.161256113847784164e-20
9.475351269354588624e+01 6.133422372477477819e-20
9.488453620073751438e+01 6.105713842989383841e-20
9.501574088495307535e+01 6.078130181332692698e-20
9.514712699672089968e+01 6.050671042039815794e-20
9.527869478691604854e+01 6.023336078259555995e-20
9.541044450676018585e+01 5.996124941789815943e-20
9.554237640782245933e+01 5.969037283110353307e-20
9.567449074201988424e+01 5.942072751414941407e-20
9.580678776161772703e+01 5.915230994643067610e-20
9.593926771923038643e+01 5.888511659512158959e-20
9.607193086782125135e+01 5.861914391548687137e-20
9.620477746070361036e+01 5.835438834617231661e-20
9.633780775154095011e+01 5.809084564355438300e-20
9.647102199434779379e+01 5.782851023076537326e-20
9.660442044348963009e+01 5.756737639852922034e-20
9.673800335368376579e+01 5.730743846580598832e-20
9.687177097999972375e+01 5.704869077964373228e-20
9.700572357785965494e+01 5.679112771503234433e-20
9.713986140303917693e+01 5.653474367475705048e-20
9.727418471166731706e+01 5.627953308925669833e-20
9.740869376022733661e+01 5.602549041647755492e-20
9.754338880555718561e+01 5.577261014173159438e-20
9.767827010484987227e+01 5.552088677755311247e-20
9.781333791565431568e+01 5.527031486355855495e-20
9.794859249587530314e+01 5.502088896630585253e-20
9.808403410377430021e+01 5.477260367915381587e-20
9.821966299796996225e+01 5.452545362212381780e-20
9.835547943743839028e+01 5.427943344176063273e-20
9.849148368151413990e+01 5.403453781099499758e-20
9.862767598989003659e+01 5.379076142900819474e-20
9.876405662261812779e+01 5.354809902109338520e-20
9.890062584011003821e+01 5.330654533852402532e-20
9.903738390313741036e+01 5.306609515841439346e-20
9.917433107283274296e+01 5.282674328358949338e-20
9.931146761068936257e+01 5.258848454245229145e-20
9.944879377856226199e+01 5.235131378884718632e-20
9.958630983866851238e+01 5.211522590193172991e-20
9.972401605358768961e+01 5.188021578604711462e-20
9.986191268626276951e+01 5.164627837058272635e-20
1.000000000000000000e+02 5.141340860985070624e-20
