1.174627425764261953e-06 -1.288227714829760297e-10
1.174627677249114158e-06 -1.288229365746058618e-10
1.174627928733965939e-06 -1.288231016664120643e-10
1.174629509431640522e-06 -1.288241393480004339e-10
1.174631090129315951e-06 -1.288251770364756249e-10
1.174632670826990534e-06 -1.288262147319134020e-10
1.174634251524667870e-06 -1.288272524343404675e-10
1.174646849515296469e-06 -1.288355230612134575e-10
1.174659447505965937e-06 -1.288437941323617941e-10
1.174672045496679874e-06 -1.288520656478256731e-10
1.174684643487435527e-06 -1.288603376076262393e-10
1.174810623397317380e-06 -1.289430816508900298e-10
1.174936603311427198e-06 -1.290258701493362408e-10
1.175062583229766251e-06 -1.291087031210959215e-10
1.175188563152340469e-06 -1.291915805851931147e-10
1.175586172529238512e-06 -1.294534448772698629e-10
1.175983781948323030e-06 -1.297157531513919558e-10
1.176381391409599318e-06 -1.299785060103891593e-10
1.176779000913115446e-06 -1.302417040562794905e-10
1.177176610458786920e-06 -1.305053478903426048e-10
1.178618580230088969e-06 -1.314652270904038393e-10
1.180060550556460813e-06 -1.324310060790649224e-10
1.181502521438009391e-06 -1.334027137241120552e-10
1.182944492874542214e-06 -1.343803790042565402e-10
1.184386464866296453e-06 -1.353640310072757438e-10
1.188060701387544428e-06 -1.378976996379128800e-10
1.191734941513741968e-06 -1.404709137472181333e-10
1.195409185245324660e-06 -1.430841639846938612e-10
1.199083432582572026e-06 -1.457379455499948726e-10
1.202757683525647753e-06 -1.484327582277639238e-10
1.206431938075050957e-06 -1.511691064215526636e-10
1.221239028344565132e-06 -1.626278601428710398e-10
1.236046177212176257e-06 -1.748036267491358561e-10
1.250853384702129592e-06 -1.877317625170378531e-10
1.265660650839277932e-06 -2.014489173084543335e-10
1.280467975648960053e-06 -2.159930654853531105e-10
1.295275359157381251e-06 -2.314035376798503524e-10
1.310082801391239157e-06 -2.477210528484347196e-10
1.337407679097887476e-06 -2.803564671720080833e-10
1.364732757050255908e-06 -3.165030073854279890e-10
1.392058035433364401e-06 -3.564561423792241428e-10
1.419383514438715034e-06 -4.005296206844689242e-10
1.446709194266152102e-06 -4.490562089721291579e-10
1.474035075123318532e-06 -5.023884443096083426e-10
1.501361157225196580e-06 -5.608994002685905201e-10
1.538054287056440795e-06 -6.483067239653084109e-10
1.574747780710995257e-06 -7.467832715854729703e-10
1.611441638781457557e-06 -8.574224468336638479e-10
1.648135861888949545e-06 -9.813967321965523233e-10
1.684830450682699315e-06 -1.119961410005009408e-09
1.721525405842416504e-06 -1.274458364576670487e-09
1.758220728077567225e-06 -1.446319969394547318e-09
1.807260273866395732e-06 -1.705766780946432472e-09
1.856300478402933738e-06 -2.002884465686006474e-09
1.905341343646214076e-06 -2.341925697769856416e-09
1.954382871661414670e-06 -2.727493374339596678e-09
2.003425064623042736e-06 -3.164559324505334693e-09
2.052467924817153802e-06 -3.658483480043377515e-09
2.101511454644367566e-06 -4.215033529126808583e-09
2.150555656623123467e-06 -4.840405065336274226e-09
2.199600533392437356e-06 -5.541242226069458993e-09
2.248945168107403486e-06 -6.329704725610134238e-09
2.298290491604243238e-06 -7.209503994224148926e-09
2.347636506956192043e-06 -8.188912782742883329e-09
2.396983217370154335e-06 -9.276753230899176302e-09
2.446330626192632772e-06 -1.048242063793654196e-08
2.495678736908466591e-06 -1.181590773308434600e-08
2.545027553147747623e-06 -1.328782944654807836e-08
2.605869667392929780e-06 -1.530984090365957278e-08
2.666712867164592906e-06 -1.758195530871969020e-08
2.727557160202937204e-06 -2.012832345912255611e-08
2.788402554610011537e-06 -2.297480350430688211e-08
2.849249058857498513e-06 -2.614903950677908504e-08
2.910096681792498871e-06 -2.968054169323091044e-08
2.970945432650351325e-06 -3.360076846727059885e-08
3.045279348254680711e-06 -3.896613501624619748e-08
3.119614979800994989e-06 -4.502705727449476943e-08
3.193952346572575607e-06 -5.185384856771870454e-08
3.268291468790754891e-06 -5.952202037891063499e-08
3.342632367637632610e-06 -6.811253227787995030e-08
3.416975065280014409e-06 -7.771204750109315051e-08
3.491319584887400239e-06 -8.841319442282594452e-08
3.572756939094055053e-06 -1.015164691238487648e-07
3.654196541686909988e-06 -1.161991932308475858e-07
3.735638427456628708e-06 -1.326100824424443784e-07
3.817082632774164341e-06 -1.509081109782421814e-07
3.898529195620921050e-06 -1.712629728643091048e-07
3.979978155625829941e-06 -1.938555532787054764e-07
4.061429554097573156e-06 -2.188784102217276703e-07
4.145645537423321734e-06 -2.475228675617023878e-07
4.229864222909363523e-06 -2.792246457000863859e-07
4.314085662106977502e-06 -3.142393361563654719e-07
4.398309908641950004e-06 -3.528382303053578258e-07
4.482537018256627364e-06 -3.953089508698400111e-07
4.566767048845199070e-06 -4.419560961572252444e-07
4.651000060495525950e-06 -4.931018971965908289e-07
4.748936714492543257e-06 -5.586741492633777761e-07
4.846877584222927344e-06 -6.313560004845218567e-07
4.944822775711150014e-06 -7.117511620297756274e-07
5.042772399284566394e-06 -8.005010330229408714e-07
5.140726569655304390e-06 -8.982862476086835109e-07
5.238685405995361779e-06 -1.005828254149435002e-06
5.336649032014882218e-06 -1.123890927869164610e-06
5.450503380172738534e-06 -1.275387347462643095e-06
5.564364580082712220e-06 -1.443531863957412661e-06
5.678232849832160904e-06 -1.629757595925528193e-06
5.792108416369149691e-06 -1.835588497801677233e-06
5.905991515652546245e-06 -2.062643176329806975e-06
6.019882392799550217e-06 -2.312638793380091745e-06
6.133781302227433192e-06 -2.587395059059153358e-06
6.255741584999006071e-06 -2.911211627284058540e-06
6.377711714557395830e-06 -3.268128912131326053e-06
6.499692039717975011e-06 -3.660804045731621658e-06
6.621682922250517773e-06 -4.092051984506367792e-06
6.743684737042379941e-06 -4.564851826926568140e-06
6.865697872268722982e-06 -5.082353284289374598e-06
6.987722729553269850e-06 -5.647883310520790985e-06
7.114143209304126051e-06 -6.288121418405302265e-06
7.240577191074626703e-06 -6.987788502217991809e-06
7.367025167965124021e-06 -7.751232371386622481e-06
7.493487649188629899e-06 -8.583038041297173947e-06
7.619965160204247310e-06 -9.488036697988516322e-06
7.746458242863468144e-06 -1.047131490092716593e-05
7.872967455486699250e-06 -1.153822403273489918e-05
8.015980193317602239e-06 -1.285190962367044479e-05
8.159015128943571801e-06 -1.428819756147785257e-05
8.302073145434814185e-06 -1.585613371988686354e-05
8.445155153227089850e-06 -1.756526686009385956e-05
8.588262090182455894e-06 -1.942566883744151394e-05
8.731394921583135232e-06 -2.144795547710601766e-05
8.874554640114789387e-06 -2.364330816509389036e-05
9.036604706972204020e-06 -2.635143340971768020e-05
9.198692038206039744e-06 -2.931431715743083923e-05
9.360818198691689185e-06 -3.255101242579709972e-05
9.522984797272253266e-06 -3.608166595136505289e-05
9.685193486251007539e-06 -3.992756682527547014e-05
9.847445960818558883e-06 -4.411119731265227890e-05
1.000974395832528317e-05 -4.865628603955836178e-05
1.017664969310933317e-05 -5.373220951621510708e-05
1.034360740150792459e-05 -5.924534375667632192e-05
1.051061910481173587e-05 -6.522597912959734654e-05
1.067768686689272515e-05 -7.170607102045471585e-05
1.084481279266826129e-05 -7.871931828148279696e-05
1.101199902642852354e-05 -8.630124615484763013e-05
1.117924775001066440e-05 -9.448929403522131083e-05
1.135661604260245832e-05 -1.038751184215721944e-04
1.153405973434748010e-05 -1.140360200354554899e-04
1.171158154652214711e-05 -1.250243788047947430e-04
1.188918423590081288e-05 -1.368955245734365786e-04
1.206687059106376059e-05 -1.497078975352015510e-04
1.224464342843726470e-05 -1.635232200652308760e-04
1.242250558806097580e-05 -1.784066809877473791e-04
1.262025663065433688e-05 -1.962822001756448474e-04
1.281812544209150826e-05 -2.156618729258474854e-04
1.301611597893538434e-05 -2.366521079577228227e-04
1.321423220174020416e-05 -2.593660381252173622e-04
1.341247806536185021e-05 -2.839239802691944834e-04
1.361085750871454854e-05 -3.104539357209794097e-04
1.380937444397766493e-05 -3.390921359113929648e-04
1.403039293453484408e-05 -3.736069984089356185e-04
1.425159165070078768e-05 -4.111245308539142828e-04
1.447297575592438272e-05 -4.518740326417177832e-04
1.469455029419948409e-05 -4.961018767686629742e-04
1.491632016719254818e-05 -5.440729913250388124e-04
1.513829011053037761e-05 -5.960724957438054980e-04
1.536046466931885305e-05 -6.524075102299385165e-04
1.558284817295415377e-05 -7.134091558730269690e-04
1.580544470931325373e-05 -7.794347652052104666e-04
1.603006189045045094e-05 -8.514715314374827993e-04
1.625490305777936727e-05 -9.294339059535215285e-04
1.647997148915267260e-05 -1.013785105296967012e-03
1.670527010146880629e-05 -1.105027300058366571e-03
1.693080142234934353e-05 -1.203705424737009895e-03
1.715656756173036744e-05 -1.310411396252697145e-03
1.738257018382977483e-05 -1.425788782910972913e-03
1.763062124070490779e-05 -1.563080119677417827e-03
1.787895884372985879e-05 -1.712647168923051846e-03
1.812758310580806509e-05 -1.875599940968142960e-03
1.837649333686257401e-05 -2.053159952872710570e-03
1.862568800705955281e-05 -2.246672674579057883e-03
1.887516471291270684e-05 -2.457621355950039086e-03
1.912492014677546340e-05 -2.687642394795553957e-03
1.939961897018470965e-05 -2.964487353599940585e-03
1.967464211706175702e-05 -3.269196099265805032e-03
1.994998122493196247e-05 -3.604738350548128412e-03
2.022562649848845355e-05 -3.974431350920889193e-03
2.050156670279030806e-05 -4.381982207619893044e-03
2.077778916817839109e-05 -4.831534964599114301e-03
2.105427980791423683e-05 -5.327722947191775547e-03
2.133423815542300766e-05 -5.882417072807453670e-03
2.161443769209499393e-05 -6.496139707358939384e-03
2.189485966644541843e-05 -7.175607108627425276e-03
2.217548407012331755e-05 -7.928333290125292795e-03
2.245628973726227187e-05 -8.762719865432059760e-03
2.273725446185119342e-05 -9.688153014427413820e-03
2.301835513326571625e-05 -1.071510699344585711e-02
2.331602263962259346e-05 -1.192573001506598562e-02
2.361378672325472079e-05 -1.327864144870757879e-02
2.391161790922224150e-05 -1.479109118198613029e-02
2.420948652217885531e-05 -1.648228179633265053e-02
2.450736298246325751e-05 -1.837350880717505616e-02
2.480521812137873733e-05 -2.048827790661348486e-02
2.510302351269142769e-05 -2.285238335200173027e-02
2.540915737807488358e-05 -2.557283431224741804e-02
2.571518162127629369e-05 -2.861963318441450993e-02
2.602107013647182601e-05 -3.202806090211544193e-02
2.632679925075954091e-05 -3.583523482611136735e-02
2.657631074826118304e-05 -3.926636996468230167e-02
2.677704373864508555e-05 -4.225390193938950018e-02
2.697768812147689275e-05 -4.545448268567467420e-02
2.717824023939021289e-05 -4.887840630180575324e-02
2.737869717726551809e-05 -5.253528933509925281e-02
2.757905679942127398e-05 -5.643375385337206368e-02
2.777931778323264011e-05 -6.058106056528367311e-02
2.797947964877644400e-05 -6.498269632052906808e-02
2.819657235464364238e-05 -7.005055722962960640e-02
2.841355049766851784e-05 -7.542218297536806837e-02
2.863041701209417971e-05 -8.109350072844036250e-02
2.884717609961677840e-05 -8.705506333316223588e-02
2.906383323290831212e-05 -9.329127885702438727e-02
2.928039514886356516e-05 -9.977972893528253007e-02
2.949686983100220224e-05 -1.064906404946629609e-01
2.972334501087117687e-05 -1.137116121765802401e-01
2.994974665716289365e-05 -1.210833126434252838e-01
3.017608804437354328e-05 -1.285451509821727567e-01
3.040238371226848982e-05 -1.360288713771643232e-01
3.062864936894124721e-05 -1.434601717658744446e-01
3.085490177852568587e-05 -1.507608796682812780e-01
3.108115863395840254e-05 -1.578516045613099772e-01
3.130743841533577699e-05 -1.646547050139124113e-01
3.153376023480006403e-05 -1.710974015435233753e-01
3.176014366883637708e-05 -1.771147554430664850e-01
3.198660857929442990e-05 -1.826522755078659188e-01
3.221317492454262227e-05 -1.876679608896218432e-01
3.243986256242062426e-05 -1.921336400867317273e-01
3.266669104683862367e-05 -1.960354949786084211e-01
3.289367942006905197e-05 -1.993738136213772660e-01
3.312084600296681311e-05 -2.021620455955208673e-01
3.334820818546024450e-05 -2.044252912110549603e-01
3.357578221989844237e-05 -2.061984075483904444e-01
3.380358301982447702e-05 -2.075238992893769230e-01
3.403162396697106176e-05 -2.084497947096073389e-01
3.425991672917709892e-05 -2.090276449572804063e-01
3.448847109211131026e-05 -2.093107368158508008e-01
3.471729480753768884e-05 -2.093525806984157800e-01
3.494639346085788269e-05 -2.092057075051102499e-01
3.517577036056872633e-05 -2.089207844532342540e-01
3.541624594839663256e-05 -2.085269428066514330e-01
3.565702585320340204e-05 -2.080866229842298354e-01
3.589810536369853399e-05 -2.076483377759947291e-01
3.613947682194640246e-05 -2.072571440474114679e-01
3.638112966813734824e-05 -2.069548719325131625e-01
3.662305052891811106e-05 -2.067804607630286673e-01
3.686522335010878704e-05 -2.067703637819248708e-01
3.711487550893325228e-05 -2.069680244550215209e-01
3.736475241577142168e-05 -2.074122506907834784e-01
3.761482901123072557e-05 -2.081375043413548342e-01
3.786507832812819458e-05 -2.091773172970012862e-01
3.811547188904815166e-05 -2.105646144348182203e-01
3.836598014341341520e-05 -2.123319250845120965e-01
3.861657293781612483e-05 -2.145114572550956833e-01
3.890419040437079001e-05 -2.175614013666068713e-01
3.919183436608265187e-05 -2.212427959554768009e-01
3.947946158803236974e-05 -2.256001830117991547e-01
3.976703163696795510e-05 -2.306741036925586963e-01
4.005450789832990622e-05 -2.364987092300313842e-01
4.034185853866993794e-05 -2.430986300242974629e-01
4.062905738592196935e-05 -2.504850890588914969e-01
4.086685552747869234e-05 -2.571959408670840275e-01
4.110452824408914135e-05 -2.644268601519357831e-01
4.134207148896310361e-05 -2.721494528305908878e-01
4.157948487589257965e-05 -2.803206931285185943e-01
4.181677175225619785e-05 -2.888814317293361134e-01
4.205393920597922985e-05 -2.977554893440964023e-01
4.229099800365750860e-05 -3.068496348167900067e-01
4.252796245820771709e-05 -3.160547068732005305e-01
4.276485022580939975e-05 -3.252480626803315178e-01
4.300168203323912738e-05 -3.342974287018624091e-01
4.323848133827766179e-05 -3.430660771639062467e-01
4.342695309229741354e-05 -3.497545427131853457e-01
4.361543442725099670e-05 -3.561150143201468610e-01
4.380393980497676788e-05 -3.620887539359521901e-01
4.399248410458529821e-05 -3.676246969230893558e-01
4.418108244090334307e-05 -3.726812368980629842e-01
4.436974997573341393e-05 -3.772276464160391751e-01
4.455850172443512618e-05 -3.812449917608526362e-01
4.475633657654898333e-05 -3.848787436674500628e-01
4.495429617032416323e-05 -3.879308482675214442e-01
4.515239584556477272e-05 -3.904211811527533160e-01
4.535064981712523015e-05 -3.923818242948483026e-01
4.554907095128106503e-05 -3.938552969685557015e-01
4.574767055745591692e-05 -3.948925508528373651e-01
4.594645819860941545e-05 -3.955508770762865556e-01
4.614544152423226810e-05 -3.958918630269208649e-01
4.634462612891509544e-05 -3.959795125387959303e-01
4.654401543961675521e-05 -3.958786077035481021e-01
4.674361063438798030e-05 -3.956533547004113527e-01
4.694595192666056315e-05 -3.953625456700424201e-01
4.714849964405191815e-05 -3.950708527784631552e-01
4.735124780981091462e-05 -3.948376840971714596e-01
4.755418811193435366e-05 -3.947190839941364104e-01
4.775731001040421240e-05 -3.947676230163270072e-01
4.796060088431208991e-05 -3.950324245479141516e-01
4.816404621761362055e-05 -3.955592799580592844e-01
4.838807328253850326e-05 -3.964926623031922448e-01
4.861224420800364018e-05 -3.978474472464224587e-01
4.883653384871578082e-05 -3.996719281655953249e-01
4.906091595621035523e-05 -4.020101658933482036e-01
4.928536372372232404e-05 -4.049018155907672112e-01
4.950985035587299334e-05 -4.083817025595544714e-01
4.973434965153375508e-05 -4.124791114045744389e-01
5.000228990012095802e-05 -4.182092116438687057e-01
5.027017343586530400e-05 -4.248745719378895780e-01
5.053796591775658038e-05 -4.324786561848156796e-01
5.075576612685533349e-05 -4.393444006602929552e-01
5.097347534895351249e-05 -4.467919411390910978e-01
5.119108514162504464e-05 -4.547802696750192220e-01
5.140859068806376920e-05 -4.632519343459414185e-01
5.162599095091878303e-05 -4.721319743838826577e-01
5.184328874436598038e-05 -4.813275620362827412e-01
5.206049072034821278e-05 -4.907286505487807871e-01
5.227760726679832407e-05 -5.002098560285047624e-01
5.249465231755343059e-05 -5.096337031348696645e-01
5.271164307583525575e-05 -5.188552481712304099e-01
5.292859965529263738e-05 -5.277279396302309022e-01
5.310103927857850304e-05 -5.344372062181675931e-01
5.327348379899015762e-05 -5.407707125064745712e-01
5.344594608647293817e-05 -5.466699221111535056e-01
5.361843943424559754e-05 -5.520854662372819410e-01
5.379097736044416173e-05 -5.569788654825252872e-01
5.396357340308031872e-05 -5.613238463330543215e-01
5.413624091135749112e-05 -5.651071252500422526e-01
5.432526905996409996e-05 -5.686034262884500645e-01
5.451441438964723713e-05 -5.714448573178255719e-01
5.470369184667546355e-05 -5.736660676702877160e-01
5.489311490290536442e-05 -5.753168338344117894e-01
5.508269528308913778e-05 -5.764595752310681664e-01
5.527244272127575226e-05 -5.771666137398654417e-01
5.546236475153648864e-05 -5.775173656258508759e-01
5.565246653815716856e-05 -5.775956414626136626e-01
5.584275075000007488e-05 -5.774872008685830727e-01
5.603321748190858445e-05 -5.772776583375123227e-01
5.622386422634159328e-05 -5.770507817617256396e-01
5.641821015289240349e-05 -5.768852527451793222e-01
5.661272947521607849e-05 -5.768661236570138406e-01
5.680741160228895475e-05 -5.770690547282529836e-01
5.700224359063186483e-05 -5.775641719346287228e-01
5.719721039652969478e-05 -5.784158302146901187e-01
5.739229517813196634e-05 -5.796824781952837347e-01
5.758747964176282665e-05 -5.814165491262442975e-01
5.780153499073831935e-05 -5.839091814509352885e-01
5.801566046887300573e-05 -5.870710146276065799e-01
5.822982944682438976e-05 -5.909441378165840586e-01
5.844401575441366802e-05 -5.955596858867673316e-01
5.865819439185336950e-05 -6.009364819823197479e-01
5.887234222242742010e-05 -6.070793400570217990e-01
5.908643862687579728e-05 -6.139770919847845621e-01
5.930046609976660966e-05 -6.216004623665812856e-01
5.951441077036471002e-05 -6.298999825403623909e-01
5.972826283045310207e-05 -6.388042060808297729e-01
5.994201685522181121e-05 -6.482185509527174094e-01
6.015567200482126490e-05 -6.580251355788795387e-01
6.036923209772315215e-05 -6.680839807797344099e-01
6.058270555107823842e-05 -6.782358982398165592e-01
6.079610518544322628e-05 -6.883072641110317136e-01
6.100944789747636906e-05 -6.981166802019378448e-01
6.117933836544768556e-05 -7.056210322371717636e-01
6.134921746395242915e-05 -7.127569128689059674e-01
6.151909799343318371e-05 -7.194442087154911958e-01
6.168899353796576223e-05 -7.256128986389810409e-01
6.185891821229474834e-05 -7.312057821370596677e-01
6.202888639496629305e-05 -7.361807551301047248e-01
6.219891245269936538e-05 -7.405124012062831440e-01
6.236901046114731435e-05 -7.441927916574300195e-01
6.255313950120496252e-05 -7.474526426124562528e-01
6.273738454737536692e-05 -7.499957519187079313e-01
6.292176005890776872e-05 -7.518771202685083921e-01
6.310627861739657139e-05 -7.531696132185461412e-01
6.329095061580117655e-05 -7.539604452469222950e-01
6.347578399498058699e-05 -7.543474405802883531e-01
6.366078403391774198e-05 -7.544353203664001528e-01
6.384595320091393457e-05 -7.543322283346273194e-01
6.403129107011446008e-05 -7.541466606070851286e-01
6.421679430606770688e-05 -7.539848965013714599e-01
6.440245671976819011e-05 -7.539489533341835470e-01
6.459647106445791094e-05 -7.541497964090317918e-01
6.479063611068935869e-05 -7.546940261366826830e-01
6.498493608345079758e-05 -7.556737655313460200e-01
6.517935292541870106e-05 -7.571711722624577812e-01
6.537386676763993381e-05 -7.592578683628659064e-01
6.556845645710191318e-05 -7.619943731575090640e-01
6.576310012748173210e-05 -7.654294404518148243e-01
6.598976608364832193e-05 -7.703564131424498473e-01
6.621644168229820254e-05 -7.763123702416662164e-01
6.644309537084152804e-05 -7.833029631157983896e-01
6.666969903305664013e-05 -7.913027193905761703e-01
6.689622910767115311e-05 -8.002517166442245644e-01
6.707965284923331814e-05 -8.081307329767952741e-01
6.726300975297840967e-05 -8.164988854479129365e-01
6.744629612105866785e-05 -8.252686217552189785e-01
6.762951127543247187e-05 -8.343360224576789053e-01
6.781265760080353012e-05 -8.435823307503089730e-01
6.799574050652083671e-05 -8.528765201654497918e-01
6.817876830888282009e-05 -8.620789521296180480e-01
6.836615928976952806e-05 -8.712579830603885966e-01
6.855351854383885505e-05 -8.800379255465969885e-01
6.870574276042200226e-05 -8.867784104127220957e-01
6.885796700011108341e-05 -8.930906003125148596e-01
6.901020180880761221e-05 -8.989141209874210725e-01
6.916245816146167694e-05 -9.041999528065808311e-01
6.931474725756766664e-05 -9.089121617171268541e-01
6.946708031007659987e-05 -9.130291536179823142e-01
6.961946833154129832e-05 -9.165443429172493994e-01
6.979360183870589318e-05 -9.198345242227797813e-01
6.996783564673268122e-05 -9.223868017404331932e-01
7.014218310569674973e-05 -9.242594835379910334e-01
7.031665578330004098e-05 -9.255303954228254470e-01
7.049126315705833235e-05 -9.262931865284182997e-01
7.066601235623175097e-05 -9.266533398038888647e-01
7.084090796111211757e-05 -9.267241390259859379e-01
7.101595186560137824e-05 -9.266228226641810561e-01
7.119114320832501687e-05 -9.264671185902303430e-01
7.136647837470843790e-05 -9.263722796081844679e-01
7.154195107140394884e-05 -9.264486550696660050e-01
7.172072833906852464e-05 -9.268092547855534269e-01
7.189962722125569782e-05 -9.275549811777156206e-01
7.207863375673447979e-05 -9.287760597912116944e-01
7.225773217220307068e-05 -9.305515976172267223e-01
7.243690530832745818e-05 -9.329487672730270020e-01
7.261613508998990513e-05 -9.360220266716547943e-01
7.279540302822706723e-05 -9.398122918412812332e-01
7.303483312354465905e-05 -9.460356799121266702e-01
7.327425676519913969e-05 -9.536023763033111278e-01
7.351363630767640241e-05 -9.624774017200448117e-01
7.369861512332781463e-05 -9.701765063235651132e-01
7.388353716717510438e-05 -9.785331952601177274e-01
7.406839417969690890e-05 -9.874553718781465816e-01
7.425318135383911363e-05 -9.968283722118441714e-01
7.443789751161023057e-05 -1.006516430623218383e+00
7.462254516829783919e-05 -1.016365488426754782e+00
7.480713048033952250e-05 -1.026207523584287573e+00
7.500126162518025593e-05 -1.036360588719410947e+00
7.515737286564711612e-05 -1.044239848324866271e+00
7.531346546289732649e-05 -1.051751425227734904e+00
7.546955006924184310e-05 -1.058800005660496479e+00
7.562563831500149073e-05 -1.065301656608572456e+00
7.578174254286931268e-05 -1.071187206427712146e+00
7.593787552375259257e-05 -1.076405131430633322e+00
7.609405015905623682e-05 -1.080923671456314850e+00
7.625027917697801364e-05 -1.084732021652743184e+00
7.641133978532186526e-05 -1.087924580946457498e+00
7.657248369479600632e-05 -1.090408223842427304e+00
7.673372225922738660e-05 -1.092238344474394829e+00
7.689506534383116403e-05 -1.093488945758305242e+00
7.705652106240283561e-05 -1.094249355838945004e+00
7.721809555840792553e-05 -1.094620603366463607e+00
7.737979283434646602e-05 -1.094711693078227910e+00
7.754161463353778606e-05 -1.094635994043526850e+00
7.770356038224466091e-05 -1.094507909885511499e+00
7.786562718860587449e-05 -1.094439942945353295e+00
7.802780990507393166e-05 -1.094540203419867019e+00
7.819248470976780576e-05 -1.094918290092177893e+00
7.835726168722875295e-05 -1.095671936178150840e+00
7.852212935351772938e-05 -1.096888859639471470e+00
7.868707470728400662e-05 -1.098645673774540477e+00
7.885208357953428125e-05 -1.101006935044548607e+00
7.901714101849507781e-05 -1.104024281083416437e+00
7.918223170072521771e-05 -1.107735592765364707e+00
7.943303900947709586e-05 -1.114748623487612722e+00
7.968383700418590692e-05 -1.123424772573541564e+00
7.987675945467554470e-05 -1.131186659001052863e+00
8.006963252157723817e-05 -1.139815327584174032e+00
8.026244297699551024e-05 -1.149202680272603194e+00
8.045518195284825675e-05 -1.159206577398350424e+00
8.064784532107737997e-05 -1.169652898667848939e+00
8.084043389079409437e-05 -1.180339760102114832e+00
8.103295341141736655e-05 -1.191044215986530652e+00
8.122541437841295333e-05 -1.201531510697002592e+00
8.137487605232558241e-05 -1.209376961664873962e+00
8.152431985695464400e-05 -1.216843790909693412e+00
8.167375554665775163e-05 -1.223835172067236465e+00
8.182319382523754985e-05 -1.230266467696961907e+00
8.197264608801264668e-05 -1.236068657710846619e+00
8.212212414441077252e-05 -1.241191249194542712e+00
8.227163992746908670e-05 -1.245604363969056827e+00
8.242120519774303645e-05 -1.249299860016095165e+00
8.257850692627346763e-05 -1.252426450526426427e+00
8.273588804015223716e-05 -1.254816319614340259e+00
8.289335949301579400e-05 -1.256534088945482353e+00
8.305093066328947480e-05 -1.257664804897468791e+00
8.320860908121511764e-05 -1.258310105133850776e+00
8.336640020764480284e-05 -1.258584017566399593e+00
8.352430726889231846e-05 -1.258608663016408613e+00
8.368233115070195546e-05 -1.258510098929769505e+00
8.384047036189397556e-05 -1.258414494789172888e+00
8.399872106301926151e-05 -1.258444762995976296e+00
8.415707716185127723e-05 -1.258717695914071566e+00
8.431640444516022093e-05 -1.259346200618318035e+00
8.447581980071631883e-05 -1.260429035255593799e+00
8.463531139216712968e-05 -1.262053439401394694e+00
8.479486610427574319e-05 -1.264293085536420946e+00
8.495446992217067490e-05 -1.267206943739820346e+00
8.511410834137200516e-05 -1.270838252977085192e+00
8.527376679638784139e-05 -1.275213547151718751e+00
8.552126807327898499e-05 -1.283481326602859518e+00
8.571964198408309210e-05 -1.291377403526401846e+00
8.591797235187842809e-05 -1.300317800655403921e+00
8.611624220218461862e-05 -1.310173731951387532e+00
8.631443978061380891e-05 -1.320769495473388178e+00
8.651255914247174496e-05 -1.331885829623268291e+00
8.671060047405998960e-05 -1.343266550137132809e+00
8.690857012577940662e-05 -1.354628916536245731e+00
8.706290477290563184e-05 -1.363286452379100400e+00
8.721721128092199975e-05 -1.371614261931870082e+00
8.737149951390040415e-05 -1.379480933679887666e+00
8.752578081460286115e-05 -1.386767796909208039e+00
8.768006767698818696e-05 -1.393374298196766059e+00
8.783437338223178961e-05 -1.399222814871108556e+00
8.798871160804046341e-05 -1.404262378786394372e+00
8.814309602271866591e-05 -1.408471012403599287e+00
8.829753987575583404e-05 -1.411856579845085280e+00
8.845762114851594721e-05 -1.414535805863063045e+00
8.861779200974393019e-05 -1.416443473351334248e+00
8.877806312652600229e-05 -1.417678873020860264e+00
8.893844301698652043e-05 -1.418363612491284842e+00
8.906968397766999051e-05 -1.418610444977424834e+00
8.920100380982525997e-05 -1.418662449615768706e+00
8.933240328849029448e-05 -1.418603448395928890e+00
8.946388192817779264e-05 -1.418517966448373135e+00
8.959543798846721617e-05 -1.418489389374552490e+00
8.972706850698265572e-05 -1.418598309719557582e+00
8.985876936015841884e-05 -1.418921108161714129e+00
9.001858130536131389e-05 -1.419701126409487202e+00
9.017847785765545300e-05 -1.421013539599296438e+00
9.033844615270795976e-05 -1.422956006365646120e+00
9.049847202366303534e-05 -1.425608298525582462e+00
9.065854046604420445e-05 -1.429030763258449133e+00
9.081863613487098602e-05 -1.433262949965082411e+00
9.097874385789232418e-05 -1.438322378150085123e+00
9.118465921505485765e-05 -1.446033964372857250e+00
9.139054285465927289e-05 -1.455032168206984000e+00
9.155956430930690634e-05 -1.463288317428613539e+00
9.172853904803099758e-05 -1.472210476162575610e+00
9.189746054391815101e-05 -1.481659982289194488e+00
9.206632571247948488e-05 -1.491472255301943051e+00
9.223513505056585066e-05 -1.501461400583229855e+00
9.240389263661836507e-05 -1.511426652982818197e+00
9.257260599115288153e-05 -1.521160545715229295e+00
9.270857460987787517e-05 -1.528698522473386223e+00
9.284452831347140167e-05 -1.535851628797097135e+00
9.298047503371030553e-05 -1.542527875875590704e+00
9.311642350489573799e-05 -1.548647945990282659e+00
9.325238304414506206e-05 -1.554148289076645151e+00
9.338836331489944046e-05 -1.558983685518506190e+00
9.352437407960845672e-05 -1.563129045877516665e+00
9.366102558056636177e-05 -1.566594041029415019e+00
9.379772686830077492e-05 -1.569376143881995311e+00
9.393448661626805848e-05 -1.571513255441857604e+00
9.407131261216669063e-05 -1.573062191828861867e+00
9.420821154845040503e-05 -1.574096327897174685e+00
9.434518884066561738e-05 -1.574702729782905930e+00
9.448224847885052663e-05 -1.574978969079147806e+00
9.461939291550184813e-05 -1.575029808859820690e+00
9.475662299332724011e-05 -1.574963928942144875e+00
9.489760682536745788e-05 -1.574889573638073470e+00
9.503867744239241893e-05 -1.574923677079532292e+00
9.517983046170754437e-05 -1.575177545549847347e+00
9.532105987913439720e-05 -1.575754865501130420e+00
9.546235823294507304e-05 -1.576749602733434896e+00
9.560371681066186537e-05 -1.578244343793937299e+00
9.575953685393023699e-05 -1.580553675555889104e+00
9.591540419270157183e-05 -1.583628320364448561e+00
9.607130422564072784e-05 -1.587519569977825729e+00
9.622722227011985656e-05 -1.592255026745629021e+00
9.638314407939204157e-05 -1.597837460063240345e+00
9.653905634853367310e-05 -1.604243842412665932e+00
9.669494719104869125e-05 -1.611424743193428100e+00
9.686148637269342875e-05 -1.619867461089735450e+00
9.702798022147265304e-05 -1.628982526909324990e+00
9.719442258670176111e-05 -1.638613681685282097e+00
9.736081087370177824e-05 -1.648577425518831685e+00
9.752714616878667235e-05 -1.658668950153032506e+00
9.769343321314008543e-05 -1.668670064433979139e+00
9.783067064440466472e-05 -1.676700070831844247e+00
9.796788699998712382e-05 -1.684395673502267821e+00
9.810508983577228138e-05 -1.691643505399007097e+00
9.824228779271286396e-05 -1.698342619529252362e+00
9.837949035478479984e-05 -1.704408671266879782e+00
9.851670757921668494e-05 -1.709777565607404348e+00
9.865394981006364019e-05 -1.714408242847376140e+00
9.879122738118391929e-05 -1.718284403954422501e+00
9.892855031679315136e-05 -1.721415099010065841e+00
9.908218114260727285e-05 -1.724075591823204023e+00
9.923589231355507093e-05 -1.725928134890736043e+00
9.938969387305594306e-05 -1.727085819561344326e+00
9.951632440749839644e-05 -1.727614625917179847e+00
9.964302463528840550e-05 -1.727853640976515948e+00
9.976979645912990326e-05 -1.727895824539615877e+00
9.989664050635079125e-05 -1.727837459652999286e+00
1.000235561055764111e-04 -1.727775581168390584e+00
1.001505413044314491e-04 -1.727805560086733028e+00
1.002775929065781387e-04 -1.728018968436712877e+00
1.004152422283542705e-04 -1.728556356268756922e+00
1.005529573595800619e-04 -1.729508981950305113e+00
1.006907301190427390e-04 -1.730964391672222380e+00
1.008285513117227324e-04 -1.732996512431848490e+00
1.009664109983059133e-04 -1.735664251765196120e+00
1.011042987905742455e-04 -1.739010324997759982e+00
1.012422041629091848e-04 -1.743060276074922532e+00
1.014363208037095341e-04 -1.749964358183512259e+00
1.016304248621641550e-04 -1.758233505290008658e+00
1.018244929025116999e-04 -1.767751684483929830e+00
1.020185064784665728e-04 -1.778329351892723897e+00
1.022124532789204235e-04 -1.789708161137232967e+00
1.024063279053260287e-04 -1.801570465877881944e+00
1.026001322444928632e-04 -1.813554514097340142e+00
1.027437776631405503e-04 -1.822290742921108375e+00
1.028873954265751976e-04 -1.830725110943863143e+00
1.030309934850008309e-04 -1.838708306885370014e+00
1.031745813591241695e-04 -1.846104897504742048e+00
1.032934060302958537e-04 -1.851699465697447700e+00
1.034122376681610359e-04 -1.856761088550540562e+00
1.035310831181458519e-04 -1.861251955398996571e+00
1.036499493292157391e-04 -1.865149597320522101e+00
1.037688431902353525e-04 -1.868447617959636320e+00
1.038877713668163040e-04 -1.871155872497679340e+00
1.040067401437862730e-04 -1.873300059264618733e+00
1.041689573571528727e-04 -1.875389346665410351e+00
1.043038947717636746e-04 -1.876488100234262157e+00
1.044389059964993317e-04 -1.877114860603682267e+00
1.045739951568334881e-04 -1.877384714356336470e+00
1.047091646928497880e-04 -1.877422020871630348e+00
1.048444152730234214e-04 -1.877356083126303865e+00
1.049797457661301643e-04 -1.877316929312717209e+00
1.051151532748918689e-04 -1.877431415513639568e+00
1.052506332112791975e-04 -1.877819786566475635e+00
1.053861794407973010e-04 -1.878592717816240709e+00
1.055271978579841007e-04 -1.879910212566923811e+00
1.056682701189481835e-04 -1.881844638375053336e+00
1.058093854971900807e-04 -1.884471793455081645e+00
1.059505326274563141e-04 -1.887847007594011473e+00
1.060916998940511329e-04 -1.892003739152616326e+00
1.062328758265729093e-04 -1.896952469607980696e+00
1.063740494953060691e-04 -1.902679916380090930e+00
1.065433643805205343e-04 -1.910522609251352089e+00
1.067126468708662161e-04 -1.919320281766243141e+00
1.068818855330904138e-04 -1.928914664164132375e+00
1.070510728927081748e-04 -1.939103653228283708e+00
1.072202058274224955e-04 -1.949648216407745993e+00
1.073892857446584015e-04 -1.960282308646804639e+00
1.075258509663770196e-04 -1.968747398714620678e+00
1.076623904746286105e-04 -1.976940144247642639e+00
1.077989110305808360e-04 -1.984719319554020922e+00
1.079354208081958409e-04 -1.991956064592803166e+00
1.080719291301853629e-04 -1.998539676188104464e+00
1.082084461567419677e-04 -2.004382855014327891e+00
1.083449825517033747e-04 -2.009425906249121763e+00
1.084815491240898207e-04 -2.013639568861442797e+00
1.086181564659628897e-04 -2.017026321558517576e+00
1.087561125134551773e-04 -2.019641116889285826e+00
1.088941296692852559e-04 -2.021513444076956656e+00
1.090322160066590341e-04 -2.022736358864768214e+00
1.091703780397282515e-04 -2.023425881850976271e+00
1.093086204809023938e-04 -2.023715706381596924e+00
1.094469460805697162e-04 -2.023751502518712719e+00
1.095853555150144969e-04 -2.023685157854086203e+00
1.097238473596866151e-04 -2.023669241494129967e+00
1.098624181313505202e-04 -2.023851907261134286e+00
1.100010623983545694e-04 -2.024372369597696952e+00
1.101397729725925735e-04 -2.025357005060887339e+00
1.102785411483510683e-04 -2.026916069005904486e+00
1.104247208749417831e-04 -2.029279043212045330e+00
1.105709408758153892e-04 -2.032461612326875944e+00
1.107171879870487695e-04 -2.036517026025929322e+00
1.108634489972176192e-04 -2.041468601337540267e+00
1.110097111727512435e-04 -2.047308496623987839e+00
1.111559627673142927e-04 -2.053997067030604029e+00
1.113021934918270115e-04 -2.061462941829771189e+00
1.114638007507892843e-04 -2.070496263422049399e+00
1.116253641059687668e-04 -2.080175571777811871e+00
1.117868791062409450e-04 -2.090285400268706351e+00
1.119483452650467701e-04 -2.100581655092501165e+00
1.121097661029972638e-04 -2.110802693558097687e+00
1.122361622380076563e-04 -2.118582601452908332e+00
1.123625400827549595e-04 -2.126029431205347375e+00
1.124889058696870400e-04 -2.133028500614463141e+00
1.126152668116991095e-04 -2.139478473357934174e+00
1.127416308858735687e-04 -2.145295593104465492e+00
1.128680065913990346e-04 -2.150417341036310770e+00
1.129944026869639429e-04 -2.154805170442614326e+00
1.131208279208782046e-04 -2.158446131994244954e+00
1.132507164049939775e-04 -2.161422155925791788e+00
1.133806531286512620e-04 -2.163666294771507737e+00
1.135106457695826806e-04 -2.165246779187434356e+00
1.136407008636221191e-04 -2.166254827236645752e+00
1.137708235738588261e-04 -2.166800590952262517e+00
1.139010175260475545e-04 -2.167008537704945947e+00
1.140312846759057526e-04 -2.167012551158804978e+00
1.141616252390735212e-04 -2.166951014309471457e+00
1.142920376845388080e-04 -2.166962097960610567e+00
1.144248116878125721e-04 -2.167185587389988566e+00
1.145576516424165350e-04 -2.167754176181413861e+00
1.146905508811468528e-04 -2.168787188964577783e+00
1.147977036806827663e-04 -2.170028999774677114e+00
1.149048851355785573e-04 -2.171685596575519739e+00
1.150120902187744569e-04 -2.173793927153500061e+00
1.151193136797526440e-04 -2.176381969182746623e+00
1.152265501639172015e-04 -2.179468153958259435e+00
1.153337943347701894e-04 -2.183060918765045155e+00
1.154801422971303088e-04 -2.188775941456145624e+00
1.156264825685211610e-04 -2.195393643706025522e+00
1.157728042151870548e-04 -2.202842122620058074e+00
1.159190982130163457e-04 -2.211014668589297738e+00
1.160653578304827002e-04 -2.219772166385922674e+00
1.162115789428073661e-04 -2.228946976272921265e+00
1.163577602039656385e-04 -2.238348520164644917e+00
1.165098227086966789e-04 -2.248149737471752729e+00
1.166356209273832243e-04 -2.256105722767183241e+00
1.167613984413712618e-04 -2.263778675926022110e+00
1.168871609361838478e-04 -2.271041991976980423e+00
1.170129152224813488e-04 -2.277781466026075563e+00
1.171386690119496687e-04 -2.283900161829267805e+00
1.172644306704428107e-04 -2.289322733455759096e+00
1.173902089487173094e-04 -2.293998831404462369e+00
1.175160126950581439e-04 -2.297905348685614246e+00
1.176418505680798299e-04 -2.301047390352268351e+00
1.177765586280217079e-04 -2.303600834691948762e+00
1.179113241910713979e-04 -2.305390534306664740e+00
1.180461549990173927e-04 -2.306520640798564781e+00
1.181810571664689859e-04 -2.307120525778766140e+00
1.183160349549197877e-04 -2.307338580393756722e+00
1.184510905877754890e-04 -2.307335574371973674e+00
1.185862241751952859e-04 -2.307277945311725809e+00
1.187214336912744659e-04 -2.307331343746237273e+00
1.188567150477207700e-04 -2.307654697963626766e+00
1.189920622490308016e-04 -2.308394964351556666e+00
1.191274676056282359e-04 -2.309682625043560922e+00
1.192629220368345488e-04 -2.311627920290449723e+00
1.194019274848768006e-04 -2.314397998465583584e+00
1.195409622553294919e-04 -2.318017242499627262e+00
1.196800144306334521e-04 -2.322520617499500784e+00
1.198190723224142377e-04 -2.327910986250175451e+00
1.199581249492659733e-04 -2.334158360401022758e+00
1.200971624988496480e-04 -2.341199939315409928e+00
1.202361767243216242e-04 -2.348941091433626394e+00
1.204008412461892585e-04 -2.358845769223626210e+00
1.205654577440579172e-04 -2.369302912252292170e+00
1.207300244038960905e-04 -2.380018327323151439e+00
1.208616397323588910e-04 -2.388562144839960322e+00
1.209932287028022188e-04 -2.396900346384011726e+00
1.211247968032667872e-04 -2.404870942093144226e+00
1.212563511067352309e-04 -2.412323709050092635e+00
1.213879000023180687e-04 -2.419127352257867347e+00
1.215194528887920879e-04 -2.425176137415680166e+00
1.216510198182741694e-04 -2.430395327154548646e+00
1.217826111158027720e-04 -2.434744992691322718e+00
1.219142369872452155e-04 -2.438221990825738317e+00
1.220459071279093703e-04 -2.440860007024219236e+00
1.221981071219404257e-04 -2.442954614338777475e+00
1.223503894565728864e-04 -2.444179050442337076e+00
1.224666649543575028e-04 -2.444652456151559239e+00
1.225829962064046541e-04 -2.444839565504963730e+00
1.226993846649810055e-04 -2.444850630444320050e+00
1.228158305524837987e-04 -2.444799750336691613e+00
1.229323328513358708e-04 -2.444801331363501529e+00
1.230488893309798217e-04 -2.444966652517701178e+00
1.231654966105638464e-04 -2.445400816928059662e+00
1.232863895254681264e-04 -2.446237196187244667e+00
1.234073262638546301e-04 -2.447560333295312862e+00
1.235282999907062675e-04 -2.449449807734815021e+00
1.236493032257205012e-04 -2.451968200402939058e+00
1.237703280861608213e-04 -2.455159551674382268e+00
1.238913665465792729e-04 -2.459048197113646417e+00
1.240124107022328066e-04 -2.463637964423434745e+00
1.241692429243393457e-04 -2.470597242694883455e+00
1.243260574387829121e-04 -2.478613568627446195e+00
1.244828421412264149e-04 -2.487540526090798121e+00
1.246395882195152347e-04 -2.497179413464745146e+00
1.247962906376848063e-04 -2.507287033627958905e+00
1.249529484570992689e-04 -2.517586763172034114e+00
1.250785879280078298e-04 -2.525788328987006892e+00
1.252042042110237312e-04 -2.533768800155174361e+00
1.253298023653183436e-04 -2.541379458437051042e+00
1.254553888024391212e-04 -2.548483438754031383e+00
1.255809710595105798e-04 -2.554961986579050492e+00
1.257065575258320390e-04 -2.560720180556689929e+00
1.258321571359155642e-04 -2.565691586352158993e+00
1.259577790444681503e-04 -2.569841489742608953e+00
1.260834322913745775e-04 -2.573168533565779459e+00
1.262091254652081935e-04 -2.575704682557744096e+00
1.263609276678626689e-04 -2.577805107325988665e+00
1.264868406216760905e-04 -2.578861367659493808e+00
1.266128145818778484e-04 -2.579424254917861425e+00
1.267388531455538420e-04 -2.579631696330525248e+00
1.268649582116976207e-04 -2.579633127956602490e+00
1.269911299042278006e-04 -2.579583486632661238e+00
1.271173665567526664e-04 -2.579637261631187783e+00
1.272436647741113295e-04 -2.579942965312748360e+00
1.273700195568681372e-04 -2.580638237666895485e+00
1.274964244838278896e-04 -2.581845621086354736e+00
1.276228719470087693e-04 -2.583668973612249342e+00
1.277527238240021930e-04 -2.586267838691799881e+00
1.278826017266284103e-04 -2.589665072157307790e+00
1.280124955650453734e-04 -2.593894597805388891e+00
1.281423953999079725e-04 -2.598960349875188314e+00
1.282722918447269005e-04 -2.604835646442741126e+00
1.284021764430836221e-04 -2.611463327588575911e+00
1.285320420107641389e-04 -2.618756779607644081e+00
1.286995147125999297e-04 -2.628960301822356183e+00
1.288669390218887250e-04 -2.639777171106795439e+00
1.290343128754863273e-04 -2.650854114182064958e+00
1.291589676978681118e-04 -2.659047790637386832e+00
1.292835998612735572e-04 -2.667013924484179732e+00
1.294082143876354300e-04 -2.674599036133129548e+00
1.295328176674386325e-04 -2.681662358099710541e+00
1.296574172220294223e-04 -2.688082502273164476e+00
1.297820214221383944e-04 -2.693763570768456184e+00
1.299066391718499414e-04 -2.698640006386023860e+00
1.300312795686625611e-04 -2.702679824724367741e+00
1.301559515571682282e-04 -2.705886123160610612e+00
1.302809956318809557e-04 -2.708302232867070281e+00
1.304060876493559650e-04 -2.709989856899308158e+00
1.305312341672968822e-04 -2.711049818107119425e+00
1.306564403554711263e-04 -2.711607408649322704e+00
1.307817097931789107e-04 -2.711806461905894583e+00
1.309070443260714714e-04 -2.711802923854846004e+00
1.310324439892631896e-04 -2.711758298085239272e+00
1.311579069982590957e-04 -2.711833284241202957e+00
1.312837092464849979e-04 -2.712182738779816304e+00
1.314095663714133662e-04 -2.712949597875034868e+00
1.315111486779459128e-04 -2.713959704946015794e+00
1.316127583629546815e-04 -2.715380918591104642e+00
1.317143909763178965e-04 -2.717259814273263352e+00
1.318160417853854406e-04 -2.719632268016338728e+00
1.319177058966248758e-04 -2.722522668947551239e+00
1.320193783822079016e-04 -2.725943301980308320e+00
1.321452824848367538e-04 -2.730912503143631653e+00
1.322711833459989136e-04 -2.736666508320867219e+00
1.323970731429740448e-04 -2.743148765143093026e+00
1.325229452281290741e-04 -2.750274493404905485e+00
1.326487944007645383e-04 -2.757932750006353739e+00
1.327746171197806511e-04 -2.765989526302446322e+00
1.329004116483908351e-04 -2.774292009143737747e+00
1.330359468140658596e-04 -2.783323527710135803e+00
1.331714520498588521e-04 -2.792230747828740256e+00
1.332827007366890542e-04 -2.799300056769350675e+00
1.333939365058131805e-04 -2.806026911391088952e+00
1.335051641385332671e-04 -2.812308235325199135e+00
1.336163891418519641e-04 -2.818055048537055463e+00
1.337276175746499095e-04 -2.823196084566022890e+00
1.338388558557301736e-04 -2.827680790651774689e+00
1.339501105591528192e-04 -2.831481458830170883e+00
1.340633939485402868e-04 -2.834644220686733274e+00
1.341767077085159331e-04 -2.837115914202315015e+00
1.342900579300066203e-04 -2.838943006485470821e+00
1.344034499954806640e-04 -2.840194687904676663e+00
1.345168883971193221e-04 -2.840959886159974079e+00
1.346303765842949470e-04 -2.841343578095607114e+00
1.347439168452566104e-04 -2.841462625600013503e+00
1.348575102272710506e-04 -2.841441368942776435e+00
1.349711564982972645e-04 -2.841407193295241829e+00
1.350916654900952390e-04 -2.841496892169232513e+00
1.352122288940465177e-04 -2.841857125151079799e+00
1.353328419881287396e-04 -2.842620423695366050e+00
1.354320726396895111e-04 -2.843633465191863330e+00
1.355313290271825211e-04 -2.845053914293018682e+00
1.356306069242237968e-04 -2.846927158395630819e+00
1.357299018410911050e-04 -2.849287963243261945e+00
1.358292091407097587e-04 -2.852159650206270047e+00
1.359285241590868520e-04 -2.855553488353957725e+00
1.360511952351459099e-04 -2.860463395669142983e+00
1.361738629929870614e-04 -2.866139011849279328e+00
1.362965201162308706e-04 -2.872523222772313201e+00
1.364191604009482299e-04 -2.879531447921787723e+00
1.365417790069016349e-04 -2.887053776531662397e+00
1.366643726548796563e-04 -2.894958113878468797e+00
1.367869397613833099e-04 -2.903094446448799992e+00
1.369179530010889497e-04 -2.911865946143385564e+00
1.370489385763496359e-04 -2.920510577183963008e+00
1.371799011229459517e-04 -2.928823986024214676e+00
1.373002876298822091e-04 -2.936009767197982345e+00
1.374206666664935979e-04 -2.942621246066564389e+00
1.375160420580510685e-04 -2.947377908386918044e+00
1.376114213550744150e-04 -2.951662324204411547e+00
1.377068087063353498e-04 -2.955445018050609995e+00
1.378022083253959622e-04 -2.958709836958908657e+00
1.378976243871211059e-04 -2.961454520363536957e+00
1.379930609244579343e-04 -2.963690822393008961e+00
1.381190205746938280e-04 -2.965908118995307596e+00
1.382450302093024552e-04 -2.967377501274317098e+00
1.383710962455217050e-04 -2.968224114994149510e+00
1.384972234627892737e-04 -2.968599680091848381e+00
1.386234147910112078e-04 -2.968674758354992171e+00
1.387285573421809422e-04 -2.968638488264049080e+00
1.388337445229853541e-04 -2.968625910921848909e+00
1.389389748407340863e-04 -2.968741480934860455e+00
1.390442458813429612e-04 -2.969084798883446119e+00
1.391495543806840513e-04 -2.969747952489557363e+00
1.392548963219838434e-04 -2.970813167044289216e+00
1.393602670565093331e-04 -2.972350793312976691e+00
1.394841494442017457e-04 -2.974838116758089512e+00
1.396080555810681181e-04 -2.978121696368019045e+00
1.397319762887187127e-04 -2.982236545858280241e+00
1.398559025121307660e-04 -2.987185567928432484e+00
1.399798257039307756e-04 -2.992939010573130609e+00
1.401037381892019957e-04 -2.999434842749967522e+00
1.402276334949331986e-04 -3.006580181004514518e+00
1.403934219207970426e-04 -3.016945801185886289e+00
1.405591636917280670e-04 -3.027899102055659153e+00
1.406858881646906774e-04 -3.036417362079665061e+00
1.408125864443025496e-04 -3.044843474843222264e+00
1.409392624438468469e-04 -3.052982911915989028e+00
1.410598452257023005e-04 -3.060296784597546615e+00
1.411804193325671779e-04 -3.067041004609082133e+00
1.412756051809400883e-04 -3.071882895848344841e+00
1.413707941647181015e-04 -3.076248595465202129e+00
1.414659904417858933e-04 -3.080105474654719178e+00
1.415611982551344590e-04 -3.083434869434752645e+00
1.416564218242129160e-04 -3.086232782103136341e+00
1.417516652336825575e-04 -3.088510093562103265e+00
1.418714094711618495e-04 -3.090674358242079922e+00
1.419911979461719893e-04 -3.092137716766724331e+00
1.421110363792778405e-04 -3.093010287155377291e+00
1.422309291270509304e-04 -3.093426134063939070e+00
1.423508789999396119e-04 -3.093536831518770125e+00
1.424708871428501306e-04 -3.093504612961531119e+00
1.425909529839092357e-04 -3.093495397806703018e+00
1.427110742537036187e-04 -3.093672022121253029e+00
1.428332033386612090e-04 -3.094199605527699237e+00
1.429335168455167786e-04 -3.094997617459069428e+00
1.430338587143645192e-04 -3.096200291612207778e+00
1.431342246778758071e-04 -3.097866449880279482e+00
1.432346101021671691e-04 -3.100042406113772575e+00
1.433350101201184975e-04 -3.102760866913417903e+00
1.434354197721490862e-04 -3.106040108181377324e+00
1.435537203906877082e-04 -3.110626639326263376e+00
1.436720199151472115e-04 -3.115973923313700045e+00
1.437903113702392749e-04 -3.122031329463247573e+00
1.439085887489565069e-04 -3.128720379672073726e+00
1.440268472591592136e-04 -3.135936832968872601e+00
1.441450835210629055e-04 -3.143553757905213075e+00
1.442632957084473910e-04 -3.151425699752987697e+00
1.443904609093316343e-04 -3.159998574405423533e+00
1.445175999203678443e-04 -3.168476427750361868e+00
1.446447167395397142e-04 -3.176653484039511977e+00
1.447630534211539035e-04 -3.183825539935884130e+00
1.448813820783643059e-04 -3.190428838739665540e+00
1.449749020824790257e-04 -3.195167372211612733e+00
1.450684253116303840e-04 -3.199432649042526666e+00
1.451619557675091782e-04 -3.203193381443044885e+00
1.452554975279961010e-04 -3.206432227160789239e+00
1.453490546419530110e-04 -3.209146428496927328e+00
1.454426310198312711e-04 -3.211347965839401297e+00
1.455651055241453636e-04 -3.213499713064465801e+00
1.456876265881297734e-04 -3.214913071100467423e+00
1.458102002323834233e-04 -3.215715005323994014e+00
1.459328308986659092e-04 -3.216059353232433082e+00
1.460555212471316086e-04 -3.216118859613248837e+00
1.461782720325717163e-04 -3.216076787564768225e+00
1.462985853197997909e-04 -3.216115245574565407e+00
1.464189525931747172e-04 -3.216402434479209482e+00
1.465393693431852684e-04 -3.217095137471571498e+00
1.466360402937134716e-04 -3.218039141843331841e+00
1.467327356676449701e-04 -3.219395102640026707e+00
1.468294514399603242e-04 -3.221212895816108368e+00
1.469261833087229599e-04 -3.223530528360009750e+00
1.470229268135370658e-04 -3.226373126979570571e+00
1.471196774602630979e-04 -3.229752206424763017e+00
1.472368883342713207e-04 -3.234559871488849048e+00
1.473540958833975884e-04 -3.240118586890033736e+00
1.474712935191947196e-04 -3.246366769500498961e+00
1.475884757046618976e-04 -3.253214816885378724e+00
1.477056381869914625e-04 -3.260547686190199634e+00
1.478227781775097709e-04 -3.268228549537832706e+00
1.479398944713918192e-04 -3.276103606936815460e+00
1.480602946090708242e-04 -3.284230047556197185e+00
1.481806724183806409e-04 -3.292203716518347978e+00
1.483010318776730157e-04 -3.299844686795951887e+00
1.484213785116716392e-04 -3.306985798434805002e+00
1.485211112655715547e-04 -3.312420283044033464e+00
1.486208443088820014e-04 -3.317342901334578542e+00
1.487205824052843990e-04 -3.321702141272707465e+00
1.488203305136358301e-04 -3.325464916422156580e+00
1.489200936372871370e-04 -3.328617847553791531e+00
1.490198766685450131e-04 -3.331167762190566872e+00
1.491196842352993264e-04 -3.333141384490178716e+00
1.492616728095467701e-04 -3.335048253526321282e+00
1.493781262046938634e-04 -3.335943324580004532e+00
1.494946297539321775e-04 -3.336376911073941187e+00
1.496111862190030960e-04 -3.336499513453830001e+00
1.497277967804646844e-04 -3.336472989581189541e+00
1.498444609842358884e-04 -3.336463481627605976e+00
1.499611767570384455e-04 -3.336634423229172697e+00
1.500779404904292486e-04 -3.337140006220026933e+00
1.501947471902875396e-04 -3.338119383594572387e+00
1.503115906857543558e-04 -3.339691707834391288e+00
1.504284638890713655e-04 -3.341952010498587811e+00
1.505453590954228336e-04 -3.344967928449990691e+00
1.506675284643107496e-04 -3.348967594133861692e+00
1.507897040769970312e-04 -3.353840110463248703e+00
1.509118773638192564e-04 -3.359554092270745418e+00
1.510340406423793861e-04 -3.366040737698265950e+00
1.511561874794176792e-04 -3.373195788413076546e+00
1.512783129960356895e-04 -3.380882969055333920e+00
1.514004141009082070e-04 -3.388939005570691609e+00
1.515290773030328092e-04 -3.397626537034461158e+00
1.516577131754843274e-04 -3.406290143561795158e+00
1.517624743111197058e-04 -3.413167658588745379e+00
1.518672225491503336e-04 -3.419753272017230561e+00
1.519719617533841929e-04 -3.425934871393128134e+00
1.520766965404287275e-04 -3.431614105767935019e+00
1.521814321205522164e-04 -3.436710562279532866e+00
1.522861741127358513e-04 -3.441165308080444962e+00
1.523909283472417680e-04 -3.444943497688485845e+00
1.524957597049367319e-04 -3.448037425061854844e+00
1.526006148127065191e-04 -3.450461487575872344e+00
1.527054989233270189e-04 -3.452257598148961826e+00
1.528104167054080765e-04 -3.453490965894397746e+00
1.529153720726885183e-04 -3.454247230928666035e+00
1.530203680449724777e-04 -3.454628818432669224e+00
1.531254066408426840e-04 -3.454750739867873843e+00
1.532304888045232739e-04 -3.454736078346167805e+00
1.533356143701715120e-04 -3.454711379487816814e+00
1.534424120647467438e-04 -3.454804831492491513e+00
1.535492507431700454e-04 -3.455142881898836116e+00
1.536561269014698899e-04 -3.455841693510151913e+00
1.537630361204528047e-04 -3.457003831046933762e+00
1.538699732277621333e-04 -3.458715053279601825e+00
1.539572721331973276e-04 -3.460565771283576453e+00
1.540445825010993753e-04 -3.462852650285368927e+00
1.541319009489318381e-04 -3.465591339804929394e+00
1.542192241087830807e-04 -3.468787195135113688e+00
1.543065487031137302e-04 -3.472435028808878332e+00
1.543938716213372913e-04 -3.476519075386833801e+00
1.545257161375858119e-04 -3.483451768166209828e+00
1.546575420592193354e-04 -3.491184805722483464e+00
1.547893431777726963e-04 -3.499539581481940331e+00
1.549211157916641289e-04 -3.508299389370364896e+00
1.550528589235268995e-04 -3.517220230907721401e+00
1.551608894460529951e-04 -3.524475810050523350e+00
1.552689036640831429e-04 -3.531523277857277154e+00
1.553769050707066242e-04 -3.538226378960712015e+00
1.554848981578272769e-04 -3.544461096193150418e+00
1.555928882450114759e-04 -3.550121301946125296e+00
1.557008812762232649e-04 -3.555123788617160496e+00
1.558088835918052288e-04 -3.559412262140455585e+00
1.559169016834197454e-04 -3.562960026104109001e+00
1.560249419398269954e-04 -3.565771218623972061e+00
1.561401396648465342e-04 -3.567996328022296826e+00
1.562553759931286138e-04 -3.569502243291607257e+00
1.563706564418369999e-04 -3.570399873956125791e+00
1.564859852306125241e-04 -3.570827070237912348e+00
1.566013650912290861e-04 -3.570941544522860500e+00
1.567167971425946851e-04 -3.570913175698260389e+00
1.568322808371360496e-04 -3.570916120739612509e+00
1.569478139814818271e-04 -3.571121124212067954e+00
1.570656493131191290e-04 -3.571703592547720074e+00
1.571609307891565991e-04 -3.572554081786214475e+00
1.572562362733011764e-04 -3.573818726696727843e+00
1.573515618510400226e-04 -3.575554025707989414e+00
1.574469033003950916e-04 -3.577802981317317332e+00
1.575422562124868722e-04 -3.580593965408305213e+00
1.576376161349302618e-04 -3.583939916635574541e+00
1.577485868172811092e-04 -3.588527475459742710e+00
1.578595546292333493e-04 -3.593830250492175082e+00
1.579705137823305436e-04 -3.599787940765289740e+00
1.580814594113700503e-04 -3.606313420867002684e+00
1.581923877826023404e-04 -3.613295419306715051e+00
1.583032964532641099e-04 -3.620602206678118939e+00
1.584141843740232965e-04 -3.628086348390475280e+00
1.585279545567638685e-04 -3.635785761899902102e+00
1.586417052872785320e-04 -3.643332524102658621e+00
1.587554400442084087e-04 -3.650557291292931161e+00
1.588691636525019907e-04 -3.657303355997290950e+00
1.589828820725390100e-04 -3.663434669371031571e+00
1.590966021385440050e-04 -3.668843044126841590e+00
1.592103312554922088e-04 -3.673454017941880423e+00
1.593240770680519130e-04 -3.677230932156533072e+00
1.594378471205550572e-04 -3.680176911919753824e+00
1.595516485195075634e-04 -3.682334607014257521e+00
1.596905864631330860e-04 -3.684018111978653920e+00
1.598017597696715171e-04 -3.684745334762932423e+00
1.599129784862440525e-04 -3.685065558496214866e+00
1.600242447279309928e-04 -3.685128666544713383e+00
1.601355591589684736e-04 -3.685093981610974012e+00
1.602469209576608375e-04 -3.685123288002532860e+00
1.603583278477644649e-04 -3.685373920764715372e+00
1.604697761981913582e-04 -3.685992387535105497e+00
1.605812611774686221e-04 -3.687108788807363258e+00
1.606927769595513692e-04 -3.688832081853771871e+00
1.608043169727553490e-04 -3.691246179338674160e+00
1.609166708726722907e-04 -3.694432258790080859e+00
1.610290348648149258e-04 -3.698401741869671522e+00
1.611414017608366024e-04 -3.703148494708353944e+00
1.612537648536418566e-04 -3.708634022823984910e+00
1.613661182133364718e-04 -3.714788419590325130e+00
1.614784569500173495e-04 -3.721512469324164130e+00
1.615907774318353825e-04 -3.728680974288880901e+00
1.617214272655934082e-04 -3.737384970880917923e+00
1.618520485858333899e-04 -3.746235097252535340e+00
1.619559999613780546e-04 -3.753203682614849601e+00
1.620599367037350456e-04 -3.759957567244538001e+00
1.621638620797596821e-04 -3.766367903024009589e+00
1.622677802454324013e-04 -3.772318129282596466e+00
1.623716960876492126e-04 -3.777709198152807701e+00
1.624756150433043504e-04 -3.782464225863801488e+00
1.625795428963833558e-04 -3.786532136061543152e+00
1.626834855486453178e-04 -3.789890038263722172e+00
1.627885587722711024e-04 -3.792568879295758144e+00
1.628936586547074627e-04 -3.794565420153085178e+00
1.629987902614760500e-04 -3.795944395046250808e+00
1.631039578868881900e-04 -3.796795671146449447e+00
1.632091648719436957e-04 -3.797230009240086801e+00
1.633144134802545810e-04 -3.797374025851122159e+00
1.634197048108784311e-04 -3.797364664830473302e+00
1.635250387524282993e-04 -3.797343475885897490e+00
1.636304139744545734e-04 -3.797450968824369166e+00
1.637461544399637615e-04 -3.797875831665251667e+00
1.638424100976940655e-04 -3.798586894441100092e+00
1.639386913259399095e-04 -3.799709899592654594e+00
1.640349941638349635e-04 -3.801312371205936458e+00
1.641313142509177999e-04 -3.803446647425604787e+00
1.642276469935159168e-04 -3.806148411767269035e+00
1.643239877135388254e-04 -3.809435605134958713e+00
1.644292318748858902e-04 -3.813694573169963409e+00
1.645344743507449158e-04 -3.818625534541487898e+00
1.646397099957916041e-04 -3.824176855856856072e+00
1.647449344179677049e-04 -3.830272530852510293e+00
1.648501441515426945e-04 -3.836814456568987453e+00
1.649553368059731618e-04 -3.843685565174694396e+00
1.650605111774318130e-04 -3.850753869989651523e+00
1.651724007343100713e-04 -3.858332045212187200e+00
1.652842711610892136e-04 -3.865796443895429313e+00
1.653961254956537723e-04 -3.872973554937706897e+00
1.655079681433993110e-04 -3.879701284275546502e+00
1.656198046825628663e-04 -3.885837400272914799e+00
1.657316416042381522e-04 -3.891267191179839546e+00
1.658434860115281866e-04 -3.895909794914668378e+00
1.659553452955405523e-04 -3.899722722202690228e+00
1.660672267980589515e-04 -3.902704216559308215e+00
1.661791374747775157e-04 -3.904893273572795920e+00
1.663099072216469643e-04 -3.906552141566529190e+00
1.664407334207075064e-04 -3.907418050363340001e+00
1.665408803107164542e-04 -3.907688144619045456e+00
1.666410652063625322e-04 -3.907746516020250915e+00
1.667412886148174377e-04 -3.907717190505080929e+00
1.668415500284314216e-04 -3.907726350994868980e+00
1.669418479116215168e-04 -3.907897690740913532e+00
1.670421797668504712e-04 -3.908347903438339710e+00
1.671425422482971062e-04 -3.909182688094651414e+00
1.672438336850435778e-04 -3.910507550533484977e+00
1.673451473293205145e-04 -3.912392915635983126e+00
1.674464779447329128e-04 -3.914894546739233316e+00
1.675478200755555998e-04 -3.918046098084635442e+00
1.676491682398119408e-04 -3.921857931454947099e+00
1.677505171445142079e-04 -3.926316611775542142e+00
1.678518619037372406e-04 -3.931385090242099256e+00
1.680003577371632609e-04 -3.939784590101773176e+00
1.681488250430841346e-04 -3.949093829405697864e+00
1.682972576139719618e-04 -3.958966088140872142e+00
1.684071739137994880e-04 -3.966405880251190119e+00
1.685170715149671790e-04 -3.973763164428121275e+00
1.686269530711616315e-04 -3.980867802436087732e+00
1.687368225687759296e-04 -3.987559084258459396e+00
1.688466851570855293e-04 -3.993694054697254359e+00
1.689565469037541360e-04 -3.999155386917276900e+00
1.690664145127136471e-04 -4.003857867386471092e+00
1.691762950232768531e-04 -4.007753014033410111e+00
1.692861954940249854e-04 -4.010831668943519723e+00
1.693961226745762153e-04 -4.013124454890321324e+00
1.695168725590123836e-04 -4.014819433405871330e+00
1.696376688378755347e-04 -4.015788140195469147e+00
1.697376548937708229e-04 -4.016167050893812096e+00
1.698376781468723096e-04 -4.016287341154795243e+00
1.699377394843759105e-04 -4.016274428783674466e+00
1.700378387216051868e-04 -4.016257662826415498e+00
1.701379746507811176e-04 -4.016365368291289428e+00
1.702381450854440577e-04 -4.016720034337554424e+00
1.703383469070724528e-04 -4.017433958595800547e+00
1.704385761980439730e-04 -4.018605471976202992e+00
1.705410108380660055e-04 -4.020359459291901416e+00
1.706434640525009063e-04 -4.022741024904454399e+00
1.707459301767461806e-04 -4.025791522528122002e+00
1.708484034879594895e-04 -4.029526982684278558e+00
1.709508784265663037e-04 -4.033937397568292837e+00
1.710533498066455947e-04 -4.038986799554256102e+00
1.711558130520700436e-04 -4.044614168686701206e+00
1.713056902824469391e-04 -4.053708198381052341e+00
1.714555340451684841e-04 -4.063515127209725186e+00
1.715680661728308405e-04 -4.071104975241505386e+00
1.716805781635606838e-04 -4.078678819642481912e+00
1.717930723054070501e-04 -4.086047192188052790e+00
1.719055524374415783e-04 -4.093028241140265422e+00
1.719989757477794249e-04 -4.098413716101226179e+00
1.720923965641590523e-04 -4.103338072134633308e+00
1.721858188701208461e-04 -4.107737130272048454e+00
1.722792469327373956e-04 -4.111565340392075107e+00
1.723544840730600891e-04 -4.114215301361353383e+00
1.724297300836955514e-04 -4.116475968384174067e+00
1.725049871988095971e-04 -4.118353904817888989e+00
1.725802575289732486e-04 -4.119864580368788332e+00
1.726555430470418974e-04 -4.121032007950264919e+00
1.727308454921410970e-04 -4.121888136812522418e+00
1.728196837723813806e-04 -4.122551352241099032e+00
1.729085496876961502e-04 -4.122910814162158211e+00
1.729974446530887469e-04 -4.123050238680483481e+00
1.730863694223202381e-04 -4.123059532718248654e+00
1.731753240618378513e-04 -4.123031879583397341e+00
1.732643080234303433e-04 -4.123060802214141063e+00
1.733533200549847175e-04 -4.123237307225641857e+00
1.734587840888611996e-04 -4.123754226842496706e+00
1.735642808370698202e-04 -4.124726405059744749e+00
1.736495300807007459e-04 -4.125919778087967948e+00
1.737347944543278044e-04 -4.127527901690851486e+00
1.738200707839673777e-04 -4.129585262738330265e+00
1.739053557521080525e-04 -4.132114309568729382e+00
1.739906460339043842e-04 -4.135124781072715194e+00
1.740759383513240677e-04 -4.138613301094684616e+00
1.741827141300250734e-04 -4.143628023984389230e+00
1.742894827740671944e-04 -4.149304552087052400e+00
1.743962396418154267e-04 -4.155552690100370761e+00
1.745029811942894638e-04 -4.162255950454487596e+00
1.746097051479516345e-04 -4.169275948941103316e+00
1.747164105579513771e-04 -4.176457950095673333e+00
1.748230978658082068e-04 -4.183637506487880131e+00
1.749297689180090085e-04 -4.190647965951641574e+00
1.750364268650639625e-04 -4.197328478594967827e+00
1.751478262885899136e-04 -4.203795805645005323e+00
1.752365470760669573e-04 -4.208478423756049303e+00
1.753252690081860536e-04 -4.212683296020379942e+00
1.754139957521642045e-04 -4.216369511404021608e+00
1.755027310974482751e-04 -4.219513439043293346e+00
1.755768752393145778e-04 -4.221719725287181646e+00
1.756510301748761367e-04 -4.223550806493211240e+00
1.757251979415903399e-04 -4.225022037284516863e+00
1.757993804210232166e-04 -4.226157092025244921e+00
1.758586980520174031e-04 -4.226843249727435747e+00
1.759180269316561564e-04 -4.227354066953759038e+00
1.759773676864000028e-04 -4.227711558220409671e+00
1.760367208843649717e-04 -4.227939745837893781e+00
1.760960868949857435e-04 -4.228064404556933553e+00
1.761656515376781840e-04 -4.228115242730964063e+00
1.762352343691757145e-04 -4.228106543597403011e+00
1.763048353658938205e-04 -4.228084542681166624e+00
1.763744542119913175e-04 -4.228095362037110228e+00
1.764440903688201676e-04 -4.228184132523984395e+00
1.765137430384063251e-04 -4.228394203199505874e+00
1.766383776430583568e-04 -4.229199194508411530e+00
1.767406263560189093e-04 -4.230390679419953059e+00
1.768428985156764654e-04 -4.232160136086626778e+00
1.769451886953475085e-04 -4.234575306715885112e+00
1.770474911537122927e-04 -4.237677962359572170e+00
1.771498001120423021e-04 -4.241482275292885795e+00
1.772521099820079603e-04 -4.245974078740215596e+00
1.773544155905544388e-04 -4.251111093229704707e+00
1.774918795436447019e-04 -4.258905449699617485e+00
1.776293193562966731e-04 -4.267501009911464749e+00
1.777667300064496227e-04 -4.276596181683495423e+00
1.778720955999920142e-04 -4.283694612215859898e+00
1.779774442670374721e-04 -4.290719257579588941e+00
1.780827783244430973e-04 -4.297507211116045056e+00
1.781881013359022030e-04 -4.303904588955612454e+00
1.782934179018260410e-04 -4.309774435215369515e+00
1.783987334479226984e-04 -4.315004147856566163e+00
1.785040540083047023e-04 -4.319511622463036993e+00
1.786093859362090268e-04 -4.323249671349380208e+00
1.787147355920263474e-04 -4.326208536564279505e+00
1.788201090793011460e-04 -4.328416377862756015e+00
1.789372929344691600e-04 -4.330068840413331621e+00
1.790545195065990590e-04 -4.331009077285237652e+00
1.791717936077986408e-04 -4.331413688627661074e+00
1.792650407824346521e-04 -4.331489590758421215e+00
1.793583204494237911e-04 -4.331468472425102689e+00
1.794516322738764981e-04 -4.331464213691458731e+00
1.795449751386337279e-04 -4.331589205618119109e+00
1.796383471276900401e-04 -4.331950409592479900e+00
1.797317455561406731e-04 -4.332645680778486330e+00
1.798251671599650084e-04 -4.333760572092557162e+00
1.799247668264575912e-04 -4.335490081294411269e+00
1.800243834258726590e-04 -4.337840278011866779e+00
1.801240116343443790e-04 -4.340850678916794436e+00
1.802236460553168006e-04 -4.344534883308419637e+00
1.803232814866883975e-04 -4.348879914658617452e+00
1.804229131133198072e-04 -4.353846428518131084e+00
1.805225366880502469e-04 -4.359369822551542484e+00
1.806680272429753305e-04 -4.368251650969977362e+00
1.808134863198519206e-04 -4.377782941109117587e+00
1.809204217425664028e-04 -4.384966642425197847e+00
1.810273395706432241e-04 -4.392103070023155809e+00
1.811342420169361454e-04 -4.399016998143610913e+00
1.812411326598527565e-04 -4.405541931307019432e+00
1.813480162426833449e-04 -4.411529021416401797e+00
1.814548984176495483e-04 -4.416855588136913369e+00
1.815617855060189321e-04 -4.421432210798456275e+00
1.816686841950669313e-04 -4.425207800309733486e+00
1.817756011787097464e-04 -4.428172443498611166e+00
1.818825428577555106e-04 -4.430357912113988661e+00
1.819987935085319141e-04 -4.431933734772163902e+00
1.821150863595111496e-04 -4.432813619445316711e+00
1.822117207681558200e-04 -4.433143398616582687e+00
1.823083891545101878e-04 -4.433234841808792126e+00
1.824050922136376447e-04 -4.433214707932613408e+00
1.825018296009421484e-04 -4.433213142626219572e+00
1.825986000519835947e-04 -4.433358487289834393e+00
1.826954013303782980e-04 -4.433772252740081576e+00
1.827922303389209588e-04 -4.434564583655995484e+00
1.828890833026663499e-04 -4.435830349587055466e+00
1.829877710338308184e-04 -4.437685524545002203e+00
1.830864740292327791e-04 -4.440169217870729490e+00
1.831851870377395599e-04 -4.443314499000816653e+00
1.832839047939108961e-04 -4.447128176217135298e+00
1.833826222882119000e-04 -4.451590367899026290e+00
1.834813349199276617e-04 -4.456654961588652597e+00
1.835800387269292434e-04 -4.462250991421376156e+00
1.837243169763941254e-04 -4.471190161965898469e+00
1.838412596242421798e-04 -4.478874128078849992e+00
1.839581804498810198e-04 -4.486710750245133106e+00
1.840555400276331786e-04 -4.493184354889669940e+00
1.841528870313965038e-04 -4.499465114553011347e+00
1.842502241723895605e-04 -4.505424208020217591e+00
1.843475549642398345e-04 -4.510945335441878257e+00
1.844448836480603476e-04 -4.515930237156875471e+00
1.845422149252127142e-04 -4.520303475534179327e+00
1.846395538226905397e-04 -4.524016116903849749e+00
1.847369054669863436e-04 -4.527048102567380106e+00
1.848360741990530875e-04 -4.529446696298521147e+00
1.849352663050213871e-04 -4.531190985588211539e+00
1.850344861458135101e-04 -4.532351844093398086e+00
1.851337373530029056e-04 -4.533025851071152523e+00
1.852330226759606169e-04 -4.533330486875145837e+00
1.853323437640938987e-04 -4.533398485098310893e+00
1.854317012126925461e-04 -4.533371677082314477e+00
1.855310944964970899e-04 -4.533394659852010733e+00
1.856318050870124495e-04 -4.533612831575749347e+00
1.857325479009452928e-04 -4.534163538469000443e+00
1.858333191664047525e-04 -4.535168709298666556e+00
1.859155104147923389e-04 -4.536396445839116609e+00
1.859977147526625752e-04 -4.538037812797664827e+00
1.860799291885834083e-04 -4.540124212554665029e+00
1.861621506700370725e-04 -4.542674602354058955e+00
1.862443761136432286e-04 -4.545694847779530257e+00
1.863266025618896034e-04 -4.549177407113092819e+00
1.864336115184315231e-04 -4.554366200195665293e+00
1.865406119833014234e-04 -4.560223234900209199e+00
1.866475995309376619e-04 -4.566636413538537553e+00
1.867545709599507269e-04 -4.573464627556771411e+00
1.868615245455885229e-04 -4.580544020501615243e+00
1.869684600796399972e-04 -4.587695657504694324e+00
1.870753788388143299e-04 -4.594734423581579463e+00
1.871822835942973625e-04 -4.601478752231598079e+00
1.872891784718588349e-04 -4.607760606319319940e+00
1.873781570578650932e-04 -4.612531840558569129e+00
1.874671358623052921e-04 -4.616814429906291650e+00
1.875561186577241540e-04 -4.620559156372905818e+00
1.876451093540542508e-04 -4.623736854058454249e+00
1.877341118901666218e-04 -4.626339636369166897e+00
1.878231300618414177e-04 -4.628381204677187277e+00
1.879121674337458359e-04 -4.629896228769583288e+00
1.880409726601231480e-04 -4.631269408078662941e+00
1.881434910315994322e-04 -4.631806260524372831e+00
1.882460464072768520e-04 -4.632000761254820631e+00
1.883486401090632683e-04 -4.632007477257250372e+00
1.884512722051426379e-04 -4.631988413814524641e+00
1.885539414797932913e-04 -4.632105355397438728e+00
1.886566453937827596e-04 -4.632512368277312831e+00
1.887593803268673438e-04 -4.633348906317364957e+00
1.888621417041583175e-04 -4.634733838130816963e+00
1.889649241623150768e-04 -4.636760517898625089e+00
1.890677218901657926e-04 -4.639492937267363892e+00
1.891710786297636654e-04 -4.642983572539591819e+00
1.892744386373653527e-04 -4.647217989595486820e+00
1.893777962529044991e-04 -4.652159933599959274e+00
1.894811464196665361e-04 -4.657739829039479140e+00
1.895844850174758004e-04 -4.663857351296820219e+00
1.896878090373975022e-04 -4.670385414981709005e+00
1.897911166536449680e-04 -4.677175554076715258e+00
1.898952227457303184e-04 -4.684118907891400063e+00
1.899993127092416338e-04 -4.690988474899298488e+00
1.901033888090446721e-04 -4.697611602608191106e+00
1.902074546154155609e-04 -4.703826338145008279e+00
1.903115147684466472e-04 -4.709490310192971485e+00
1.904155747134537058e-04 -4.714488773471251726e+00
1.905196405102909068e-04 -4.718741231777072720e+00
1.906237184694025506e-04 -4.722206135831402918e+00
1.907278148562080000e-04 -4.724883290225982968e+00
1.908319356056956768e-04 -4.726813791923848207e+00
1.909553902899845525e-04 -4.728246781876926264e+00
1.910579887395804548e-04 -4.728863740372563740e+00
1.911606236462319933e-04 -4.729107478350941918e+00
1.912632965742611633e-04 -4.729134094320524007e+00
1.913660077931785886e-04 -4.729108863464134949e+00
1.914687562842895920e-04 -4.729198132579083058e+00
1.915715396506138541e-04 -4.729561320989711604e+00
1.916743543672641786e-04 -4.730343548765628015e+00
1.917771959226216767e-04 -4.731669229924754916e+00
1.918800589647063671e-04 -4.733636751466621995e+00
1.919829376644174032e-04 -4.736314288395889527e+00
1.920858259322558712e-04 -4.739736835885135946e+00
1.921930856872049523e-04 -4.744097599680292099e+00
1.923003429137029249e-04 -4.749227471984521110e+00
1.924075919495419717e-04 -4.755046016594890013e+00
1.925148282418576325e-04 -4.761436130481960127e+00
1.926220485734290381e-04 -4.768249243185369579e+00
1.927292511556668111e-04 -4.775312323074910381e+00
1.928364358337638490e-04 -4.782436534413665008e+00
1.929436040850894313e-04 -4.789427221899504872e+00
1.930507588469427790e-04 -4.796094721011413320e+00
1.931590042527623794e-04 -4.802326194670446746e+00
1.932441812088523075e-04 -4.806772864003804102e+00
1.933293590065705164e-04 -4.810752752911090724e+00
1.934145410491646875e-04 -4.814224390161147227e+00
1.934997308086663481e-04 -4.817164410924834606e+00
1.935725242034101268e-04 -4.819251458418012390e+00
1.936453278809547479e-04 -4.820956279509485576e+00
1.937181438338498099e-04 -4.822297223314953918e+00
1.937909738777639950e-04 -4.823302068901596407e+00
1.938473120449697815e-04 -4.823871159304130352e+00
1.939036602600145937e-04 -4.824281187075261990e+00
1.939600190076743065e-04 -4.824554794521278112e+00
1.940163887280915256e-04 -4.824716464680560257e+00
1.940727697570721240e-04 -4.824792271217880568e+00
1.941396691673472313e-04 -4.824808390957123549e+00
1.942065848188489097e-04 -4.824788933211509701e+00
1.942735165093870066e-04 -4.824781321841571824e+00
1.943404638346000817e-04 -4.824832382303767098e+00
1.944074261755012313e-04 -4.824987392766301397e+00
1.944744026176365586e-04 -4.825289229370507194e+00
1.945827474410682684e-04 -4.826187863813095724e+00
1.946911208497705491e-04 -4.827717511644246784e+00
1.947995164380123391e-04 -4.829988359474616466e+00
1.949079272254201109e-04 -4.833070912368127026e+00
1.950163460236628522e-04 -4.836992575250434356e+00
1.951247659037710393e-04 -4.841736066778468128e+00
1.952331805116586051e-04 -4.847239793552924780e+00
1.953701614810899960e-04 -4.855117492614186681e+00
1.955071176838082112e-04 -4.863750060585431356e+00
1.956127462958813859e-04 -4.870696736301080243e+00
1.957183576762827962e-04 -4.877691714336979345e+00
1.958239532681013901e-04 -4.884545377438331393e+00
1.959295360508910542e-04 -4.891073347195765031e+00
1.960216424236200779e-04 -4.896370139157453671e+00
1.961137457232942430e-04 -4.901194791106830095e+00
1.962058499384785617e-04 -4.905470965523486271e+00
1.962796032997096371e-04 -4.908462704984241753e+00
1.963533622761521604e-04 -4.911052824149444440e+00
1.964271291611248242e-04 -4.913237231364147029e+00
1.965009061499496234e-04 -4.915022940062100609e+00
1.965746953793757502e-04 -4.916427907571756961e+00
1.966484987370787133e-04 -4.917480535574074274e+00
1.967402997243554864e-04 -4.918356061064818263e+00
1.968321278433380500e-04 -4.918836794614286134e+00
1.969239850767274353e-04 -4.919029337788320966e+00
1.970158724256073257e-04 -4.919051327158372011e+00
1.971077901487054392e-04 -4.919026400846766123e+00
1.971997375042600618e-04 -4.919079090185985770e+00
1.972917129391740516e-04 -4.919329822468218261e+00
1.973935065991779165e-04 -4.919971802845903852e+00
1.974778707128924864e-04 -4.920886086193033471e+00
1.975622507384999262e-04 -4.922214214437178548e+00
1.976466434978243602e-04 -4.924004596087751651e+00
1.977310456801508322e-04 -4.926290337566029187e+00
1.978154538601369214e-04 -4.929088205333021833e+00
1.978998646736073428e-04 -4.932398007280194285e+00
1.979976034403590644e-04 -4.936846502153793281e+00
1.980953369397701316e-04 -4.941902992014147067e+00
1.981930613087147150e-04 -4.947484806393148027e+00
1.982907736686706328e-04 -4.953484500977636706e+00
1.983884720392559077e-04 -4.959774202620674366e+00
1.984861556320267125e-04 -4.966211008817841943e+00
1.985838247988204756e-04 -4.972643361020705477e+00
1.986814809506325954e-04 -4.978918162677474335e+00
1.987791266892917905e-04 -4.984888284928118196e+00
1.988860567689558620e-04 -4.990920074222124470e+00
1.989693521434203385e-04 -4.995158788560877028e+00
1.990526489003169883e-04 -4.998934976918736339e+00
1.991359502647081455e-04 -5.002211653389894153e+00
1.992192595356029881e-04 -5.004969631272717656e+00
1.992971720624128198e-04 -5.007079029129077874e+00
1.993750969358197578e-04 -5.008749283699876820e+00
1.994530365900354341e-04 -5.010008158933755062e+00
1.995113095021280902e-04 -5.010703569806832292e+00
1.995695926337097653e-04 -5.011212925108123883e+00
1.996278866672893050e-04 -5.011560826206655328e+00
1.996861920828998504e-04 -5.011774336784907469e+00
1.997445093312748190e-04 -5.011882694178164677e+00
1.998096115377131121e-04 -5.011917346953588037e+00
1.998747288924723709e-04 -5.011904144299894170e+00
1.999398613865255552e-04 -5.011888546496837904e+00
2.000050086334501358e-04 -5.011915733270257078e+00
2.000701701397790020e-04 -5.012029683660344404e+00
2.001353451612471526e-04 -5.012272348778139985e+00
2.002573679781540145e-04 -5.013205624302423224e+00
2.003535853443365160e-04 -5.014500141948924572e+00
2.004498207281098818e-04 -5.016379220394326488e+00
2.005460692055469605e-04 -5.018899748749786838e+00
2.006423257204354403e-04 -5.022090417047084365e+00
2.007385852357235993e-04 -5.025950414189313875e+00
2.008348430601096198e-04 -5.030449219846369502e+00
2.009310949280589348e-04 -5.035527570362006600e+00
2.010688987737909534e-04 -5.043632651970062497e+00
2.011822586944051166e-04 -5.050825366000647243e+00
2.012955989446739847e-04 -5.058255547298139199e+00
2.013898375569115272e-04 -5.064443076681153677e+00
2.014840640893826292e-04 -5.070488929938630207e+00
2.015782807192223361e-04 -5.076258074858090552e+00
2.016724905939875159e-04 -5.081626944477373620e+00
2.017666974475045949e-04 -5.086489627932453850e+00
2.018609056510975951e-04 -5.090763317121060894e+00
2.019551198519101891e-04 -5.094392579399666943e+00
2.020493448861771153e-04 -5.097352200488400875e+00
2.021435854544754594e-04 -5.099648456005313690e+00
2.022459824146696197e-04 -5.101435427907967224e+00
2.023484079611829372e-04 -5.102570844287290797e+00
2.024508661561849306e-04 -5.103176614276735634e+00
2.025533599337561231e-04 -5.103402474127724631e+00
2.026558907804203906e-04 -5.103417282455840365e+00
2.027584589074172606e-04 -5.103399609017663430e+00
2.028610630109403592e-04 -5.103528144295121471e+00
2.029685958359684402e-04 -5.104003475550711322e+00
2.030554069098212402e-04 -5.104759537200691533e+00
2.031422359698154521e-04 -5.105932577110948500e+00
2.032290797286132262e-04 -5.107584256091941555e+00
2.033159345419128779e-04 -5.109758646248027780e+00
2.034027966898467317e-04 -5.112480665045348260e+00
2.034896624160452232e-04 -5.115755102637727703e+00
2.035847000407131223e-04 -5.119951453344975256e+00
2.036797333665581677e-04 -5.124742152565035624e+00
2.037747587772482450e-04 -5.130052341446700304e+00
2.038697733086475544e-04 -5.135783078050323525e+00
2.039647750786868882e-04 -5.141815279191042976e+00
2.040597630617098531e-04 -5.148014667198328453e+00
2.041547374050468931e-04 -5.154237652530383684e+00
2.042496992613353744e-04 -5.160337948626166238e+00
2.043446507627123202e-04 -5.166173593698831112e+00
2.044507805336476258e-04 -5.172224339996382980e+00
2.045347993376082603e-04 -5.176560845054660298e+00
2.046188189253004544e-04 -5.180429631031595150e+00
2.047028425758779034e-04 -5.183788110122920401e+00
2.047868737364592017e-04 -5.186612983905800611e+00
2.048598444584496712e-04 -5.188630187375572689e+00
2.049328255531571760e-04 -5.190253881258917623e+00
2.050058190771483844e-04 -5.191505698697474358e+00
2.050646710852520934e-04 -5.192265133676586153e+00
2.051235331974960374e-04 -5.192825244018933972e+00
2.051824061343236153e-04 -5.193211370473992616e+00
2.052412904368860710e-04 -5.193451789763268600e+00
2.053001866180188654e-04 -5.193577298681731236e+00
2.053649415973452408e-04 -5.193621671935533257e+00
2.054297113910381466e-04 -5.193612101171130035e+00
2.054944960225598533e-04 -5.193594948988126347e+00
2.055592951209248649e-04 -5.193616413059838344e+00
2.056241082167162499e-04 -5.193721543991617118e+00
2.056889345928228775e-04 -5.193953363134736989e+00
2.058095434291197317e-04 -5.194856342183362230e+00
2.059041729639000376e-04 -5.196112711901366588e+00
2.059988197817543768e-04 -5.197942312226266459e+00
2.060934791682533004e-04 -5.200401558700517235e+00
2.061881462443022840e-04 -5.203518842905333841e+00
2.062828161940512706e-04 -5.207293227614324671e+00
2.063774844699823804e-04 -5.211694257065079050e+00
2.064721470242614155e-04 -5.216662953771420419e+00
2.066082353954237186e-04 -5.224625872916150549e+00
2.067192413120899771e-04 -5.231628448665955666e+00
2.068302285766322550e-04 -5.238854832101796255e+00
2.069411975961701487e-04 -5.246071446521910708e+00
2.070296849609464820e-04 -5.251661708258756001e+00
2.071181642189398023e-04 -5.256981250602681399e+00
2.072066380040722157e-04 -5.261926527966305223e+00
2.072951096048143195e-04 -5.266409289671298843e+00
2.073835826457818307e-04 -5.270360708994179078e+00
2.074720610807290655e-04 -5.273734670185024953e+00
2.075605489093326989e-04 -5.276509968515660454e+00
2.076542305088420362e-04 -5.278801035803141417e+00
2.077479314809461291e-04 -5.280463595052027337e+00
2.078416558193968129e-04 -5.281564560746352832e+00
2.079354066934784213e-04 -5.282197354706744008e+00
2.080291866166561119e-04 -5.282477013935610977e+00
2.081229969891354112e-04 -5.282534354040564928e+00
2.082168383422810934e-04 -5.282509531069774944e+00
2.083107100790241879e-04 -5.282545360362473907e+00
2.084053770222249035e-04 -5.282783476217113083e+00
2.085000706932038401e-04 -5.283355960812922802e+00
2.085947876216380644e-04 -5.284378794358097764e+00
2.086722464153526651e-04 -5.285616933036435761e+00
2.087497155222961607e-04 -5.287259277128785406e+00
2.088271923100896174e-04 -5.289332603475394023e+00
2.089046740960815438e-04 -5.291850698098054195e+00
2.089821581846456114e-04 -5.294813803481741132e+00
2.090596420591622577e-04 -5.298208445602397454e+00
2.091653710112889185e-04 -5.303486303718134565e+00
2.092710901032454173e-04 -5.309410012233069409e+00
2.093767953823731870e-04 -5.315834703005160478e+00
2.094824845383561453e-04 -5.322584403220180782e+00
2.095881567831121546e-04 -5.329461720710378714e+00
2.096938129957573579e-04 -5.336259180289960824e+00
2.097890974568636445e-04 -5.342151368884890061e+00
2.098843738049783157e-04 -5.347671980415776183e+00
2.099796458505895109e-04 -5.352698402472221950e+00
2.100567864048644823e-04 -5.356337317803860465e+00
2.101339295582341129e-04 -5.359549117671645213e+00
2.102110779458112608e-04 -5.362310286191513065e+00
2.102882342590849660e-04 -5.364612209924015218e+00
2.103654011397598192e-04 -5.366461608023188390e+00
2.104425810139452097e-04 -5.367880379154406079e+00
2.105501861624595747e-04 -5.369210174379082545e+00
2.106578259637215979e-04 -5.369914609232852243e+00
2.107458721282196067e-04 -5.370149488183827202e+00
2.108339450780565092e-04 -5.370196102446122666e+00
2.109220451784909914e-04 -5.370172468316419589e+00
2.110101719547491871e-04 -5.370198742967756900e+00
2.110983241427574525e-04 -5.370392253906201674e+00
2.111864997345043547e-04 -5.370862662450431202e+00
2.112746960500216941e-04 -5.371707625347879045e+00
2.113630264145547905e-04 -5.373011162447583366e+00
2.114513706753577097e-04 -5.374835905316769136e+00
2.115397249050218417e-04 -5.377224129287823118e+00
2.116280851120732058e-04 -5.380195261125618522e+00
2.117164473154517729e-04 -5.383745047502971559e+00
2.118048078709544666e-04 -5.387845567715763728e+00
2.118931633995245684e-04 -5.392446103397022128e+00
2.120280063488994709e-04 -5.400264296843858780e+00
2.121390808277707964e-04 -5.407217433176724874e+00
2.122501367990835448e-04 -5.414394500762691465e+00
2.123411561167889896e-04 -5.420274883405550526e+00
2.124321644623132629e-04 -5.426008100214519736e+00
2.125231640574692948e-04 -5.431464855793688429e+00
2.126141577152667304e-04 -5.436527609620904755e+00
2.127051490378164753e-04 -5.441096519676587917e+00
2.127961419962160958e-04 -5.445094626091438350e+00
2.128871409491041235e-04 -5.448471845356243293e+00
2.129781502846993236e-04 -5.451207536724423264e+00
2.130710977711435916e-04 -5.453349389907515388e+00
2.131640648647258756e-04 -5.454875301782556640e+00
2.132570553916773642e-04 -5.455858065940656587e+00
2.133500723126970447e-04 -5.456396651303299983e+00
2.134431179358046863e-04 -5.456610937495413260e+00
2.135361933768549578e-04 -5.456635529806859175e+00
2.136292989812436905e-04 -5.456613030473533854e+00
2.137224338175753799e-04 -5.456687137728881254e+00
2.138244942868326465e-04 -5.457041705283649513e+00
2.139265840776378698e-04 -5.457841964419798408e+00
2.140063100274188954e-04 -5.458868203417981846e+00
2.140860483836956737e-04 -5.460304457798394573e+00
2.141657963443386096e-04 -5.462188976081056246e+00
2.142455509314679330e-04 -5.464545125445955165e+00
2.143253092024051268e-04 -5.467380463113505229e+00
2.144050682866028039e-04 -5.470686269351400455e+00
2.145032225614381673e-04 -5.475362468249115544e+00
2.146013696489438606e-04 -5.480634625461450860e+00
2.146995060392943425e-04 -5.486392839271295507e+00
2.147976293059813187e-04 -5.492500575411918717e+00
2.148957382998648697e-04 -5.498801271476619235e+00
2.149938330022640022e-04 -5.505126233660299739e+00
2.150919148703631871e-04 -5.511303590785010087e+00
2.151899863388503464e-04 -5.517167836058393782e+00
2.152944476939191976e-04 -5.522903277789377618e+00
2.153744853868774756e-04 -5.526847632362137830e+00
2.154545245940232107e-04 -5.530344076117859053e+00
2.155345682359367928e-04 -5.533358357374866365e+00
2.156146193596615525e-04 -5.535874093864221912e+00
2.156946809589924531e-04 -5.537893543700322496e+00
2.157747558307997063e-04 -5.539437587590527734e+00
2.158814766341805446e-04 -5.540824987022894277e+00
2.159882307000453229e-04 -5.541573332379941874e+00
2.160756442112322180e-04 -5.541832358022506178e+00
2.161630837613199934e-04 -5.541891595836981210e+00
2.162505498054326518e-04 -5.541869707049800198e+00
2.163380419134788737e-04 -5.541888056456791389e+00
2.164255589317247040e-04 -5.542065548024847743e+00
2.165130988716859226e-04 -5.542513579790064426e+00
2.166006591653131866e-04 -5.543331505179358132e+00
2.166882366004590696e-04 -5.544602770186633833e+00
2.167789302994854673e-04 -5.546465205443777968e+00
2.168696342564023765e-04 -5.548929567780722216e+00
2.169603441274297684e-04 -5.552016087384468612e+00
2.170510555887140037e-04 -5.555717244076399552e+00
2.171417647015469173e-04 -5.559997903906318761e+00
2.172324679073666981e-04 -5.564796554382802185e+00
2.173231624208500775e-04 -5.570027644134452949e+00
2.174351074546320057e-04 -5.576922590994572104e+00
2.175470341058655479e-04 -5.584081551085633421e+00
2.176368430748025170e-04 -5.589845921783027194e+00
2.177266413608432139e-04 -5.595482592507738495e+00
2.178164308250352772e-04 -5.600862573842602110e+00
2.179062142651212676e-04 -5.605867861168307265e+00
2.179959949748462632e-04 -5.610397362076484207e+00
2.180857768630362721e-04 -5.614372201159353537e+00
2.181755640473142036e-04 -5.617739883177855553e+00
2.182653608506291473e-04 -5.620477010501034876e+00
2.183569087849516783e-04 -5.622625355484693443e+00
2.184484752482102716e-04 -5.624164905556760630e+00
2.185400638803591236e-04 -5.625164876121124813e+00
2.186316777212361198e-04 -5.625720728143348559e+00
2.187233189072316630e-04 -5.625949057010158683e+00
2.188149887607119604e-04 -5.625981527127015269e+00
2.189066874909769019e-04 -5.625958230003444527e+00
2.189984144537305915e-04 -5.626020838367627341e+00
2.190957598954188759e-04 -5.626332754024716998e+00
2.191931321077659838e-04 -5.627043349920662685e+00
2.192723904947015536e-04 -5.628005364222767426e+00
2.193516613794689130e-04 -5.629371402061779328e+00
2.194309419586075276e-04 -5.631182039552511398e+00
2.195102293035174079e-04 -5.633462591202108349e+00
2.195895205071608520e-04 -5.636222150585309620e+00
2.196688126819708027e-04 -5.639453103143619472e+00
2.197648499077050645e-04 -5.643961935830804855e+00
2.198608804909758915e-04 -5.649052048851295638e+00
2.199569011028928978e-04 -5.654618626688631799e+00
2.200529093647488261e-04 -5.660530949874190476e+00
2.201489041404813764e-04 -5.666638703354531792e+00
2.202448853341790159e-04 -5.672779517097006341e+00
2.203408542538398338e-04 -5.678787517314105138e+00
2.204368131206989074e-04 -5.684502451176133953e+00
2.205405599448313867e-04 -5.690185140127049124e+00
2.206203703672085124e-04 -5.694110319221032945e+00
2.207001821359683331e-04 -5.697587849194293064e+00
2.207799981724205545e-04 -5.700582053976487984e+00
2.208598214963451863e-04 -5.703075724237224975e+00
2.209396551337948630e-04 -5.705071925240484454e+00
2.210195018642146885e-04 -5.706591797113046205e+00
2.210806773931233283e-04 -5.707456553036429625e+00
2.211418631920044492e-04 -5.708088836167890534e+00
2.212030600684423835e-04 -5.708518467902456095e+00
2.212529365585422421e-04 -5.708741950653041464e+00
2.213028212495448668e-04 -5.708873561946802511e+00
2.213527142894680319e-04 -5.708934830506987801e+00
2.214026158103440619e-04 -5.708948179849115512e+00
2.214525259231787523e-04 -5.708936639096885202e+00
2.215219400022198297e-04 -5.708922887138920821e+00
2.215913700282091232e-04 -5.708968251096597335e+00
2.216608153812823926e-04 -5.709133072224801708e+00
2.217302749308481136e-04 -5.709474008281928192e+00
2.217997473937665135e-04 -5.710042572160427099e+00
2.218692312702965329e-04 -5.710883860483518148e+00
2.219548999213667110e-04 -5.712351328788027871e+00
2.220405797233194881e-04 -5.714342199303779957e+00
2.221262669584052048e-04 -5.716887075482250502e+00
2.222119578933985163e-04 -5.719993678414415861e+00
2.222976490132875192e-04 -5.723646496889651658e+00
2.223833369633067465e-04 -5.727807194621393094e+00
2.224690190183667025e-04 -5.732415864171865216e+00
2.225970163039894052e-04 -5.739960025653497944e+00
2.226996466939316173e-04 -5.746381986002341513e+00
2.228022615138501789e-04 -5.752924988740183210e+00
2.229048616881893678e-04 -5.759384239412235651e+00
2.229998932862701600e-04 -5.765117489875576595e+00
2.230949173602745381e-04 -5.770457932475456353e+00
2.231899378208256567e-04 -5.775277609720494532e+00
2.232643328052853467e-04 -5.778621297916471278e+00
2.233387306999171670e-04 -5.781550421098089920e+00
2.234131339836606704e-04 -5.784045972519606060e+00
2.234875450886308857e-04 -5.786103513949493404e+00
2.235619663720814741e-04 -5.787733498430901236e+00
2.236364001129286677e-04 -5.788960998504594890e+00
2.237411546977680619e-04 -5.790083250592672037e+00
2.238459422943853106e-04 -5.790634562967110099e+00
2.239308903871623619e-04 -5.790788533692039053e+00
2.240158630471912376e-04 -5.790798349912289922e+00
2.241008601826238321e-04 -5.790779309639373373e+00
2.241858812650460544e-04 -5.790847249352681025e+00
2.242709247483799957e-04 -5.791113674588650895e+00
2.243559886532536676e-04 -5.791681071082121157e+00
2.244410702600851590e-04 -5.792638759914791713e+00
2.245275598185794328e-04 -5.794086889262595186e+00
2.246140608427588516e-04 -5.796069033823146199e+00
2.247005694823887227e-04 -5.798618043958266632e+00
2.247870819434633820e-04 -5.801742446114352525e+00
2.248735944958145285e-04 -5.805425975087059598e+00
2.249601038001252209e-04 -5.809628063524799657e+00
2.250466069458223635e-04 -5.814285289986034222e+00
2.251666162561806125e-04 -5.821341399498209945e+00
2.252866054636143824e-04 -5.828833938106407153e+00
2.253777688392893193e-04 -5.834624140380918256e+00
2.254689206907027578e-04 -5.840336835965429962e+00
2.255600629024973947e-04 -5.845828810347895477e+00
2.256511979456468512e-04 -5.850966771340824657e+00
2.257423293077671662e-04 -5.855634544332880331e+00
2.258334608642884273e-04 -5.859739690860926054e+00
2.259245970185629645e-04 -5.863218795714686848e+00
2.260157422859928277e-04 -5.866040995574758554e+00
2.261069011140408682e-04 -5.868209634552388643e+00
2.262029289404065310e-04 -5.869828468395912324e+00
2.262989807401848857e-04 -5.870845616469487105e+00
2.263950600932680387e-04 -5.871376692873699454e+00
2.264911693040921458e-04 -5.871564112322920970e+00
2.265873097493328631e-04 -5.871568528401756026e+00
2.266834813212101135e-04 -5.871559523663020030e+00
2.267796828769646697e-04 -5.871706100770957448e+00
2.268835465028449475e-04 -5.872221028620830729e+00
2.269660104917215274e-04 -5.873008715731216967e+00
2.270484891631877782e-04 -5.874211680343222497e+00
2.271309795092659898e-04 -5.875885740256556744e+00
2.272134782019774818e-04 -5.878068045998655400e+00
2.272959819092185097e-04 -5.880775605677311724e+00
2.273784873597170671e-04 -5.884004486159699177e+00
2.274704193220105611e-04 -5.888185393658156741e+00
2.275623458546158890e-04 -5.892918543350565308e+00
2.276542637222559601e-04 -5.898111937602653398e+00
2.277461708494442089e-04 -5.903649513613442146e+00
2.278380657988256534e-04 -5.909396553780986494e+00
2.279299485304167063e-04 -5.915206195484005391e+00
2.280218197014237261e-04 -5.920926857105154539e+00
2.281136813204610707e-04 -5.926410232300647785e+00
2.282165133131764138e-04 -5.932100105142250612e+00
2.282974565876897755e-04 -5.936141087765874680e+00
2.283784004587557025e-04 -5.939727620363861149e+00
2.284593480374047254e-04 -5.942816661281096202e+00
2.285266823641995417e-04 -5.944990133980077474e+00
2.285940232749198743e-04 -5.946802000157678236e+00
2.286613725322911598e-04 -5.948261294927379872e+00
2.287287318511080185e-04 -5.949387199274121407e+00
2.287961026501050463e-04 -5.950208440920651043e+00
2.288634862419130741e-04 -5.950762399544177406e+00
2.289414646368009062e-04 -5.951129082130751868e+00
2.290194626962456677e-04 -5.951277831962983988e+00
2.290974812416670596e-04 -5.951295866735218709e+00
2.291755202905236370e-04 -5.951274729251794682e+00
2.292535794360448355e-04 -5.951306848612547107e+00
2.293316577693890225e-04 -5.951482125662718836e+00
2.294097537084201373e-04 -5.951884679640707887e+00
2.294928241454555792e-04 -5.952646429104071935e+00
2.295759095925976499e-04 -5.953826831093187444e+00
2.296590069716879343e-04 -5.955484932904870909e+00
2.297421129281271193e-04 -5.957660074064476952e+00
2.298252239839846691e-04 -5.960370340254783628e+00
2.299083368080896597e-04 -5.963611778201165059e+00
2.299914481989524806e-04 -5.967358407504595341e+00
2.301123988717577345e-04 -5.973612551991483777e+00
2.302333337103455062e-04 -5.980616127527563108e+00
2.303339471688680415e-04 -5.986808936747154419e+00
2.304345458639224054e-04 -5.993130390751927550e+00
2.305351307438759860e-04 -5.999378783484410782e+00
2.306357038911071341e-04 -6.005354567177523251e+00
2.307362690634584112e-04 -6.010874753502972290e+00
2.308368308731323371e-04 -6.015785795519134282e+00
2.309121382555852310e-04 -6.018995552925168191e+00
2.309874493238884695e-04 -6.021775000137941980e+00
2.310627665624728723e-04 -6.024120091285249501e+00
2.311363061452682659e-04 -6.026009943490942433e+00
2.312098557852200747e-04 -6.027546733525080747e+00
2.312596581240415540e-04 -6.028416966127798204e+00
2.313094662977567995e-04 -6.029180493450648548e+00
2.313503104282288979e-04 -6.029747761048780852e+00
2.313911586474551253e-04 -6.030281168299295835e+00
2.314320110013150960e-04 -6.030798986310515808e+00
2.314728675298755554e-04 -6.031319288542875690e+00
2.315137281576482768e-04 -6.031859161537910907e+00
2.315814682408170956e-04 -6.032836675263153481e+00
2.316373485248728395e-04 -6.033753061001998930e+00
2.316932350672308094e-04 -6.034788490916286996e+00
2.317491273127875433e-04 -6.035948250873665266e+00
2.318050246892595554e-04 -6.037228535544626240e+00
2.318503844640555872e-04 -6.038348984345456749e+00
2.318957470143407132e-04 -6.039533476944135337e+00
2.319411121703927328e-04 -6.040772837441103604e+00
2.319864797640366016e-04 -6.042057900164433448e+00
2.320318496286112554e-04 -6.043380001421342129e+00
2.320852857066238711e-04 -6.044973989111090518e+00
2.321387246813840530e-04 -6.046597588615669316e+00
2.321921664640740404e-04 -6.048242037192962606e+00
2.322456109744585359e-04 -6.049900571656141146e+00
2.322990581818018172e-04 -6.051568120688193275e+00
2.323525080728241967e-04 -6.053240998100504200e+00
2.324584636007760437e-04 -6.056564687554686799e+00
2.325644296177932090e-04 -6.059888487349563313e+00
2.326704061650650753e-04 -6.063207621783199386e+00
2.327763932867906078e-04 -6.066521688495695841e+00
2.328823910229279963e-04 -6.069831754625099052e+00
2.329883994002699635e-04 -6.073138985930799372e+00
2.330990441084266945e-04 -6.076588443219614888e+00
2.332097004392592020e-04 -6.080036506079716574e+00
2.333203683996240888e-04 -6.083483653385518330e+00
2.334310479930024572e-04 -6.086930179765919213e+00
2.335417392208282729e-04 -6.090376250952441950e+00
2.338287129796355612e-04 -6.099306874367254494e+00
2.341157649124999210e-04 -6.108235418136239048e+00
2.344028950181413159e-04 -6.117161920906180050e+00
2.346901032960163711e-04 -6.126086248883116703e+00
2.349773897460102966e-04 -6.135008328880217299e+00
2.356986217439928843e-04 -6.157386651817430945e+00
2.364203459591845751e-04 -6.179750659670265378e+00
2.371425623915556348e-04 -6.202100243803865709e+00
2.378652710413092970e-04 -6.224435282077987353e+00
2.385884719084192156e-04 -6.246755623484401276e+00
2.400912567731250087e-04 -6.293040413456291837e+00
2.415961625565839796e-04 -6.339259847800597925e+00
2.431031892585641630e-04 -6.385412621388838694e+00
2.446123368789966039e-04 -6.431497513267122379e+00
2.461236054179101419e-04 -6.477513340236103367e+00
2.476369948753172996e-04 -6.523458939819200886e+00
2.481807291818008496e-04 -6.539933336949286691e+00
2.481807292589456289e-04 -6.539933339285425973e+00
2.481807293360904624e-04 -6.539933341621565255e+00
2.481807294132351875e-04 -6.539933343957704537e+00
2.481807301846834140e-04 -6.539933367319098245e+00
2.481807309561316946e-04 -6.539933390680491954e+00
2.481807317275794332e-04 -6.539933414041885662e+00
2.481807324990277139e-04 -6.539933437403279370e+00
2.481807391882298033e-04 -6.539933639969187418e+00
2.481807458774321095e-04 -6.539933842535094577e+00
2.481807525666345242e-04 -6.539934045100999960e+00
2.481807592558367762e-04 -6.539934247666904454e+00
2.481808202740755777e-04 -6.539936095452843823e+00
2.481808812923183365e-04 -6.539937943238666840e+00
2.481809423105642396e-04 -6.539939791024373505e+00
2.481810033288136120e-04 -6.539941638809963820e+00
2.481811244417669914e-04 -6.539945306413225801e+00
2.481812455547335438e-04 -6.539948974016029482e+00
2.481813666677142993e-04 -6.539952641618374862e+00
2.481814877807082278e-04 -6.539956309220261055e+00
2.481816088937159256e-04 -6.539959976821688947e+00
2.481819803630129799e-04 -6.539971225825362389e+00
2.481823518324374278e-04 -6.539982474824723724e+00
2.481827233019893780e-04 -6.539993723819772065e+00
2.481830947716688845e-04 -6.540004972810507411e+00
2.481834662414757848e-04 -6.540016221796929763e+00
2.481838377114097536e-04 -6.540027470779039120e+00
2.481847854186657954e-04 -6.540056169543667863e+00
2.481857331267513602e-04 -6.540084868280224839e+00
2.481866808356665024e-04 -6.540113566988709159e+00
2.481876285454115471e-04 -6.540142265669120825e+00
2.481885762559860606e-04 -6.540170964321459834e+00
2.481895239673904225e-04 -6.540199662945725301e+00
2.481932540803142564e-04 -6.540312617816844920e+00
2.481969842060912528e-04 -6.540425572253050213e+00
2.482007143447217371e-04 -6.540538526254325191e+00
2.482044444962053838e-04 -6.540651479820652980e+00
2.482081746605424642e-04 -6.540764432952017593e+00
2.482119048377327071e-04 -6.540877385648403042e+00
2.482177090767938212e-04 -6.541053140928973164e+00
2.482235133469753866e-04 -6.541228895156277368e+00
2.482293176482768611e-04 -6.541404648330253480e+00
2.482351219806987869e-04 -6.541580400450841992e+00
2.482409263442406219e-04 -6.541756151517979845e+00
2.482467307389025829e-04 -6.541931901531606641e+00
2.482525351646848867e-04 -6.542107650491660209e+00
2.482628983176253805e-04 -6.542421425637455101e+00
2.482732615697638679e-04 -6.542735197424376814e+00
2.482836249210993189e-04 -6.543048965852077181e+00
2.482939883716325465e-04 -6.543362730920208037e+00
2.483043519213630089e-04 -6.543676492628421215e+00
2.483147155702911395e-04 -6.543990250976368550e+00
2.483250793184158542e-04 -6.544304005963701876e+00
2.483396638408677829e-04 -6.544745531065000677e+00
2.483542485597638096e-04 -6.545187049509469723e+00
2.483688334751047474e-04 -6.545628561296140013e+00
2.483834185868896748e-04 -6.546070066424042544e+00
2.483980038951189170e-04 -6.546511564892209201e+00
2.484125893997931244e-04 -6.546953056699671869e+00
2.484271751009119720e-04 -6.547394541845463323e+00
2.484466793583962928e-04 -6.547984883886993401e+00
2.484661839671431440e-04 -6.548575214012781309e+00
2.484856889271532844e-04 -6.549165532220516894e+00
2.485051942384254131e-04 -6.549755838507890005e+00
2.485246999009593132e-04 -6.550346132872594040e+00
2.485442059147547678e-04 -6.550936415312319738e+00
2.485637122798113434e-04 -6.551526685824760499e+00
2.485889633649058053e-04 -6.552290760391840330e+00
2.486142150385999114e-04 -6.553054814963821251e+00
2.486394673008938787e-04 -6.553818849535708146e+00
2.486647201517889539e-04 -6.554582864102509454e+00
2.486899735912858960e-04 -6.555346858659234499e+00
2.487152276193833498e-04 -6.556110833200897048e+00
2.487404822360809900e-04 -6.556874787722514419e+00
2.487727908459034360e-04 -6.557852071043060782e+00
2.488051004190044383e-04 -6.558829321581029603e+00
2.488374109553837259e-04 -6.559806539326008767e+00
2.488697224550440092e-04 -6.560783724267595041e+00
2.489020349179857220e-04 -6.561760876395390518e+00
2.489343483442076716e-04 -6.562737995699005289e+00
2.489666627337074729e-04 -6.563715082168057435e+00
2.490085003134417702e-04 -6.564980028188005079e+00
2.490503395077703222e-04 -6.566244919132600444e+00
2.490921803166977911e-04 -6.567509754979372616e+00
2.491340227402229841e-04 -6.568774535705875550e+00
2.491758667783416730e-04 -6.570039261289684518e+00
2.492177124310538576e-04 -6.571303931708394330e+00
2.492595596983612186e-04 -6.572568546939624667e+00
2.493110504010247696e-04 -6.574124441963152599e+00
2.493625435479618910e-04 -6.575680253365048245e+00
2.494140391391693303e-04 -6.577235981103759954e+00
2.494655371746495810e-04 -6.578791625137786703e+00
2.495170376544085522e-04 -6.580347185425677203e+00
2.495685405784406059e-04 -6.581902661926031683e+00
2.496200459467423269e-04 -6.583458054597500997e+00
2.496820521378368936e-04 -6.585330348787262977e+00
2.497440618711079950e-04 -6.587202521362818253e+00
2.498060751465461444e-04 -6.589074572252321182e+00
2.498680919641534559e-04 -6.590946501384031819e+00
2.499301123239382780e-04 -6.592818308686313244e+00
2.499921362258921537e-04 -6.594689994087638674e+00
2.500541636700132943e-04 -6.596561557516582575e+00
2.501362548329379870e-04 -6.599038154613701579e+00
2.502183521993617114e-04 -6.601514537807307015e+00
2.503004557692875033e-04 -6.603990706932711063e+00
2.503825655427205127e-04 -6.606466661825549203e+00
2.504646815196495723e-04 -6.608942402321781096e+00
2.505468037000882346e-04 -6.611417928257687926e+00
2.506289320840247360e-04 -6.613893239469871510e+00
2.507264419921480117e-04 -6.616831620906104661e+00
2.508239606435864414e-04 -6.619769699205188651e+00
2.509214880383403502e-04 -6.622707474095488323e+00
2.510190241764115272e-04 -6.625644945306004452e+00
2.511165690577964486e-04 -6.628582112566379081e+00
2.512141226824998849e-04 -6.631518975606887523e+00
2.513116850505156021e-04 -6.634455534158446355e+00
2.514242163359665396e-04 -6.637841941353527453e+00
2.515367592512691270e-04 -6.641227942767168102e+00
2.516493137964251532e-04 -6.644613537989723540e+00
2.517618799714388465e-04 -6.647998726612674325e+00
2.518744577763012082e-04 -6.651383508228621899e+00
2.519870472110249233e-04 -6.654767882431292136e+00
2.520996482755944877e-04 -6.658151848815530016e+00
2.522507426736406090e-04 -6.662691453524189455e+00
2.524018580070721543e-04 -6.667230322402013520e+00
2.525529942758852745e-04 -6.671768454479957811e+00
2.527041514800833851e-04 -6.676305848792592812e+00
2.528553296196710395e-04 -6.680842504378112778e+00
2.530065286946439553e-04 -6.685378420278318856e+00
2.531577487049983376e-04 -6.689913595538626190e+00
2.533468843415550057e-04 -6.695583955085693262e+00
2.535360527177496601e-04 -6.701253153050126699e+00
2.537252538335823008e-04 -6.706921187588868349e+00
2.539144876890533616e-04 -6.712588056867643260e+00
2.541037542841618124e-04 -6.718253759060952568e+00
2.542930536189079785e-04 -6.723918292352052184e+00
2.544823856932909383e-04 -6.729581654932951906e+00
2.547091374341361103e-04 -6.736361495634642260e+00
2.549359361169963901e-04 -6.743139652122887462e+00
2.551627817418723743e-04 -6.749916121343008335e+00
2.553896743087643337e-04 -6.756690900258201182e+00
2.556166138176734067e-04 -6.763463985849514692e+00
2.558436002685974251e-04 -6.770235375115819743e+00
2.560706336615359551e-04 -6.777005065073774759e+00
2.563777398999512731e-04 -6.786157435390511417e+00
2.566849319899593531e-04 -6.795306685161600413e+00
2.569922099315455040e-04 -6.804452807162981287e+00
2.572995737247227906e-04 -6.813595794229638791e+00
2.576070233694818345e-04 -6.822735639255463447e+00
2.579145588658307130e-04 -6.831872335193123646e+00
2.585816844658300122e-04 -6.851672627206638388e+00
2.592492137009964307e-04 -6.871458010613208600e+00
2.599171465713306190e-04 -6.891228416332942253e+00
2.605854830768361010e-04 -6.910983776622200203e+00
2.612542232175123886e-04 -6.930724025033648594e+00
2.622140660377374872e-04 -6.959009897699089287e+00
2.631747391609587567e-04 -6.987264362682563679e+00
2.641362425871672526e-04 -7.015487237301242907e+00
2.650985763163720278e-04 -7.043678344290667859e+00
2.660617403485589878e-04 -7.071837511641739127e+00
2.674941239041820100e-04 -7.113610688558817507e+00
2.689283398783343364e-04 -7.155312483307422866e+00
2.703643882710174851e-04 -7.196942394596383963e+00
2.718022690822463096e-04 -7.238499945457229856e+00
2.732419823119961984e-04 -7.279984682878533064e+00
2.746835279602916004e-04 -7.321396177615479672e+00
2.767538425628681331e-04 -7.380649927624729045e+00
2.788279250529878696e-04 -7.439751130149937275e+00
2.809057754306564479e-04 -7.498698768541412818e+00
2.829873936958691516e-04 -7.557491920574661570e+00
2.850727798486168193e-04 -7.616129756629114844e+00
2.871619338889114313e-04 -7.674611537911476766e+00
2.901506483301137486e-04 -7.757820371920313818e+00
2.931470403905505544e-04 -7.840708329319495462e+00
2.961511100702201682e-04 -7.923274177177743738e+00
2.991628573691129406e-04 -8.005517022606053246e+00
3.021822822872377622e-04 -8.087436302018200962e+00
3.052093848245991865e-04 -8.169031770317213059e+00
3.082441649811775352e-04 -8.250303490116415617e+00
3.117730252407772398e-04 -8.344144355617860498e+00
3.153122100576166383e-04 -8.437551393807149580e+00
3.188617194316904183e-04 -8.530526143116471616e+00
3.224215533629843223e-04 -8.623070616808126587e+00
3.259917118515211730e-04 -8.715187281685565779e+00
3.295721948973102944e-04 -8.806879037146480016e+00
3.331630025003262619e-04 -8.898149194615541546e+00
3.367641346605736836e-04 -8.989001457362693515e+00
3.407520185889079123e-04 -9.088827975581219576e+00
3.447524877841000941e-04 -9.188156053134708401e+00
3.487655422461327735e-04 -9.286992165558407564e+00
3.518941738067198868e-04 -9.363496481873273325e+00
3.541385205325292876e-04 -9.418085026339319654e+00
3.563867654644464799e-04 -9.472526404120634069e+00
3.586389086025051822e-04 -9.526821963726076703e+00
3.603089518409469290e-04 -9.566930335356756743e+00
3.619811321601547165e-04 -9.606960099452306778e+00
3.632773464006190298e-04 -9.637900971863315291e+00
3.645748418621281282e-04 -9.668795343497560424e+00
3.658736185446608696e-04 -9.699643493379378256e+00
3.671736764482349809e-04 -9.730445703922947942e+00
3.684750155728435772e-04 -9.761202260838530265e+00
3.697776359185107821e-04 -9.791913453048399774e+00
3.713505224883864868e-04 -9.828896436493012700e+00
3.729252730383841364e-04 -9.865814364698907823e+00
3.745018875685241140e-04 -9.902667762321692990e+00
3.760803660788111899e-04 -9.939457160065641617e+00
3.776607085692099651e-04 -9.976183094485767455e+00
3.792429150397395757e-04 -1.001284610779586970e+01
3.815684279641889248e-04 -1.006654207030319981e+01
3.838979559376290906e-04 -1.012010543209692948e+01
3.862314989601050674e-04 -1.017353796824579959e+01
3.885690570315965806e-04 -1.022684147572278590e+01
3.909106301520990224e-04 -1.028001777219562918e+01
3.932562183216373295e-04 -1.033306869486889035e+01
3.956058215401684589e-04 -1.038599609933034706e+01
3.979594398077352909e-04 -1.043880185840546559e+01
4.004342338282996811e-04 -1.049410062520422038e+01
4.029134514883520989e-04 -1.054926965107661019e+01
4.053970927879339066e-04 -1.060431115517350875e+01
4.078851577269813531e-04 -1.065922737225089811e+01
4.103776463055526600e-04 -1.071402055142105603e+01
4.128745585236184997e-04 -1.076869295488351952e+01
4.153758943811799564e-04 -1.082324685668609909e+01
4.179748603789622957e-04 -1.087970539315507068e+01
4.205785849160135841e-04 -1.093604147415781114e+01
4.231870679923876522e-04 -1.099225766922357650e+01
4.258003096080583707e-04 -1.104835655627662483e+01
4.284183097630127834e-04 -1.110434072036762920e+01
4.310410684572989204e-04 -1.116021275244656330e+01
4.336685856908483686e-04 -1.121597524817423164e+01
4.363008614637235239e-04 -1.127163080676717932e+01
4.389378957758835118e-04 -1.132718202987461353e+01
4.415796886273460589e-04 -1.138263152048903493e+01
4.442358534586606953e-04 -1.143818258017709155e+01
4.463866680112666416e-04 -1.148302027291386196e+01
4.485406151281438815e-04 -1.152779581730078107e+01
4.506976948093058591e-04 -1.157251060151963351e+01
4.524011919708521455e-04 -1.160773517751076511e+01
4.537710629609393621e-04 -1.163600562111382430e+01
4.551421914399405200e-04 -1.166425302131362862e+01
4.565145774078708521e-04 -1.169247772970974886e+01
4.578882208647181611e-04 -1.172068009751674822e+01
4.592631218104596246e-04 -1.174886047553246016e+01
4.606392802451127525e-04 -1.177701921410830721e+01
4.620166961686924525e-04 -1.180515666312043876e+01
4.636742802958218374e-04 -1.183895561462049173e+01
4.653336818309471829e-04 -1.187272490790971169e+01
4.669949007740438777e-04 -1.190646514779992238e+01
4.686579371251484052e-04 -1.194017693784551604e+01
4.703227908842483513e-04 -1.197386088027525375e+01
4.719894620513496249e-04 -1.200751757592432867e+01
4.736579506264314635e-04 -1.204114762416774376e+01
4.753784491455271275e-04 -1.207576045759795491e+01
4.771008758766148304e-04 -1.211034630485730546e+01
4.788252308196747856e-04 -1.214490581567156191e+01
4.805515139746961511e-04 -1.217943963783440076e+01
4.822797253416768125e-04 -1.221394841713720858e+01
4.840098649206466940e-04 -1.224843279730051471e+01
4.857419327115952245e-04 -1.228289341990698702e+01
4.878900079962459105e-04 -1.232554561497192225e+01
4.900410415818106736e-04 -1.236816355171175630e+01
4.921950334683089208e-04 -1.241074843479609413e+01
4.943519836557377792e-04 -1.245330146318829989e+01
4.965118921440583259e-04 -1.249582382996907270e+01
4.986747589333158804e-04 -1.253831672216357873e+01
5.008405840235065397e-04 -1.258078132057226917e+01
5.037714656468732450e-04 -1.263811114725957907e+01
5.067077473304325763e-04 -1.269539434692166502e+01
5.096494290741890873e-04 -1.275263377432090373e+01
5.125965108780965911e-04 -1.280983226099735361e+01
5.155489927421995399e-04 -1.286699261460287147e+01
5.185068746664802612e-04 -1.292411761825381333e+01
5.214701566509281298e-04 -1.298121002990223438e+01
5.251080579967615149e-04 -1.305111782800814346e+01
5.287540651297147586e-04 -1.312098577377666331e+01
5.324081780498731873e-04 -1.319081877677317394e+01
5.360703967571540766e-04 -1.326062168405730723e+01
5.397407212516232376e-04 -1.333039927871608299e+01
5.434191515332410967e-04 -1.340015627844983648e+01
5.471056876020296634e-04 -1.346989733420736002e+01
5.508003294579895881e-04 -1.353962702887223912e+01
5.538308077717028809e-04 -1.359670266456425658e+01
5.568667178608477418e-04 -1.365377615375474463e+01
5.599080597253886090e-04 -1.371084990514686552e+01
5.627250278036939482e-04 -1.376362465925278045e+01
5.655466397902600461e-04 -1.381640352275861439e+01
5.683728956850514491e-04 -1.386918832473605789e+01
5.712037954880776983e-04 -1.392198086968337023e+01
5.740393391993701272e-04 -1.397478293727348131e+01
5.768795268189009801e-04 -1.402759628212261056e+01
5.797243583466626677e-04 -1.408042263356977664e+01
5.825738337826840297e-04 -1.413326369546179606e+01
5.854279531269489115e-04 -1.418612114594493256e+01
5.882867163794395322e-04 -1.423899663726662723e+01
5.905598738161133747e-04 -1.428099355709321649e+01
5.928359589189916273e-04 -1.432300367833454935e+01
5.951149716880378606e-04 -1.436502779269750185e+01
5.973969121232724578e-04 -1.440706668134770396e+01
5.996817802246969366e-04 -1.444912111485673556e+01
6.019695759923244160e-04 -1.449119185315245062e+01
6.044803456659038994e-04 -1.453732068156659452e+01
6.069946320507235227e-04 -1.458347096662271092e+01
6.095124351467926102e-04 -1.462964366434839292e+01
6.120337549541102944e-04 -1.467583971516650188e+01
6.145585914726425314e-04 -1.472206004384055689e+01
6.170869447024161011e-04 -1.476830555942467527e+01
6.198719193554624472e-04 -1.481920074696127010e+01
6.226611483873594139e-04 -1.487012865153278618e+01
6.254546317981265167e-04 -1.492109041651163537e+01
6.282523695877575759e-04 -1.497208716203661183e+01
6.310543617562884783e-04 -1.502311998496951162e+01
6.338606083036477752e-04 -1.507418995885756452e+01
6.366711092298945555e-04 -1.512529813390320399e+01
6.394858645350154835e-04 -1.517644553694239562e+01
6.423048742190071983e-04 -1.522763317143149919e+01
6.451281382818437873e-04 -1.527886201744209949e+01
6.479556567235749071e-04 -1.533013303166360330e+01
6.507874295441811504e-04 -1.538144714741375374e+01
6.536234567436325932e-04 -1.543280527465729257e+01
6.564637383219652312e-04 -1.548420830003280102e+01
6.593082742791737515e-04 -1.553565708688768510e+01
6.615094184233041548e-04 -1.557544809150811460e+01
6.637131033033639299e-04 -1.561526730551044295e+01
6.659193289193625093e-04 -1.565511509886334984e+01
6.677134825086162954e-04 -1.568750775082382276e+01
6.691290353682623248e-04 -1.571305718213957192e+01
6.705456302582256389e-04 -1.573861869273084402e+01
6.719632671784966970e-04 -1.576419237270692975e+01
6.733819461290669337e-04 -1.578977831080223737e+01
6.748016671099621531e-04 -1.581537659437894838e+01
6.762224301211705374e-04 -1.584098730942981348e+01
6.776442351626882918e-04 -1.586661054058106224e+01
6.792341848092497405e-04 -1.589525670334091956e+01
6.808254355037857315e-04 -1.592391871140921644e+01
6.824179872462700271e-04 -1.595259667682507931e+01
6.840118400367168304e-04 -1.598129070951858566e+01
6.856069938751291771e-04 -1.601000091731686936e+01
6.872034487615073925e-04 -1.603872740595033974e+01
6.890457662844676288e-04 -1.607186921351899755e+01
6.908898134138629363e-04 -1.610503295786943667e+01
6.927355901496887614e-04 -1.613821879075590005e+01
6.945830964919361052e-04 -1.617142686027999687e+01
6.964323324406060519e-04 -1.620465731090596506e+01
6.982832979957183340e-04 -1.623791028347683607e+01
7.001359931572731683e-04 -1.627118591523113267e+01
7.020560539650678219e-04 -1.630566276403985881e+01
7.039779689212437470e-04 -1.634016419119100760e+01
7.059017380258111353e-04 -1.637469033691454001e+01
7.078273612787632646e-04 -1.640924133738145585e+01
7.097548386801278905e-04 -1.644381732472663060e+01
7.116841702298840880e-04 -1.647841842707222781e+01
7.136153559280371695e-04 -1.651304476855174741e+01
7.155483957745767268e-04 -1.654769646933468508e+01
7.174832897694966884e-04 -1.658237364565182403e+01
7.194200379128181961e-04 -1.661707640982116274e+01
7.213586402045438521e-04 -1.665180487027443590e+01
7.232990966446618385e-04 -1.668655913158418969e+01
7.252414072331748660e-04 -1.672133929449152134e+01
7.271855719700751281e-04 -1.675614545593433036e+01
7.291315908553582881e-04 -1.679097770907623044e+01
7.310794638890416933e-04 -1.682583614333598732e+01
7.330291910711340172e-04 -1.686072084441753205e+01
7.349807724016219242e-04 -1.689563189434053569e+01
7.369342078804863323e-04 -1.693056937147152752e+01
7.388894975077514192e-04 -1.696553335055558875e+01
7.408466412834060176e-04 -1.700052390274855796e+01
7.428056392074499107e-04 -1.703554109564974439e+01
7.447664912799016384e-04 -1.707058499333520274e+01
7.467291975007646701e-04 -1.710565565639151941e+01
7.486937578699963966e-04 -1.714075314195003941e+01
7.506601723876149242e-04 -1.717587750372164024e+01
7.526284410536360821e-04 -1.721102879203199620e+01
7.545985638680584610e-04 -1.724620705385727604e+01
7.565705408308765314e-04 -1.728141233286032019e+01
7.585443719420950637e-04 -1.731664466942727998e+01
7.605200572016932413e-04 -1.735190410070469724e+01
7.624975966096906883e-04 -1.738719066063699259e+01
7.644769901660800320e-04 -1.742250438000441903e+01
7.664582378708615978e-04 -1.745784528646139222e+01
7.684413397240452519e-04 -1.749321340457520080e+01
7.704262957256416194e-04 -1.752860875586517864e+01
7.724131058756128617e-04 -1.756403135884218614e+01
7.744017701739763261e-04 -1.759948122904848589e+01
7.763922886207304946e-04 -1.763495837909795227e+01
7.783846612158817641e-04 -1.767046281871665769e+01
7.803788879594405429e-04 -1.770599455478376072e+01
7.823749688514093246e-04 -1.774155359137272470e+01
7.843729038917520054e-04 -1.777713992979284541e+01
7.863726930804857155e-04 -1.781275356863104165e+01
7.883743364176125151e-04 -1.784839450379398684e+01
7.903778339031368493e-04 -1.788406272855047163e+01
7.923831855370661991e-04 -1.791975823357401865e+01
7.943903913194057687e-04 -1.795548100698575666e+01
7.963994512501249836e-04 -1.799123103439754701e+01
7.984103653292345774e-04 -1.802700829895528756e+01
8.004231335567391038e-04 -1.806281278138244417e+01
8.024377559326396469e-04 -1.809864446002378457e+01
8.044542324569409772e-04 -1.813450331088927925e+01
8.064725631296486242e-04 -1.817038930769822613e+01
8.084927479507425302e-04 -1.820630242192345705e+01
8.105147869202277908e-04 -1.824224262283568976e+01
8.125386800381112365e-04 -1.827820987754807547e+01
8.145644273043928674e-04 -1.831420415106085997e+01
8.165920287190742014e-04 -1.835022540630610877e+01
8.186214842821609846e-04 -1.838627360419252810e+01
8.206527939936390141e-04 -1.842234870365033927e+01
8.226859578535014594e-04 -1.845845066167634840e+01
8.247319968647762612e-04 -1.849477507849181634e+01
8.267799101525294403e-04 -1.853112655256060037e+01
8.288296977167633819e-04 -1.856750503454257739e+01
8.308813595574825314e-04 -1.860391047330680081e+01
8.329348956746836360e-04 -1.864034281597795584e+01
8.349903060683453370e-04 -1.867680200798272949e+01
8.370475907384846564e-04 -1.871328799309607405e+01
8.392217601042361924e-04 -1.875183986953194193e+01
8.413980188555487787e-04 -1.879042147966273646e+01
8.435763669924214395e-04 -1.882903275166060553e+01
8.457568045148604633e-04 -1.886767361188150716e+01
8.479393314228469850e-04 -1.890634398492549195e+01
8.501239477163969422e-04 -1.894504379369714542e+01
8.523106533955058899e-04 -1.898377295946605869e+01
8.546978011507916145e-04 -1.902604338010226570e+01
8.570874339235424718e-04 -1.906834851482427950e+01
8.594795517137195388e-04 -1.911068825536678162e+01
8.618741545213315976e-04 -1.915306249150470563e+01
8.642712423463724683e-04 -1.919547111114508198e+01
8.666708151888580887e-04 -1.923791400041748645e+01
8.690728730487908438e-04 -1.928039104376339097e+01
8.715898317707320223e-04 -1.932488933428811961e+01
8.741095131664079971e-04 -1.936942478073462937e+01
8.766319172358339471e-04 -1.941399724528077542e+01
8.791570439789938261e-04 -1.945860658851654179e+01
8.816848933959248224e-04 -1.950325266955189818e+01
8.842154654865952770e-04 -1.954793534612771921e+01
8.862306680464280759e-04 -1.958350977402463400e+01
8.882475938907754198e-04 -1.961910720103557537e+01
8.902662430196471750e-04 -1.965472755393999549e+01
8.922866154330410648e-04 -1.969037075912144275e+01
8.943087111309590406e-04 -1.972603674260436435e+01
8.963325301134094508e-04 -1.976172543008945581e+01
8.983580723804008607e-04 -1.979743674698361744e+01
9.004808305927801534e-04 -1.983485363872483731e+01
9.026054781854543499e-04 -1.987229517268918855e+01
9.034206786648662146e-04 -1.988665870351189824e+01
9.042361569494293582e-04 -1.990102584001719421e+01
9.050519130391467080e-04 -1.991539657731977542e+01
9.058679469340203240e-04 -1.992977091053074190e+01
9.066842586340492305e-04 -1.994414883475809575e+01
9.075008481392295243e-04 -1.995853034510679080e+01
9.083177154495619644e-04 -1.997291543667905600e+01
9.095239174143270955e-04 -1.999415433343077098e+01
9.107307245969220718e-04 -2.001540100568903569e+01
9.119381369973367018e-04 -2.003665543768426005e+01
9.131461546155580835e-04 -2.005791761364281456e+01
9.143547774516106114e-04 -2.007918751778856148e+01
9.155640055054652289e-04 -2.010046513434465965e+01
9.171780481212830471e-04 -2.012886128169094491e+01
9.187931677430212930e-04 -2.015727108803072909e+01
9.204093643706845202e-04 -2.018569451595325859e+01
9.220266380042779330e-04 -2.021413152807861024e+01
9.236449886438061934e-04 -2.024258208706571338e+01
9.252644162892638803e-04 -2.027104615562303280e+01
9.268849209406474160e-04 -2.029952369651925892e+01
9.286688346263337638e-04 -2.033086652145686557e+01
9.304540516566244457e-04 -2.036222555567588088e+01
9.322405720315034153e-04 -2.039360074992795901e+01
9.340283957509797801e-04 -2.042499205510460669e+01
9.358175228150700199e-04 -2.045639942225200159e+01
9.365048649452793576e-04 -2.046846360010253463e+01
9.371923992452560991e-04 -2.048053013623578522e+01
9.378801257150013284e-04 -2.049259902789993859e+01
9.385680443545167803e-04 -2.050467027234743256e+01
9.392561551638014790e-04 -2.051674386683486873e+01
9.399444581428583519e-04 -2.052881980862317590e+01
9.406329532916868569e-04 -2.054089809497779484e+01
9.418751952927468217e-04 -2.056268817077260636e+01
9.431180624030585831e-04 -2.058448584835253570e+01
9.443615546226408978e-04 -2.060629111179001427e+01
9.456056719514896458e-04 -2.062810394520922230e+01
9.468504143895924673e-04 -2.064992433278790784e+01
9.480957819369814545e-04 -2.067175225876099631e+01
9.493417745936272257e-04 -2.069358770742334386e+01
9.508485186141100044e-04 -2.071998810092902943e+01
9.523561757440487767e-04 -2.074639943262651087e+01
9.538647459834456027e-04 -2.077282167515229716e+01
9.553742293323012414e-04 -2.079925480128713389e+01
9.568846257906168853e-04 -2.082569878396098417e+01
9.583959353583844029e-04 -2.085215359625421883e+01
9.599081580355997827e-04 -2.087861921140041588e+01
9.615863344263553747e-04 -2.090798311767090922e+01
9.632656339048195192e-04 -2.093736024224278580e+01
9.649460564709866871e-04 -2.096675054932368454e+01
9.666276021248581792e-04 -2.099615400338164406e+01
9.683102708664355135e-04 -2.102557056915243194e+01
9.696495914995070884e-04 -2.104898001154570508e+01
9.709896227980896943e-04 -2.107239771112345394e+01
9.723303647621951490e-04 -2.109582365052109765e+01
9.736718173918260544e-04 -2.111925781249043510e+01
9.750139806869667983e-04 -2.114270017990364892e+01
9.763568546476179225e-04 -2.116615073575654904e+01
9.777004392738004607e-04 -2.118960946316914118e+01
9.792010924415243435e-04 -2.121580555226666220e+01
9.807026311526511556e-04 -2.124201177975655597e+01
9.822050554071828487e-04 -2.126822812272348173e+01
9.837083652051181216e-04 -2.129445455845854696e+01
9.852125605464597934e-04 -2.132069106445993967e+01
9.867176414312078640e-04 -2.134693761843515958e+01
9.882236078593618998e-04 -2.137319419830621214e+01
9.897304598309119260e-04 -2.139946078221413117e+01
9.913096627852102920e-04 -2.142698269915613096e+01
9.928898371933715401e-04 -2.145451554233159186e+01
9.944709830553987058e-04 -2.148205928740771853e+01
9.960531003712891872e-04 -2.150961391032816294e+01
9.976361891410453694e-04 -2.153717938731653803e+01
9.992202493646674694e-04 -2.156475569487647093e+01
1.000805281042156571e-03 -2.159234280979323017e+01
1.002634967770198258e-03 -2.162418048211912591e+01
1.004465947284480850e-03 -2.165603247138754384e+01
1.006298219584981796e-03 -2.168789874340478363e+01
1.008131784671705000e-03 -2.171977926449831031e+01
1.009966642544666291e-03 -2.175167400152311004e+01
1.011802793203870655e-03 -2.178358292187220968e+01
1.013640236649303349e-03 -2.181550599348208408e+01
1.015959396846169947e-03 -2.185578633969623752e+01
1.018280613263171678e-03 -2.189608908188861136e+01
1.020603885900299868e-03 -2.193641415947080375e+01
1.022929214757556469e-03 -2.197676151327452843e+01
1.025256599834951021e-03 -2.201713108555997422e+01
1.027586041132478104e-03 -2.205752282001710896e+01
1.029917538650135548e-03 -2.209793666177660398e+01
1.032547083983935670e-03 -2.214350053715695665e+01
1.035179239956643101e-03 -2.218909233868653175e+01
1.037814006568231169e-03 -2.223471199455658720e+01
1.040451383818719825e-03 -2.228035943533108210e+01
1.043091371708115139e-03 -2.232603459396299428e+01
1.045733970236416678e-03 -2.237173740581073744e+01
1.048379179403623141e-03 -2.241746780863952182e+01
1.051026999209736914e-03 -2.246322574261458982e+01
1.053677429654739997e-03 -2.250901115030457333e+01
1.056760748750355892e-03 -2.256225236868155548e+01
1.059847593393163428e-03 -2.261553053259242674e+01
1.062937963583185808e-03 -2.266884556417585728e+01
1.066031859320392891e-03 -2.272219738993335270e+01
1.069129280604816552e-03 -2.277558594072296572e+01
1.071592502842143475e-03 -2.281802597001890476e+01
1.074057950164387714e-03 -2.286048910614163887e+01
1.076525622571551004e-03 -2.290297532026154315e+01
1.078995520063635079e-03 -2.294548458524517898e+01
1.081467642640650349e-03 -2.298801687565509155e+01
1.083941990302600281e-03 -2.303057216774295668e+01
1.086418563049470565e-03 -2.307315043942998400e+01
1.088897360881247757e-03 -2.311575167028639299e+01
1.091432705807031129e-03 -2.315930892689450005e+01
1.093970374275308110e-03 -2.320289012068602830e+01
1.096510366286081737e-03 -2.324649523513685523e+01
1.099052681839358080e-03 -2.329012425545860410e+01
1.101597320935141693e-03 -2.333377716857549444e+01
1.104144283573413061e-03 -2.337745396311263235e+01
1.106693569754171750e-03 -2.342115462938217973e+01
1.109245179477423614e-03 -2.346487915935596646e+01
1.111913354617077637e-03 -2.351058411557171368e+01
1.114584065717505500e-03 -2.355631510471603463e+01
1.117257312778709155e-03 -2.360207212326054460e+01
1.119933095800690337e-03 -2.364785516954009026e+01
1.122611414783423892e-03 -2.369366424371071034e+01
1.125292269726929336e-03 -2.373949934771588133e+01
1.127975660631206235e-03 -2.378536048526207480e+01
1.130661587496256323e-03 -2.383124766178702458e+01
1.133495043081720038e-03 -2.387963656194378004e+01
1.136331315397043525e-03 -2.392805440223749969e+01
1.139170404442210521e-03 -2.397650119497557952e+01
1.142012310217219075e-03 -2.402497695441103787e+01
1.144857032722079162e-03 -2.407348169669326765e+01
1.147704571956793818e-03 -2.412201543981328200e+01
1.150554927921365210e-03 -2.417057820355011799e+01
1.155260549383464036e-03 -2.425070857672588787e+01
1.159973827604177153e-03 -2.433091800255868264e+01
1.164694762583531234e-03 -2.441120659919931057e+01
1.169423354321533215e-03 -2.449157449595326597e+01
1.174159602818194590e-03 -2.457202183260899631e+01
1.178903508073476545e-03 -2.465254875876507512e+01
1.183655070087404233e-03 -2.473315543315939635e+01
1.189160812845021847e-03 -2.482649389058937572e+01
1.194676800225223526e-03 -2.491993954561169033e+01
1.200203032227972408e-03 -2.501349268247797752e+01
1.205739508853308824e-03 -2.510715359661816848e+01
1.211286230101266820e-03 -2.520092259327661566e+01
1.216843195971772885e-03 -2.529479998616848846e+01
1.222410406464862149e-03 -2.538878609616103788e+01
1.229005208807735887e-03 -2.550003768920871039e+01
1.235614329139708874e-03 -2.561144223118666829e+01
1.242237767460791084e-03 -2.572300027623112584e+01
1.248875523771045184e-03 -2.583471238198037057e+01
1.255527598070392678e-03 -2.594657910700306047e+01
1.262193990358888209e-03 -2.605860100835444726e+01
1.268874700636538500e-03 -2.617077863927369563e+01
1.276666833467260571e-03 -2.630151258343211751e+01
1.284478354516158756e-03 -2.643245899276933386e+01
1.292309263783220693e-03 -2.656361869730122294e+01
1.298722922859512534e-03 -2.667095873736569800e+01
1.305149529066291234e-03 -2.677844218106605112e+01
1.311589082403566550e-03 -2.688606944489388439e+01
1.318041582871303137e-03 -2.699384093227702408e+01
1.324507030469532437e-03 -2.710175703283186621e+01
1.330985425198277002e-03 -2.720981812176612635e+01
1.337476767057491729e-03 -2.731802455939562080e+01
1.343981056047208709e-03 -2.742637669075989493e+01
1.351318225877829035e-03 -2.754852010080295344e+01
1.358671801430135027e-03 -2.767084898723795661e+01
1.366041782704172656e-03 -2.779336377089120447e+01
1.373428169699969026e-03 -2.791606484742319694e+01
1.380830962417455184e-03 -2.803895258767622423e+01
1.388250160856691843e-03 -2.816202733816315984e+01
1.395685765017706760e-03 -2.828528942174555283e+01
1.404094459856339468e-03 -2.842458147394831158e+01
1.412524037224192333e-03 -2.856411275761935187e+01
1.420974497121249092e-03 -2.870388363684413235e+01
1.429445839547490230e-03 -2.884389444461487173e+01
1.437938064502992724e-03 -2.898414548521817125e+01
1.446451171987697812e-03 -2.912463703675108562e+01
1.453388484353608555e-03 -2.923904672472301769e+01
1.460339602469118382e-03 -2.935361571354862420e+01
1.467304526334218618e-03 -2.946834412198330000e+01
1.474283255948899722e-03 -2.958323206176942577e+01
1.481275791313190534e-03 -2.969827963866189791e+01
1.488282132427099728e-03 -2.981348695344615152e+01
1.495302279290601716e-03 -2.992885410293217063e+01
1.503442076506408863e-03 -3.006253773461499179e+01
1.511600355955166263e-03 -3.019643560998789056e+01
1.519777117636820574e-03 -3.033054786919539225e+01
1.527972361551446822e-03 -3.046487465235012593e+01
1.536186087699056716e-03 -3.059941610121041222e+01
1.544418296079590408e-03 -3.073417236074691061e+01
1.552668986693128781e-03 -3.086914358058590935e+01
1.560962804354878650e-03 -3.100473268566511109e+01
1.569275214456132723e-03 -3.114053835352732946e+01
1.577606216996969282e-03 -3.127656075657921164e+01
1.585955811977353413e-03 -3.141280007639802818e+01
1.592752463484789840e-03 -3.152363669572936544e+01
1.599561384994752653e-03 -3.163461670226250888e+01
1.606382576507258330e-03 -3.174574020834598187e+01
1.613216038022315113e-03 -3.185700733116695105e+01
1.620061769539911508e-03 -3.196841819284648167e+01
1.626919771060052504e-03 -3.207997292044479565e+01
1.633790042582759349e-03 -3.219167164592439434e+01
1.641359264556888553e-03 -3.231467019623551806e+01
1.648943324425793458e-03 -3.243784323476413789e+01
1.656542222189493797e-03 -3.256119095692028509e+01
1.664155957848018844e-03 -3.268471356469645883e+01
1.671784531401338241e-03 -3.280841126634043547e+01
1.679427942849461746e-03 -3.293228427600083563e+01
1.687086192192458530e-03 -3.305633281329139805e+01
1.695314456062035208e-03 -3.318954270394863215e+01
1.703559780273858001e-03 -3.332295495442221522e+01
1.710136717240413884e-03 -3.342931961771644467e+01
1.716724468722911814e-03 -3.353581288678131500e+01
1.723323034721340732e-03 -3.364243491087921001e+01
1.729932415235744658e-03 -3.374918584065120797e+01
1.736552610266134649e-03 -3.385606582786241603e+01
1.740853458699778786e-03 -3.392547675295431731e+01
1.740901197868414789e-03 -3.392624710566688861e+01
1.740948937597299687e-03 -3.392701746491520964e+01
1.740996677886434783e-03 -3.392778783083713279e+01
1.741200549520841414e-03 -3.393107759399391909e+01
1.741404431371661914e-03 -3.393436747657690233e+01
1.741608323438899320e-03 -3.393765748051721687e+01
1.741812225722546908e-03 -3.394094760649949905e+01
1.742284861138277416e-03 -3.394857379193874891e+01
1.742757551436567793e-03 -3.395620063378668618e+01
1.743230296617457285e-03 -3.396382813210634311e+01
1.743703096680904912e-03 -3.397145628694426023e+01
1.745112057460135443e-03 -3.399418709930002080e+01
1.746521505404981765e-03 -3.401692374112275274e+01
1.747931440515446046e-03 -3.403966621388575930e+01
1.749341862791527202e-03 -3.406241451907202133e+01
1.750752772233225450e-03 -3.408516865815595764e+01
1.755080131942534380e-03 -3.415494463777869072e+01
1.759412067957272533e-03 -3.422477547560469446e+01
1.763748580277446415e-03 -3.429466121388956878e+01
1.768089668903059927e-03 -3.436460189491071304e+01
1.772435333834090085e-03 -3.443459756089077928e+01
1.776785575070554237e-03 -3.450464825393375179e+01
1.782182733057674452e-03 -3.459153131713129881e+01
1.787586918469146087e-03 -3.467849902445058063e+01
1.792998131304961336e-03 -3.476555145500386601e+01
1.798416371565131041e-03 -3.485268868741795245e+01
1.803841639249655418e-03 -3.493991079975393177e+01
1.809273934358535769e-03 -3.502721786943732951e+01
1.814713256891763637e-03 -3.511460997320094890e+01
1.822464400831267468e-03 -3.523909758484042953e+01
1.830229770672608253e-03 -3.536375770414641551e+01
1.838009366415801820e-03 -3.548859054356459097e+01
1.845803188060895442e-03 -3.561359631170159190e+01
1.853611235607883047e-03 -3.573877521310303962e+01
1.861433509056734711e-03 -3.586412744806480646e+01
1.869270008407485561e-03 -3.598965321247526816e+01
1.877120733660173763e-03 -3.611535269769063206e+01
1.884985684814809073e-03 -3.624122609044548682e+01
1.892864861871347039e-03 -3.636727357279815465e+01
1.901050820538522377e-03 -3.649817249953041198e+01
1.909252078146940479e-03 -3.662925903037071151e+01
1.917468634696592672e-03 -3.676053335242396258e+01
1.925700490187435155e-03 -3.689199564750480675e+01
1.933947644619544905e-03 -3.702364609226081882e+01
1.942210097992935584e-03 -3.715548485832876224e+01
1.950487850307573148e-03 -3.728751211251820052e+01
1.956452774784027317e-03 -3.738261631885786329e+01
1.962425618206357913e-03 -3.747781823231051135e+01
1.968406380574573393e-03 -3.757311791074032925e+01
1.974395061888709318e-03 -3.766851541093839728e+01
1.980391662148744437e-03 -3.776401078867593242e+01
1.986396181354661838e-03 -3.785960409876213362e+01
1.992408619506476700e-03 -3.795529539510448558e+01
1.998940713044133118e-03 -3.805922563457257013e+01
2.005482127938807823e-03 -3.816327134242558827e+01
2.012032864190483467e-03 -3.826743258441200624e+01
2.018592921799157881e-03 -3.837170942538815410e+01
2.025162300764855351e-03 -3.847610192941488805e+01
2.031741001087582817e-03 -3.858061015985408915e+01
2.038329022767351555e-03 -3.868523417946404663e+01
2.046442923520986994e-03 -3.881404649355714298e+01
2.054570919092653901e-03 -3.894303410138557808e+01
2.062713009482378297e-03 -3.907219711715869437e+01
2.070869194690189239e-03 -3.920153565463875367e+01
2.079039474716071548e-03 -3.933104982737928879e+01
2.087223849560043004e-03 -3.946073974895237058e+01
2.095422319222126593e-03 -3.959060553316323450e+01
2.105465110106373612e-03 -3.974962158093841680e+01
2.115528970033755778e-03 -3.990890089041842970e+01
2.125613899004329035e-03 -4.006844367351397551e+01
2.135719897018128945e-03 -4.022825014437951552e+01
2.145846964075168086e-03 -4.038832051974586790e+01
2.155995100175454263e-03 -4.054865501919325510e+01
2.166164305319050794e-03 -4.070925386537025759e+01
2.173951038320344215e-03 -4.083218115642371515e+01
2.181750079542844195e-03 -4.095526310895994726e+01
2.189561428986608847e-03 -4.107849982627280383e+01
2.192497960186786700e-03 -4.112481821363848411e+01
2.195436227074840964e-03 -4.117115844600306218e+01
2.198376229650720898e-03 -4.121752052896118101e+01
2.201317967914469004e-03 -4.126390446812934698e+01
2.204261441866092221e-03 -4.131031026914637749e+01
2.207206651505548914e-03 -4.135673793767308837e+01
2.210153596832873778e-03 -4.140318747939165434e+01
2.215811431438789898e-03 -4.149235053392478534e+01
2.221475652822776405e-03 -4.158159413630259849e+01
2.227146260984831563e-03 -4.167091832726433154e+01
2.232823255924953204e-03 -4.176032314781117094e+01
2.238506637643144798e-03 -4.184980863919378180e+01
2.244196406139421524e-03 -4.193937484289812545e+01
2.249892561413757795e-03 -4.202902180063097859e+01
2.257028034183586850e-03 -4.214129319135496132e+01
2.264173503919315530e-03 -4.225369113120964215e+01
2.270042867402824807e-03 -4.234599310611779543e+01
2.275918958844703327e-03 -4.243838035033943612e+01
2.281801778244938080e-03 -4.253085290996987311e+01
2.287691325603498273e-03 -4.262341083122274199e+01
2.293587600920408628e-03 -4.271605416040807768e+01
2.299490604195685191e-03 -4.280878294390947048e+01
2.305400335429352680e-03 -4.290159722816039078e+01
2.314516552485822252e-03 -4.304473108912517887e+01
2.323648732819171003e-03 -4.318806809582420669e+01
2.331169137136244324e-03 -4.330607156940998692e+01
2.338700332740155288e-03 -4.342421257965212789e+01
2.346242319630918206e-03 -4.354249122036254249e+01
2.353795097808555632e-03 -4.366090758502144098e+01
2.361358667273037639e-03 -4.377946176670572953e+01
2.368933028024395888e-03 -4.389815385801987446e+01
2.376518180062650327e-03 -4.401698395102854278e+01
2.385702328163508915e-03 -4.416082281345413918e+01
2.394902247244407208e-03 -4.430486365305091567e+01
2.404117937305327857e-03 -4.444910662853126126e+01
2.413349398346336348e-03 -4.459355189690603538e+01
2.422596630367482122e-03 -4.473819961336756279e+01
2.431859633368759540e-03 -4.488304993118605779e+01
2.441138407350137377e-03 -4.502810300161873869e+01
2.450518971208095337e-03 -4.517470308192579864e+01
2.459915599058684621e-03 -4.532150998489377258e+01
2.469328290901906097e-03 -4.546852385938208130e+01
2.478757046737733744e-03 -4.561574485194342543e+01
2.488201866566247793e-03 -4.576317310681675821e+01
2.495752260942117693e-03 -4.588099934575303962e+01
2.503312890090000995e-03 -4.599895779830468001e+01
2.510883754009908542e-03 -4.611704853469804277e+01
2.518464852701844236e-03 -4.623527162425622095e+01
2.526056186165844940e-03 -4.635362713541637447e+01
2.533657754401894609e-03 -4.647211513575493314e+01
2.541269557410014927e-03 -4.659073569201619591e+01
2.550475934925165462e-03 -4.673416990357281975e+01
2.559697240124136821e-03 -4.687779766221868272e+01
2.566444200301617063e-03 -4.698286133798772823e+01
2.573199129556718191e-03 -4.708802844203238180e+01
2.579962027889442372e-03 -4.719329901757792811e+01
2.586732895299826470e-03 -4.729867310747921749e+01
2.593511731787887832e-03 -4.740415075424008506e+01
2.600298537353586993e-03 -4.750973200003592467e+01
2.607093311996945204e-03 -4.761541688673934658e+01
2.614633731096638845e-03 -4.773267573434679178e+01
2.622183940038243580e-03 -4.785006200996733838e+01
2.629743938821843107e-03 -4.796757576953488922e+01
2.637313727447347655e-03 -4.808521706868121726e+01
2.644893305914843527e-03 -4.820298596277788761e+01
2.652482674224295161e-03 -4.832088250697786691e+01
2.660081832375761970e-03 -4.843890675625516451e+01
2.668105212257194936e-03 -4.856349338321254550e+01
2.676139476695400289e-03 -4.868822212054297438e+01
2.682582434322126202e-03 -4.878822712172888032e+01
2.689032374756471135e-03 -4.888832336549637603e+01
2.695489297998444195e-03 -4.898851088475453963e+01
2.701953204048053621e-03 -4.908878971242629063e+01
2.708424092905315026e-03 -4.918915988146132889e+01
2.714901964570236217e-03 -4.928962142484828490e+01
2.721386819042813290e-03 -4.939017437562593216e+01
2.731702138294627401e-03 -4.955008720895109064e+01
2.742035076711542372e-03 -4.971023089987681942e+01
2.752385634293587693e-03 -4.987060558197568128e+01
2.762753811040861811e-03 -5.003121138942920965e+01
2.773139606953314851e-03 -5.019204845707867690e+01
2.783543022030991482e-03 -5.035311692045912224e+01
2.791987181215848431e-03 -5.048382138865041213e+01
2.800442912595010620e-03 -5.061467799895206099e+01
2.808910216168455497e-03 -5.074568682454706448e+01
2.817389091936189135e-03 -5.087684793892616142e+01
2.824193054710030359e-03 -5.098208030821095349e+01
2.831004451027385391e-03 -5.108741058761385290e+01
2.837823280888271578e-03 -5.119283881536076564e+01
2.844649544292700630e-03 -5.129836502977871504e+01
2.851483241240687725e-03 -5.140398926928887136e+01
2.858324371732210746e-03 -5.150971157239676756e+01
2.865172935767297015e-03 -5.161553197768071755e+01
2.872927089133562890e-03 -5.173532492960450213e+01
2.880690749898552529e-03 -5.185524345822990711e+01
2.888463918062258561e-03 -5.197528761957849497e+01
2.896246593624772058e-03 -5.209545746970565716e+01
2.904038776586022764e-03 -5.221575306467273236e+01
2.911840466946027592e-03 -5.233617446051776767e+01
2.919651664704870243e-03 -5.245672171322674870e+01
2.928445622317664421e-03 -5.259241067442422946e+01
2.937251599058711155e-03 -5.272825889217150319e+01
2.946069594927992231e-03 -5.286426644552405207e+01
2.954899609925471220e-03 -5.300043341324642654e+01
2.963741644051242231e-03 -5.313675987375310683e+01
2.972595697305340390e-03 -5.327324590504909452e+01
2.981461769687745317e-03 -5.340989158467210984e+01
2.990650387686916503e-03 -5.355148153353987084e+01
2.999851879688405446e-03 -5.369324265310827826e+01
3.009066245692259417e-03 -5.383517502736366112e+01
3.018293485698490992e-03 -5.397727873949586552e+01
3.027533599707130530e-03 -5.411955387183604671e+01
3.036786587718219663e-03 -5.426200050579649314e+01
3.046052449731778775e-03 -5.440461872181352732e+01
3.055331185747833887e-03 -5.454740859929367502e+01
3.065212934365654611e-03 -5.469944925943153891e+01
3.075109242972853991e-03 -5.485168424329299341e+01
3.085020111569474963e-03 -5.500411364218411592e+01
3.094945540155532269e-03 -5.515673754585493072e+01
3.104885528731044560e-03 -5.530955604245500012e+01
3.114840077296074719e-03 -5.546256921849507648e+01
3.124809185850663945e-03 -5.561577715881298900e+01
3.135034410198180629e-03 -5.577289118470043405e+01
3.145274907080906901e-03 -5.593020968099634871e+01
3.155530676498871819e-03 -5.608773273323522801e+01
3.165801718452141734e-03 -5.624546042502802834e+01
3.176088032940756548e-03 -5.640339283806543591e+01
3.186389619964770468e-03 -5.656153005212935625e+01
3.196706479524186965e-03 -5.671987214510721742e+01
3.198447465189641244e-03 -5.674658970994147467e+01
3.200662952934361580e-03 -5.678062387801028876e+01
3.202879143359377376e-03 -5.681466718021535911e+01
3.205096036464694705e-03 -5.684871980999727015e+01
3.214858527585656711e-03 -5.699865202447568180e+01
3.224634622078197208e-03 -5.714876166073617014e+01
3.234424319942339615e-03 -5.729905157184609976e+01
3.244227621178115157e-03 -5.744952281403462990e+01
3.277839376195542873e-03 -5.796522657333481021e+01
3.311610068492084388e-03 -5.848305492094147695e+01
3.345539698069144828e-03 -5.900301072082261555e+01
3.379628264928246847e-03 -5.952509679749447002e+01
3.481883201308901693e-03 -6.108942227384505230e+01
3.585542149308547019e-03 -6.267266068363814924e+01
3.690605108973616169e-03 -6.427487956255814083e+01
3.797072080354191911e-03 -6.589614244087731265e+01
3.904943063503910159e-03 -6.753650928805795672e+01
4.030276197352729815e-03 -6.943973020584833478e+01
4.157452849185587149e-03 -7.136819128096111342e+01
4.286473019103266557e-03 -7.332196894922633135e+01
4.417336707214355659e-03 -7.530113556984169065e+01
4.550043913635904054e-03 -7.730575971093668386e+01
4.684594638493788481e-03 -7.933590629348287848e+01
4.881774271494833742e-03 -8.230710744930325973e+01
5.082783850736285677e-03 -8.533163143715816545e+01
5.287623376707592179e-03 -8.840963795562598193e+01
5.496292849949481300e-03 -9.154127512189097615e+01
5.708792271057245953e-03 -9.472668060119872280e+01
5.925121640685372150e-03 -9.796598257354564510e+01
6.168297271606317835e-03 -1.016034139646415042e+02
6.416137101786754081e-03 -1.053067760880962140e+02
6.668641132399642790e-03 -1.090762074709846274e+02
6.925809364736637379e-03 -1.129118366860618750e+02
7.187641800217661053e-03 -1.168137831777108318e+02
7.454138440401048872e-03 -1.207821580875303198e+02
7.725299286993689805e-03 -1.248170650104420218e+02
8.115486926019779834e-03 -1.306184126158625816e+02
8.514944014094985580e-03 -1.365524240704947374e+02
8.923670557781947232e-03 -1.426193269797385597e+02
9.341666564464033012e-03 -1.488193292731625661e+02
9.768932042424367107e-03 -1.551526210707620805e+02
1.020546700093125092e-02 -1.616193763455783881e+02
1.065127145032864278e-02 -1.682197546998446001e+02
1.116743157079713201e-02 -1.758576032908268587e+02
1.169548462278734505e-02 -1.836672761840221142e+02
1.223543062733451446e-02 -1.916489519471588210e+02
1.278726960800324365e-02 -1.998027941006890842e+02
1.335100159112340146e-02 -2.081289525970773866e+02
1.392662660604285577e-02 -2.166275650192611977e+02
1.451414468539733056e-02 -2.252987578335412024e+02
1.522849873088857019e-02 -2.358382446198186244e+02
1.595968116805659628e-02 -2.466222710017177349e+02
1.670769207359862688e-02 -2.576510006912880613e+02
1.747253153359094521e-02 -2.689245833521067084e+02
1.825419964438357995e-02 -2.804431559282056128e+02
1.905269651355272556e-02 -2.922068436855239497e+02
1.986802226092321960e-02 -3.042157614417943137e+02
2.084328123850887407e-02 -3.185771174577362217e+02
2.184157602001842238e-02 -3.332744436003929422e+02
2.286290687393532917e-02 -3.483078805642911675e+02
2.390727410153033541e-02 -3.636775567734657102e+02
2.497467803998216357e-02 -3.793835895574224537e+02
2.606511906571437609e-02 -3.954260859889329822e+02
2.717859759795575661e-02 -4.118051439309035118e+02
2.851105143909896805e-02 -4.314024567822955305e+02
2.987506331623675584e-02 -4.514610424280562597e+02
3.127063416952786945e-02 -4.719810197792618851e+02
3.269776505391120552e-02 -4.929624964260246429e+02
3.415645715002518790e-02 -5.144055697715808719e+02
3.564671177590406775e-02 -5.363103282804619312e+02
3.716853039945067216e-02 -5.586768522646081010e+02
3.906741071592332443e-02 -5.865823159590406704e+02
4.101325295936152082e-02 -6.151749504407489439e+02
4.300606088352567496e-02 -6.444548595071223644e+02
4.504583872001765438e-02 -6.744221342962721337e+02
4.713259122567066417e-02 -7.050768543027986652e+02
4.926632373342097054e-02 -7.364190880301973721e+02
5.144704220679271328e-02 -7.684488939616637708e+02
5.393290840877111580e-02 -8.049575681955835762e+02
5.647715883250536972e-02 -8.423204543310137069e+02
5.907980506629039591e-02 -8.805375929751506874e+02
6.174086009474318015e-02 -9.196090116194318398e+02
6.446033843029985722e-02 -9.595347248540888359e+02
6.723825625363855085e-02 -1.000314734718927525e+03
7.007463156385787539e-02 -1.041949030557335618e+03
7.384787643781041966e-02 -1.097329157278565162e+03
7.771992179538923795e-02 -1.154151792054516591e+03
8.169082377459926936e-02 -1.212416812225619879e+03
8.576064605469077562e-02 -1.272124055319220588e+03
8.992946064732219857e-02 -1.333273316956526969e+03
9.419734874793327106e-02 -1.395864348468708840e+03
9.697027727585467993e-02 -1.436524350133719054e+03
9.895301249139323851e-02 -1.465594253771378590e+03
1.005919215725828847e-01 -1.489620972562680208e+03
1.022443402712878563e-01 -1.513843697799267375e+03
1.035966839322901428e-01 -1.533666070053096064e+03
1.049579505336274976e-01 -1.553617774509648598e+03
1.063281434256617558e-01 -1.573698799242254154e+03
1.077072660695913980e-01 -1.593909131851838083e+03
1.090953220406003649e-01 -1.614248759454539140e+03
1.103993148968607507e-01 -1.633355072463965598e+03
1.113040274388076983e-01 -1.646610189782578573e+03
1.120296276232788796e-01 -1.657240570774385333e+03
1.127576002700507452e-01 -1.667905232461486776e+03
1.134879459312230499e-01 -1.678604172811468061e+03
1.142206651677054735e-01 -1.689337389753499338e+03
1.149557585497390927e-01 -1.700104881176324398e+03
1.158734934347189494e-01 -1.713546950462343148e+03
1.167949041412047195e-01 -1.727042049039072253e+03
1.177199918276107676e-01 -1.740590172581911474e+03
1.186487576753202100e-01 -1.754191316669619710e+03
1.195812028894604057e-01 -1.767845476782894366e+03
1.205173286987539782e-01 -1.781552648302731995e+03
1.216902610089757447e-01 -1.798725975448641520e+03
1.228689252561634554e-01 -1.815981778684302071e+03
1.240533239879239025e-01 -1.833320048366720584e+03
1.252434598137862620e-01 -1.850740774590734873e+03
1.264393354068515385e-01 -1.868243947188718494e+03
1.276409535045828492e-01 -1.885829555727770867e+03
1.290174689059437885e-01 -1.905972752338357623e+03
1.304014515179773293e-01 -1.926223000119501194e+03
1.317929057126902559e-01 -1.946580282307182415e+03
1.331918359804666330e-01 -1.967044581657823073e+03
1.345982469323993569e-01 -1.987615880432397717e+03
1.360121433025784921e-01 -2.008294160381414031e+03
1.374335299517283893e-01 -2.029079402741208014e+03
1.394449348910143383e-01 -2.058488084623114446e+03
1.414711748462696705e-01 -2.088108173777922275e+03
1.435122646598455953e-01 -2.117939612658676651e+03
1.455682197194423655e-01 -2.147982341504115084e+03
1.476390559731708962e-01 -2.178236298284447003e+03
1.497247899470020849e-01 -2.208701418651806307e+03
1.549785209770304095e-01 -2.285409636080913515e+03
1.603248475354090707e-01 -2.363423309079615592e+03
1.657640751369621746e-01 -2.442741242835267713e+03
1.712965362280969295e-01 -2.523362135328703062e+03
1.769225920876087987e-01 -2.605284570152770812e+03
1.826426348246659170e-01 -2.688507009172518792e+03
1.930710256140175107e-01 -2.840040349525427246e+03
2.014267887698958370e-01 -2.961262150799427218e+03
2.099685896220120640e-01 -3.084987619565481054e+03
2.169476681023880804e-01 -3.185919809441239977e+03
2.240481105917218885e-01 -3.288451596135520958e+03
2.312709043633137396e-01 -3.392579125137404844e+03
2.386171199850460889e-01 -3.498298224701419258e+03
2.457843145993402756e-01 -3.601247799495889467e+03
2.530673551750375339e-01 -3.705654737099899194e+03
2.604674350392282012e-01 -3.811514421816109007e+03
2.679858391120107930e-01 -3.918821894152915320e+03
2.756239497981467501e-01 -4.027571828604739494e+03
2.853764920798079197e-01 -4.166014870428292852e+03
2.953229123760351404e-01 -4.306706337077471289e+03
3.054666861254467514e-01 -4.449633014089011340e+03
3.158116071712137596e-01 -4.594780523370916853e+03
3.263618129378585975e-01 -4.742133258703636784e+03
3.407625039509176168e-01 -4.942095467241937513e+03
3.555483644066178006e-01 -5.145907450775941470e+03
3.707326178428492769e-01 -5.353520427993512385e+03
3.863300380745031681e-01 -5.564880477170425365e+03
4.023571144290796764e-01 -5.779928142061669860e+03
4.188322355013550657e-01 -5.998597975652316563e+03
4.443736504728536540e-01 -6.332499386064637292e+03
4.710439850455435673e-01 -6.674081640331562994e+03
4.989357162077120433e-01 -7.023035286227553115e+03
5.281574332319850518e-01 -7.379007752141911624e+03
5.588367033781965754e-01 -7.741598964442930082e+03
5.911235467929856213e-01 -8.110356763905159823e+03
6.361285135278901270e-01 -8.601665115401898220e+03
6.846779216697959081e-01 -9.101359158663701237e+03
7.373743378222271661e-01 -9.607928832915895327e+03
7.949762582738972849e-01 -1.011963721897196774e+04
8.455202365952383392e-01 -1.053367751111324651e+04
9.004828368508283054e-01 -1.094860221309215376e+04
9.606352122441783603e-01 -1.136312791563306018e+04
1.000000000000000000e+00 -1.161348955526107602e+04
