1.000000000000000021e-03 5.399820268617111507e-01
1.001844134890810109e-03 5.409306367438520002e-01
1.003691670615116955e-03 5.418808788721434233e-01
1.005542613444513830e-03 5.428327558700762889e-01
1.007396969662164177e-03 5.437862703647904361e-01
1.009254745562814621e-03 5.447414249870728975e-01
1.011115947452822942e-03 5.456982223713671143e-01
1.012980581650176288e-03 5.466566651557717149e-01
1.014848654484510476e-03 5.476167559820465103e-01
1.016720172297138182e-03 5.485784974956154914e-01
1.018595141441061948e-03 5.495418923455687166e-01
1.020473568281003024e-03 5.505069431846697503e-01
1.022355459193420666e-03 5.514736526693549967e-01
1.024240820566529485e-03 5.524420234597392509e-01
1.026129658800329367e-03 5.534120582196193627e-01
1.028021980306618273e-03 5.543837596164749026e-01
1.029917791509021505e-03 5.553571303214772659e-01
1.031817098843010360e-03 5.563321730094881179e-01
1.033719908755921426e-03 5.573088903589233922e-01
1.035626227706984339e-03 5.582872850451119362e-01
1.037536062167336961e-03 5.592673597373224448e-01
1.039449418620053568e-03 5.602491171076701137e-01
1.041366303560164151e-03 5.612325598318546049e-01
1.043286723494673499e-03 5.622176905891644871e-01
1.045210684942590035e-03 5.632045120624834533e-01
1.047138194434940345e-03 5.641930269382876562e-01
1.049069258514797806e-03 5.651832379066528134e-01
1.051003883737302311e-03 5.661751476612574274e-01
1.052942076669679356e-03 5.671687588993811202e-01
1.054883843891269097e-03 5.681640743219140699e-01
1.056829191993540872e-03 5.691610966333534583e-01
1.058778127580122918e-03 5.701598285418119083e-01
1.060730657266821227e-03 5.711602727590172623e-01
1.062686787681639067e-03 5.721624320003143582e-01
1.064646525464805604e-03 5.731663089846732451e-01
1.066609877268796282e-03 5.741719064346866297e-01
1.068576849758350392e-03 5.751792270765736514e-01
1.070547449610502943e-03 5.761882736401874316e-01
1.072521683514597460e-03 5.771990488590105217e-01
1.074499558172317204e-03 5.782115554701653393e-01
1.076481080297704042e-03 5.792257962144118366e-01
1.078466256617178175e-03 5.802417738361508315e-01
1.080455093869568282e-03 5.812594910834315565e-01
1.082447598806126916e-03 5.822789507079469962e-01
1.084443778190558906e-03 5.833001554650446563e-01
1.086443638799043264e-03 5.843231081137242322e-01
1.088447187420251393e-03 5.853478114166400514e-01
1.090454430855378317e-03 5.863742681401098444e-01
1.092465375918157209e-03 5.874024810541094155e-01
1.094480029434889961e-03 5.884324529322830788e-01
1.096498398244466922e-03 5.894641865519421042e-01
1.098520489198387060e-03 5.904976846940664936e-01
1.100546309160788756e-03 5.915329501433143067e-01
1.102575865008464549e-03 5.925699856880158878e-01
1.104609163630891925e-03 5.936087941194032602e-01
1.106646211930253487e-03 5.946493782211399459e-01
1.108687016821456898e-03 5.956917407720353497e-01
1.110731585232166765e-03 5.967358845542408696e-01
1.112779924102818294e-03 5.977818123534497374e-01
1.114832040386649382e-03 5.988295269589032355e-01
1.116887941049720572e-03 5.998790311633933614e-01
1.118947633070935645e-03 6.009303277632604967e-01
1.121011123442072419e-03 6.019834195584019554e-01
1.123078419167798138e-03 6.030383093522676541e-01
1.125149527265701353e-03 6.040949999518668845e-01
1.127224454766311869e-03 6.051534941677705337e-01
1.129303208713120909e-03 6.062137948141084198e-01
1.131385796162613861e-03 6.072759047085786177e-01
1.133472224184284369e-03 6.083398266724422410e-01
1.135562499860666864e-03 6.094055635305309915e-01
1.137656630287356722e-03 6.104731181112486027e-01
1.139754622573031090e-03 6.115424932465685082e-01
1.141856483839481405e-03 6.126136917720435004e-01
1.143962221221627709e-03 6.136867165267997359e-01
1.146071841867551174e-03 6.147615703535445064e-01
1.148185352938515353e-03 6.158382560985682375e-01
1.150302761608986346e-03 6.169167766117418239e-01
1.152424075066665974e-03 6.179971347465239573e-01
1.154549300512506095e-03 6.190793333599606818e-01
1.156678445160741779e-03 6.201633753126873927e-01
1.158811516238911904e-03 6.212492634689334992e-01
1.160948520987880846e-03 6.223370006965195378e-01
1.163089466661869050e-03 6.234265898668637229e-01
1.165234360528475148e-03 6.245180338549838339e-01
1.167383209868696559e-03 6.256113355394945508e-01
1.169536021976962667e-03 6.267064978026168909e-01
1.171692804161149782e-03 6.278035235301727690e-01
1.173853563742614532e-03 6.289024156115916586e-01
1.176018308056215331e-03 6.300031769399135895e-01
1.178187044450333416e-03 6.311058104116905598e-01
1.180359780286906017e-03 6.322103189187955330e-01
1.182536522941441976e-03 6.333167053420104553e-01
1.184717279803055787e-03 6.344249725640773718e-01
1.186902058274487545e-03 6.355351234711861252e-01
1.189090865772125935e-03 6.366471609529702480e-01
1.191283709726041187e-03 6.377610879025141788e-01
1.193480597580000692e-03 6.388769072163511531e-01
1.195681536791503045e-03 6.399946217944649796e-01
1.197886534831798860e-03 6.411142345402935927e-01
1.200095599185913974e-03 6.422357483607248341e-01
1.202308737352681756e-03 6.433591661661033356e-01
1.204525956844759802e-03 6.444844908702290764e-01
1.206747265188663765e-03 6.456117253903579378e-01
1.208972669924789035e-03 6.467408726472061442e-01
1.211202178607433295e-03 6.478719355649462663e-01
1.213435798804829912e-03 6.490049170712131055e-01
1.215673538099163982e-03 6.501398200971024721e-01
1.217915404086607244e-03 6.512766475771722963e-01
1.220161404377339762e-03 6.524154024494466242e-01
1.222411546595572043e-03 6.535560876554112886e-01
1.224665838379579300e-03 6.546987061400199037e-01
1.226924287381718362e-03 6.558432608516930884e-01
1.229186901268461505e-03 6.569897547423190209e-01
1.231453687720418782e-03 6.581381907672575471e-01
1.233724654432360795e-03 6.592885718853351840e-01
1.235999809113253606e-03 6.604409010588528917e-01
1.238279159486274129e-03 6.615951812535826315e-01
1.240562713288845698e-03 6.627514154387709189e-01
1.242850478272661263e-03 6.639096065871380459e-01
1.245142462203703993e-03 6.650697576748807460e-01
1.247438672862284355e-03 6.662318716816720832e-01
1.249739118043055727e-03 6.673959515906614515e-01
1.252043805555049091e-03 6.685620003884789053e-01
1.254352743221697321e-03 6.697300210652347152e-01
1.256665938880855782e-03 6.709000166139826860e-01
1.258983400384840060e-03 6.720719900177472006e-01
1.261305135600440707e-03 6.732459442486947720e-01
1.263631152408959454e-03 6.744218822815986059e-01
1.265961458706232846e-03 6.755998070945128386e-01
1.268296062402653928e-03 6.767797216687719830e-01
1.270634971423209103e-03 6.779616289889930369e-01
1.272978193707494186e-03 6.791455320430708209e-01
1.275325737209750824e-03 6.803314338221848612e-01
1.277677609898888837e-03 6.815193373207941718e-01
1.280033819758510287e-03 6.827092455366366996e-01
1.282394374786945254e-03 6.839011614707356523e-01
1.284759282997268532e-03 6.850950881273907278e-01
1.287128552417336064e-03 6.862910285141864408e-01
1.289502191089808136e-03 6.874889856419859058e-01
1.291880207072173018e-03 6.886889625249341673e-01
1.294262608436783394e-03 6.898909621804566461e-01
1.296649403270872620e-03 6.910949876292578065e-01
1.299040599676592675e-03 6.923010418953262635e-01
1.301436205771036494e-03 6.935091280059286767e-01
1.303836229686262472e-03 6.947192489916125258e-01
1.306240679569330675e-03 6.959314078862058883e-01
1.308649563582319972e-03 6.971456077268153306e-01
1.311062889902365764e-03 6.983618515538299043e-01
1.313480666721682536e-03 6.995801424109169275e-01
1.315902902247588577e-03 7.008004833450223181e-01
1.318329604702541758e-03 7.020228774063733690e-01
1.320760782324162949e-03 7.032473276484751956e-01
1.323196443365260745e-03 7.044738371281122902e-01
1.325636596093867888e-03 7.057024089053477445e-01
1.328081248793259485e-03 7.069330460435211405e-01
1.330530409761989871e-03 7.081657516092537685e-01
1.332984087313917329e-03 7.094005286724417436e-01
1.335442289778227725e-03 7.106373803062598915e-01
1.337905025499472452e-03 7.118763095870415114e-01
1.340372302837586219e-03 7.131173195832511968e-01
1.342844130167924772e-03 7.143604133464570571e-01
1.345320515881288318e-03 7.156055939291749990e-01
1.347801468383947763e-03 7.168528643869630512e-01
1.350286996097681139e-03 7.181022277784196994e-01
1.352777107459792252e-03 7.193536871651792231e-01
1.355271810923148199e-03 7.206072456119161362e-01
1.357771114956204299e-03 7.218629061863400809e-01
1.360275028043029470e-03 7.231206719591914966e-01
1.362783558683342651e-03 7.243805460042485045e-01
1.365296715392533191e-03 7.256425313983156933e-01
1.367814506701697059e-03 7.269066312212314473e-01
1.370336941157663298e-03 7.281728485558607300e-01
1.372864027323018312e-03 7.294411864880929741e-01
1.375395773776144246e-03 7.307116481068476332e-01
1.377932189111237635e-03 7.319842365040621912e-01
1.380473281938348219e-03 7.332589547747013770e-01
1.383019060883403442e-03 7.345358060167476166e-01
1.385569534588234047e-03 7.358147933312008115e-01
1.388124711710613099e-03 7.370959198220822239e-01
1.390684600924274638e-03 7.383791885964243740e-01
1.393249210918951408e-03 7.396646027642757026e-01
1.395818550400402180e-03 7.409521654386979073e-01
1.398392628090435602e-03 7.422418797357602793e-01
1.400971452726950534e-03 7.435337487745445895e-01
1.403555033063953175e-03 7.448277756771350955e-01
1.406143377871598701e-03 7.461239635686259808e-01
1.408736495936214897e-03 7.474223155771125837e-01
1.411334396060328396e-03 7.487228348336903982e-01
1.413937087062705229e-03 7.500255244724592929e-01
1.416544577778368168e-03 7.513303876305126305e-01
1.419156877058637281e-03 7.526374274479419313e-01
1.421773993771155735e-03 7.539466470678348742e-01
1.424395936799915593e-03 7.552580496335036253e-01
1.427022715045296640e-03 7.565716382672345031e-01
1.429654337424091743e-03 7.578874160817746786e-01
1.432290812869533745e-03 7.592053861924856761e-01
1.434932150331334711e-03 7.605255517174387414e-01
1.437578358775706095e-03 7.618479157774106225e-01
1.440229447185397988e-03 7.631724814958843472e-01
1.442885424559726222e-03 7.644992519990428947e-01
1.445546299914598392e-03 7.658282304157643106e-01
1.448212082282553754e-03 7.671594198776248152e-01
1.450882780712784044e-03 7.684928235188883683e-01
1.453558404271172071e-03 7.698284444765076673e-01
1.456238962040320344e-03 7.711662858901223716e-01
1.458924463119576223e-03 7.725063509020482222e-01
1.461614916625072905e-03 7.738486426572849242e-01
1.464310331689749802e-03 7.751931643035004926e-01
1.467010717463392878e-03 7.765399189910398015e-01
1.469716083112661102e-03 7.778889098729125928e-01
1.472426437821113985e-03 7.792401401047918119e-01
1.475141790789252783e-03 7.805936128450154943e-01
1.477862151234539357e-03 7.819493312545747754e-01
1.480587528391438899e-03 7.833072984971167774e-01
1.483317931511445292e-03 7.846675177389409450e-01
1.486053369863109958e-03 7.860299921489898312e-01
1.488793852732082186e-03 7.873947248988536485e-01
1.491539389421129083e-03 7.887617191627590563e-01
1.494289989250178292e-03 7.901309781175701596e-01
1.497045661556344444e-03 7.915025049427862891e-01
1.499806415693956483e-03 7.928763028205308983e-01
1.502572261034600164e-03 7.942523749355583362e-01
1.505343206967137788e-03 7.956307244752399699e-01
1.508119262897749833e-03 7.970113546295671814e-01
1.510900438249964013e-03 7.983942685911477044e-01
1.513686742464681297e-03 7.997794695485844763e-01
1.516478185000218843e-03 8.011669606635301033e-01
1.519274775332330168e-03 8.025567450917496792e-01
1.522076522954248293e-03 8.039488259913002421e-01
1.524883437376712853e-03 8.053432065225254455e-01
1.527695528127997852e-03 8.067398898480454550e-01
1.530512804753954813e-03 8.081388791327571708e-01
1.533335276818033376e-03 8.095401775438268999e-01
1.536162953901323586e-03 8.109437882506832507e-01
1.538995845602584515e-03 8.123497144250180213e-01
1.541833961538272230e-03 8.137579592407709894e-01
1.544677311342582734e-03 8.151685258741360185e-01
1.547525904667472344e-03 8.165814175035452926e-01
1.550379751182702145e-03 8.179966373096705379e-01
1.553238860575865531e-03 8.194141884754178040e-01
1.556103242552415739e-03 8.208340741859159184e-01
1.558972906835710956e-03 8.222562976285175962e-01
1.561847863167034481e-03 8.236808619927913355e-01
1.564728121305638099e-03 8.251077704705150895e-01
1.567613691028771350e-03 8.265370262556738234e-01
1.570504582131709284e-03 8.279686325444481909e-01
1.573400804427797133e-03 8.294025925352154216e-01
1.576302367748471343e-03 8.308389094285402177e-01
1.579209281943302944e-03 8.322775864271682034e-01
1.582121556880027469e-03 8.337186267360248149e-01
1.585039202444572934e-03 8.351620335622034208e-01
1.587962228541104498e-03 8.366078101149641011e-01
1.590890645092045939e-03 8.380559596057260974e-01
1.593824462038123668e-03 8.395064852480628170e-01
1.596763689338396436e-03 8.409593902576951718e-01
1.599708336970284174e-03 8.424146778524869150e-01
1.602658414929612665e-03 8.438723512524372028e-01
1.605613933230635006e-03 8.453324136719920778e-01
1.608574901906076500e-03 8.467948682936523586e-01
1.611541331007164792e-03 8.482597182923308221e-01
1.614513230603657626e-03 8.497269668446983948e-01
1.617490610783890335e-03 8.511966171291753813e-01
1.620473481654794703e-03 8.526686723259231382e-01
1.623461853341946889e-03 8.541431356168398548e-01
1.626455735989595832e-03 8.556200101855518936e-01
1.629455139760692525e-03 8.570992992174008007e-01
1.632460074836935334e-03 8.585810058994438609e-01
1.635470551418798405e-03 8.600651334204409970e-01
1.638486579725562239e-03 8.615516849708489966e-01
1.641508169995360093e-03 8.630406637428137406e-01
1.644535332485198582e-03 8.645320729301612106e-01
1.647568077471004517e-03 8.660259157283910492e-01
1.650606415247655697e-03 8.675221953346706760e-01
1.653650356129008877e-03 8.690209149478204109e-01
1.656699910447948778e-03 8.705220777683130295e-01
1.659755088556408038e-03 8.720256869982626613e-01
1.662815900825414693e-03 8.735317458414167957e-01
1.665882357645122325e-03 8.750402575031481778e-01
1.668954469424840849e-03 8.765512251904479246e-01
1.672032246593082487e-03 8.780646521119165326e-01
1.675115699597584532e-03 8.795805414777551068e-01
1.678204838905356404e-03 8.810988964997586992e-01
1.681299675002710008e-03 8.826197203913070943e-01
1.684400218395290310e-03 8.841430163673573706e-01
1.687506479608123040e-03 8.856687876444340191e-01
1.690618469185636592e-03 8.871970374406237259e-01
1.693736197691709947e-03 8.887277689755633814e-01
1.696859675709703249e-03 8.902609854704343073e-01
1.699988913842488160e-03 8.917966901431055859e-01
1.703123922712497518e-03 8.933348861767612670e-01
1.706264712961745068e-03 8.948755767394614979e-01
1.709411295251875990e-03 8.964187650003033747e-01
1.712563680264196815e-03 8.979644541294830029e-01
1.715721878699706226e-03 8.995126472982892807e-01
1.718885901279144490e-03 9.010633476790932406e-01
1.722055758743015145e-03 9.026165584453342827e-01
1.725231461851633790e-03 9.041722827715175104e-01
1.728413021385159527e-03 9.057305238331954111e-01
1.731600448143626615e-03 9.072912848069620839e-01
1.734793752946992614e-03 9.088545688704414705e-01
1.737992946635161587e-03 9.104203792022752539e-01
1.741198040068033534e-03 9.119887189821168638e-01
1.744409044125534974e-03 9.135595913906169319e-01
1.747625969707651897e-03 9.151329996094117458e-01
1.750848827734475741e-03 9.167089468211191416e-01
1.754077629146236781e-03 9.182874362093202958e-01
1.757312384903334922e-03 9.198684709585531749e-01
1.760553105986389791e-03 9.214520542543016557e-01
1.763799803396263501e-03 9.230381892829803148e-01
1.767052488154110743e-03 9.246268792319330965e-01
1.770311171301410446e-03 9.262181272894125517e-01
1.773575863899998304e-03 9.278119366445742866e-01
1.776846577032117078e-03 9.294083104874646395e-01
1.780123321800438502e-03 9.310072520090081349e-01
1.783406109328115755e-03 9.326087644010011557e-01
1.786694950758813604e-03 9.342128508560962885e-01
1.789989857256742232e-03 9.358195145677925542e-01
1.793290840006707540e-03 9.374287587304253044e-01
1.796597910214134137e-03 9.390405865379474193e-01
1.799911079105116730e-03 9.406550011549540402e-01
1.803230357926452216e-03 9.422720057149870376e-01
1.806555757945672424e-03 9.438916033504516356e-01
1.809887290451095941e-03 9.455137971940861252e-01
1.813224966751850664e-03 9.471385903789467653e-01
1.816568798177925839e-03 9.487659860384004551e-01
1.819918796080204808e-03 9.503959873061056385e-01
1.823274971830497531e-03 9.520285973159972048e-01
1.826637336821593065e-03 9.536638192022842686e-01
1.830005902467282328e-03 9.553016560994214146e-01
1.833380680202410795e-03 9.569421111421092530e-01
1.836761681482911241e-03 9.585851874652719928e-01
1.840148917785837130e-03 9.602308882040453408e-01
1.843542400609414445e-03 9.618792164937690625e-01
1.846942141473066189e-03 9.635301754699618915e-01
1.850348151917464209e-03 9.651837682683204189e-01
1.853760443504563239e-03 9.668399980246975556e-01
1.857179027817633865e-03 9.684988678750876545e-01
1.860603916461315210e-03 9.701603809556217373e-01
1.864035121061639660e-03 9.718245404025405154e-01
1.867472653266084902e-03 9.734913493521938355e-01
1.870916524743608620e-03 9.751608109410182523e-01
1.874366747184681671e-03 9.768329283055218193e-01
1.877823332301341210e-03 9.785077045822797581e-01
1.881286291827215630e-03 9.801851429079083688e-01
1.884755637517577034e-03 9.818652464190590345e-01
1.888231381149376364e-03 9.835480182524040105e-01
1.891713534521276578e-03 9.852334615446133315e-01
1.895202109453707076e-03 9.869215794323537017e-01
1.898697117788887773e-03 9.886123750390147791e-01
1.902198571390882869e-03 9.903058514402337531e-01
1.905706482145636200e-03 9.920020117004736404e-01
1.909220861961003976e-03 9.937008588836351297e-01
1.912741722766810948e-03 9.954023960530483661e-01
1.916269076514873606e-03 9.971066262714440853e-01
1.919802935179055255e-03 9.988135526009459531e-01
1.923343310755300717e-03 1.000523178103054134e+00
1.926890215261671015e-03 1.002235505838619423e+00
1.930443660738397592e-03 1.003950538867840026e+00
1.934003659247908761e-03 1.005668280250231916e+00
1.937570222874882399e-03 1.007388733044619622e+00
1.941143363726282808e-03 1.009111900309120680e+00
1.944723093931394978e-03 1.010837785101118991e+00
1.948309425641880314e-03 1.012566390477261713e+00
1.951902371031800703e-03 1.014297719493428396e+00
1.955501942297675766e-03 1.016031775204722765e+00
1.959108151658515810e-03 1.017768560665455846e+00
1.962721011355859999e-03 1.019508078929120654e+00
1.966340533653829475e-03 1.021250333048385306e+00
1.969966730839154898e-03 1.022995326075067712e+00
1.973599615221230657e-03 1.024743061060120253e+00
1.977239199132151733e-03 1.026493541053619118e+00
1.980885494926748827e-03 1.028246769104733671e+00
1.984538514982645170e-03 1.030002748261721113e+00
1.988198271700281246e-03 1.031761481571902284e+00
1.991864777502972035e-03 1.033522972081645674e+00
1.995538044836943446e-03 1.035287222836352994e+00
1.999218086171366138e-03 1.037054236879125124e+00
2.002904913998415810e-03 1.038824017215978612e+00
2.006598540833295311e-03 1.040596566811878620e+00
2.010298979214294925e-03 1.042371888628172538e+00
2.014006241702826199e-03 1.044149985624608146e+00
2.017720340883459671e-03 1.045930860759306746e+00
2.021441289363982118e-03 1.047714516988748956e+00
2.025169099775422574e-03 1.049500957267751833e+00
2.028903784772109146e-03 1.051290184549447115e+00
2.032645357031706308e-03 1.053082201785268568e+00
2.036393829255251763e-03 1.054877011924917785e+00
2.040149214167214127e-03 1.056674617916355974e+00
2.043911524515518944e-03 1.058475022705779978e+00
2.047680773071606803e-03 1.060278229237596959e+00
2.051456972630471502e-03 1.062084240454413298e+00
2.055240136010695173e-03 1.063893059297002397e+00
2.059030276054505965e-03 1.065704688704292025e+00
2.062827405627814907e-03 1.067519131613343886e+00
2.066631537620252333e-03 1.069336390959323868e+00
2.070442684945228602e-03 1.071156469675495160e+00
2.074260860539958815e-03 1.072979370693181611e+00
2.078086077365522664e-03 1.074805096941759075e+00
2.081918348406901296e-03 1.076633651348629872e+00
2.085757686673016340e-03 1.078465036839198588e+00
2.089604105196788027e-03 1.080299256336855640e+00
2.093457617035161637e-03 1.082136312762953301e+00
2.097318235269168222e-03 1.083976209036785265e+00
2.101185973003962763e-03 1.085818948075566670e+00
2.105060843368860169e-03 1.087664532788155114e+00
2.108942859517397295e-03 1.089512966028455487e+00
2.112832034627358524e-03 1.091364250621311260e+00
2.116728381900836054e-03 1.093218389388617373e+00
2.120631914564269794e-03 1.095075385149497649e+00
2.124542645868483359e-03 1.096935240720269711e+00
2.128460589088743485e-03 1.098797958914432771e+00
2.132385757524798628e-03 1.100663542542641427e+00
2.136318164500917126e-03 1.102531994412671912e+00
2.140257823365946614e-03 1.104403317329409884e+00
2.144204747493345248e-03 1.106277514094820003e+00
2.148158950281238953e-03 1.108154587507920175e+00
2.152120445152460888e-03 1.110034540364766009e+00
2.156089245554592207e-03 1.111917375458410184e+00
2.160065364960022348e-03 1.113803095578896230e+00
2.164048816865975916e-03 1.115691703513218780e+00
2.168039614794574702e-03 1.117583202045307589e+00
2.172037772292878446e-03 1.119477593956002881e+00
2.176043302932921270e-03 1.121374882023022268e+00
2.180056220311775862e-03 1.123275069020944761e+00
2.184076538051580793e-03 1.125178157721183680e+00
2.188104269799601674e-03 1.127084150891957348e+00
2.192139429228271916e-03 1.128993051298269545e+00
2.196182030035232630e-03 1.130904861701879760e+00
2.200232085943392910e-03 1.132819584861281870e+00
2.204289610700961057e-03 1.134737223531675943e+00
2.208354618081505294e-03 1.136657780464944034e+00
2.212427121883993666e-03 1.138581258397476370e+00
2.216507135932834372e-03 1.140507659999198564e+00
2.220594674077940381e-03 1.142436987915764091e+00
2.224689750194754588e-03 1.144369244788747020e+00
2.228792378184316601e-03 1.146304433255625810e+00
2.232902571973300471e-03 1.148242555949751775e+00
2.237020345514055888e-03 1.150183615500324219e+00
2.241145712784673241e-03 1.152127614532360456e+00
2.245278687789008763e-03 1.154074555666663615e+00
2.249419284556753058e-03 1.156024441519804435e+00
2.253567517143467962e-03 1.157977274704081960e+00
2.257723399630628611e-03 1.159933057827500003e+00
2.261886946125688490e-03 1.161891793493738945e+00
2.266058170762106760e-03 1.163853484302122210e+00
2.270237087699414607e-03 1.165818132847595612e+00
2.274423711123254709e-03 1.167785741720690940e+00
2.278618055245423303e-03 1.169756313507500201e+00
2.282820134303933501e-03 1.171729850789647420e+00
2.287029962563047383e-03 1.173706356144253338e+00
2.291247554313338448e-03 1.175685832143919196e+00
2.295472923871733247e-03 1.177668281356683666e+00
2.299706085581555183e-03 1.179653706346001085e+00
2.303947053812586965e-03 1.181642109670710594e+00
2.308195842961102261e-03 1.183633493885003718e+00
2.312452467449929890e-03 1.185627861538402161e+00
2.316716941728496747e-03 1.187625215175722504e+00
2.320989280272869014e-03 1.189625557324650806e+00
2.325269497585819370e-03 1.191628890442991473e+00
2.329557608196853886e-03 1.193635216961952850e+00
2.333853626662281845e-03 1.195644539307247900e+00
2.338157567565256074e-03 1.197656859899064008e+00
2.342469445515815013e-03 1.199672181152034334e+00
2.346789275150949934e-03 1.201690505475204507e+00
2.351117071134634865e-03 1.203711835271997321e+00
2.355452848157893811e-03 1.205736172940186757e+00
2.359796620938842387e-03 1.207763520871859786e+00
2.364148404222731620e-03 1.209793881453380404e+00
2.368508212782014302e-03 1.211827257065368757e+00
2.372876061416376216e-03 1.213863650082651402e+00
2.377251964952802488e-03 1.215903062874246210e+00
2.381635938245621389e-03 1.217945497803315069e+00
2.386027996176547702e-03 1.219990957227134576e+00
2.390428153654749078e-03 1.222039443497069167e+00
2.394836425616878994e-03 1.224090958958527375e+00
2.399252827027141804e-03 1.226145505950936077e+00
2.403677372877340013e-03 1.228203086807706512e+00
2.408110078186914173e-03 1.230263703856193658e+00
2.412550958003012707e-03 1.232327359417673129e+00
2.417000027400523568e-03 1.234394055807295887e+00
2.421457301482142326e-03 1.236463795334067139e+00
2.425922795378415101e-03 1.238536580300803047e+00
2.430396524247784105e-03 1.240612412997015745e+00
2.434878503276655722e-03 1.242691295639134275e+00
2.439368747679431740e-03 1.244773230400068487e+00
2.443867272698579604e-03 1.246858219445285521e+00
2.448374093604674482e-03 1.248946264933151751e+00
2.452889225696446539e-03 1.251037369014884160e+00
2.457412684300848155e-03 1.253131533834527467e+00
2.461944484773086889e-03 1.255228761528903947e+00
2.466484642496694860e-03 1.257329054227587672e+00
2.471033172883572993e-03 1.259432414052858551e+00
2.475590091374036978e-03 1.261538843119666575e+00
2.480155413436886235e-03 1.263648343535602070e+00
2.484729154569436868e-03 1.265760917400843955e+00
2.489311330297591923e-03 1.267876566808134653e+00
2.493901956175885188e-03 1.269995293842740569e+00
2.498501047787528902e-03 1.272117100582403015e+00
2.503108620744482274e-03 1.274241989097318228e+00
2.507724690687484874e-03 1.276369961450083190e+00
2.512349273286127761e-03 1.278501019695666985e+00
2.516982384238899018e-03 1.280635165881373272e+00
2.521624039273228420e-03 1.282772402046791882e+00
2.526274254145558125e-03 1.284912730223775501e+00
2.530933044641385608e-03 1.287056152436389489e+00
2.535600426575313534e-03 1.289202670700876130e+00
2.540276415791116547e-03 1.291352287024894574e+00
2.544961028161779430e-03 1.293505003365970740e+00
2.549654279589564764e-03 1.295660821608742408e+00
2.554356186006061930e-03 1.297819743623686906e+00
2.559066763372232645e-03 1.299981771272502362e+00
2.563786027678482526e-03 1.302146906408081728e+00
2.568513994944696208e-03 1.304315150874455931e+00
2.573250681220307610e-03 1.306486506506761236e+00
2.577996102584349802e-03 1.308660975131199278e+00
2.582750275145498375e-03 1.310838558564983547e+00
2.587513215042146469e-03 1.313019258616313190e+00
2.592284938442438163e-03 1.315203077084316385e+00
2.597065461544341338e-03 1.317390015759017929e+00
2.601854800575696246e-03 1.319580076421295711e+00
2.606652971794259747e-03 1.321773260842831643e+00
2.611459991487782070e-03 1.323969570786081462e+00
2.616275875974039770e-03 1.326169008004218552e+00
2.621100641600908158e-03 1.328371574241101527e+00
2.625934304746412040e-03 1.330577271231231595e+00
2.630776881818770382e-03 1.332786100699700160e+00
2.635628389256469174e-03 1.334998064362157066e+00
2.640488843528309565e-03 1.337213163924765968e+00
2.645358261133455135e-03 1.339431401084151929e+00
2.650236658601506923e-03 1.341652777527374552e+00
2.655124052492538120e-03 1.343877294924278765e+00
2.660020459397169097e-03 1.346104954861608416e+00
2.664925895936615108e-03 1.348335758874699586e+00
2.669840378762735299e-03 1.350569708487875165e+00
2.674763924558108165e-03 1.352806805214857189e+00
2.679696550036066247e-03 1.355047050558707555e+00
2.684638271940771592e-03 1.357290446011790053e+00
2.689589107047264324e-03 1.359536993055726395e+00
2.694549072161513386e-03 1.361786693161338935e+00
2.699518184120489397e-03 1.364039547788618023e+00
2.704496459792202386e-03 1.366295558386661169e+00
2.709483916075778112e-03 1.368554726393636178e+00
2.714480569901504912e-03 1.370817053236737415e+00
2.719486438230886600e-03 1.373082540332122292e+00
2.724501538056716202e-03 1.375351189084886405e+00
2.729525886403112375e-03 1.377623000888997362e+00
2.734559500325597914e-03 1.379897977127259034e+00
2.739602396911147882e-03 1.382176119171266260e+00
2.744654593278239053e-03 1.384457428381342670e+00
2.749716106576928411e-03 1.386741906106512046e+00
2.754786953988889574e-03 1.389029553684438811e+00
2.759867152727489559e-03 1.391320372441385178e+00
2.764956720037837785e-03 1.393614363692164737e+00
2.770055673196839853e-03 1.395911528727403983e+00
2.775164029513271704e-03 1.398211868743648667e+00
2.780281806327818215e-03 1.400515384892264681e+00
2.785409021013152131e-03 1.402822078312042420e+00
2.790545690973983070e-03 1.405131950129237417e+00
2.795691833647107830e-03 1.407445001457510170e+00
2.800847466501492789e-03 1.409761233397884395e+00
2.806012607038305129e-03 1.412080647038690628e+00
2.811187272790997838e-03 1.414403243455517156e+00
2.816371481325356113e-03 1.416729023711161384e+00
2.821565250239551140e-03 1.419057988855570551e+00
2.826768597164218150e-03 1.421390139925800433e+00
2.831981539762495458e-03 1.423725477945956719e+00
2.837204095730101652e-03 1.426064003927147938e+00
2.842436282795389804e-03 1.428405718867433949e+00
2.847678118719397782e-03 1.430750623751769313e+00
2.852929621295927608e-03 1.433098719551957112e+00
2.858190808351585357e-03 1.435450007226596991e+00
2.863461697745859659e-03 1.437804487721028535e+00
2.868742307371174166e-03 1.440162161967288856e+00
2.874032655152940902e-03 1.442523030884047985e+00
2.879332759049639187e-03 1.444887095376568897e+00
2.884642637052855108e-03 1.447254356330067493e+00
2.889962307187363046e-03 1.449624814541830675e+00
2.895291787511176419e-03 1.451998470748004477e+00
2.900631096115601892e-03 1.454375325669535979e+00
2.905980251125320907e-03 1.456755380012852097e+00
2.911339270698426115e-03 1.459138634469799412e+00
2.916708173026507245e-03 1.461525089717602199e+00
2.922086976334699673e-03 1.463914746418790935e+00
2.927475698881740369e-03 1.466307605221158994e+00
2.932874358960049863e-03 1.468703666757698034e+00
2.938282974895770842e-03 1.471102931646551593e+00
2.943701565048849680e-03 1.473505400490952688e+00
2.949130147813091955e-03 1.475911073879170976e+00
2.954568741616214050e-03 1.478319952384457459e+00
2.960017364919928593e-03 1.480732036564987419e+00
2.965476036219981751e-03 1.483147326963802248e+00
2.970944774046236497e-03 1.485565824108762589e+00
2.976423596962728124e-03 1.487987528512480839e+00
2.981912523567718017e-03 1.490412440672273409e+00
2.987411572493776056e-03 1.492840561070101435e+00
2.992920762407821813e-03 1.495271890172511275e+00
2.998440112011208254e-03 1.497706428430421122e+00
3.003969640039775950e-03 1.500144176239534222e+00
3.009509365263908151e-03 1.502585133888831859e+00
3.015059306488614057e-03 1.505029301638158401e+00
3.020619482553571749e-03 1.507476679730717750e+00
3.026189912333209723e-03 1.509927268393034039e+00
3.031770614736764569e-03 1.512381067834877912e+00
3.037361608708333445e-03 1.514838078249211017e+00
3.042962913226962985e-03 1.517298299812133155e+00
3.048574547306686158e-03 1.519761732682807898e+00
3.054196529996610308e-03 1.522228377003420396e+00
3.059828880380971363e-03 1.524698232899104111e+00
3.065471617579190646e-03 1.527171300477882632e+00
3.071124760745959879e-03 1.529647579830619497e+00
3.076788329071282815e-03 1.532127071030942478e+00
3.082462341780560673e-03 1.534609774135200722e+00
3.088146818134649817e-03 1.537095689182390368e+00
3.093841777429916402e-03 1.539584816194098371e+00
3.099547238998324409e-03 1.542077155174450986e+00
3.105263222207475544e-03 1.544572706110038052e+00
3.110989746460697709e-03 1.547071468969864139e+00
3.116726831197101817e-03 1.549573443704235221e+00
3.122474495891636864e-03 1.552078630193748365e+00
3.128232760055175369e-03 1.554587028226110501e+00
3.134001643234571918e-03 1.557098637564566790e+00
3.139781165012716941e-03 1.559613457953604732e+00
3.145571345008629088e-03 1.562131489118893768e+00
3.151372202877492090e-03 1.564652730767212230e+00
3.157183758310747566e-03 1.567177182586393824e+00
3.163006031036150970e-03 1.569704844245260134e+00
3.168839040817827968e-03 1.572235715393550004e+00
3.174682807456361607e-03 1.574769795661870253e+00
3.180537350788849998e-03 1.577307084661621728e+00
3.186402690688968330e-03 1.579847581984936022e+00
3.192278847067039124e-03 1.582391287204614638e+00
3.198165839870110733e-03 1.584938199874063480e+00
3.204063689082012421e-03 1.587488319527234237e+00
3.209972414723429816e-03 1.590041645678550664e+00
3.215892036851959561e-03 1.592598177822852845e+00
3.221822575562199951e-03 1.595157915435329254e+00
3.227764050985794300e-03 1.597720857971454134e+00
3.233716483291519846e-03 1.600287004866824292e+00
3.239679892685349335e-03 1.602856355498962326e+00
3.245654299410506531e-03 1.605428909129055892e+00
3.251639723747560759e-03 1.608004664982584098e+00
3.257636186014468103e-03 1.610583622264019077e+00
3.263643706566662916e-03 1.613165780156777140e+00
3.269662305797118966e-03 1.615751137823139061e+00
3.275692004136406248e-03 1.618339694404183238e+00
3.281732822052785530e-03 1.620931449019727966e+00
3.287784780052249983e-03 1.623526400768251721e+00
3.293847898678619289e-03 1.626124548726837427e+00
3.299922198513597759e-03 1.628725891951096738e+00
3.306007700176835477e-03 1.631330429475102095e+00
3.312104424326021979e-03 1.633938160311332100e+00
3.318212391656928748e-03 1.636549083450582254e+00
3.324331622903501596e-03 1.639163197861920107e+00
3.330462138837925277e-03 1.641780502492602878e+00
3.336603960270678564e-03 1.644400996268011506e+00
3.342757108050632264e-03 1.647024678091594030e+00
3.348921603065092151e-03 1.649651546844780770e+00
3.355097466239892641e-03 1.652281601382931342e+00
3.361284718539457941e-03 1.654914840466273240e+00
3.367483380966863633e-03 1.657551262768579559e+00
3.373693474563931646e-03 1.660190866938313192e+00
3.379915020411273629e-03 1.662833651600666318e+00
3.386148039628387226e-03 1.665479615357508658e+00
3.392392553373718093e-03 1.668128756787302214e+00
3.398648582844718876e-03 1.670781074445034431e+00
3.404916149277948962e-03 1.673436566862158692e+00
3.411195273949115675e-03 1.676095232546504166e+00
3.417485978173171856e-03 1.678757069982222738e+00
3.423788283304379180e-03 1.681422077629712408e+00
3.430102210736368003e-03 1.684090253925539571e+00
3.436427781902235377e-03 1.686761597282383729e+00
3.442765018274590583e-03 1.689436106088950007e+00
3.449113941365651841e-03 1.692113778709913197e+00
3.455474572727307465e-03 1.694794613485840262e+00
3.461846933951181343e-03 1.697478608733113736e+00
3.468231046668728348e-03 1.700165762743877762e+00
3.474626932551281178e-03 1.702856073782558211e+00
3.481034613310147931e-03 1.705549540017136989e+00
3.487454110696674558e-03 1.708246159521757734e+00
3.493885446502309911e-03 1.710945930342352650e+00
3.500328642558702026e-03 1.713648850499329024e+00
3.506783720737747124e-03 1.716354917987476414e+00
3.513250702951684588e-03 1.719064130775906474e+00
3.519729611153164621e-03 1.721776486807980566e+00
3.526220467335309822e-03 1.724491984001221612e+00
3.532723293531815807e-03 1.727210620247262574e+00
3.539238111816995439e-03 1.729932393411753200e+00
3.545764944305882481e-03 1.732657301334297406e+00
3.552303813154291875e-03 1.735385341828385108e+00
3.558854740558887834e-03 1.738116512681301851e+00
3.565417748757281416e-03 1.740850811654074404e+00
3.571992860028078663e-03 1.743588236481383058e+00
3.578580096690981219e-03 1.746328784871496564e+00
3.585179481106851810e-03 1.749072454506203522e+00
3.591791035677777567e-03 1.751819243040721785e+00
3.598414782847173671e-03 1.754569148077406382e+00
3.605050745099829326e-03 1.757322167095191734e+00
3.611698944962009241e-03 1.760078297523261392e+00
3.618359405001519979e-03 1.762837536763040225e+00
3.625032147827774148e-03 1.765599882188103820e+00
3.631717196091895777e-03 1.768365331144120756e+00
3.638414572486764129e-03 1.771133880948767336e+00
3.645124299747119073e-03 1.773905528891652095e+00
3.651846400649626581e-03 1.776680272234250513e+00
3.658580898012944206e-03 1.779458108209809764e+00
3.665327814697825169e-03 1.782239034023295199e+00
3.672087173607166497e-03 1.785023046851301531e+00
3.678858997686111805e-03 1.787810143841979782e+00
3.685643309922119817e-03 1.790600322114969334e+00
3.692440133345028120e-03 1.793393578761311113e+00
3.699249491027161146e-03 1.796189910843383641e+00
3.706071406083376145e-03 1.798989315394819988e+00
3.712905901671168570e-03 1.801791789420432055e+00
3.719753000990739297e-03 1.804597329866576949e+00
3.726612727285062276e-03 1.807405933551424093e+00
3.733485103839989487e-03 1.810217597242586018e+00
3.740370153984300811e-03 1.813032317677624627e+00
3.747267901089808544e-03 1.815850091563978363e+00
3.754178368571425058e-03 1.818670915578880498e+00
3.761101579887232618e-03 1.821494786369285412e+00
3.768037558538587899e-03 1.824321700551790437e+00
3.774986328070171863e-03 1.827151654712554585e+00
3.781947912070097312e-03 1.829984645407233268e+00
3.788922334169976536e-03 1.832820669160888372e+00
3.795909618044989407e-03 1.835659722467918753e+00
3.802909787413991799e-03 1.838501801791981416e+00
3.809922866039565457e-03 1.841346903565912907e+00
3.816948877728124686e-03 1.844195024191660481e+00
3.823987846329985740e-03 1.847046160040195950e+00
3.831039795739437075e-03 1.849900307451444847e+00
3.838104749894846474e-03 1.852757462729581084e+00
3.845182732778711782e-03 1.855617622074913431e+00
3.852273768417769761e-03 1.858480781598281562e+00
3.859377880883061579e-03 1.861346937376738842e+00
3.866495094290023013e-03 1.864216085455072003e+00
3.873625432798553838e-03 1.867088221845707663e+00
3.880768920613107166e-03 1.869963342528642825e+00
3.887925581982781820e-03 1.872841443451370047e+00
3.895095441201389553e-03 1.875722520528790183e+00
3.902278522607548726e-03 1.878606569643145319e+00
3.909474850584752394e-03 1.881493586643930627e+00
3.916684449561461112e-03 1.884383567347817978e+00
3.923907344011190977e-03 1.887276507538592885e+00
3.931143558452587783e-03 1.890172402967056575e+00
3.938393117449518095e-03 1.893071249350968710e+00
3.945656045611137773e-03 1.895973042374949458e+00
3.952932367591985643e-03 1.898877777690415769e+00
3.960222108092074575e-03 1.901785450910515207e+00
3.967525291856965203e-03 1.904696057537681009e+00
3.974841943677854400e-03 1.907609592979484736e+00
3.982172088391646401e-03 1.910526052607462333e+00
3.989515750881063826e-03 1.913445431758671322e+00
3.996872956074700584e-03 1.916367725735609095e+00
4.004243728947133769e-03 1.919292929806141412e+00
4.011628094518996518e-03 1.922221039203414472e+00
4.019026077857053465e-03 1.925152049125788301e+00
4.026437704074310037e-03 1.928085954736749486e+00
4.033862998330067090e-03 1.931022751164831686e+00
4.041301985830035408e-03 1.933962433503550793e+00
4.048754691826409423e-03 1.936904996811319002e+00
4.056221141617938342e-03 1.939850436111359766e+00
4.063701360550041504e-03 1.942798746391645626e+00
4.071195374014864761e-03 1.945749922604806281e+00
4.078703207451390630e-03 1.948703959668064867e+00
4.086224886345515492e-03 1.951660852437542948e+00
4.093760436230121577e-03 1.954620595644873671e+00
4.101309882685196667e-03 1.957583183966136176e+00
4.108873251337880929e-03 1.960548612040874161e+00
4.116450567862589213e-03 1.963516874472029272e+00
4.124041857981084781e-03 1.966487965825853168e+00
4.131647147462549560e-03 1.969461880631826034e+00
4.139266462123705574e-03 1.972438613382597072e+00
4.146899827828867853e-03 1.975418158533881474e+00
4.154547270490062394e-03 1.978400510504408460e+00
4.162208816067097285e-03 1.981385663675826914e+00
4.169884490567644236e-03 1.984373612392632991e+00
4.177574320047353074e-03 1.987364350962097959e+00
4.185278330609904646e-03 1.990357873654179377e+00
4.192996548407133990e-03 1.993354174701464032e+00
4.200728999639102325e-03 1.996353248299074234e+00
4.208475710554175110e-03 1.999355088586954876e+00
4.216236707449140010e-03 2.002359689582209334e+00
4.224012016669261536e-03 2.005367045237974821e+00
4.231801664608402479e-03 2.008377149468858924e+00
4.239605677709099366e-03 2.011389996150850568e+00
4.247424082462640527e-03 2.014405579121254952e+00
4.255256905409181452e-03 2.017423892178609179e+00
4.263104173137807242e-03 2.020444929082605867e+00
4.270965912286648833e-03 2.023468683554026981e+00
4.278842149542961930e-03 2.026495149274655017e+00
4.286732911643203331e-03 2.029524319887204165e+00
4.294638225373154095e-03 2.032556188995244373e+00
4.302558117567971581e-03 2.035590750163120521e+00
4.310492615112316954e-03 2.038627996915887586e+00
4.318441744940429775e-03 2.041667922739227592e+00
4.326405534036205196e-03 2.044710521079067700e+00
4.334384009433320598e-03 2.047755785301665910e+00
4.342377198215285894e-03 2.050803708653496482e+00
4.350385127515573637e-03 2.053854284331190883e+00
4.358407824517691008e-03 2.056907505490868093e+00
4.366445316455263952e-03 2.059963365248042688e+00
4.374497630612158607e-03 2.063021856677575094e+00
4.382564794322536816e-03 2.066082972813575225e+00
4.390646834970983632e-03 2.069146706649339862e+00
4.398743779992582772e-03 2.072213051137276718e+00
4.406855656873001625e-03 2.075281999188822724e+00
4.414982493148610077e-03 2.078353543674386295e+00
4.423124316406541225e-03 2.081427677423252742e+00
4.431281154284818016e-03 2.084504393223534091e+00
4.439453034472428707e-03 2.087583683822077596e+00
4.447639984709411860e-03 2.090665541924397353e+00
4.455842032786982120e-03 2.093749960180366188e+00
4.464059206547583113e-03 2.096836931130056758e+00
4.472291533885019293e-03 2.099926447251118322e+00
4.480539042744536606e-03 2.103018500978975247e+00
4.488801761122898810e-03 2.106113084706742633e+00
4.497079717068520194e-03 2.109210190785179240e+00
4.505372938681521076e-03 2.112309811522588454e+00
4.513681454113856184e-03 2.115411939184765000e+00
4.522005291569394445e-03 2.118516565994926104e+00
4.530344479304006591e-03 2.121623684133619570e+00
4.538699045625684859e-03 2.124733285738674926e+00
4.547069018894609772e-03 2.127845362905122606e+00
4.555454427523275042e-03 2.130959907685122889e+00
4.563855299976571703e-03 2.134076912087908173e+00
4.572271664771867042e-03 2.137196368079691489e+00
4.580703550479140775e-03 2.140318267562572263e+00
4.589150985721037086e-03 2.143442602315538181e+00
4.597613999173000808e-03 2.146569364054851992e+00
4.606092619563358082e-03 2.149698544452798732e+00
4.614586875673397891e-03 2.152830135137604017e+00
4.623096796337507371e-03 2.155964127693378973e+00
4.631622410443225583e-03 2.159100513660046516e+00
4.640163746931382296e-03 2.162239284533269412e+00
4.648720834796176045e-03 2.165380431764395652e+00
4.657293703085260000e-03 2.168523946760369192e+00
4.665882380899874678e-03 2.171669820883681989e+00
4.674486897394908649e-03 2.174818045452301174e+00
4.683107281779029518e-03 2.177968611739596660e+00
4.691743563314770653e-03 2.181121510974289635e+00
4.700395771318612720e-03 2.184276734338954640e+00
4.709063935161123329e-03 2.187434272931329193e+00
4.717748084267009943e-03 2.190594117759289805e+00
4.726448248115259522e-03 2.193756259782935647e+00
4.735164456239221789e-03 2.196920689916869396e+00
4.743896738226696837e-03 2.200087399030136392e+00
4.752645123720066096e-03 2.203256377946153588e+00
4.761409642416357391e-03 2.206427617442650924e+00
4.770190324067377641e-03 2.209601108251604273e+00
4.778987198479795265e-03 2.212776841059173716e+00
4.787800295515252068e-03 2.215954806505647134e+00
4.796629645090448243e-03 2.219134995185362502e+00
4.805475277177253396e-03 2.222317397646654591e+00
4.814337221802821899e-03 2.225502004391803013e+00
4.823215509049674429e-03 2.228688805876698265e+00
4.832110169055815058e-03 2.231877792478254463e+00
4.841021232014814518e-03 2.235068954462114732e+00
4.849948728175925566e-03 2.238262282039447992e+00
4.858892687844195736e-03 2.241457765374458067e+00
4.867853141380551474e-03 2.244655394584312180e+00
4.876830119201916100e-03 2.247855159739092112e+00
4.885823651781290473e-03 2.251057050861724029e+00
4.894833769647890902e-03 2.254261057927933631e+00
4.903860503387214194e-03 2.257467170866172435e+00
4.912903883641176438e-03 2.260675379557568476e+00
4.921963941108201471e-03 2.263885673835877466e+00
4.931040706543308484e-03 2.267098043487399295e+00
4.940134210758255137e-03 2.270312478250955390e+00
4.949244484621600007e-03 2.273528967817413093e+00
4.958371559058840500e-03 2.276747501810894470e+00
4.967515465052506525e-03 2.279968069780255124e+00
4.976676233642248967e-03 2.283190661224230755e+00
4.985853895924979330e-03 2.286415265593518154e+00
4.995048483054936525e-03 2.289641872290700153e+00
5.004260026243826515e-03 2.292870470670202554e+00
5.013488556760915121e-03 2.296101050038250602e+00
5.022734105933115631e-03 2.299333599652793492e+00
5.031996705145133642e-03 2.302568108723467066e+00
5.041276385839533851e-03 2.305804566411544076e+00
5.050573179516877967e-03 2.309042961829872898e+00
5.059887117735820117e-03 2.312283284042839338e+00
5.069218232113197921e-03 2.315525522066300024e+00
5.078566554324173872e-03 2.318769664859279711e+00
5.087932116102304725e-03 2.322015701270759180e+00
5.097314949239682876e-03 2.325263620073034776e+00
5.106715085587029170e-03 2.328513409989021898e+00
5.116132557053787444e-03 2.331765059692310516e+00
5.125567395608265041e-03 2.335018557807139405e+00
5.135019633277705664e-03 2.338273892908344198e+00
5.144489302148428159e-03 2.341531053521307637e+00
5.153976434365925390e-03 2.344790028121910730e+00
5.163481062134952712e-03 2.348050805136490560e+00
5.173003217719678894e-03 2.351313372941798985e+00
5.182542933443748563e-03 2.354577719864946239e+00
5.192100241690434000e-03 2.357843834183372067e+00
5.201675174902725338e-03 2.361111704123650235e+00
5.211267765583424243e-03 2.364381317840738017e+00
5.220878046295296566e-03 2.367652663420008352e+00
5.230506049661133930e-03 2.370925728896037032e+00
5.240151808363908113e-03 2.374200502253278167e+00
5.249815355146859527e-03 2.377476971426011776e+00
5.259496722813596960e-03 2.380755124298299386e+00
5.269195944228244159e-03 2.384034948703956047e+00
5.278913052315511827e-03 2.387316432426503710e+00
5.288648080060839862e-03 2.390599563199130806e+00
5.298401060510501449e-03 2.393884328704658948e+00
5.308172026771694994e-03 2.397170716575503402e+00
5.317961012012692446e-03 2.400458714393638004e+00
5.327768049462913019e-03 2.403748309689763829e+00
5.337593172413071518e-03 2.407039489931113163e+00
5.347436414215273742e-03 2.410332242523625990e+00
5.357297808283117101e-03 2.413626554822211556e+00
5.367177388091838933e-03 2.416922414131025487e+00
5.377075187178385896e-03 2.420219807703428039e+00
5.386991239141571824e-03 2.423518722741969889e+00
5.396925577642167071e-03 2.426819146398342841e+00
5.406878236403002587e-03 2.430121065773347855e+00
5.416849249209120844e-03 2.433424467916882161e+00
5.426838649907846958e-03 2.436729339827886420e+00
5.436846472408938744e-03 2.440035668454331841e+00
5.446872750684691664e-03 2.443343440693182878e+00
5.456917518770032505e-03 2.446652643379855441e+00
5.466980810762675502e-03 2.449963263240180211e+00
5.477062660823192597e-03 2.453275286928314092e+00
5.487163103175170427e-03 2.456588701046805934e+00
5.497282172105307473e-03 2.459903492146573889e+00
5.507419901963515538e-03 2.463219646726887202e+00
5.517576327163075008e-03 2.466537151235348890e+00
5.527751482180704237e-03 2.469855992067849115e+00
5.537945401556721749e-03 2.473176155568569623e+00
5.548158119895139906e-03 2.476497628029942888e+00
5.558389671863770733e-03 2.479820395692627244e+00
5.568640092194378569e-03 2.483144444745505552e+00
5.578909415682758999e-03 2.486469761327157801e+00
5.589197677188888908e-03 2.489796331563421727e+00
5.599504911637034031e-03 2.493124141570013386e+00
5.609831154015846970e-03 2.496453177413221702e+00
5.620176439378526782e-03 2.499783425107907409e+00
5.630540802842894446e-03 2.503114870617467513e+00
5.640924279591547248e-03 2.506447499853836192e+00
5.651326904871966338e-03 2.509781298677468353e+00
5.661748713996614737e-03 2.513116252897306779e+00
5.672189742343101276e-03 2.516452348270793671e+00
5.682650025354251712e-03 2.519789570503836451e+00
5.693129598538270927e-03 2.523127905250805547e+00
5.703628497468845281e-03 2.526467338113646655e+00
5.714146757785246687e-03 2.529807854585937488e+00
5.724684415192494817e-03 2.533149440018708898e+00
5.735241505461428219e-03 2.536492079702509006e+00
5.745818064428872586e-03 2.539835758875470084e+00
5.756414127997738772e-03 2.543180462723302782e+00
5.767029732137132075e-03 2.546526176379269035e+00
5.777664912882511834e-03 2.549872884924201610e+00
5.788319706335768623e-03 2.553220573386473902e+00
5.798994148665386449e-03 2.556569226742006595e+00
5.809688276106550302e-03 2.559918829914266336e+00
5.820402124961249375e-03 2.563269367774243968e+00
5.831135731598441861e-03 2.566620825142824192e+00
5.841889132454132147e-03 2.569973186870891269e+00
5.852662364031535613e-03 2.573326437859628335e+00
5.863455462901178382e-03 2.576680562965093291e+00
5.874268465701031755e-03 2.580035546991878093e+00
5.885101409136623239e-03 2.583391374693106535e+00
5.895954329981168383e-03 2.586748030770450235e+00
5.906827265075709557e-03 2.590105499874116646e+00
5.917720251329224371e-03 2.593463766602863263e+00
5.928633325718760984e-03 2.596822815503994963e+00
5.939566525289544791e-03 2.600182631073368000e+00
5.950519887155119800e-03 2.603543197755404215e+00
5.961493448497482209e-03 2.606904499927888974e+00
5.972487246567192293e-03 2.610266521786132721e+00
5.983501318683512316e-03 2.613629247406361156e+00
5.994535702234511480e-03 2.616992660811758853e+00
6.005590434677209044e-03 2.620356745973011936e+00
6.016665553537713096e-03 2.623721486808321401e+00
6.027761096411328109e-03 2.627086867183399121e+00
6.038877100962694588e-03 2.630452870911502927e+00
6.050013604925894017e-03 2.633819481753422842e+00
6.061170646104620599e-03 2.637186683417518385e+00
6.072348262372256715e-03 2.640554459559715461e+00
6.083546491672048133e-03 2.643922793784998504e+00
6.094765372017212426e-03 2.647291669742901199e+00
6.106004941491050865e-03 2.650661071186982909e+00
6.117265238247120152e-03 2.654030981833835234e+00
6.128546300509312220e-03 2.657401385349058121e+00
6.139848166572026839e-03 2.660772265347310928e+00
6.151170874800286105e-03 2.664143605392310210e+00
6.162514463629840261e-03 2.667515388996857695e+00
6.173878971567348974e-03 2.670887599622873587e+00
6.185264437190455059e-03 2.674260220681399236e+00
6.196670899147965761e-03 2.677633235532642431e+00
6.208098396159958572e-03 2.681006627485949867e+00
6.219546967017900059e-03 2.684380379754726320e+00
6.231016650584816734e-03 2.687754475370777385e+00
6.242507485795379188e-03 2.691128897290785194e+00
6.254019511656078167e-03 2.694503628419726571e+00
6.265552767245337329e-03 2.697878651610903677e+00
6.277107291713626865e-03 2.701253949665956888e+00
6.288683124283641311e-03 2.704629505334922523e+00
6.300280304250381949e-03 2.708005301316234181e+00
6.311898870981334612e-03 2.711381320256778693e+00
6.323538863916583312e-03 2.714757544751929430e+00
6.335200322568925596e-03 2.718133957345617802e+00
6.346883286524053827e-03 2.721510540587357418e+00
6.358587795440632379e-03 2.724887277138501762e+00
6.370313889050484117e-03 2.728264149639063607e+00
6.382061607158701425e-03 2.731641140678954915e+00
6.393830989643763292e-03 2.735018232798014814e+00
6.405622076457714864e-03 2.738395408486062443e+00
6.417434907626255042e-03 2.741772650182940030e+00
6.429269523248911690e-03 2.745149940278543532e+00
6.441125963499163935e-03 2.748527261112880815e+00
6.453004268624555791e-03 2.751904594976097407e+00
6.464904478946880036e-03 2.755281924107957359e+00
6.476826634862261484e-03 2.758659230661523409e+00
6.488770776841339127e-03 2.762036496681339326e+00
6.500736945429388437e-03 2.765413704156610475e+00
6.512725181246433251e-03 2.768790835026421870e+00
6.524735524987434858e-03 2.772167871179790133e+00
6.536768017422372665e-03 2.775544794455723441e+00
6.548822699396433279e-03 2.778921586643266384e+00
6.560899611830126738e-03 2.782298229481551033e+00
6.572998795719406200e-03 2.785674704659850676e+00
6.585120292135851830e-03 2.789050993817636215e+00
6.597264142226761871e-03 2.792427078552669251e+00
6.609430387215333054e-03 2.795802940486482591e+00
6.621619068400784631e-03 2.799178561230707629e+00
6.633830227158477207e-03 2.802553922348347104e+00
6.646063904940097480e-03 2.805929005353480221e+00
6.658320143273751927e-03 2.809303791711307507e+00
6.670598983764147206e-03 2.812678262838222754e+00
6.682900468092716796e-03 2.816052400101865416e+00
6.695224638017738088e-03 2.819426184821193893e+00
6.707571535374524940e-03 2.822799598266543253e+00
6.719941202075514416e-03 2.826172621660234086e+00
6.732333680110455000e-03 2.829545236207795078e+00
6.744749011546529761e-03 2.832917423114797106e+00
6.757187238528480390e-03 2.836289163542903946e+00
6.769648403278795412e-03 2.839660438605891901e+00
6.782132548097798662e-03 2.843031229369718638e+00
6.794639715363845305e-03 2.846401516852603564e+00
6.807169947533439798e-03 2.849771282025081565e+00
6.819723287141359926e-03 2.853140505810097594e+00
6.832299776800855422e-03 2.856509169083058630e+00
6.844899459203728637e-03 2.859877252671942482e+00
6.857522377120534030e-03 2.863244737374385007e+00
6.870168573400700467e-03 2.866611603987201384e+00
6.882838090972656121e-03 2.869977833268111400e+00
6.895530972844023630e-03 2.873343405928035388e+00
6.908247262101706830e-03 2.876708302631148406e+00
6.920987001912092852e-03 2.880072503994984157e+00
6.933750235521170084e-03 2.883435990590506037e+00
6.946537006254657406e-03 2.886798742942174201e+00
6.959347357518202819e-03 2.890160741528066790e+00
6.972181332797470175e-03 2.893521966779911025e+00
6.985038975658336945e-03 2.896882399073247516e+00
6.997920329747025180e-03 2.900242018707772651e+00
7.010825438790221215e-03 2.903600805931445983e+00
7.023754346595281230e-03 2.906958740946060438e+00
7.036707097050317120e-03 2.910315803907302268e+00
7.049683734124399456e-03 2.913671974924860297e+00
7.062684301867682389e-03 2.917027234062515184e+00
7.075708844411533749e-03 2.920381561338218024e+00
7.088757405968734542e-03 2.923734936724207145e+00
7.101830030833570888e-03 2.927087340147773720e+00
7.114926763382034385e-03 2.930438751580301204e+00
7.128047648071953075e-03 2.933789151125131944e+00
7.141192729443120689e-03 2.937138518862230541e+00
7.154362052117493528e-03 2.940486834827647389e+00
7.167555660799291954e-03 2.943834079013589289e+00
7.180773600275195540e-03 2.947180231368546455e+00
7.194015915414479247e-03 2.950525271797368454e+00
7.207282651169139194e-03 2.953869180161377006e+00
7.220573852574098221e-03 2.957211936278481890e+00
7.233889564747302166e-03 2.960553519918515342e+00
7.247229832889920224e-03 2.963893910723371494e+00
7.260594702286472454e-03 2.967233088218290682e+00
7.273984218304998042e-03 2.970571031882383028e+00
7.287398426397184541e-03 2.973907721151115791e+00
7.300837372098538738e-03 2.977243135416423492e+00
7.314301101028556663e-03 2.980577254026823386e+00
7.327789658890854554e-03 2.983910056287531365e+00
7.341303091473340599e-03 2.987241521460559213e+00
7.354841444648346771e-03 2.990571628764846501e+00
7.368404764372799703e-03 2.993900357415430147e+00
7.381993096688391556e-03 2.997227686726853246e+00
7.395606487721714459e-03 3.000553596004049695e+00
7.409244983684432247e-03 3.003878064510277390e+00
7.422908630873412301e-03 3.007201071467245246e+00
7.436597475670901625e-03 3.010522596055230427e+00
7.450311564544697708e-03 3.013842617413187153e+00
7.464050944048281240e-03 3.017161114638891029e+00
7.477815660820993048e-03 3.020478066789037630e+00
7.491605761588159863e-03 3.023793452885802147e+00
7.505421293161306830e-03 3.027107251985864167e+00
7.519262302438254643e-03 3.030419443154400039e+00
7.533128836403335526e-03 3.033730005417418329e+00
7.547020942127522468e-03 3.037038917761055501e+00
7.560938666768574935e-03 3.040346159131691817e+00
7.574882057571246177e-03 3.043651708436104109e+00
7.588851161867385571e-03 3.046955544541568806e+00
7.602846027076150259e-03 3.050257646276016477e+00
7.616866700704147397e-03 3.053557992426517043e+00
7.630913230345565991e-03 3.056856561693089613e+00
7.644985663682398944e-03 3.060153332681990968e+00
7.659084048484539331e-03 3.063448283957224572e+00
7.673208432609997243e-03 3.066741394043657198e+00
7.687358864005040295e-03 3.070032641427127729e+00
7.701535390704330672e-03 3.073322004554611908e+00
7.715738060831145440e-03 3.076609461834345360e+00
7.729966922597476288e-03 3.079894991635962587e+00
7.744222024304247241e-03 3.083178572291357167e+00
7.758503414341455170e-03 3.086460182124176388e+00
7.772811141188312040e-03 3.089739799460789804e+00
7.787145253413463482e-03 3.093017402592767695e+00
7.801505799675090280e-03 3.096292969774093962e+00
7.815892828721129545e-03 3.099566479221351756e+00
7.830306389389415228e-03 3.102837909113854931e+00
7.844746530607821233e-03 3.106107237593787040e+00
7.859213301394486068e-03 3.109374442766372759e+00
7.873706750857906514e-03 3.112639502704082961e+00
7.888226928197171819e-03 3.115902395556205740e+00
7.902773882702097269e-03 3.119163099561693020e+00
7.917347663753371637e-03 3.122421592930663792e+00
7.931948320822780965e-03 3.125677853838070508e+00
7.946575903473312649e-03 3.128931860423859401e+00
7.961230461359379215e-03 3.132183590793111705e+00
7.975912044226962302e-03 3.135433023016210186e+00
7.990620701913753177e-03 3.138680135128988802e+00
8.005356484349392121e-03 3.141924905123508083e+00
8.020119441555553438e-03 3.145167310852412967e+00
8.034909623646191781e-03 3.148407330067803489e+00
8.049727080827672257e-03 3.151644940486124646e+00
8.064571863398926552e-03 3.154880119789311266e+00
8.079444021751674976e-03 3.158112845624987397e+00
8.094343606370534017e-03 3.161343095606608422e+00
8.109270667833248791e-03 3.164570847313635138e+00
8.124225256810831824e-03 3.167796078291712281e+00
8.139207424067717439e-03 3.171018766066614702e+00
8.154217220461990739e-03 3.174238888181482032e+00
8.169254696945489960e-03 3.177456422158057681e+00
8.184319904564042389e-03 3.180671345485254431e+00
8.199412894457608347e-03 3.183883635619319641e+00
8.214533717860437317e-03 3.187093269984003552e+00
8.229682426101288251e-03 3.190300225970745363e+00
8.244859070603549264e-03 3.193504480938837098e+00
8.260063702885461420e-03 3.196706012221137705e+00
8.275296374560276585e-03 3.199904797239973231e+00
8.290557137336397944e-03 3.203100813504688116e+00
8.305846043017624594e-03 3.206294038499072130e+00
8.321163143503250426e-03 3.209484449676657913e+00
8.336508490788308717e-03 3.212672024460900833e+00
8.351882136963714384e-03 3.215856740245365053e+00
8.367284134216423572e-03 3.219038574393891405e+00
8.382714534829664374e-03 3.222217504240653785e+00
8.398173391183044387e-03 3.225393506971888868e+00
8.413660755752798773e-03 3.228566559411012893e+00
8.429176681111932509e-03 3.231736638292602048e+00
8.444721219930373043e-03 3.234903720320441600e+00
8.460294424975221828e-03 3.238067782167717290e+00
8.475896349110844524e-03 3.241228800477216065e+00
8.491527045299131216e-03 3.244386751861509932e+00
8.507186566599633445e-03 3.247541612903161123e+00
8.522874966169732489e-03 3.250693360197278725e+00
8.538592297264866599e-03 3.253841970575333420e+00
8.554338613238655908e-03 3.256987420943405098e+00
8.570113967543134884e-03 3.260129688180171570e+00
8.585918413728908447e-03 3.263268749136868152e+00
8.601752005445316776e-03 3.266404580637489730e+00
8.617614796440662556e-03 3.269537159478991484e+00
8.633506840562341078e-03 3.272666462431489176e+00
8.649428191757070963e-03 3.275792466238109046e+00
8.665378904071055488e-03 3.278915147611999092e+00
8.681359031650143915e-03 3.282034483238003730e+00
8.697368628740069149e-03 3.285150449774885573e+00
8.713407749686565701e-03 3.288263023855551914e+00
8.729476448935619484e-03 3.291372182087283882e+00
8.745574781033615269e-03 3.294477901051913626e+00
8.761702800627510154e-03 3.297580157306054804e+00
8.777860562465066019e-03 3.300678927362874937e+00
8.794048121394974424e-03 3.303774187501999027e+00
8.810265532367101207e-03 3.306865913845527860e+00
8.826512850432651283e-03 3.309954082487757798e+00
8.842790130744317828e-03 3.313038669497462507e+00
8.859097428556545958e-03 3.316119650918122996e+00
8.875434799225633345e-03 3.319197002768140337e+00
8.891802298209995625e-03 3.322270701041061258e+00
8.908199981070320794e-03 3.325340721716572467e+00
8.924627903469727064e-03 3.328407040841653508e+00
8.941086121174023071e-03 3.331469634485856535e+00
8.957574690051818903e-03 3.334528478695656606e+00
8.974093666074781095e-03 3.337583549494345103e+00
8.990643105317788764e-03 3.340634822882248223e+00
9.007223063959134829e-03 3.343682274836949464e+00
9.023833598280701224e-03 3.346725881313514339e+00
9.040474764668156651e-03 3.349765618244019638e+00
9.057146619611169958e-03 3.352801461535190874e+00
9.073849219703578398e-03 3.355833387070963347e+00
9.090582621643594069e-03 3.358861370713656314e+00
9.107346882233968710e-03 3.361885388304211020e+00
9.124142058382208806e-03 3.364905415662416743e+00
9.140968207100778550e-03 3.367921428587158150e+00
9.157825385507280258e-03 3.370933402854885408e+00
9.174713650824650388e-03 3.373941314009444081e+00
9.191633060381329545e-03 3.376945137161700750e+00
9.208583671611512284e-03 3.379944847353023363e+00
9.225565542055275473e-03 3.382940419602656235e+00
9.242578729358836773e-03 3.385931828908006480e+00
9.259623291274715964e-03 3.388919050244863396e+00
9.276699285661913624e-03 3.391902058567658251e+00
9.293806770486166130e-03 3.394880828852409937e+00
9.310945803820068825e-03 3.397855336572176643e+00
9.328116443843336228e-03 3.400825557526053977e+00
9.345318748842977238e-03 3.403791467502177870e+00
9.362552777213459937e-03 3.406753042271776444e+00
9.379818587456982201e-03 3.409710257589404048e+00
9.397116238183580994e-03 3.412663089193180177e+00
9.414445788111413388e-03 3.415611512804153982e+00
9.431807296066921364e-03 3.418555503792656936e+00
9.449200820984994878e-03 3.421495036679558233e+00
9.466626421909256350e-03 3.424430085839056837e+00
9.484084157992164754e-03 3.427360625625729185e+00
9.501574088495298373e-03 3.430286630374846712e+00
9.519096272789519600e-03 3.433208074402608556e+00
9.536650770355151879e-03 3.436124932006431543e+00
9.554237640782245120e-03 3.439037177513689425e+00
9.571856943770704063e-03 3.441944785631938508e+00
9.589508739130555431e-03 3.444847731247810962e+00
9.607193086782124872e-03 3.447745989233767183e+00
9.624910046756210424e-03 3.450639534447004664e+00
9.642659679194353142e-03 3.453528341729762197e+00
9.660442044348963725e-03 3.456412385909548579e+00
9.678257202583596605e-03 3.459291641786287119e+00
9.696105214373126890e-03 3.462166083794885996e+00
9.713986140303918632e-03 3.465035685975321744e+00
9.731900041074109317e-03 3.467900422332558019e+00
9.749846977493731304e-03 3.470760266855692944e+00
9.767827010484987638e-03 3.473615193518292177e+00
9.785840201082430731e-03 3.476465176278647373e+00
9.803886610433139304e-03 3.479310189081703975e+00
9.821966299796995939e-03 3.482150206026085382e+00
9.840079330546813718e-03 3.484985201509589015e+00
9.858225764168615513e-03 3.487815149951589699e+00
9.876405662261812657e-03 3.490640025759336407e+00
9.894619086539385364e-03 3.493459803328232471e+00
9.912866098828158543e-03 3.496274457042154893e+00
9.931146761068937109e-03 3.499083961272850818e+00
9.949461135316780072e-03 3.501888290022562522e+00
9.967809283741187881e-03 3.504687416370396935e+00
9.986191268626277637e-03 3.507481313238417275e+00
1.000460715237106064e-02 3.510269953534122855e+00
1.002305699748960201e-02 3.513053310150776376e+00
1.004154086661125655e-02 3.515831355967710792e+00
1.006005882248087527e-02 3.518604063851144659e+00
1.007861092795901518e-02 3.521371406956829375e+00
1.009719724602217011e-02 3.524133359249553177e+00
1.011581783976295799e-02 3.526889894822785365e+00
1.013447277239034987e-02 3.529640987761611282e+00
1.015316210722988499e-02 3.532386612143051607e+00
1.017188590772388074e-02 3.535126742036364345e+00
1.019064423743165984e-02 3.537861351501577545e+00
1.020943716002974642e-02 3.540590414197111180e+00
1.022826473931209672e-02 3.543313902883921340e+00
1.024712703919031069e-02 3.546031790190719679e+00
1.026602412369384543e-02 3.548744048735712031e+00
1.028495605697025278e-02 3.551450651126948799e+00
1.030392290328536672e-02 3.554151569962650026e+00
1.032292472702353928e-02 3.556846777827264106e+00
1.034196159268785040e-02 3.559536247061298564e+00
1.036103356490035085e-02 3.562219949643990802e+00
1.038014070840224436e-02 3.564897857515474389e+00
1.039928308805413218e-02 3.567569942605922417e+00
1.041846076883623171e-02 3.570236176835892117e+00
1.043767381584857941e-02 3.572896532116692558e+00
1.045692229431128585e-02 3.575550980404599510e+00
1.047620626956472130e-02 3.578199494523851332e+00
1.049552580706975512e-02 3.580842048006032563e+00
1.051488097240797781e-02 3.583478614400416706e+00
1.053427183128191093e-02 3.586109167253691776e+00
1.055369844951526206e-02 3.588733680110303581e+00
1.057316089305310874e-02 3.591352126512784348e+00
1.059265922796214301e-02 3.593964479652812294e+00
1.061219352043089523e-02 3.596570710790604863e+00
1.063176383676995088e-02 3.599170790516490470e+00
1.065137024341219867e-02 3.601764689411203424e+00
1.067101280691301786e-02 3.604352378046860483e+00
1.069069159395053328e-02 3.606933826987366309e+00
1.071040667132583390e-02 3.609509006793284236e+00
1.073015810596319314e-02 3.612077888405057724e+00
1.074994596491031344e-02 3.614640443438347450e+00
1.076977031533853449e-02 3.617196643574388304e+00
1.078963122454306735e-02 3.619746460491404250e+00
1.080952875994322868e-02 3.622289865864998681e+00
1.082946298908265582e-02 3.624826831368533231e+00
1.084943397962956704e-02 3.627357328681710680e+00
1.086944179937694883e-02 3.629881329552504088e+00
1.088948651624281616e-02 3.632398805763230154e+00
1.090956819827042582e-02 3.634909729096098108e+00
1.092968691362853489e-02 3.637414071333340715e+00
1.094984273061159509e-02 3.639911804257587757e+00
1.097003571764000422e-02 3.642402899644051839e+00
1.099026594326034389e-02 3.644887328649850211e+00
1.101053347614559461e-02 3.647365061391178553e+00
1.103083838509539248e-02 3.649836067881996104e+00
1.105118073903624092e-02 3.652300318133880896e+00
1.107156060702175343e-02 3.654757782156469403e+00
1.109197805823288786e-02 3.657208429957877094e+00
1.111243316197817535e-02 3.659652231514941789e+00
1.113292598769398054e-02 3.662089156651562316e+00
1.115345660494470106e-02 3.664519175143093666e+00
1.117402508342302259e-02 3.666942256764494257e+00
1.119463149295015642e-02 3.669358371290779797e+00
1.121527590347606851e-02 3.671767488497489129e+00
1.123595838507973621e-02 3.674169578234191658e+00
1.125667900796935988e-02 3.676564611381513359e+00
1.127743784248261272e-02 3.678952559585817461e+00
1.129823495908688358e-02 3.681333394518411239e+00
1.131907042837950600e-02 3.683707087858181684e+00
1.133994432108802533e-02 3.686073611292020491e+00
1.136085670807039302e-02 3.688432936469098866e+00
1.138180766031524765e-02 3.690785033000898441e+00
1.140279724894213004e-02 3.693129867686791190e+00
1.142382554520173996e-02 3.695467407118539160e+00
1.144489262047618076e-02 3.697797617885176802e+00
1.146599854627918143e-02 3.700120466573534994e+00
1.148714339425636020e-02 3.702435919778997331e+00
1.150832723618544842e-02 3.704743946006294752e+00
1.152955014397656457e-02 3.707044517909865000e+00
1.155081218967242244e-02 3.709337608702222511e+00
1.157211344544860007e-02 3.711623191612554162e+00
1.159345398361377039e-02 3.713901239887110073e+00
1.161483387660995625e-02 3.716171726787611984e+00
1.163625319701278200e-02 3.718434623519351945e+00
1.165771201753170068e-02 3.720689895301656946e+00
1.167921041101025424e-02 3.722937506274848651e+00
1.170074845042631817e-02 3.725177420576418097e+00
1.172232620889234085e-02 3.727409602341638095e+00
1.174394375965562461e-02 3.729634015704692995e+00
1.176560117609852345e-02 3.731850626425532891e+00
1.178729853173873104e-02 3.734059405476386928e+00
1.180903590022951144e-02 3.736260324886151007e+00
1.183081335535995579e-02 3.738453356702908792e+00
1.185263097105524431e-02 3.740638472994384678e+00
1.187448882137687005e-02 3.742815645847133776e+00
1.189638698052291298e-02 3.744984845900213966e+00
1.191832552282828112e-02 3.747146039505790949e+00
1.194030452276496207e-02 3.749299192239346823e+00
1.196232405494229711e-02 3.751444269683319455e+00
1.198438419410720150e-02 3.753581237427686013e+00
1.200648501514443335e-02 3.755710061073921135e+00
1.202862659307685732e-02 3.757830706964816692e+00
1.205080900306567705e-02 3.759943143099021334e+00
1.207303232041072663e-02 3.762047337714584661e+00
1.209529662055068046e-02 3.764143259065854785e+00
1.211760197906334297e-02 3.766230875424027680e+00
1.213994847166588453e-02 3.768310155077294610e+00
1.216233617421512772e-02 3.770381066310712903e+00
1.218476516270776758e-02 3.772443577396815684e+00
1.220723551328065093e-02 3.774497656624578923e+00
1.222974730221103486e-02 3.776543272302453680e+00
1.225230060591683476e-02 3.778580392758934980e+00
1.227489550095690538e-02 3.780608986211029254e+00
1.229753206403127672e-02 3.782629018652916564e+00
1.232021037198141947e-02 3.784640454219933670e+00
1.234293050179051908e-02 3.786643257003118546e+00
1.236569253058371516e-02 3.788637391107345653e+00
1.238849653562840158e-02 3.790622820652009395e+00
1.241134259433444159e-02 3.792599510550507258e+00
1.243423078425445923e-02 3.794567430744240077e+00
1.245716118308409434e-02 3.796526553187123287e+00
1.248013386866226627e-02 3.798476849871084138e+00
1.250314891897145488e-02 3.800418292821619026e+00
1.252620641213793122e-02 3.802350854085909226e+00
1.254930642643205252e-02 3.804274502158949023e+00
1.257244904026851018e-02 3.806189197027395110e+00
1.259563433220660215e-02 3.808094897446728133e+00
1.261886238095051745e-02 3.809991562182063696e+00
1.264213326534956681e-02 3.811879150008935735e+00
1.266544706439847595e-02 3.813757620134600401e+00
1.268880385723764916e-02 3.815626938960277936e+00
1.271220372315342781e-02 3.817487078937429335e+00
1.273564674157838875e-02 3.819338012743859867e+00
1.275913299209157324e-02 3.821179713098281638e+00
1.278266255441878364e-02 3.823012152760795423e+00
1.280623550843284011e-02 3.824835303116458363e+00
1.282985193415387901e-02 3.826649130147323330e+00
1.285351191174958704e-02 3.828453598558787974e+00
1.287721552153549623e-02 3.830248673084436728e+00
1.290096284397524926e-02 3.832034318486756241e+00
1.292475395968086839e-02 3.833810499481901779e+00
1.294858894941306078e-02 3.835577179182700469e+00
1.297246789408143877e-02 3.837334319156368245e+00
1.299639087474483562e-02 3.839081880932010193e+00
1.302035797261156570e-02 3.840819826065187570e+00
1.304436926903969861e-02 3.842548116139053338e+00
1.306842484553735230e-02 3.844266714098830473e+00
1.309252478376294639e-02 3.845975587265154871e+00
1.311666916552548662e-02 3.847674703881137859e+00
1.314085807278485285e-02 3.849364032231765265e+00
1.316509158765205925e-02 3.851043540644549346e+00
1.318936979238956655e-02 3.852713197416850921e+00
1.321369276941151798e-02 3.854372970065664372e+00
1.323806060128404280e-02 3.856022825632340556e+00
1.326247337072553739e-02 3.857662731192859962e+00
1.328693116060693236e-02 3.859292653866578160e+00
1.331143405395200825e-02 3.860912560765999313e+00
1.333598213393762631e-02 3.862522416024408933e+00
1.336057548389404763e-02 3.864122179145002889e+00
1.338521418730520031e-02 3.865711809264646970e+00
1.340989832780898477e-02 3.867291265553881807e+00
1.343462798919752010e-02 3.868860507218016220e+00
1.345940325541746148e-02 3.870419496090692135e+00
1.348422421057026907e-02 3.871968203138587139e+00
1.350909093891248906e-02 3.873506601376197622e+00
1.353400352485607111e-02 3.875034663877618080e+00
1.355896205296861293e-02 3.876552363777102439e+00
1.358396660797367081e-02 3.878059672884490272e+00
1.360901727475104239e-02 3.879556552925827795e+00
1.363411413833704941e-02 3.881042961161553784e+00
1.365925728392485168e-02 3.882518854869815517e+00
1.368444679686469864e-02 3.883984191367897409e+00
1.370968276266423813e-02 3.885438928427587424e+00
1.373496526698881302e-02 3.886883029812064461e+00
1.376029439566173358e-02 3.888316463791769984e+00
1.378567023466460012e-02 3.889739198803628728e+00
1.381109287013755627e-02 3.891151203344299869e+00
1.383656238837960295e-02 3.892552445931592331e+00
1.386207887584889331e-02 3.893942894077525363e+00
1.388764241916300851e-02 3.895322514188003904e+00
1.391325310509928907e-02 3.896691272669105199e+00
1.393891102059508294e-02 3.898049135986969116e+00
1.396461625274806814e-02 3.899396070631169664e+00
1.399036888881654422e-02 3.900732041381246074e+00
1.401616901621971500e-02 3.902057010573042994e+00
1.404201672253802685e-02 3.903370940410507473e+00
1.406791209551340634e-02 3.904673793155648998e+00
1.409385522304960024e-02 3.905965531147617131e+00
1.411984619321245311e-02 3.907246118020411441e+00
1.414588509423023686e-02 3.908515519473593436e+00
1.417197201449390577e-02 3.909773701455736550e+00
1.419810704255742607e-02 3.911020629982371322e+00
1.422429026713807089e-02 3.912256271122731999e+00
1.425052177711671163e-02 3.913480590008461490e+00
1.427680166153815107e-02 3.914693550178428794e+00
1.430313000961137664e-02 3.915895115083046552e+00
1.432950691070990386e-02 3.917085248240435469e+00
1.435593245437205567e-02 3.918263913245266128e+00
1.438240673030127814e-02 3.919431074194244413e+00
1.440892982836645790e-02 3.920586695900266427e+00
1.443550183860219105e-02 3.921730743301490740e+00
1.446212285120911968e-02 3.922863181409618871e+00
1.448879295655422332e-02 3.923983975334793595e+00
1.451551224517113117e-02 3.925093091053705852e+00
1.454228080776043958e-02 3.926190495572493333e+00
1.456909873518999823e-02 3.927276156032899923e+00
1.459596611849522767e-02 3.928350039656589576e+00
1.462288304887943494e-02 3.929412113646593596e+00
1.464984961771411028e-02 3.930462343485600307e+00
1.467686591653926710e-02 3.931500693168687999e+00
1.470393203706370742e-02 3.932527126718281973e+00
1.473104807116536533e-02 3.933541608237391962e+00
1.475821411089161227e-02 3.934544102140528743e+00
1.478543024845955373e-02 3.935534575144503666e+00
1.481269657625638655e-02 3.936512995294305206e+00
1.484001318683965225e-02 3.937479330736510796e+00
1.486738017293759428e-02 3.938433549706499281e+00
1.489479762744944785e-02 3.939375619105398130e+00
1.492226564344579197e-02 3.940305498827317621e+00
1.494978431416881665e-02 3.941223146643551001e+00
1.497735373303266809e-02 3.942128520407173653e+00
1.500497399362376791e-02 3.943021578072558597e+00
1.503264518970110972e-02 3.943902282936633252e+00
1.506036741519661479e-02 3.944770610974271285e+00
1.508814076421540785e-02 3.945626540107236124e+00
1.511596533103616059e-02 3.946470048362126892e+00
1.514384121011140907e-02 3.947301113494313896e+00
1.517176849606786428e-02 3.948119702986841784e+00
1.519974728370676424e-02 3.948925772987795568e+00
1.522777766800415336e-02 3.949719279146690187e+00
1.525585974411122758e-02 3.950500177203291496e+00
1.528399360735465708e-02 3.951268424687525371e+00
1.531217935323690021e-02 3.952023992187336354e+00
1.534041707743655572e-02 3.952766856370765414e+00
1.536870687580864543e-02 3.953496994048088187e+00
1.539704884438496645e-02 3.954214382125497362e+00
1.542544307937441204e-02 3.954918991507988313e+00
1.545388967716329262e-02 3.955610777744924977e+00
1.548238873431568956e-02 3.956289694075946883e+00
1.551094034757373452e-02 3.956955693838609900e+00
1.553954461385797896e-02 3.957608731260399360e+00
1.556820163026770461e-02 3.958248774651328183e+00
1.559691149408124790e-02 3.958875804414991428e+00
1.562567430275637118e-02 3.959489801462518610e+00
1.565449015393052812e-02 3.960090746825676522e+00
1.568335914542124190e-02 3.960678618372318383e+00
1.571228137522642093e-02 3.961253380941152091e+00
1.574125694152471097e-02 3.961814996194463312e+00
1.577028594267579353e-02 3.962363425906735959e+00
1.579936847722074322e-02 3.962898632065573246e+00
1.582850464388236081e-02 3.963420579334551608e+00
1.585769454156549588e-02 3.963929235213716318e+00
1.588693826935741460e-02 3.964424567454036374e+00
1.591623592652809116e-02 3.964906543927092741e+00
1.594558761253057552e-02 3.965375133610728131e+00
1.597499342700132302e-02 3.965830309660457242e+00
1.600445346976052050e-02 3.966272046401112750e+00
1.603396784081246099e-02 3.966700318284647420e+00
1.606353664034583864e-02 3.967115099347895413e+00
1.609315996873411647e-02 3.967516353287849906e+00
1.612283792653585943e-02 3.967904034470971730e+00
1.615257061449506051e-02 3.968278097046753494e+00
1.618235813354153285e-02 3.968638495300014668e+00
1.621220058479119069e-02 3.968985192202560519e+00
1.624209806954642760e-02 3.969318174684024036e+00
1.627205068929644602e-02 3.969637433925361947e+00
1.630205854571761120e-02 3.969942961248100310e+00
1.633212174067380507e-02 3.970234745374959129e+00
1.636224037621675231e-02 3.970512750526341783e+00
1.639241455458636393e-02 3.970776928022001329e+00
1.642264437821110840e-02 3.971027229195179142e+00
1.645292994970833783e-02 3.971263605839603805e+00
1.648327137188465921e-02 3.971486023247482677e+00
1.651366874773625010e-02 3.971694464599018204e+00
1.654412218044924027e-02 3.971888914444881902e+00
1.657463177340003438e-02 3.972069357479007135e+00
1.660519763015570055e-02 3.972235773130765590e+00
1.663581985447427913e-02 3.972388123731127596e+00
1.666649855030515742e-02 3.972526368326803947e+00
1.669723382178942006e-02 3.972650466109021394e+00
1.672802577326019599e-02 3.972760378480490573e+00
1.675887450924304703e-02 3.972856082588629878e+00
1.678978013445625930e-02 3.972937562853574800e+00
1.682074275381124917e-02 3.973004803883461555e+00
1.685176247241290670e-02 3.973057789653840821e+00
1.688283939555992874e-02 3.973096489402706766e+00
1.691397362874523178e-02 3.973120859197803778e+00
1.694516527765625377e-02 3.973130854790594135e+00
1.697641444817533235e-02 3.973126432282501508e+00
1.700772124638007601e-02 3.973107560487876722e+00
1.703908577854370068e-02 3.973074228360578442e+00
1.707050815113542869e-02 3.973026426793679011e+00
1.710198847082080448e-02 3.972964146827556053e+00
1.713352684446208668e-02 3.972887373125499888e+00
1.716512337911860198e-02 3.972796072991066296e+00
1.719677818204709552e-02 3.972690210985235115e+00
1.722849136070214032e-02 3.972569751832732088e+00
1.726026302273644258e-02 3.972434662862177834e+00
1.729209327600124066e-02 3.972284921987894624e+00
1.732398222854666936e-02 3.972120510071852628e+00
1.735592998862210690e-02 3.971941408141897334e+00
1.738793666467659121e-02 3.971747595659246066e+00
1.742000236535912877e-02 3.971539041342578624e+00
1.745212719951909353e-02 3.971315709846998665e+00
1.748431127620658429e-02 3.971077565991388170e+00
1.751655470467283066e-02 3.970824575211404195e+00
1.754885759437051218e-02 3.970556706927465207e+00
1.758122005495415738e-02 3.970273932680164819e+00
1.761364219628051841e-02 3.969976224202274473e+00
1.764612412840892847e-02 3.969663554906685654e+00
1.767866596160170070e-02 3.969335914749554384e+00
1.771126780632447870e-02 3.968993303918406657e+00
1.774392977324661461e-02 3.968635722917899233e+00
1.777665197324155427e-02 3.968263170042465759e+00
1.780943451738719804e-02 3.967875613806265633e+00
1.784227751696632058e-02 3.967473002445955466e+00
1.787518108346688311e-02 3.967055283995911452e+00
1.790814532858246363e-02 3.966622409147370742e+00
1.794117036421261427e-02 3.966174361085981204e+00
1.797425630246322556e-02 3.965711145914638802e+00
1.800740325564697403e-02 3.965232770383857464e+00
1.804061133628361013e-02 3.964739238702688073e+00
1.807388065710040584e-02 3.964230521775341298e+00
1.810721133103251196e-02 3.963706568150599630e+00
1.814060347122334327e-02 3.963167326161942228e+00
1.817405719102498790e-02 3.962612747429128390e+00
1.820757260399854388e-02 3.962042816161325032e+00
1.824114982391454934e-02 3.961457536138250912e+00
1.827478896475333292e-02 3.960856911581154272e+00
1.830849014070543013e-02 3.960240943423684268e+00
1.834225346617196842e-02 3.959609604147140693e+00
1.837607905576502804e-02 3.958962852320755399e+00
1.840996702430805834e-02 3.958300646626136565e+00
1.844391748683625251e-02 3.957622951456308158e+00
1.847793055859696040e-02 3.956929764659279147e+00
1.851200635505004591e-02 3.956221096702718931e+00
1.854614499186830329e-02 3.955496958255980910e+00
1.858034658493784227e-02 3.954757350848058017e+00
1.861461125035846972e-02 3.954002237534328223e+00
1.864893910444413369e-02 3.953231571564458591e+00
1.868333026372324263e-02 3.952445306424114069e+00
1.871778484493911640e-02 3.951643401129040001e+00
1.875230296505035407e-02 3.950825829030998992e+00
1.878688474123124674e-02 3.949992566019364659e+00
1.882153029087219043e-02 3.949143588461223153e+00
1.885623973158003647e-02 3.948278891200196927e+00
1.889101318117853562e-02 3.947398499129208815e+00
1.892585075770871275e-02 3.946502440072729545e+00
1.896075257942926931e-02 3.945590739986339912e+00
1.899571876481702393e-02 3.944663381056281892e+00
1.903074943256724896e-02 3.943720303337699740e+00
1.906584470159412154e-02 3.942761445419962651e+00
1.910100469103111209e-02 3.941786750454580268e+00
1.913622952023136953e-02 3.940796200622507683e+00
1.917151930876818955e-02 3.939789798863091441e+00
1.920687417643534081e-02 3.938767548503959492e+00
1.924229424324751594e-02 3.937729452668654151e+00
1.927777962944073400e-02 3.936675513011914429e+00
1.931333045547273600e-02 3.935605730960634929e+00
1.934894684202342896e-02 3.934520107960957525e+00
1.938462890999524679e-02 3.933418626060613654e+00
1.942037678051358740e-02 3.932301230842520923e+00
1.945619057492721168e-02 3.931167864129824885e+00
1.949207041480869804e-02 3.930018470221415150e+00
1.952801642195478582e-02 3.928853032254085331e+00
1.956402871838683680e-02 3.927671566468626363e+00
1.960010742635123412e-02 3.926474090352261914e+00
1.963625266831979521e-02 3.925260618742301144e+00
1.967246456699021928e-02 3.924031150434963866e+00
1.970874324528644472e-02 3.922785678686014244e+00
1.974508882635910706e-02 3.921524196953662056e+00
1.978150143358595181e-02 3.920246696703480360e+00
1.981798119057223695e-02 3.918953165031609398e+00
1.985452822115120128e-02 3.917643588697248713e+00
1.989114264938441484e-02 3.916317954226511411e+00
1.992782459956223690e-02 3.914976241164869641e+00
1.996457419620424265e-02 3.913618423646867406e+00
2.000139156405963264e-02 3.912244475912877384e+00
2.003827682810768035e-02 3.910854379362211919e+00
2.007523011355811723e-02 3.909448144758786992e+00
2.011225154585158381e-02 3.908025790753605122e+00
2.014934125066004944e-02 3.906587335266825445e+00
2.018649935388723560e-02 3.905132758855547781e+00
2.022372598166906343e-02 3.903661992691027649e+00
2.026102126037405624e-02 3.902174964871715002e+00
2.029838531660376963e-02 3.900671621154230273e+00
2.033581827719323568e-02 3.899152025260545606e+00
2.037332026921138267e-02 3.897616289984148885e+00
2.041089141996149658e-02 3.896064527386562837e+00
2.044853185698159576e-02 3.894496763601242861e+00
2.048624170804490968e-02 3.892912871501996719e+00
2.052402110116028841e-02 3.891312708522225883e+00
2.056187016457267092e-02 3.889696150262865526e+00
2.059978902676348061e-02 3.888063223472648211e+00
2.063777781645107293e-02 3.886414031296360427e+00
2.067583666259118977e-02 3.884748676976826243e+00
2.071396569437736548e-02 3.883067198334051007e+00
2.075216504124142297e-02 3.881369507257883988e+00
2.079043483285383798e-02 3.879655501691586572e+00
2.082877519912423175e-02 3.877925095028230018e+00
2.086718627020178740e-02 3.876178323413852489e+00
2.090566817647570089e-02 3.874415282766587865e+00
2.094422104857565289e-02 3.872636068698073863e+00
2.098284501737218352e-02 3.870840720124877787e+00
2.102154021397719189e-02 3.869029181850462962e+00
2.106030676974436633e-02 3.867201390131569827e+00
2.109914481626961810e-02 3.865357290512685839e+00
2.113805448539156709e-02 3.863496882631170415e+00
2.117703590919193732e-02 3.861620186405144928e+00
2.121608921999602881e-02 3.859727221821813270e+00
2.125521455037317556e-02 3.857818003571440890e+00
2.129441203313717570e-02 3.855892540156723225e+00
2.133368180134678077e-02 3.853950839956383767e+00
2.137302398830609809e-02 3.851992899676516480e+00
2.141243872756506961e-02 3.850018673832690475e+00
2.145192615291991595e-02 3.848028107837687894e+00
2.149148639841360134e-02 3.846021154955344468e+00
2.153111959833629852e-02 3.843997859784350268e+00
2.157082588722580851e-02 3.841958327759529723e+00
2.161060539986804294e-02 3.839902664640320484e+00
2.165045827129747150e-02 3.837830906705128164e+00
2.169038463679761122e-02 3.835742968996683988e+00
2.173038463190143585e-02 3.833638754779815194e+00
2.177045839239186154e-02 3.831518190934935397e+00
2.181060605430221178e-02 3.829381314880606180e+00
2.185082775391666843e-02 3.827228196940932303e+00
2.189112362777075743e-02 3.825058904830862971e+00
2.193149381265178249e-02 3.822873467739746012e+00
2.197193844559928999e-02 3.820671886386677318e+00
2.201245766390556510e-02 3.818454160871697312e+00
2.205305160511605508e-02 3.816220275847658439e+00
2.209372040702990009e-02 3.813970189904778874e+00
2.213446420770031828e-02 3.811703859485277679e+00
2.217528314543514012e-02 3.809421258734449367e+00
2.221617735879724206e-02 3.807122429065367797e+00
2.225714698660502880e-02 3.804807428233218047e+00
2.229819216793292938e-02 3.802476310784644209e+00
2.233931304211181704e-02 3.800129100962437168e+00
2.238050974872951571e-02 3.797765806983037784e+00
2.242178242763127882e-02 3.795386436850064715e+00
2.246313121892022646e-02 3.792990990682357566e+00
2.250455626295789699e-02 3.790579460295306014e+00
2.254605770036462870e-02 3.788151837378027853e+00
2.258763567202010450e-02 3.785708110895055878e+00
2.262929031906378563e-02 3.783248264071035205e+00
2.267102178289545286e-02 3.780772279744976316e+00
2.271283020517561937e-02 3.778280170878570488e+00
2.275471572782604424e-02 3.775772063985110893e+00
2.279667849303020771e-02 3.773248112466381254e+00
2.283871864323378659e-02 3.770708439983884386e+00
2.288083632114518151e-02 3.768152958429325849e+00
2.292303166973593334e-02 3.765581488075057770e+00
2.296530483224125396e-02 3.762993864989379045e+00
2.300765595216049120e-02 3.760390138550516959e+00
2.305008517325762840e-02 3.757770513277557178e+00
2.309259263956179101e-02 3.755135191756536983e+00
2.313517849536768367e-02 3.752484221055051528e+00
2.317784288523612457e-02 3.749817470117118301e+00
2.322058595399451725e-02 3.747134799878816480e+00
2.326340784673733633e-02 3.744436169223465782e+00
2.330630870882666530e-02 3.741721707087329207e+00
2.334928868589261630e-02 3.738991559234317918e+00
2.339234792383388176e-02 3.736245797804280233e+00
2.343548656881820624e-02 3.733484304766913286e+00
2.347870476728287914e-02 3.730706932367654716e+00
2.352200266593526892e-02 3.727913606853453299e+00
2.356538041175326031e-02 3.725104529798154207e+00
2.360883815198580246e-02 3.722279966907778626e+00
2.365237603415338077e-02 3.719440126785789946e+00
2.369599420604852694e-02 3.716584921237032102e+00
2.373969281573634973e-02 3.713714165916644383e+00
2.378347201155497567e-02 3.710827709185480217e+00
2.382733194211610409e-02 3.707925624849631951e+00
2.387127275630547552e-02 3.705008083355655568e+00
2.391529460328343723e-02 3.702075236485836474e+00
2.395939763248536997e-02 3.699127063101693036e+00
2.400358199362224304e-02 3.696163449569369153e+00
2.404784783668111742e-02 3.693184295940315387e+00
2.409219531192563490e-02 3.690189663586348701e+00
2.413662456989658367e-02 3.687179717228591613e+00
2.418113576141232846e-02 3.684154613774795362e+00
2.422572903756937956e-02 3.681114379552926419e+00
2.427040454974288552e-02 3.678058945102868904e+00
2.431516244958714310e-02 3.674988244364743917e+00
2.436000288903615932e-02 3.671902294358698082e+00
2.440492602030407826e-02 3.668801179390281497e+00
2.444993199588577429e-02 3.665684983519032603e+00
2.449502096855733779e-02 3.662553751002924685e+00
2.454019309137658172e-02 3.659407491917269439e+00
2.458544851768362099e-02 3.656246218390126757e+00
2.463078740110130962e-02 3.653069996445804435e+00
2.467620989553582014e-02 3.649878939546182366e+00
2.472171615517714666e-02 3.646673157358470529e+00
2.476730633449961486e-02 3.643452661961178229e+00
2.481298058826246142e-02 3.640217380643332667e+00
2.485873907151028503e-02 3.636967239500848770e+00
2.490458193957361538e-02 3.633702183330351776e+00
2.495050934806943704e-02 3.630422172520918256e+00
2.499652145290169949e-02 3.627127184455035014e+00
2.504261841026189303e-02 3.623817435205870296e+00
2.508880037662951368e-02 3.620493322806873415e+00
2.513506750877264259e-02 3.617155211746054810e+00
2.518141996374843872e-02 3.613803001880289134e+00
2.522785789890374247e-02 3.610436278398668541e+00
2.527438147187552678e-02 3.607054672849085986e+00
2.532099084059147298e-02 3.603658332202005710e+00
2.536768616327050516e-02 3.600247702658710303e+00
2.541446759842331399e-02 3.596823175547158691e+00
2.546133530485294311e-02 3.593384681809463022e+00
2.550828944165525400e-02 3.589931932217375721e+00
2.555533016821950887e-02 3.586464693745468058e+00
2.560245764422890841e-02 3.582983080437026846e+00
2.564967202966111914e-02 3.579487337758408216e+00
2.569697348478887020e-02 3.575977672400954877e+00
2.574436217018040776e-02 3.572454113733788184e+00
2.579183824670010228e-02 3.568916640510196192e+00
2.583940187550898965e-02 3.565365268516335728e+00
2.588705321806528126e-02 3.561800135887255081e+00
2.593479243612498847e-02 3.558221405616693644e+00
2.598261969174238059e-02 3.554629144748461034e+00
2.603053514727058509e-02 3.551023195025237111e+00
2.607853896536214272e-02 3.547403369025402764e+00
2.612663130896951749e-02 3.543769642119831698e+00
2.617481234134573856e-02 3.540122255400494300e+00
2.622308222604483388e-02 3.536461470626642178e+00
2.627144112692248248e-02 3.532787453341361683e+00
2.631988920813651753e-02 3.529100261442259079e+00
2.636842663414750224e-02 3.525399939628398815e+00
2.641705356971931623e-02 3.521686423471487526e+00
2.646577017991964820e-02 3.517959567211562888e+00
2.651457663012061691e-02 3.514219252603536958e+00
2.656347308599928125e-02 3.510465590295834826e+00
2.661245971353828552e-02 3.506698800132178384e+00
2.666153667902631391e-02 3.502919082644313065e+00
2.671070414905873588e-02 3.499126548407458070e+00
2.675996229053813694e-02 3.495321282062995749e+00
2.680931127067488415e-02 3.491503333211683824e+00
2.685875125698773680e-02 3.487672659226172645e+00
2.690828241730435638e-02 3.483829204322092199e+00
2.695790491976189293e-02 3.479972990996778481e+00
2.700761893280758524e-02 3.476104160297321055e+00
2.705742462519928129e-02 3.472222858491602171e+00
2.710732216600609049e-02 3.468329149572698888e+00
2.715731172460886939e-02 3.464423025550446233e+00
2.720739347070084274e-02 3.460504489569536712e+00
2.725756757428817595e-02 3.456573652917655615e+00
2.730783420569053710e-02 3.452630679359675270e+00
2.735819353554172495e-02 3.448675695951320730e+00
2.740864573479016852e-02 3.444708682586135495e+00
2.745919097469956549e-02 3.440729583231621369e+00
2.750982942684944421e-02 3.436738399426771284e+00
2.756056126313573273e-02 3.432735246847612665e+00
2.761138665577140758e-02 3.428720254070390716e+00
2.766230577728697945e-02 3.424693538598387210e+00
2.771331880053114899e-02 3.420655206621583400e+00
2.776442589867136879e-02 3.416605358294631856e+00
2.781562724519442281e-02 3.412544046790143337e+00
2.786692301390706825e-02 3.408471301241135176e+00
2.791831337893654896e-02 3.404387148692985310e+00
2.796979851473123391e-02 3.400291608490149109e+00
2.802137859606118261e-02 3.396184698920332590e+00
2.807305379801879400e-02 3.392066481959974844e+00
2.812482429601932676e-02 3.387937093587094495e+00
2.817669026580153432e-02 3.383796672782772408e+00
2.822865188342826501e-02 3.379645296581992753e+00
2.828070932528703105e-02 3.375482992836898788e+00
2.833286276809066778e-02 3.371309802451720294e+00
2.838511238887785407e-02 3.367125847290407314e+00
2.843745836501376800e-02 3.362931277301126620e+00
2.848990087419066633e-02 3.358726195945623605e+00
2.854244009442848465e-02 3.354510600607109261e+00
2.859507620407549314e-02 3.350284478130231669e+00
2.864780938180882044e-02 3.346047903924628031e+00
2.870063980663510594e-02 3.341801040459292604e+00
2.875356765789111382e-02 3.337544043173249708e+00
2.880659311524430208e-02 3.333276997676512643e+00
2.885971635869350946e-02 3.328999960628852950e+00
2.891293756856947589e-02 3.324712943437397872e+00
2.896625692553550860e-02 3.320415844778705772e+00
2.901967461058807540e-02 3.316108559034258274e+00
2.907319080505741879e-02 3.311791262722809215e+00
2.912680569060822205e-02 3.307464413130592806e+00
2.918051944924013666e-02 3.303128402722400381e+00
2.923433226328845877e-02 3.298783145642402381e+00
2.928824431542474335e-02 3.294428371083618412e+00
2.934225578865739051e-02 3.290063967354348584e+00
2.939636686633234630e-02 3.285690171948635996e+00
2.945057773213361971e-02 3.281307260279588967e+00
2.950488857008397997e-02 3.276915374935863490e+00
2.955929956454553947e-02 3.272514547690581033e+00
2.961381090022044069e-02 3.268104810669834492e+00
2.966842276215140781e-02 3.263686213524596536e+00
2.972313533572241290e-02 3.259258811094284614e+00
2.977794880665930732e-02 3.254822652242640224e+00
2.983286336103042891e-02 3.250377776175381594e+00
2.988787918524729234e-02 3.245924237668627033e+00
2.994299646606514084e-02 3.241462258436536015e+00
2.999821539058363309e-02 3.236992156864585635e+00
3.005353614624746081e-02 3.232514137647928720e+00
3.010895892084698364e-02 3.228028063370769640e+00
3.016448390251890224e-02 3.223533743249352490e+00
3.022011127974683423e-02 3.219031210069120075e+00
3.027584124136199761e-02 3.214520721496754607e+00
3.033167397654383882e-02 3.210002512784829509e+00
3.038760967482066061e-02 3.205476649970181668e+00
3.044364852607033683e-02 3.200943143921405554e+00
3.049979072052083975e-02 3.196402087640378920e+00
3.055603644875097558e-02 3.191853707357358516e+00
3.061238590169100202e-02 3.187298215108649746e+00
3.066883927062325627e-02 3.182735587791734932e+00
3.072539674718287664e-02 3.178165677050434290e+00
3.078205852335835768e-02 3.173588461801366556e+00
3.083882479149225794e-02 3.169004240180259835e+00
3.089569574428184875e-02 3.164413342980389565e+00
3.095267157477973180e-02 3.159815865951470570e+00
3.100975247639458851e-02 3.155211720397363973e+00
3.106693864289171089e-02 3.150600856010594253e+00
3.112423026839374399e-02 3.145983379895310517e+00
3.118162754738129996e-02 3.141359435848758874e+00
3.123913067469368671e-02 3.136729192019264811e+00
3.129673984552948374e-02 3.132092842754217177e+00
3.135445525544724998e-02 3.127450551729488382e+00
3.141227710036618298e-02 3.122802322659540941e+00
3.147020557656676765e-02 3.118148111390235400e+00
3.152824088069149794e-02 3.113487996511261624e+00
3.158638320974546665e-02 3.108822227392204596e+00
3.164463276109707318e-02 3.104151037658215539e+00
3.170298973247870356e-02 3.099474476704214165e+00
3.176145432198736879e-02 3.094792519162828270e+00
3.182002672808543348e-02 3.090105188469838726e+00
3.187870714960122642e-02 3.085412592007460209e+00
3.193749578572974146e-02 3.080714849610159511e+00
3.199639283603332440e-02 3.076012118586092914e+00
3.205539850044232530e-02 3.071304574034309454e+00
3.211451297925582704e-02 3.066592329257971983e+00
3.217373647314226981e-02 3.061875373128490008e+00
3.223306918314013808e-02 3.057153695879789357e+00
3.229251131065868224e-02 3.052427447629543877e+00
3.235206305747855005e-02 3.047696868993738484e+00
3.241172462575254987e-02 3.042962152027072431e+00
3.247149621800625441e-02 3.038223377356021881e+00
3.253137803713870152e-02 3.033480610358613383e+00
3.259137028642314360e-02 3.028733920239611965e+00
3.265147316950765127e-02 3.023983378533225519e+00
3.271168689041591138e-02 3.019229061607373588e+00
3.277201165354780288e-02 3.014471057906021656e+00
3.283244766368016015e-02 3.009709462053063778e+00
3.289299512596745301e-02 3.004944424159847749e+00
3.295365424594251524e-02 3.000176130426916110e+00
3.301442522951716918e-02 2.995404706819306373e+00
3.307530828298298198e-02 2.990630125742937739e+00
3.313630361301195260e-02 2.985852354232275019e+00
3.319741142665718486e-02 2.981071585093502563e+00
3.325863193135368545e-02 2.976288161473480631e+00
3.331996533491892593e-02 2.971502322830379850e+00
3.338141184555364765e-02 2.966714040232950378e+00
3.344297167184255570e-02 2.961923255525722887e+00
3.350464502275497802e-02 2.957130061408198340e+00
3.356643210764567037e-02 2.952334649750119056e+00
3.362833313625540610e-02 2.947537157654015250e+00
3.369034831871178109e-02 2.942737583775844268e+00
3.375247786552987989e-02 2.937935924448799252e+00
3.381472198761300424e-02 2.933132387795890139e+00
3.387708089625342256e-02 2.928327315246089135e+00
3.393955480313302214e-02 2.923520924797742282e+00
3.400214392032405858e-02 2.918713142763278423e+00
3.406484846028989821e-02 2.913903873852799808e+00
3.412766863588567734e-02 2.909093228764748407e+00
3.419060466035914181e-02 2.904281440385074742e+00
3.425365674735122296e-02 2.899468673789133089e+00
3.431682511089687027e-02 2.894654944312283984e+00
3.438010996542570363e-02 2.889840270802400024e+00
3.444351152576285297e-02 2.885024892858567558e+00
3.450703000712955493e-02 2.880209169842544270e+00
3.457066562514395092e-02 2.875393285447537028e+00
3.463441859582182952e-02 2.870577072152046938e+00
3.469828913557730654e-02 2.865760362347470114e+00
3.476227746122366458e-02 2.860943335382660990e+00
3.482638378997394979e-02 2.856126343518499588e+00
3.489060833944180456e-02 2.851309604863562885e+00
3.495495132764218221e-02 2.846493092963868321e+00
3.501941297299205474e-02 2.841676778024807781e+00
3.508399349431125941e-02 2.836860800142249062e+00
3.514869311082309544e-02 2.832045375954920008e+00
3.521351204215516367e-02 2.827230669820000042e+00
3.527845050834008123e-02 2.822416759898806138e+00
3.534350872981623093e-02 2.817603720109993048e+00
3.540868692742855928e-02 2.812791652647083307e+00
3.547398532242922176e-02 2.807980671374004089e+00
3.553940413647842245e-02 2.803170905910580490e+00
3.560494359164512179e-02 2.798362509916378471e+00
3.567060391040779987e-02 2.793555630555794256e+00
3.573638531565527521e-02 2.788750367163238764e+00
3.580228803068732923e-02 2.783946799771170877e+00
3.586831227921557369e-02 2.779144968192645226e+00
3.593445828536416531e-02 2.774344856549661120e+00
3.600072627367056910e-02 2.769546494600657827e+00
3.606711646908637020e-02 2.764750192324044509e+00
3.613362909697794695e-02 2.759956349424938171e+00
3.620026438312729661e-02 2.755165099262183226e+00
3.626702255373277783e-02 2.750376228893519848e+00
3.633390383540992946e-02 2.745589593064440503e+00
3.640090845519217133e-02 2.740805522990965137e+00
3.646803664053159533e-02 2.736024496621614510e+00
3.653528861929976335e-02 2.731246692791651665e+00
3.660266461978843588e-02 2.726471917590832739e+00
3.667016487071043246e-02 2.721700033749274716e+00
3.673778960120028386e-02 2.716931310004826017e+00
3.680553904081512034e-02 2.712166135000047884e+00
3.687341341953538632e-02 2.707404615427690509e+00
3.694141296776561750e-02 2.702646511090613046e+00
3.700953791633532219e-02 2.697891650167566713e+00
3.707778849649961961e-02 2.693140317557234820e+00
3.714616493994011420e-02 2.688392938389120967e+00
3.721466747876566589e-02 2.683649772614923545e+00
3.728329634551315330e-02 2.678910872405066090e+00
3.735205177314834812e-02 2.674176275786244172e+00
3.742093399506658119e-02 2.669446017851989872e+00
3.748994324509360987e-02 2.664720133764746368e+00
3.755907975748639521e-02 2.659998710736943828e+00
3.762834376693389993e-02 2.655281906458041519e+00
3.769773550855792105e-02 2.650569876696120986e+00
3.776725521791380463e-02 2.645862740271604618e+00
3.783690313099131314e-02 2.641160601140759567e+00
3.790667948421539563e-02 2.636463529533045413e+00
3.797658451444699962e-02 2.631771544491130932e+00
3.804661845898391070e-02 2.627084690480818274e+00
3.811678155556148806e-02 2.622403229403975633e+00
3.818707404235350406e-02 2.617727515784355141e+00
3.825749615797296305e-02 2.613057704690174621e+00
3.832804814147293404e-02 2.608393583407796701e+00
3.839873023234730010e-02 2.603734945869320416e+00
3.846954267053159793e-02 2.599082020182301722e+00
3.854048569640385752e-02 2.594435273393935315e+00
3.861155955078536539e-02 2.589794991745529185e+00
3.868276447494158055e-02 2.585161020369790563e+00
3.875410071058283529e-02 2.580533161590938374e+00
3.882556849986520953e-02 2.575911534896065280e+00
3.889716808539137038e-02 2.571296496740677284e+00
3.896889971021134935e-02 2.566688329463010732e+00
3.904076361782345822e-02 2.562087038349989854e+00
3.911276005217497603e-02 2.557492570441826985e+00
3.918488925766309972e-02 2.552904953923257114e+00
3.925715147913570735e-02 2.548324306007074824e+00
3.932954696189220473e-02 2.543750757792384132e+00
3.940207595168440657e-02 2.539184498793968903e+00
3.947473869471727903e-02 2.534625737431344561e+00
3.954753543764984169e-02 2.530074566701585148e+00
3.962046642759598641e-02 2.525530873544565402e+00
3.969353191212528914e-02 2.520994547744259684e+00
3.976673213926394668e-02 2.516465752120545130e+00
3.984006735749548445e-02 2.511944822755443063e+00
3.991353781576169324e-02 2.507432041929608335e+00
3.998714376346342719e-02 2.502927503008240073e+00
4.006088545046147809e-02 2.498431256181623983e+00
4.013476312707744270e-02 2.493943274286547052e+00
4.020877704409450693e-02 2.489463435023895332e+00
4.028292745275834780e-02 2.484991658183655971e+00
4.035721460477795924e-02 2.480528244028823437e+00
4.043163875232656107e-02 2.476073673604362924e+00
4.050620014804238306e-02 2.471628259518084292e+00
4.058089904502954620e-02 2.467191840944895631e+00
4.065573569685895089e-02 2.462764180295257344e+00
4.073071035756908875e-02 2.458345198364880968e+00
4.080582328166698636e-02 2.453934997971976895e+00
4.088107472412896154e-02 2.449533702977759742e+00
4.095646494040156710e-02 2.445141536129455950e+00
4.103199418640243040e-02 2.440758768989296446e+00
4.110766271852109299e-02 2.436385627363187201e+00
4.118347079361999591e-02 2.432022184847145052e+00
4.125941866903519439e-02 2.427668481596857220e+00
4.133550660257732934e-02 2.423324512893798133e+00
4.141173485253247383e-02 2.418990204948205491e+00
4.148810367766301438e-02 2.414665493664814644e+00
4.156461333720855994e-02 2.410350547775429231e+00
4.164126409088676067e-02 2.406045716009057145e+00
4.171805619889423083e-02 2.401751288722045796e+00
4.179498992190740919e-02 2.397467157279355998e+00
4.187206552108346108e-02 2.393193054059504998e+00
4.194928325806120128e-02 2.388928846575532727e+00
4.202664339496189200e-02 2.384674848597474917e+00
4.210414619439020040e-02 2.380431462717175428e+00
4.218179191943507295e-02 2.376198936831612762e+00
4.225958083367059581e-02 2.371977233171395305e+00
4.233751320115700101e-02 2.367766284016732392e+00
4.241558928644141580e-02 2.363566054078904077e+00
4.249380935455883412e-02 2.359376545333754738e+00
4.257217367103301869e-02 2.355197767691419752e+00
4.265068250187741689e-02 2.351029820393664593e+00
4.272933611359602118e-02 2.346872870673927469e+00
4.280813477318427818e-02 2.342727080962406561e+00
4.288707874813003917e-02 2.338592563746808128e+00
4.296616830641438595e-02 2.334469404308383567e+00
4.304540371651269237e-02 2.330357682356267279e+00
4.312478524739534608e-02 2.326257446863224665e+00
4.320431316852878234e-02 2.322168734248974520e+00
4.328398774987637920e-02 2.318091579358108056e+00
4.336380926189932483e-02 2.314026010684087531e+00
4.344377797555765836e-02 2.309972054480275538e+00
4.352389416231101232e-02 2.305929745797523633e+00
4.360415809411968130e-02 2.301899159688089558e+00
4.368457004344547534e-02 2.297880381743440115e+00
4.376513028325263593e-02 2.293873504297669896e+00
4.384583908700885602e-02 2.289878650235592339e+00
4.392669672868607794e-02 2.285895949680685213e+00
4.400770348276150656e-02 2.281925501312342508e+00
4.408885962421852517e-02 2.277967269696876684e+00
4.417016542854757671e-02 2.274021183017417513e+00
4.425162117174723936e-02 2.270087186944227398e+00
4.433322713032499668e-02 2.266165314313295820e+00
4.441498358129826463e-02 2.262255625138685389e+00
4.449689080219532133e-02 2.258358192827630617e+00
4.457894907105621612e-02 2.254473182121945918e+00
4.466115866643382420e-02 2.250600793822765233e+00
4.474351986739463077e-02 2.246741207042107114e+00
4.482603295351977185e-02 2.242894397781582505e+00
4.490869820490596409e-02 2.239060226569858703e+00
4.499151590216651786e-02 2.235238562301090859e+00
4.507448632643216990e-02 2.231429441345103903e+00
4.515760975935211030e-02 2.227633047625306784e+00
4.524088648309494698e-02 2.223849567240090419e+00
4.532431678034960776e-02 2.220079090802968391e+00
4.540790093432640201e-02 2.216321563702323694e+00
4.549163922875787414e-02 2.212576919320029312e+00
4.557553194789979584e-02 2.208845122051420251e+00
4.565957937653217918e-02 2.205126232629295302e+00
4.574378179996015786e-02 2.201420330084545629e+00
4.582813950401509046e-02 2.197727489110551602e+00
4.591265277505538617e-02 2.194047754330749278e+00
4.599732189996754567e-02 2.190381155891267362e+00
4.608214716616712558e-02 2.186727723046600236e+00
4.616712886159970303e-02 2.183087467410405047e+00
4.625226727474193028e-02 2.179460379058634434e+00
4.633756269460238830e-02 2.175846446717669469e+00
4.642301541072262755e-02 2.172245679812180530e+00
4.650862571317818800e-02 2.168658168635673178e+00
4.659439389257948733e-02 2.165084022594269353e+00
4.668032024007297276e-02 2.161523344799845869e+00
4.676640504734190518e-02 2.157976130143105742e+00
4.685264860660749708e-02 2.154442275492583825e+00
4.693905121062983549e-02 2.150921674712035880e+00
4.702561315270888109e-02 2.147414256303909141e+00
4.711233472668555772e-02 2.143920085467597492e+00
4.719921622694259189e-02 2.140439261017875960e+00
4.728625794840561614e-02 2.136971880055738460e+00
4.737346018654411961e-02 2.133517999502228424e+00
4.746082323737255831e-02 2.130077623999351744e+00
4.754834739745119471e-02 2.126650754556532963e+00
4.763603296388722180e-02 2.123237389139534415e+00
4.772388023433573462e-02 2.119837497065269361e+00
4.781188950700071549e-02 2.116451031767699220e+00
4.790006108063616513e-02 2.113077946727534240e+00
4.798839525454692834e-02 2.109718207582488514e+00
4.807689232858985279e-02 2.106371833187255405e+00
4.816555260317475357e-02 2.103038856954180247e+00
4.825437637926541928e-02 2.099719312003691662e+00
4.834336395838073619e-02 2.096413222012486255e+00
4.843251564259554859e-02 2.093120585210501705e+00
4.852183173454178988e-02 2.089841395471424335e+00
4.861131253740950953e-02 2.086575646607778722e+00
4.870095835494782366e-02 2.083323324184720438e+00
4.879076949146610165e-02 2.080084395328702040e+00
4.888074625183481264e-02 2.076858824794550529e+00
4.897088894148668436e-02 2.073646577516563116e+00
4.906119786641769537e-02 2.070447624210805859e+00
4.915167333318810200e-02 2.067261949295560175e+00
4.924231564892356250e-02 2.064089539241266369e+00
4.933312512131605293e-02 2.060930380549749863e+00
4.942410205862500516e-02 2.057784459362340890e+00
4.951524676967829913e-02 2.054651760465867394e+00
4.960655956387334531e-02 2.051532268384961721e+00
4.969804075117816022e-02 2.048425967692158345e+00
4.978969064213233792e-02 2.045332834449143267e+00
4.988150954784816710e-02 2.042252780797621625e+00
4.997349778001163034e-02 2.039185690376180471e+00
5.006565565088360453e-02 2.036131447335373323e+00
5.015798347330071433e-02 2.033089941459970351e+00
5.025048156067653260e-02 2.030061228208599911e+00
5.034315022700261433e-02 2.027045561685324682e+00
5.043598978684953049e-02 2.024043206317610366e+00
5.052900055536802687e-02 2.021054424936930438e+00
5.062218284828997467e-02 2.018079390292081943e+00
5.071553698192950849e-02 2.015117831909878365e+00
5.080906327318408106e-02 2.012169343071147143e+00
5.090276203953554568e-02 2.009233519362805698e+00
5.099663359905128729e-02 2.006309960468731113e+00
5.109067827038518694e-02 2.003398434257757099e+00
5.118489637277878757e-02 2.000499008681100754e+00
5.127928822606235559e-02 1.997611782546157455e+00
5.137385415065594957e-02 1.994736854059927511e+00
5.146859446757059281e-02 1.991874317439260800e+00
5.156350949840922404e-02 1.989024175423602658e+00
5.165859956536789088e-02 1.986186332149432188e+00
5.175386499123680456e-02 1.983360687336117145e+00
5.184930609940142238e-02 1.980547141249805465e+00
5.194492321384365507e-02 1.977745594915054417e+00
5.204071665914278277e-02 1.974955955244306338e+00
5.213668676047670397e-02 1.972178135218689121e+00
5.223283384362296944e-02 1.969412048545688299e+00
5.232915823495988550e-02 1.966657609394088624e+00
5.242566026146772834e-02 1.963914732585559042e+00
5.252234025072968771e-02 1.961183347660623078e+00
5.261919853093308813e-02 1.958463408225929570e+00
5.271623543087045061e-02 1.955754870360755460e+00
5.281345127994070687e-02 1.953057690366929666e+00
5.291084640815017781e-02 1.950371824767604956e+00
5.300842114611377387e-02 1.947697217800671066e+00
5.310617582505611223e-02 1.945033749738917850e+00
5.320411077681259232e-02 1.942381280913237696e+00
5.330222633383067260e-02 1.939739672387318814e+00
5.340052282917077953e-02 1.937108785960540702e+00
5.349900059650758433e-02 1.934488484534898856e+00
5.359765997013110628e-02 1.931878663192787116e+00
5.369650128494780211e-02 1.929279272345550522e+00
5.379552487648183584e-02 1.926690268147262186e+00
5.389473108087603631e-02 1.924111606967487731e+00
5.399412023489313928e-02 1.921543245390008314e+00
5.409369267591693231e-02 1.918985138999324658e+00
5.419344874195335116e-02 1.916437196479908067e+00
5.429338877163174953e-02 1.913899265823511664e+00
5.439351310420586366e-02 1.911371191722455398e+00
5.449382207955509594e-02 1.908852819669468737e+00
5.459431603818563905e-02 1.906343995950737558e+00
5.469499532123157232e-02 1.903844567723005143e+00
5.479586027045618701e-02 1.901354397437906352e+00
5.489691122825291619e-02 1.898873379120734617e+00
5.499814853764667388e-02 1.896401411281683602e+00
5.509957254229493756e-02 1.893938392936721504e+00
5.520118358648891388e-02 1.891484223603591364e+00
5.530298201515480155e-02 1.889038803297864444e+00
5.540496817385482525e-02 1.886602030771743266e+00
5.550714240878849154e-02 1.884173787435878156e+00
5.560950506679370603e-02 1.881753944901168873e+00
5.571205649534809179e-02 1.879342375284751121e+00
5.581479704256998159e-02 1.876938951334992778e+00
5.591772705721970160e-02 1.874543546426589824e+00
5.602084688870075102e-02 1.872156034555749304e+00
5.612415688706094002e-02 1.869776288184813007e+00
5.622765740299370124e-02 1.867404165592592147e+00
5.633134878783910976e-02 1.865039519518773892e+00
5.643523139358519458e-02 1.862682203400942704e+00
5.653930557286907660e-02 1.860332071391227693e+00
5.664357167897818290e-02 1.857988978351121645e+00
5.674803006585152354e-02 1.855652779846412859e+00
5.685268108808073234e-02 1.853323331998378842e+00
5.695752510091139920e-02 1.851000488617216000e+00
5.706256246024421497e-02 1.848684101372850108e+00
5.716779352263618580e-02 1.846374022538241233e+00
5.727321864530193762e-02 1.844070105097221246e+00
5.737883818611477088e-02 1.841772202739891284e+00
5.748465250360796502e-02 1.839480169858135561e+00
5.759066195697599977e-02 1.837193861541251083e+00
5.769686690607571389e-02 1.834913131770307126e+00
5.780326771142766523e-02 1.832637819250499733e+00
5.790986473421717851e-02 1.830367755110325456e+00
5.801665833629567753e-02 1.828102771215153410e+00
5.812364888018185793e-02 1.825842700236142147e+00
5.823083672906302632e-02 1.823587375645883579e+00
5.833822224679619667e-02 1.821336631714211007e+00
5.844580579790938091e-02 1.819090303504152795e+00
5.855358774760285184e-02 1.816848226790699572e+00
5.866156846175032274e-02 1.814610235551490147e+00
5.876974830690031432e-02 1.812376161431558330e+00
5.887812765027723022e-02 1.810145836695178367e+00
5.898670685978271017e-02 1.807919094411054806e+00
5.909548630399685809e-02 1.805695768449056660e+00
5.920446635217945647e-02 1.803475693477093911e+00
5.931364737427134021e-02 1.801258704958148549e+00
5.942302974089547218e-02 1.799044639147463043e+00
5.953261382335833796e-02 1.796833332598533950e+00
5.964239999365115313e-02 1.794624610849454349e+00
5.975238862445110544e-02 1.792418288198260434e+00
5.986258008912273554e-02 1.790214179296771846e+00
5.997297476171903341e-02 1.788012099699374469e+00
6.008357301698283304e-02 1.785811865860852166e+00
6.019437523034801979e-02 1.783613295134405252e+00
6.030538177794082799e-02 1.781416205769859040e+00
6.041659303658118707e-02 1.779220416912056013e+00
6.052800938378385259e-02 1.777025748599440735e+00
6.063963119775980792e-02 1.774832020426736490e+00
6.075145885741748547e-02 1.772639044410193376e+00
6.086349274236407120e-02 1.770446630191728321e+00
6.097573323290686464e-02 1.768254588360212098e+00
6.108818071005443773e-02 1.766062730458667351e+00
6.120083555551799476e-02 1.763870868983946405e+00
6.131369815171266308e-02 1.761678817386598483e+00
6.142676888175887390e-02 1.759486390070945427e+00
6.154004812948348641e-02 1.757293402395347481e+00
6.165353627942123799e-02 1.755099670672664258e+00
6.176723371681597935e-02 1.752905012004901009e+00
6.188114082762198598e-02 1.750709237910888838e+00
6.199525799850537366e-02 1.748512152360039762e+00
6.210958561684522955e-02 1.746313559781096147e+00
6.222412407073504848e-02 1.744113265642180721e+00
6.233887374898402362e-02 1.741911076452581808e+00
6.245383504111833711e-02 1.739706799764745959e+00
6.256900833738260337e-02 1.737500244176490183e+00
6.268439402874098620e-02 1.735291219333415125e+00
6.279999250687871848e-02 1.733079535931534298e+00
6.291580416420330946e-02 1.730865005720105154e+00
6.303182939384589789e-02 1.728647441504626903e+00
6.314806858966270919e-02 1.726426655153101342e+00
6.326452214623620729e-02 1.724202452279582465e+00
6.338119045887655179e-02 1.721974637932870644e+00
6.349807392362288860e-02 1.719743018289304759e+00
6.361517293724468225e-02 1.717507400657053651e+00
6.373248789724321461e-02 1.715267593480613639e+00
6.385001920185268132e-02 1.713023406345529853e+00
6.396776725004175990e-02 1.710774649983314744e+00
6.408573244151481718e-02 1.708521136276581309e+00
6.420391517671333870e-02 1.706262678264376165e+00
6.432231585681737196e-02 1.703999090147713780e+00
6.444093488374666445e-02 1.701730187295314556e+00
6.455977266016224569e-02 1.699455785836379018e+00
6.467882958946762073e-02 1.697175697459574639e+00
6.479810607581036608e-02 1.694889731015062795e+00
6.491760252408321219e-02 1.692597696510268035e+00
6.503731933992565328e-02 1.690299405207434491e+00
6.515725692972521021e-02 1.687994669630902056e+00
6.527741570061880438e-02 1.685683303574587732e+00
6.539779606049427041e-02 1.683365122109654610e+00
6.551839841799154962e-02 1.681039941592389564e+00
6.563922318250420274e-02 1.678707579672267247e+00
6.576027076418076989e-02 1.676367855300202381e+00
6.588154157392611676e-02 1.674020588736991444e+00
6.600303602340298892e-02 1.671665601561935999e+00
6.612475452503317752e-02 1.669302716681665189e+00
6.624669749199908753e-02 1.666931758394563978e+00
6.636886533824505607e-02 1.664552552521896045e+00
6.649125847847880966e-02 1.662164926273887788e+00
6.661387732817287965e-02 1.659768708223473332e+00
6.673672230356594848e-02 1.657363728315934814e+00
6.685979382166429286e-02 1.654949817878708762e+00
6.698309230024324101e-02 1.652526809631337468e+00
6.710661815784847717e-02 1.650094537695585561e+00
6.723037181379766525e-02 1.647652837605700027e+00
6.735435368818167012e-02 1.645201546318818320e+00
6.747856420186605642e-02 1.642740502225520816e+00
6.760300377649251791e-02 1.640269545160519371e+00
6.772767283448032083e-02 1.637788516413482665e+00
6.785257179902780267e-02 1.635297258739992987e+00
6.797770109411362116e-02 1.632795616402638705e+00
6.810306114449837800e-02 1.630283437628836873e+00
6.822865237572592334e-02 1.627760576414611693e+00
6.835447521412499339e-02 1.625226888650857848e+00
6.848053008681041776e-02 1.622682231705540490e+00
6.860681742168471542e-02 1.620126464434872959e+00
6.873333764743952412e-02 1.617559447194575561e+00
6.886009119355700203e-02 1.614981041851237364e+00
6.898707849031145145e-02 1.612391111793757048e+00
6.911429996877052617e-02 1.609789521944872348e+00
6.924175606079689682e-02 1.607176138772760554e+00
6.936944719904961087e-02 1.604550830302721831e+00
6.949737381698559147e-02 1.601913466128929153e+00
6.962553634886121945e-02 1.599263917426248183e+00
6.975393522973355465e-02 1.596602056962123983e+00
6.988257089546205669e-02 1.593927759108521469e+00
7.001144378270993118e-02 1.591240899907505391e+00
7.014055432894562847e-02 1.588541363843197551e+00
7.026990297244443961e-02 1.585829050391859063e+00
7.039949015228980089e-02 1.583103862106196136e+00
7.052931630837491750e-02 1.580365703051877846e+00
7.065938188140422072e-02 1.577614478817934929e+00
7.078968731289479732e-02 1.574850096527162568e+00
7.092023304517808269e-02 1.572072464846528295e+00
7.105101952140112365e-02 1.569281493997576993e+00
7.118204718552821608e-02 1.566477095766823258e+00
7.131331648234237597e-02 1.563659183516144191e+00
7.144482785744685205e-02 1.560827672193154658e+00
7.157658175726673566e-02 1.557982478341567001e+00
7.170857862905027913e-02 1.555123520111534541e+00
7.184081892087054722e-02 1.552250717269967328e+00
7.197330308162690204e-02 1.549363991210830127e+00
7.210603156104662681e-02 1.546463264965400430e+00
7.223900480968624416e-02 1.543548463212502497e+00
7.237222327893322316e-02 1.540619518310784475e+00
7.250568742100745034e-02 1.537676389522003584e+00
7.263939768896271465e-02 1.534719044177905944e+00
7.277335453668840048e-02 1.531747451002982263e+00
7.290755841891084776e-02 1.528761580120898911e+00
7.304200979119497561e-02 1.525761403060884147e+00
7.317670910994585054e-02 1.522746892764031301e+00
7.331165683241017139e-02 1.519718023589528455e+00
7.344685341667796241e-02 1.516674771320794646e+00
7.358229932168391940e-02 1.513617113171539907e+00
7.371799500720910281e-02 1.510545027791734274e+00
7.385394093388250591e-02 1.507458495273485521e+00
7.399013756318251200e-02 1.504357497156829870e+00
7.412658535743867072e-02 1.501242016435419657e+00
7.426328477983297482e-02 1.498112037562124410e+00
7.440023629440167818e-02 1.494967546454529561e+00
7.453744036603673906e-02 1.491808530500333907e+00
7.467489746048742993e-02 1.488634978562642708e+00
7.481260804436203060e-02 1.485446883784682148e+00
7.495057258512918819e-02 1.482244273628469111e+00
7.508879155111965187e-02 1.479027198072077720e+00
7.522726541152788271e-02 1.475795708452561694e+00
7.536599463641352470e-02 1.472549857098859327e+00
7.550497969670318110e-02 1.469289697330841804e+00
7.564422106419183001e-02 1.466015283458282470e+00
7.578371921154450352e-02 1.462726670779716409e+00
7.592347461229786987e-02 1.459423915581214093e+00
7.606348774086199582e-02 1.456107075135041340e+00
7.620375907252166514e-02 1.452776207698244448e+00
7.634428908343823816e-02 1.449431372511120308e+00
7.648507825065113674e-02 1.446072629795587705e+00
7.662612705207950958e-02 1.442700040753474910e+00
7.676743596652395307e-02 1.439313667564688926e+00
7.690900547366788520e-02 1.435913573385302566e+00
7.705083605407943292e-02 1.432499822345526752e+00
7.719292818921288934e-02 1.429072479547598418e+00
7.733528236141042067e-02 1.425631611063551407e+00
7.747789905390380094e-02 1.422177285977066052e+00
7.762077875081581368e-02 1.418709613036034822e+00
7.776392193716208379e-02 1.415228736120363484e+00
7.790732909885268731e-02 1.411734800541704526e+00
7.805100072269371969e-02 1.408227951804578382e+00
7.819493729638912760e-02 1.404708335596647872e+00
7.833913930854215224e-02 1.401176097779012641e+00
7.848360724865710569e-02 1.397631384376510688e+00
7.862834160714103626e-02 1.394074341568048325e+00
7.877334287530531054e-02 1.390505115676944126e+00
7.891861154536745915e-02 1.386923853161293296e+00
7.906414811045260616e-02 1.383330700604360253e+00
7.920995306459531482e-02 1.379725804704979852e+00
7.935602690274121129e-02 1.376109312267993934e+00
7.950237012074863607e-02 1.372481370194703842e+00
7.964898321539044812e-02 1.368842125473349824e+00
7.979586668435555141e-02 1.365191725169617953e+00
7.994302102625064355e-02 1.361530316417167263e+00
8.009044674060192270e-02 1.357858046408187747e+00
8.023814432785687789e-02 1.354175062383986550e+00
8.038611428938578773e-02 1.350481524420447776e+00
8.053435712748353847e-02 1.346777653982961231e+00
8.068287334537134481e-02 1.343063690191951043e+00
8.083166344719835972e-02 1.339339871153350847e+00
8.098072793804360348e-02 1.335606433939003246e+00
8.113006732391739306e-02 1.331863614571066279e+00
8.127968211176325730e-02 1.328111648006715662e+00
8.142957280945956056e-02 1.324350768123137900e+00
8.157973992582125133e-02 1.320581207702820725e+00
8.173018397060172191e-02 1.316803198419134402e+00
8.188090545449427937e-02 1.313016970822207030e+00
8.203190488913408851e-02 1.309222754325090277e+00
8.218318278709980940e-02 1.305420777190215764e+00
8.233473966191533211e-02 1.301611266516147447e+00
8.248657602805167799e-02 1.297794448224604658e+00
8.263869240092851232e-02 1.293970547047798236e+00
8.279108929691604557e-02 1.290139786516033782e+00
8.294376723333671264e-02 1.286302388945608888e+00
8.309672672846694919e-02 1.282458575426996150e+00
8.324996830153907901e-02 1.278608565893610605e+00
8.340349247274282674e-02 1.274752605548211681e+00
8.355729976322727459e-02 1.270891002545641912e+00
8.371139069510256936e-02 1.267024072293749137e+00
8.386576579144165711e-02 1.263152127689362914e+00
8.402042557628221220e-02 1.259275479104504214e+00
8.417537057462819161e-02 1.255394434373289680e+00
8.433060131245179170e-02 1.251509298779498902e+00
8.448611831669508576e-02 1.247620375044828034e+00
8.464192211527206411e-02 1.243727963317786012e+00
8.479801323707010507e-02 1.239832361163274665e+00
8.495439221195201507e-02 1.235933863552796996e+00
8.511105957075769390e-02 1.232032762855315822e+00
8.526801584530595279e-02 1.228129348828753908e+00
8.542526156839648499e-02 1.224223908612104283e+00
8.558279727381139235e-02 1.220316726718183364e+00
8.574062349631721147e-02 1.216408085026976948e+00
8.589874077166662070e-02 1.212498262779611258e+00
8.605714963660031358e-02 1.208587536572899301e+00
8.621585062884888628e-02 1.204676180354497639e+00
8.637484428713447515e-02 1.200764467463443008e+00
8.653413115117271348e-02 1.196852715232872733e+00
8.669371176167457727e-02 1.192941284113947509e+00
8.685358666034813380e-02 1.189030532652583627e+00
8.701375638990052619e-02 1.185120815459056676e+00
8.717422149403963871e-02 1.181212483207854103e+00
8.733498251747606744e-02 1.177305882638550960e+00
8.749604000592488273e-02 1.173401356557682629e+00
8.765739450610753047e-02 1.169499243841605640e+00
8.781904656575380275e-02 1.165599879440323727e+00
8.798099673360343376e-02 1.161703594382274884e+00
8.814324555940818151e-02 1.157810715780038135e+00
8.830579359393353478e-02 1.153921566836971113e+00
8.846864138896083640e-02 1.150036466854729378e+00
8.863178949728883760e-02 1.146155731241689901e+00
8.879523847273576576e-02 1.142279671522224538e+00
8.895898887014119794e-02 1.138408595346825036e+00
8.912304124536782335e-02 1.134542806503064716e+00
8.928739615530356666e-02 1.130682604927366164e+00
8.945205415786319780e-02 1.126828286746726526e+00
8.961701581199039979e-02 1.122980163054295044e+00
8.978228167765962831e-02 1.119138591806133398e+00
8.994785231587794361e-02 1.115303934754740434e+00
9.011372828868713381e-02 1.111476548804667841e+00
9.027991015916533857e-02 1.107656786034306506e+00
9.044639849142911692e-02 1.103844993718796630e+00
9.061319385063532073e-02 1.100041514354032746e+00
9.078029680298303761e-02 1.096246685681753652e+00
9.094770791571556157e-02 1.092460840715678172e+00
9.111542775712219711e-02 1.088684307768664761e+00
9.128345689654024375e-02 1.084917410480866096e+00
9.145179590435696670e-02 1.081160467848861551e+00
9.162044535201144257e-02 1.077413794255732915e+00
9.178940581199669657e-02 1.073677699502059157e+00
9.195867785786138171e-02 1.069952488837823568e+00
9.212826206421188824e-02 1.066238462995174219e+00
9.229815900671425877e-02 1.062535918222048181e+00
9.246836926209607566e-02 1.058845146316621522e+00
9.263889340814868145e-02 1.055166434705375300e+00
9.280973202372873321e-02 1.051500078357086476e+00
9.298088568876049231e-02 1.047846395804580055e+00
9.315235498423755922e-02 1.044205704761020703e+00
9.332414049222517716e-02 1.040578318067594266e+00
9.349624279586181419e-02 1.036964543738258637e+00
9.366866247936136980e-02 1.033364685005380146e+00
9.384140012801513164e-02 1.029779040366254339e+00
9.401445632819367682e-02 1.026207903630471874e+00
9.418783166734909229e-02 1.022651563968097088e+00
9.436152673401666802e-02 1.019110305958651930e+00
9.453554211781703409e-02 1.015584409640858166e+00
9.470987840945820080e-02 1.012074150563118780e+00
9.488453620073747374e-02 1.008579799834723234e+00
9.505951608454364654e-02 1.005101624177742181e+00
9.523481865485872166e-02 1.001639885979586975e+00
9.541044450676018640e-02 9.981948433462142223e-01
9.558639423642285859e-02 9.947667501559557257e-01
9.576266844112098220e-02 9.913558561139399483e-01
9.593926771923039221e-02 9.879624067721398673e-01
9.611619267023024937e-02 9.845866432793560774e-01
9.629344389470530230e-02 9.812288025905736566e-01
9.647102199434784420e-02 9.778891177163101522e-01
9.664892757195973905e-02 9.745678177818063448e-01
9.682716123145462817e-02 9.712651280844801782e-01
9.700572357785970656e-02 9.679812701518359930e-01
9.718461521731797115e-02 9.647164617997971980e-01
9.736383675709024688e-02 9.614709171914557206e-01
9.754338880555714353e-02 9.582448468962240229e-01
9.772327197222138717e-02 9.550384579493513826e-01
9.790348686770954101e-02 9.518519539118202033e-01
9.808403410377430909e-02 9.486855349305799434e-01
9.826491429329649308e-02 9.455393977991088938e-01
9.844612805028728209e-02 9.424137360182969214e-01
9.862767598989002904e-02 9.393087398576314140e-01
9.880955872838256826e-02 9.362245964166644452e-01
9.899177688317918611e-02 9.331614896867587161e-01
9.917433107283274429e-02 9.301195967457362990e-01
9.935722191703696970e-02 9.270990598985615616e-01
9.954045003662820301e-02 9.241000033454238594e-01
9.972401605358774401e-02 9.211225489728246396e-01
9.990792059104393330e-02 9.181668165152973016e-01
1.000921642732741645e-01 9.152329236062083373e-01
1.002767477257073131e-01 9.123209858285863394e-01
1.004616715749252626e-01 9.094311167660034112e-01
1.006469364486656942e-01 9.065634280534732303e-01
1.008325429758239467e-01 9.037180294283814197e-01
1.010184917864547782e-01 9.008950287814502245e-01
1.012047835117752953e-01 8.980945322077010795e-01
1.013914187841662568e-01 8.953166440574559237e-01
1.015783982371748911e-01 8.925614669873348506e-01
1.017657225055167702e-01 8.898291020112689687e-01
1.019533922250777103e-01 8.871196485515292496e-01
1.021414080329165336e-01 8.844332044897436074e-01
1.023297705672665120e-01 8.817698656149132175e-01
1.025184804675382116e-01 8.791296907492537338e-01
1.027075383743213388e-01 8.765126831477710878e-01
1.028969449293866550e-01 8.739188411477238905e-01
1.030867007756888082e-01 8.713481628984285354e-01
1.032768065573677757e-01 8.688006463868325202e-01
1.034672629197516680e-01 8.662762894629821853e-01
1.036580705093587129e-01 8.637750898654023013e-01
1.038492299738990876e-01 8.612970452463953874e-01
1.040407419622778329e-01 8.588421531972407763e-01
1.042326071245962410e-01 8.564104112733303964e-01
1.044248261121548255e-01 8.540018170192033020e-01
1.046173995774551391e-01 8.516163679935218056e-01
1.048103281742017584e-01 8.492540617939672298e-01
1.050036125573051704e-01 8.469148960820600536e-01
1.051972533828832157e-01 8.445988686079254348e-01
1.053912513082639890e-01 8.423059772349779095e-01
1.055856069919878099e-01 8.400362184331896520e-01
1.057803210938091099e-01 8.377895342194208173e-01
1.059753942746994165e-01 8.355657992329896810e-01
1.061708271968487549e-01 8.333648853336969031e-01
1.063666205236686452e-01 8.311866659267288515e-01
1.065627749197940177e-01 8.290310159520516420e-01
1.067592910510851562e-01 8.268978118739560568e-01
1.069561695846306254e-01 8.247869316707350240e-01
1.071534111887491592e-01 8.226982548245247440e-01
1.073510165329916582e-01 8.206316623112879238e-01
1.075489862881442021e-01 8.185870365909329038e-01
1.077473211262294367e-01 8.165642615975942098e-01
1.079460217205096412e-01 8.145632227300362294e-01
1.081450887454886989e-01 8.125838068422136518e-01
1.083445228769140123e-01 8.106259022339729059e-01
1.085443247917796256e-01 8.086893986418836056e-01
1.087444951683275846e-01 8.067741872302217621e-01
1.089450346860510316e-01 8.048801378026991804e-01
1.091459440256962177e-01 8.030070267658770966e-01
1.093472238692644177e-01 8.011546082385009315e-01
1.095488749000150669e-01 7.993226390113293833e-01
1.097508978024671900e-01 7.975108785028089953e-01
1.099532932624024545e-01 7.957190887153766656e-01
1.101560619668672525e-01 7.939470341924982355e-01
1.103592046041746016e-01 7.921944819764064061e-01
1.105627218639073372e-01 7.904612015665266611e-01
1.107666144369194999e-01 7.887469648785928600e-01
1.109708830153395415e-01 7.870515462044224142e-01
1.111755282925722677e-01 7.853747221723551553e-01
1.113805509633008506e-01 7.837162717083419050e-01
1.115859517234900483e-01 7.820759759976537717e-01
1.117917312703875926e-01 7.804536184472334881e-01
1.119978903025273947e-01 7.788489846481857493e-01
1.122044295197315300e-01 7.772618376457517408e-01
1.124113496231123194e-01 7.756918519436099002e-01
1.126186513150754798e-01 7.741386841544719566e-01
1.128263352993215951e-01 7.726019939961871197e-01
1.130344022808493221e-01 7.710814442292335258e-01
1.132428529659574301e-01 7.695767005957085960e-01
1.134516880622468277e-01 7.680874317597842227e-01
1.136609082786238512e-01 7.666133092496006940e-01
1.138705143253016389e-01 7.651540074005946934e-01
1.140805069138034339e-01 7.637092033002074176e-01
1.142908867569645964e-01 7.622785767339890217e-01
1.145016545689347548e-01 7.608618101330483219e-01
1.147128110651809418e-01 7.594585885228389843e-01
1.149243569624891492e-01 7.580685994732708766e-01
1.151362929789676026e-01 7.566915330501036152e-01
1.153486198340487878e-01 7.553270791602177958e-01
1.155613382484915463e-01 7.539748750647760067e-01
1.157744489443844338e-01 7.526345083586527540e-01
1.159879526451470938e-01 7.513055676349870149e-01
1.162018500755336442e-01 7.499876445283524262e-01
1.164161419616347448e-01 7.486803336581764334e-01
1.166308290308797069e-01 7.473832325743638982e-01
1.168459120120397959e-01 7.460959417050881948e-01
1.170613916352297307e-01 7.448180643067378037e-01
1.172772686319110552e-01 7.435492064159725523e-01
1.174935437348941930e-01 7.422889768038796188e-01
1.177102176783406534e-01 7.410369869321964398e-01
1.179272911977661403e-01 7.397928509115700990e-01
1.181447650300427865e-01 7.385561854618368782e-01
1.183626399134012630e-01 7.373266098743016528e-01
1.185809165874340959e-01 7.361037449546222744e-01
1.187995957930972346e-01 7.348871816227333653e-01
1.190186782727134240e-01 7.336764752390896316e-01
1.192381647699743696e-01 7.324711818666107543e-01
1.194580560299428607e-01 7.312708604587651040e-01
1.196783527990561563e-01 7.300750728291798275e-01
1.198990558251275818e-01 7.288833836238926001e-01
1.201201658573499004e-01 7.276953602962017431e-01
1.203416836462974648e-01 7.265105730841044940e-01
1.205636099439284376e-01 7.253285949902781304e-01
1.207859455035881907e-01 7.241490017645823007e-01
1.210086910800108606e-01 7.229713718890596885e-01
1.212318474293227755e-01 7.217952865653942673e-01
1.214554153090446897e-01 7.206203297048122680e-01
1.216793954780939352e-01 7.194460879203952164e-01
1.219037886967879042e-01 7.182721485482403967e-01
1.221285957268456041e-01 7.170980849745776098e-01
1.223538173313911404e-01 7.159234650425083668e-01
1.225794542749558957e-01 7.147478594038808586e-01
1.228055073234808059e-01 7.135708415874036925e-01
1.230319772443198151e-01 7.123919880057805187e-01
1.232588648062414305e-01 7.112108779653890656e-01
1.234861707794322749e-01 7.100270936784348619e-01
1.237138959354992934e-01 7.088402202775827554e-01
1.239420410474720013e-01 7.076498458330151564e-01
1.241706068898060095e-01 7.064555613718858096e-01
1.243995942383845643e-01 7.052569609001526629e-01
1.246290038705222120e-01 7.040536414267334342e-01
1.248588365649668797e-01 7.028452029899742159e-01
1.250890931019023045e-01 7.016312490570953964e-01
1.253197742629514611e-01 7.004113961843084768e-01
1.255508808311782132e-01 6.991852748667397588e-01
1.257824135910909358e-01 6.979525191564625031e-01
1.260143733286447076e-01 6.967127661441337994e-01
1.262467608312436429e-01 6.954656559960926687e-01
1.264795768877444437e-01 6.942108319932817073e-01
1.267128222884580380e-01 6.929479405719826124e-01
1.269464978251532150e-01 6.916766313663061938e-01
1.271806042910588741e-01 6.903965572524216610e-01
1.274151424808663280e-01 6.891073743944831076e-01
1.276501131907329945e-01 6.878087422922082306e-01
1.278855172182838951e-01 6.865003238300924071e-01
1.281213553626154300e-01 6.851817853281991777e-01
1.283576284242976540e-01 6.838527983377593600e-01
1.285943372053765521e-01 6.825130712453421067e-01
1.288314825093777316e-01 6.811623456558631995e-01
1.290690651413080592e-01 6.798003673689000381e-01
1.293070859076594081e-01 6.784268853535900812e-01
1.295455456164108510e-01 6.770416517961872493e-01
1.297844450770311020e-01 6.756444221483925983e-01
1.300237851004822365e-01 6.742349551764242888e-01
1.302635664992212172e-01 6.728130130108127549e-01
1.305037900872038081e-01 6.713783611968630050e-01
1.307444566798867391e-01 6.699307687457767280e-01
1.309855670942301209e-01 6.684700081863879095e-01
1.312271221487011641e-01 6.669958556174691022e-01
1.314691226632763166e-01 6.655080907605954721e-01
1.317115694594438724e-01 6.640065127535504930e-01
1.319544633602075245e-01 6.624909946668616767e-01
1.321978051900882245e-01 6.609614322025431088e-01
1.324415957751277906e-01 6.594177239035793336e-01
1.326858359428914336e-01 6.578597711847348206e-01
1.329305265224700328e-01 6.562874783641824417e-01
1.331756683444840217e-01 6.547007526949685241e-01
1.334212622410850535e-01 6.530995043963220281e-01
1.336673090459597757e-01 6.514836466847606644e-01
1.339138095943322726e-01 6.498530958049977269e-01
1.341607647229664801e-01 6.482077710606160004e-01
1.344081752701700161e-01 6.465475948444890930e-01
1.346560420757958731e-01 6.448724926689477499e-01
1.349043659812462492e-01 6.431824012147119296e-01
1.351531478294750177e-01 6.414773386155728785e-01
1.354023884649901976e-01 6.397573695487944745e-01
1.356520887338576453e-01 6.380225610041243556e-01
1.359022494837030248e-01 6.362729817729323445e-01
1.361528715637155273e-01 6.345087024456667057e-01
1.364039558246503137e-01 6.327297954089746712e-01
1.366555031188310676e-01 6.309363348424632534e-01
1.369075143001538819e-01 6.291283967150975709e-01
1.371599902240888680e-01 6.273060587812574473e-01
1.374129317476842915e-01 6.254694005764137588e-01
1.376663397295688762e-01 6.236185034124656079e-01
1.379202150299543017e-01 6.217534503727049078e-01
1.381745585106392005e-01 6.198743380479153631e-01
1.384293710350109619e-01 6.179813559602331807e-01
1.386846534680495346e-01 6.160747368657737422e-01
1.389404066763300361e-01 6.141547136859224487e-01
1.391966315280252220e-01 6.122215192195019640e-01
1.394533288929094283e-01 6.102753861048234585e-01
1.397104996423604861e-01 6.083165467821642913e-01
1.399681446493634684e-01 6.063452334566449275e-01
1.402262647885134939e-01 6.043616780615421735e-01
1.404848609360179745e-01 6.023661122220304032e-01
1.407439339697008351e-01 6.003587672193410052e-01
1.410034847690042337e-01 5.983398739553773549e-01
1.412635142149925860e-01 5.963096630055022551e-01
1.415240231903550638e-01 5.942684020200522665e-01
1.417850125794082317e-01 5.922164531515400343e-01
1.420464832681000156e-01 5.901541911544034846e-01
1.423084361440115908e-01 5.880819881438487107e-01
1.425708720963614062e-01 5.860002135393426181e-01
1.428337920160076824e-01 5.839092340100577871e-01
1.430971967954511315e-01 5.818094134222473457e-01
1.433610873288388987e-01 5.797011127885214332e-01
1.436254645119665052e-01 5.775846902190464593e-01
1.438903292422818447e-01 5.754605008746130901e-01
1.441556824188878483e-01 5.733288969215907249e-01
1.444215249425450653e-01 5.711902274887334929e-01
1.446878577156757717e-01 5.690448505626862774e-01
1.449546816423658291e-01 5.668932063567870827e-01
1.452219976283687930e-01 5.647357677297611955e-01
1.454898065811085772e-01 5.625730024404675955e-01
1.457581094096820074e-01 5.604053729431204278e-01
1.460269070248629286e-01 5.582333363453123587e-01
1.462962003391047316e-01 5.560573443696016360e-01
1.465659902665430447e-01 5.538778433185990169e-01
1.468362777229998695e-01 5.516952740434873936e-01
1.471070636259855235e-01 5.495100719159359270e-01
1.473783488947028597e-01 5.473226668033281950e-01
1.476501344500497082e-01 5.451334830472618354e-01
1.479224212146218742e-01 5.429429468602058328e-01
1.481952101127170240e-01 5.407515454328429838e-01
1.484685020703368219e-01 5.385597943977710189e-01
1.487422980151910656e-01 5.363682023554487976e-01
1.490165988767003236e-01 5.341772705425141821e-01
1.492914055859987099e-01 5.319874928319839880e-01
1.495667190759381038e-01 5.297993557380106244e-01
1.498425402810900364e-01 5.276133384251217029e-01
1.501188701377500212e-01 5.254299127217975096e-01
1.503957095839401903e-01 5.232495431383050732e-01
1.506730595594120981e-01 5.210726868886766949e-01
1.509509210056508843e-01 5.188997939167052653e-01
1.512292948658773284e-01 5.167313164539455439e-01
1.515081820850521233e-01 5.145677458887336631e-01
1.517875836098785403e-01 5.124095796776316769e-01
1.520675003888052879e-01 5.102573069818716611e-01
1.523479333720307305e-01 5.081114087173648208e-01
1.526288835115049147e-01 5.059723576129823153e-01
1.529103517609338991e-01 5.038406182732766414e-01
1.531923390757824466e-01 5.017166472455346637e-01
1.534748464132769108e-01 4.996008930910123547e-01
1.537578747324095385e-01 4.974937964602190732e-01
1.540414249939403846e-01 4.953957901721394719e-01
1.543254981604018361e-01 4.933072994588058036e-01
1.546100951961012493e-01 4.912287490924865940e-01
1.548952170671238637e-01 4.891605660572935221e-01
1.551808647413371323e-01 4.871031702919547679e-01
1.554670391883927194e-01 4.850569740569729005e-01
1.557537413797309978e-01 4.830223820392081091e-01
1.560409722885837402e-01 4.809997914598322377e-01
1.563287328899770623e-01 4.789895921855139016e-01
1.566170241607357794e-01 4.769921668427141714e-01
1.569058470794854332e-01 4.750078909349934597e-01
1.571952026266568436e-01 4.730371329631999355e-01
1.574850917844888010e-01 4.710802545471736713e-01
1.577755155370310081e-01 4.691376042438433758e-01
1.580664748701485767e-01 4.672095032181980412e-01
1.583579707715239981e-01 4.652962622736969145e-01
1.586500042306616676e-01 4.633981863567221970e-01
1.589425762388907704e-01 4.615155746812620863e-01
1.592356877893681688e-01 4.596487208553793891e-01
1.595293398770828708e-01 4.577979130093886573e-01
1.598235334988581113e-01 4.559634339256904978e-01
1.601182696533559047e-01 4.541455611701748496e-01
1.604135493410799862e-01 4.523445672251489857e-01
1.607093735643785604e-01 4.505607196237211842e-01
1.610057433274490468e-01 4.487942668492414522e-01
1.613026596363400234e-01 4.470453924452158501e-01
1.616001234989558888e-01 4.453142605093362016e-01
1.618981359250597218e-01 4.436010321109129517e-01
1.621966979262762509e-01 4.419058653944470394e-01
1.624958105160962951e-01 4.402289156834029438e-01
1.627954747098796784e-01 4.385703355843391660e-01
1.630956915248581718e-01 4.369302750913686695e-01
1.633964619801401286e-01 4.353088816909320702e-01
1.636977870967126492e-01 4.337063004668881283e-01
1.639996678974461053e-01 4.321226741706248320e-01
1.643021054070972486e-01 4.305581127882113224e-01
1.646051006523120419e-01 4.290126384685612471e-01
1.649086546616304605e-01 4.274862579510273486e-01
1.652127684654885464e-01 4.259789779145016220e-01
1.655174430962230991e-01 4.244908050244363684e-01
1.658226795880747007e-01 4.230217459797364632e-01
1.661284789771907133e-01 4.215718075595164538e-01
1.664348423016299428e-01 4.201409966697310927e-01
1.667417706013648582e-01 4.187293203896997329e-01
1.670492649182863110e-01 4.173367860185238087e-01
1.673573262962064767e-01 4.159633984819705588e-01
1.676659557808620193e-01 4.146090924169198999e-01
1.679751544199187263e-01 4.132737272431037945e-01
1.682849232629737291e-01 4.119571608343568503e-01
1.685952633615602769e-01 4.106592533795604960e-01
1.689061757691508459e-01 4.093798673590515191e-01
1.692176615411600527e-01 4.081188675214683648e-01
1.695297217349495678e-01 4.068761208610178759e-01
1.698423574098303357e-01 4.056514965951790175e-01
1.701555696270672657e-01 4.044448661428163283e-01
1.704693594498823961e-01 4.032561031023224607e-01
1.707837279434579747e-01 4.020850539653165745e-01
1.710986761749413165e-01 4.009314591712290765e-01
1.714142052134469685e-01 3.997950376787366422e-01
1.717303161300615666e-01 3.986755123208756690e-01
1.720470099978470557e-01 3.975726097175280027e-01
1.723642878918436594e-01 3.964860601898368420e-01
1.726821508890748480e-01 3.954155976764986979e-01
1.730006000685495315e-01 3.943609596519063731e-01
1.733196365112670279e-01 3.933218870460836181e-01
1.736392613002201712e-01 3.922981241663839880e-01
1.739594755203984211e-01 3.912894078249761209e-01
1.742802802587928024e-01 3.902953926131508267e-01
1.746016766043982094e-01 3.893156965276160508e-01
1.749236656482183461e-01 3.883499417291627065e-01
1.752462484832688072e-01 3.873977546777910286e-01
1.755694262045804088e-01 3.864587660184766738e-01
1.758931999092039900e-01 3.855326104705182333e-01
1.762175706962127997e-01 3.846189267204035978e-01
1.765425396667074931e-01 3.837173573181086872e-01
1.768681079238192955e-01 3.828275485767779207e-01
1.771942765727131663e-01 3.819491409437403839e-01
1.775210467205929621e-01 3.810816871800737915e-01
1.778484194767035731e-01 3.802246936175663339e-01
1.781763959523360030e-01 3.793776707637416812e-01
1.785049772608306995e-01 3.785401337344393435e-01
1.788341645175806627e-01 3.777116021378183475e-01
1.791639588400364136e-01 3.768915999645016668e-01
1.794943613477091859e-01 3.760796554837660399e-01
1.798253731621742013e-01 3.752753011456777532e-01
1.801569954070757207e-01 3.744780734890714724e-01
1.804892292081294314e-01 3.736875235431207920e-01
1.808220756931275819e-01 3.729032728312707268e-01
1.811555359919421737e-01 3.721249721801065946e-01
1.814896112365283476e-01 3.713522754063613429e-01
1.818243025609293795e-01 3.705848392039915451e-01
1.821596111012792063e-01 3.698223230963986752e-01
1.824955379958075052e-01 3.690643893917844864e-01
1.828320843848429134e-01 3.683107031416125721e-01
1.831692514108165526e-01 3.675609321021197640e-01
1.835070402182670257e-01 3.668147465702835119e-01
1.838454519538428311e-01 3.660717617318876571e-01
1.841844877663076918e-01 3.653314474996403050e-01
1.845241488065437196e-01 3.645932545343809617e-01
1.848644362275549125e-01 3.638566378957723835e-01
1.852053511844722888e-01 3.631210570148926120e-01
1.855468948345563307e-01 3.623859756749127081e-01
1.858890683372022290e-01 3.616508619997339524e-01
1.862318728539432422e-01 3.609151884504845920e-01
1.865753095484541380e-01 3.601784318297577836e-01
1.869193795865563279e-01 3.594400743778087826e-01
1.872640841362205044e-01 3.586996175403254217e-01
1.876094243675717199e-01 3.579565777800979842e-01
1.879554014528929673e-01 3.572104760113337107e-01
1.883020165666284829e-01 3.564608373951468345e-01
1.886492708853891032e-01 3.557071913842275168e-01
1.889971655879547352e-01 3.549490717737462386e-01
1.893457018552797133e-01 3.541860167583728014e-01
1.896948808704961853e-01 3.534175689953092947e-01
1.900447038189175542e-01 3.526432760422161805e-01
1.903951718880438904e-01 3.518627307036699126e-01
1.907462862675644300e-01 3.510756068503277372e-01
1.910980481493629035e-01 3.502815905792346363e-01
1.914504587275210890e-01 3.494803716781654801e-01
1.918035191983221144e-01 3.486716436926479701e-01
1.921572307602561203e-01 3.478551039955617985e-01
1.925115946140225631e-01 3.470304538592486887e-01
1.928666119625357944e-01 3.461973985300425549e-01
1.932222840109284467e-01 3.453556473077897815e-01
1.935786119665550420e-01 3.445049318775473823e-01
1.939355970389973760e-01 3.436450496836919166e-01
1.942932404400670721e-01 3.427758146885320212e-01
1.946515433838111875e-01 3.418970442662192522e-01
1.950105070865155166e-01 3.410085592626576623e-01
1.953701327667083376e-01 3.401101840560619705e-01
1.957304216451658530e-01 3.392017466181059815e-01
1.960913749449146870e-01 3.382830785756182346e-01
1.964529938912375484e-01 3.373540152727558805e-01
1.968152797116766994e-01 3.364144210345139663e-01
1.971782336360375643e-01 3.354642628562856665e-01
1.975418568963943078e-01 3.345035345725152487e-01
1.979061507270923892e-01 3.335322322357828773e-01
1.982711163647541408e-01 3.325503541320114498e-01
1.986367550482824873e-01 3.315579007951945378e-01
1.990030680188643319e-01 3.305548750216345533e-01
1.993700565199761909e-01 3.295412818836681579e-01
1.997377217973876906e-01 3.285171287707543963e-01
2.001060650991651757e-01 3.274824598412344190e-01
2.004750876756774824e-01 3.264374224705191563e-01
2.008447907795984366e-01 3.253821831317088020e-01
2.012151756659125712e-01 3.243169085870806767e-01
2.015862435919187901e-01 3.232417658508773273e-01
2.019579958172340040e-01 3.221569221524022142e-01
2.023304336037988760e-01 3.210625448994222086e-01
2.027035582158803750e-01 3.199588016419033787e-01
2.030773709200776600e-01 3.188458610920338887e-01
2.034518729853255770e-01 3.177239505794317576e-01
2.038270656828985172e-01 3.165933845405357050e-01
2.042029502864159962e-01 3.154544825310558465e-01
2.045795280718455678e-01 3.143075617989450343e-01
2.049568003175083197e-01 3.131529372125904098e-01
2.053347683040828708e-01 3.119909211917137881e-01
2.057134333146088678e-01 3.108218236409646673e-01
2.060927966344928974e-01 3.096459518861773286e-01
2.064728595515112064e-01 3.084636178011598284e-01
2.068536233558155024e-01 3.072751983691808242e-01
2.072350893399366734e-01 3.060811040004450256e-01
2.076172587987886176e-01 3.048817409216044716e-01
2.080001330296740447e-01 3.036775107106023941e-01
2.083837133322872237e-01 3.024688102332911965e-01
2.087680010087198945e-01 3.012560315850086878e-01
2.091529973634649597e-01 3.000395620370482908e-01
2.095387037034204814e-01 2.988197841905986252e-01
2.099251213378952874e-01 2.975971028161346066e-01
2.103122515786120805e-01 2.963719711667228141e-01
2.107000957397130447e-01 2.951448425389904262e-01
2.110886551377638976e-01 2.939161637537998639e-01
2.114779310917576371e-01 2.926863751279218384e-01
2.118679249231205375e-01 2.914559104522799760e-01
2.122586379557148129e-01 2.902251969766279638e-01
2.126500715158447796e-01 2.889946554004876877e-01
2.130422269322606588e-01 2.877647038213843600e-01
2.134351055361623228e-01 2.865357759528924797e-01
2.138287086612055410e-01 2.853083062878248310e-01
2.142230376435045602e-01 2.840827222205538072e-01
2.146180938216382950e-01 2.828594440615750383e-01
2.150138785366541572e-01 2.816388850669063748e-01
2.154103931320720255e-01 2.804214514736008135e-01
2.158076389538902407e-01 2.792075425411884582e-01
2.162056173505884638e-01 2.779975512869592436e-01
2.166043296731338386e-01 2.767918720532561161e-01
2.170037772749848493e-01 2.755908976062660387e-01
2.174039615120952618e-01 2.743950138050236243e-01
2.178048837429202855e-01 2.732045995761018253e-01
2.182065453284194601e-01 2.720200269904084478e-01
2.186089476320627334e-01 2.708416613450872479e-01
2.190120920198345422e-01 2.696698612503752313e-01
2.194159798602376699e-01 2.685049778009702681e-01
2.198206125242994635e-01 2.673473390176121511e-01
2.202259913855747764e-01 2.661972524595146439e-01
2.206321178201521849e-01 2.650550194583754515e-01
2.210389932066579022e-01 2.639209357023059033e-01
2.214466189262598306e-01 2.627952913380955380e-01
2.218549963626736954e-01 2.616783710766163451e-01
2.222641269021669030e-01 2.605704543012650753e-01
2.226740119335626489e-01 2.594718139008884150e-01
2.230846528482462454e-01 2.583826960069433576e-01
2.234960510401679812e-01 2.573033240825386425e-01
2.239082079058494490e-01 2.562339168453368621e-01
2.243211248443876260e-01 2.551746889366541260e-01
2.247348032574589538e-01 2.541258510284022387e-01
2.251492445493256112e-01 2.530876099316444749e-01
2.255644501268385949e-01 2.520601687067167140e-01
2.259804213994439093e-01 2.510437220154144167e-01
2.263971597791868406e-01 2.500384118785233811e-01
2.268146666807159539e-01 2.490443487414374379e-01
2.272329435212895876e-01 2.480616406651541261e-01
2.276519917207786847e-01 2.470903937884623425e-01
2.280718127016733987e-01 2.461307124062640794e-01
2.284924078890871180e-01 2.451826990482024182e-01
2.289137787107606292e-01 2.442464545575805945e-01
2.293359265970685568e-01 2.433220660998214602e-01
2.297588529810224989e-01 2.424095621224653108e-01
2.301825592982773283e-01 2.415089536261340042e-01
2.306070469871354944e-01 2.406202514843241991e-01
2.310323174885511865e-01 2.397434664833283657e-01
2.314583722461368009e-01 2.388786093591241111e-01
2.318852127061660218e-01 2.380256908341804589e-01
2.323128403175803991e-01 2.371847211133090161e-01
2.327412565319935123e-01 2.363556664985288769e-01
2.331704628036951610e-01 2.355384184190490171e-01
2.336004605896580544e-01 2.347328626007952057e-01
2.340312513495407809e-01 2.339388866068721484e-01
2.344628365456944141e-01 2.331563798108444996e-01
2.348952176431668981e-01 2.323852333705080375e-01
2.353283961097071275e-01 2.316253402021420660e-01
2.357623734157716644e-01 2.308765861773412753e-01
2.361971510345279024e-01 2.301387833241773095e-01
2.366327304418606448e-01 2.294117077897351586e-01
2.370691131163764065e-01 2.286951385764143252e-01
2.375063005394077442e-01 2.279888577788070914e-01
2.379442941950199453e-01 2.272926505065162028e-01
2.383830955700141918e-01 2.266063048090144472e-01
2.388227061539341944e-01 2.259296109912252437e-01
2.392631274390706053e-01 2.252623198422097350e-01
2.397043609204653758e-01 2.246041164472020180e-01
2.401464080959183900e-01 2.239546834878889670e-01
2.405892704659908232e-01 2.233137075506043678e-01
2.410329495340117201e-01 2.226808790200442700e-01
2.414774468060825185e-01 2.220558919773108764e-01
2.419227637910813800e-01 2.214384441021882144e-01
2.423689020006699890e-01 2.208282224894355383e-01
2.428158629492967735e-01 2.202248574056689112e-01
2.432636481542037599e-01 2.196279670717410926e-01
2.437122591354309586e-01 2.190371739142744079e-01
2.441616974158207776e-01 2.184521044650624688e-01
2.446119645210249882e-01 2.178723892666661610e-01
2.450630619795078347e-01 2.172976627843015984e-01
2.455149913225530001e-01 2.167275605747079337e-01
2.459677540842681309e-01 2.161616969940108046e-01
2.464213518015891669e-01 2.155996770521997341e-01
2.468757860142870852e-01 2.150411096863820704e-01
2.473310582649724532e-01 2.144856078236924701e-01
2.477871700990998960e-01 2.139327883244643846e-01
2.482441230649750363e-01 2.133822719322891470e-01
2.487019187137577136e-01 2.128336830977977656e-01
2.491605585994692007e-01 2.122866480242975584e-01
2.496200442789965057e-01 2.117407951007433953e-01
2.500803773120969797e-01 2.111957564617305827e-01
2.505415592614054221e-01 2.106511680140138176e-01
2.510035916924374111e-01 2.101066694255425138e-01
2.514664761735960763e-01 2.095619041207041899e-01
2.519302142761771779e-01 2.090165203989101106e-01
2.523948075743731589e-01 2.084701916971374303e-01
2.528602576452806394e-01 2.079226142055072002e-01
2.533265660689035248e-01 2.073734881550295395e-01
2.537937344281603336e-01 2.068225171459243394e-01
2.542617643088885826e-01 2.062694081722223627e-01
2.547306572998495611e-01 2.057138716505322040e-01
2.552004149927354915e-01 2.051556235656348259e-01
2.556710389821728047e-01 2.045944177043567958e-01
2.561425308657295230e-01 2.040300388496791295e-01
2.566148922439197011e-01 2.034622754506374698e-01
2.570881247202081998e-01 2.028909188419051601e-01
2.575622299010179583e-01 2.023157632818085860e-01
2.580372093957333246e-01 2.017366059923724197e-01
2.585130648167072720e-01 2.011532519974809918e-01
2.589897977792662842e-01 2.005655577092457786e-01
2.594674099017149071e-01 1.999734100363252942e-01
2.599459028053430765e-01 1.993766983990420683e-01
2.604252781144295592e-01 1.987753144097173241e-01
2.609055374562493368e-01 1.981691519022367176e-01
2.613866824610782680e-01 1.975581069620310770e-01
2.618687147621978628e-01 1.969420888055677943e-01
2.623516359959027211e-01 1.963210641069084716e-01
2.628354478015038631e-01 1.956950185998635461e-01
2.633201518213363346e-01 1.950639393116746501e-01
2.638057497007637586e-01 1.944278145645472189e-01
2.642922430881832763e-01 1.937866339845492059e-01
2.647796336350329849e-01 1.931403886517451818e-01
2.652679229957952689e-01 1.924890957734284591e-01
2.657571128280045714e-01 1.918328264065129740e-01
2.662472047922519458e-01 1.911716586547556329e-01
2.667382005521899968e-01 1.905056707764101742e-01
2.672301017745404850e-01 1.898349411701880651e-01
2.677229101290977131e-01 1.891595483612988904e-01
2.682166272887360203e-01 1.884795743510665755e-01
2.687112549294148889e-01 1.877951526082558553e-01
2.692067947301836073e-01 1.871064559773355229e-01
2.697032483731889863e-01 1.864136570300413687e-01
2.702006175436788005e-01 1.857169269493403607e-01
2.706989039300095601e-01 1.850164354966292168e-01
2.711981092236512292e-01 1.843123509820549510e-01
2.716982351191923328e-01 1.836048548369874911e-01
2.721992833143474511e-01 1.828941765683376741e-01
2.727012555099609936e-01 1.821805537490685245e-01
2.732041534100146385e-01 1.814642212037052005e-01
2.737079787216325499e-01 1.807454109735302794e-01
2.742127331550862634e-01 1.800243522846315114e-01
2.747184184238020133e-01 1.793012746923153544e-01
2.752250362443657838e-01 1.785764544203210236e-01
2.757325883365285280e-01 1.778502031639544734e-01
2.762410764232136051e-01 1.771228292758521838e-01
2.767505022305206119e-01 1.763946366489149986e-01
2.772608674877331536e-01 1.756659246987711809e-01
2.777721739273238399e-01 1.749369884037023370e-01
2.782844232849594479e-01 1.742081292479716048e-01
2.787976172995085267e-01 1.734796684544829271e-01
2.793117577130452833e-01 1.727519254409178584e-01
2.798268462708574100e-01 1.720252144864306554e-01
2.803428847214511910e-01 1.712998447464357532e-01
2.808598748165563874e-01 1.705761202730157466e-01
2.813778183111344533e-01 1.698543432477478132e-01
2.818967169633820324e-01 1.691348287293306107e-01
2.824165725347390632e-01 1.684178926670999443e-01
2.829373867898937189e-01 1.677038455871030787e-01
2.834591614967875706e-01 1.669929926371271078e-01
2.839818984266239132e-01 1.662856336440171889e-01
2.845055993538709860e-01 1.655820619179731723e-01
2.850302660562702983e-01 1.648825498858031424e-01
2.855559003148418484e-01 1.641873544776402127e-01
2.860825039138891746e-01 1.634967278409870384e-01
2.866100786410074042e-01 1.628109176228986488e-01
2.871386262870871398e-01 1.621301670480915502e-01
2.876681486463224524e-01 1.614547141526046781e-01
2.881986475162162109e-01 1.607847709422215166e-01
2.887301246975851887e-01 1.601205225362462570e-01
2.892625819945682797e-01 1.594621496087044454e-01
2.897960212146302728e-01 1.588098295996610010e-01
2.903304441685701787e-01 1.581637367940588457e-01
2.908658526705261149e-01 1.575240415697552465e-01
2.914022485379810790e-01 1.568908738920411217e-01
2.919396335917708307e-01 1.562643097699987771e-01
2.924780096560877785e-01 1.556444200226648478e-01
2.930173785584892499e-01 1.550312741683076700e-01
2.935577421299029877e-01 1.544249404706141138e-01
2.940991022046322012e-01 1.538254854373604652e-01
2.946414606203640041e-01 1.532329438080360096e-01
2.951848192181732999e-01 1.526473035884954033e-01
2.957291798425310536e-01 1.520685490614976931e-01
2.962745443413096202e-01 1.514966646720314059e-01
2.968209145657883519e-01 1.509316350372625903e-01
2.973682923706615910e-01 1.503734441558098600e-01
2.979166796140430007e-01 1.498220404019488528e-01
2.984660781574735577e-01 1.492773235254404585e-01
2.990164898659273263e-01 1.487391911108080500e-01
2.995679166078166755e-01 1.482075422046673085e-01
3.001203602550007732e-01 1.476822772864263000e-01
3.006738226827895266e-01 1.471632972279529050e-01
3.012283057699521316e-01 1.466504781061618301e-01
3.017838113987224569e-01 1.461436698511953403e-01
3.023403414548045398e-01 1.456427231058110283e-01
3.028978978273808020e-01 1.451474905516018932e-01
3.034564824091176560e-01 1.446578268619589658e-01
3.040160970961708342e-01 1.441735861983630129e-01
3.045767437881941042e-01 1.436945928364004310e-01
3.051384243883432656e-01 1.432206512002904553e-01
3.057011408032846433e-01 1.427515678095787333e-01
3.062648949432008050e-01 1.422871516788672130e-01
3.068296887217958346e-01 1.418272142616750775e-01
3.073955240563044367e-01 1.413715657316547414e-01
3.079624028674955438e-01 1.409199963439074776e-01
3.085303270796812547e-01 1.404722905827700263e-01
3.090992986207222737e-01 1.400282355843709969e-01
3.096693194220337397e-01 1.395876210998870659e-01
3.102403914185936640e-01 1.391502394341443960e-01
3.108125165489473152e-01 1.387158795166702485e-01
3.113856967552157129e-01 1.382843175245475342e-01
3.119599339831015672e-01 1.378553298824189699e-01
3.125352301818946632e-01 1.374286957035552870e-01
3.131115873044807985e-01 1.370041967522382942e-01
3.136890073073459462e-01 1.365816170659881479e-01
3.142674921505850261e-01 1.361607350081189827e-01
3.148470437979076775e-01 1.357413231485488092e-01
3.154276642166438105e-01 1.353231564172080736e-01
3.160093553777528208e-01 1.349060124708981456e-01
3.165921192558273645e-01 1.344896716748951726e-01
3.171759578291025727e-01 1.340739185116253396e-01
3.177608730794616587e-01 1.336585479776485896e-01
3.183468669924418015e-01 1.332433603195134209e-01
3.189339415572430281e-01 1.328281583076863781e-01
3.195220987667323209e-01 1.324127472325891675e-01
3.201113406174529441e-01 1.319969350009099207e-01
3.207016691096299388e-01 1.315805370089715431e-01
3.212930862471761184e-01 1.311633784108938161e-01
3.218855940377009506e-01 1.307452873279943417e-01
3.224791944925149978e-01 1.303260942698986347e-01
3.230738896266390214e-01 1.299056321478164189e-01
3.236696814588095883e-01 1.294837432052824144e-01
3.242665720114852324e-01 1.290603131145247606e-01
3.248645633108553366e-01 1.286352444785307803e-01
3.254636573868446847e-01 1.282084415594581250e-01
3.260638562731224543e-01 1.277798102677782377e-01
3.266651620071081563e-01 1.273492590691140125e-01
3.272675766299776301e-01 1.269167258671741738e-01
3.278711021866722031e-01 1.264821823188858885e-01
3.284757407259030204e-01 1.260456027864094164e-01
3.290814943001604265e-01 1.256069624740495105e-01
3.296883649657196269e-01 1.251662374366813435e-01
3.302963547826470725e-01 1.247234188560128049e-01
3.309054658148095074e-01 1.242785456272075262e-01
3.315157001298784101e-01 1.238316663101447779e-01
3.321270597993392637e-01 1.233828292995617082e-01
3.327395468984977733e-01 1.229320828185815062e-01
3.333531635064856391e-01 1.224794793184817709e-01
3.339679117062702707e-01 1.220251104178007445e-01
3.345837935846587841e-01 1.215690876314023394e-01
3.352008112323078826e-01 1.211115214911112209e-01
3.358189667437296300e-01 1.206525213421024423e-01
3.364382622172975568e-01 1.201921962739039007e-01
3.370586997552559860e-01 1.197306792118359720e-01
3.376802814637261396e-01 1.192681284847288831e-01
3.383030094527120224e-01 1.188047017091858615e-01
3.389268858361101922e-01 1.183405544110168600e-01
3.395519127317142005e-01 1.178758400547564450e-01
3.401780922612240854e-01 1.174107148894141806e-01
3.408054265502525881e-01 1.169453424608343090e-01
3.414339177283313709e-01 1.164798850526623519e-01
3.420635679289205089e-01 1.160145025765936255e-01
3.426943792894132645e-01 1.155493525726017934e-01
3.433263539511454132e-01 1.150845928097969928e-01
3.439594940594017380e-01 1.146203868464368697e-01
3.445938017634220807e-01 1.141568973159818590e-01
3.452292792164112778e-01 1.136942842973199530e-01
3.458659285755435464e-01 1.132327053254964383e-01
3.465037520019721429e-01 1.127723158614569871e-01
3.471427516608359687e-01 1.123132709163210535e-01
3.477829297212655657e-01 1.118557235493593677e-01
3.484242883563931081e-01 1.113998242900654800e-01
3.490668297433568434e-01 1.109457211598225135e-01
3.497105560633110288e-01 1.104935581754374896e-01
3.503554695014323705e-01 1.100434682812272830e-01
3.510015722469261856e-01 1.095955791086212494e-01
3.516488664930363384e-01 1.091500160959872623e-01
3.522973544370499588e-01 1.087069025201927719e-01
3.529470382803074346e-01 1.082663589862037923e-01
3.535979202282086287e-01 1.078285006719043732e-01
3.542500024902194289e-01 1.073934394766432876e-01
3.549032872798815741e-01 1.069612853428976995e-01
3.555577768148176498e-01 1.065321462919077006e-01
3.562134733167407474e-01 1.061061251469181954e-01
3.568703790114611807e-01 1.056833036523436992e-01
3.575284961288928698e-01 1.052637551363400370e-01
3.581878269030634443e-01 1.048475515993514129e-01
3.588483735721188506e-01 1.044347637520552374e-01
3.595101383783336768e-01 1.040254568152152864e-01
3.601731235681175369e-01 1.036196746045698475e-01
3.608373313920215653e-01 1.032174540643969185e-01
3.615027641047487972e-01 1.028188314284985416e-01
3.621694239651587210e-01 1.024238422396518272e-01
3.628373132362774922e-01 1.020325116658863801e-01
3.635064341853047054e-01 1.016448308676428103e-01
3.641767890836197785e-01 1.012607837977963915e-01
3.648483802067924997e-01 1.008803545398810203e-01
3.655212098345874128e-01 1.005035272335835367e-01
3.661952802509745308e-01 1.001302702584175308e-01
3.668705937441357201e-01 9.976051707907010457e-02
3.675471526064715277e-01 9.939419729441899276e-02
3.682249591346114515e-01 9.903124143994238016e-02
3.689040156294187689e-01 9.867158047189414360e-02
3.695843243960009183e-01 9.831512649040778651e-02
3.702658877437164930e-01 9.796176691382038615e-02
3.709487079861814585e-01 9.761138893386367421e-02
3.716327874412801435e-01 9.726388126065740880e-02
3.723181284311696260e-01 9.691913250050251949e-02
3.730047332822907236e-01 9.657701188129898251e-02
3.736926043253743224e-01 9.623737573523756528e-02
3.743817438954484267e-01 9.590008201466676541e-02
3.750721543318484286e-01 9.556499056872691522e-02
3.757638379782234916e-01 9.523196165057475071e-02
3.764567971825438786e-01 9.490084978755883305e-02
3.771510342971112761e-01 9.457150899230908070e-02
3.778465516785636802e-01 9.424379522007787779e-02
3.785433516878864424e-01 9.391756636474180020e-02
3.792414366904187095e-01 9.359268500180252526e-02
3.799408090558604734e-01 9.326902120281294062e-02
3.806414711582834509e-01 9.294644746785168943e-02
3.813434253761357473e-01 9.262483801389938265e-02
3.820466740922529580e-01 9.230406948096962771e-02
3.827512196938648303e-01 9.198403126261536777e-02
3.834570645726024241e-01 9.166462294053311088e-02
3.841642111245088254e-01 9.134574571788352249e-02
3.848726617500440872e-01 9.102730217700241711e-02
3.855824188540963315e-01 9.070920038161550680e-02
3.862934848459885773e-01 9.039136651468479555e-02
3.870058621394856790e-01 9.007373212996162837e-02
3.877195531528055961e-01 8.975622979106862021e-02
3.884345603086239995e-01 8.943879334958704241e-02
3.891508860340856524e-01 8.912136684112167972e-02
3.898685327608112372e-01 8.880390618432953964e-02
3.905875029249044061e-01 8.848636866408964019e-02
3.913077989669630496e-01 8.816871227018580059e-02
3.920294233320841260e-01 8.785089837533235912e-02
3.927523784698750409e-01 8.753290323842635723e-02
3.934766668344604201e-01 8.721470827949442950e-02
3.942022908844895479e-01 8.689629531350648306e-02
3.949292530831473580e-01 8.657764670936125839e-02
3.956575558981595964e-01 8.625875087861312185e-02
3.963872018018040344e-01 8.593960351615455295e-02
3.971181932709177964e-01 8.562020095145933540e-02
3.978505327869041874e-01 8.530053970986010980e-02
3.985842228357443506e-01 8.498062053219483658e-02
3.993192659080022078e-01 8.466046192510824631e-02
4.000556644988358390e-01 8.434008709495859069e-02
4.007934211080048104e-01 8.401951904147839101e-02
4.015325382398772791e-01 8.369878128789177973e-02
4.022730184034414291e-01 8.337791028699909068e-02
4.030148641123106890e-01 8.305695343765796823e-02
4.037580778847353336e-01 8.273595791497485863e-02
4.045026622436094788e-01 8.241497031306534160e-02
4.052486197164785198e-01 8.209404406269645016e-02
4.059959528355507330e-01 8.177324957051837484e-02
4.067446641377024941e-01 8.145265881664093266e-02
4.074947561644897132e-01 8.113234274023735371e-02
4.082462314621552735e-01 8.081237350268272168e-02
4.089990925816363587e-01 8.049283719041429308e-02
4.097533420785762770e-01 8.017382468476536017e-02
4.105089825133294568e-01 7.985542548531840423e-02
4.112660164509732708e-01 7.953772794455093997e-02
4.120244464613154745e-01 7.922082408717304181e-02
4.127842751189015336e-01 7.890480920931704223e-02
4.135455050030265034e-01 7.858977726007326803e-02
4.143081386977403024e-01 7.827582063471696938e-02
4.150721787918594252e-01 7.796302626981349571e-02
4.158376278789745473e-01 7.765147201557581758e-02
4.166044885574579082e-01 7.734123354887804946e-02
4.173727634304748024e-01 7.703238527840337857e-02
4.181424551059912398e-01 7.672499791307053896e-02
4.189135661967812729e-01 7.641913144966618054e-02
4.196860993204388768e-01 7.611484253850137049e-02
4.204600570993837216e-01 7.581218684565588228e-02
4.212354421608727195e-01 7.551121667926641301e-02
4.220122571370079068e-01 7.521196583078346154e-02
4.227905046647438270e-01 7.491445959807052635e-02
4.235701873858997435e-01 7.461872274801768790e-02
4.243513079471650795e-01 7.432477865542712336e-02
4.251338690001114085e-01 7.403263789802443096e-02
4.259178732012000590e-01 7.374230190113847949e-02
4.267033232117900532e-01 7.345377177439381400e-02
4.274902216981499858e-01 7.316704826744842294e-02
4.282785713314637421e-01 7.288212576542971166e-02
4.290683747878424326e-01 7.259899206591179099e-02
4.298596347483323310e-01 7.231763474891705901e-02
4.306523538989226463e-01 7.203804149439775595e-02
4.314465349305576236e-01 7.176020007434544268e-02
4.322421805391422622e-01 7.148409834906901961e-02
4.330392934255543613e-01 7.120972427585590958e-02
4.338378762956526247e-01 7.093706584363280998e-02
4.346379318602844322e-01 7.066610541765140641e-02
4.354394628352979968e-01 7.039681547453094379e-02
4.362424719415482488e-01 7.012916779983949245e-02
4.370469619049089371e-01 6.986313453540840546e-02
4.378529354562807896e-01 6.959868971851236596e-02
4.386603953315993953e-01 6.933581085023729496e-02
4.394693442718474174e-01 6.907447607403691126e-02
4.402797850230605881e-01 6.881466374645885120e-02
4.410917203363400318e-01 6.855634538186262950e-02
4.419051529678602042e-01 6.829947759447251021e-02
4.427200856788770511e-01 6.804401559505332542e-02
4.435365212357403886e-01 6.778991516878149493e-02
4.443544624098997864e-01 6.753712876606059179e-02
4.451739119779171139e-01 6.728560122613391759e-02
4.459948727214744779e-01 6.703527710195433809e-02
4.468173474273826051e-01 6.678610166118792435e-02
4.476413388875931654e-01 6.653801547711490905e-02
4.484668498992047669e-01 6.629094961481547810e-02
4.492938832644756131e-01 6.604483495745276656e-02
4.501224417908316622e-01 6.579960338984382207e-02
4.509525282908748434e-01 6.555518914015771859e-02
4.517841455823955465e-01 6.531152955550507955e-02
4.526172964883788952e-01 6.506856307874576972e-02
4.534519838370172917e-01 6.482622905290730264e-02
4.542882104617186889e-01 6.458446796507687215e-02
4.551259792011149163e-01 6.434322149763394005e-02
4.559652928990742815e-01 6.410243222022608822e-02
4.568061544047079536e-01 6.386204437271754408e-02
4.576485665723825091e-01 6.362201848298826290e-02
4.584925322617283694e-01 6.338232954903481875e-02
4.593380543376481273e-01 6.314295346155898714e-02
4.601851356703295370e-01 6.290386744660798890e-02
4.610337791352513981e-01 6.266505918330309011e-02
4.618839876131967670e-01 6.242652265976171566e-02
4.627357639902612840e-01 6.218825207514221826e-02
4.635891111578614443e-01 6.195024358212064541e-02
4.644440320127473099e-01 6.171250434921821820e-02
4.653005294570110584e-01 6.147504550599982437e-02
4.661586063980951988e-01 6.123787805420825153e-02
4.670182657488058386e-01 6.100101509959303392e-02
4.678795104273188454e-01 6.076447681152241653e-02
4.687423433571930587e-01 6.052828453601383218e-02
4.696067674673786718e-01 6.029245935424390468e-02
4.704727856922258367e-01 6.005702499509602693e-02
4.713404009714980414e-01 5.982200981775465803e-02
4.722096162503780503e-01 5.958744223674051349e-02
4.730804344794814487e-01 5.935334912749217623e-02
4.739528586148651912e-01 5.911973718682531076e-02
4.748268916180360955e-01 5.888659601527146403e-02
4.757025364559643310e-01 5.865391482937187123e-02
4.765797961010896922e-01 5.842168868941605836e-02
4.774586735313349206e-01 5.818994971014754269e-02
4.783391717301144763e-01 5.795874433186861546e-02
4.792212936863431971e-01 5.772811830309496073e-02
4.801050423944498990e-01 5.749811664376308640e-02
4.809904208543833715e-01 5.726878364993966131e-02
4.818774320716264215e-01 5.704016289887459817e-02
4.827660790572042004e-01 5.681229725439087413e-02
4.836563648276932526e-01 5.658522887260058337e-02
4.845482924052348928e-01 5.635899920793543266e-02
4.854418648175418682e-01 5.613364901948618424e-02
4.863370850979118476e-01 5.590921837763745961e-02
4.872339562852363581e-01 5.568574667099142339e-02
4.881324814240094456e-01 5.546327261357095195e-02
4.890326635643417186e-01 5.524183425229103883e-02
4.899345057619665655e-01 5.502146897469330916e-02
4.908380110782540329e-01 5.480221351693128490e-02
4.917431825802198175e-01 5.458410397200065545e-02
4.926500233405340379e-01 5.436717579820555396e-02
4.935585364375352779e-01 5.415146382785103463e-02
4.944687249552369157e-01 5.393700227615689374e-02
4.953805919833413340e-01 5.372381599105340022e-02
4.962941406172484693e-01 5.351188719063094956e-02
4.972093739580654148e-01 5.330118563055434577e-02
4.981262951126199101e-01 5.309168147123995846e-02
4.990449071934670577e-01 5.288334527506925731e-02
4.999652133189037007e-01 5.267614800109374912e-02
5.008872166129769710e-01 5.247006099989550559e-02
5.018109202054936713e-01 5.226505600859863293e-02
5.027363272320347631e-01 5.206110514602696471e-02
5.036634408339610847e-01 5.185818090800871361e-02
5.045922641584285051e-01 5.165625616282068511e-02
5.055228003583964735e-01 5.145530414677209480e-02
5.064550525926374558e-01 5.125529845992455452e-02
5.073890240257511453e-01 5.105621306194309261e-02
5.083247178281712353e-01 5.085802226807928372e-02
5.092621371761794080e-01 5.066070074527971590e-02
5.102012852519151043e-01 5.046422350841980875e-02
5.111421652433842944e-01 5.026856591665956192e-02
5.120847803444739110e-01 5.007370366991731325e-02
5.130291337549605091e-01 4.987961280546094472e-02
5.139752286805201464e-01 4.968626969461302501e-02
5.149230683327425950e-01 4.949365109605687735e-02
5.158726559291380021e-01 4.930173663399722850e-02
5.168239946931518780e-01 4.911050972010292531e-02
5.177770878541739785e-01 4.891995425011926024e-02
5.187319386475479632e-01 4.873005434152227061e-02
5.196885503145859397e-01 4.854079433163045049e-02
5.206469261025756801e-01 4.835215877576813648e-02
5.216070692647944984e-01 4.816413244547661926e-02
5.225689830605194652e-01 4.797670032677362612e-02
5.235326707550366221e-01 4.778984761846009899e-02
5.244981356196555256e-01 4.760355973047163125e-02
5.254653809317166857e-01 4.741782228227590240e-02
5.264344099746056660e-01 4.723262110131257879e-02
5.274052260377634083e-01 4.704794222147670041e-02
5.283778324166953366e-01 4.686377188164373570e-02
5.293522324129861234e-01 4.668009652423440320e-02
5.303284293343072386e-01 4.649690279382047431e-02
5.313064264944311610e-01 4.631417753576782398e-02
5.322862272132417027e-01 4.613190779491828375e-02
5.332678348167434468e-01 4.595008081430804886e-02
5.342512526370762904e-01 4.576868403392115453e-02
5.352364840125233281e-01 4.558770508947918715e-02
5.362235322875253951e-01 4.540713181126324050e-02
5.372124008126908379e-01 4.522695764504882504e-02
5.382030929448055057e-01 4.504719787176419271e-02
5.391956120468475167e-01 4.486787297416679199e-02
5.401899614879948075e-01 4.468900310898177991e-02
5.411861446436402323e-01 4.451060810888713554e-02
5.421841648954012216e-01 4.433270748458910393e-02
5.431840256311295523e-01 4.415532042698426529e-02
5.441857302449272238e-01 4.397846580940490552e-02
5.451892821371528974e-01 4.380216218994728572e-02
5.461946847144377726e-01 4.362642781387784247e-02
5.472019413896953566e-01 4.345128061611697873e-02
5.482110555821311237e-01 4.327673822379738550e-02
5.492220307172586136e-01 4.310281795889290418e-02
5.502348702269058700e-01 4.292953684091917188e-02
5.512495775492317618e-01 4.275691158969924938e-02
5.522661561287351972e-01 4.258495862819614008e-02
5.532846094162658934e-01 4.241369408540721087e-02
5.543049408690392532e-01 4.224313379931902979e-02
5.553271539506442478e-01 4.207329331992129551e-02
5.563512521310589598e-01 4.190418791227614598e-02
5.573772388866603533e-01 4.173583255964226357e-02
5.584051177002347099e-01 4.156824196665125787e-02
5.594348920609932829e-01 4.140143056253286352e-02
5.604665654645795136e-01 4.123541152913825364e-02
5.615001414130853519e-01 4.107018317200091667e-02
5.625356234150605816e-01 4.090573252347972505e-02
5.635730149855240345e-01 4.074204648953919095e-02
5.646123196459784666e-01 4.057911214366118763e-02
5.656535409244188850e-01 4.041691672503782556e-02
5.666966823553479804e-01 4.025544763680093119e-02
5.677417474797863406e-01 4.009469244428909979e-02
5.687887398452834420e-01 3.993463887335114287e-02
5.698376630059320824e-01 3.977527480868438964e-02
5.708885205223795944e-01 3.961658829220834205e-02
5.719413159618379483e-01 3.945856752147280933e-02
5.729960528980996282e-01 3.930120084809846093e-02
5.740527349115455147e-01 3.914447677625174787e-02
5.751113655891608722e-01 3.898838396115052174e-02
5.761719485245460071e-01 3.883291120760222481e-02
5.772344873179261482e-01 3.867804746857296527e-02
5.782989855761686560e-01 3.852378184378609655e-02
5.793654469127897944e-01 3.837010357835166779e-02
5.804338749479714954e-01 3.821700206142394224e-02
5.815042733085717952e-01 3.806446682488807270e-02
5.825766456281353811e-01 3.791248754207476174e-02
5.836509955469100230e-01 3.776105402650146298e-02
5.847273267118541229e-01 3.761015623064167812e-02
5.858056427766535901e-01 3.745978424471912982e-02
5.868859474017321665e-01 3.730992939747693193e-02
5.879682442542618626e-01 3.716058912372969397e-02
5.890525370081801659e-01 3.701176290323614920e-02
5.901388293441971467e-01 3.686345020564647801e-02
5.912271249498126657e-01 3.671565048895809869e-02
5.923174275193267002e-01 3.656836319963873566e-02
5.934097407538500013e-01 3.642158777274912690e-02
5.945040683613214139e-01 3.627532363206441984e-02
5.956004140565150928e-01 3.612957019019620575e-02
5.966987815610577117e-01 3.598432684871288867e-02
5.977991746034390097e-01 3.583959299826042222e-02
5.989015969190226718e-01 3.569536801868233855e-02
6.000060522500636484e-01 3.555165127913877815e-02
6.011125443457152606e-01 3.540844213822578329e-02
6.022210769620468529e-01 3.526573994409335638e-02
6.033316538620544511e-01 3.512354403456332402e-02
6.044442788156716428e-01 3.498185373724699981e-02
6.055589555997868967e-01 3.484066836966146635e-02
6.066756879982510009e-01 3.469998723934639845e-02
6.077944798018948269e-01 3.455980964397925570e-02
6.089153348085399875e-01 3.442013487149069711e-02
6.100382568230098279e-01 3.428096220017952389e-02
6.111632496571467454e-01 3.414229089882622747e-02
6.122903171298204050e-01 3.400412022680715518e-02
6.134194630669447257e-01 3.386644943420698273e-02
6.145506913014892048e-01 3.372927776193145738e-02
6.156840056734897981e-01 3.359260445418670721e-02
6.168194100300666838e-01 3.345642902744760255e-02
6.179569082254320334e-01 3.332075126383612917e-02
6.190965041209077757e-01 3.318557093949996845e-02
6.202382015849363661e-01 3.305088781260012709e-02
6.213820044930925546e-01 3.291670162350693318e-02
6.225279167281003723e-01 3.278301209499471375e-02
6.236759421798421243e-01 3.264981893243653482e-02
6.248260847453748212e-01 3.251712182399751211e-02
6.259783483289427242e-01 3.238492044082752486e-02
6.271327368419878923e-01 3.225321443725358977e-02
6.282892542031681682e-01 3.212200345097048632e-02
6.294479043383652828e-01 3.199128710323154851e-02
6.306086911807029516e-01 3.186106499903785388e-02
6.317716186705580883e-01 3.173133672732711408e-02
6.329366907555721289e-01 3.160210186116164943e-02
6.341039113906684621e-01 3.147335995791508689e-02
6.352732845380638649e-01 3.134511055945873870e-02
6.364448141672800485e-01 3.121735319234706860e-02
6.376185042551617554e-01 3.109008736800160377e-02
6.387943587858848637e-01 3.096331258289522492e-02
6.399723817509747059e-01 3.083702831873414915e-02
6.411525771493171710e-01 3.071123404264018003e-02
6.423349489871711393e-01 3.058592920733154558e-02
6.435195012781858015e-01 3.046111325130272662e-02
6.447062380434096518e-01 3.033678559900384805e-02
6.458951633113084734e-01 3.021294566101857815e-02
6.470862811177771068e-01 3.008959283424147632e-02
6.482795955061509963e-01 2.996672650205466776e-02
6.494751105272248415e-01 2.984434581909820722e-02
6.506728302392609242e-01 2.972244852571167065e-02
6.518727587080073160e-01 2.960103181280858767e-02
6.530749000067100907e-01 2.948009289232697561e-02
6.542792582161248705e-01 2.935962899860652953e-02
6.554858374245352559e-01 2.923963738821024755e-02
6.566946417277618187e-01 2.912011533974830091e-02
6.579056752291800869e-01 2.900106015370269505e-02
6.591189420397328691e-01 2.888246915225405401e-02
6.603344462779422441e-01 2.876433967910983769e-02
6.615521920699278802e-01 2.864666909933347855e-02
6.627721835494160274e-01 2.852945479917597463e-02
6.639944248577579478e-01 2.841269418590782955e-02
6.652189201439422384e-01 2.829638468765332052e-02
6.664456735646068219e-01 2.818052375322599098e-02
6.676746892840574876e-01 2.806510885196504893e-02
6.689059714742769946e-01 2.795013747357397160e-02
6.701395243149439462e-01 2.783560712795976264e-02
6.713753519934447800e-01 2.772151534507394724e-02
6.726134587048858693e-01 2.760785967475520158e-02
6.738538486521127302e-01 2.749463768657242624e-02
6.750965260457189032e-01 2.738184696967030721e-02
6.763414951040644940e-01 2.726948513261514412e-02
6.775887600532893851e-01 2.715754980324254150e-02
6.788383251273244490e-01 2.704603862850656765e-02
6.800901945679115324e-01 2.693494927432940264e-02
6.813443726246121157e-01 2.682427942545319646e-02
6.826008635548262982e-01 2.671402678529238850e-02
6.838596716238056761e-01 2.660418907578759873e-02
6.851208011046651114e-01 2.649476403726111484e-02
6.863842562784027157e-01 2.638574942827249734e-02
6.876500414339085099e-01 2.627714302548235861e-02
6.889181608679838531e-01 2.616894282399432822e-02
6.901886188853539883e-01 2.606114756110273697e-02
6.914614197986805877e-01 2.595375614155448832e-02
6.927365679285811817e-01 2.584676746978695552e-02
6.940140676036383738e-01 2.574018044995847118e-02
6.952939231604193804e-01 2.563399398597793893e-02
6.965761389434884654e-01 2.552820698153469153e-02
6.978607193054200408e-01 2.542281834012803665e-02
6.991476686068177626e-01 2.531782696509624064e-02
7.004369912163241896e-01 2.521323175964594945e-02
7.017286915106403233e-01 2.510903162688059298e-02
7.030227738745383759e-01 2.500522546982923699e-02
7.043192427008745371e-01 2.490181219147501179e-02
7.056181023906081817e-01 2.479879069478300654e-02
7.069193573528147478e-01 2.469615988272838569e-02
7.082230120046981714e-01 2.459391865832427290e-02
7.095290707716114254e-01 2.449206592464883703e-02
7.108375380870655125e-01 2.439060058487313096e-02
7.121484183927494493e-01 2.428952154228766064e-02
7.134617161385435891e-01 2.418882770032956472e-02
7.147774357825319447e-01 2.408851796260927727e-02
7.160955817910230614e-01 2.398859123293675677e-02
7.174161586385588985e-01 2.388904641534804821e-02
7.187391708079352570e-01 2.378988241413093271e-02
7.200646227902148810e-01 2.369109813385100044e-02
7.213925190847404467e-01 2.359269247937728284e-02
7.227228641991547686e-01 2.349466435590740615e-02
7.240556626494106807e-01 2.339701266899309531e-02
7.253909189597912421e-01 2.329973632456487989e-02
7.267286376629225053e-01 2.320283422895696654e-02
7.280688232997877263e-01 2.310630528893196922e-02
7.294114804197466828e-01 2.301014841170497330e-02
7.307566135805462215e-01 2.291436250496806798e-02
7.321042273483403529e-01 2.281894647691390388e-02
7.334543262977039069e-01 2.272389923625964953e-02
7.348069150116451898e-01 2.262921969227075711e-02
7.361619980816274111e-01 2.253490673489624840e-02
7.375195801075783431e-01 2.244095902172244666e-02
7.388796656979104149e-01 2.234737506383190075e-02
7.402422594695348135e-01 2.225415337707375638e-02
7.416073660478746943e-01 2.216129248464225598e-02
7.429749900668862761e-01 2.206879091703374887e-02
7.443451361690679446e-01 2.197664721200462412e-02
7.457178090054821240e-01 2.188485991452880988e-02
7.470930132357684883e-01 2.179342757675599429e-02
7.484707535281570623e-01 2.170234875797012741e-02
7.498510345594900928e-01 2.161162202454771850e-02
7.512338610152313745e-01 2.152124594991698669e-02
7.526192375894875664e-01 2.143121911451677936e-02
7.540071689850220693e-01 2.134154010575594479e-02
7.553976599132683489e-01 2.125220751797324281e-02
7.567907150943515848e-01 2.116321995239668283e-02
7.581863392570982185e-01 2.107457601710423928e-02
7.595845371390579359e-01 2.098627432698372750e-02
7.609853134865166568e-01 2.089831350369357466e-02
7.623886730545113011e-01 2.081069217562386137e-02
7.637946206068504384e-01 2.072340897785705099e-02
7.652031609161246140e-01 2.063646255212968350e-02
7.666142987637282191e-01 2.054985154679360784e-02
7.680280389398732588e-01 2.046357461677795683e-02
7.694443862436027848e-01 2.037763042355126078e-02
7.708633454828134335e-01 2.029201763508350562e-02
7.722849214742649737e-01 2.020673492580884675e-02
7.737091190436021781e-01 2.012178097658819803e-02
7.751359430253693672e-01 2.003715447467209823e-02
7.765653982630235097e-01 1.995285411366432698e-02
7.779974896089562053e-01 1.986887859348474006e-02
7.794322219245075622e-01 1.978522662033329119e-02
7.808696000799802972e-01 1.970189690665385615e-02
7.823096289546616067e-01 1.961888817109806726e-02
7.837523134368336031e-01 1.953619913849002215e-02
7.851976584237957413e-01 1.945382853979033336e-02
7.866456688218782523e-01 1.937177511206117017e-02
7.880963495464574642e-01 1.929003759843126234e-02
7.895497055219770077e-01 1.920861474806071986e-02
7.910057416819589182e-01 1.912750531610679650e-02
7.924644629690258402e-01 1.904670806368920916e-02
7.939258743349150160e-01 1.896622175785599856e-02
7.953899807404929412e-01 1.888604517154971948e-02
7.968567871557781235e-01 1.880617708457366088e-02
7.983262985599510753e-01 1.872661636357830436e-02
7.997985199413768509e-01 1.864736201868409660e-02
8.012734562976198127e-01 1.856841307574490230e-02
8.027511126354583970e-01 1.848976856241562813e-02
8.042314939709068744e-01 1.841142750815706955e-02
8.057146053292271182e-01 1.833338894424128840e-02
8.072004517449500316e-01 1.825565190375643895e-02
8.086890382618915352e-01 1.817821542161170839e-02
8.101803699331660003e-01 1.810107853454244464e-02
8.116744518212100079e-01 1.802424028111453483e-02
8.131712889977927849e-01 1.794769970172958515e-02
8.146708865440386305e-01 1.787145583862921258e-02
8.161732495504426810e-01 1.779550773589981885e-02
8.176783831168845662e-01 1.771985443947725336e-02
8.191862923526525009e-01 1.764449499715092795e-02
8.206969823764533878e-01 1.756942845856856658e-02
8.222104583164364655e-01 1.749465387524024723e-02
8.237267253102077413e-01 1.742017030054281157e-02
8.252457885048450903e-01 1.734597678972413237e-02
8.267676530569219029e-01 1.727207239990697155e-02
8.282923241325174102e-01 1.719845619009339674e-02
8.298198069072404426e-01 1.712512722116841732e-02
8.313501065662441958e-01 1.705208455590415811e-02
8.328832283042417739e-01 1.697932725896371745e-02
8.344191773255291711e-01 1.690685439690473718e-02
8.359579588439962627e-01 1.683466503818356608e-02
8.374995780831510084e-01 1.676275825315841350e-02
8.390440402761337735e-01 1.669113311409332195e-02
8.405913506657333167e-01 1.661978869516171631e-02
8.421415145044101047e-01 1.654872407244958182e-02
8.436945370543074141e-01 1.647793832395932911e-02
8.452504235872752014e-01 1.640743052961271195e-02
8.468091793848854243e-01 1.633719977125441120e-02
8.483708097384474733e-01 1.626724513265523364e-02
8.499353199490319311e-01 1.619756569951515124e-02
8.515027153274817850e-01 1.612816055946662830e-02
8.530730011944368529e-01 1.605902880207745603e-02
8.546461828803485483e-01 1.599016951885386464e-02
8.562222657254958680e-01 1.592158180324354869e-02
8.578012550800097058e-01 1.585326475063827956e-02
8.593831563038835109e-01 1.578521745837704188e-02
8.609679747669980454e-01 1.571743902574854537e-02
8.625557158491369281e-01 1.564992855399397267e-02
8.641463849400021768e-01 1.558268514630978957e-02
8.657399874392374128e-01 1.551570790785011290e-02
8.673365287564446247e-01 1.544899594572930225e-02
8.689360143111986012e-01 1.538254836902457588e-02
8.705384495330722450e-01 1.531636428877815662e-02
8.721438398616480070e-01 1.525044281799989472e-02
8.737521907465419790e-01 1.518478307166940336e-02
8.753635076474204357e-01 1.511938416673829465e-02
8.769777960340150447e-01 1.505424522213253888e-02
8.785950613861480685e-01 1.498936535875438486e-02
8.802153091937438001e-01 1.492474369948463934e-02
8.818385449568532097e-01 1.486037936064018086e-02
8.834647741856703762e-01 1.479627124594208587e-02
8.850940024005479190e-01 1.473241804004612847e-02
8.867262351320225333e-01 1.466881842664488102e-02
8.883614779208262036e-01 1.460547109922414634e-02
8.899997363179117382e-01 1.454237476098657264e-02
8.916410158844683131e-01 1.447952812477638386e-02
8.932853221919383468e-01 1.441692991300461309e-02
8.949326608220420365e-01 1.435457885757462568e-02
8.965830373667894593e-01 1.429247369980871790e-02
8.982364574285062186e-01 1.423061319037487692e-02
8.998929266198487653e-01 1.416899608921436474e-02
9.015524505638217168e-01 1.410762116546992150e-02
9.032150348938027262e-01 1.404648719741422892e-02
9.048806852535548062e-01 1.398559297237938689e-02
9.065494072972510864e-01 1.392493728668650968e-02
9.082212066894921332e-01 1.386451894557616353e-02
9.098960891053219369e-01 1.380433676313936285e-02
9.115740602302537798e-01 1.374438956224878321e-02
9.132551257602818939e-01 1.368467617449107936e-02
9.149392914019076617e-01 1.362519544009908705e-02
9.166265628721559366e-01 1.356594620788502577e-02
9.183169458985919187e-01 1.350692733517415943e-02
9.200104462193466892e-01 1.344813768773866179e-02
9.217070695831296456e-01 1.338957613973250707e-02
9.234068217492542585e-01 1.333124157362631894e-02
9.251097084876551691e-01 1.327313288014311636e-02
9.268157355789045093e-01 1.321524895819455037e-02
9.285249088142384366e-01 1.315758871481726398e-02
9.302372339955691238e-01 1.310015106511026525e-02
9.319527169355110718e-01 1.304293493217229677e-02
9.336713634573980958e-01 1.298593924704001187e-02
9.353931793953002005e-01 1.292916294862660707e-02
9.371181705940498929e-01 1.287260498366062968e-02
9.388463429092546164e-01 1.281626430662570135e-02
9.405777022073231741e-01 1.276013987970027290e-02
9.423122543654827155e-01 1.270423067269815104e-02
9.440500052717960555e-01 1.264853566300935990e-02
9.457909608251883204e-01 1.259305383554133392e-02
9.475351269354589379e-01 1.253778418266088789e-02
9.492825095233088373e-01 1.248272570413621121e-02
9.510331145203575476e-01 1.242787740707957007e-02
9.527869478691605165e-01 1.237323830589050731e-02
9.545440155232355339e-01 1.231880742219911180e-02
9.563043234470759435e-01 1.226458378481017769e-02
9.580678776161772880e-01 1.221056642964735671e-02
9.598346840170547400e-01 1.215675439969801132e-02
9.616047486472604211e-01 1.210314674495847204e-02
9.633780775154094922e-01 1.204974252237944222e-02
9.651546766411983613e-01 1.199654079581210717e-02
9.669345520554210038e-01 1.194354063595458489e-02
9.687177097999972730e-01 1.189074112029851749e-02
9.705041559279852237e-01 1.183814133307652811e-02
9.722938965036083125e-01 1.178574036520953390e-02
9.740869376022733839e-01 1.173353731425486393e-02
9.758832853105881000e-01 1.168153128435466676e-02
9.776829457263888079e-01 1.162972138618440301e-02
9.794859249587529737e-01 1.157810673690225743e-02
9.812922291280269382e-01 1.152668646009836345e-02
9.831018643658437917e-01 1.147545968574473739e-02
9.849148368151413591e-01 1.142442555014561677e-02
9.867311526301898450e-01 1.137358319588779518e-02
9.885508179766044901e-01 1.132293177179185401e-02
9.903738390313741036e-01 1.127247043286316169e-02
9.922002219828784941e-01 1.122219834024371955e-02
9.940299730309066772e-01 1.117211466116416717e-02
9.958630983866850750e-01 1.112221856889594913e-02
9.976996042728903946e-01 1.107250924270424854e-02
9.995394969236774951e-01 1.102298586780080074e-02
1.001382782584698372e+00 1.097364763529736983e-02
1.003229467513119255e+00 1.092449374215951133e-02
1.005079557977650140e+00 1.087552339116039553e-02
1.006933060258556889e+00 1.082673579083547576e-02
1.008789980647689877e+00 1.077813015543688940e-02
1.010650325448503084e+00 1.072970570810231200e-02
1.012514100976071418e+00 1.068146188355077915e-02
1.014381313557119579e+00 1.063339844451786226e-02
1.016251969530036270e+00 1.058551517859655094e-02
1.018126075244901063e+00 1.053781186883744232e-02
1.020003637063504831e+00 1.049028829379959268e-02
1.021884661359367064e+00 1.044294422760133623e-02
1.023769154517764735e+00 1.039577943997050183e-02
1.025657122935746068e+00 1.034879369629487268e-02
1.027548573022159850e+00 1.030198675767201276e-02
1.029443511197673411e+00 1.025535838095917134e-02
1.031341943894791058e+00 1.020890831882290822e-02
1.033243877557884494e+00 1.016263631978832176e-02
1.035149318643205030e+00 1.011654212828838086e-02
1.037058273618913340e+00 1.007062548471266729e-02
1.038970748965098334e+00 1.002488612545616997e-02
1.040886751173796032e+00 9.979323782967798248e-03
1.042806286749018874e+00 9.933938185798506584e-03
1.044729362206768819e+00 9.888729058649495599e-03
1.046655984075068213e+00 9.843696122419804198e-03
1.048586158893977549e+00 9.798839094253955495e-03
1.050519893215614564e+00 9.754157687589420575e-03
1.052457193604184660e+00 9.709651612203438684e-03
1.054398066635994224e+00 9.665320574260179154e-03
1.056342518899480609e+00 9.621164276357107095e-03
1.058290556995230336e+00 9.577182417571527759e-03
1.060242187536000191e+00 9.533374693506750999e-03
1.062197417146745426e+00 9.489740796337858483e-03
1.064156252464634189e+00 9.446280414857613147e-03
1.066118700139077946e+00 9.402993234521641805e-03
1.068084766831750798e+00 9.359878937493786022e-03
1.070054459216608134e+00 9.316937202691060946e-03
1.072027783979916382e+00 9.274167705828263719e-03
1.074004747820272776e+00 9.231570119462488219e-03
1.075985357448624002e+00 9.189144113037407344e-03
1.077969619588296846e+00 9.146889352927123351e-03
1.079957540975013064e+00 9.104805502480018201e-03
1.081949128356918699e+00 9.062892222062137251e-03
1.083944388494604505e+00 9.021149169100444593e-03
1.085943328161125265e+00 8.979575998125885819e-03
1.087945954142030880e+00 8.938172360816004983e-03
1.089952273235379909e+00 8.896937906037530319e-03
1.091962292251771105e+00 8.855872279888543641e-03
1.093976018014362728e+00 8.814975125740450237e-03
1.095993457358892753e+00 8.774246084279842955e-03
1.098014617133709070e+00 8.733684793549786884e-03
1.100039504199784801e+00 8.693290888991251492e-03
1.102068125430749168e+00 8.653064003483935604e-03
1.104100487712907031e+00 8.613003767387000451e-03
1.106136597945258870e+00 8.573109808579721172e-03
1.108176463039532988e+00 8.533381752501421891e-03
1.110220089920198827e+00 8.493819222191709151e-03
1.112267485524498944e+00 8.454421838329990654e-03
1.114318656802469665e+00 8.415189219274973181e-03
1.116373610716959730e+00 8.376120981104002647e-03
1.118432354243663829e+00 8.337216737651760579e-03
1.120494894371135475e+00 8.298476100549205189e-03
1.122561238100820091e+00 8.259898679261820295e-03
1.124631392447073885e+00 8.221484081127862498e-03
1.126705364437186052e+00 8.183231911396351629e-03
1.128783161111408750e+00 8.145141773264610169e-03
1.130864789522973313e+00 8.107213267915795718e-03
1.132950256738121331e+00 8.069445994555978982e-03
1.135039569836125750e+00 8.031839550451043072e-03
1.137132735909310632e+00 7.994393530963449235e-03
1.139229762063084683e+00 7.957107529588435327e-03
1.141330655415954576e+00 7.919981137990358272e-03
1.143435423099558257e+00 7.883013946038392936e-03
1.145544072258685597e+00 7.846205541842246611e-03
1.147656610051298820e+00 7.809555511787564727e-03
1.149773043648564474e+00 7.773063440570942770e-03
1.151893380234869646e+00 7.736728911234914789e-03
1.154017627007854152e+00 7.700551505202403273e-03
1.156145791178430526e+00 7.664530802311185498e-03
1.158277879970806001e+00 7.628666380848000798e-03
1.160413900622514927e+00 7.592957817582285732e-03
1.162553860384434090e+00 7.557404687799897103e-03
1.164697766520815136e+00 7.522006565336318909e-03
1.166845626309306105e+00 7.486763022609819844e-03
1.168997447040972304e+00 7.451673630654328043e-03
1.171153236020329835e+00 7.416737959151858267e-03
1.173313000565360031e+00 7.381955576465028430e-03
1.175476748007543870e+00 7.347326049668965499e-03
1.177644485691881737e+00 7.312848944583212260e-03
1.179816220976916519e+00 7.278523825803326179e-03
1.181991961234763799e+00 7.244350256732143452e-03
1.184171713851135177e+00 7.210327799610829688e-03
1.186355486225358469e+00 7.176456015549829981e-03
1.188543285770412128e+00 7.142734464559267332e-03
1.190735119912939455e+00 7.109162705579450368e-03
1.192930996093283902e+00 7.075740296510794718e-03
1.195130921765509724e+00 7.042466794243712296e-03
1.197334904397423516e+00 7.009341754688280281e-03
1.199542951470609076e+00 6.976364732803395745e-03
1.201755070480441390e+00 6.943535282626081204e-03
1.203971268936122385e+00 6.910852957300143116e-03
1.206191554360701801e+00 6.878317309104873753e-03
1.208415934291098948e+00 6.845927889483439076e-03
1.210644416278137347e+00 6.813684249070871106e-03
1.212877007886560277e+00 6.781585937722096717e-03
1.215113716695065404e+00 6.749632504539435605e-03
1.217354550296326110e+00 6.717823497900047951e-03
1.219599516297014130e+00 6.686158464879625452e-03
1.221848622317833755e+00 6.654636638411272863e-03
1.224101875993538480e+00 6.623256434584854323e-03
1.226359284972964314e+00 6.592016157052685114e-03
1.228620856919053317e+00 6.560914132516068586e-03
1.230886599508874912e+00 6.529948710487121222e-03
1.233156520433661196e+00 6.499118263054096643e-03
1.235430627398822923e+00 6.468421184650653515e-03
1.237708928123984586e+00 6.437855891828375178e-03
1.239991430343006629e+00 6.407420823033057114e-03
1.242278141804007641e+00 6.377114438384382314e-03
1.244569070269400557e+00 6.346935219458755585e-03
1.246864223515907533e+00 6.316881669075813735e-03
1.249163609334596137e+00 6.286952311087802385e-03
1.251467235530901778e+00 6.257145690172348507e-03
1.253775109924650133e+00 6.227460371628358929e-03
1.256087240350092893e+00 6.197894941174757720e-03
1.258403634655923975e+00 6.168448004752502198e-03
1.260724300705315271e+00 6.139118188329230515e-03
1.263049246375939516e+00 6.109904137706984040e-03
1.265378479559992719e+00 6.080804518332705300e-03
1.267712008164231019e+00 6.051818015111326728e-03
1.270049840109985784e+00 6.022943332221832730e-03
1.272391983333200471e+00 5.994179192935640207e-03
1.274738445784453722e+00 5.965524339437780661e-03
1.277089235428982006e+00 5.936977532650593303e-03
1.279444360246715817e+00 5.908537552059708008e-03
1.281803828232297215e+00 5.880203195542719682e-03
1.284167647395114464e+00 5.851973279199941709e-03
1.286535825759326679e+00 5.823846637187679934e-03
1.288908371363886696e+00 5.795822121553753994e-03
1.291285292262577489e+00 5.767898602075050875e-03
1.293666596524029044e+00 5.740074966097496664e-03
1.296052292231754555e+00 5.712350118377922635e-03
1.298442387484175065e+00 5.684722980928118806e-03
1.300836890394641454e+00 5.657192492860943153e-03
1.303235809091472630e+00 5.629757610238190699e-03
1.305639151717971291e+00 5.602417305920722075e-03
1.308046926432462342e+00 5.575170569420116046e-03
1.310459141408314876e+00 5.548016406752419305e-03
1.312875804833967042e+00 5.520953840293621462e-03
1.315296924912961796e+00 5.493981908636800561e-03
1.317722509863970437e+00 5.467099666451007665e-03
1.320152567920816589e+00 5.440306184341958153e-03
1.322587107332513279e+00 5.413600548714072626e-03
1.325026136363280926e+00 5.386981861634414746e-03
1.327469663292583979e+00 5.360449240697858116e-03
1.329917696415155115e+00 5.334001818893979209e-03
1.332370244041020335e+00 5.307638744475374516e-03
1.334827314495534933e+00 5.281359180827270051e-03
1.337288916119402593e+00 5.255162306338711196e-03
1.339755057268712024e+00 5.229047314274926084e-03
1.342225746314962054e+00 5.203013412651094106e-03
1.344700991645085164e+00 5.177059824107431950e-03
1.347180801661486349e+00 5.151185785785343009e-03
1.349665184782059990e+00 5.125390549204993616e-03
1.352154149440228270e+00 5.099673380143887602e-03
1.354647704084966264e+00 5.074033558516612662e-03
1.357145857180825255e+00 5.048470378255827049e-03
1.359648617207972254e+00 5.022983147194034700e-03
1.362155992662207327e+00 4.997571186946703908e-03
1.364667992055001777e+00 4.972233832796144060e-03
1.367184623913523689e+00 4.946970433576460512e-03
1.369705896780661902e+00 4.921780351559522544e-03
1.372231819215064874e+00 4.896662962341636477e-03
1.374762399791159329e+00 4.871617654731311663e-03
1.377297647099188227e+00 4.846643830637701288e-03
1.379837569745235859e+00 4.821740904959977321e-03
1.382382176351253822e+00 4.796908305477483488e-03
1.384931475555098768e+00 4.772145472740556976e-03
1.387485476010551055e+00 4.747451859962218378e-03
1.390044186387354497e+00 4.722826932910411529e-03
1.392607615371240781e+00 4.698270169801084702e-03
1.395175771663954789e+00 4.673781061191845977e-03
1.397748663983294781e+00 4.649359109876168537e-03
1.400326301063129719e+00 4.625003830778376575e-03
1.402908691653439455e+00 4.600714750849011110e-03
1.405495844520339821e+00 4.576491408960891433e-03
1.408087768446108390e+00 4.552333355805646652e-03
1.410684472229224440e+00 4.528240153790714755e-03
1.413285964684386498e+00 4.504211376936923666e-03
1.415892254642553194e+00 4.480246610776375885e-03
1.418503350950969022e+00 4.456345452250896032e-03
1.421119262473188760e+00 4.432507509610876528e-03
1.423739998089119441e+00 4.408732402314388676e-03
1.426365566695037668e+00 4.385019760926852327e-03
1.428995977203630252e+00 4.361369227020866005e-03
1.431631238544020190e+00 4.337780453076474189e-03
1.434271359661793088e+00 4.314253102381771995e-03
1.436916349519036684e+00 4.290786848933627814e-03
1.439566217094360168e+00 4.267381377338892549e-03
1.442220971382935479e+00 4.244036382715656551e-03
1.444880621396522402e+00 4.220751570594875185e-03
1.447545176163495206e+00 4.197526656822172207e-03
1.450214644728883950e+00 4.174361367459760233e-03
1.452889036154392244e+00 4.151255438688702948e-03
1.455568359518440102e+00 4.128208616711105325e-03
1.458252623916189039e+00 4.105220657652688086e-03
1.460941838459568265e+00 4.082291327465353489e-03
1.463636012277315990e+00 4.059420401829843920e-03
1.466335154515004291e+00 4.036607666058599116e-03
1.469039274335067091e+00 4.013852914998638534e-03
1.471748380916840349e+00 3.991155952934475823e-03
1.474462483456582484e+00 3.968516593491207625e-03
1.477181591167515240e+00 3.945934659537463605e-03
1.479905713279851209e+00 3.923409983088552502e-03
1.482634859040820041e+00 3.900942405209586496e-03
1.485369037714710183e+00 3.878531775918491083e-03
1.488108258582889087e+00 3.856177954089190594e-03
1.490852530943844512e+00 3.833880807354615467e-03
1.493601864113212274e+00 3.811640212009755058e-03
1.496356267423802455e+00 3.789456052914727795e-03
1.499115750225642696e+00 3.767328223397608481e-03
1.501880321885996850e+00 3.745256625157444234e-03
1.504649991789408059e+00 3.723241168166975101e-03
1.507424769337725845e+00 3.701281770575405410e-03
1.510204663950132975e+00 3.679378358611114837e-03
1.512989685063189205e+00 3.657530866484101032e-03
1.515779842130850152e+00 3.635739236288535858e-03
1.518575144624510376e+00 3.614003417905027604e-03
1.521375602033031127e+00 3.592323368902881030e-03
1.524181223862767665e+00 3.570699054442208215e-03
1.526992019637612330e+00 3.549130462145273605e-03
1.529807998899014754e+00 3.527618250826098333e-03
1.532629171206024932e+00 3.506163980443963504e-03
1.535455546135320981e+00 3.484769245582749857e-03
1.538287133281237118e+00 3.463435607941125344e-03
1.541123942255806956e+00 3.442164596517317907e-03
1.543965982688783711e+00 3.420957707800958113e-03
1.546813264227684170e+00 3.399816405971295159e-03
1.549665796537815998e+00 3.378742123102024784e-03
1.552523589302306606e+00 3.357736259372224707e-03
1.555386652222146449e+00 3.336800183283291331e-03
1.558254995016209676e+00 3.315935231881692990e-03
1.561128627421298320e+00 3.295142710987282540e-03
1.564007559192170271e+00 3.274423895426978488e-03
1.566891800101567256e+00 3.253780029273716651e-03
1.569781359940260579e+00 3.233212326090227802e-03
1.572676248517069997e+00 3.212721969177775340e-03
1.575576475658908793e+00 3.192310111829348585e-03
1.578482051210812642e+00 3.171977877587312152e-03
1.581392985035968035e+00 3.151726360505325338e-03
1.584309287015757128e+00 3.131556625414137329e-03
1.587230967049777286e+00 3.111469708191423860e-03
1.590158035055888153e+00 3.091466616035071224e-03
1.593090500970238521e+00 3.071548327740088440e-03
1.596028374747296086e+00 3.051715793978822776e-03
1.598971666359892296e+00 3.031969937584162895e-03
1.601920385799243451e+00 3.012311653835891400e-03
1.604874543074995996e+00 2.992741810749652027e-03
1.607834148215255166e+00 2.973261249368651209e-03
1.610799211266614961e+00 2.953870784057806027e-03
1.613769742294203002e+00 2.934571202800098731e-03
1.616745751381701401e+00 2.915363267495214589e-03
1.619727248631393612e+00 2.896247714260014646e-03
1.622714244164192410e+00 2.877225253730947025e-03
1.625706748119670308e+00 2.858296571368114034e-03
1.628704770656103307e+00 2.839462327760813778e-03
1.631708321950500862e+00 2.820723158934540682e-03
1.634717412198635200e+00 2.802079676659239345e-03
1.637732051615087281e+00 2.783532468758561501e-03
1.640752250433268777e+00 2.765082099420273099e-03
1.643778018905468041e+00 2.746729109507289358e-03
1.646809367302880078e+00 2.728474016869601032e-03
1.649846305915636524e+00 2.710317316656695504e-03
1.652888845052851385e+00 2.692259481630422408e-03
1.655936995042644355e+00 2.674300962478261268e-03
1.658990766232185887e+00 2.656442188126718375e-03
1.662050168987728282e+00 2.638683566054885431e-03
1.665115213694635443e+00 2.621025482608005993e-03
1.668185910757430168e+00 2.603468303310782148e-03
1.671262270599815913e+00 2.586012373180659497e-03
1.674344303664723865e+00 2.568658017040555738e-03
1.677432020414342917e+00 2.551405539831291727e-03
1.680525431330151198e+00 2.534255226923462240e-03
1.683624546912962705e+00 2.517207344428573374e-03
1.686729377682949282e+00 2.500262139509606615e-03
1.689839934179689029e+00 2.483419840690584586e-03
1.692956226962195831e+00 2.466680658165336642e-03
1.696078266608951335e+00 2.450044784105274379e-03
1.699206063717951354e+00 2.433512392965956304e-03
1.702339628906729851e+00 2.417083641792650266e-03
1.705478972812405569e+00 2.400758670524504642e-03
1.708624106091713779e+00 2.384537602297487433e-03
1.711775039421036926e+00 2.368420543745923274e-03
1.714931783496453033e+00 2.352407585302494775e-03
1.718094349033758128e+00 2.336498801496791466e-03
1.721262746768515095e+00 2.320694251252196881e-03
1.724436987456084536e+00 2.304993978181109002e-03
1.727617081871655857e+00 2.289398010878507077e-03
1.730803040810296789e+00 2.273906363213589864e-03
1.733994875086975362e+00 2.258519034619712110e-03
1.737192595536609208e+00 2.243236010382303972e-03
1.740396213014097304e+00 2.228057261924893534e-03
1.743605738394350402e+00 2.212982747093148253e-03
1.746821182572342090e+00 2.198012410436751048e-03
1.750042556463130117e+00 2.183146183489324387e-03
1.753269871001906344e+00 2.168383985046068874e-03
1.756503137144029170e+00 2.153725721439307163e-03
1.759742365865053948e+00 2.139171286811775759e-03
1.762987568160784280e+00 2.124720563387612685e-03
1.766238755047294218e+00 2.110373421741103869e-03
1.769495937560978005e+00 2.096129721063039967e-03
1.772759126758582937e+00 2.081989309424712650e-03
1.776028333717240670e+00 2.067952024039565115e-03
1.779303569534517848e+00 2.054017691522311197e-03
1.782584845328439638e+00 2.040186128145713047e-03
1.785872172237539246e+00 2.026457140094771025e-03
1.789165561420891226e+00 2.012830523718479783e-03
1.792465024058143452e+00 1.999306065779054686e-03
1.795770571349567968e+00 1.985883543698537066e-03
1.799082214516083633e+00 1.972562725802966960e-03
1.802399964799308973e+00 1.959343371563819752e-03
1.805723833461592154e+00 1.946225231836957396e-03
1.809053831786046285e+00 1.933208049098949577e-03
1.812389971076596717e+00 1.920291557680712342e-03
1.815732262658015461e+00 1.907475483998571746e-03
1.819080717875952713e+00 1.894759546782690289e-03
1.822435348096989705e+00 1.882143457302761815e-03
1.825796164708661129e+00 1.869626919591157446e-03
1.829163179119507765e+00 1.857209630663312662e-03
1.832536402759109118e+00 1.844891280735498412e-03
1.835915847078116947e+00 1.832671553439929211e-03
1.839301523548307005e+00 1.820550126037134278e-03
1.842693443662602792e+00 1.808526669625756941e-03
1.846091618935128187e+00 1.796600849349571554e-03
1.849496060901240524e+00 1.784772324601916534e-03
1.852906781117564572e+00 1.773040749227435767e-03
1.856323791162044046e+00 1.761405771721122077e-03
1.859747102633967142e+00 1.749867035424769240e-03
1.863176727154017387e+00 1.738424178720712624e-03
1.866612676364309609e+00 1.727076835222944324e-03
1.870054961928421688e+00 1.715824633965651802e-03
1.873503595531448518e+00 1.704667199589011539e-03
1.876958588880026424e+00 1.693604152522494230e-03
1.880419953702385794e+00 1.682635109165467498e-03
1.883887701748385934e+00 1.671759682065255496e-03
1.887361844789548382e+00 1.660977480092634163e-03
1.890842394619110634e+00 1.650288108614691648e-03
1.894329363052050796e+00 1.639691169665221521e-03
1.897822761925141322e+00 1.629186262112503059e-03
1.901322603096983199e+00 1.618772981824611072e-03
1.904828898448040375e+00 1.608450921832217531e-03
1.908341659880693708e+00 1.598219672488858985e-03
1.911860899319266505e+00 1.588078821628810273e-03
1.915386628710076700e+00 1.578027954722431830e-03
1.918918860021474382e+00 1.568066655029129149e-03
1.922457605243873546e+00 1.558194432165149529e-03
1.926002876389809160e+00 1.548409107355883238e-03
1.929554685493960475e+00 1.538706837075124205e-03
1.933113044613206100e+00 1.529083785872855815e-03
1.936677965826659520e+00 1.519536202687122662e-03
1.940249461235703743e+00 1.510060419229903314e-03
1.943827542964046140e+00 1.500652848460774184e-03
1.947412223157743982e+00 1.491309983145434762e-03
1.951003513985259508e+00 1.482028394495935736e-03
1.954601427637495004e+00 1.472804730889857618e-03
1.958205976327828557e+00 1.463635716665532063e-03
1.961817172292169786e+00 1.454518150990495194e-03
1.965435027788984268e+00 1.445448906800640438e-03
1.969059555099350378e+00 1.436424929807228771e-03
1.972690766526994377e+00 1.427443237569364165e-03
1.976328674398325935e+00 1.418500918629326309e-03
1.979973291062494534e+00 1.409595131708233761e-03
1.983624628891414998e+00 1.400723104959772630e-03
1.987282700279824121e+00 1.391882135279421014e-03
1.990947517645315745e+00 1.383069587666957857e-03
1.994619093428377399e+00 1.374282894639919329e-03
1.998297440092444699e+00 1.365519555695654573e-03
2.001982570123937766e+00 1.356777136819842331e-03
2.005674496032297416e+00 1.348053270039213962e-03
2.009373230350040451e+00 1.339345653016235952e-03
2.013078785632789192e+00 1.330652048683716006e-03
2.016791174459324321e+00 1.321970284917045905e-03
2.020510409431624854e+00 1.313298254242068874e-03
2.024236503174902779e+00 1.304633913576453124e-03
2.027969468337661230e+00 1.295975284002386487e-03
2.031709317591720687e+00 1.287320450568699755e-03
2.035456063632275825e+00 1.278667562120187678e-03
2.039209719177933255e+00 1.270014831152197279e-03
2.042970296970748389e+00 1.261360533688447166e-03
2.046737809776283168e+00 1.252703009179980754e-03
2.050512270383631819e+00 1.244040660423377303e-03
2.054293691605480809e+00 1.235371953496089675e-03
2.058082086278143930e+00 1.226695417707046338e-03
2.061877467261600927e+00 1.218009645560493015e-03
2.065679847439555239e+00 1.209313292731063185e-03
2.069489239719461970e+00 1.200605078048251444e-03
2.073305657032585181e+00 1.191883783488214546e-03
2.077129112334035188e+00 1.183148254171073480e-03
2.080959618602807648e+00 1.174397398361760447e-03
2.084797188841842619e+00 1.165630187472459396e-03
2.088641836078048541e+00 1.156845656064880252e-03
2.092493573362366188e+00 1.148042901850310953e-03
2.096352413769801970e+00 1.139221085685755306e-03
2.100218370399468792e+00 1.130379431564208564e-03
2.104091456374645119e+00 1.121517226597236678e-03
2.107971684842801174e+00 1.112633820988150101e-03
2.111859068975659781e+00 1.103728627993830766e-03
2.115753621969233667e+00 1.094801123873591136e-03
2.119655357043865429e+00 1.085850847823223051e-03
2.123564287444284826e+00 1.076877401892537001e-03
2.127480426439639416e+00 1.067880450884745123e-03
2.131403787323552290e+00 1.058859722235930886e-03
2.135334383414162929e+00 1.049815005873065005e-03
2.139272228054163616e+00 1.040746154048935446e-03
2.143217334610861613e+00 1.031653081152355449e-03
2.147169716476206691e+00 1.022535763492258111e-03
2.151129387066851528e+00 1.013394239054036909e-03
2.155096359824190788e+00 1.004228607226801415e-03
2.159070648214400645e+00 9.950390285000999292e-04
2.163052265728499179e+00 9.858257241286952268e-04
2.167041225882375244e+00 9.765889757642200967e-04
2.171037542216848859e+00 9.673291250522937776e-04
2.175041228297712070e+00 9.580465731940159555e-04
2.179052297715766251e+00 9.487417804706718303e-04
2.183070764086886495e+00 9.394152657304572548e-04
2.187096641052046486e+00 9.300676058363853155e-04
2.191129942277384224e+00 9.206994350741920345e-04
2.195170681454239325e+00 9.113114445195336392e-04
2.199218872299192551e+00 9.019043813635664077e-04
2.203274528554130196e+00 8.924790481960759867e-04
2.207337663986269849e+00 8.830363022456676420e-04
2.211408292388226560e+00 8.735770545761814120e-04
2.215486427578048811e+00 8.641022692389919426e-04
2.219572083399262041e+00 8.546129623806551301e-04
2.223665273720926816e+00 8.451102013055025860e-04
2.227766012437680576e+00 8.355951034929950559e-04
2.231874313469778048e+00 8.260688355695847748e-04
2.235990190763152974e+00 8.165326122349386576e-04
2.240113658289448750e+00 8.069876951426181678e-04
2.244244730046080605e+00 7.974353917351518963e-04
2.248383420056277782e+00 7.878770540337805750e-04
2.252529742369122623e+00 7.783140773830793304e-04
2.256683711059615849e+00 7.687478991507880766e-04
2.260845340228703648e+00 7.591799973833892202e-04
2.265014644003345179e+00 7.496118894178545409e-04
2.269191636536549872e+00 7.400451304503257192e-04
2.273376332007421841e+00 7.304813120624120996e-04
2.277568744621220720e+00 7.209220607059099511e-04
2.281768888609395862e+00 7.113690361469870950e-04
2.285976778229645401e+00 7.018239298707370155e-04
2.290192427765962879e+00 6.922884634473554667e-04
2.294415851528675443e+00 6.827643868611014055e-04
2.298647063854509565e+00 6.732534768033516430e-04
2.302886079106622130e+00 6.637575349312640604e-04
2.307132911674663944e+00 6.542783860934266518e-04
2.311387575974821917e+00 6.448178765242266845e-04
2.315650086449862144e+00 6.353778720085760364e-04
2.319920457569194294e+00 6.259602560187388191e-04
2.324198703828902257e+00 6.165669278252436424e-04
2.328484839751808533e+00 6.071998005837073989e-04
2.332778879887519974e+00 5.978607993996924632e-04
2.337080838812465533e+00 5.885518593737101975e-04
2.341390731129965985e+00 5.792749236284641407e-04
2.345708571470262349e+00 5.700319413207484854e-04
2.350034374490582945e+00 5.608248656401573426e-04
2.354368154875186914e+00 5.516556517971403116e-04
2.358709927335404632e+00 5.425262550027937182e-04
2.363059706609706545e+00 5.334386284428383612e-04
2.367417507463733362e+00 5.243947212484918871e-04
2.371783344690362227e+00 5.153964764666576831e-04
2.376157233109750244e+00 5.064458290322310010e-04
2.380539187569378878e+00 4.975447037451299253e-04
2.384929222944119243e+00 4.886950132547332850e-04
2.389327354136263182e+00 4.798986560545834669e-04
2.393733596075592995e+00 4.711575144899582748e-04
2.398147963719423181e+00 4.624734527812192852e-04
2.402570472052643513e+00 4.538483150656749611e-04
2.407001136087788318e+00 4.452839234606759144e-04
2.411439970865067561e+00 4.367820761508698778e-04
2.415886991452434351e+00 4.283445455022347366e-04
2.420342212945628457e+00 4.199731307570051301e-04
2.424805650468222495e+00 4.116707246037437542e-04
2.429277319171686766e+00 4.034411456376377886e-04
2.433757234235425226e+00 3.952880430140588816e-04
2.438245410866840324e+00 3.872148547216815433e-04
2.442741864301380517e+00 3.792248105079233634e-04
2.447246609802581130e+00 3.713209350891153132e-04
2.451759662662137629e+00 3.635060516243701287e-04
2.456281038199933597e+00 3.557827854326323612e-04
2.460810751764113569e+00 3.481535679323957450e-04
2.465348818731125213e+00 3.406206407843054198e-04
2.469895254505765081e+00 3.331860602170526081e-04
2.474450074521245657e+00 3.258517015175187116e-04
2.479013294239240661e+00 3.186192636667206928e-04
2.483584929149929454e+00 3.114902741035384653e-04
2.488164994772067651e+00 3.044660935988098907e-04
2.492753506653019535e+00 2.975479212230729793e-04
2.497350480368827785e+00 2.907367993916849976e-04
2.501955931524260102e+00 2.840336189718681141e-04
2.506569875752853171e+00 2.774391244367700087e-04
2.511192328716985500e+00 2.709539190522803980e-04
2.515823306107907165e+00 2.645784700831685311e-04
2.520462823645814421e+00 2.583131140055442950e-04
2.525110897079891892e+00 2.521580617135803660e-04
2.529767542188362306e+00 2.461134037089203041e-04
2.534432774778553554e+00 2.401791152619479138e-04
2.539106610686935550e+00 2.343550615348105332e-04
2.543789065779189951e+00 2.286410026566347542e-04
2.548480155950257231e+00 2.230365987421628073e-04
2.553179897124382869e+00 2.175414148455889480e-04
2.557888305255187511e+00 2.121549258420048027e-04
2.562605396325703833e+00 2.068765212295832468e-04
2.567331186348446703e+00 2.017055098460716054e-04
2.572065691365459372e+00 1.966411244939098675e-04
2.576808927448362319e+00 1.916825264687484643e-04
2.581560910698423861e+00 1.868288099867061465e-04
2.586321657246594352e+00 1.820790065063235318e-04
2.591091183253580787e+00 1.774320889415191256e-04
2.595869504909892100e+00 1.728869757625216697e-04
2.600656638435886236e+00 1.684425349820925998e-04
2.605452600081845649e+00 1.640975880248236960e-04
2.610257406128008828e+00 1.598509134778113060e-04
2.615071072884645353e+00 1.557012507212572649e-04
2.619893616692102967e+00 1.516473034380872451e-04
2.624725053920855533e+00 1.476877430019444724e-04
2.629565400971577649e+00 1.438212117432569384e-04
2.634414674275176171e+00 1.400463260934910030e-04
2.639272890292869711e+00 1.363616796078588036e-04
2.644140065516230820e+00 1.327658458671806543e-04
2.649016216467238394e+00 1.292573812597490584e-04
2.653901359698350504e+00 1.258348276443202809e-04
2.658795511792538591e+00 1.224967148956304197e-04
2.663698689363364736e+00 1.192415633339381916e-04
2.668610909055027847e+00 1.160678860403841953e-04
2.673532187542412952e+00 1.129741910600661441e-04
2.678462541531166696e+00 1.099589834948786561e-04
2.683401987757732421e+00 1.070207674883703441e-04
2.688350542989425662e+00 1.041580481048918431e-04
2.693308224024483888e+00 1.013693331055155674e-04
2.698275047692113571e+00 9.865313462324461875e-05
2.703251030852567904e+00 9.600797074009509620e-05
2.708236190397181442e+00 9.343236696878512134e-05
2.713230543248447812e+00 9.092485764170887082e-05
2.718234106360066793e+00 8.848398721002141232e-05
2.723246896716995824e+00 8.610831145562806218e-05
2.728268931335525060e+00 8.379639861891030909e-05
2.733300227263314230e+00 8.154683044507445011e-05
2.738340801579469908e+00 7.935820315194171549e-05
2.743390671394594360e+00 7.722912832207857819e-05
2.748449853850836178e+00 7.515823372209440008e-05
2.753518366121964878e+00 7.314416405194028900e-05
2.758596225413419756e+00 7.118558162703088397e-05
2.763683448962361844e+00 6.928116699597025065e-05
2.768780054037750737e+00 6.742961949660964457e-05
2.773886057940381011e+00 6.562965775318147497e-05
2.779001478002960823e+00 6.388002011713765638e-05
2.784126331590162096e+00 6.217946505433845188e-05
2.789260636098670698e+00 6.052677148114889887e-05
2.794404408957266828e+00 5.892073905194577935e-05
2.799557667626858759e+00 5.736018840051433236e-05
2.804720429600564557e+00 5.584396133770461873e-05
2.809892712403761816e+00 5.437092100770535259e-05
2.815074533594138728e+00 5.293995200519881721e-05
2.820265910761774020e+00 5.154996045559555952e-05
2.825466861529172036e+00 5.019987406051417078e-05
2.830677403551346227e+00 4.888864211055525495e-05
2.835897554515865782e+00 4.761523546740212493e-05
2.841127332142912021e+00 4.637864651717781526e-05
2.846366754185353898e+00 4.517788909693226494e-05
2.851615838428789296e+00 4.401199839607636624e-05
2.856874602691622744e+00 4.288003083449227701e-05
2.862143064825118710e+00 4.178106391900129570e-05
2.867421242713453111e+00 4.071419607979760480e-05
2.872709154273794141e+00 3.967854648838009052e-05
2.878006817456340460e+00 3.867325485847779423e-05
2.883314250244401133e+00 3.769748123136569177e-05
2.888631470654450251e+00 3.675040574693759347e-05
2.893958496736176222e+00 3.583122840182266560e-05
2.899295346572567045e+00 3.493916879577201588e-05
2.904642038279944938e+00 3.407346586750189404e-05
2.909998590008051167e+00 3.323337762109436559e-05
2.915365019940096225e+00 3.241818084402962527e-05
2.920741346292815344e+00 3.162717081785108229e-05
2.926127587316548873e+00 3.085966102241350685e-05
2.931523761295281361e+00 3.011498283462810528e-05
2.936929886546725488e+00 2.939248522254668796e-05
2.942345981422372247e+00 2.869153443560119534e-05
2.947772064307548678e+00 2.801151369175361371e-05
2.953208153621496468e+00 2.735182286227014987e-05
2.958654267817415029e+00 2.671187815479982881e-05
2.964110425382541436e+00 2.609111179537908416e-05
2.969576644838206825e+00 2.548897170996333142e-05
2.975052944739887906e+00 2.490492120603379856e-05
2.980539343677293562e+00 2.433843865479611739e-05
2.986035860274401266e+00 2.378901717445891593e-05
2.991542513189543673e+00 2.325616431503185229e-05
2.997059321115461472e+00 2.273940174506890381e-05
3.002586302779358451e+00 2.223826494073808296e-05
3.008123476942985430e+00 2.175230287757420135e-05
3.013670862402681561e+00 2.128107772524821605e-05
3.019228477989456039e+00 2.082416454565177497e-05
3.024796342569047169e+00 2.038115099457943289e-05
3.030374475041973881e+00 1.995163702726134044e-05
3.035962894343622764e+00 1.953523460797699197e-05
3.041561619444286713e+00 1.913156742396666620e-05
3.047170669349252847e+00 1.874026724593336386e-05
3.052790063098856699e+00 1.836091519279012661e-05
3.058419819768535497e+00 1.799305424292104962e-05
3.064059958468916101e+00 1.763624526381600294e-05
3.069710498345866512e+00 1.729006806163856875e-05
3.075371458580552275e+00 1.695412046134540438e-05
3.081042858389525740e+00 1.662801743591089723e-05
3.086724717024763365e+00 1.631139028183165677e-05
3.092417053773754532e+00 1.600388583825190916e-05
3.098119887959558394e+00 1.570516574722319016e-05
3.103833238940857608e+00 1.541490575275825892e-05
3.109557126112048042e+00 1.513279503648290150e-05
3.115291568903278741e+00 1.485853558782683433e-05
3.121036586780539857e+00 1.459184160681249617e-05
3.126792199245720383e+00 1.433243893762504963e-05
3.132558425836662330e+00 1.408006453125111336e-05
3.138335286127252655e+00 1.383446593557536328e-05
3.144122799727460560e+00 1.359540081142683851e-05
3.149920986283429869e+00 1.336263647314624303e-05
3.155729865477533203e+00 1.313594945233920209e-05
3.161549457028432375e+00 1.291512508355305900e-05
3.167379780691163660e+00 1.269995711068993291e-05
3.173220856257183087e+00 1.249024731304105089e-05
3.179072703554453483e+00 1.228580514988643449e-05
3.184935342447503537e+00 1.208644742267105369e-05
3.190808792837485530e+00 1.189199795382163415e-05
3.196693074662264156e+00 1.170228728132234992e-05
3.202588207896460037e+00 1.151715236822046959e-05
3.208494212551539437e+00 1.133643632627641253e-05
3.214411108675871542e+00 1.115998815302085945e-05
3.220338916354788417e+00 1.098766248152050303e-05
3.226277655710675596e+00 1.081931934219351481e-05
3.232227346903012943e+00 1.065482393605519144e-05
3.238188010128467464e+00 1.049404641880406408e-05
3.244159665620951927e+00 1.033686169519639872e-05
3.250142333651682591e+00 1.018314922318404873e-05
3.256136034529272028e+00 1.003279282732004063e-05
3.262140788599771746e+00 9.885680520965487670e-06
3.268156616246763679e+00 9.741704336852968001e-06
3.274183537891419693e+00 9.600760165589786361e-06
3.280221573992561979e+00 9.462747601703744017e-06
3.286270745046753206e+00 9.327569796856428639e-06
3.292331071588342706e+00 9.195133319870381106e-06
3.298402574189557068e+00 9.065348023232444136e-06
3.304485273460561423e+00 8.938126915756187325e-06
3.310579190049518505e+00 8.813386041101797108e-06
3.316684344642682358e+00 8.691044361866270520e-06
3.322800757964441853e+00 8.571023648975227143e-06
3.328928450777414838e+00 8.453248376116765986e-06
3.335067443882507199e+00 8.337645618976164500e-06
3.341217758118976366e+00 8.224144959038317962e-06
3.347379414364521466e+00 8.112678391738817205e-06
3.353552433535330835e+00 8.003180238756248357e-06
3.359736836586174835e+00 7.895587064245906296e-06
3.365932644510466698e+00 7.789837594828621990e-06
3.372139878340325581e+00 7.685872643154966735e-06
3.378358559146665385e+00 7.583635034874626253e-06
3.384588708039258265e+00 7.483069538850248936e-06
3.390830346166795906e+00 7.384122800461273677e-06
3.397083494716983232e+00 7.286743277851241234e-06
3.403348174916586366e+00 7.190881180979932383e-06
3.409624408031525000e+00 7.096488413346698156e-06
3.415912215366937676e+00 7.003518516259213031e-06
3.422211618267240407e+00 6.911926615526856541e-06
3.428522638116226595e+00 6.821669370463336243e-06
3.434845296337109222e+00 6.732704925089800641e-06
3.441179614392619879e+00 6.644992861432656120e-06
3.447525613785069609e+00 6.558494154817217117e-06
3.453883316056412411e+00 6.473171131061258813e-06
3.460252742788342495e+00 6.388987425476950449e-06
3.466633915602340466e+00 6.305907943595059876e-06
3.473026856159768361e+00 6.223898823526916643e-06
3.479431586161937151e+00 6.142927399885315506e-06
3.485848127350165360e+00 6.062962169187817382e-06
3.492276501505880759e+00 5.983972756668999823e-06
3.498716730450663892e+00 5.905929884432711918e-06
3.505168836046349323e+00 5.828805340876113590e-06
3.511632840195086480e+00 5.752571951322506303e-06
3.518108764839405378e+00 5.677203549800630468e-06
3.524596631962314319e+00 5.602674951911542164e-06
3.531096463587348300e+00 5.528961928726929483e-06
3.537608281778665820e+00 5.456041181663785132e-06
3.544132108641116830e+00 5.383890318283996654e-06
3.550667966320302238e+00 5.312487828968703151e-06
3.557215877002679161e+00 5.241813064418670071e-06
3.563775862915603998e+00 5.171846213935814712e-06
3.570347946327433686e+00 5.102568284440298531e-06
3.576932149547592310e+00 5.033961080181466492e-06
3.583528494926633723e+00 4.966007183101669241e-06
3.590137004856344127e+00 4.898689933813085569e-06
3.596757701769788262e+00 4.831993413150885577e-06
3.603390608141412432e+00 4.765902424265465081e-06
3.610035746487107122e+00 4.700402475219889443e-06
3.616693139364276277e+00 4.635479762058759507e-06
3.623362809371935445e+00 4.571121152316299701e-06
3.630044779150761958e+00 4.507314168933796826e-06
3.636739071383197075e+00 4.444046974555853164e-06
3.643445708793511262e+00 4.381308356178422528e-06
3.650164714147869915e+00 4.319087710120924504e-06
3.656896110254438170e+00 4.257375027296841250e-06
3.663639919963426195e+00 4.196160878758466670e-06
3.670396166167195773e+00 4.135436401491824227e-06
3.677164871800324697e+00 4.075193284439790682e-06
3.683946059839672937e+00 4.015423754732105087e-06
3.690739753304489668e+00 3.956120564101431950e-06
3.697545975256459005e+00 3.897276975467396969e-06
3.704364748799803930e+00 3.838886749669209284e-06
3.711196097081356893e+00 3.780944132330669891e-06
3.718040043290623320e+00 3.723443840841211715e-06
3.724896610659888641e+00 3.666381051437293186e-06
3.731765822464267135e+00 3.609751386371070085e-06
3.738647702021806296e+00 3.553550901151949068e-06
3.745542272693555663e+00 3.497776071849917848e-06
3.752449557883634768e+00 3.442423782448788064e-06
3.759369581039333053e+00 3.387491312239031429e-06
3.766302365651181816e+00 3.332976323241192083e-06
3.773247935253020380e+00 3.278876847651342542e-06
3.780206313422101783e+00 3.225191275300662666e-06
3.787177523779144295e+00 3.171918341123407202e-06
3.794161589988437555e+00 3.119057112626558514e-06
3.801158535757910961e+00 3.066606977357255840e-06
3.808168384839202947e+00 3.014567630363688849e-06
3.815191161027768896e+00 2.962939061646262597e-06
3.822226888162930880e+00 2.911721543597500762e-06
3.829275590127985129e+00 2.860915618428618693e-06
3.836337290850271753e+00 2.810522538461081794e-06
3.843412014301244906e+00 2.760551318973552243e-06
3.850499784496580702e+00 2.711016827333625225e-06
3.857600625496228286e+00 2.661933327042611011e-06
3.864714561404516857e+00 2.613314287891680775e-06
3.871841616370228945e+00 2.565172397476066980e-06
3.878981814586668353e+00 2.517519573408444998e-06
3.886135180291769853e+00 2.470366976181766230e-06
3.893301737768150694e+00 2.423725022633512994e-06
3.900481511343220742e+00 2.377603399963075247e-06
3.907674525389252640e+00 2.332011080255866454e-06
3.914880804323453312e+00 2.286956335467962389e-06
3.922100372608073204e+00 2.242446752826456071e-06
3.929333254750459137e+00 2.198489250602159078e-06
3.936579475303165321e+00 2.155090094211478908e-06
3.943839058864023084e+00 2.112254912606765708e-06
3.951112030076214143e+00 2.069988714914610946e-06
3.958398413628381629e+00 2.028295907283288687e-06
3.965698234254681598e+00 1.987180309902195379e-06
3.973011516734894943e+00 1.946645174156595528e-06
3.980338285894500672e+00 1.906693199883389606e-06
3.987678566604746067e+00 1.867326552694291379e-06
3.995032383782762153e+00 1.828546881334159435e-06
4.002399762391612548e+00 1.790355335044455165e-06
4.009780727440409365e+00 1.752752580901938374e-06
4.017175303984384271e+00 1.715738821105319912e-06
4.024583517124963095e+00 1.679313810183328500e-06
4.032005392009876843e+00 1.643476872098818231e-06
4.039440953833216774e+00 1.608226917225997319e-06
4.046890227835548082e+00 1.573562459177675897e-06
4.054353239303982726e+00 1.539481631462322447e-06
4.061830013572252263e+00 1.505982203950942489e-06
4.069320576020825087e+00 1.473061599135473669e-06
4.076824952076957054e+00 1.440716908161974888e-06
4.084343167214807835e+00 1.408944906622511430e-06
4.091875246955514633e+00 1.377742070091454669e-06
4.099421216867267681e+00 1.347104589392828056e-06
4.106981102565424813e+00 1.317028385586320017e-06
4.114554929712563869e+00 1.287509124661339626e-06
4.122142724018601712e+00 1.258542231928644451e-06
4.129744511240867944e+00 1.230122906101201339e-06
4.137360317184178626e+00 1.202246133056113455e-06
4.144990167700956185e+00 1.174906699270718526e-06
4.152634088691278258e+00 1.148099204927305136e-06
4.160292106103002041e+00 1.121818076680982228e-06
4.167964245931832679e+00 1.096057580087002822e-06
4.175650534221404975e+00 1.070811831684153609e-06
4.183350997063392640e+00 1.046074810731555173e-06
4.191065660597587339e+00 1.021840370597480963e-06
4.198794551011971521e+00 9.981022497991266989e-07
4.206537694542840988e+00 9.748540826928702593e-07
4.214295117474855523e+00 9.520894098157768734e-07
4.222066846141161456e+00 9.298016878789529136e-07
4.229852906923468048e+00 9.079842994146683002e-07
4.237653326252120323e+00 8.866305620792276696e-07
4.245468130606224300e+00 8.657337376141485579e-07
4.253297346513697619e+00 8.452870404690911643e-07
4.261141000551393887e+00 8.252836460896704347e-07
4.268999119345177284e+00 8.057166988746075530e-07
4.276871729569998948e+00 7.865793198062921029e-07
4.284758857950023092e+00 7.678646137595224262e-07
4.292660531258676748e+00 7.495656764936558766e-07
4.300576776318774996e+00 7.316756013332947875e-07
4.308507620002596461e+00 7.141874855432760272e-07
4.316453089231965023e+00 6.970944364038255004e-07
4.324413210978367950e+00 6.803895769917880890e-07
4.332388012263013621e+00 6.640660516744979592e-07
4.340377520156954994e+00 6.481170313223791905e-07
4.348381761781169530e+00 6.325357182471575996e-07
4.356400764306632922e+00 6.173153508722389453e-07
4.364434554954446988e+00 6.024492081420300979e-07
4.372483160995896512e+00 5.879306136772376735e-07
4.380546609752568266e+00 5.737529396829433752e-07
4.388624928596438046e+00 5.599096106165764089e-07
4.396718144949942619e+00 5.463941066227924918e-07
4.404826286286106729e+00 5.331999667421977101e-07
4.412949380128605270e+00 5.203207919011813818e-07
4.421087454051879639e+00 5.077502476896579047e-07
4.429240535681223889e+00 4.954820669339003224e-07
4.437408652692864663e+00 4.835100520713644811e-07
4.445591832814082878e+00 4.718280773343688727e-07
4.453790103823275892e+00 4.604300907496193506e-07
4.462003493550081856e+00 4.493101159602019868e-07
4.470232029875458757e+00 4.384622538768871961e-07
4.478475740731769683e+00 4.278806841652805698e-07
4.486734654102904507e+00 4.175596665753352123e-07
4.495008798024342944e+00 4.074935421197095671e-07
4.503298200583278010e+00 3.976767341071829231e-07
4.511602889918701287e+00 3.881037490373942630e-07
4.519922894221480192e+00 3.787691773629638107e-07
4.528258241734490319e+00 3.696676941248749442e-07
4.536608960752672282e+00 3.607940594670493583e-07
4.544975079623157832e+00 3.521431190356828646e-07
4.553356626745358682e+00 3.437098042689867762e-07
4.561753630571041107e+00 3.354891325827102509e-07
4.570166119604461841e+00 3.274762074566853542e-07
4.578594122402423139e+00 3.196662184276131967e-07
4.587037667574404232e+00 3.120544409929890102e-07
4.595496783782643035e+00 3.046362364310899653e-07
4.603971499742223195e+00 2.974070515417093440e-07
4.612461844221197538e+00 2.903624183121645138e-07
4.620967846040656468e+00 2.834979535130807880e-07
4.629489534074852308e+00 2.768093582281334506e-07
4.638026937251285453e+00 2.702924173219734226e-07
4.646580084550787859e+00 2.639429988502943839e-07
4.655149005007651830e+00 2.577570534158705225e-07
4.663733727709710841e+00 2.517306134743506184e-07
4.672334281798429245e+00 2.458597925933545659e-07
4.680950696469026617e+00 2.401407846683098061e-07
4.689583000970547033e+00 2.345698630983967418e-07
4.698231224605987855e+00 2.291433799257191855e-07
4.706895396732382331e+00 2.238577649408411673e-07
4.715575546760890191e+00 2.187095247575732695e-07
4.724271704156928209e+00 2.136952418598089134e-07
4.732983898440231485e+00 2.088115736231777467e-07
4.741712159184987563e+00 2.040552513139881722e-07
4.750456516019924358e+00 1.994230790680085868e-07
4.759216998628392759e+00 1.949119328513943299e-07
4.767993636748505182e+00 1.905187594059804691e-07
4.776786460173194193e+00 1.862405751811306372e-07
4.785595498750349286e+00 1.820744652541027496e-07
4.794420782382903923e+00 1.780175822409163323e-07
4.803262341028921689e+00 1.740671451995290823e-07
4.812120204701733073e+00 1.702204385270376894e-07
4.820994403469995859e+00 1.664748108526029688e-07
4.829884967457835465e+00 1.628276330808109925e-07
4.838791926844929314e+00 1.592757291365227051e-07
4.847715311866593879e+00 1.558155716149411048e-07
4.856655152813926790e+00 1.524437740915412982e-07
4.865611480033864567e+00 1.491570972400852665e-07
4.874584323929321172e+00 1.459524419827936614e-07
4.883573714959281276e+00 1.428268430027412620e-07
4.892579683638881072e+00 1.397774625973775067e-07
4.901602260539553058e+00 1.368015848533741100e-07
4.910641476289088203e+00 1.338966101242611488e-07
4.919697361571772731e+00 1.310600497933631689e-07
4.928769947128478712e+00 1.282895213056782580e-07
4.937859263756755546e+00 1.255827434532867579e-07
4.946965342310964076e+00 1.229375318997936549e-07
4.956088213702348533e+00 1.203517949302195618e-07
4.965227908899170650e+00 1.178235294134966517e-07
4.974384458926801145e+00 1.153508169655473944e-07
4.983557894867812088e+00 1.129318203015872362e-07
4.992748247862115463e+00 1.105647797669656658e-07
5.001955549107028887e+00 1.082480100365159882e-07
5.011179829857418611e+00 1.059798969728990455e-07
5.020421121425788336e+00 1.037588946350574420e-07
5.029679455182369807e+00 1.015835224283449632e-07
5.038954862555267589e+00 9.945236238839851313e-08
5.048247375030523898e+00 9.736405659129602083e-08
5.057557024152258052e+00 9.531730468292997197e-08
5.066883841522765053e+00 9.331086152096546314e-08
5.076227858802599080e+00 9.134353492310311433e-08
5.085589107710725365e+00 8.941418351571831074e-08
5.094967620024578814e+00 8.752171467732547843e-08
5.104363427580214108e+00 8.566508257156087838e-08
5.113776562272395410e+00 8.384328626474700029e-08
5.123207056054689623e+00 8.205536792333229582e-08
5.132654940939604948e+00 8.030041108678013320e-08
5.142120248998685916e+00 7.857753901173766564e-08
5.151603012362605760e+00 7.688591308354935109e-08
5.161103263221312076e+00 7.522473129138273908e-08
5.170621033824092549e+00 7.359322676349236592e-08
5.180156356479725055e+00 7.199066635928256914e-08
5.189709263556566476e+00 7.041634931509156670e-08
5.199279787482652182e+00 6.886960594074313086e-08
5.208867960745838133e+00 6.734979636410378811e-08
5.218473815893872825e+00 6.585630932106529768e-08
5.228097385534542063e+00 6.438856098848338675e-08
5.237738702335764884e+00 6.294599385779418426e-08
5.247397799025689480e+00 6.152807564714509720e-08
5.257074708392837969e+00 6.013429825000642979e-08
5.266769463286181008e+00 5.876417671838284940e-08
5.276482096615280781e+00 5.741724827882990236e-08
5.286212641350389596e+00 5.609307137962544733e-08
5.295961130522545801e+00 5.479122476754321577e-08
5.305727597223723002e+00 5.351130659276818191e-08
5.315512074606897563e+00 5.225293354062709002e-08
5.325314595886203151e+00 5.101573998886065137e-08
5.335135194337023101e+00 4.979937718929317523e-08
5.344973903296089013e+00 4.860351247281922369e-08
5.354830756161632621e+00 4.742782847670806254e-08
5.364705786393453302e+00 4.627202239333317528e-08
5.374599027513073501e+00 4.513580523946726733e-08
5.384510513103830220e+00 4.401890114539702052e-08
5.394440276810978929e+00 4.292104666315239026e-08
5.404388352341843671e+00 4.184199009321536888e-08
5.414354773465885451e+00 4.078149082915179426e-08
5.424339574014858556e+00 3.973931871963809165e-08
5.434342787882907366e+00 3.871525344744343799e-08
5.444364449026664055e+00 3.770908392495723914e-08
5.454404591465406682e+00 3.672060770590245388e-08
5.464463249281123147e+00 3.574963041294567484e-08
5.474540456618672835e+00 3.479596518091896641e-08
5.484636247685880761e+00 3.385943211544952965e-08
5.494750656753640605e+00 3.293985776680487821e-08
5.504883718156067474e+00 3.203707461880043714e-08
5.515035466290571620e+00 3.115092059266590234e-08
5.525205935618013875e+00 3.028123856576872343e-08
5.535395160662804237e+00 2.942787590514662415e-08
5.545603176013004898e+00 2.859068401580995887e-08
5.555830016320483900e+00 2.776951790379404258e-08
5.566075716300990628e+00 2.696423575398142277e-08
5.576340310734312133e+00 2.617469852269904631e-08
5.586623834464374383e+00 2.540076954513953513e-08
5.596926322399341736e+00 2.464231415764912106e-08
5.607247809511778591e+00 2.389919933493336603e-08
5.617588330838717781e+00 2.317129334225427036e-08
5.627947921481825766e+00 2.245846540267416685e-08
5.638326616607498565e+00 2.176058537942169748e-08
5.648724451446968331e+00 2.107752347344751609e-08
5.659141461296460562e+00 2.040914993622675952e-08
5.669577681517267820e+00 1.975533479788135692e-08
5.680033147535912263e+00 1.911594761065893068e-08
5.690507894844247794e+00 1.849085720782531463e-08
5.701001958999560415e+00 1.787993147799607419e-08
5.711515375624728996e+00 1.728303715492392601e-08
5.722048180408322970e+00 1.670003962275270128e-08
5.732600409104710693e+00 1.613080273672215617e-08
5.743172097534219311e+00 1.557518865929070099e-08
5.753763281583209377e+00 1.503305771163380550e-08
5.764373997204240041e+00 1.450426824043803103e-08
5.775004280416168534e+00 1.398867649990692382e-08
5.785654167304262963e+00 1.348613654885843663e-08
5.796323694020355966e+00 1.299650016277249500e-08
5.807012896782928202e+00 1.251961676063142654e-08
5.817721811877270000e+00 1.205533334635348905e-08
5.828450475655587049e+00 1.160349446461222926e-08
5.839198924537102542e+00 1.116394217079440954e-08
5.849967195008228593e+00 1.073651601482615868e-08
5.860755323622638180e+00 1.032105303857762483e-08
5.871563347001432120e+00 9.917387786515220525e-09
5.882391301833245656e+00 9.525352329259433708e-09
5.893239224874355031e+00 9.144776299670808578e-09
5.904107152948842696e+00 8.775486941060025209e-09
5.914995122948677242e+00 8.417309167103185355e-09
5.925903171833879490e+00 8.070065633005849650e-09
5.936831336632627298e+00 7.733576817448407943e-09
5.947779654441366581e+00 7.407661114815006993e-09
5.958748162424978290e+00 7.092134937189668837e-09
5.969736897816857457e+00 6.786812825588056891e-09
5.980745897919078402e+00 6.491507569866630551e-09
5.991775200102507526e+00 6.206030336743461259e-09
6.002824841806907230e+00 5.930190805344426778e-09
6.013894860541111775e+00 5.663797309675033033e-09
6.024985293883099224e+00 5.406656987413510504e-09
6.036096179480167301e+00 5.158575934401164221e-09
6.047227555049039083e+00 4.919359364208827617e-09
6.058379458375974025e+00 4.688811772146270532e-09
6.069551927316939377e+00 4.466737103078889624e-09
6.080744999797688344e+00 4.252941830908835005e-09
6.091958713813935056e+00 4.047270128092219777e-09
6.103193107431460263e+00 3.849584906505347625e-09
6.114448218786226796e+00 3.659737280974785514e-09
6.125724086084549214e+00 3.477567327035085983e-09
6.137020747603173731e+00 3.302905488043405685e-09
6.148338241689454975e+00 3.135573915641600084e-09
6.159676606761463447e+00 2.975387741528319024e-09
6.171035881308099214e+00 2.822156279148500769e-09
6.182416103889267767e+00 2.675684154510619279e-09
6.193817313135956404e+00 2.535772365892184923e-09
6.205239547750414530e+00 2.402219272689014719e-09
6.216682846506262905e+00 2.274821514115294389e-09
6.228147248248605550e+00 2.153374858858329990e-09
6.239632791894210939e+00 2.037674987142395959e-09
6.251139516431586607e+00 1.927518206964849408e-09
6.262667460921160334e+00 1.822702106525473759e-09
6.274216664495392948e+00 1.723026145093640036e-09
6.285787166358891120e+00 1.628292184737854348e-09
6.297379005788587669e+00 1.538304965486517075e-09
6.308992222133817940e+00 1.452872526602570772e-09
6.320626854816504547e+00 1.371806576730956481e-09
6.332282943331270175e+00 1.294922815733006037e-09
6.343960527245549486e+00 1.222041211044975059e-09
6.355659646199764978e+00 1.152986231400878265e-09
6.367380339907443343e+00 1.087587040742234966e-09
6.379122648155325592e+00 1.025677655099429504e-09
6.390886610803552692e+00 9.670970651763993213e-10
6.402672267785747273e+00 9.116893273049699761e-10
6.414479659109193044e+00 8.593036253547875231e-10
6.426308824854955581e+00 8.097943060978757779e-10
6.438159805177991579e+00 7.630208904299036026e-10
6.450032640307338916e+00 7.188480627468149338e-10
6.461927370546193927e+00 6.771456406694518481e-10
6.473844036272099700e+00 6.377885271958686771e-10
6.485782677937058871e+00 6.006566472494038533e-10
6.497743336067655306e+00 5.656348704754859788e-10
6.509726051265233515e+00 5.326129220256797736e-10
6.521730864205987466e+00 5.014852829550585431e-10
6.533757815641143551e+00 4.721510817459358276e-10
6.545806946397077830e+00 4.445139783624285721e-10
6.557878297375435928e+00 4.184820421332667210e-10
6.569971909553319556e+00 3.939676246568114524e-10
6.582087823983370001e+00 3.708872288233365757e-10
6.594226081793954641e+00 3.491613749531036526e-10
6.606386724189287740e+00 3.287144649585206991e-10
6.618569792449550349e+00 3.094746453511525211e-10
6.630775327931075935e+00 2.913736698322594137e-10
6.643003372066436540e+00 2.743467621283015224e-10
6.655253966364634621e+00 2.583324796592055279e-10
6.667527152411216740e+00 2.432725785594880146e-10
6.679822971868402348e+00 2.291118805080671509e-10
6.692141466475267642e+00 2.157981417634277608e-10
6.704482678047831712e+00 2.032819247459830584e-10
6.716846648479252835e+00 1.915164724583594218e-10
6.729233419739941269e+00 1.804575859881366585e-10
6.741643033877689817e+00 1.700635052943765252e-10
6.754075533017857680e+00 1.602947934404910639e-10
6.766530959363463715e+00 1.511142244005459695e-10
6.779009355195372954e+00 1.424866745337342027e-10
6.791510762872424500e+00 1.343790177931508417e-10
6.804035224831550543e+00 1.267600247088159504e-10
6.816582783587970873e+00 1.196002651617257752e-10
6.829153481735280806e+00 1.128720149454139768e-10
6.841747361945646588e+00 1.065491660930344056e-10
6.854364466969926184e+00 1.006071409324141090e-10
6.867004839637795399e+00 9.502280981757887905e-11
6.879668522857940616e+00 8.977441247335290808e-11
6.892355559618151162e+00 8.484148287966441183e-11
6.905065992985512935e+00 8.020477761350262177e-11
6.917799866106530970e+00 7.584620755953766872e-11
6.930557222207260004e+00 7.174877289462926844e-11
6.943338104593496318e+00 6.789650124691251691e-11
6.956142556650869224e+00 6.427438892675992461e-11
6.968970621845038238e+00 6.086834512433589599e-11
6.981822343721820978e+00 5.766513896693895914e-11
6.994697765907316622e+00 5.465234932839663450e-11
7.007596932108105747e+00 5.181831728259976117e-11
7.020519886111340035e+00 4.915210109373692523e-11
7.033466671784944779e+00 4.664343363661045629e-11
7.046437333077741449e+00 4.428268214189529094e-11
7.059431914019577370e+00 4.206081016287706842e-11
7.072450458721520228e+00 3.996934166230313380e-11
7.085493011375982420e+00 3.800032712037059834e-11
7.098559616256852500e+00 3.614631156739118579e-11
7.111650317719695025e+00 3.440030444745462156e-11
7.124765160201842917e+00 3.275575122232642054e-11
7.137904188222599977e+00 3.120650662777527835e-11
7.151067446383368775e+00 2.974680949765532814e-11
7.164254979367781218e+00 2.837125907417002633e-11
7.177466831941901049e+00 2.707479272590239907e-11
7.190703048954318000e+00 2.585266499838870738e-11
7.203963675336350292e+00 2.470042792511787002e-11
7.217248756102174312e+00 2.361391253000421222e-11
7.230558336348958726e+00 2.258921145543415179e-11
7.243892461257065207e+00 2.162266265301223898e-11
7.257251176090146139e+00 2.071083407711938823e-11
7.270634526195347114e+00 1.985050932425256842e-11
7.284042557003441054e+00 1.903867416396148241e-11
7.297475314028956994e+00 1.827250390991182071e-11
7.310932842870391468e+00 1.754935158224554139e-11
7.324415189210299104e+00 1.686673681499142303e-11
7.337922398815501346e+00 1.622233546470771630e-11
7.351454517537222344e+00 1.561396987894687925e-11
7.365011591311216854e+00 1.503959978539271309e-11
7.378593666157982511e+00 1.449731376471350937e-11
7.392200788182855753e+00 1.398532127228617829e-11
7.405833003576217877e+00 1.350194517593625645e-11
7.419490358613634484e+00 1.304561477878056004e-11
7.433172899655983379e+00 1.261485929808288072e-11
7.446880673149671281e+00 1.220830177278912415e-11
7.460613725626726200e+00 1.182465337409149359e-11
7.474372103705012371e+00 1.146270809495188096e-11
7.488155854088360819e+00 1.112133779605489403e-11
7.501965023566709689e+00 1.079948758709795739e-11
7.515799659016313861e+00 1.049617152371863278e-11
7.529659807399845306e+00 1.021046860168095562e-11
7.543545515766602705e+00 9.941519031195478254e-12
7.557456831252649998e+00 9.688520775462488517e-12
7.571393801080954944e+00 9.450726338671300638e-12
7.585356472561599617e+00 9.227439789794013356e-12
7.599344893091883435e+00 9.018014009574314029e-12
7.613359110156534548e+00 8.821848149121432973e-12
7.627399171327849281e+00 8.638385289508430894e-12
7.641465124265831577e+00 8.467110292716747436e-12
7.655557016718407048e+00 8.307537958290393848e-12
7.669674896521524232e+00 8.159099191016140993e-12
7.683818811599370413e+00 8.021187509510194705e-12
7.697988809964512846e+00 7.893242231808124240e-12
7.712184939718034649e+00 7.774746323295016033e-12
7.726407249049756842e+00 7.665222892174528482e-12
7.740655786238338720e+00 7.564232000627708425e-12
7.754930599651492784e+00 7.471367760623082177e-12
7.769231737746129518e+00 7.386255686575257723e-12
7.783559249068496833e+00 7.308550279916444250e-12
7.797913182254392339e+00 7.237932823198846985e-12
7.812293586029303682e+00 7.174109363617375250e-12
7.826700509208553314e+00 7.116808867863326399e-12
7.841134000697514317e+00 7.065781532022123508e-12
7.855594109491718768e+00 7.020797231837046961e-12
7.870080884677075339e+00 6.981644100092731945e-12
7.884594375430014956e+00 6.948127219156900170e-12
7.899134631017631136e+00 6.920067417860898720e-12
7.913701700797905580e+00 6.897300162926459464e-12
7.928295634219811205e+00 6.879674536060913843e-12
7.942916480823533298e+00 6.867052288666538340e-12
7.957564290240619620e+00 6.859306966842911115e-12
7.972239112194118071e+00 6.856323100023590584e-12
7.986940996498804957e+00 6.857995447179736444e-12
8.001669993061289787e+00 6.864228295054987427e-12
8.016426151880242656e+00 6.874934803375524568e-12
8.031209523046536347e+00 6.890036392407000514e-12
8.046020156743393770e+00 6.909462168620029412e-12
8.060858103246614448e+00 6.933148384572658780e-12
8.075723412924682876e+00 6.961037929433832685e-12
8.090616136238988787e+00 6.993079846856076162e-12
8.105536323743987026e+00 7.029228877163232888e-12
8.120484026087332552e+00 7.069445021050188228e-12
8.135459294010114917e+00 7.113693122205586325e-12
8.150462178346966624e+00 7.161942466457504967e-12
8.165492730026283397e+00 7.214166395220852220e-12
8.180551000070391154e+00 7.270341931182666773e-12
8.195637039595672135e+00 7.330449414310130679e-12
8.210750899812815362e+00 7.394472146402174416e-12
8.225892632026912565e+00 7.462396042530115924e-12
8.241062287637690886e+00 7.534209287831535500e-12
8.256259918139672749e+00 7.609901998229253554e-12
8.271485575122310863e+00 7.689465883753398909e-12
8.286739310270235137e+00 7.772893913241700552e-12
8.302021175363353933e+00 7.860179979287314801e-12
8.317331222277084990e+00 7.951318562396816154e-12
8.332669502982520626e+00 8.046304393407703198e-12
8.348036069546560967e+00 8.145132113303915811e-12
8.363430974132160856e+00 8.247795929655595969e-12
8.378854268998441768e+00 8.354289268993536957e-12
8.394306006500915629e+00 8.464604424519959211e-12
8.409786239091650017e+00 8.578732198643205082e-12
8.425295019319413825e+00 8.696661539916186796e-12
8.440832399829918842e+00 8.818379174052515258e-12
8.456398433365926337e+00 8.943869228786521332e-12
8.471993172767488645e+00 9.073112852448118095e-12
8.487616670972103705e+00 9.206087826220560692e-12
8.503268981014864281e+00 9.342768170159582544e-12
8.518950156028706644e+00 9.483123743163461521e-12
8.534660249244513608e+00 9.627119837195153435e-12
8.550399313991356109e+00 9.774716766183306752e-12
8.566167403696654858e+00 9.925869450148068640e-12
8.581964571886333104e+00 1.008052699522981859e-11
8.597790872185054667e+00 1.023863227043374135e-11
8.613646358316339402e+00 1.040012148203717197e-11
8.629531084102810112e+00 1.056492374675438473e-11
8.645445103466345316e+00 1.073296066489570642e-11
8.661388470428230235e+00 1.090414589490942852e-11
8.677361239109409041e+00 1.107838473084922938e-11
8.693363463730623408e+00 1.125557368446071505e-11
8.709395198612583044e+00 1.143560007374243375e-11
8.725456498176209053e+00 1.161834161999140774e-11
8.741547416942742288e+00 1.180366605549994699e-11
8.757668009533997378e+00 1.199143074422979238e-11
8.773818330672520815e+00 1.218148231793972473e-11
8.789998435181743730e+00 1.237365633039369410e-11
8.806208377986237679e+00 1.256777693242482996e-11
8.822448214111826559e+00 1.276365657076017733e-11
8.838717998685837074e+00 1.296109571365096540e-11
8.855017786937253277e+00 1.315988260646299452e-11
8.871347634196890652e+00 1.335979306049519623e-11
8.887707595897627044e+00 1.356059027838451957e-11
8.904097727574541210e+00 1.376202471953310301e-11
8.920518084865145525e+00 1.396383400905254928e-11
8.936968723509556511e+00 1.416574289375785219e-11
8.953449699350660040e+00 1.436746324876084357e-11
8.969961068334356469e+00 1.456869413820202164e-11
8.986502886509681431e+00 1.476912193362456380e-11
9.003075210029059861e+00 1.496842049343092299e-11
9.019678095148471186e+00 1.516625140676206451e-11
9.036311598227610986e+00 1.536226430501243428e-11
9.052975775730145003e+00 1.555609724403062521e-11
9.069670684223828161e+00 1.574737715984716864e-11
9.086396380380763915e+00 1.593572040054004242e-11
9.103152920977564122e+00 1.612073333655991774e-11
9.119940362895519570e+00 1.630201305152163273e-11
9.136758763120852223e+00 1.647914811510572701e-11
9.153608178744839563e+00 1.665171943930679483e-11
9.170488666964068614e+00 1.681930121882460512e-11
9.187400285080604689e+00 1.698146195590161190e-11
9.204343090502161928e+00 1.713776556938699981e-11
9.221317140742353757e+00 1.728777258723979499e-11
9.238322493420822568e+00 1.743104142107711940e-11
9.255359206263497285e+00 1.756712972074124803e-11
9.272427337102756795e+00 1.769559580618254000e-11
9.289526943877611131e+00 1.781600017326299353e-11
9.306658084633946615e+00 1.792790706936231582e-11
9.323820817524660853e+00 1.803088613392607520e-11
9.341015200809920316e+00 1.812451409834623919e-11
9.358241292857330862e+00 1.820837653880135991e-11
9.375499152142110049e+00 1.828206967492291113e-11
9.392788837247346478e+00 1.834520220640106556e-11
9.410110406864125920e+00 1.839739717890234402e-11
9.427463919791801317e+00 1.843829386995350154e-11
9.444849434938152655e+00 1.846754968476181389e-11
9.462267011319571708e+00 1.848484205129035874e-11
9.479716708061317831e+00 1.848987030331501519e-11
9.497198584397649412e+00 1.848235753964337826e-11
9.514712699672090324e+00 1.846205244720792684e-11
9.532259113337600454e+00 1.842873107534558680e-11
9.549837884956749789e+00 1.838219854826599330e-11
9.567449074201988424e+00 1.832229070249230031e-11
9.585092740855774451e+00 1.824887563594285107e-11
9.602768944810836871e+00 1.816185515531296648e-11
9.620477746070362102e+00 1.806116610852847248e-11
9.638219204748152080e+00 1.794680023665724670e-11
9.655993381068904924e+00 1.781899955777955495e-11
9.673800335368376579e+00 1.767817270828595779e-11
9.691640128093560236e+00 1.752475561736211395e-11
9.709512819802963435e+00 1.735920718229887763e-11
9.727418471166730640e+00 1.718200717601518184e-11
9.745357142966922126e+00 1.699365412284385635e-11
9.763328896097682730e+00 1.679466315456043054e-11
9.781333791565431923e+00 1.658556385832716024e-11
9.799371890489128489e+00 1.636689812786265500e-11
9.817443254100403749e+00 1.613921802871705123e-11
9.835547943743838673e+00 1.590308368803903402e-11
9.853686020877143292e+00 1.565906121868186283e-11
9.871857547071332561e+00 1.540772068690895976e-11
9.890062584011003466e+00 1.514963413232622751e-11
9.908301193494475356e+00 1.488537364802229163e-11
9.926573437434054625e+00 1.461550952819906480e-11
9.944879377856226554e+00 1.434060848988447914e-11
9.963219076901829396e+00 1.406123197459652386e-11
9.981592596826340369e+00 1.377793453510455788e-11
1.000000000000000000e+01 1.349126231171901845e-11
