1.000000000000000000e+00 1.140489189441806252e-02
1.001382782584698150e+00 1.136871064917402765e-02
1.002767477257072715e+00 1.133263943147676776e-02
1.004154086661125600e+00 1.129667792366248827e-02
1.005542613444514011e+00 1.126082580892597863e-02
1.006933060258556889e+00 1.122508277131834681e-02
1.008325429758239133e+00 1.118944849574503644e-02
1.009719724602217150e+00 1.115392266796363420e-02
1.011115947452823294e+00 1.111850497474113804e-02
1.012514100976071640e+00 1.108319510500394359e-02
1.013914187841662651e+00 1.104799274915150079e-02
1.015316210722988277e+00 1.101289759840477778e-02
1.016720172297137736e+00 1.097790934479978865e-02
1.018126075244901507e+00 1.094302768118571821e-02
1.019533922250777325e+00 1.090825230122303979e-02
1.020943716002974622e+00 1.087358289938161575e-02
1.022355459193420524e+00 1.083901917093886211e-02
1.023769154517764068e+00 1.080456081197784038e-02
1.025184804675382422e+00 1.077020751938542048e-02
1.026602412369384654e+00 1.073595899085040897e-02
1.028021980306618177e+00 1.070181492486167729e-02
1.029443511197672967e+00 1.066777502070633162e-02
1.030867007756887554e+00 1.063383897846782201e-02
1.032292472702353692e+00 1.060000649902414528e-02
1.033719908755921457e+00 1.056627728404594367e-02
1.035149318643205030e+00 1.053265103599467650e-02
1.036580705093586907e+00 1.049912745812084207e-02
1.038014070840224345e+00 1.046570625446203474e-02
1.039449418620053800e+00 1.043238712984120159e-02
1.040886751173796254e+00 1.039916978986476018e-02
1.042326071245962327e+00 1.036605394092081182e-02
1.043767381584858045e+00 1.033303929017726809e-02
1.045210684942589507e+00 1.030012554558009004e-02
1.046655984075068657e+00 1.026731241585141646e-02
1.048103281742017723e+00 1.023459961048781355e-02
1.049552580706975435e+00 1.020198683975840834e-02
1.051003883737302136e+00 1.016947381470308109e-02
1.052457193604183994e+00 1.013706024713072716e-02
1.053912513082640334e+00 1.010474584961737823e-02
1.055369844951526304e+00 1.007253033550447978e-02
1.056829191993540862e+00 1.004041341889703141e-02
1.058290556995230114e+00 1.000839481466182096e-02
1.059753942746993527e+00 9.976474238425687979e-03
1.061219352043089259e+00 9.944651406573634667e-03
1.062686787681639045e+00 9.912926036247157041e-03
1.064156252464633967e+00 9.881297845342397468e-03
1.065627749197939789e+00 9.849766552508394321e-03
1.067101280691301834e+00 9.818331877145305628e-03
1.068576849758350766e+00 9.786993539402660466e-03
1.070054459216608134e+00 9.755751260177575671e-03
1.071534111887491481e+00 9.724604761112984677e-03
1.073015810596319453e+00 9.693553764595940966e-03
1.074499558172317792e+00 9.662597993755767112e-03
1.075985357448624224e+00 9.631737172462394650e-03
1.077473211262294450e+00 9.600971025324577315e-03
1.078963122454306589e+00 9.570299277688133766e-03
1.080455093869568062e+00 9.539721655634235409e-03
1.081949128356919143e+00 9.509237885977664742e-03
1.083445228769140511e+00 9.478847696265058076e-03
1.084943397962956579e+00 9.448550814773207240e-03
1.086443638799043043e+00 9.418346970507295371e-03
1.087945954142030436e+00 9.388235893199212492e-03
1.089450346860510788e+00 9.358217313305784366e-03
1.090956819827042956e+00 9.328290962007131440e-03
1.092465375918157289e+00 9.298456571204875148e-03
1.093976018014362728e+00 9.268713873520453492e-03
1.095488749000150364e+00 9.239062602293434887e-03
1.097003571764000540e+00 9.209502491579790381e-03
1.098520489198387295e+00 9.180033276150197097e-03
1.100039504199785023e+00 9.150654691488336462e-03
1.101560619668672247e+00 9.121366473789220206e-03
1.103083838509539394e+00 9.092168359957455634e-03
1.104609163630892343e+00 9.063060087605597642e-03
1.106136597945259092e+00 9.034041395052440013e-03
1.107666144369195083e+00 9.005112021321353549e-03
1.109197805823288530e+00 8.976271706138575640e-03
1.110731585232166196e+00 8.947520189931565740e-03
1.112267485524499389e+00 8.918857213827308811e-03
1.113805509633008617e+00 8.890282519650653456e-03
1.115345660494470037e+00 8.861795849922663934e-03
1.116887941049720334e+00 8.833396947858928802e-03
1.118432354243663385e+00 8.805085557367912930e-03
1.119978903025274475e+00 8.776861423049297367e-03
1.121527590347606962e+00 8.748724290192333095e-03
1.123078419167798270e+00 8.720673904774173951e-03
1.124631392447073663e+00 8.692710013458270282e-03
1.126186513150754243e+00 8.664832363592658501e-03
1.127743784248261161e+00 8.637040703208375553e-03
1.129303208713121176e+00 8.609334781017802252e-03
1.130864789522973313e+00 8.581714346413027439e-03
1.132428529659573968e+00 8.554179149464205198e-03
1.133994432108802464e+00 8.526728940917960645e-03
1.135562499860667263e+00 8.499363472195708979e-03
1.137132735909310854e+00 8.472082495392097706e-03
1.138705143253016416e+00 8.444885763273343032e-03
1.140279724894212698e+00 8.417773029275628718e-03
1.141856483839480907e+00 8.390744047503492786e-03
1.143435423099558701e+00 8.363798572728210756e-03
1.145016545689347742e+00 8.336936360386194497e-03
1.146599854627918136e+00 8.310157166577403220e-03
1.148185352938515091e+00 8.283460748063712839e-03
1.149773043648563808e+00 8.256846862267347778e-03
1.151362929789676359e+00 8.230315267269267682e-03
1.152955014397656575e+00 8.203865721807580141e-03
1.154549300512506038e+00 8.177497985275965567e-03
1.156145791178430082e+00 8.151211817722065628e-03
1.157744489443843783e+00 8.125006979845946289e-03
1.159345398361376844e+00 8.098883232998470641e-03
1.160948520987880928e+00 8.072840339179735911e-03
1.162553860384433868e+00 8.046878061037548643e-03
1.164161419616347226e+00 8.020996161865766305e-03
1.165771201753170061e+00 7.995194405602814094e-03
1.167383209868696925e+00 7.969472556830088997e-03
1.168997447040972304e+00 7.943830380770381186e-03
1.170613916352297279e+00 7.918267643286343999e-03
1.172232620889234411e+00 7.892784110878948295e-03
1.173853563742615069e+00 7.867379550685889983e-03
1.175476748007544092e+00 7.842053730480073870e-03
1.177102176783406673e+00 7.816806418668071493e-03
1.178729853173873021e+00 7.791637384288561605e-03
1.180359780286905469e+00 7.766546397010808817e-03
1.181991961234764243e+00 7.741533227133119699e-03
1.183626399134013019e+00 7.716597645581285865e-03
1.185263097105524466e+00 7.691739423907115528e-03
1.186902058274487359e+00 7.666958334286843625e-03
1.188543285770411684e+00 7.642254149519653837e-03
1.190186782727134851e+00 7.617626643026125140e-03
1.191832552282827695e+00 7.593075588846731269e-03
1.193480597580000691e+00 7.568600761640332381e-03
1.195130921765509502e+00 7.544201936682653695e-03
1.196783527990560980e+00 7.519878889864765881e-03
1.198438419410720046e+00 7.495631397691614010e-03
1.200095599185914352e+00 7.471459237280484063e-03
1.201755070480441390e+00 7.447362186359504123e-03
1.203416836462974482e+00 7.423340023266178540e-03
1.205080900306567893e+00 7.399392526945862240e-03
1.206747265188664153e+00 7.375519476950277535e-03
1.208415934291099170e+00 7.351720653436050017e-03
1.210086910800108662e+00 7.327995837163188940e-03
1.211760197906334158e+00 7.304344809493640463e-03
1.213435798804829435e+00 7.280767352389761957e-03
1.215113716695065849e+00 7.257263248412923820e-03
1.216793954780939657e+00 7.233832280721940421e-03
1.218476516270776688e+00 7.210474233071690123e-03
1.220161404377339665e+00 7.187188889796489698e-03
1.221848622317833311e+00 7.163976035511920512e-03
1.223538173313911903e+00 7.140835455136202922e-03
1.225230060591683712e+00 7.117766934174317092e-03
1.226924287381718548e+00 7.094770258728038369e-03
1.228620856919053095e+00 7.071845215494410725e-03
1.230319772443197568e+00 7.048991591764244488e-03
1.232021037198141711e+00 7.026209175420605399e-03
1.233724654432361012e+00 7.003497754937301929e-03
1.235430627398822923e+00 6.980857119377402095e-03
1.237138959354992629e+00 6.958287058391733788e-03
1.238849653562840381e+00 6.935787362217360821e-03
1.240562713288846375e+00 6.913357821676122290e-03
1.242278141804007863e+00 6.890998228173142448e-03
1.243995942383845588e+00 6.868708373695318024e-03
1.245716118308409115e+00 6.846488050809883610e-03
1.247438672862283715e+00 6.824337052662880765e-03
1.249163609334596803e+00 6.802255172977722530e-03
1.250890931019023267e+00 6.780242206053715449e-03
1.252620641213793240e+00 6.758297946764565099e-03
1.254352743221696986e+00 6.736422190556944946e-03
1.256087240350092227e+00 6.714614733449000145e-03
1.257824135910909913e+00 6.692875372028932006e-03
1.259563433220660444e+00 6.671203903453500061e-03
1.261305135600440552e+00 6.649600125446586581e-03
1.263049246375939072e+00 6.628063836297759352e-03
1.264795768877443827e+00 6.606594834860803241e-03
1.266544706439847401e+00 6.585192920552303784e-03
1.268296062402654023e+00 6.563857893350165743e-03
1.270049840109985562e+00 6.542589553792235724e-03
1.271806042910588408e+00 6.521387702974817263e-03
1.273564674157839027e+00 6.500252142551268299e-03
1.275325737209751287e+00 6.479182674730557014e-03
1.277089235428982006e+00 6.458179102275863649e-03
1.278855172182838729e+00 6.437241228503124205e-03
1.280623550843284164e+00 6.416368857279659138e-03
1.282394374786944624e+00 6.395561793022711862e-03
1.284167647395114908e+00 6.374819840698064434e-03
1.285943372053765632e+00 6.354142805818640237e-03
1.287721552153549442e+00 6.333530494443064159e-03
1.289502191089807903e+00 6.312982713174282619e-03
1.291285292262576823e+00 6.292499269158184465e-03
1.293070859076594470e+00 6.272079970082156813e-03
1.294858894941306238e+00 6.251724624173742376e-03
1.296649403270872414e+00 6.231433040199219585e-03
1.298442387484174620e+00 6.211205027462218288e-03
1.300237851004821588e+00 6.191040395802373600e-03
1.302035797261156258e+00 6.170938955593880011e-03
1.303836229686262671e+00 6.150900517744185142e-03
1.305639151717971291e+00 6.130924893692560329e-03
1.307444566798866781e+00 6.111011895408757950e-03
1.309252478376294659e+00 6.091161335391647932e-03
1.311062889902366191e+00 6.071373026667844716e-03
1.312875804833967042e+00 6.051646782790338561e-03
1.314691226632763055e+00 6.031982417837148530e-03
1.316509158765206244e+00 6.012379746409969410e-03
1.318329604702542346e+00 5.992838583632798671e-03
1.320152567920817033e+00 5.973358745150619820e-03
1.321978051900882356e+00 5.953940047128034561e-03
1.323806060128404072e+00 5.934582306247927937e-03
1.325636596093867414e+00 5.915285339710121305e-03
1.327469663292584645e+00 5.896048965230032274e-03
1.329305265224700605e+00 5.876873001037368448e-03
1.331143405395200929e+00 5.857757265874761338e-03
1.332984087313917154e+00 5.838701578996460979e-03
1.334827314495534489e+00 5.819705760167006268e-03
1.336673090459598257e+00 5.800769629659882284e-03
1.338521418730520329e+00 5.781893008256253075e-03
1.340372302837586460e+00 5.763075717243584285e-03
1.342225746314961832e+00 5.744317578414374209e-03
1.344081752701699717e+00 5.725618414064824122e-03
1.345940325541746141e+00 5.706978046993536370e-03
1.347801468383948098e+00 5.688396300500216801e-03
1.349665184782059990e+00 5.669872998384352034e-03
1.351531478294750066e+00 5.651407964943949182e-03
1.353400352485607305e+00 5.633001024974199251e-03
1.355271810923148745e+00 5.614652003766209057e-03
1.357145857180825477e+00 5.596360727105721862e-03
1.359022494837030415e+00 5.578127021271792052e-03
1.360901727475104073e+00 5.559950713035543071e-03
1.362783558683342111e+00 5.541831629658872452e-03
1.364667992055002443e+00 5.523769598893166384e-03
1.366555031188311009e+00 5.505764448978030766e-03
1.368444679686469767e+00 5.487816008640018783e-03
1.370336941157663135e+00 5.469924107091377573e-03
1.372231819215064430e+00 5.452088574028748913e-03
1.374129317476843637e+00 5.434309239631938439e-03
1.376029439566173629e+00 5.416585934562638018e-03
1.377932189111237715e+00 5.398918489963186289e-03
1.379837569745235637e+00 5.381306737455284102e-03
1.381745585106391561e+00 5.363750509138770668e-03
1.383656238837960073e+00 5.346249637590365887e-03
1.385569534588234175e+00 5.328803955862429151e-03
1.387485476010551055e+00 5.311413297481691262e-03
1.389404066763300083e+00 5.294077496448062678e-03
1.391325310509929025e+00 5.276796387233356755e-03
1.393249210918952041e+00 5.259569804780063300e-03
1.395175771663955011e+00 5.242397584500126453e-03
1.397104996423604639e+00 5.225279562273712174e-03
1.399036888881654006e+00 5.208215574447983519e-03
1.400971452726949895e+00 5.191205457835862055e-03
1.402908691653439899e+00 5.174249049714838705e-03
1.404848609360179745e+00 5.157346187825741224e-03
1.406791209551340405e+00 5.140496710371510354e-03
1.408736495936214528e+00 5.123700456015979447e-03
1.410684472229223774e+00 5.106957263882721740e-03
1.412635142149926359e+00 5.090266973553765791e-03
1.414588509423023721e+00 5.073629425068452298e-03
1.416544577778368064e+00 5.057044458922208517e-03
1.418503350950968578e+00 5.040511916065353905e-03
1.420464832680999434e+00 5.024031637901908362e-03
1.422429026713806888e+00 5.007603466288388337e-03
1.424395936799915940e+00 4.991227243532636755e-03
1.426365566695037446e+00 4.974902812392625190e-03
1.428337920160076546e+00 4.958630016075257774e-03
1.430313000961137782e+00 4.942408698235228014e-03
1.432290812869534191e+00 4.926238702973793210e-03
1.434271359661793310e+00 4.910119874837633874e-03
1.436254645119664941e+00 4.894052058817654170e-03
1.438240673030128036e+00 4.878035100347851739e-03
1.440229447185398692e+00 4.862068845304096457e-03
1.442220971382936145e+00 4.846153140003008064e-03
1.444215249425450764e+00 4.830287831200780028e-03
1.446212285120911600e+00 4.814472766092015542e-03
1.448212082282553492e+00 4.798707792308567859e-03
1.450214644728883062e+00 4.782992757918410991e-03
1.452219976283688485e+00 4.767327511424455759e-03
1.454228080776044152e+00 4.751711901763426560e-03
1.456238962040320217e+00 4.736145778304693896e-03
1.458252623916188595e+00 4.720628990849158949e-03
1.460269070248630063e+00 4.705161389628086110e-03
1.462288304887943147e+00 4.689742825301962403e-03
1.464310331689749889e+00 4.674373148959412409e-03
1.466335154515004069e+00 4.659052212115990035e-03
1.468362777229998084e+00 4.643779866713108190e-03
1.470393203706370722e+00 4.628555965116888660e-03
1.472426437821114265e+00 4.613380360117036276e-03
1.474462483456582484e+00 4.598252904925724353e-03
1.476501344500497082e+00 4.583173453176460181e-03
1.478543024845955678e+00 4.568141858922995617e-03
1.480587528391439367e+00 4.553157976638190843e-03
1.482634859040820485e+00 4.538221661212894602e-03
1.484685020703368385e+00 4.523332767954870402e-03
1.486738017293759206e+00 4.508491152587662011e-03
1.488793852732081646e+00 4.493696671249491036e-03
1.490852530943845178e+00 4.478949180492168385e-03
1.492914055859987377e+00 4.464248537279988382e-03
1.494978431416881692e+00 4.449594598988633291e-03
1.497045661556344109e+00 4.434987223404077833e-03
1.499115750225642252e+00 4.420426268721507589e-03
1.501188701377500934e+00 4.405911593544213113e-03
1.503264518970111263e+00 4.391443056882534356e-03
1.505343206967137748e+00 4.377020518152741763e-03
1.507424769337725401e+00 4.362643837175974627e-03
1.509509210056508399e+00 4.348312874177173368e-03
1.511596533103615858e+00 4.334027489783986650e-03
1.513686742464681600e+00 4.319787545025698464e-03
1.515779842130850152e+00 4.305592901332162999e-03
1.517875836098785181e+00 4.291443420532757742e-03
1.519974728370676598e+00 4.277338964855268051e-03
1.522076522954248778e+00 4.263279396924877541e-03
1.524181223862767887e+00 4.249264579763076081e-03
1.526288835115049203e+00 4.235294376786602477e-03
1.528399360735465562e+00 4.221368651804916980e-03
1.530512804753954237e+00 4.207487269017040621e-03
1.532629171206025376e+00 4.193650093013625603e-03
1.534748464132769552e+00 4.179856988776440956e-03
1.536870687580864425e+00 4.166107821677368997e-03
1.538995845602584289e+00 4.152402457477277764e-03
1.541123942255806289e+00 4.138740762325083394e-03
1.543254981604018861e+00 4.125122602756609545e-03
1.545388967716329498e+00 4.111547845693637633e-03
1.547525904667472307e+00 4.098016358442820896e-03
1.549665796537815776e+00 4.084528008694670448e-03
1.551808647413370545e+00 4.071082664522538731e-03
1.553954461385797625e+00 4.057680194381552662e-03
1.556103242552415944e+00 4.044320467107648254e-03
1.558254995016209676e+00 4.031003351916502032e-03
1.560409722885836903e+00 4.017728718402543975e-03
1.562567430275637159e+00 4.004496436537908870e-03
1.564728121305638764e+00 3.991306376671451862e-03
1.566891800101567478e+00 3.978158409527725835e-03
1.569058470794854276e+00 3.965052406205970929e-03
1.571228137522642454e+00 3.951988238179115348e-03
1.573400804427796507e+00 3.938965777292754468e-03
1.575576475658909237e+00 3.925984895764170722e-03
1.577755155370310414e+00 3.913045466181317052e-03
1.579936847722074100e+00 3.900147361501843726e-03
1.582121556880027091e+00 3.887290455052054474e-03
1.584309287015756240e+00 3.874474620525975369e-03
1.586500042306617120e+00 3.861699731984337414e-03
1.588693826935741571e+00 3.848965663853566935e-03
1.590890645092045697e+00 3.836272290924843623e-03
1.593090500970238077e+00 3.823619488353078785e-03
1.595293398770827764e+00 3.811007131655975121e-03
1.597499342700132052e+00 3.798435096713001068e-03
1.599708336970284472e+00 3.785903259764465765e-03
1.601920385799243229e+00 3.773411497410501195e-03
1.604135493410799418e+00 3.760959686610120239e-03
1.606353664034583906e+00 3.748547704680239585e-03
1.608574901906077104e+00 3.736175429294714360e-03
1.610799211266615183e+00 3.723842738483364948e-03
1.613026596363400067e+00 3.711549510631038506e-03
1.615257061449506315e+00 3.699295624476616699e-03
1.617490610783889338e+00 3.687080959112092830e-03
1.619727248631394056e+00 3.674905393981589552e-03
1.621966979262762454e+00 3.662768808880438164e-03
1.624209806954642454e+00 3.650671083954182446e-03
1.626455735989595253e+00 3.638612099697681804e-03
1.628704770656104195e+00 3.626591736954122916e-03
1.630956915248582106e+00 3.614609876914114204e-03
1.633212174067380840e+00 3.602666401114712653e-03
1.635470551418798157e+00 3.590761191438509616e-03
1.637732051615086615e+00 3.578894130112679310e-03
1.639996678974461775e+00 3.567065099708041642e-03
1.642264437821110645e+00 3.555273983138163181e-03
1.644535332485198564e+00 3.543520663658378343e-03
1.646809367302879856e+00 3.531805024864905981e-03
1.649086546616304050e+00 3.520126950693893992e-03
1.651366874773624982e+00 3.508486325420515518e-03
1.653650356129009458e+00 3.496883033658039572e-03
1.655936995042644355e+00 3.485316960356919444e-03
1.658226795880746618e+00 3.473787990803868953e-03
1.660519763015570360e+00 3.462296010620949122e-03
1.662815900825415305e+00 3.450840905764672190e-03
1.665115213694635887e+00 3.439422562525067898e-03
1.667417706013648582e+00 3.428040867524795744e-03
1.669723382178941673e+00 3.416695707718231650e-03
1.672032246593081917e+00 3.405386970390567643e-03
1.674344303664724531e+00 3.394114543156911534e-03
1.676659557808620526e+00 3.382878313961395263e-03
1.678978013445626027e+00 3.371678171076258543e-03
1.681299675002709604e+00 3.360514003100972813e-03
1.683624546912962039e+00 3.349385698961357405e-03
1.685952633615603435e+00 3.338293147908667075e-03
1.688283939555992985e+00 3.327236239518713799e-03
1.690618469185636741e+00 3.316214863690989442e-03
1.692956226962195609e+00 3.305228910647784943e-03
1.695297217349495122e+00 3.294278270933280895e-03
1.697641444817533207e+00 3.283362835412711404e-03
1.699988913842488625e+00 3.272482495271461164e-03
1.702339628906729851e+00 3.261637142014188560e-03
1.704693594498823517e+00 3.250826667463962202e-03
1.707050815113542841e+00 3.240050963761402242e-03
1.709411295251876739e+00 3.229309923363791329e-03
1.711775039421037148e+00 3.218603439044227625e-03
1.714142052134469685e+00 3.207931403890728825e-03
1.716512337911859865e+00 3.197293711305419436e-03
1.718885901279143757e+00 3.186690255003642603e-03
1.721262746768515761e+00 3.176120929013084935e-03
1.723642878918437038e+00 3.165585627672963791e-03
1.726026302273644175e+00 3.155084245633148210e-03
1.728413021385159176e+00 3.144616677853313228e-03
1.730803040810295901e+00 3.134182819602091170e-03
1.733196365112670945e+00 3.123782566456215562e-03
1.735592998862210745e+00 3.113415814299700171e-03
1.737992946635161573e+00 3.103082459322969479e-03
1.740396213014096860e+00 3.092782398022045093e-03
1.742802802587927191e+00 3.082515527197678823e-03
1.745212719951908964e+00 3.072281743954538222e-03
1.747625969707651938e+00 3.062080945700367852e-03
1.750042556463129895e+00 3.051913030145142307e-03
1.752462484832687739e+00 3.041777895300259993e-03
1.754885759437051052e+00 3.031675439477706999e-03
1.757312384903335412e+00 3.021605561289210113e-03
1.759742365865054170e+00 3.011568159645443624e-03
1.762175706962127775e+00 3.001563133755195782e-03
1.764612412840893096e+00 2.991590383124532668e-03
1.767052488154111645e+00 2.981649807556011923e-03
1.769495937560978671e+00 2.971741307147837945e-03
1.771942765727132052e+00 2.961864782293066947e-03
1.774392977324661169e+00 2.952020133678795975e-03
1.776846577032116459e+00 2.942207262285321135e-03
1.779303569534516960e+00 2.932426069385377781e-03
1.781763959523360308e+00 2.922676456543306985e-03
1.784227751696632280e+00 2.912958325614245416e-03
1.786694950758813238e+00 2.903271578743352958e-03
1.789165561420890782e+00 2.893616118364977872e-03
1.791639588400365080e+00 2.883991847201885280e-03
1.794117036421260858e+00 2.874398668264452686e-03
1.796597910214134508e+00 2.864836484849871568e-03
1.799082214516083411e+00 2.855305200541361117e-03
1.801569954070756374e+00 2.845804719207382406e-03
1.804061133628360958e+00 2.836334945000834346e-03
1.806555757945673024e+00 2.826895782358293009e-03
1.809053831786046507e+00 2.817487135999203248e-03
1.811555359919421404e+00 2.808108910925115418e-03
1.814060347122334438e+00 2.798761012418894342e-03
1.816568798177926825e+00 2.789443346043935651e-03
1.819080717875953157e+00 2.780155817643413779e-03
1.821596111012792063e+00 2.770898333339487894e-03
1.824114982391454642e+00 2.761670799532523011e-03
1.826637336821592239e+00 2.752473122900349258e-03
1.829163179119508653e+00 2.743305210397460007e-03
1.831692514108166137e+00 2.734166969254273744e-03
1.834225346617196717e+00 2.725058306976348675e-03
1.836761681482911079e+00 2.715979131343628124e-03
1.839301523548306339e+00 2.706929350409687657e-03
1.841844877663077584e+00 2.697908872500962268e-03
1.844391748683625654e+00 2.688917606216001312e-03
1.846942141473066235e+00 2.679955460424700894e-03
1.849496060901240302e+00 2.671022344267567905e-03
1.852053511844722333e+00 2.662118167154954151e-03
1.854614499186830079e+00 2.653242838766317353e-03
1.857179027817634331e+00 2.644396269049463077e-03
1.859747102633967142e+00 2.635578368219802705e-03
1.862318728539432255e+00 2.626789046759626586e-03
1.864893910444413549e+00 2.618028215417336421e-03
1.867472653266085691e+00 2.609295785206720581e-03
1.870054961928422133e+00 2.600591667406211647e-03
1.872640841362204878e+00 2.591915773558149151e-03
1.875230296505034921e+00 2.583268015468056632e-03
1.877823332301340464e+00 2.574648305203892235e-03
1.880419953702386460e+00 2.566056555095330531e-03
1.883020165666285273e+00 2.557492677733020931e-03
1.885623973158003785e+00 2.548956585967887285e-03
1.888231381149375832e+00 2.540448192910364604e-03
1.890842394619109967e+00 2.531967411929704741e-03
1.893457018552797910e+00 2.523514156653253009e-03
1.896075257942927195e+00 2.515088340965714823e-03
1.898697117788887834e+00 2.506689879008444904e-03
1.901322603096982533e+00 2.498318685178734736e-03
1.903951718880438237e+00 2.489974674129096562e-03
1.906584470159412126e+00 2.481657760766548242e-03
1.909220861961004267e+00 2.473367860251905054e-03
1.911860899319266505e+00 2.465104887999067587e-03
1.914504587275210223e+00 2.456868759674327423e-03
1.917151930876819010e+00 2.448659391195639416e-03
1.919802935179055980e+00 2.440476698731942548e-03
1.922457605243873768e+00 2.432320598697789663e-03
1.925115946140225631e+00 2.424191007701850895e-03
1.927777962944072998e+00 2.416087842565991725e-03
1.930443660738396794e+00 2.408011020360901165e-03
1.933113044613206766e+00 2.399960458406035380e-03
1.935786119665550586e+00 2.391936074268913390e-03
1.938462890999524291e+00 2.383937785764414508e-03
1.941143363726282267e+00 2.375965510954083579e-03
1.943827542964045252e+00 2.368019168145437097e-03
1.946515433838112541e+00 2.360098675891247194e-03
1.949207041480869984e+00 2.352203952988880711e-03
1.951902371031800421e+00 2.344334918479569312e-03
1.954601427637494337e+00 2.336491491647752460e-03
1.957304216451657419e+00 2.328673592020366612e-03
1.960010742635123204e+00 2.320881139366167811e-03
1.962721011355860190e+00 2.313114053695045167e-03
1.965435027788984046e+00 2.305372255257340849e-03
1.968152797116766495e+00 2.297655664543163563e-03
1.970874324528644417e+00 2.289964202281707245e-03
1.973599615221231174e+00 2.282297789440582755e-03
1.976328674398326157e+00 2.274656347225131360e-03
1.979061507270923448e+00 2.267039797077753400e-03
1.981798119057224250e+00 2.259448060677249088e-03
1.984538514982643997e+00 2.251881059938123323e-03
1.987282700279824565e+00 2.244338717009932132e-03
1.990030680188643597e+00 2.236820954276612199e-03
1.992782459956223384e+00 2.229327694355824271e-03
1.995538044836942637e+00 2.221858860098267947e-03
1.998297440092445809e+00 2.214414374587038957e-03
2.001060650991652423e+00 2.206994161136960429e-03
2.003827682810768618e+00 2.199598143293931933e-03
2.006598540833294919e+00 2.192226244834257712e-03
2.009373230350040007e+00 2.184878389764004832e-03
2.012151756659126711e+00 2.177554502318350058e-03
2.014934125066004444e+00 2.170254506960916322e-03
2.017720340883459862e+00 2.162978328383135650e-03
2.020510409431624854e+00 2.155725891503589963e-03
2.023304336037987650e+00 2.148497121467374434e-03
2.026102126037405693e+00 2.141291943645443931e-03
2.028903784772109642e+00 2.134110283633981579e-03
2.031709317591720687e+00 2.126952067253736964e-03
2.034518729853255437e+00 2.119817220549414204e-03
2.037332026921138795e+00 2.112705669789002785e-03
2.040149214167213287e+00 2.105617341463166502e-03
2.042970296970748834e+00 2.098552162284603347e-03
2.045795280718455622e+00 2.091510059187394119e-03
2.048624170804490774e+00 2.084490959326392237e-03
2.051456972630470776e+00 2.077494790076593600e-03
2.054293691605481698e+00 2.070521479032489103e-03
2.057134333146088956e+00 2.063570954007457048e-03
2.059978902676347978e+00 2.056643143033132573e-03
2.062827405627814414e+00 2.049737974358778383e-03
2.065679847439554795e+00 2.042855376450673256e-03
2.068536233558155857e+00 2.035995277991493619e-03
2.071396569437736979e+00 2.029157607879670828e-03
2.074260860539959062e+00 2.022342295228814375e-03
2.077129112334034300e+00 2.015549269367057899e-03
2.080001330296739503e+00 2.008778459836473712e-03
2.082877519912422759e+00 2.002029796392448737e-03
2.085757686673017197e+00 1.995303209003067811e-03
2.088641836078048541e+00 1.988598627848529518e-03
2.091529973634649320e+00 1.981915983320513448e-03
2.094422104857565525e+00 1.975255206021583887e-03
2.097318235269169051e+00 1.968616226764587432e-03
2.100218370399469237e+00 1.961998976572061019e-03
2.103122515786120861e+00 1.955403386675605253e-03
2.106030676974436133e+00 1.948829388515314334e-03
2.108942859517396684e+00 1.942276913739156546e-03
2.111859068975660669e+00 1.935745894202393338e-03
2.114779310917576982e+00 1.929236261966976729e-03
2.117703590919193690e+00 1.922747949300959930e-03
2.120631914564269138e+00 1.916280888677906026e-03
2.123564287444283938e+00 1.909835012776299901e-03
2.126500715158448518e+00 1.903410254478956698e-03
2.129441203313717779e+00 1.897006546872435050e-03
2.132385757524798642e+00 1.890623823246464401e-03
2.135334383414162041e+00 1.884262017093342413e-03
2.138287086612054466e+00 1.877921062107366836e-03
2.141243872756506406e+00 1.871600892184253082e-03
2.144204747493345664e+00 1.865301441420553737e-03
2.147169716476206691e+00 1.859022644113078517e-03
2.150138785366541239e+00 1.852764434758327663e-03
2.153111959833629907e+00 1.846526748051908638e-03
2.156089245554593248e+00 1.840309518887969092e-03
2.159070648214400645e+00 1.834112682358627656e-03
2.162056173505884527e+00 1.827936173753396711e-03
2.165045827129747469e+00 1.821779928558621637e-03
2.168039614794575964e+00 1.815643882456910311e-03
2.171037542216849747e+00 1.809527971326572136e-03
2.174039615120952895e+00 1.803432131241054477e-03
2.177045839239185820e+00 1.797356298468374752e-03
2.180056220311775483e+00 1.791300409470565754e-03
2.183070764086885163e+00 1.785264400903116859e-03
2.186089476320628222e+00 1.779248209614411966e-03
2.189112362777076104e+00 1.773251772645181553e-03
2.192139429228271652e+00 1.767275027227937579e-03
2.195170681454238881e+00 1.761317910786429439e-03
2.198206125242993636e+00 1.755380360935094490e-03
2.201245766390556025e+00 1.749462315478495129e-03
2.204289610700961521e+00 1.743563712410785152e-03
2.207337663986269849e+00 1.737684489915148570e-03
2.210389932066577856e+00 1.731824586363271603e-03
2.213446420770031953e+00 1.725983940314778243e-03
2.216507135932835215e+00 1.720162490516705285e-03
2.219572083399262041e+00 1.714360175902951118e-03
2.222641269021668808e+00 1.708576935593739046e-03
2.225714698660503199e+00 1.702812708895077567e-03
2.228792378184317524e+00 1.697067435298226738e-03
2.231874313469778937e+00 1.691341054479156281e-03
2.234960510401680089e+00 1.685633506298020619e-03
2.238050974872951571e+00 1.679944730798623711e-03
2.241145712784672117e+00 1.674274668207881506e-03
2.244244730046081937e+00 1.668623258935292416e-03
2.247348032574590260e+00 1.662990443572424492e-03
2.250455626295789546e+00 1.657376162892370067e-03
2.253567517143467480e+00 1.651780357849225774e-03
2.256683711059614961e+00 1.646202969577578203e-03
2.259804213994440314e+00 1.640643939391969817e-03
2.262929031906379063e+00 1.635103208786378975e-03
2.266058170762106805e+00 1.629580719433704498e-03
2.269191636536549872e+00 1.624076413185247640e-03
2.272329435212895099e+00 1.618590232070190585e-03
2.275471572782604035e+00 1.613122118295085569e-03
2.278618055245423601e+00 1.607672014243335772e-03
2.281768888609395862e+00 1.602239862474681828e-03
2.284924078890870902e+00 1.596825605724704186e-03
2.288083632114518373e+00 1.591429186904292931e-03
2.291247554313339041e+00 1.586050549099151004e-03
2.294415851528675887e+00 1.580689635569284624e-03
2.297588529810225211e+00 1.575346389748497620e-03
2.300765595216048620e+00 1.570020755243887924e-03
2.303947053812586354e+00 1.564712675835338868e-03
2.307132911674664832e+00 1.559422095475026951e-03
2.310323174885512643e+00 1.554148958286907280e-03
2.313517849536768534e+00 1.548893208566228712e-03
2.316716941728496071e+00 1.543654790779030355e-03
2.319920457569193406e+00 1.538433649561645649e-03
2.323128403175804824e+00 1.533229729720197781e-03
2.326340784673734063e+00 1.528042976230124588e-03
2.329557608196854090e+00 1.522873334235670933e-03
2.332778879887519530e+00 1.517720749049404280e-03
2.336004605896579545e+00 1.512585166151724425e-03
2.339234792383388051e+00 1.507466531190368875e-03
2.342469445515815263e+00 1.502364789979935373e-03
2.345708571470262349e+00 1.497279888501392266e-03
2.348952176431668537e+00 1.492211772901588015e-03
2.352200266593527100e+00 1.487160389492774362e-03
2.355452848157894685e+00 1.482125684752130367e-03
2.358709927335405077e+00 1.477107605321266708e-03
2.361971510345278968e+00 1.472106098005754055e-03
2.365237603415337730e+00 1.467121109774650791e-03
2.368508212782013178e+00 1.462152587760018807e-03
2.371783344690363116e+00 1.457200479256445585e-03
2.375063005394077553e+00 1.452264731720584717e-03
2.378347201155497359e+00 1.447345292770661719e-03
2.381635938245620920e+00 1.442442110186020407e-03
2.384929222944117910e+00 1.437555131906646062e-03
2.388227061539342611e+00 1.432684306032695103e-03
2.391529460328344125e+00 1.427829580824029098e-03
2.394836425616878373e+00 1.422990904699748989e-03
2.398147963719422293e+00 1.418168226237728237e-03
2.401464080959182734e+00 1.413361494174148131e-03
2.404784783668111547e+00 1.408570657403039389e-03
2.408110078186914471e+00 1.403795664975819200e-03
2.411439970865067117e+00 1.399036466100824373e-03
2.414774468060824741e+00 1.394293010142862903e-03
2.418113576141232901e+00 1.389565246622751458e-03
2.421457301482142999e+00 1.384853125215318058e-03
2.424805650468222495e+00 1.380156595744820667e-03
2.428158629492967346e+00 1.375475608188951810e-03
2.431516244958714879e+00 1.370810112679708747e-03
2.434878503276654449e+00 1.366160059502939846e-03
2.438245410866841212e+00 1.361525399097900926e-03
2.441616974158208109e+00 1.356906082056795991e-03
2.444993199588577415e+00 1.352302059124334222e-03
2.448374093604674062e+00 1.347713281197279820e-03
2.451759662662136297e+00 1.343139699324008779e-03
2.455149913225530778e+00 1.338581264704062418e-03
2.458544851768362349e+00 1.334037928687703718e-03
2.461944484773086472e+00 1.329509642775468471e-03
2.465348818731124325e+00 1.324996358617737879e-03
2.468757860142872129e+00 1.320498028014290351e-03
2.472171615517714027e+00 1.316014602913856977e-03
2.475590091374037183e+00 1.311546035413695870e-03
2.479013294239240217e+00 1.307092277759144177e-03
2.482441230649749198e+00 1.302653282343189814e-03
2.485873907151028739e+00 1.298229001706039092e-03
2.489311330297592217e+00 1.293819388534677393e-03
2.492753506653019535e+00 1.289424395662440480e-03
2.496200442789964669e+00 1.285043976068581681e-03
2.499652145290170324e+00 1.280678082877848402e-03
2.503108620744480817e+00 1.276326669360049095e-03
2.506569875752854060e+00 1.271989688929628902e-03
2.510035916924374000e+00 1.267667095145241177e-03
2.513506750877263940e+00 1.263358841709322699e-03
2.516982384238898085e+00 1.259064882467672997e-03
2.520462823645815309e+00 1.254785171409032165e-03
2.523948075743732034e+00 1.250519662664653251e-03
2.527438147187552442e+00 1.246268310507894165e-03
2.530933044641385354e+00 1.242031069353784212e-03
2.534432774778552222e+00 1.237807893758622723e-03
2.537937344281604446e+00 1.233598738419546242e-03
2.541446759842332259e+00 1.229403558174124332e-03
2.544961028161779382e+00 1.225222307999942594e-03
2.548480155950257231e+00 1.221054943014186983e-03
2.552004149927353804e+00 1.216901418473234414e-03
2.555533016821950554e+00 1.212761689772240544e-03
2.559066763372233044e+00 1.208635712444733855e-03
2.562605396325703833e+00 1.204523442162197576e-03
2.566148922439196234e+00 1.200424834733678729e-03
2.569697348478887200e+00 1.196339846105360727e-03
2.573250681220308866e+00 1.192268432360175890e-03
2.576808927448362763e+00 1.188210549717394959e-03
2.580372093957333135e+00 1.184166154532222907e-03
2.583940187550898049e+00 1.180135203295396484e-03
2.587513215042145376e+00 1.176117652632788051e-03
2.591091183253581676e+00 1.172113459305002253e-03
2.594674099017149516e+00 1.168122580206977035e-03
2.598261969174238128e+00 1.164144972367590078e-03
2.601854800575695403e+00 1.160180592949260894e-03
2.605452600081844761e+00 1.156229399247551406e-03
2.609055374562494478e+00 1.152291348690777373e-03
2.612663130896952346e+00 1.148366398839615254e-03
2.616275875974039877e+00 1.144454507386704310e-03
2.619893616692102079e+00 1.140555632156264963e-03
2.623516359959025657e+00 1.136669731103698506e-03
2.627144112692247901e+00 1.132796762315210239e-03
2.630776881818770896e+00 1.128936684007409178e-03
2.634414674275176171e+00 1.125089454526932709e-03
2.638057497007637142e+00 1.121255032350053880e-03
2.641705356971931540e+00 1.117433376082301293e-03
2.645358261133456068e+00 1.113624444458075720e-03
2.649016216467238838e+00 1.109828196340261960e-03
2.652679229957952689e+00 1.106044590719852845e-03
2.656347308599928958e+00 1.102273586715571711e-03
2.660020459397170356e+00 1.098515143573488596e-03
2.663698689363365624e+00 1.094769220666642938e-03
2.667382005521900634e+00 1.091035777494664752e-03
2.671070414905873047e+00 1.087314773683406002e-03
2.674763924558107409e+00 1.083606168984558964e-03
2.678462541531165364e+00 1.079909923275285859e-03
2.682166272887361202e+00 1.076225996557839603e-03
2.685875125698774291e+00 1.072554348959206885e-03
2.689589107047264172e+00 1.068894940730717637e-03
2.693308224024483000e+00 1.065247732247691153e-03
2.697032483731888419e+00 1.061612684009062254e-03
2.700761893280757775e+00 1.057989756637011140e-03
2.704496459792202767e+00 1.054378910876598886e-03
2.708236190397180998e+00 1.050780107595403363e-03
2.711981092236511959e+00 1.047193307783154297e-03
2.715731172460886800e+00 1.043618472551365722e-03
2.719486438230887426e+00 1.040055563132981451e-03
2.723246896716996268e+00 1.036504540882002322e-03
2.727012555099609603e+00 1.032965367273136871e-03
2.730783420569053987e+00 1.029438003901436607e-03
2.734559500325599579e+00 1.025922412481936052e-03
2.738340801579470352e+00 1.022418554849300817e-03
2.742127331550863190e+00 1.018926392957462436e-03
2.745919097469956327e+00 1.015445888879272941e-03
2.749716106576927555e+00 1.011977004806145124e-03
2.753518366121966210e+00 1.008519703047696487e-03
2.757325883365286057e+00 1.005073946031400777e-03
2.761138665577140827e+00 1.001639696302237354e-03
2.764956720037837545e+00 9.982169165223379621e-04
2.768780054037749849e+00 9.948055694706373943e-04
2.772608674877333090e+00 9.914056180425250345e-04
2.776442589867136324e+00 9.880170252495009461e-04
2.780281806327818295e+00 9.846397542188213385e-04
2.784126331590161652e+00 9.812737681931602961e-04
2.787976172995084045e+00 9.779190305302660861e-04
2.791831337893655007e+00 9.745755047026059738e-04
2.795691833647108826e+00 9.712431542970381432e-04
2.799557667626858759e+00 9.679219430144595480e-04
2.803428847214511244e+00 9.646118346694728448e-04
2.807305379801879663e+00 9.613127931900376051e-04
2.811187272790999003e+00 9.580247826171384411e-04
2.815074533594139616e+00 9.547477671044469517e-04
2.818967169633820546e+00 9.514817109179771627e-04
2.822865188342826404e+00 9.482265784357604829e-04
2.826768597164217134e+00 9.449823341475030967e-04
2.830677403551347115e+00 9.417489426542538728e-04
2.834591614967876705e+00 9.385263686680694536e-04
2.838511238887785559e+00 9.353145770116865019e-04
2.842436282795389069e+00 9.321135326181863561e-04
2.846366754185353010e+00 9.289232005306617473e-04
2.850302660562704204e+00 9.257435459018972844e-04
2.854244009442849173e+00 9.225745339940322675e-04
2.858190808351585677e+00 9.194161301782340177e-04
2.862143064825118266e+00 9.162682999343750015e-04
2.866100786410072931e+00 9.131310088507032336e-04
2.870063980663510428e+00 9.100042226235198354e-04
2.874032655152940929e+00 9.068879070568555082e-04
2.878006817456340460e+00 9.037820280621415873e-04
2.881986475162161554e+00 9.006865516578961648e-04
2.885971635869351459e+00 8.976014439693993712e-04
2.889962307187364132e+00 8.945266712283720181e-04
2.893958496736176667e+00 8.914621997726551077e-04
2.897960212146303061e+00 8.884079960458958480e-04
2.901967461058806652e+00 8.853640265972257534e-04
2.905980251125319658e+00 8.823302580809461171e-04
2.909998590008052499e+00 8.793066572562125089e-04
2.914022485379811567e+00 8.762931909867159109e-04
2.918051944924013430e+00 8.732898262403762137e-04
2.922086976334698605e+00 8.702965300890207504e-04
2.926127587316547540e+00 8.673132697080770340e-04
2.930173785584893498e+00 8.643400123762613740e-04
2.934225578865739426e+00 8.613767254752639161e-04
2.938282974895770838e+00 8.584233764894464748e-04
2.942345981422371803e+00 8.554799330055254045e-04
2.946414606203638709e+00 8.525463627122713836e-04
2.950488857008397581e+00 8.496226334001959722e-04
2.954568741616214300e+00 8.467087129612510706e-04
2.958654267817414585e+00 8.438045693885175367e-04
2.962745443413095536e+00 8.409101707759077896e-04
2.966842276215140739e+00 8.380254853178556191e-04
2.970944774046237580e+00 8.351504813090181384e-04
2.975052944739888350e+00 8.322851271439743763e-04
2.979166796140429341e+00 8.294293913169163875e-04
2.983286336103043723e+00 8.265832424213612889e-04
2.987411572493774425e+00 8.237466491498422619e-04
2.991542513189544561e+00 8.209195802936139746e-04
2.995679166078167199e+00 8.181020047423559439e-04
2.999821539058362685e+00 8.152938914838730794e-04
3.003969640039775513e+00 8.124952096038011050e-04
3.008123476942984098e+00 8.097059282853141500e-04
3.012283057699522093e+00 8.069260168088246421e-04
3.016448390251890377e+00 8.041554445516953427e-04
3.020619482553571267e+00 8.013941809879449865e-04
3.024796342569046725e+00 7.986421956879539204e-04
3.028978978273809464e+00 7.958994583181804765e-04
3.033167397654382924e+00 7.931659386408606476e-04
3.037361608708333716e+00 7.904416065137273876e-04
3.041561619444286269e+00 7.877264318897200454e-04
3.045767437881939710e+00 7.850203848164078943e-04
3.049979072052083851e+00 7.823234354244830609e-04
3.054196529996611176e+00 7.796355539239403385e-04
3.058419819768535941e+00 7.769567106181612991e-04
3.062648949432007495e+00 7.742868759046876541e-04
3.066883927062325821e+00 7.716260202749255928e-04
3.071124760745958415e+00 7.689741143138733226e-04
3.075371458580553163e+00 7.663311286998200937e-04
3.079624028674955660e+00 7.636970342040758000e-04
3.083882479149225642e+00 7.610718016906784606e-04
3.088146818134648530e+00 7.584554021161174237e-04
3.092417053773756308e+00 7.558478065290467028e-04
3.096693194220338174e+00 7.532489860700081804e-04
3.100975247639458754e+00 7.506589119711490647e-04
3.105263222207474971e+00 7.480775555559421655e-04
3.109557126112046710e+00 7.455048882389098564e-04
3.113856967552158572e+00 7.429408815253470610e-04
3.118162754738130538e+00 7.403855070110366499e-04
3.122474495891636614e+00 7.378387363819819680e-04
3.126792199245719939e+00 7.353005414141313388e-04
3.131115873044806541e+00 7.327708939730945455e-04
3.135445525544724887e+00 7.302497660138778518e-04
3.139781165012717867e+00 7.277371295806123012e-04
3.144122799727460560e+00 7.252329568062707401e-04
3.148470437979075776e+00 7.227372199124097773e-04
3.152824088069150488e+00 7.202498912088876751e-04
3.157183758310749155e+00 7.177709430936030565e-04
3.161549457028433263e+00 7.153003480522223366e-04
3.165921192558273756e+00 7.128380786579117077e-04
3.170298973247869689e+00 7.103841075710677156e-04
3.174682807456362887e+00 7.079384075390562914e-04
3.179072703554454815e+00 7.055009513959393163e-04
3.183468669924419014e+00 7.030717120622179909e-04
3.187870714960122420e+00 7.006506625445613505e-04
3.192278847067038239e+00 6.982377759355441055e-04
3.196693074662262823e+00 6.958330254133899022e-04
3.201113406174531217e+00 6.934363842416979952e-04
3.205539850044233141e+00 6.910478257691951825e-04
3.209972414723429868e+00 6.886673234294646458e-04
3.214411108675870654e+00 6.862948507406895372e-04
3.218855940377007840e+00 6.839303813053984084e-04
3.223306918314012837e+00 6.815738888101991475e-04
3.227764050985795219e+00 6.792253470255264682e-04
3.232227346903012943e+00 6.768847298053872310e-04
3.236696814588094995e+00 6.745520110870983910e-04
3.241172462575255153e+00 6.722271648910352468e-04
3.245654299410507093e+00 6.699101653203781703e-04
3.250142333651683479e+00 6.676009865608539167e-04
3.254636573868447069e+00 6.652996028804891845e-04
3.259137028642313361e+00 6.630059886293531183e-04
3.263643706566664804e+00 6.607201182393083756e-04
3.268156616246764568e+00 6.584419662237603506e-04
3.272675766299777411e+00 6.561715071774028209e-04
3.277201165354779899e+00 6.539087157759777965e-04
3.281732822052784826e+00 6.516535667760149858e-04
3.286270745046751429e+00 6.494060350145964156e-04
3.290814943001604931e+00 6.471660954090969814e-04
3.295365424594251635e+00 6.449337229569491754e-04
3.299922198513597582e+00 6.427088927353865645e-04
3.304485273460560979e+00 6.404915799012110122e-04
3.309054658148093075e+00 6.382817596905347463e-04
3.313630361301194593e+00 6.360794074185493162e-04
3.318212391656928606e+00 6.338844984792734068e-04
3.322800757964441853e+00 6.316970083453174586e-04
3.327395468984976734e+00 6.295169125676361443e-04
3.331996533491892176e+00 6.273441867752936390e-04
3.336603960270679181e+00 6.251788066752173977e-04
3.341217758118976366e+00 6.230207480519644016e-04
3.345837935846587730e+00 6.208699867674793808e-04
3.350464502275498635e+00 6.187264987608579164e-04
3.355097466239894466e+00 6.165902600481065060e-04
3.359736836586175723e+00 6.144612467219118463e-04
3.364382622172975346e+00 6.123394349513994889e-04
3.369034831871177804e+00 6.102248009819003036e-04
3.373693474563930650e+00 6.081173211347182424e-04
3.378358559146667162e+00 6.060169718068928986e-04
3.383030094527121001e+00 6.039237294709667294e-04
3.387708089625342645e+00 6.018375706747585655e-04
3.392392553373717146e+00 5.997584720411246531e-04
3.397083494716982788e+00 5.976864102677283694e-04
3.401780922612242630e+00 5.956213621268156844e-04
3.406484846028988933e+00 5.935633044649772866e-04
3.411195273949115592e+00 5.915122142029279485e-04
3.415912215366936788e+00 5.894680683352711455e-04
3.420635679289204312e+00 5.874308439302747351e-04
3.425365674735122212e+00 5.854005181296437080e-04
3.430102210736368562e+00 5.833770681482927222e-04
3.434845296337109222e+00 5.813604712741230829e-04
3.439594940594016492e+00 5.793507048677938674e-04
3.444351152576286434e+00 5.773477463624994465e-04
3.449113941365653524e+00 5.753515732637470067e-04
3.453883316056413300e+00 5.733621631491322285e-04
3.458659285755435242e+00 5.713794936681152901e-04
3.463441859582182314e+00 5.694035425418019674e-04
3.468231046668727391e+00 5.674342875627218057e-04
3.473026856159770137e+00 5.654717065946049913e-04
3.477829297212656545e+00 5.635157775721680046e-04
3.482638378997394923e+00 5.615664785008886483e-04
3.487454110696673659e+00 5.596237874567918085e-04
3.492276501505878983e+00 5.576876825862266520e-04
3.497105560633112287e+00 5.557581421056573745e-04
3.501941297299206557e+00 5.538351443014385544e-04
3.506783720737746801e+00 5.519186675296035164e-04
3.511632840195085592e+00 5.500086902156479246e-04
3.516488664930361274e+00 5.481051908543155445e-04
3.521351204215516173e+00 5.462081480093814020e-04
3.526220467335310804e+00 5.443175403134462194e-04
3.531096463587348300e+00 5.424333464677130691e-04
3.535979202282085510e+00 5.405555452417833270e-04
3.540868692742856094e+00 5.386841154734396155e-04
3.545764944305884292e+00 5.368190360684398045e-04
3.550667966320303126e+00 5.349602860003043999e-04
3.555577768148176165e+00 5.331078443101046902e-04
3.560494359164511291e+00 5.312616901062588081e-04
3.565417748757279792e+00 5.294218025643178177e-04
3.570347946327434574e+00 5.275881609267612333e-04
3.575284961288929697e+00 5.257607445027896124e-04
3.580228803068732812e+00 5.239395326681180144e-04
3.585179481106850918e+00 5.221245048647667501e-04
3.590137004856342351e+00 5.203156406008622135e-04
3.595101383783337656e+00 5.185129194504242700e-04
3.600072627367058242e+00 5.167163210531713164e-04
3.605050745099829257e+00 5.149258251143077779e-04
3.610035746487106234e+00 5.131414114043272162e-04
3.615027641047486195e+00 5.113630597588079583e-04
3.620026438312728967e+00 5.095907500782091573e-04
3.625032147827774942e+00 5.078244623276739018e-04
3.630044779150761958e+00 5.060641765368264697e-04
3.635064341853045722e+00 5.043098727995718594e-04
3.640090845519217133e+00 5.025615312738969474e-04
3.645124299747120045e+00 5.008191321816708860e-04
3.650164714147871248e+00 4.990826558084490803e-04
3.655212098345874239e+00 4.973520825032741281e-04
3.660266461978844532e+00 4.956273926784775198e-04
3.665327814697823428e+00 4.939085668094867583e-04
3.670396166167196661e+00 4.921955854346247820e-04
3.675471526064715277e+00 4.904884291549182779e-04
3.680553904081512506e+00 4.887870786339023081e-04
3.685643309922118860e+00 4.870915145974259665e-04
3.690739753304487891e+00 4.854017178334571686e-04
3.695843243960010405e+00 4.837176691918916691e-04
3.700953791633532219e+00 4.820393495843609951e-04
3.706071406083376374e+00 4.803667399840390252e-04
3.711196097081356005e+00 4.786998214254508440e-04
3.716327874412799215e+00 4.770385750042836033e-04
3.721466747876565506e+00 4.753829818771944556e-04
3.726612727285062210e+00 4.737330232616227704e-04
3.731765822464267135e+00 4.720886804355988809e-04
3.736926043253741891e+00 4.704499347375587937e-04
3.742093399506658091e+00 4.688167675661527190e-04
3.747267901089809339e+00 4.671891603800611896e-04
3.752449557883634768e+00 4.655670946978055966e-04
3.757638379782234139e+00 4.639505520975626286e-04
3.762834376693390936e+00 4.623395142169804987e-04
3.768037558538585685e+00 4.607339627529905110e-04
3.773247935253021268e+00 4.591338794616256188e-04
3.778465516785637135e+00 4.575392461578343755e-04
3.783690313099130176e+00 4.559500447152981927e-04
3.788922334169975592e+00 4.543662570662480556e-04
3.794161589988439331e+00 4.527878652012846537e-04
3.799408090558605622e+00 4.512148511691914106e-04
3.804661845898391181e+00 4.496471970767574873e-04
3.809922866039564759e+00 4.480848850885952033e-04
3.815191161027768008e+00 4.465278974269618474e-04
3.820466740922531468e+00 4.449762163715762311e-04
3.825749615797297221e+00 4.434298242594435896e-04
3.831039795739437093e+00 4.418887034846743036e-04
3.836337290850270865e+00 4.403528364982195161e-04
3.841642111245087143e+00 4.388222058070632395e-04
3.846954267053159793e+00 4.372967939744106815e-04
3.852273768417770583e+00 4.357765836198783057e-04
3.857600625496228286e+00 4.342615574193193833e-04
3.862934848459884662e+00 4.327516981046485153e-04
3.868276447494158443e+00 4.312469884636660998e-04
3.873625432798551760e+00 4.297474113398842637e-04
3.878981814586669241e+00 4.282529496323538238e-04
3.884345603086240217e+00 4.267635862954895134e-04
3.889716808539136483e+00 4.252793043388955886e-04
3.895095441201391839e+00 4.238000868271973431e-04
3.900481511343222962e+00 4.223259168798665516e-04
3.905875029249044950e+00 4.208567776710487023e-04
3.911276005217497520e+00 4.193926524293958673e-04
3.916684449561459669e+00 4.179335244378930129e-04
3.922100372608070984e+00 4.164793770336893525e-04
3.927523784698752518e+00 4.150301936079287229e-04
3.932954696189221444e+00 4.135859576055820751e-04
3.938393117449518144e+00 4.121466525252769292e-04
3.943839058864022196e+00 4.107122619191302449e-04
3.949292530831471471e+00 4.092827693925825384e-04
3.954753543764984336e+00 4.078581586042274456e-04
3.960222108092075644e+00 4.064384132656495259e-04
3.965698234254681598e+00 4.050235171412571865e-04
3.971181932709176632e+00 4.036134540481141428e-04
3.976673213926394723e+00 4.022082078557785234e-04
3.982172088391647602e+00 4.008077624861372578e-04
3.987678566604746955e+00 3.994121019132411692e-04
3.993192659080021745e+00 3.980212101631431577e-04
3.998714376346341748e+00 3.966350713137332929e-04
4.004243728947135317e+00 3.952536694945788941e-04
4.009780727440410253e+00 3.938769888867591894e-04
4.015325382398773790e+00 3.925050137227075646e-04
4.020877704409450359e+00 3.911377282860501793e-04
4.026437704074308677e+00 3.897751169114406261e-04
4.032005392009874178e+00 3.884171639844068418e-04
4.037580778847354779e+00 3.870638539411858743e-04
4.043163875232657745e+00 3.857151712685685709e-04
4.048754691826409235e+00 3.843711005037406345e-04
4.054353239303981837e+00 3.830316262341210230e-04
4.059959528355505221e+00 3.816967330972085887e-04
4.065573569685894562e+00 3.803664057804223217e-04
4.071195374014864754e+00 3.790406290209467964e-04
4.076824952076957054e+00 3.777193876055737697e-04
4.082462314621551513e+00 3.764026663705481160e-04
4.088107472412896293e+00 3.750904502014105091e-04
4.093760436230122757e+00 3.737827240328453634e-04
4.099421216867267681e+00 3.724794728485250335e-04
4.105089825133294568e+00 3.711806816809554242e-04
4.110766271852110521e+00 3.698863356113225214e-04
4.116450567862592003e+00 3.685964197693423930e-04
4.122142724018602600e+00 3.673109193331044672e-04
4.127842751189015225e+00 3.660298195289218045e-04
4.133550660257732545e+00 3.647531056311791465e-04
4.139266462123704748e+00 3.634807629621829707e-04
4.144990167700953521e+00 3.622127768920087808e-04
4.150721787918595140e+00 3.609491328383510533e-04
4.156461333720856466e+00 3.596898162663754602e-04
4.162208816067097139e+00 3.584348126885684364e-04
4.167964245931831790e+00 3.571841076645871802e-04
4.173727634304750467e+00 3.559376868011132860e-04
4.179498992190739948e+00 3.546955357517033954e-04
4.185278330609904174e+00 3.534576402166414747e-04
4.191065660597586451e+00 3.522239859427945077e-04
4.196860993204388102e+00 3.509945587234610865e-04
4.202664339496189783e+00 3.497693443982299779e-04
4.208475710554176352e+00 3.485483288528307198e-04
4.214295117474855523e+00 3.473314980189914827e-04
4.220122571370077402e+00 3.461188378742905336e-04
4.225958083367061136e+00 3.449103344420162117e-04
4.231801664608404678e+00 3.437059737910192056e-04
4.237653326252121211e+00 3.425057420355703602e-04
4.243513079471650684e+00 3.413096253352189175e-04
4.249380935455882913e+00 3.401176098946467993e-04
4.255256905409179780e+00 3.389296819635286917e-04
4.261141000551396552e+00 3.377458278363909354e-04
4.267033232117901420e+00 3.365660338524666226e-04
4.272933611359602146e+00 3.353902863955584451e-04
4.278842149542961160e+00 3.342185718938949293e-04
4.284758857950021316e+00 3.330508768199935015e-04
4.290683747878426324e+00 3.318871876905178067e-04
4.296616830641439400e+00 3.307274910661414245e-04
4.302558117567971685e+00 3.295717735514044834e-04
4.308507620002595573e+00 3.284200217945821470e-04
4.314465349305574016e+00 3.272722224875380839e-04
4.320431316852878290e+00 3.261283623655952856e-04
4.326405534036206646e+00 3.249884282073925174e-04
4.332388012263013621e+00 3.238524068347504200e-04
4.338378762956525136e+00 3.227202851125362008e-04
4.344377797555765142e+00 3.215920499485230670e-04
4.350385127515576045e+00 3.204676882932606095e-04
4.356400764306633810e+00 3.193471871399360248e-04
4.362424719415482599e+00 3.182305335242401620e-04
4.368457004344546313e+00 3.171177145242329190e-04
4.374497630612156129e+00 3.160087172602105902e-04
4.380546609752570930e+00 3.149035288945706669e-04
4.386603953315995064e+00 3.138021366316800522e-04
4.392669672868607655e+00 3.127045277177424088e-04
4.398743779992582148e+00 3.116106894406645857e-04
4.404826286286104953e+00 3.105206091299259172e-04
4.410917203363401207e+00 3.094342741564461131e-04
4.417016542854758754e+00 3.083516719324543953e-04
4.423124316406541467e+00 3.072727899113602071e-04
4.429240535681223001e+00 3.061976155876195847e-04
4.435365212357401887e+00 3.051261364966083062e-04
4.441498358129825519e+00 3.040583402144916240e-04
4.447639984709413241e+00 3.029942143580942153e-04
4.453790103823275892e+00 3.019337465847725171e-04
4.459948727214744224e+00 3.008769245922854351e-04
4.466115866643382226e+00 2.998237361186679799e-04
4.472291533885020876e+00 2.987741689421024097e-04
4.478475740731770571e+00 2.977282108807904025e-04
4.484668498992047780e+00 2.966858497928286987e-04
4.490869820490598130e+00 2.956470735760805143e-04
4.497079717068518612e+00 2.946118701680508034e-04
4.503298200583279787e+00 2.935802275457591900e-04
4.509525282908749766e+00 2.925521337256168568e-04
4.515760975935211086e+00 2.915275767632999641e-04
4.522005291569393570e+00 2.905065447536258347e-04
4.528258241734488543e+00 2.894890258304284869e-04
4.534519838370174583e+00 2.884750081664355778e-04
4.540790093432640617e+00 2.874644799731449125e-04
4.547069018894609904e+00 2.864574295007000864e-04
4.553356626745357794e+00 2.854538450377705722e-04
4.559652928990740151e+00 2.844537149114268739e-04
4.565957937653216447e+00 2.834570274870198557e-04
4.572271664771867528e+00 2.824637711680594732e-04
4.578594122402423139e+00 2.814739343960938312e-04
4.584925322617282362e+00 2.804875056505867770e-04
4.591265277505538478e+00 2.795044734487997225e-04
4.597613999173002064e+00 2.785248263456705929e-04
4.603971499742223195e+00 2.775485529336928301e-04
4.610337791352513648e+00 2.765756418427997077e-04
4.616712886159971774e+00 2.756060817402421963e-04
4.623096796337504699e+00 2.746398613304710558e-04
4.629489534074853196e+00 2.736769693550194170e-04
4.635891111578613888e+00 2.727173945923848201e-04
4.642301541072261450e+00 2.717611258579112534e-04
4.648720834796174373e+00 2.708081520036721137e-04
4.655149005007653606e+00 2.698584619183538717e-04
4.661586063980952765e+00 2.689120445271400077e-04
4.668032024007296776e+00 2.679688887915931050e-04
4.674486897394907636e+00 2.670289837095415507e-04
4.680950696469025729e+00 2.660923183149624957e-04
4.687423433571932918e+00 2.651588816778688274e-04
4.693905121062981856e+00 2.642286629041909907e-04
4.700395771318612859e+00 2.633016511356665087e-04
4.706895396732380554e+00 2.623778355497242976e-04
4.713404009714978748e+00 2.614572053593701212e-04
4.719921622694259078e+00 2.605397498130763816e-04
4.726448248115260320e+00 2.596254581946660553e-04
4.732983898440231485e+00 2.587143198232014002e-04
4.739528586148650469e+00 2.578063240528729325e-04
4.746082323737256914e+00 2.569014602728845022e-04
4.752645123720063758e+00 2.559997179073455770e-04
4.759216998628394535e+00 2.551010864151569135e-04
4.765797961010896699e+00 2.542055552899018657e-04
4.772388023433571824e+00 2.533131140597346038e-04
4.778987198479797804e+00 2.524237522872703932e-04
4.785595498750351950e+00 2.515374595694750597e-04
4.792212936863433193e+00 2.506542255375580875e-04
4.798839525454693167e+00 2.497740398568599161e-04
4.805475277177252202e+00 2.488968922267453094e-04
4.812120204701730408e+00 2.480227723804939049e-04
4.818774320716266324e+00 2.471516700851937999e-04
4.825437637926543566e+00 2.462835751416280893e-04
4.832110169055814808e+00 2.454184773822071296e-04
4.838791926844927538e+00 2.445563666674565369e-04
4.845482924052346263e+00 2.436972328904635817e-04
4.852183173454179155e+00 2.428410659777029709e-04
4.858892687844196701e+00 2.419878558889299459e-04
4.865611480033864567e+00 2.411375926170705611e-04
4.872339562852362249e+00 2.402902661881179801e-04
4.879076949146609721e+00 2.394458666610254922e-04
4.885823651781291410e+00 2.386043841275996909e-04
4.892579683638881960e+00 2.377658087123967975e-04
4.899345057619665766e+00 2.369301305726153521e-04
4.906119786641768066e+00 2.360973398979937022e-04
4.912903883641178915e+00 2.352674269107027480e-04
4.919697361571773619e+00 2.344403818652440817e-04
4.926500233405341156e+00 2.336161950483451179e-04
4.933312512131605487e+00 2.327948567788550645e-04
4.940134210758253985e+00 2.319763574076430621e-04
4.946965342310961411e+00 2.311606873174933141e-04
4.953805919833414784e+00 2.303478369230041207e-04
4.960655956387335586e+00 2.295377966704853132e-04
4.967515465052506407e+00 2.287305570378552280e-04
4.974384458926799368e+00 2.279261085345405801e-04
4.981262951126196548e+00 2.271244417013731389e-04
4.988150954784814850e+00 2.263255471104916349e-04
4.995048483054937982e+00 2.255294153652381373e-04
5.001955549107028887e+00 2.247360371000582798e-04
5.008872166129767933e+00 2.239454029804037374e-04
5.015798347330071572e+00 2.231575037026286841e-04
5.022734105933116311e+00 2.223723299938927577e-04
5.029679455182369807e+00 2.215898726120606350e-04
5.036634408339611291e+00 2.208101223456049962e-04
5.043598978684953771e+00 2.200330700135057205e-04
5.050573179516880451e+00 2.192587064651529592e-04
5.057557024152259828e+00 2.184870225802490148e-04
5.064550525926375002e+00 2.177180092687112782e-04
5.071553698192950321e+00 2.169516574705729155e-04
5.078566554324172699e+00 2.161879581558888680e-04
5.085589107710722701e+00 2.154269023246356443e-04
5.092621371761794968e+00 2.146684810066190282e-04
5.099663359905128424e+00 2.139126852613733830e-04
5.106715085587029357e+00 2.131595061780695486e-04
5.113776562272394521e+00 2.124089348754179952e-04
5.120847803444741331e+00 2.116609625015728445e-04
5.127928822606234505e+00 2.109155802340381399e-04
5.135019633277705609e+00 2.101727792795733045e-04
5.142120248998685916e+00 2.094325508740963219e-04
5.149230683327424174e+00 2.086948862825933405e-04
5.156350949840923015e+00 2.079597767990231825e-04
5.163481062134954058e+00 2.072272137462229373e-04
5.170621033824092549e+00 2.064971884758165900e-04
5.177770878541737787e+00 2.057696923681215904e-04
5.184930609940144208e+00 2.050447168320547985e-04
5.192100241690437379e+00 2.043222533050426852e-04
5.199279787482653070e+00 2.036022932529277392e-04
5.206469261025756801e+00 2.028848281698770952e-04
5.213668676047668704e+00 2.021698495782903496e-04
5.220878046295294617e+00 2.014573490287102230e-04
5.228097385534544728e+00 2.007473180997305104e-04
5.235326707550367331e+00 2.000397483979054157e-04
5.242566026146772806e+00 1.993346315576595353e-04
5.249815355146858487e+00 1.986319592411976524e-04
5.257074708392837081e+00 1.979317231384153722e-04
5.264344099746059769e+00 1.972339149668095391e-04
5.271623543087046393e+00 1.965385264713888174e-04
5.278913052315511223e+00 1.958455494245851932e-04
5.286212641350388708e+00 1.951549756261648804e-04
5.293522324129858347e+00 1.944667969031405811e-04
5.300842114611377554e+00 1.937810051096827712e-04
5.308172026771695862e+00 1.930975921270325574e-04
5.315512074606897563e+00 1.924165498634138299e-04
5.322862272132415917e+00 1.917378702539456587e-04
5.330222633383066899e+00 1.910615452605560725e-04
5.337593172413074072e+00 1.903875668718951330e-04
5.344973903296089901e+00 1.897159271032480897e-04
5.352364840125233947e+00 1.890466179964498371e-04
5.359765997013108851e+00 1.883796316197986387e-04
5.367177388091835866e+00 1.877149600679703129e-04
5.374599027513076166e+00 1.870525954619334480e-04
5.382030929448055723e+00 1.863925299488647803e-04
5.389473108087603492e+00 1.857347557020622684e-04
5.396925577642165628e+00 1.850792649208627208e-04
5.404388352341841006e+00 1.844260498305568484e-04
5.411861446436405210e+00 1.837751026823050498e-04
5.419344874195336281e+00 1.831264157530540894e-04
5.426838649907846701e+00 1.824799813454522053e-04
5.434342787882905590e+00 1.818357917877677665e-04
5.441857302449269795e+00 1.811938394338058706e-04
5.449382207955508761e+00 1.805541166628240744e-04
5.456917518770034725e+00 1.799166158794525156e-04
5.464463249281123147e+00 1.792813295136092358e-04
5.472019413896951789e+00 1.786482500204196249e-04
5.479586027045618479e+00 1.780173698801348350e-04
5.487163103175172196e+00 1.773886815980494345e-04
5.494750656753641493e+00 1.767621777044213677e-04
5.502348702269058478e+00 1.761378507543902598e-04
5.509957254229492563e+00 1.755156933278964539e-04
5.517576327163071781e+00 1.748956980296022983e-04
5.525205935618015651e+00 1.742778574888090965e-04
5.532846094162660044e+00 1.736621643593804810e-04
5.540496817385482942e+00 1.730486113196607191e-04
5.548158119895138185e+00 1.724371910723957011e-04
5.555830016320480347e+00 1.718278963446541734e-04
5.563512521310591374e+00 1.712207198877478329e-04
5.571205649534809012e+00 1.706156544771542669e-04
5.578909415682758777e+00 1.700126929124372646e-04
5.586623834464373495e+00 1.694118280171692424e-04
5.594348920609929721e+00 1.688130526388528557e-04
5.602084688870073492e+00 1.682163596488440755e-04
5.609831154015846977e+00 1.676217419422740978e-04
5.617588330838717781e+00 1.670291924379720410e-04
5.625356234150604706e+00 1.664387040783890778e-04
5.633134878783911503e+00 1.658502698295203465e-04
5.640924279591549073e+00 1.652638826808295442e-04
5.648724451446968331e+00 1.646795356451721923e-04
5.656535409244188628e+00 1.640972217587196073e-04
5.664357167897819956e+00 1.635169340808837379e-04
5.672189742343098473e+00 1.629386656942410818e-04
5.680033147535914040e+00 1.623624097044570891e-04
5.687887398452834198e+00 1.617881592402128975e-04
5.695752510091139698e+00 1.612159074531278934e-04
5.703628497468844039e+00 1.606456475176874495e-04
5.711515375624731661e+00 1.600773726311674916e-04
5.719413159618381037e+00 1.595110760135606375e-04
5.727321864530193984e+00 1.589467509075021456e-04
5.735241505461426748e+00 1.583843905781967315e-04
5.743172097534217535e+00 1.578239883133446253e-04
5.751113655891612275e+00 1.572655374230694182e-04
5.759066195697598367e+00 1.567090312398435232e-04
5.767029732137132214e+00 1.561544631184173229e-04
5.775004280416167646e+00 1.556018264357446844e-04
5.782989855761685227e+00 1.550511145909132726e-04
5.790986473421718017e+00 1.545023210050693876e-04
5.798994148665387982e+00 1.539554391213489824e-04
5.807012896782928202e+00 1.534104624048047505e-04
5.815042733085716620e+00 1.528673843423350562e-04
5.823083672906304464e+00 1.523261984426123230e-04
5.831135731598438454e+00 1.517868982360133468e-04
5.839198924537103430e+00 1.512494772745475759e-04
5.847273267118541007e+00 1.507139291317866373e-04
5.855358774760283325e+00 1.501802474027949758e-04
5.863455462901180582e+00 1.496484257040591359e-04
5.871563347001434785e+00 1.491184576734183738e-04
5.879682442542620180e+00 1.485903369699944005e-04
5.887812765027723216e+00 1.480640572741237005e-04
5.895954329981166531e+00 1.475396122872861917e-04
5.904107152948840032e+00 1.470169957320380044e-04
5.912271249498130210e+00 1.464962013519419029e-04
5.920446635217946785e+00 1.459772229114994415e-04
5.928633325718760894e+00 1.454600541960823345e-04
5.936831336632625522e+00 1.449446890118648019e-04
5.945040683613211030e+00 1.444311211857544246e-04
5.953261382335834462e+00 1.439193445653267939e-04
5.961493448497483527e+00 1.434093530187567460e-04
5.969736897816857457e+00 1.429011404347505724e-04
5.977991746034388321e+00 1.423947007224802359e-04
5.986258008912272999e+00 1.418900278115164211e-04
5.994535702234507824e+00 1.413871156517617202e-04
6.002824841806909006e+00 1.408859582133839008e-04
6.011125443457152606e+00 1.403865494867510973e-04
6.019437523034800286e+00 1.398888834823643198e-04
6.027761096411331287e+00 1.393929542307925369e-04
6.036096179480169077e+00 1.388987557826075426e-04
6.044442788156718649e+00 1.384062822083177117e-04
6.052800938378385176e+00 1.379155275983041397e-04
6.061170646104619308e+00 1.374264860627541550e-04
6.069551927316935824e+00 1.369391517315981632e-04
6.077944798018950046e+00 1.364535187544164334e-04
6.086349274236408924e+00 1.359695812997375921e-04
6.094765372017212357e+00 1.354873335549733001e-04
6.103193107431458486e+00 1.350067697270102539e-04
6.111632496571464124e+00 1.345278840421768192e-04
6.120083555551798504e+00 1.340506707461790908e-04
6.128546300509313483e+00 1.335751241040388480e-04
6.137020747603173731e+00 1.331012384000286933e-04
6.145506913014890493e+00 1.326290079376093848e-04
6.154004812948349112e+00 1.321584270393683623e-04
6.162514463629841899e+00 1.316894900469554538e-04
6.171035881308100990e+00 1.312221913210209680e-04
6.179569082254320556e+00 1.307565252411541112e-04
6.188114082762200319e+00 1.302924862058199953e-04
6.196670899147968647e+00 1.298300686322985159e-04
6.205239547750416307e+00 1.293692669566224717e-04
6.213820044930924880e+00 1.289100756335158999e-04
6.222412407073504959e+00 1.284524891363330635e-04
6.231016650584815686e+00 1.279965019569981961e-04
6.239632791894207386e+00 1.275421086059428625e-04
6.248260847453749989e+00 1.270893036120463815e-04
6.256900833738259671e+00 1.266380815225761410e-04
6.265552767245337940e+00 1.261884369031254999e-04
6.274216664495391171e+00 1.257403643375548891e-04
6.282892542031677685e+00 1.252938584279324511e-04
6.291580416420329058e+00 1.248489137944724578e-04
6.300280304250382102e+00 1.244055250754776305e-04
6.308992222133817940e+00 1.239636869272787772e-04
6.317716186705579773e+00 1.235233940241763269e-04
6.326452214623621728e+00 1.230846410583807797e-04
6.335200322568927511e+00 1.226474227399545667e-04
6.343960527245549486e+00 1.222117337967525814e-04
6.352732845380636206e+00 1.217775689743647168e-04
6.361517293724469724e+00 1.213449230360577391e-04
6.370313889050487788e+00 1.209137907627159269e-04
6.379122648155326480e+00 1.204841669527846121e-04
6.387943587858848637e+00 1.200560464222126219e-04
6.396776725004174047e+00 1.196294240043935557e-04
6.405622076457713199e+00 1.192042945501091357e-04
6.414479659109196596e+00 1.187806529274734111e-04
6.423349489871712947e+00 1.183584940218732897e-04
6.432231585681736696e+00 1.179378127359139344e-04
6.441125963499161777e+00 1.175186039893613417e-04
6.450032640307337140e+00 1.171008627190859354e-04
6.458951633113088064e+00 1.166845838790066226e-04
6.467882958946764127e+00 1.162697624400350107e-04
6.476826634862261400e+00 1.158563933900188939e-04
6.485782677937057095e+00 1.154444717336873923e-04
6.494751105272246861e+00 1.150339924925943295e-04
6.503731933992566105e+00 1.146249507050645377e-04
6.512725181246435291e+00 1.142173414261371262e-04
6.521730864205987466e+00 1.138111597275120177e-04
6.530749000067099352e+00 1.134064006974939482e-04
6.539779606049426874e+00 1.130030594409385693e-04
6.548822699396437130e+00 1.126011310791976279e-04
6.557878297375437704e+00 1.122006107500653796e-04
6.566946417277618409e+00 1.118014936077235791e-04
6.576027076418075268e+00 1.114037748226883405e-04
6.585120292135848707e+00 1.110074495817558055e-04
6.594226081793958194e+00 1.106125130879495187e-04
6.603344462779424440e+00 1.102189605604659195e-04
6.612475452503318252e+00 1.098267872346217174e-04
6.621619068400783625e+00 1.094359883618012001e-04
6.630775327931072383e+00 1.090465592094024027e-04
6.639944248577583252e+00 1.086584950607849981e-04
6.649125847847882298e+00 1.082717912152183235e-04
6.658320143273751768e+00 1.078864429878275761e-04
6.667527152411214963e+00 1.075024457095430326e-04
6.676746892840570879e+00 1.071197947270467060e-04
6.685979382166427953e+00 1.067384854027219845e-04
6.695224638017739593e+00 1.063585131146007766e-04
6.704482678047831712e+00 1.059798732563121065e-04
6.713753519934446246e+00 1.056025612370314681e-04
6.723037181379766913e+00 1.052265724814283634e-04
6.732333680110456520e+00 1.048519024296167679e-04
6.741643033877691593e+00 1.044785465371030211e-04
6.750965260457188144e+00 1.041065002747356143e-04
6.760300377649250514e+00 1.037357591286548568e-04
6.769648403278791804e+00 1.033663186002419589e-04
6.779009355195374731e+00 1.029981742060691855e-04
6.788383251273246266e+00 1.026313214778491972e-04
6.797770109411362505e+00 1.022657559623866132e-04
6.807169947533437515e+00 1.019014732215264303e-04
6.816582783587967320e+00 1.015384688321053293e-04
6.826008635548265424e+00 1.011767383859025056e-04
6.835447521412501892e+00 1.008162774895895661e-04
6.844899459203728220e+00 1.004570817646824039e-04
6.854364466969924408e+00 1.000991468474916369e-04
6.863842562784023826e+00 9.974246838907339843e-05
6.873333764743951413e+00 9.938704205518197107e-05
6.882838090972656531e+00 9.903286352621972388e-05
6.892355559618151162e+00 9.867992849719032893e-05
6.901886188853538329e+00 9.832823267764925388e-05
6.911429996877052950e+00 9.797777179165704652e-05
6.920987001912094705e+00 9.762854157772966467e-05
6.930557222207260004e+00 9.728053778879270936e-05
6.940140676036383738e+00 9.693375619213245951e-05
6.949737381698561478e+00 9.658819256934931901e-05
6.959347357518199217e+00 9.624384271631007117e-05
6.968970621845040014e+00 9.590070244310121739e-05
6.978607193054200408e+00 9.555876757398090629e-05
6.988257089546205947e+00 9.521803394733379029e-05
6.997920329747023160e+00 9.487849741562333426e-05
7.007596932108102195e+00 9.454015384534501863e-05
7.017286915106404344e+00 9.420299911698127725e-05
7.026990297244443795e+00 9.386702912495368406e-05
7.036707097050316939e+00 9.353223977757813489e-05
7.046437333077739673e+00 9.319862699701834876e-05
7.056181023906085592e+00 9.286618671924077857e-05
7.065938188140420628e+00 9.253491489396721797e-05
7.075708844411534137e+00 9.220480748463148746e-05
7.085493011375980643e+00 9.187586046833347774e-05
7.095290707716112699e+00 9.154806983579285434e-05
7.105101952140112864e+00 9.122143159130524225e-05
7.114926763382036334e+00 9.089594175269740772e-05
7.124765160201842917e+00 9.057159635128093575e-05
7.134617161385433448e+00 9.024839143181005458e-05
7.144482785744687092e+00 8.992632305243489308e-05
7.154362052117489768e+00 8.960538728465868182e-05
7.164254979367782994e+00 8.928558021329301619e-05
7.174161586385588762e+00 8.896689793641355322e-05
7.184081892087053056e+00 8.864933656531679253e-05
7.194015915414477824e+00 8.833289222447558340e-05
7.203963675336353845e+00 8.801756105149646141e-05
7.213925190847406022e+00 8.770333919707530459e-05
7.223900480968624471e+00 8.739022282495395176e-05
7.233889564747300049e+00 8.707820811187842009e-05
7.243892461257061655e+00 8.676729124755355835e-05
7.253909189597915308e+00 8.645746843460251131e-05
7.263939768896272575e+00 8.614873588852255202e-05
7.273984218304998528e+00 8.584108983764226943e-05
7.284042557003439278e+00 8.553452652307985367e-05
7.294114804197462831e+00 8.522904219870098836e-05
7.304200979119497283e+00 8.492463313107521147e-05
7.314301101028558350e+00 8.462129559943506801e-05
7.324415189210299104e+00 8.431902589563421916e-05
7.334543262977036626e+00 8.401782032410446723e-05
7.344685341667796408e+00 8.371767520181492184e-05
7.354841444648343440e+00 8.341858685823096294e-05
7.365011591311218631e+00 8.312055163527161806e-05
7.375195801075783208e+00 8.282356588726882344e-05
7.385394093388248926e+00 8.252762598092714590e-05
7.395606487721718025e+00 8.223272829528052317e-05
7.405833003576222318e+00 8.193886922165420845e-05
7.416073660478749829e+00 8.164604516362198498e-05
7.426328477983297205e+00 8.135425253696607778e-05
7.436597475670899904e+00 8.106348776963717359e-05
7.446880673149667729e+00 8.077374730171296376e-05
7.457178090054823016e+00 8.048502758535950599e-05
7.467489746048745047e+00 8.019732508478960445e-05
7.477815660820993138e+00 7.991063627622381927e-05
7.488155854088358154e+00 7.962495764785028319e-05
7.498510345594897153e+00 7.934028569978454550e-05
7.508879155111963577e+00 7.905661694403102861e-05
7.519262302438256995e+00 7.877394790444260087e-05
7.529659807399845306e+00 7.849227511668185702e-05
7.540071689850218917e+00 7.821159512818173451e-05
7.550497969670318277e+00 7.793190449810599436e-05
7.560938666768576510e+00 7.765319979731140961e-05
7.571393801080956720e+00 7.737547760830746008e-05
7.581863392570982185e+00 7.709873452521904939e-05
7.592347461229789651e+00 7.682296715374666051e-05
7.602846027076154201e+00 7.654817211112912700e-05
7.613359110156536325e+00 7.627434602610443906e-05
7.623886730545113011e+00 7.600148553887209465e-05
7.634428908343823927e+00 7.572958730105381069e-05
7.644985663682397181e+00 7.545864797565805609e-05
7.655557016718403496e+00 7.518866423637507641e-05
7.666142987637284634e+00 7.491963276415756416e-05
7.676743596652395141e+00 7.465155024976601311e-05
7.687358864005039649e+00 7.438441339528137006e-05
7.697988809964510182e+00 7.411821891407076052e-05
7.708633454828130560e+00 7.385296353074802375e-05
7.719292818921287491e+00 7.358864398113633485e-05
7.729966922597476753e+00 7.332525701223120641e-05
7.740655786238338720e+00 7.306279938216183668e-05
7.751359430253691229e+00 7.280126786015435510e-05
7.762077875081581091e+00 7.254065922649386171e-05
7.772811141188314288e+00 7.228097027248775398e-05
7.783559249068496833e+00 7.202219780042799660e-05
7.794322219245076511e+00 7.176433862355473291e-05
7.805100072269373079e+00 7.150738956601897483e-05
7.815892828721133334e+00 7.125134746284576706e-05
7.826700509208555090e+00 7.099620915989808317e-05
7.837523134368336031e+00 7.074197151383990851e-05
7.848360724865709237e+00 7.048863139209959416e-05
7.859213301394484041e+00 7.023618567283432224e-05
7.870080884677079780e+00 6.998463124489308037e-05
7.880963495464576418e+00 6.973396500778154708e-05
7.891861154536745637e+00 6.948418387162532382e-05
7.902773882702094355e+00 6.923528475713463062e-05
7.913701700797903804e+00 6.898726459556851385e-05
7.924644629690262398e+00 6.874012032869943349e-05
7.935602690274119020e+00 6.849384890877737602e-05
7.946575903473313218e+00 6.824844729849507865e-05
7.957564290240617844e+00 6.800391247095235905e-05
7.968567871557779903e+00 6.776024140962143446e-05
7.979586668435554309e+00 6.751743110831175284e-05
7.990620701913756285e+00 6.727547857113441753e-05
8.001669993061289787e+00 6.703438081246968828e-05
8.012734562976197239e+00 6.679413485692916967e-05
8.023814432785689732e+00 6.655473773932375943e-05
8.034909623646194987e+00 6.631618650462866931e-05
8.046020156743395546e+00 6.607847820794812081e-05
8.057146053292271404e+00 6.584160991448285971e-05
8.068287334537131983e+00 6.560557869949449944e-05
8.079444021751669425e+00 6.537038164827241218e-05
8.090616136238994116e+00 6.513601585610001023e-05
8.101803699331661335e+00 6.490247842822072916e-05
8.113006732391740528e+00 6.466976647980429553e-05
8.124225256810829521e+00 6.443787713591369942e-05
8.135459294010111364e+00 6.420680753147098784e-05
8.146708865440391634e+00 6.397655481122503684e-05
8.157973992582126854e+00 6.374711612971760237e-05
8.169254696945490224e+00 6.351848865125067232e-05
8.180551000070389378e+00 6.329066954985345251e-05
8.191862923526521456e+00 6.306365600924908170e-05
8.203190488913408629e+00 6.283744522282255275e-05
8.214533717860438955e+00 6.261203439358799683e-05
8.225892632026912565e+00 6.238742073415561528e-05
8.237267253102075415e+00 6.216360146670019701e-05
8.248657602805167244e+00 6.194057382292763030e-05
8.260063702885464210e+00 6.171833504404377257e-05
8.271485575122312639e+00 6.149688238072211410e-05
8.282923241325173436e+00 6.127621309307153654e-05
8.294376723333668266e+00 6.105632445060442382e-05
8.305846043017620417e+00 6.083721373220509155e-05
8.317331222277088543e+00 6.061887822609842645e-05
8.328832283042419959e+00 6.040131522981788208e-05
8.340349247274282618e+00 6.018452205017376592e-05
8.351882136963713066e+00 5.996849600322292235e-05
8.363430974132157303e+00 5.975323441423624726e-05
8.374995780831511638e+00 5.953873461766879117e-05
8.386576579144167098e+00 5.932499395712761265e-05
8.398173391183044956e+00 5.911200978534176620e-05
8.409786239091648241e+00 5.889977946413054198e-05
8.421415145044097272e+00 5.868830036437402964e-05
8.433060131245175839e+00 5.847756986598097857e-05
8.444721219930375611e+00 5.826758535785948374e-05
8.456398433365926337e+00 5.805834423788611305e-05
8.468091793848852689e+00 5.784984391287531253e-05
8.479801323707011562e+00 5.764208179854990921e-05
8.491527045299132936e+00 5.743505531951034016e-05
8.503268981014864281e+00 5.722876190920471494e-05
8.515027153274818517e+00 5.702319900989944048e-05
8.526801584530597111e+00 5.681836407264882955e-05
8.538592297264862907e+00 5.661425455726540041e-05
8.550399313991357886e+00 5.641086793229094893e-05
8.562222657254958236e+00 5.620820167496609604e-05
8.574062349631720537e+00 5.600625327120133958e-05
8.585918413728906629e+00 5.580502021554787566e-05
8.597790872185049338e+00 5.560450001116808806e-05
8.609679747669982675e+00 5.540469016980653904e-05
8.621585062884888018e+00 5.520558821176090595e-05
8.633506840562342077e+00 5.500719166585288394e-05
8.645445103466341763e+00 5.480949806940022033e-05
8.657399874392378791e+00 5.461250496818638407e-05
8.669371176167455673e+00 5.441620991643334544e-05
8.681359031650144331e+00 5.422061047677235687e-05
8.693363463730621632e+00 5.402570422021577717e-05
8.705384495330720895e+00 5.383148872612844864e-05
8.717422149403963871e+00 5.363796158219938582e-05
8.729476448935621136e+00 5.344512038441414189e-05
8.741547416942742288e+00 5.325296273702609764e-05
8.753635076474202137e+00 5.306148625252898372e-05
8.765739450610755767e+00 5.287068855162842035e-05
8.777860562465059857e+00 5.268056726321458183e-05
8.789998435181745506e+00 5.249112002433458334e-05
8.802153091937437779e+00 5.230234448016431192e-05
8.814324555940816097e+00 5.211423828398116563e-05
8.826512850432649770e+00 5.192679909713714500e-05
8.838717998685840627e+00 5.174002458903075860e-05
8.850940024005481632e+00 5.155391243707989769e-05
8.863178949728883538e+00 5.136846032669510387e-05
8.875434799225629945e+00 5.118366595125238268e-05
8.887707595897625268e+00 5.099952701206549548e-05
8.899997363179121379e+00 5.081604121836043325e-05
8.912304124536785110e+00 5.063320628724718670e-05
8.924627903469726675e+00 5.045101994369409807e-05
8.936968723509554735e+00 5.026947992050091876e-05
8.949326608220415480e+00 5.008858395827193462e-05
8.961701581199040589e+00 4.990832980538973507e-05
8.974093666074782760e+00 4.972871521798933453e-05
8.986502886509681431e+00 4.954973795993106736e-05
8.998929266198485877e+00 4.937139580277508880e-05
9.011372828868713825e+00 4.919368652575487299e-05
9.023833598280697643e+00 4.901660791575151738e-05
9.036311598227612762e+00 4.884015776726768123e-05
9.048806852535546952e+00 4.866433388240165282e-05
9.061319385063530518e+00 4.848913407082144385e-05
9.073849219703582492e+00 4.831455614973979851e-05
9.086396380380767468e+00 4.814059794388821334e-05
9.098960891053222255e+00 4.796725728549109253e-05
9.111542775712219822e+00 4.779453201424077743e-05
9.124142058382204823e+00 4.762241997727237265e-05
9.136758763120846893e+00 4.745091902913805057e-05
9.149392914019081502e+00 4.728002703178227047e-05
9.162044535201147255e+00 4.710974185451649631e-05
9.174713650824651623e+00 4.694006137399413134e-05
9.187400285080602913e+00 4.677098347418625230e-05
9.200104462193461785e+00 4.660250604635573086e-05
9.212826206421185660e+00 4.643462698903324566e-05
9.225565542055278456e+00 4.626734420799282675e-05
9.238322493420822568e+00 4.610065561622663438e-05
9.251097084876549914e+00 4.593455913392062537e-05
9.263889340814868589e+00 4.576905268843053812e-05
9.276699285661916150e+00 4.560413421425719304e-05
9.289526943877612908e+00 4.543980165302241656e-05
9.302372339955690350e+00 4.527605295344482272e-05
9.315235498423758642e+00 4.511288607131581165e-05
9.328116443843340377e+00 4.495029896947534443e-05
9.341015200809922092e+00 4.478828961778833460e-05
9.353931793953005780e+00 4.462685599312041625e-05
9.366866247936137313e+00 4.446599607931473526e-05
9.379818587456979273e+00 4.430570786716778522e-05
9.392788837247341149e+00 4.414598935440597506e-05
9.405777022073234406e+00 4.398683854566206799e-05
9.418783166734909784e+00 4.382825345245157980e-05
9.431807296066921253e+00 4.367023209315015964e-05
9.444849434938150878e+00 4.351277249296922942e-05
9.457909608251878097e+00 4.335587268393336458e-05
9.470987840945817027e+00 4.319953070485726162e-05
9.484084157992164421e+00 4.304374460132230574e-05
9.497198584397649412e+00 4.288851242565374841e-05
9.510331145203572589e+00 4.273383223689808819e-05
9.523481865485873499e+00 4.257970210079967230e-05
9.536650770355153739e+00 4.242612008977855178e-05
9.549837884956749789e+00 4.227308428290740155e-05
9.563043234470759657e+00 4.212059276588885380e-05
9.576266844112099719e+00 4.196864363103347512e-05
9.589508739130559789e+00 4.181723497723684245e-05
9.602768944810840424e+00 4.166636490995735752e-05
9.616047486472604433e+00 4.151603154119374293e-05
9.629344389470530174e+00 4.136623298946521480e-05
9.642659679194350630e+00 4.121696738007563505e-05
9.655993381068910253e+00 4.106823284539603419e-05
9.669345520554212925e+00 4.092002752431095667e-05
9.682716123145462817e+00 4.077234956212093692e-05
9.696105214373123005e+00 4.062519711052147261e-05
9.709512819802961658e+00 4.047856832758096787e-05
9.722938965036087566e+00 4.033246137771903574e-05
9.736383675709021190e+00 4.018687443168566115e-05
9.749846977493730193e+00 4.004180566653885956e-05
9.763328896097680953e+00 3.989725326562375865e-05
9.776829457263886525e+00 3.975321541855136149e-05
9.790348686770954600e+00 3.960969032117726233e-05
9.803886610433142579e+00 3.946667617558026746e-05
9.817443254100403749e+00 3.932417119004149724e-05
9.831018643658435252e+00 3.918217357902344740e-05
9.844612805028731373e+00 3.904068156314881326e-05
9.858225764168620842e+00 3.889969336917969338e-05
9.871857547071334338e+00 3.875920722999694901e-05
9.885508179766045345e+00 3.861922138457925193e-05
9.899177688317916335e+00 3.847973407798242361e-05
9.912866098828153838e+00 3.834074356131890991e-05
9.926573437434059954e+00 3.820224809173717445e-05
9.940299730309069659e+00 3.806424593240141728e-05
9.954045003662820079e+00 3.792673535247085978e-05
9.967809283741186022e+00 3.778971462707968025e-05
9.981592596826335040e+00 3.765318203731664434e-05
9.995394969236780724e+00 3.751713587020485090e-05
1.000921642732741645e+01 3.738157441868178259e-05
1.002305699748960244e+01 3.724649598157894325e-05
1.003691670615116927e+01 3.711189886360218639e-05
1.005079557977649785e+01 3.697778137531181330e-05
1.006469364486657447e+01 3.684414183310210196e-05
1.007861092795901570e+01 3.671097855918227932e-05
1.009254745562814648e+01 3.657828988155637542e-05
1.010650325448503040e+01 3.644607413400360613e-05
1.012047835117752470e+01 3.631432965605883043e-05
1.013447277239034960e+01 3.618305479299296695e-05
1.014848654484510604e+01 3.605224789579386464e-05
1.016251969530036270e+01 3.592190732114591974e-05
1.017657225055167736e+01 3.579203143141200348e-05
1.019064423743165904e+01 3.566261859461337724e-05
1.020473568281003551e+01 3.553366718441049540e-05
1.021884661359367108e+01 3.540517558008443838e-05
1.023297705672665181e+01 3.527714216651703784e-05
1.024712703919031043e+01 3.514956533417265533e-05
1.026129658800328848e+01 3.502244347907844982e-05
1.027548573022160383e+01 3.489577500280595298e-05
1.028969449293866489e+01 3.476955831245244130e-05
1.030392290328536653e+01 3.464379182062152885e-05
1.031817098843009894e+01 3.451847394540493911e-05
1.033243877557884005e+01 3.439360311036366696e-05
1.034672629197517146e+01 3.426917774450958794e-05
1.036103356490034955e+01 3.414519628228666084e-05
1.037536062167336937e+01 3.402165716355265218e-05
1.038970748965097890e+01 3.389855883356086055e-05
1.040407419622777851e+01 3.377589974294140064e-05
1.041846076883623162e+01 3.365367834768321899e-05
1.043286723494673573e+01 3.353189310911598785e-05
1.044729362206768997e+01 3.341054249389155173e-05
1.046173995774550924e+01 3.328962497396630238e-05
1.047620626956472201e+01 3.316913902658256437e-05
1.049069258514798264e+01 3.304908313425145114e-05
1.050519893215614431e+01 3.292945578473398634e-05
1.051972533828832113e+01 3.281025547102412251e-05
1.053427183128191125e+01 3.269148069133037064e-05
1.054883843891268569e+01 3.257312994905833771e-05
1.056342518899480964e+01 3.245520175279297291e-05
1.057803210938090999e+01 3.233769461628104421e-05
1.059265922796214277e+01 3.222060705841312705e-05
1.060730657266820742e+01 3.210393760320713803e-05
1.062197417146744804e+01 3.198768477978959851e-05
1.063666205236686935e+01 3.187184712237924289e-05
1.065137024341219885e+01 3.175642317026941379e-05
1.066609877268796325e+01 3.164141146781049128e-05
1.068084766831750265e+01 3.152681056439300640e-05
1.069561695846306826e+01 3.141261901443045653e-05
1.071040667132583479e+01 3.129883537734217503e-05
1.072521683514597512e+01 3.118545821753641092e-05
1.074004747820272776e+01 3.107248610439288671e-05
1.075489862881441461e+01 3.095991761224656935e-05
1.076977031533853513e+01 3.084775132037032968e-05
1.078466256617178587e+01 3.073598581295817122e-05
1.079957540975013153e+01 3.062461967910883840e-05
1.081450887454886889e+01 3.051365151280840490e-05
1.082946298908265526e+01 3.040307991291458329e-05
1.084443778190559371e+01 3.029290348313929640e-05
1.085943328161125265e+01 3.018312083203255326e-05
1.087444951683275818e+01 3.007373057296600305e-05
1.088948651624281538e+01 2.996473132411626896e-05
1.090454430855377765e+01 2.985612170844900357e-05
1.091962292251771771e+01 2.974790035370193127e-05
1.093472238692644183e+01 2.964006589236944922e-05
1.094984273061159463e+01 2.953261696168532754e-05
1.096498398244466976e+01 2.942555220360775070e-05
1.098014617133708448e+01 2.931887026480250560e-05
1.099532932624025072e+01 2.921256979662678296e-05
1.101053347614559463e+01 2.910664945511396115e-05
1.102575865008464540e+01 2.900110790095686888e-05
1.104100487712906897e+01 2.889594379949246065e-05
1.105627218639072673e+01 2.879115582068572313e-05
1.107156060702175360e+01 2.868674263911396438e-05
1.108687016821456872e+01 2.858270293395105230e-05
1.110220089920198738e+01 2.847903538895183256e-05
1.111755282925722632e+01 2.837573869243641787e-05
1.113292598769398190e+01 2.827281153727477536e-05
1.114832040386649936e+01 2.817025262087102257e-05
1.116373610716959774e+01 2.806806064514816396e-05
1.117917312703876043e+01 2.796623431653238009e-05
1.119463149295015647e+01 2.786477234593817069e-05
1.121011123442071700e+01 2.776367344875245417e-05
1.122561238100820624e+01 2.766293634481983260e-05
1.124113496231123221e+01 2.756255975842714526e-05
1.125667900796935861e+01 2.746254241828821523e-05
1.127224454766311901e+01 2.736288305752896874e-05
1.128783161111408262e+01 2.726358041367234441e-05
1.130344022808493776e+01 2.716463322862305686e-05
1.131907042837950605e+01 2.706604024865311579e-05
1.133472224184284372e+01 2.696780022438640661e-05
1.135039569836125573e+01 2.686991191078413505e-05
1.136609082786237934e+01 2.677237406713011246e-05
1.138180766031524627e+01 2.667518545701567188e-05
1.139754622573031106e+01 2.657834484832531590e-05
1.141330655415954531e+01 2.648185101322175466e-05
1.142908867569646070e+01 2.638570272813166217e-05
1.144489262047618006e+01 2.628989877373072448e-05
1.146071841867551733e+01 2.619443793492942982e-05
1.147656610051298642e+01 2.609931900085860133e-05
1.149243569624891492e+01 2.600454076485459088e-05
1.150832723618544762e+01 2.591010202444567914e-05
1.152424075066665488e+01 2.581600158133691365e-05
1.154017627007854685e+01 2.572223824139646149e-05
1.155613382484915519e+01 2.562881081464120627e-05
1.157211344544860054e+01 2.553571811522239602e-05
1.158811516238911388e+01 2.544295896141182643e-05
1.160413900622514305e+01 2.535053217558752930e-05
1.162018500755337058e+01 2.525843658421981014e-05
1.163625319701278116e+01 2.516667101785754649e-05
1.165234360528475221e+01 2.507523431111370710e-05
1.166845626309305395e+01 2.498412530265190778e-05
1.168459120120397365e+01 2.489334283517238795e-05
1.170074845042631750e+01 2.480288575539834291e-05
1.171692804161149759e+01 2.471275291406210703e-05
1.173313000565360120e+01 2.462294316589126581e-05
1.174935437348941392e+01 2.453345536959536762e-05
1.176560117609852441e+01 2.444428838785207641e-05
1.178187044450333865e+01 2.435544108729362255e-05
1.179816220976916519e+01 2.426691233849336893e-05
1.181447650300427910e+01 2.417870101595229567e-05
1.183081335535995571e+01 2.409080599808565765e-05
1.184717279803056300e+01 2.400322616720923212e-05
1.186355486225359179e+01 2.391596040952659622e-05
1.187995957930972324e+01 2.382900761511530345e-05
1.189638698052291232e+01 2.374236667791405615e-05
1.191283709726040563e+01 2.365603649570899718e-05
1.192930996093284612e+01 2.357001597012107211e-05
1.194580560299429095e+01 2.348430400659254794e-05
1.196232405494229667e+01 2.339889951437427364e-05
1.197886534831799032e+01 2.331380140651212766e-05
1.199542951470608365e+01 2.322900859983470886e-05
1.201201658573499564e+01 2.314452001493996690e-05
1.202862659307685789e+01 2.306033457618219187e-05
1.204525956844759804e+01 2.297645121165957979e-05
1.206191554360701801e+01 2.289286885320124593e-05
1.207859455035881346e+01 2.280958643635422117e-05
1.209529662055068222e+01 2.272660290037109546e-05
1.211202178607433311e+01 2.264391718819712938e-05
1.212877007886560321e+01 2.256152824587902853e-05
1.214554153090446853e+01 2.247943501425624148e-05
1.216233617421512747e+01 2.239763643101371366e-05
1.217915404086607900e+01 2.231613143753054512e-05
1.219599516297014041e+01 2.223491897905379829e-05
1.221285957268456102e+01 2.215399800468394602e-05
1.222974730221103457e+01 2.207336746736058035e-05
1.224665838379578808e+01 2.199302632384776229e-05
1.226359284972964936e+01 2.191297353471959177e-05
1.228055073234808070e+01 2.183320806434604181e-05
1.229753206403127663e+01 2.175372888087843365e-05
1.231453687720418877e+01 2.167453495623546746e-05
1.233156520433660397e+01 2.159562526608878549e-05
1.234861707794323316e+01 2.151699878984923665e-05
1.236569253058371487e+01 2.143865451065222954e-05
1.238279159486274139e+01 2.136059141534423417e-05
1.239991430343006584e+01 2.128280849446869411e-05
1.241706068898059456e+01 2.120530474225190815e-05
1.243423078425445816e+01 2.112807915658957260e-05
1.245142462203703992e+01 2.105113073903251732e-05
1.246864223515907533e+01 2.097445849477349872e-05
1.248588365649668752e+01 2.089806143263297643e-05
1.250314891897145486e+01 2.082193856504599102e-05
1.252043805555049794e+01 2.074608890804810669e-05
1.253775109924650089e+01 2.067051148126223479e-05
1.255508808311782154e+01 2.059520530788504404e-05
1.257244904026851096e+01 2.052016941467354691e-05
1.258983400384839335e+01 2.044540283193179103e-05
1.260724300705315848e+01 2.037090459349725588e-05
1.262467608312436518e+01 2.029667373672817772e-05
1.264213326534956749e+01 2.022270930248958040e-05
1.265961458706232712e+01 2.014901033514080359e-05
1.267712008164230397e+01 2.007557588252200447e-05
1.269464978251532905e+01 2.000240499594115073e-05
1.271220372315342750e+01 1.992949673016121339e-05
1.272978193707494121e+01 1.985685014338685146e-05
1.274738445784453056e+01 1.978446429725193008e-05
1.276501131907329167e+01 1.971233825680630337e-05
1.278266255441878307e+01 1.964047109050323772e-05
1.280033819758510205e+01 1.956886187018650302e-05
1.281803828232297171e+01 1.949750967107786025e-05
1.283576284242975873e+01 1.942641357176416966e-05
1.285351191174958707e+01 1.935557265418494618e-05
1.287128552417336813e+01 1.928498600361982330e-05
1.288908371363886829e+01 1.921465270867591874e-05
1.290690651413080658e+01 1.914457186127536273e-05
1.292475395968086893e+01 1.907474255664316513e-05
1.294262608436782713e+01 1.900516389329441844e-05
1.296052292231755310e+01 1.893583497302236141e-05
1.297844450770311120e+01 1.886675490088591750e-05
1.299639087474483645e+01 1.879792278519747388e-05
1.301436205771035937e+01 1.872933773751091796e-05
1.303235809091471964e+01 1.866099887260911142e-05
1.305037900872038747e+01 1.859290530849222153e-05
1.306842484553735240e+01 1.852505616636546286e-05
1.308649563582320141e+01 1.845745057062724562e-05
1.310459141408314032e+01 1.839008764885702920e-05
1.312271221487012163e+01 1.832296653180369745e-05
1.314085807278485341e+01 1.825608635337351056e-05
1.315902902247588457e+01 1.818944625061835833e-05
1.317722509863970437e+01 1.812304536372408471e-05
1.319544633602074768e+01 1.805688283599868695e-05
1.321369276941151760e+01 1.799095781386076881e-05
1.323196443365261388e+01 1.792526944682772615e-05
1.325026136363280926e+01 1.785981688750437979e-05
1.326858359428914191e+01 1.779459929157125249e-05
1.328693116060693313e+01 1.772961581777339162e-05
1.330530409761990462e+01 1.766486562790851736e-05
1.332370244041020868e+01 1.760034788681597069e-05
1.334212622410850457e+01 1.753606176236527841e-05
1.336057548389404914e+01 1.747200642544471821e-05
1.337905025499471812e+01 1.740818104995020559e-05
1.339755057268712868e+01 1.734458481277393346e-05
1.341607647229664835e+01 1.728121689379347590e-05
1.343462798919752110e+01 1.721807647586027191e-05
1.345320515881288337e+01 1.715516274478880371e-05
1.347180801661485638e+01 1.709247488934556499e-05
1.349043659812463147e+01 1.703001210123773775e-05
1.350909093891248780e+01 1.696777357510279418e-05
1.352777107459792205e+01 1.690575850849702097e-05
1.354647704084966264e+01 1.684396610188489761e-05
1.356520887338575854e+01 1.678239555862834240e-05
1.358396660797367161e+01 1.672104608497575523e-05
1.360275028043029444e+01 1.665991689005131453e-05
1.362155992662207282e+01 1.659900718584442317e-05
1.364039558246503070e+01 1.653831618719865979e-05
1.365925728392485183e+01 1.647784311180168219e-05
1.367814506701697752e+01 1.641758718017413793e-05
1.369705896780661902e+01 1.635754761565951692e-05
1.371599902240888724e+01 1.629772364441333307e-05
1.373496526698881404e+01 1.623811449539287185e-05
1.375395773776143571e+01 1.617871940034680902e-05
1.377297647099188893e+01 1.611953759380447027e-05
1.379202150299542851e+01 1.606056831306609372e-05
1.381109287013755527e+01 1.600181079819179816e-05
1.383019060883403384e+01 1.594326429199193366e-05
1.384931475555097968e+01 1.588492804001665967e-05
1.386846534680496212e+01 1.582680129054555364e-05
1.388764241916300790e+01 1.576888329457776507e-05
1.390684600924274505e+01 1.571117330582181388e-05
1.392607615371240648e+01 1.565367058068541583e-05
1.394533288929093651e+01 1.559637437826560274e-05
1.396461625274806906e+01 1.553928396033864618e-05
1.398392628090435608e+01 1.548239859135013024e-05
1.400326301063129719e+01 1.542571753840505142e-05
1.402262647885134861e+01 1.536924007125793545e-05
1.404201672253802613e+01 1.531296546230306928e-05
1.406143377871599398e+01 1.525689298656455525e-05
1.408087768446108434e+01 1.520102192168671928e-05
1.410034847690042525e+01 1.514535154792420397e-05
1.411984619321245304e+01 1.508988114813246828e-05
1.413937087062704556e+01 1.503461000775803308e-05
1.415892254642553993e+01 1.497953741482893173e-05
1.417850125794082317e+01 1.492466265994512167e-05
1.419810704255742628e+01 1.486998503626880958e-05
1.421773993771154920e+01 1.481550383951520178e-05
1.423739998089118686e+01 1.476121836794282945e-05
1.425708720963614695e+01 1.470712792234429733e-05
1.427680166153815122e+01 1.465323180603676644e-05
1.429654337424091715e+01 1.459952932485255709e-05
1.431631238544019524e+01 1.454601978712999418e-05
1.433610873288388277e+01 1.449270250370403561e-05
1.435593245437205567e+01 1.443957678789698033e-05
1.437578358775705922e+01 1.438664195550940845e-05
1.439566217094360212e+01 1.433389732481075212e-05
1.441556824188877606e+01 1.428134221653040673e-05
1.443550183860219072e+01 1.422897595384855249e-05
1.445546299914598976e+01 1.417679786238700133e-05
1.447545176163495384e+01 1.412480727020022352e-05
1.449546816423658235e+01 1.407300350776628095e-05
1.451551224517113070e+01 1.402138590797807904e-05
1.453558404271172755e+01 1.396995380613411539e-05
1.455568359518440857e+01 1.391870653992979774e-05
1.457581094096820173e+01 1.386764344944856871e-05
1.459596611849522851e+01 1.381676387715298828e-05
1.461614916625072347e+01 1.376606716787594326e-05
1.463636012277316745e+01 1.371555266881200587e-05
1.465659902665431069e+01 1.366521972950852125e-05
1.467686591653926698e+01 1.361506770185711003e-05
1.469716083112660954e+01 1.356509594008488629e-05
1.471748380916839416e+01 1.351530380074579581e-05
1.473783488947029241e+01 1.346569064271210846e-05
1.475821411089161117e+01 1.341625582716584454e-05
1.477862151234539390e+01 1.336699871759021466e-05
1.479905713279851298e+01 1.331791867976105285e-05
1.481952101127169463e+01 1.326901508173862575e-05
1.484001318683965209e+01 1.322028729385877943e-05
1.486053369863110696e+01 1.317173468872487732e-05
1.488108258582889043e+01 1.312335664119929431e-05
1.490165988767003213e+01 1.307515252839513445e-05
1.492226564344579209e+01 1.302712172966794023e-05
1.494289989250179040e+01 1.297926362660716630e-05
1.496356267423802500e+01 1.293157760302843252e-05
1.498425402810900309e+01 1.288406304496484359e-05
1.500497399362376783e+01 1.283671934065903199e-05
1.502572261034599421e+01 1.278954588055508239e-05
1.504649991789408858e+01 1.274254205729015787e-05
1.506730595594120992e+01 1.269570726568666319e-05
1.508814076421540662e+01 1.264904090274412170e-05
1.510900438249964139e+01 1.260254236763101169e-05
1.512989685063188361e+01 1.255621106167707870e-05
1.515081820850521943e+01 1.251004638836497697e-05
1.517176849606786426e+01 1.246404775332271226e-05
1.519274775332330130e+01 1.241821456431546287e-05
1.521375602033031171e+01 1.237254623123786317e-05
1.523479333720306528e+01 1.232704216610623800e-05
1.525585974411122869e+01 1.228170178305044916e-05
1.527695528127997804e+01 1.223652450051561861e-05
1.529807998899014621e+01 1.219150974896118194e-05
1.531923390757824421e+01 1.214665696355783806e-05
1.534041707743655536e+01 1.210196558134118816e-05
1.536162953901324357e+01 1.205743504120552864e-05
1.538287133281237118e+01 1.201306478389853177e-05
1.540414249939403923e+01 1.196885425201535538e-05
1.542544307937441239e+01 1.192480288999311516e-05
1.544677311342581838e+01 1.188091014410517734e-05
1.546813264227685103e+01 1.183717546245555641e-05
1.548952170671238626e+01 1.179359829497326880e-05
1.551094034757373485e+01 1.175017809340687970e-05
1.553238860575865488e+01 1.170691431131878892e-05
1.555386652222145649e+01 1.166380640407969815e-05
1.557537413797310677e+01 1.162085382886310857e-05
1.559691149408124922e+01 1.157805604463976605e-05
1.561847863167034589e+01 1.153541251217215541e-05
1.564007559192170227e+01 1.149292269400898962e-05
1.566170241607356850e+01 1.145058605447970919e-05
1.568335914542124243e+01 1.140840205968910012e-05
1.570504582131709270e+01 1.136637017751172718e-05
1.572676248517069908e+01 1.132448987758649765e-05
1.574850917844887199e+01 1.128276063131133693e-05
1.577028594267579287e+01 1.124118191183768273e-05
1.579209281943303722e+01 1.119975319406511497e-05
1.581392985035968124e+01 1.115847395463609394e-05
1.583579707715239948e+01 1.111734367193033437e-05
1.585769454156549507e+01 1.107636182605967237e-05
1.587962228541103649e+01 1.103552789886266984e-05
1.590158035055889130e+01 1.099484137389924089e-05
1.592356877893681677e+01 1.095430173644543074e-05
1.594558761253057710e+01 1.091390847348798452e-05
1.596763689338395764e+01 1.087366107371930578e-05
1.598971666359891408e+01 1.083355902753191683e-05
1.601182696533560090e+01 1.079360182701338507e-05
1.603396784081246196e+01 1.075378896594100866e-05
1.605613933230634771e+01 1.071411993977670386e-05
1.607834148215254544e+01 1.067459424566160264e-05
1.610057433274489824e+01 1.063521138241101791e-05
1.612283792653585834e+01 1.059597085050930545e-05
1.614513230603657590e+01 1.055687215210451739e-05
1.616745751381701623e+01 1.051791479100333191e-05
1.618981359250596341e+01 1.047909827266602523e-05
1.621220058479119075e+01 1.044042210420123528e-05
1.623461853341947858e+01 1.040188579436080493e-05
1.625706748119670308e+01 1.036348885353486920e-05
1.627954747098796773e+01 1.032523079374650882e-05
1.630205854571761037e+01 1.028711112864711525e-05
1.632460074836935959e+01 1.024912937351080701e-05
1.634717412198635955e+01 1.021128504522973209e-05
1.636977870967126591e+01 1.017357766230898064e-05
1.639241455458636310e+01 1.013600674486160946e-05
1.641508169995359268e+01 1.009857181460350907e-05
1.643778018905468841e+01 1.006127239484853828e-05
1.646051006523121174e+01 1.002410801050349282e-05
1.648327137188465841e+01 9.987078188063290861e-06
1.650606415247655789e+01 9.950182455605773854e-06
1.652888845052850542e+01 9.913420342787063143e-06
1.655174430962231824e+01 9.876791380836432010e-06
1.657463177340003568e+01 9.840295102551492839e-06
1.659755088556407898e+01 9.803931042293335144e-06
1.662050168987728327e+01 9.767698735981590754e-06
1.664348423016298639e+01 9.731597721089615895e-06
1.666649855030515681e+01 9.695627536639641074e-06
1.668954469424840781e+01 9.659787723197981956e-06
1.671262270599816091e+01 9.624077822870031709e-06
1.673573262962064945e+01 9.588497379295754782e-06
1.675887450924304645e+01 9.553045937644611489e-06
1.678204838905357121e+01 9.517723044610973865e-06
1.680525431330151065e+01 9.482528248409287413e-06
1.682849232629737202e+01 9.447461098769293839e-06
1.685176247241290426e+01 9.412521146931296137e-06
1.687506479608122234e+01 9.377707945641549039e-06
1.689839934179689962e+01 9.343021049147417370e-06
1.692176615411600338e+01 9.308460013192614029e-06
1.694516527765625469e+01 9.274024395012754767e-06
1.696859675709703197e+01 9.239713753330504678e-06
1.699206063717950599e+01 9.205527648350917831e-06
1.701555696270673579e+01 9.171465641756861598e-06
1.703908577854370066e+01 9.137527296704405400e-06
1.706264712961744934e+01 9.103712177818019732e-06
1.708624106091713912e+01 9.070019851186210551e-06
1.710986761749412466e+01 9.036449884356813163e-06
1.713352684446208940e+01 9.003001846332331845e-06
1.715721878699706338e+01 8.969675307565542051e-06
1.718094349033758306e+01 8.936469839954735173e-06
1.720470099978470557e+01 8.903385016839388501e-06
1.722849136070214016e+01 8.870420412995484526e-06
1.725231461851634762e+01 8.837575604630991169e-06
1.727617081871655813e+01 8.804850169381511418e-06
1.730006000685495238e+01 8.772243686305578912e-06
1.732398222854666869e+01 8.739755735880324516e-06
1.734793752946991674e+01 8.707385899997005681e-06
1.737192595536610185e+01 8.675133761956449412e-06
1.739594755203984278e+01 8.642998906464740864e-06
1.742000236535912805e+01 8.610980919628652755e-06
1.744409044125534081e+01 8.579079388951401733e-06
1.746821182572341158e+01 8.547293903328071006e-06
1.749236656482184316e+01 8.515624053041314192e-06
1.751655470467283138e+01 8.484069429757035453e-06
1.754077629146236816e+01 8.452629626519800270e-06
1.756503137144028059e+01 8.421304237748803562e-06
1.758931999092039078e+01 8.390092859233194071e-06
1.761364219628051941e+01 8.358995088128039092e-06
1.763799803396263499e+01 8.328010522949777600e-06
1.766238755047294262e+01 8.297138763572034219e-06
1.768681079238191955e+01 8.266379411221355249e-06
1.771126780632447861e+01 8.235732068472765140e-06
1.773575863899999305e+01 8.205196339245736302e-06
1.776028333717240670e+01 8.174771828799735413e-06
1.778484194767035476e+01 8.144458143730084809e-06
1.780943451738719929e+01 8.114254891963644314e-06
1.783406109328116429e+01 8.084161682754682801e-06
1.785872172237539957e+01 8.054178126680624391e-06
1.788341645175806605e+01 8.024303835637896300e-06
1.790814532858246366e+01 7.994538422837634380e-06
1.793290840006706688e+01 7.964881502801673266e-06
1.795770571349567035e+01 7.935332691358201095e-06
1.798253731621742801e+01 7.905891605637837747e-06
1.800740325564697386e+01 7.876557864069247210e-06
1.803230357926452143e+01 7.847331086375207353e-06
1.805723833461591354e+01 7.818210893568445905e-06
1.808220756931276796e+01 7.789196907947423931e-06
1.810721133103251290e+01 7.760288753092471663e-06
1.813224966751850786e+01 7.731486053861517764e-06
1.815732262658015372e+01 7.702788436386120128e-06
1.818243025609292829e+01 7.674195528067344221e-06
1.820757260399854616e+01 7.645706957571822682e-06
1.823274971830498359e+01 7.617322354827600624e-06
1.825796164708660996e+01 7.589041351020229970e-06
1.828320843848429078e+01 7.560863578588668963e-06
1.830849014070543035e+01 7.532788671221402758e-06
1.833380680202411739e+01 7.504816263852303968e-06
1.835915847078117125e+01 7.476945992656839653e-06
1.838454519538428400e+01 7.449177495047895447e-06
1.840996702430805954e+01 7.421510409672052004e-06
1.843542400609413434e+01 7.393944376405512456e-06
1.846091618935129119e+01 7.366479036350128144e-06
1.848644362275549113e+01 7.339114031829712324e-06
1.851200635505004399e+01 7.311849006385800768e-06
1.853760443504563327e+01 7.284683604774086606e-06
1.856323791162042980e+01 7.257617472960335928e-06
1.858890683372023034e+01 7.230650258116538023e-06
1.861461125035847175e+01 7.203781608617174198e-06
1.864035121061639444e+01 7.177011174035174042e-06
1.866612676364309564e+01 7.150338605138269795e-06
1.869193795865562535e+01 7.123763553885012756e-06
1.871778484493911421e+01 7.097285673421103086e-06
1.874366747184681614e+01 7.070904618075472280e-06
1.876958588880026468e+01 7.044620043356485922e-06
1.879554014528929429e+01 7.018431605948304828e-06
1.882153029087218954e+01 6.992338963706945497e-06
1.884755637517578108e+01 6.966341775656615847e-06
1.887361844789548471e+01 6.940439701985956928e-06
1.889971655879547541e+01 6.914632404044267699e-06
1.892585075770871228e+01 6.888919544337790785e-06
1.895202109453706285e+01 6.863300786526104121e-06
1.897822761925142387e+01 6.837775795418180551e-06
1.900447038189175331e+01 6.812344236968936169e-06
1.903074943256724794e+01 6.787005778275400886e-06
1.905706482145636116e+01 6.761760087573088044e-06
1.908341659880692731e+01 6.736606834232346246e-06
1.910980481493630023e+01 6.711545688754718807e-06
1.913622952023137103e+01 6.686576322769245613e-06
1.916269076514873504e+01 6.661698409028869154e-06
1.918918860021474160e+01 6.636911621406836331e-06
1.921572307602560059e+01 6.612215634558115670e-06
1.924229424324751747e+01 6.587610103127781857e-06
1.926890215261671102e+01 6.563094649912984062e-06
1.929554685493960520e+01 6.538668896699763991e-06
1.932222840109283624e+01 6.514332467224578685e-06
1.934894684202343029e+01 6.490084987162946888e-06
1.937570222874883186e+01 6.465926084118219931e-06
1.940249461235703876e+01 6.441855387610380573e-06
1.942932404400670876e+01 6.417872529064929077e-06
1.945619057492721282e+01 6.393977141801801477e-06
1.948309425641879145e+01 6.370168861024406436e-06
1.951003513985260440e+01 6.346447323808722235e-06
1.953701327667083376e+01 6.322812169092468300e-06
1.956402871838683666e+01 6.299263037664231848e-06
1.959108151658514885e+01 6.275799572152857945e-06
1.961817172292168721e+01 6.252421417016755719e-06
1.964529938912376394e+01 6.229128218533317224e-06
1.967246456699021806e+01 6.205919624788438794e-06
1.969966730839155034e+01 6.182795285666008518e-06
1.972690766526993400e+01 6.159754852837585991e-06
1.975418568963942079e+01 6.136797979752035477e-06
1.978150143358595159e+01 6.113924321625297987e-06
1.980885494926748791e+01 6.091133535430214176e-06
1.983624628891415043e+01 6.068425279886310823e-06
1.986367550482823674e+01 6.045799215449862591e-06
1.989114264938441323e+01 6.023255004303759819e-06
1.991864777502973283e+01 6.000792310347645672e-06
1.994619093428377354e+01 5.978410799188030418e-06
1.997377217973876995e+01 5.956110138128398931e-06
2.000139156405963448e+01 5.933889996159545198e-06
2.002904913998414571e+01 5.911750043949825508e-06
2.005674496032298393e+01 5.889689953835492965e-06
2.008447907795984477e+01 5.867709399811182762e-06
2.011225154585158492e+01 5.845808057520330546e-06
2.014006241702825051e+01 5.823985604245706823e-06
2.016791174459325475e+01 5.802241718900062331e-06
2.019579958172340994e+01 5.780576082016741215e-06
2.022372598166906599e+01 5.758988375740406020e-06
2.025169099775422765e+01 5.737478283817764373e-06
2.027969468337660430e+01 5.716045491588473543e-06
2.030773709200777688e+01 5.694689685975886607e-06
2.033581827719323698e+01 5.673410555478158602e-06
2.036393829255251831e+01 5.652207790159091797e-06
2.039209719177933167e+01 5.631081081639237607e-06
2.042029502864158985e+01 5.610030123087028161e-06
2.044853185698159592e+01 5.589054609209814693e-06
2.047680773071607163e+01 5.568154236245253216e-06
2.050512270383632085e+01 5.547328701952375103e-06
2.053347683040828642e+01 5.526577705603052379e-06
2.056187016457267092e+01 5.505900947973295308e-06
2.059030276054507169e+01 5.485298131334631291e-06
2.061877467261600927e+01 5.464768959445712462e-06
2.064728595515111920e+01 5.444313137543677648e-06
2.067583666259119113e+01 5.423930372335802317e-06
2.070442684945227896e+01 5.403620371991211208e-06
2.073305657032586069e+01 5.383382846132392754e-06
2.076172587987886331e+01 5.363217505827009122e-06
2.079043483285384042e+01 5.343124063579679992e-06
2.081918348406901487e+01 5.323102233323795987e-06
2.084797188841841376e+01 5.303151730413412561e-06
2.087680010087199989e+01 5.283272271615084608e-06
2.090566817647570375e+01 5.263463575100039026e-06
2.093457617035161533e+01 5.243725360435976290e-06
2.096352413769801615e+01 5.224057348579269272e-06
2.099251213378951775e+01 5.204459261867050265e-06
2.102154021397718964e+01 5.184930824009379314e-06
2.105060843368860191e+01 5.165471760081466758e-06
2.107971684842801352e+01 5.146081796515873754e-06
2.110886551377639009e+01 5.126760661094948270e-06
2.113805448539156728e+01 5.107508082943067112e-06
2.116728381900837164e+01 5.088323792519014319e-06
2.119655357043865251e+01 5.069207521608566241e-06
2.122586379557148106e+01 5.050159003316818263e-06
2.125521455037317509e+01 5.031177972060852891e-06
2.128460589088744825e+01 5.012264163562210473e-06
2.131403787323553445e+01 4.993417314839610648e-06
2.134351055361623395e+01 4.974637164201576382e-06
2.137302398830609818e+01 4.955923451239069863e-06
2.140257823365946876e+01 4.937275916818435023e-06
2.143217334610860547e+01 4.918694303074003785e-06
2.146180938216383893e+01 4.900178353401058920e-06
2.149148639841359909e+01 4.881727812448647812e-06
2.152120445152460704e+01 4.863342426112583428e-06
2.155096359824189634e+01 4.845021941528353804e-06
2.158076389538901196e+01 4.826766107064124710e-06
2.161060539986804230e+01 4.808574672313892230e-06
2.164048816865975766e+01 4.790447388090420204e-06
2.167041225882374889e+01 4.772384006418530033e-06
2.170037772749847349e+01 4.754384280528178725e-06
2.173038463190143332e+01 4.736447964847696185e-06
2.176043302932922430e+01 4.718574814997071631e-06
2.179052297715766429e+01 4.700764587781234929e-06
2.182065453284194589e+01 4.683017041183369267e-06
2.185082775391666843e+01 4.665331934358312772e-06
2.188104269799602619e+01 4.647709027625993151e-06
2.191129942277385467e+01 4.630148082464817452e-06
2.194159798602376554e+01 4.612648861505259175e-06
2.197193844559929232e+01 4.595211128523302236e-06
2.200232085943391880e+01 4.577834648434060271e-06
2.203274528554128864e+01 4.560519187285368827e-06
2.206321178201523026e+01 4.543264512251421609e-06
2.209372040702989892e+01 4.526070391626514290e-06
2.212427121883993308e+01 4.508936594818647722e-06
2.215486427578047923e+01 4.491862892343435224e-06
2.218549963626738020e+01 4.474849055817747297e-06
2.221617735879724265e+01 4.457894857953663807e-06
2.224689750194754723e+01 4.441000072552272859e-06
2.227766012437680843e+01 4.424164474497589097e-06
2.230846528482461366e+01 4.407387839750510126e-06
2.233931304211181512e+01 4.390669945342750910e-06
2.237020345514057240e+01 4.374010569370941644e-06
2.240113658289448750e+01 4.357409490990547754e-06
2.243211248443876116e+01 4.340866490410067719e-06
2.246313121892022835e+01 4.324381348885047092e-06
2.249419284556754306e+01 4.307953848712322060e-06
2.252529742369123866e+01 4.291583773224154591e-06
2.255644501268385937e+01 4.275270906782454822e-06
2.258763567202010236e+01 4.259015034772992436e-06
2.261886946125687103e+01 4.242815943599795231e-06
2.265014644003346334e+01 4.226673420679333394e-06
2.268146666807159662e+01 4.210587254435001927e-06
2.271283020517562079e+01 4.194557234291372683e-06
2.274423711123254677e+01 4.178583150668709825e-06
2.277568744621219921e+01 4.162664794977395506e-06
2.280718127016735153e+01 4.146801959612402976e-06
2.283871864323378631e+01 4.130994437947812890e-06
2.287029962563047647e+01 4.115242024331349951e-06
2.290192427765962790e+01 4.099544514079014407e-06
2.293359265970684646e+01 4.083901703469620389e-06
2.296530483224125163e+01 4.068313389739479083e-06
2.299706085581555115e+01 4.052779371077064115e-06
2.302886079106622219e+01 4.037299446617699812e-06
2.306070469871355044e+01 4.021873416438329920e-06
2.309259263956178998e+01 4.006501081552280404e-06
2.312452467449930893e+01 3.991182243903978197e-06
2.315650086449862144e+01 3.975916706363902882e-06
2.318852127061660440e+01 3.960704272723324078e-06
2.322058595399451875e+01 3.945544747689283615e-06
2.325269497585818002e+01 3.930437936879421859e-06
2.328484839751810043e+01 3.915383646816996308e-06
2.331704628036951732e+01 3.900381684925831586e-06
2.334928868589261697e+01 3.885431859525282981e-06
2.338157567565256301e+01 3.870533979825334668e-06
2.341390731129964919e+01 3.855687855921601366e-06
2.344628365456945573e+01 3.840893298790462135e-06
2.347870476728287770e+01 3.826150120284167912e-06
2.351117071134634884e+01 3.811458133125935921e-06
2.354368154875187003e+01 3.796817150905206712e-06
2.357623734157715489e+01 3.782226988072797016e-06
2.360883815198580393e+01 3.767687459936116969e-06
2.364148404222731870e+01 3.753198382654471625e-06
2.367417507463733273e+01 3.738759573234299360e-06
2.370691131163763998e+01 3.724370849524496247e-06
2.373969281573634760e+01 3.710032030211778977e-06
2.377251964952803576e+01 3.695742934816051163e-06
2.380539187569378967e+01 3.681503383685715437e-06
2.383830955700141985e+01 3.667313197993195614e-06
2.387127275630547629e+01 3.653172199730323319e-06
2.390428153654747945e+01 3.639080211703807217e-06
2.393733596075594150e+01 3.625037057530768294e-06
2.397043609204653691e+01 3.611042561634222212e-06
2.400358199362224099e+01 3.597096549238644669e-06
2.403677372877339025e+01 3.583198846365530822e-06
2.407001136087787074e+01 3.569349279829013593e-06
2.410329495340118555e+01 3.555547677231476881e-06
2.413662456989658267e+01 3.541793866959220027e-06
2.417000027400523621e+01 3.528087678178084578e-06
2.420342212945627480e+01 3.514428945094528496e-06
2.423689020006698769e+01 3.500817547634648567e-06
2.427040454974288508e+01 3.487253392712926421e-06
2.430396524247784029e+01 3.473736387199964413e-06
2.433757234235425315e+01 3.460266437554229163e-06
2.437122591354308199e+01 3.446843449828100210e-06
2.440492602030407809e+01 3.433467329673808567e-06
2.443867272698580706e+01 3.420137982349493004e-06
2.447246609802581219e+01 3.406855312725049234e-06
2.450630619795078147e+01 3.393619225288028648e-06
2.454019309137657956e+01 3.380429624149559928e-06
2.457412684300847161e+01 3.367286413050078795e-06
2.460810751764115167e+01 3.354189495365239457e-06
2.464213518015891680e+01 3.341138774111577446e-06
2.467620989553581978e+01 3.328134151952258428e-06
2.471033172883571538e+01 3.315175531202854973e-06
2.474450074521246989e+01 3.302262813836856076e-06
2.477871700991000381e+01 3.289395901491463406e-06
2.481298058826246233e+01 3.276574695473071185e-06
2.484729154569436815e+01 3.263799096762883711e-06
2.488164994772066407e+01 3.251069006022422764e-06
2.491605585994693328e+01 3.238384323599014688e-06
2.495050934806943843e+01 3.225744949531304153e-06
2.498501047787528861e+01 3.213150783554654833e-06
2.501955931524259924e+01 3.200601725106519174e-06
2.505415592614053111e+01 3.188097673331864487e-06
2.508880037662951423e+01 3.175638527088446151e-06
2.512349273286127627e+01 3.163224184952183308e-06
2.515823306107907342e+01 3.150854545222321105e-06
2.519302142761771535e+01 3.138529505926785213e-06
2.522785789890374275e+01 3.126248964827287742e-06
2.526274254145559084e+01 3.114012819424539033e-06
2.529767542188362128e+01 3.101820966963401432e-06
2.533265660689035315e+01 3.089673304437939300e-06
2.536768616327050552e+01 3.077569728596547373e-06
2.540276415791115383e+01 3.065510135946969010e-06
2.543789065779191105e+01 3.053494422761269546e-06
2.547306572998495611e+01 3.041522485080882066e-06
2.550828944165525414e+01 3.029594218721490555e-06
2.554356186006061691e+01 3.017709519277944375e-06
2.557888305255186268e+01 3.005868282129197324e-06
2.561425308657296540e+01 2.994070402443048469e-06
2.564967202966112225e+01 2.982315775181038853e-06
2.568513994944695966e+01 2.970604295103216895e-06
2.572065691365459372e+01 2.958935856772858061e-06
2.575622299010178295e+01 2.947310354561230696e-06
2.579183824670010239e+01 2.935727682652209810e-06
2.582750275145498264e+01 2.924187735046998441e-06
2.586321657246594441e+01 2.912690405568723654e-06
2.589897977792663042e+01 2.901235587867007556e-06
2.593479243612498664e+01 2.889823175422574733e-06
2.597065461544342924e+01 2.878453061551704676e-06
2.600656638435886592e+01 2.867125139410796018e-06
2.604252781144295881e+01 2.855839302000798637e-06
2.607853896536214222e+01 2.844595442171641940e-06
2.611459991487780741e+01 2.833393452626650027e-06
2.615071072884646597e+01 2.822233225926894588e-06
2.618687147621978539e+01 2.811114654495549080e-06
2.622308222604483419e+01 2.800037630622184455e-06
2.625934304746412096e+01 2.789002046467036084e-06
2.629565400971576139e+01 2.778007794065280853e-06
2.633201518213364878e+01 2.767054765331225317e-06
2.636842663414750021e+01 2.756142852062473105e-06
2.640488843528309459e+01 2.745271945944121961e-06
2.644140065516230820e+01 2.734441938552844331e-06
2.647796336350328517e+01 2.723652721361006062e-06
2.651457663012061516e+01 2.712904185740708436e-06
2.655124052492538311e+01 2.702196222967824289e-06
2.658795511792538591e+01 2.691528724225987535e-06
2.662472047922517859e+01 2.680901580610600897e-06
2.666153667902631241e+01 2.670314683132707703e-06
2.669840378762736677e+01 2.659767922722967429e-06
2.673532187542412686e+01 2.649261190235491911e-06
2.677229101290976843e+01 2.638794376451712055e-06
2.680931127067488262e+01 2.628367372084212353e-06
2.684638271940772825e+01 2.617980067780454013e-06
2.688350542989427083e+01 2.607632354126622611e-06
2.692067947301836028e+01 2.597324121651311837e-06
2.695790491976189429e+01 2.587055260829192412e-06
2.699518184120487874e+01 2.576825662084778429e-06
2.703251030852566217e+01 2.566635215795950580e-06
2.706989039300097133e+01 2.556483812297674632e-06
2.710732216600609235e+01 2.546371341885524240e-06
2.714480569901505191e+01 2.536297694819222810e-06
2.718234106360065638e+01 2.526262761326236196e-06
2.721992833143473334e+01 2.516266431605197248e-06
2.725756757428817778e+01 2.506308595829443024e-06
2.729525886403112622e+01 2.496389144150365653e-06
2.733300227263314142e+01 2.486507966700918628e-06
2.737079787216324434e+01 2.476664953598940138e-06
2.740864573479016997e+01 2.466859994950503931e-06
2.744654593278240284e+01 2.457092980853293472e-06
2.748449853850836178e+01 2.447363801399844804e-06
2.752250362443657750e+01 2.437672346680858877e-06
2.756056126313573174e+01 2.428018506788411795e-06
2.759867152727490947e+01 2.418402171819183712e-06
2.763683448962363443e+01 2.408823231877650449e-06
2.767505022305206097e+01 2.399281577079230646e-06
2.771331880053114816e+01 2.389777097553427829e-06
2.775164029513270236e+01 2.380309683446918273e-06
2.779001478002962244e+01 2.370879224926637159e-06
2.782844232849595656e+01 2.361485612182836372e-06
2.786692301390706916e+01 2.352128735432099084e-06
2.790545690973982929e+01 2.342808484920325549e-06
2.794404408957265318e+01 2.333524750925714657e-06
2.798268462708575655e+01 2.324277423761692976e-06
2.802137859606118298e+01 2.315066393779867928e-06
2.806012607038305262e+01 2.305891551372843758e-06
2.809892712403761905e+01 2.296752786977162848e-06
2.813778183111342912e+01 2.287649991076088646e-06
2.817669026580153613e+01 2.278583054202424172e-06
2.821565250239551048e+01 2.269551866941329667e-06
2.825466861529172391e+01 2.260556319933026328e-06
2.829373867898937078e+01 2.251596303875572030e-06
2.833286276809066706e+01 2.242671709527555316e-06
2.837204095730103148e+01 2.233782427710752120e-06
2.841127332142912110e+01 2.224928349312815089e-06
2.845055993538709771e+01 2.216109365289890074e-06
2.848990087419066697e+01 2.207325366669205082e-06
2.852929621295926310e+01 2.198576244551683800e-06
2.856874602691624432e+01 2.189861890114449844e-06
2.860825039138891768e+01 2.181182194613417838e-06
2.864780938180881975e+01 2.172537049385739214e-06
2.868742307371174149e+01 2.163926345852311979e-06
2.872709154273793075e+01 2.155349975520245150e-06
2.876681486463226278e+01 2.146807829985256711e-06
2.880659311524430066e+01 2.138299800934103744e-06
2.884642637052855108e+01 2.129825780146959633e-06
2.888631470654449984e+01 2.121385659499773045e-06
2.892625819945681087e+01 2.112979330966587959e-06
2.896625692553550735e+01 2.104606686621883589e-06
2.900631096115602148e+01 2.096267618642826226e-06
2.904642038279945027e+01 2.087962019311538012e-06
2.908658526705261238e+01 2.079689781017368261e-06
2.912680569060822222e+01 2.071450796259076262e-06
2.916708173026508533e+01 2.063244957647021707e-06
2.920741346292815521e+01 2.055072157905351306e-06
2.924780096560877496e+01 2.046932289874140508e-06
2.928824431542474116e+01 2.038825246511498381e-06
2.932874358960048511e+01 2.030750920895715688e-06
2.936929886546726820e+01 2.022709206227264303e-06
2.940991022046322101e+01 2.014699995830934282e-06
2.945057773213362040e+01 2.006723183157801514e-06
2.949130147813090375e+01 1.998778661787286018e-06
2.953208153621494958e+01 1.990866325429101805e-06
2.957291798425312024e+01 1.982986067925242753e-06
2.961381090022044305e+01 1.975137783251931204e-06
2.965476036219981637e+01 1.967321365521511931e-06
2.969576644838205226e+01 1.959536708984390568e-06
2.973682923706614289e+01 1.951783708030874644e-06
2.977794880665930677e+01 1.944062257193054413e-06
2.981912523567718054e+01 1.936372251146636260e-06
2.986035860274401088e+01 1.928713584712735445e-06
2.990164898659271842e+01 1.921086152859700189e-06
2.994299646606513932e+01 1.913489850704869269e-06
2.998440112011209990e+01 1.905924573516292550e-06
3.002586302779358363e+01 1.898390216714531779e-06
3.006738226827895488e+01 1.890886675874295995e-06
3.010895892084698389e+01 1.883413846726179428e-06
3.015059306488612734e+01 1.875971625158294789e-06
3.019228477989457815e+01 1.868559907217959502e-06
3.023403414548045376e+01 1.861178589113288550e-06
3.027584124136199861e+01 1.853827567214808706e-06
3.031770614736762681e+01 1.846506738057080394e-06
3.035962894343620988e+01 1.839215998340214293e-06
3.040160970961709808e+01 1.831955244931447464e-06
3.044364852607033356e+01 1.824724374859674260e-06
3.048574547306686355e+01 1.817523245575921528e-06
3.052790063098855100e+01 1.810351582683121460e-06
3.057011408032848010e+01 1.803209087032552517e-06
3.061238590169100249e+01 1.796095462772775579e-06
3.065471617579190777e+01 1.789010417319271633e-06
3.069710498345866156e+01 1.781953661324481366e-06
3.073955240563043034e+01 1.774924908648315501e-06
3.078205852335835857e+01 1.767923876328981505e-06
3.082462341780562198e+01 1.760950284554264930e-06
3.086724717024763365e+01 1.754003856633159320e-06
3.090992986207222870e+01 1.747084318967880029e-06
3.095267157477973541e+01 1.740191401026287794e-06
3.099547238998322740e+01 1.733324835314614482e-06
3.103833238940857697e+01 1.726484357350615327e-06
3.108125165489472863e+01 1.719669705637019315e-06
3.112423026839374174e+01 1.712880621635389323e-06
3.116726831197100367e+01 1.706116849740270465e-06
3.121036586780541455e+01 1.699378137253709641e-06
3.125352301818946543e+01 1.692664234360118358e-06
3.129673984552948696e+01 1.685974894101415063e-06
3.134001643234571688e+01 1.679309872352557750e-06
3.138335286127250967e+01 1.672668927797316488e-06
3.142674921505851771e+01 1.666051821904451889e-06
3.147020557656676942e+01 1.659458318904110419e-06
3.151372202877492157e+01 1.652888185764562120e-06
3.155729865477533380e+01 1.646341192169266346e-06
3.160093553777526409e+01 1.639817110494170007e-06
3.164463276109707479e+01 1.633315715785321129e-06
3.168839040817827879e+01 1.626836785736790086e-06
3.173220856257182731e+01 1.620380100668820604e-06
3.177608730794616676e+01 1.613945443506290978e-06
3.182002672808543409e+01 1.607532599757431314e-06
3.186402690688966644e+01 1.601141357492793183e-06
3.190808792837485441e+01 1.594771507324506203e-06
3.195220987667323342e+01 1.588422842385768839e-06
3.199639283603332274e+01 1.582095158310602188e-06
3.204063689082013866e+01 1.575788253213824434e-06
3.208494212551541125e+01 1.569501927671310107e-06
3.212930862471760918e+01 1.563235984700460253e-06
3.217373647314227014e+01 1.556990229740898982e-06
3.221822575562200086e+01 1.550764470635430683e-06
3.226277655710673997e+01 1.544558517611197351e-06
3.230738896266392146e+01 1.538372183261048945e-06
3.235206305747854572e+01 1.532205282525173363e-06
3.239679892685349216e+01 1.526057632672888831e-06
3.244159665620951927e+01 1.519929053284713275e-06
3.248645633108551323e+01 1.513819366234546774e-06
3.253137803713870113e+01 1.507728395672138607e-06
3.257636186014467938e+01 1.501655968005721813e-06
3.262140788599771923e+01 1.495601911884831550e-06
3.266651620071080231e+01 1.489566058183346645e-06
3.271168689041591193e+01 1.483548239982665829e-06
3.275692004136408286e+01 1.477548292555150361e-06
3.280221573992562156e+01 1.471566053347642032e-06
3.284757407259030515e+01 1.465601361965258797e-06
3.289299512596745245e+01 1.459654060155304108e-06
3.293847898678620822e+01 1.453723991791349685e-06
3.298402574189558578e+01 1.447811002857538512e-06
3.302963547826470858e+01 1.441914941432955388e-06
3.307530828298298786e+01 1.436035657676257085e-06
3.312104424326020080e+01 1.430173003810414961e-06
3.316684344642681026e+01 1.424326834107568737e-06
3.321270597993394347e+01 1.418497004874144766e-06
3.325863193135368334e+01 1.412683374435990812e-06
3.330462138837925323e+01 1.406885803123764738e-06
3.335067443882505955e+01 1.401104153258373368e-06
3.339679117062700442e+01 1.395338289136640060e-06
3.344297167184255670e+01 1.389588077017038336e-06
3.348921603065092256e+01 1.383853385105580318e-06
3.353552433535330835e+01 1.378134083541844072e-06
3.358189667437294190e+01 1.372430044385120591e-06
3.362833313625540654e+01 1.366741141600693351e-06
3.367483380966865525e+01 1.361067251046212931e-06
3.372139878340325936e+01 1.355408250458234703e-06
3.376802814637261463e+01 1.349764019438822152e-06
3.381472198761300518e+01 1.344134439442303732e-06
3.386148039628388773e+01 1.338519393762123313e-06
3.390830346166797682e+01 1.332918767517785498e-06
3.395519127317141539e+01 1.327332447641955521e-06
3.400214392032405897e+01 1.321760322867588162e-06
3.404916149277947568e+01 1.316202283715212297e-06
3.409624408031526599e+01 1.310658222480312647e-06
3.414339177283315507e+01 1.305128033220760238e-06
3.419060466035914203e+01 1.299611611744417125e-06
3.423788283304379121e+01 1.294108855596709156e-06
3.428522638116224641e+01 1.288619664048432291e-06
3.433263539511455775e+01 1.283143938083524839e-06
3.438010996542570297e+01 1.277681580386986435e-06
3.442765018274590716e+01 1.272232495332871563e-06
3.447525613785069254e+01 1.266796588972335377e-06
3.452292792164111290e+01 1.261373769021788796e-06
3.457066562514395258e+01 1.255963944851100391e-06
3.461846933951181171e+01 1.250567027471890389e-06
3.466633915602340466e+01 1.245182929525892443e-06
3.471427516608359554e+01 1.239811565273369820e-06
3.476227746122366824e+01 1.234452850581617140e-06
3.481034613310149695e+01 1.229106702913501926e-06
3.485848127350165271e+01 1.223773041316106316e-06
3.490668297433568057e+01 1.218451786409379575e-06
3.495495132764217772e+01 1.213142860374893097e-06
3.500328642558700665e+01 1.207846186944620819e-06
3.505168836046351544e+01 1.202561691389792051e-06
3.510015722469261590e+01 1.197289300509794083e-06
3.514869311082309622e+01 1.192028942621119031e-06
3.519729611153164939e+01 1.186780547546345213e-06
3.524596631962312898e+01 1.181544046603217415e-06
3.529470382803076234e+01 1.176319372593716560e-06
3.534350872981622871e+01 1.171106459793187833e-06
3.539238111816995769e+01 1.165905243939522796e-06
3.544132108641116474e+01 1.160715662222394662e-06
3.549032872798814253e+01 1.155537653272473869e-06
3.553940413647841723e+01 1.150371157150755465e-06
3.558854740558887642e+01 1.145216115337872519e-06
3.563775862915603909e+01 1.140072470723434300e-06
3.568703790114611962e+01 1.134940167595460397e-06
3.573638531565527643e+01 1.129819151629765693e-06
3.578580096690983225e+01 1.124709369879433021e-06
3.583528494926633812e+01 1.119610770764283908e-06
3.588483735721188594e+01 1.114523304060383627e-06
3.593445828536416542e+01 1.109446920889569958e-06
3.598414782847171978e+01 1.104381573709008434e-06
3.603390608141413765e+01 1.099327216300766627e-06
3.608373313920215963e+01 1.094283803761409411e-06
3.613362909697794834e+01 1.089251292491605658e-06
3.618359405001519491e+01 1.084229640185768810e-06
3.623362809371933224e+01 1.079218805821708890e-06
3.628373132362776232e+01 1.074218749650284513e-06
3.633390383540993440e+01 1.069229433185086024e-06
3.638414572486764342e+01 1.064250819192136636e-06
3.643445708793509397e+01 1.059282871679581289e-06
3.648483802067922710e+01 1.054325555887400064e-06
3.653528861929976301e+01 1.049378838277138338e-06
3.658580898012944260e+01 1.044442686521651967e-06
3.663639919963426195e+01 1.039517069494812020e-06
3.668705937441355758e+01 1.034601957261277072e-06
3.673778960120029069e+01 1.029697321066234786e-06
3.678858997686113952e+01 1.024803133325158532e-06
3.683946059839673381e+01 1.019919367613564221e-06
3.689040156294187511e+01 1.015045998656770304e-06
3.694141296776562200e+01 1.010183002319664564e-06
3.699249491027159564e+01 1.005330355596459459e-06
3.704364748799805795e+01 1.000488036600461236e-06
3.709487079861814607e+01 9.956560245538265498e-07
3.714616493994011392e+01 9.908342997773277634e-07
3.719753000990737490e+01 9.860228436801059680e-07
3.724896610659886420e+01 9.812216387494163775e-07
3.730047332822908857e+01 9.764306685403953243e-07
3.735205177314835367e+01 9.716499176657931606e-07
3.740370153984301282e+01 9.668793717857092782e-07
3.745542272693553798e+01 9.621190175973305160e-07
3.750721543318486084e+01 9.573688428246606736e-07
3.755907975748639416e+01 9.526288362082300143e-07
3.761101579887232305e+01 9.478989874948015910e-07
3.766302365651181816e+01 9.431792874270893250e-07
3.771510342971110674e+01 9.384697277334314040e-07
3.776725521791380658e+01 9.337703011174776560e-07
3.781947912070099704e+01 9.290810012478645350e-07
3.787177523779143939e+01 9.244018227478839664e-07
3.792414366904186807e+01 9.197327611851086754e-07
3.797658451444699779e+01 9.150738130610506561e-07
3.802909787413990017e+01 9.104249758007798297e-07
3.808168384839204634e+01 9.057862477425441851e-07
3.813434253761356985e+01 9.011576281273600616e-07
3.818707404235350822e+01 8.965391170886039141e-07
3.823987846329983853e+01 8.919307156415964546e-07
3.829275590127986817e+01 8.873324256731464543e-07
3.834570645726024196e+01 8.827442536865251249e-07
3.839873023234729743e+01 8.781663321767980803e-07
3.845182732778711454e+01 8.735989429543802527e-07
3.850499784496578570e+01 8.690423718874058493e-07
3.855824188540965025e+01 8.644968996864763892e-07
3.861155955078536550e+01 8.599628019303147903e-07
3.866495094290023360e+01 8.554403490923372166e-07
3.871841616370228678e+01 8.509298065680580880e-07
3.877195531528054318e+01 8.464314347033683808e-07
3.882556849986521286e+01 8.419454888235840938e-07
3.887925581982781864e+01 8.374722192633458753e-07
3.893301737768150872e+01 8.330118713972141718e-07
3.898685327608112061e+01 8.285646856710721264e-07
3.904076361782345828e+01 8.241308976342031409e-07
3.909474850584750527e+01 8.197107379720798383e-07
3.914880804323453134e+01 8.153044325398236643e-07
3.920294233320841215e+01 8.109122023963192454e-07
3.925715147913570746e+01 8.065342638389374452e-07
3.931143558452590270e+01 8.021708284388968731e-07
3.936579475303167186e+01 7.978221030771457874e-07
3.942022908844895568e+01 7.934882899808787450e-07
3.947473869471728136e+01 7.891695867605312946e-07
3.952932367591985496e+01 7.848661864473153944e-07
3.958398413628379586e+01 7.805782775312617800e-07
3.963872018018042809e+01 7.763060439996858474e-07
3.969353191212528742e+01 7.720496653761855800e-07
3.974841943677854061e+01 7.678093167599952279e-07
3.980338285894500672e+01 7.635851688657925750e-07
3.985842228357441286e+01 7.593773880638911813e-07
3.991353781576169268e+01 7.551861364208039437e-07
3.996872956074700767e+01 7.510115717401585990e-07
4.002399762391612370e+01 7.468538476039408172e-07
4.007934211080048215e+01 7.427131134140734602e-07
4.013476312707744142e+01 7.385895144342692215e-07
4.019026077857055412e+01 7.344831918321695617e-07
4.024583517124963095e+01 7.303942827217575546e-07
4.030148641123107467e+01 7.263229202059914902e-07
4.035721460477795830e+01 7.222692334196759654e-07
4.041301985830038035e+01 7.182333475725470616e-07
4.046890227835550036e+01 7.142153839925469405e-07
4.052486197164785153e+01 7.102154601692509058e-07
4.058089904502954681e+01 7.062336897974877994e-07
4.063701360550039254e+01 7.022701828210835367e-07
4.069320576020822955e+01 6.983250454767423886e-07
4.074947561644898997e+01 6.943983803380282149e-07
4.080582328166698858e+01 6.904902863594537997e-07
4.086224886345515017e+01 6.866008589206445137e-07
4.091875246955512324e+01 6.827301898705912334e-07
4.097533420785760683e+01 6.788783675719143767e-07
4.103199418640242868e+01 6.750454769452191008e-07
4.108873251337880816e+01 6.712315995134492301e-07
4.114554929712563336e+01 6.674368134462519823e-07
4.120244464613152502e+01 6.636611936043496845e-07
4.125941866903519184e+01 6.599048115839088405e-07
4.131647147462551573e+01 6.561677357608758475e-07
4.137360317184178626e+01 6.524500313352756541e-07
4.143081386977402758e+01 6.487517603754545149e-07
4.148810367766301255e+01 6.450729818622939457e-07
4.154547270490063937e+01 6.414137517333055645e-07
4.160292106103003817e+01 6.377741229266972395e-07
4.166044885574579126e+01 6.341541454252997941e-07
4.171805619889423156e+01 6.305538663004278557e-07
4.177574320047350653e+01 6.269733297555979783e-07
4.183350997063394772e+01 6.234125771701448046e-07
4.189135661967814883e+01 6.198716471427030785e-07
4.194928325806120029e+01 6.163505755345304164e-07
4.200728999639102312e+01 6.128493955126999515e-07
4.206537694542838324e+01 6.093681375931259025e-07
4.212354421608729638e+01 6.059068296834127465e-07
4.218179191943507078e+01 6.024654971255501267e-07
4.224012016669261271e+01 5.990441627383967425e-07
4.229852906923468225e+01 5.956428468599910220e-07
4.235701873858995015e+01 5.922615673896605178e-07
4.241558928644141702e+01 5.889003398299090626e-07
4.247424082462639916e+01 5.855591773281202245e-07
4.253297346513697619e+01 5.822380907180029471e-07
4.259178732012000523e+01 5.789370885608470300e-07
4.265068250187741938e+01 5.756561771865195237e-07
4.270965912286651189e+01 5.723953607342297781e-07
4.276871729569999303e+01 5.691546411930565813e-07
4.282785713314637377e+01 5.659340184422103879e-07
4.288707874813003684e+01 5.627334902910620848e-07
4.294638225373151386e+01 5.595530525188776245e-07
4.300576776318776950e+01 5.563926989143206765e-07
4.306523538989226552e+01 5.532524213146665477e-07
4.312478524739534436e+01 5.501322096447364749e-07
4.318441744940430027e+01 5.470320519555691261e-07
4.324413210978365640e+01 5.439519344627992393e-07
4.330392934255545612e+01 5.408918415847401186e-07
4.336380926189932694e+01 5.378517559801922198e-07
4.342377198215285716e+01 5.348316585859433109e-07
4.348381761781169530e+01 5.318315286539860412e-07
4.354394628352977747e+01 5.288513437884159665e-07
4.360415809411968269e+01 5.258910799820358668e-07
4.366445316455263992e+01 5.229507116526560838e-07
4.372483160995896156e+01 5.200302116790775400e-07
4.378529354562807896e+01 5.171295514367753300e-07
4.384583908700885502e+01 5.142487008332547238e-07
4.390646834970985424e+01 5.113876283430990599e-07
4.396718144949942086e+01 5.085463010426976733e-07
4.402797850230606258e+01 5.057246846446652906e-07
4.408885962421852156e+01 5.029227435319185893e-07
4.414982493148608000e+01 5.001404407914530128e-07
4.421087454051881593e+01 4.973777382477802430e-07
4.427200856788770267e+01 4.946345964960583063e-07
4.433322713032499962e+01 4.919109749348665598e-07
4.439453034472428783e+01 4.892068317986976641e-07
4.445591832814081101e+01 4.865221241900891425e-07
4.451739119779173137e+01 4.838568081114281979e-07
4.457894907105622195e+01 4.812108384964581615e-07
4.464059206547582903e+01 4.785841692414227304e-07
4.470232029875457158e+01 4.759767532359070718e-07
4.476413388875928945e+01 4.733885423933372564e-07
4.482603295351977124e+01 4.708194876811632185e-07
4.488801761122898881e+01 4.682695391507040149e-07
4.495008798024343122e+01 4.657386459666657582e-07
4.501224417908314734e+01 4.632267564363541424e-07
4.507448632643217223e+01 4.607338180385338612e-07
4.513681454113858393e+01 4.582597774519759472e-07
4.519922894221480192e+01 4.558045805836901750e-07
4.526172964883789263e+01 4.533681725968116611e-07
4.532431678034960498e+01 4.509504979381968280e-07
4.538699045625682515e+01 4.485515003656624472e-07
4.544975079623160497e+01 4.461711229749396583e-07
4.551259792011148875e+01 4.438093082262912371e-07
4.557553194789979756e+01 4.414659979708127104e-07
4.563855299976569313e+01 4.391411334764269499e-07
4.570166119604459709e+01 4.368346554535592760e-07
4.576485665723827623e+01 4.345465040805037127e-07
4.582813950401509118e+01 4.322766190284847332e-07
4.589150985721037301e+01 4.300249394863940633e-07
4.595496783782640904e+01 4.277914041852506637e-07
4.601851356703292595e+01 4.255759514223296278e-07
4.608214716616712536e+01 4.233785190850032480e-07
4.614586875673398225e+01 4.211990446742871018e-07
4.620967846040657179e+01 4.190374653280770245e-07
4.627357639902610487e+01 4.168937178441034902e-07
4.633756269460238286e+01 4.147677387025865671e-07
4.640163746931384736e+01 4.126594640886029337e-07
4.646580084550787859e+01 4.105688299141771336e-07
4.653005294570110806e+01 4.084957718400656748e-07
4.659439389257948960e+01 4.064402252972858013e-07
4.665882380899871862e+01 4.044021255083467974e-07
4.672334281798431022e+01 4.023814075082135768e-07
4.678795104273189054e+01 4.003780061649990093e-07
4.685264860660749520e+01 3.983918562003826557e-07
4.691743563314767584e+01 3.964228922097619994e-07
4.698231224605989809e+01 3.944710486821413621e-07
4.704727856922261253e+01 3.925362600197654927e-07
4.711233472668556033e+01 3.906184605574840105e-07
4.717748084267010000e+01 3.887175845818734919e-07
4.724271704156925722e+01 3.868335663500958650e-07
4.730804344794816529e+01 3.849663401085233403e-07
4.737346018654411495e+01 3.831158401111069027e-07
4.743896738226697352e+01 3.812820006375075811e-07
4.750456516019924180e+01 3.794647560109924017e-07
4.757025364559640934e+01 3.776640406160940189e-07
4.763603296388722441e+01 3.758797889160322777e-07
4.770190324067377929e+01 3.741119354699277225e-07
4.776786460173194371e+01 3.723604149497653912e-07
4.783391717301144297e+01 3.706251621571601379e-07
4.790006108063616352e+01 3.689061120398954808e-07
4.796629645090445138e+01 3.672031997082435448e-07
4.803262341028921867e+01 3.655163604510961686e-07
4.809904208543834159e+01 3.638455297518607486e-07
4.816555260317475273e+01 3.621906433041835000e-07
4.823215509049676797e+01 3.605516370274547647e-07
4.829884967457837774e+01 3.589284023817130936e-07
4.836563648276932526e+01 3.573204950914283873e-07
4.843251564259554698e+01 3.557273245222500787e-07
4.849948728175925794e+01 3.541483088845103251e-07
4.856655152813925014e+01 3.525828758371332476e-07
4.863370850979121229e+01 3.510304622964326487e-07
4.870095835494782222e+01 3.494905142537974347e-07
4.876830119201915892e+01 3.479624866020162979e-07
4.883573714959280920e+01 3.464458429700526641e-07
4.890326635643414477e+01 3.449400555660078547e-07
4.897088894148668459e+01 3.434446050280845808e-07
4.903860503387214465e+01 3.419589802833475874e-07
4.910641476289088558e+01 3.404826784140487783e-07
4.917431825802198375e+01 3.390152045313635614e-07
4.924231564892356516e+01 3.375560716562996048e-07
4.931040706543311103e+01 3.361048006076248486e-07
4.937859263756755013e+01 3.346609198966197967e-07
4.944687249552369224e+01 3.332239656284696994e-07
4.951524676967829919e+01 3.317934814101216630e-07
4.958371559058842593e+01 3.303690182644499836e-07
4.965227908899172604e+01 3.289501345505240883e-07
4.972093739580654415e+01 3.275363958898674885e-07
4.978969064213234219e+01 3.261273750984812680e-07
4.985853895924977053e+01 3.247226521245253281e-07
4.992748247862112265e+01 3.233218139914649009e-07
4.999652133189039205e+01 3.219244547465407702e-07
5.006565565088360614e+01 3.205301754144005182e-07
5.013488556760914605e+01 3.191385839557447350e-07
5.020421121425785316e+01 3.177492952308333460e-07
5.027363272320344834e+01 3.163619309676977355e-07
5.034315022700261721e+01 3.149761197349219253e-07
5.041276385839533702e+01 3.135914969188293306e-07
5.048247375030523898e+01 3.122077047049395147e-07
5.055228003583962249e+01 3.108243920635460234e-07
5.062218284828997383e+01 3.094412147392633109e-07
5.069218232113200884e+01 3.080578352444170232e-07
5.076227858802599258e+01 3.066739228560969065e-07
5.083247178281712308e+01 3.052891536167753528e-07
5.090276203953554557e+01 3.039032103383008951e-07
5.097314949239685689e+01 3.025157826091617803e-07
5.104363427580216950e+01 3.011265668048405762e-07
5.111421652433843121e+01 2.997352661011484814e-07
5.118489637277878757e+01 2.983415904903664387e-07
5.125567395608262444e+01 2.969452568000690122e-07
5.132654940939607258e+01 2.955459887144730068e-07
5.139752286805204307e+01 2.941435167981742418e-07
5.146859446757059686e+01 2.927375785221184822e-07
5.153976434365925030e+01 2.913279182916668157e-07
5.161103263221309589e+01 2.899142874766017424e-07
5.168239946931521445e+01 2.884964444429418911e-07
5.175386499123680295e+01 2.870741545863921972e-07
5.182542933443748723e+01 2.856471903673040232e-07
5.189709263556566299e+01 2.842153313469867198e-07
5.196885503145857399e+01 2.827783642252184800e-07
5.204071665914278810e+01 2.813360828788097374e-07
5.211267765583426836e+01 2.798882884010707197e-07
5.218473815893872825e+01 2.784347891420259255e-07
5.225689830605195141e+01 2.769754007492264486e-07
5.232915823495988406e+01 2.755099462090103290e-07
5.240151808363911101e+01 2.740382558880479307e-07
5.247397799025689125e+01 2.725601675750436505e-07
5.254653809317166235e+01 2.710755265223973919e-07
5.261919853093309030e+01 2.695841854877241616e-07
5.269195944228241757e+01 2.680860047750329469e-07
5.276482096615283979e+01 2.665808522754367071e-07
5.283778324166953411e+01 2.650686035072322787e-07
5.291084640815017792e+01 2.635491416551911632e-07
5.298401060510501281e+01 2.620223576089110084e-07
5.305727597223719982e+01 2.604881500000838938e-07
5.313064264944313919e+01 2.589464252384977712e-07
5.320411077681259115e+01 2.573970975466602607e-07
5.327768049462913069e+01 2.558400889928518875e-07
5.335135194337022568e+01 2.542753295224875300e-07
5.342512526370759929e+01 2.527027569876168829e-07
5.349900059650758521e+01 2.511223171744144886e-07
5.357297808283117035e+01 2.495339638285284680e-07
5.364705786393453479e+01 2.479376586781098117e-07
5.372124008126908734e+01 2.463333714544080915e-07
5.379552487648183501e+01 2.447210799097682640e-07
5.386991239141574539e+01 2.431007698328815512e-07
5.394440276810978929e+01 2.414724350611797038e-07
5.401899614879948075e+01 2.398360774901875147e-07
5.409369267591692676e+01 2.381917070797408353e-07
5.416849249209118256e+01 2.365393418569111953e-07
5.424339574014860688e+01 2.348790079154998055e-07
5.431840256311296145e+01 2.332107394120013676e-07
5.439351310420586572e+01 2.315345785578744208e-07
5.446872750684691766e+01 2.298505756080268829e-07
5.454404591465404195e+01 2.281587888453763861e-07
5.461946847144380968e+01 2.264592845613773866e-07
5.469499532123157337e+01 2.247521370324059391e-07
5.477062660823192886e+01 2.230374284918835515e-07
5.484636247685880761e+01 2.213152490980526102e-07
5.492220307172583205e+01 2.195856968972776719e-07
5.499814853764667788e+01 2.178488777828075587e-07
5.507419901963515940e+01 2.161049054488836426e-07
5.515035466290571975e+01 2.143539013401173447e-07
5.522661561287349485e+01 2.125959945960646137e-07
5.530298201515480372e+01 2.108313219908997101e-07
5.537945401556724789e+01 2.090600278681462354e-07
5.545603176013004543e+01 2.072822640703778179e-07
5.553271539506442878e+01 2.054981898638385861e-07
5.560950506679370164e+01 2.037079718579449161e-07
5.568640092194375768e+01 2.019117839195865821e-07
5.576340310734315153e+01 2.001098070822336887e-07
5.584051177002346833e+01 1.983022294497753500e-07
5.591772705721970027e+01 1.964892460950851119e-07
5.599504911637031057e+01 1.946710589532941390e-07
5.607247809511775216e+01 1.928478767097450342e-07
5.615001414130856006e+01 1.910199146826369067e-07
5.622765740299369952e+01 1.891873947003465195e-07
5.630540802842894266e+01 1.873505449734534433e-07
5.638326616607496078e+01 1.855095999614693742e-07
5.646123196459782179e+01 1.836648002343003375e-07
5.653930557286907543e+01 1.818163923284796260e-07
5.661748713996615123e+01 1.799646285982007775e-07
5.669577681517267820e+01 1.781097670612046949e-07
5.677417474797861274e+01 1.762520712395740329e-07
5.685268108808073606e+01 1.743918099954946216e-07
5.693129598538273939e+01 1.725292573620609264e-07
5.701001958999560060e+01 1.706646923691983627e-07
5.708885205223796078e+01 1.687983988647911402e-07
5.716779352263618819e+01 1.669306653311142616e-07
5.724684415192491826e+01 1.650617846966651537e-07
5.732600409104713890e+01 1.631920541435121640e-07
5.740527349115455280e+01 1.613217749102758361e-07
5.748465250360796830e+01 1.594512520908654103e-07
5.756414127997736330e+01 1.575807944291179891e-07
5.764373997204242528e+01 1.557107141094606966e-07
5.772344873179264368e+01 1.538413265437694225e-07
5.780326771142766518e+01 1.519729501545644126e-07
5.788319706335768444e+01 1.501059061547083021e-07
5.796323694020352946e+01 1.482405183237918526e-07
5.804338749479718018e+01 1.463771127813670857e-07
5.812364888018185383e+01 1.445160177572260447e-07
5.820402124961248802e+01 1.426575633589177001e-07
5.828450475655586871e+01 1.408020813366888154e-07
5.836509955469097122e+01 1.389499048460743766e-07
5.844580579790937946e+01 1.371013682083242489e-07
5.852662364031535702e+01 1.352568066689081281e-07
5.860755323622638002e+01 1.334165561542970175e-07
5.868859474017321531e+01 1.315809530272739650e-07
5.876974830690031126e+01 1.297503338409800208e-07
5.885101409136619566e+01 1.279250350919516702e-07
5.893239224874354676e+01 1.261053929723886842e-07
5.901388293441971911e+01 1.242917431218884180e-07
5.909548630399686431e+01 1.224844203789070484e-07
5.917720251329227921e+01 1.206837585321971993e-07
5.925903171833882510e+01 1.188900900724655712e-07
5.934097407538499880e+01 1.171037459445370033e-07
5.942302974089547263e+01 1.153250553002501739e-07
5.950519887155119392e+01 1.135543452523773243e-07
5.958748162424975447e+01 1.117919406298154046e-07
5.966987815610580270e+01 1.100381637343130367e-07
5.975238862445110044e+01 1.082933340990115568e-07
5.983501318683511982e+01 1.065577682490502644e-07
5.991775200102507171e+01 1.048317794645107120e-07
6.000060522500633198e+01 1.031156775459651724e-07
6.008357301698283237e+01 1.014097685828786403e-07
6.016665553537713151e+01 9.971435472515577438e-08
6.024985293883099757e+01 9.802973395805270457e-08
6.033316538620544378e+01 9.635619988075347441e-08
6.041659303658118318e+01 9.469404148882903082e-08
6.050013604925897681e+01 9.304354296085370312e-08
6.058379458375974025e+01 9.140498344942126384e-08
6.066756879982510497e+01 8.977863687679314798e-08
6.075145885741748941e+01 8.816477196581094689e-08
6.083546491672051104e+01 8.656373809469604280e-08
6.091958713813937720e+01 8.497608455335598989e-08
6.100382568230097746e+01 8.340236475001988636e-08
6.108818071005443784e+01 8.184310208486911446e-08
6.117265238247120607e+01 8.029879035117683160e-08
6.125724086084545661e+01 7.876989416844161631e-08
6.134194630669450987e+01 7.725684944534034010e-08
6.142676888175887484e+01 7.576006387032786374e-08
6.151170874800286015e+01 7.427991742773208126e-08
6.159676606761460249e+01 7.281676293728075394e-08
6.168194100300663507e+01 7.137092661496367485e-08
6.176723371681597996e+01 6.994270865326102420e-08
6.185264437190455311e+01 6.853238381874831436e-08
6.193817313135956226e+01 6.714020206517214024e-08
6.202382015849360641e+01 6.576638916016055283e-08
6.210958561684523005e+01 6.441114732373452078e-08
6.219546967017903683e+01 6.307465587691390708e-08
6.228147248248605905e+01 6.175707189870593529e-08
6.236759421798420533e+01 6.045853088987608681e-08
6.245383504111833872e+01 5.917914744193664826e-08
6.254019511656081676e+01 5.791901590985014032e-08
6.262667460921163354e+01 5.667821108703686797e-08
6.271327368419878923e+01 5.545678888129650544e-08
6.279999250687871637e+01 5.425478699036016291e-08
6.288683124283638648e+01 5.307222557583478478e-08
6.297379005788584294e+01 5.190910793435232591e-08
6.306086911807033601e+01 5.076542116484249484e-08
6.314806858966270653e+01 4.964113683085765996e-08
6.323538863916583352e+01 4.853621161698973385e-08
6.332282943331266978e+01 4.745058797845074088e-08
6.341039113906687419e+01 4.638419478295913592e-08
6.349807392362288283e+01 4.533694794414247273e-08
6.358587795440632817e+01 4.430875104570567941e-08
6.367380339907442988e+01 4.329949595569666507e-08
6.376185042551614401e+01 4.230906343023678880e-08
6.385001920185268887e+01 4.133732370614655459e-08
6.393830989643766571e+01 4.038413708195859713e-08
6.402672267785746385e+01 3.944935448683720089e-08
6.411525771493171533e+01 3.853281803700277316e-08
6.420391517671333759e+01 3.763436157929116361e-08
6.429269523248915164e+01 3.675381122151722309e-08
6.438159805177994599e+01 3.589098584938289997e-08
6.447062380434095985e+01 3.504569762968063451e-08
6.455977266016225258e+01 3.421775249960764302e-08
6.464904478946877475e+01 3.340695064203930076e-08
6.473844036272102187e+01 3.261308694663781789e-08
6.482795955061509119e+01 3.183595145672247689e-08
6.491760252408322174e+01 3.107532980185046382e-08
6.500736945429387958e+01 3.033100361609574018e-08
6.509726051265229785e+01 2.960275094203792302e-08
6.518727587080076091e+01 2.889034662050441831e-08
6.527741570061880338e+01 2.819356266614118351e-08
6.536768017422373589e+01 2.751216862889694517e-08
6.545806946397077297e+01 2.684593194154656648e-08
6.554858374245350205e+01 2.619461825338977511e-08
6.563922318250419607e+01 2.555799175028512533e-08
6.572998795719405507e+01 2.493581546119625420e-08
6.582087823983370356e+01 2.432785155144559344e-08
6.591189420397329002e+01 2.373386160288905223e-08
6.600303602340298426e+01 2.315360688122888185e-08
6.609430387215336111e+01 2.258684859070881990e-08
6.618569792449549993e+01 2.203334811643870552e-08
6.627721835494159563e+01 2.149286725460328409e-08
6.636886533824505818e+01 2.096516843083028557e-08
6.646063904940093892e+01 2.045001490698675219e-08
6.655253966364637108e+01 1.994717097669035950e-08
6.664456735646068353e+01 1.945640214982338433e-08
6.673672230356594071e+01 1.897747532634153626e-08
6.682900468092717006e+01 1.851015895967479563e-08
6.692141466475264622e+01 1.805422321002156683e-08
6.701395243149443104e+01 1.760944008783461376e-08
6.710661815784847306e+01 1.717558358780619378e-08
6.719941202075514752e+01 1.675242981365298468e-08
6.729233419739941269e+01 1.633975709400498839e-08
6.738538486521125037e+01 1.593734608970199033e-08
6.747856420186604964e+01 1.554497989279650403e-08
6.757187238528480577e+01 1.516244411756594263e-08
6.766530959363463182e+01 1.478952698382651321e-08
6.775887600532892918e+01 1.442601939284586129e-08
6.785257179902779967e+01 1.407171499614164120e-08
6.794639715363848609e+01 1.372641025745462203e-08
6.804035224831550011e+01 1.338990450817689257e-08
6.813443726246120491e+01 1.306199999651231018e-08
6.822865237572592889e+01 1.274250193064249425e-08
6.832299776800851987e+01 1.243121851616500749e-08
6.841747361945650141e+01 1.212796098806503143e-08
6.851208011046651336e+01 1.183254363747833189e-08
6.860681742168472397e+01 1.154478383349279849e-08
6.870168573400697198e+01 1.126450204023721526e-08
6.879668522857937774e+01 1.099152182949035189e-08
6.889181608679842839e+01 1.072566988904730669e-08
6.898707849031144690e+01 1.046677602706514128e-08
6.908247262101707520e+01 1.021467317260817130e-08
6.917799866106527418e+01 9.969197372607599546e-09
6.927365679285807687e+01 9.730187785437762010e-09
6.936944719904961687e+01 9.497486671313823272e-09
6.946537006254658309e+01 9.270939379700557277e-09
6.956142556650868869e+01 9.050394333920230055e-09
6.965761389434881323e+01 8.835703013142047179e-09
6.975393522973355687e+01 8.626719931924142525e-09
6.985038975658341087e+01 8.423302617478730896e-09
6.994697765907316978e+01 8.225311584821279699e-09
7.004369912163241452e+01 8.032610309957469239e-09
7.014055432894562614e+01 7.845065201260826120e-09
7.023754346595278264e+01 7.662545569181341093e-09
7.033466671784948687e+01 7.484923594424267639e-09
7.043192427008744971e+01 7.312074294730229275e-09
7.052931630837491639e+01 7.143875490383187608e-09
7.062684301867678016e+01 6.980207768567209052e-09
7.072450458721523603e+01 6.820954446685816376e-09
7.082230120046985178e+01 6.666001534756043603e-09
7.092023304517807958e+01 6.515237696979796931e-09
7.101830030833571072e+01 6.368554212593852113e-09
7.111650317719691827e+01 6.225844936093131009e-09
7.121484183927498179e+01 6.087006256916139507e-09
7.131331648234237264e+01 5.951937058680768268e-09
7.141192729443120868e+01 5.820538678048420534e-09
7.151067446383369486e+01 5.692714863295869738e-09
7.160955817910226529e+01 5.568371732666206112e-09
7.170857862905027957e+01 5.447417732567304144e-09
7.180773600275196600e+01 5.329763595683914167e-09
7.190703048954317467e+01 5.215322299061929258e-09
7.200646227902149121e+01 5.104009022224719437e-09
7.210603156104662048e+01 4.995741105373738211e-09
7.220573852574094076e+01 4.890438007723748618e-09
7.230558336348958903e+01 4.788021266021568393e-09
7.240556626494107206e+01 4.688414453290261554e-09
7.250568742100745112e+01 4.591543137841755062e-09
7.260594702286476831e+01 4.497334842595443648e-09
7.270634526195351555e+01 4.405719004738202687e-09
7.280688232997876241e+01 4.316626935759567187e-09
7.290755841891083833e+01 4.229991781891940586e-09
7.300837372098538935e+01 4.145748484984615942e-09
7.310932842870387560e+01 4.063833743837086682e-09
7.321042273483408280e+01 3.984185976015407660e-09
7.331165683241017916e+01 3.906745280174281208e-09
7.341303091473341169e+01 3.831453398903086840e-09
7.351454517537221989e+01 3.758253682115769786e-09
7.361619980816270470e+01 3.687091050999123603e-09
7.371799500720911169e+01 3.617911962535192787e-09
7.381993096688391631e+01 3.550664374610749451e-09
7.392200788182856286e+01 3.485297711724793053e-09
7.402422594695347868e+01 3.421762831305418364e-09
7.412658535743867105e+01 3.360011990644006672e-09
7.422908630873408242e+01 3.299998814455129899e-09
7.433172899655983201e+01 3.241678263068762339e-09
7.443451361690679846e+01 3.185006601260055081e-09
7.453744036603674772e+01 3.129941367721828117e-09
7.464050944048284464e+01 3.076441345182898600e-09
7.474372103705016457e+01 3.024466531175599065e-09
7.484707535281570756e+01 2.973978109454397623e-09
7.495057258512917997e+01 2.924938422067111557e-09
7.505421293161306551e+01 2.877310942079195308e-09
7.515799659016310841e+01 2.831060246951733171e-09
7.526192375894879660e+01 2.786151992572344259e-09
7.536599463641351804e+01 2.742552887938433534e-09
7.547020942127522858e+01 2.700230670491412469e-09
7.557456831252646623e+01 2.659154082100299920e-09
7.567907150943511851e+01 2.619292845692667517e-09
7.578371921154450774e+01 2.580617642531098187e-09
7.588851161867385997e+01 2.543100090132041005e-09
7.599344893091883080e+01 2.506712720825172259e-09
7.609853134865163327e+01 2.471428960950068564e-09
7.620375907252166314e+01 2.437223110687483027e-09
7.630913230345569787e+01 2.404070324522452143e-09
7.641465124265832287e+01 2.371946592336254358e-09
7.652031609161245740e+01 2.340828432041734359e-09
7.662612705207951080e+01 2.310687348205255878e-09
7.673208432610000784e+01 2.281490558587998310e-09
7.683818811599374499e+01 2.253206393253505006e-09
7.694443862436027359e+01 2.225804448002743127e-09
7.705083605407942571e+01 2.199255526376869358e-09
7.715738060831141354e+01 2.173531584541266693e-09
7.726407249049752579e+01 2.148605678893841430e-09
7.737091190436025556e+01 2.124451916250103574e-09
7.747789905390379772e+01 2.101045406465614327e-09
7.758503414341454629e+01 2.078362217365141695e-09
7.769231737746125077e+01 2.056379331854773439e-09
7.779974896089565561e+01 2.035074607100740789e-09
7.790732909885268498e+01 2.014426735665108711e-09
7.801505799675089747e+01 1.994415208495057980e-09
7.812293586029304038e+01 1.975020279667956132e-09
7.823096289546612070e+01 1.956222932800337366e-09
7.833913930854214414e+01 1.938004849033853068e-09
7.844746530607825719e+01 1.920348376516121344e-09
7.855594109491718768e+01 1.903236501299298762e-09
7.866456688218782745e+01 1.886652819582965772e-09
7.877334287530531753e+01 1.870581511232658213e-09
7.888226928197175880e+01 1.855007314508571708e-09
7.899134631017635400e+01 1.839915501942944692e-09
7.910057416819589093e+01 1.825291857307966778e-09
7.920995306459531093e+01 1.811122653619020505e-09
7.931948320822776566e+01 1.797394632121434633e-09
7.942916480823538450e+01 1.784094982211423159e-09
7.953899807404930300e+01 1.771211322244748995e-09
7.964898321539044446e+01 1.758731681189071327e-09
7.975912044226961939e+01 1.746644481078479096e-09
7.986940996498800871e+01 1.734938520230683541e-09
7.997985199413771795e+01 1.723602957189630373e-09
8.009044674060191937e+01 1.712627295358341626e-09
8.020119441555553408e+01 1.702001368288496743e-09
8.031209523046537413e+01 1.691715325595216612e-09
8.042314939709065413e+01 1.681759619467047070e-09
8.053435712748354547e+01 1.672124991742832028e-09
8.064571863398926155e+01 1.662802461528691692e-09
8.075723412924682520e+01 1.653783313329528846e-09
8.086890382618915396e+01 1.645059085671196954e-09
8.098072793804360003e+01 1.636621560190251542e-09
8.109270667833251878e+01 1.628462751169921273e-09
8.120484026087332552e+01 1.620574895501729821e-09
8.131712889977927716e+01 1.612950443053207387e-09
8.142957280945955745e+01 1.605582047423697989e-09
8.154217220461985960e+01 1.598462557070372883e-09
8.165492730026288370e+01 1.591585006788402185e-09
8.176783831168845040e+01 1.584942609529291583e-09
8.188090545449428248e+01 1.578528748542828026e-09
8.199412894457609013e+01 1.572336969828478637e-09
8.210750899812811099e+01 1.566360974882992880e-09
8.222104583164369274e+01 1.560594613731654052e-09
8.233473966191532156e+01 1.555031878231185159e-09
8.244859070603548901e+01 1.549666895633099027e-09
8.256259918139672038e+01 1.544493922396844537e-09
8.267676530569214322e+01 1.539507338242505205e-09
8.279108929691604146e+01 1.534701640433604510e-09
8.290557137336398341e+01 1.530071438280920655e-09
8.302021175363353223e+01 1.525611447858823458e-09
8.313501065662443068e+01 1.521316486925879365e-09
8.324996830153907013e+01 1.517181470042290498e-09
8.336508490788312997e+01 1.513201403876748967e-09
8.348036069546560611e+01 1.509371382696060041e-09
8.359579588439963516e+01 1.505686584030927292e-09
8.371139069510256547e+01 1.502142264511989292e-09
8.382714534829659669e+01 1.498733755870251216e-09
8.394306006500919182e+01 1.495456461096557430e-09
8.405913506657333301e+01 1.492305850755120887e-09
8.417537057462818950e+01 1.489277459446072410e-09
8.429176681111927394e+01 1.486366882412893979e-09
8.440832399829913868e+01 1.483569772290139156e-09
8.452504235872756055e+01 1.480881835987762595e-09
8.464192211527205245e+01 1.478298831708145245e-09
8.475896349110844596e+01 1.475816566092429805e-09
8.487616670972099087e+01 1.473430891492850056e-09
8.499353199490315092e+01 1.471137703368021829e-09
8.511105957075770334e+01 1.468932937798291998e-09
8.522874966169732147e+01 1.466812569118594696e-09
8.534660249244512897e+01 1.464772607666109016e-09
8.546461828803481353e+01 1.462809097640687912e-09
8.558279727381139423e+01 1.460918115075650977e-09
8.570113967543139211e+01 1.459095765917015851e-09
8.581964571886332749e+01 1.457338184209450187e-09
8.593831563038834531e+01 1.455641530387005696e-09
8.605714963660031458e+01 1.454001989667103145e-09
8.617614796440658154e+01 1.452415770546440694e-09
8.629531084102815441e+01 1.450879103397203459e-09
8.641463849400021502e+01 1.449388239162524002e-09
8.653413115117271559e+01 1.447939448149944899e-09
8.665378904071052091e+01 1.446529018921760089e-09
8.677361239109413305e+01 1.445153257281350938e-09
8.689360143111990453e+01 1.443808485354479746e-09
8.701375638990052153e+01 1.442491040764827666e-09
8.713407749686565751e+01 1.441197275902804676e-09
8.725456498176204434e+01 1.439923557287074512e-09
8.737521907465425386e+01 1.438666265017995898e-09
8.749604000592488262e+01 1.437421792322397765e-09
8.761702800627509191e+01 1.436186545188999391e-09
8.773818330672520460e+01 1.434956942093991376e-09
8.785950613861476199e+01 1.433729413816163871e-09
8.798099673360343331e+01 1.432500403341005540e-09
8.810265532367105834e+01 1.431266365853318073e-09
8.822448214111827269e+01 1.430023768817778613e-09
8.834647741856703362e+01 1.428769092146863010e-09
8.846864138896083318e+01 1.427498828455719600e-09
8.859097428556540876e+01 1.426209483403248866e-09
8.871347634196889942e+01 1.424897576119079585e-09
8.883614779208262746e+01 1.423559639715474936e-09
8.895898887014119794e+01 1.422192221883938992e-09
8.908199981070315232e+01 1.420791885575516322e-09
8.920518084865149433e+01 1.419355209764237510e-09
8.932853221919383202e+01 1.417878790292917120e-09
8.945205415786320202e+01 1.416359240800480653e-09
8.957574690051818322e+01 1.414793193729878125e-09
8.969961068334352206e+01 1.413177301415728968e-09
8.982364574285065828e+01 1.411508237250666748e-09
8.994785231587793817e+01 1.409782696929133643e-09
9.007223063959135345e+01 1.407997399767714135e-09
9.019678095148471186e+01 1.406149090100551484e-09
9.032150348938023399e+01 1.404234538748476952e-09
9.044639849142912169e+01 1.402250544560564890e-09
9.057146619611170024e+01 1.400193936026410944e-09
9.069670684223827095e+01 1.398061572957567936e-09
9.082212066894921065e+01 1.395850348236313003e-09
9.094770791571555435e+01 1.393557189629933650e-09
9.107346882233964891e+01 1.391179061668482747e-09
9.119940362895519570e+01 1.388712967583954582e-09
9.132551257602818851e+01 1.386155951308622528e-09
9.145179590435697037e+01 1.383505099530135151e-09
9.157825385507284466e+01 1.380757543800983318e-09
9.170488666964072877e+01 1.377910462699635278e-09
9.183169458985919675e+01 1.374961084040687573e-09
9.195867785786138882e+01 1.371906687130996848e-09
9.208583671611512500e+01 1.368744605068970020e-09
9.221317140742348784e+01 1.365472227083746469e-09
9.234068217492547603e+01 1.362087000910964572e-09
9.246836926209607554e+01 1.358586435201807978e-09
9.259623291274715484e+01 1.354968101961618022e-09
9.272427337102757861e+01 1.351229639014533151e-09
9.285249088142379037e+01 1.347368752490202714e-09
9.298088568876049465e+01 1.343383219328636061e-09
9.310945803820068534e+01 1.339270889799211111e-09
9.323820817524661209e+01 1.335029690029406844e-09
9.336713634573976606e+01 1.330657624539100031e-09
9.349624279586180364e+01 1.326152778775876704e-09
9.362552777213466015e+01 1.321513321646728647e-09
9.375499152142110404e+01 1.316737508041519843e-09
9.388463429092546164e+01 1.311823681343367556e-09
9.401445632819367404e+01 1.306770275920947234e-09
9.414445788111419233e+01 1.301575819597889677e-09
9.427463919791806291e+01 1.296238936093949022e-09
9.440500052717960955e+01 1.290758347432908753e-09
9.453554211781703032e+01 1.285132876311839148e-09
9.466626421909251121e+01 1.279361448426558610e-09
9.479716708061312147e+01 1.273443094747563847e-09
9.492825095233092725e+01 1.267376953741419678e-09
9.505951608454364532e+01 1.261162273531723308e-09
9.519096272789519730e+01 1.254798413994314970e-09
9.532259113337595124e+01 1.248284848781237514e-09
9.545440155232350321e+01 1.241621167267710499e-09
9.558639423642284783e+01 1.234807076416734670e-09
9.571856943770704618e+01 1.227842402555719994e-09
9.585092740855773741e+01 1.220727093059588724e-09
9.598346840170542293e+01 1.213461217934967301e-09
9.611619267023024804e+01 1.206044971299937821e-09
9.624910046756214399e+01 1.198478672754146293e-09
9.638219204748152436e+01 1.190763252026260112e-09
9.651546766411983924e+01 1.182902410498321624e-09
9.664892757195974582e+01 1.174900800507804103e-09
9.678257202583601781e+01 1.166763090766731002e-09
9.691640128093565920e+01 1.158493961585693094e-09
9.705041559279851526e+01 1.150098101006322501e-09
9.718461521731796893e+01 1.141580200998647671e-09
9.731900041074104024e+01 1.132944953726670493e-09
9.745357142966926745e+01 1.124197047885252582e-09
9.758832853105886329e+01 1.115341165111331393e-09
9.772327197222138295e+01 1.106381976472095563e-09
9.785840201082430667e+01 1.097324139032822509e-09
9.799371890489122450e+01 1.088172292506819281e-09
9.812922291280274578e+01 1.078931055989575979e-09
9.826491429329648497e+01 1.069605024779343427e-09
9.840079330546814163e+01 1.060198767285918688e-09
9.853686020877144358e+01 1.050716822029426594e-09
9.867311526301892854e+01 1.041163694730639769e-09
9.880955872838256937e+01 1.031543855494151334e-09
9.894619086539384512e+01 1.021861736085746519e-09
9.908301193494475001e+01 1.012121727304839461e-09
9.922002219828785030e+01 1.002328176453103869e-09
9.935722191703696637e+01 9.924853848997891052e-10
9.949461135316785487e+01 9.825976057444330623e-10
9.963219076901829396e+01 9.726690415774441572e-10
9.976996042728903547e+01 9.627038423386295730e-10
9.990792059104393275e+01 9.527061032740583184e-10
1.000460715237106513e+02 9.426798629910436248e-10
1.001844134890810096e+02 9.326291016112153156e-10
1.003229467513119317e+02 9.225577390213388670e-10
1.004616715749252620e+02 9.124696332215472911e-10
1.006005882248087602e+02 9.023685787704367989e-10
1.007396969662164281e+02 8.922583053262747498e-10
1.008789980647689930e+02 8.821424762837520288e-10
1.010184917864547742e+02 8.720246875051737033e-10
1.011581783976295696e+02 8.619084661454052259e-10
1.012980581650176219e+02 8.517972695691753169e-10
1.014381313557119739e+02 8.416944843597412562e-10
1.015783982371748806e+02 8.316034254177213068e-10
1.017188590772388039e+02 8.215273351484954363e-10
1.018595141441061855e+02 8.114693827369867084e-10
1.020003637063504982e+02 8.014326635081841845e-10
1.021414080329165301e+02 7.914201983718310401e-10
1.022826473931209108e+02 7.814349333496814347e-10
1.024240820566529493e+02 7.714797391835034459e-10
1.025657122935746060e+02 7.615574110222380170e-10
1.027075383743213450e+02 7.516706681863191744e-10
1.028495605697025894e+02 7.418221540072809146e-10
1.029917791509021470e+02 7.320144357409410837e-10
1.031341943894791058e+02 7.222500045518913272e-10
1.032768065573677774e+02 7.125312755675754702e-10
1.034196159268785635e+02 7.028605879997756726e-10
1.035626227706984395e+02 6.932402053314747013e-10
1.037058273618913375e+02 6.836723155670518018e-10
1.038492299738990852e+02 6.741590315436599512e-10
1.039928308805413337e+02 6.647023913017986365e-10
1.041366303560164113e+02 6.553043585127602630e-10
1.042806286749018909e+02 6.459668229609700268e-10
1.044248261121548182e+02 6.366916010790496581e-10
1.045692229431128624e+02 6.274804365334344118e-10
1.047138194434940317e+02 6.183350008584014233e-10
1.048586158893977398e+02 6.092568941364762208e-10
1.050036125573051748e+02 6.002476457229182437e-10
1.051488097240797259e+02 5.913087150123624852e-10
1.052942076669679352e+02 5.824414922453404408e-10
1.054398066635994269e+02 5.736472993528110419e-10
1.055856069919878166e+02 5.649273908363870166e-10
1.057316089305311380e+02 5.562829546824379153e-10
1.058778127580122970e+02 5.477151133078927665e-10
1.060242187536000245e+02 5.392249245358804804e-10
1.061708271968487480e+02 5.308133825991328122e-10
1.063176383676995727e+02 5.224814191693053762e-10
1.064646525464805649e+02 5.142299044102390233e-10
1.066118700139078044e+02 5.060596480533511967e-10
1.067592910510851567e+02 4.979714004933060323e-10
1.069069159395053390e+02 4.899658539021618138e-10
1.070547449610502895e+02 4.820436433602371953e-10
1.072027783979916506e+02 4.742053480019862024e-10
1.073510165329916646e+02 4.664514921751387289e-10
1.074994596491031444e+02 4.587825466116539484e-10
1.076481080297703983e+02 4.511989296086225881e-10
1.077969619588296979e+02 4.437010082177500653e-10
1.079460217205096342e+02 4.362890994419122757e-10
1.080952875994322255e+02 4.289634714371609000e-10
1.082447598806126763e+02 4.217243447189708019e-10
1.083944388494604425e+02 4.145718933711411778e-10
1.085443247917796299e+02 4.075062462562006232e-10
1.086944179937694344e+02 4.005274882258981748e-10
1.088447187420251367e+02 3.936356613305672156e-10
1.089952273235379892e+02 3.868307660262674173e-10
1.091459440256962097e+02 3.801127623783994819e-10
1.092968691362854088e+02 3.734815712607566888e-10
1.094480029434890014e+02 3.669370755490300936e-10
1.095993457358892726e+02 3.604791213075804758e-10
1.097508978024671933e+02 3.541075189687015034e-10
1.099026594326034427e+02 3.478220445032672938e-10
1.100546309160788780e+02 3.416224405820392970e-10
1.102068125430749177e+02 3.355084177266743139e-10
1.103592046041746073e+02 3.294796554496859838e-10
1.105118073903624207e+02 3.235358033826651660e-10
1.106646211930253401e+02 3.176764823919142518e-10
1.108176463039532962e+02 3.119012856809396964e-10
1.109708830153395525e+02 3.062097798791473331e-10
1.111243316197817563e+02 3.006015061160935627e-10
1.112779924102818256e+02 2.950759810808447592e-10
1.114318656802469576e+02 2.896326980658109605e-10
1.115859517234900409e+02 2.842711279946980529e-10
1.117402508342301672e+02 2.789907204340482274e-10
1.118947633070935552e+02 2.737909045879898585e-10
1.120494894371135501e+02 2.686710902758979350e-10
1.122044295197315336e+02 2.636306688924995464e-10
1.123595838507974207e+02 2.586690143502502528e-10
1.125149527265701437e+02 2.537854840036159819e-10
1.126705364437186034e+02 2.489794195550951728e-10
1.128263352993215989e+02 2.442501479427386464e-10
1.129823495908688358e+02 2.395969822089612883e-10
1.131385796162613815e+02 2.350192223505672182e-10
1.132950256738121340e+02 2.305161561497978336e-10
1.134516880622468307e+02 2.260870599863295743e-10
1.136085670807039349e+02 2.217311996301665797e-10
1.137656630287356592e+02 2.174478310153692268e-10
1.139229762063084621e+02 2.132362009945770325e-10
1.140805069138034327e+02 2.090955480743450766e-10
1.142382554520173983e+02 2.050251031313221203e-10
1.143962221221627544e+02 2.010240901092993454e-10
1.145544072258685731e+02 1.970917266971739694e-10
1.147128110651809436e+02 1.932272249879551472e-10
1.148714339425635416e+02 1.894297921188627472e-10
1.150302761608986515e+02 1.856986308926416570e-10
1.151893380234869824e+02 1.820329403802840676e-10
1.153486198340487761e+02 1.784319165051973722e-10
1.155081218967242904e+02 1.748947526090832316e-10
1.156678445160741830e+02 1.714206399996386728e-10
1.158277879970805913e+02 1.680087684802745406e-10
1.159879526451470895e+02 1.646583268621159198e-10
1.161483387660996129e+02 1.613685034583879810e-10
1.163089466661870119e+02 1.581384865614873058e-10
1.164697766520815065e+02 1.549674649029642043e-10
1.166308290308797098e+02 1.518546280966174683e-10
1.167921041101025423e+02 1.487991670649868598e-10
1.169536021976962701e+02 1.458002744494989338e-10
1.171153236020329729e+02 1.428571450044992274e-10
1.172772686319110562e+02 1.399689759754829476e-10
1.174394375965562460e+02 1.371349674617566201e-10
1.176018308056215318e+02 1.343543227638740316e-10
1.177644485691881897e+02 1.316262487160569567e-10
1.179272911977661380e+02 1.289499560039527133e-10
1.180903590022950596e+02 1.263246594679806281e-10
1.182536522941442030e+02 1.237495783926117017e-10
1.184171713851135195e+02 1.212239367818230101e-10
1.185809165874340891e+02 1.187469636210682599e-10
1.187448882137686326e+02 1.163178931260661484e-10
1.189090865772125909e+02 1.139359649786851841e-10
1.190735119912939410e+02 1.116004245502582312e-10
1.192381647699743752e+02 1.093105231126174802e-10
1.194030452276496845e+02 1.070655180371567552e-10
1.195681536791502992e+02 1.048646729822260113e-10
1.197334904397423543e+02 1.027072580691558862e-10
1.198990558251275758e+02 1.005925500472437069e-10
1.200648501514443325e+02 9.851983244795924008e-11
1.202308737352681760e+02 9.648839572869229339e-11
1.203971268936122385e+02 9.449753740635612384e-11
1.205636099439284408e+02 9.254656218110188828e-11
1.207303232041072647e+02 9.063478205047389778e-11
1.208972669924789045e+02 8.876151641427841243e-11
1.210644416278137356e+02 8.692609217045123776e-11
1.212318474293227695e+02 8.512784336576524015e-11
1.213994847166588471e+02 8.336606449100871969e-11
1.215673538099163977e+02 8.163997410012734369e-11
1.217354550296326039e+02 7.994879999402092970e-11
1.219037886967879132e+02 7.829178906256149270e-11
1.220723551328064502e+02 7.666820675274855221e-11
1.222411546595571963e+02 7.507733655288840129e-11
1.224101875993538471e+02 7.351847949230958521e-11
1.225794542749558929e+02 7.199095365609077764e-11
1.227489550095691300e+02 7.049409371432481808e-11
1.229186901268461440e+02 6.902725046545138547e-11
1.230886599508874895e+02 6.758979039319799482e-11
1.232588648062414194e+02 6.618109523671806599e-11
1.234293050179051789e+02 6.480056157347304115e-11
1.235999809113253605e+02 6.344760041446853498e-11
1.237708928123984577e+02 6.212163681146389854e-11
1.239420410474720029e+02 6.082210947574799112e-11
1.241134259433444100e+02 5.954847040814103367e-11
1.242850478272661121e+02 5.830018453985872680e-11
1.244569070269400584e+02 5.707672938389089399e-11
1.246290038705221974e+02 5.587759469658210535e-11
1.248013386866226568e+02 5.470228214906947661e-11
1.249739118043055583e+02 5.355030500830637342e-11
1.251467235530901831e+02 5.242118782733583675e-11
1.253197742629514551e+02 5.131446614455360026e-11
1.254930642643204521e+02 5.022968619166729637e-11
1.256665938880855862e+02 4.916640461009596761e-11
1.258403634655923895e+02 4.812418817554074600e-11
1.260143733286447230e+02 4.710261353047561232e-11
1.261886238095052448e+02 4.610126692432648894e-11
1.263631152408959366e+02 4.511974396108949108e-11
1.265378479559992826e+02 4.415764935416793146e-11
1.267128222884580424e+02 4.321459668822085051e-11
1.268880385723765016e+02 4.229020818778433966e-11
1.270634971423209123e+02 4.138411449248751056e-11
1.272391983333200471e+02 4.049595443864501210e-11
1.274151424808663364e+02 3.962537484704719825e-11
1.275913299209157401e+02 3.877203031675778550e-11
1.277677609898888704e+02 3.793558302473190213e-11
1.279444360246715888e+02 3.711570253109651186e-11
1.281213553626154180e+02 3.631206558991009478e-11
1.282985193415387926e+02 3.552435596524308358e-11
1.284759282997268599e+02 3.475226425243203663e-11
1.286535825759326599e+02 3.399548770433656066e-11
1.288314825093777074e+02 3.325373006246520586e-11
1.290096284397524187e+02 3.252670139282132470e-11
1.291880207072173050e+02 3.181411792633356637e-11
1.293666596524028876e+02 3.111570190373633794e-11
1.295455456164108341e+02 3.043118142476460694e-11
1.297246789408144423e+02 2.976029030154935975e-11
1.299040599676592649e+02 2.910276791607910833e-11
1.300836890394641330e+02 2.845835908161734614e-11
1.302635664992212412e+02 2.782681390795965700e-11
1.304436926903970573e+02 2.720788767042089470e-11
1.306240679569330609e+02 2.660134068244059928e-11
1.308046926432462271e+02 2.600693817170789226e-11
1.309855670942301344e+02 2.542445015970344863e-11
1.311666916552548514e+02 2.485365134456020785e-11
1.313480666721682439e+02 2.429432098714635725e-11
1.315296924912961742e+02 2.374624280028504248e-11
1.317115694594438651e+02 2.320920484101162087e-11
1.318936979238956724e+02 2.268299940579479988e-11
1.320760782324163074e+02 2.216742292862399513e-11
1.322587107332513483e+02 2.166227588189569314e-11
1.324415957751278086e+02 2.116736268000810031e-11
1.326247337072553023e+02 2.068249158559439151e-11
1.328081248793259306e+02 2.020747461831920063e-11
1.329917696415155035e+02 1.974212746616635302e-11
1.331756683444840235e+02 1.928626939914637589e-11
1.333598213393761966e+02 1.883972318535631645e-11
1.335442289778227689e+02 1.840231500932947390e-11
1.337288916119402700e+02 1.797387439260821484e-11
1.339138095943322639e+02 1.755423411647601120e-11
1.340989832780899178e+02 1.714323014679225854e-11
1.342844130167924561e+02 1.674070156087202701e-11
1.344700991645085253e+02 1.634649047634619568e-11
1.346560420757958809e+02 1.596044198195924147e-11
1.348422421057026952e+02 1.558240407023953867e-11
1.350286996097681254e+02 1.521222757199601839e-11
1.352154149440228252e+02 1.484976609259021282e-11
1.354023884649901959e+02 1.449487594993128122e-11
1.355896205296861297e+02 1.414741611415295414e-11
1.357771114956204315e+02 1.380724814891676811e-11
1.359648617207972165e+02 1.347423615430439017e-11
1.361528715637155074e+02 1.314824671125075690e-11
1.363411413833704842e+02 1.282914882747587097e-11
1.365296715392533144e+02 1.251681388487589278e-11
1.367184623913523751e+02 1.221111558833084845e-11
1.369075143001538777e+02 1.191192991588994252e-11
1.370968276266423231e+02 1.161913507029750254e-11
1.372864027323018377e+02 1.133261143181996736e-11
1.374762399791159453e+02 1.105224151234254269e-11
1.376663397295688753e+02 1.077790991069389840e-11
1.378567023466460739e+02 1.050950326916851186e-11
1.380473281938348293e+02 1.024691023121459758e-11
1.382382176351253804e+02 9.990021400250398514e-12
1.384293710350109734e+02 9.738729299581709995e-12
1.386207887584889420e+02 9.492928333388251854e-12
1.388124711710613042e+02 9.252514748747662727e-12
1.390044186387354443e+02 9.017386598670254120e-12
1.391966315280252218e+02 8.787443706113183483e-12
1.393891102059508285e+02 8.562587628951051634e-12
1.395818550400402103e+02 8.342721625870536860e-12
1.397748663983294648e+02 8.127750623165345646e-12
1.399681446493634667e+02 7.917581182408138029e-12
1.401616901621971465e+02 7.712121468969141772e-12
1.403555033063953204e+02 7.511281221362470610e-12
1.405495844520339688e+02 7.314971721393881953e-12
1.407439339697008336e+02 7.123105765086434949e-12
1.409385522304959295e+02 6.935597634363485710e-12
1.411334396060328515e+02 6.752363069464685738e-12
1.413285964684386329e+02 6.573319242077510951e-12
1.415240231903550523e+02 6.398384729158774876e-12
1.417197201449391173e+02 6.227479487428995898e-12
1.419156877058637178e+02 6.060524828519864005e-12
1.421119262473188769e+02 5.897443394753374628e-12
1.423084361440116083e+02 5.738159135536931743e-12
1.425052177711671959e+02 5.582597284352831933e-12
1.427022715045298185e+02 5.430684336327747463e-12
1.428995977203630048e+02 5.282348026362028887e-12
1.430971967954511399e+02 5.137517307802921704e-12
1.432950691070990388e+02 4.996122331646694752e-12
1.434932150331334810e+02 4.858094426250920120e-12
1.436916349519036658e+02 4.723366077543358698e-12
1.438903292422818367e+02 4.591870909711207440e-12
1.440892982836645615e+02 4.463543666356471795e-12
1.442885424559726175e+02 4.338320192102833335e-12
1.444880621396522429e+02 4.216137414639178292e-12
1.446878577156757615e+02 4.096933327187726611e-12
1.448879295655421799e+02 3.980646971381666308e-12
1.450882780712784097e+02 3.867218420540223067e-12
1.452889036154392386e+02 3.756588763328645893e-12
1.454898065811085814e+02 3.648700087790515326e-12
1.456909873518999063e+02 3.543495465740114324e-12
1.458924463119576274e+02 3.440918937503226364e-12
1.460941838459568203e+02 3.340915496996571913e-12
1.462962003391047290e+02 3.243431077131953681e-12
1.464984961771411918e+02 3.148412535537168020e-12
1.467010717463392950e+02 3.055807640581353937e-12
1.469039274335067091e+02 2.965565057695899622e-12
1.471070636259855462e+02 2.877634335980448825e-12
1.473104807116536676e+02 2.791965895084112798e-12
1.475141790789252809e+02 2.708511012353643069e-12
1.477181591167515364e+02 2.627221810238510039e-12
1.479224212146218633e+02 2.548051243944303376e-12
1.481269657625638558e+02 2.470953089327090767e-12
1.483317931511445238e+02 2.395881931018603281e-12
1.485369037714710032e+02 2.322793150775824977e-12
1.487422980151910679e+02 2.251642916046346996e-12
1.489479762744944651e+02 2.182388168742503985e-12
1.491539389421129158e+02 2.114986614216732704e-12
1.493601864113212230e+02 2.049396710431247796e-12
1.495667190759380958e+02 1.985577657314977840e-12
1.497735373303266044e+02 1.923489386301624476e-12
1.499806415693956581e+02 1.863092550041776810e-12
1.501880321885996921e+02 1.804348512284043287e-12
1.503957095839402029e+02 1.747219337917972104e-12
1.506036741519662314e+02 1.691667783173853611e-12
1.508119262897749877e+02 1.637657285973565973e-12
1.510204663950133011e+02 1.585151956427282096e-12
1.512292948658773355e+02 1.534116567470901264e-12
1.514384121011140962e+02 1.484516545638784376e-12
1.516478185000218843e+02 1.436317961967873579e-12
1.518575144624510358e+02 1.389487523027890100e-12
1.520675003888052856e+02 1.343992562073263738e-12
1.522777766800415407e+02 1.299801030313346764e-12
1.524883437376712720e+02 1.256881488295733454e-12
1.526992019637612259e+02 1.215203304926135398e-12
1.529103517609338780e+02 1.174739127573274674e-12
1.531217935323689971e+02 1.135463684715548498e-12
1.533335276818033321e+02 1.097351707620626703e-12
1.535455546135320901e+02 1.060377922985546198e-12
1.537578747324095332e+02 1.024517089259860373e-12
1.539704884438495753e+02 9.897440308936884029e-13
1.541833961538272320e+02 9.560336705557575057e-13
1.543965982688783924e+02 9.233610593704122588e-13
1.546100951961012413e+02 8.917014052240153635e-13
1.548238873431569687e+02 8.610300991930586297e-13
1.550379751182702250e+02 8.313227401486320194e-13
1.552523589302306561e+02 8.025551575922715902e-13
1.554670391883927039e+02 7.747034327806512577e-13
1.556820163026770274e+02 7.477439181956560499e-13
1.558972906835711001e+02 7.216532554189849138e-13
1.561128627421298347e+02 6.964083914691334108e-13
1.563287328899770614e+02 6.719865936598603353e-13
1.565449015393052719e+02 6.483654630390270146e-13
1.567613691028771257e+02 6.255229464660166708e-13
1.569781359940260472e+02 6.034373473865052715e-13
1.571952026266568510e+02 5.820873353620268770e-13
1.574125694152471056e+02 5.614519544115297105e-13
1.576302367748471340e+02 5.415106302217758687e-13
1.578482051210812642e+02 5.222431762814871672e-13
1.580664748701485962e+02 5.036297989942973438e-13
1.582850464388235139e+02 4.856511018240006858e-13
1.585039202444573050e+02 4.682880885242208743e-13
1.587230967049777348e+02 4.515221655040418664e-13
1.589425762388907799e+02 4.353351433791158358e-13
1.591623592652809975e+02 4.197092377571714318e-13
1.593824462038123499e+02 4.046270693048091187e-13
1.596028374747295970e+02 3.900716631414436011e-13
1.598235334988580973e+02 3.760264476048705005e-13
1.600445346976052861e+02 3.624752524309944287e-13
1.602658414929612718e+02 3.494023063893163942e-13
1.604874543074996041e+02 3.367922344138946536e-13
1.607093735643785806e+02 3.246300542682257879e-13
1.609315996873411621e+02 3.129011727808573124e-13
1.611541331007164786e+02 3.015913816869844320e-13
1.613769742294201421e+02 2.906868531100776772e-13
1.616001234989558952e+02 2.801741347157279529e-13
1.618235813354153549e+02 2.700401445687556393e-13
1.620473481654794625e+02 2.602721657230546772e-13
1.622714244164192507e+02 2.508578405721494181e-13
1.624958105160962987e+02 2.417851649872650118e-13
1.627205068929643801e+02 2.330424822681073205e-13
1.629455139760692646e+02 2.246184769305180366e-13
1.631708321950500817e+02 2.165021683534826392e-13
1.633964619801401454e+02 2.086829043070622596e-13
1.636224037621674370e+02 2.011503543814570916e-13
1.638486579725562251e+02 1.938945033361069474e-13
1.640752250433268671e+02 1.869056443868003728e-13
1.643021054070972582e+02 1.801743724474802495e-13
1.645292994970834570e+02 1.736915773423923179e-13
1.647568077471004528e+02 1.674484370032470078e-13
1.649846305915636435e+02 1.614364106649499354e-13
1.652127684654885513e+02 1.556472320726890181e-13
1.654412218044924145e+02 1.500729027119585596e-13
1.656699910447948980e+02 1.447056850724691899e-13
1.658990766232185763e+02 1.395380959559781219e-13
1.661284789771906958e+02 1.345628998371293209e-13
1.663581985447427769e+02 1.297731022858645328e-13
1.665882357645122340e+02 1.251619434589704865e-13
1.668185910757430293e+02 1.207228916678717863e-13
1.670492649182862976e+02 1.164496370289069757e-13
1.672802577326019673e+02 1.123360852018092576e-13
1.675115699597584467e+02 1.083763512215581819e-13
1.677432020414343015e+02 1.045647534280226814e-13
1.679751544199187094e+02 1.008958074974960468e-13
1.682074275381124266e+02 9.736422057955336132e-14
1.684400218395290381e+02 9.396488554231276222e-14
1.686729377682949291e+02 9.069287532864771676e-14
1.689061757691508490e+02 8.754343742549669575e-14
1.691397362874524219e+02 8.451198844809824368e-14
1.693736197691710004e+02 8.159410884050321230e-14
1.696078266608951139e+02 7.878553769343924255e-14
1.698423574098303561e+02 7.608216768032325974e-14
1.700772124638007767e+02 7.348004011179474094e-14
1.703123922712497347e+02 7.097534010901384704e-14
1.705478972812405516e+02 6.856439189561404213e-14
1.707837279434579898e+02 6.624365420801781378e-14
1.710198847082080533e+02 6.400971582359288977e-14
1.712563680264196933e+02 6.185929120590559180e-14
1.714931783496452908e+02 5.978921626620866582e-14
1.717303161300615670e+02 5.779644424006719842e-14
1.719677818204709752e+02 5.587804167791217863e-14
1.722055758743015019e+02 5.403118454820643408e-14
1.724436987456084580e+02 5.225315445170170221e-14
1.726821508890748476e+02 5.054133494524435469e-14
1.729209327600123345e+02 4.889320797344625120e-14
1.731600448143626636e+02 4.730635040644348842e-14
1.733994875086975469e+02 4.577843068194630300e-14
1.736392613002201699e+02 4.430720554963325146e-14
1.738793666467660159e+02 4.289051691596364092e-14
1.741198040068033492e+02 4.152628878740760267e-14
1.743605738394350340e+02 4.021252431003101300e-14
1.746016766043982216e+02 3.894730290338765616e-14
1.748431127620659140e+02 3.772877748661175855e-14
1.750848827734477595e+02 3.655517179459220310e-14
1.753269871001906495e+02 3.542477778211772879e-14
1.755694262045803953e+02 3.433595311384574107e-14
1.758122005495415863e+02 3.328711873798710529e-14
1.760553105986389824e+02 3.227675654155175501e-14
1.762987568160784235e+02 3.130340708505268103e-14
1.765425396667074835e+02 3.036566741456575329e-14
1.767866596160170332e+02 2.946218894903598062e-14
1.770311171301410411e+02 2.859167544077631725e-14
1.772759126758582795e+02 2.775288100710287565e-14
1.775210467205929774e+02 2.694460823107603325e-14
1.777665197324154462e+02 2.616570632935877481e-14
1.780123321800438703e+02 2.541506938521400923e-14
1.782584845328439656e+02 2.469163464471800589e-14
1.785049772608306853e+02 2.399438087426568868e-14
1.787518108346689303e+02 2.332232677751284093e-14
1.789989857256742312e+02 2.267452946991520669e-14
1.792465024058143399e+02 2.205008300906317147e-14
1.794943613477092015e+02 2.144811697905606568e-14
1.797425630246323465e+02 2.086779512719139770e-14
1.799911079105116869e+02 2.030831405128345116e-14
1.802399964799308805e+02 1.976890193596777483e-14
1.804892292081294158e+02 1.924881733638820503e-14
1.807388065710040621e+02 1.874734800769991667e-14
1.809887290451095794e+02 1.826380977886082934e-14
1.812389971076596566e+02 1.779754546922839531e-14
1.814896112365283329e+02 1.734792384651666770e-14
1.817405719102498836e+02 1.691433862470599282e-14
1.819918796080204686e+02 1.649620750053848626e-14
1.822435348096989571e+02 1.609297122727241939e-14
1.824955379958074957e+02 1.570409272440923731e-14
1.827478896475332419e+02 1.532905622213793191e-14
1.830005902467282226e+02 1.496736643928942480e-14
1.832536402759109251e+02 1.461854779362368273e-14
1.835070402182670080e+02 1.428214364331232195e-14
1.837607905576501821e+02 1.395771555851323616e-14
1.840148917785837170e+02 1.364484262197603325e-14
1.842693443662602704e+02 1.334312075764372260e-14
1.845241488065437068e+02 1.305216208625599740e-14
1.847793055859696949e+02 1.277159430699172522e-14
1.850348151917464463e+02 1.250106010422418018e-14
1.852906781117564492e+02 1.224021657848956384e-14
1.855468948345563263e+02 1.198873470080681242e-14
1.858034658493783979e+02 1.174629878951684262e-14
1.860603916461315350e+02 1.151260600883660278e-14
1.863176727154017556e+02 1.128736588835845085e-14
1.865753095484541291e+02 1.107029986274989188e-14
1.868333026372324355e+02 1.086114083094412161e-14
1.870916524743608704e+02 1.065963273413029142e-14
1.873503595531448411e+02 1.046553015188899395e-14
1.876094243675717053e+02 1.027859791584183666e-14
1.878688474123124763e+02 1.009861074020792174e-14
1.881286291827215678e+02 9.925352868691567420e-15
1.883887701748386121e+02 9.758617737144358638e-15
1.886492708853891145e+02 9.598207651475396148e-15
1.889101318117852486e+02 9.443933480303634703e-15
1.891713534521276756e+02 9.295614361870494518e-15
1.894329363052050894e+02 9.153077424759064223e-15
1.896948808704961777e+02 9.016157521980843747e-15
1.899571876481703327e+02 8.884696978020494706e-15
1.902198571390883046e+02 8.758545348449465836e-15
1.904828898448040206e+02 8.637559191737982876e-15
1.907462862675644431e+02 8.521601852922769026e-15
1.910100469103111038e+02 8.410543258801356419e-15
1.912741722766810994e+02 8.304259724353305062e-15
1.915386628710076877e+02 8.202633770102558074e-15
1.918035191983221068e+02 8.105553950159668818e-15
1.920687417643534047e+02 8.012914690703762753e-15
1.923343310755300593e+02 7.924605317856390453e-15
1.926002876389809160e+02 7.840477413568340150e-15
1.928666119625357851e+02 7.760379121450058334e-15
1.931333045547273457e+02 7.684166260609495498e-15
1.934003659247908615e+02 7.611701897974195596e-15
1.936677965826659431e+02 7.542855946321478885e-15
1.939355970389973720e+02 7.477504786289210574e-15
1.942037678051357545e+02 7.415530910755878488e-15
1.944723093931395113e+02 7.356822590093725182e-15
1.947412223157743938e+02 7.301273556905580060e-15
1.950105070865155312e+02 7.248782708950249115e-15
1.952801642195479417e+02 7.199253829055394765e-15
1.955501942297675555e+02 7.152595320896710380e-15
1.958205976327828637e+02 7.108719959601853301e-15
1.960913749449146906e+02 7.067544656207688075e-15
1.963625266831980696e+02 7.028990235065965153e-15
1.966340533653829539e+02 6.992981223354795147e-15
1.969059555099350405e+02 6.959445651907886829e-15
1.971782336360375609e+02 6.928314866629232728e-15
1.974508882635910538e+02 6.899523349807569937e-15
1.977239199132151555e+02 6.873008550691885739e-15
1.979973291062494525e+02 6.848710724730227596e-15
1.982711163647541639e+02 6.826572780914557513e-15
1.985452822115120171e+02 6.806540136710395134e-15
1.988198271700281339e+02 6.788560580083488212e-15
1.990947517645315656e+02 6.772584138168310870e-15
1.993700565199762025e+02 6.758562952151889663e-15
1.996457419620423366e+02 6.746451157974458806e-15
1.999218086171366338e+02 6.736204772473971153e-15
2.001982570123937819e+02 6.727781584624508075e-15
2.004750876756774858e+02 6.721141051542979588e-15
2.007523011355810922e+02 6.716244198957213136e-15
2.010298979214294661e+02 6.713053525849116319e-15
2.013078785632789049e+02 6.711532913005574927e-15
2.015862435919187874e+02 6.711647535225203775e-15
2.018649935388724543e+02 6.713363776946520597e-15
2.021441289363980331e+02 6.716649151078132400e-15
2.024236503174902850e+02 6.721472220824681831e-15
2.027035582158803777e+02 6.727802524317112031e-15
2.029838531660376759e+02 6.735610501867423600e-15
2.032645357031706510e+02 6.744867425680358566e-15
2.035456063632275630e+02 6.755545331865550280e-15
2.038270656828985068e+02 6.767616954604934382e-15
2.041089141996149863e+02 6.781055662339068608e-15
2.043911524515518749e+02 6.795835395847049301e-15
2.046737809776283257e+02 6.811930608102848020e-15
2.049568003175083390e+02 6.829316205799875967e-15
2.052402110116028666e+02 6.847967492443969559e-15
2.055240136010695267e+02 6.867860112922962681e-15
2.058082086278143947e+02 6.888969999468082530e-15
2.060927966344928848e+02 6.911273318930975323e-15
2.063777781645106302e+02 6.934746421305179814e-15
2.066631537620252459e+02 6.959365789430014951e-15
2.069489239719462148e+02 6.985107989819052651e-15
2.072350893399366782e+02 7.011949624563790633e-15
2.075216504124143455e+02 7.039867284267188690e-15
2.078086077365522613e+02 7.068837501969636150e-15
2.080959618602807950e+02 7.098836708034346962e-15
2.083837133322872148e+02 7.129841185964984842e-15
2.086718627020178758e+02 7.161827029134597896e-15
2.089604105196787884e+02 7.194770098409089955e-15
2.092493573362366135e+02 7.228645980655318156e-15
2.095387037034204525e+02 7.263429948126385717e-15
2.098284501737218193e+02 7.299096918725241387e-15
2.101185973003962886e+02 7.335621417149368694e-15
2.104091456374645190e+02 7.372977536925879852e-15
2.107000957397130492e+02 7.411138903351074976e-15
2.109914481626961731e+02 7.450078637352097661e-15
2.112832034627358269e+02 7.489769320293677478e-15
2.115753621969233791e+02 7.530182959757828261e-15
2.118679249231205404e+02 7.571290956326917525e-15
2.121608921999601876e+02 7.613064071407011477e-15
2.124542645868483248e+02 7.655472396131075958e-15
2.127480426439639132e+02 7.698485321385395394e-15
2.130422269322606610e+02 7.742071509008728157e-15
2.133368180134679335e+02 7.786198864214029081e-15
2.136318164500916907e+02 7.830834509289398298e-15
2.139272228054163349e+02 7.875944758637526651e-15
2.142230376435045685e+02 7.921495095214029730e-15
2.145192615291991842e+02 7.967450148433044264e-15
2.148158950281240891e+02 8.013773673606207602e-15
2.151129387066851564e+02 8.060428532988658878e-15
2.154103931320720164e+02 8.107376678504567641e-15
2.157082588722580851e+02 8.154579136230468620e-15
2.160065364960022407e+02 8.201995992713994979e-15
2.163052265728499037e+02 8.249586383210878327e-15
2.166043296731338614e+02 8.297308481920958544e-15
2.169038463679761151e+02 8.345119494309601062e-15
2.172037772292878230e+02 8.392975651598554200e-15
2.175041228297711768e+02 8.440832207513677599e-15
2.178048837429202820e+02 8.488643437376398503e-15
2.181060605430220107e+02 8.536362639626431024e-15
2.184076538051580485e+02 8.583942139862820262e-15
2.187096641052046664e+02 8.631333297489988146e-15
2.190120920198345402e+02 8.678486515056000618e-15
2.193149381265179159e+02 8.725351250365903906e-15
2.196182030035232344e+02 8.771876031454716294e-15
2.199218872299192640e+02 8.818008474500313575e-15
2.202259913855747868e+02 8.863695304754655680e-15
2.205305160511606744e+02 8.908882380568304158e-15
2.208354618081507681e+02 8.953514720580881431e-15
2.211408292388226471e+02 8.997536534143742465e-15
2.214466189262598448e+02 9.040891255039190452e-15
2.217528314543513943e+02 9.083521578553252218e-15
2.220594674077940169e+02 9.125369501955222031e-15
2.223665273720926905e+02 9.166376368428877332e-15
2.226740119335626389e+02 9.206482914496723241e-15
2.229819216793292753e+02 9.245629320967094208e-15
2.232902571973300212e+02 9.283755267430467111e-15
2.235990190763153009e+02 9.320799990319540256e-15
2.239082079058494514e+02 9.356702344540635585e-15
2.242178242763126548e+02 9.391400868673989663e-15
2.245278687789008814e+02 9.424833853729871473e-15
2.248383420056277942e+02 9.456939415438000327e-15
2.251492445493256298e+02 9.487655570035353628e-15
2.254605770036461649e+02 9.516920313507691293e-15
2.257723399630628478e+02 9.544671704225810558e-15
2.260845340228703719e+02 9.570847948906677519e-15
2.263971597791868362e+02 9.595387491816874820e-15
2.267102178289546544e+02 9.618229107120791271e-15
2.270237087699414644e+02 9.639311994263512038e-15
2.273376332007421752e+02 9.658575876265779394e-15
2.276519917207786818e+02 9.675961100789604950e-15
2.279667849303020830e+02 9.691408743825075760e-15
2.282820134303933628e+02 9.704860715827756834e-15
2.285976778229645561e+02 9.716259870126755610e-15
2.289137787107606243e+02 9.725550113404010157e-15
2.292303166973593420e+02 9.732676518034877326e-15
2.295472923871733428e+02 9.737585436061691371e-15
2.298647063854509724e+02 9.740224614559109873e-15
2.301825592982773401e+02 9.740543312136009425e-15
2.305008517325762796e+02 9.738492416302372045e-15
2.308195842961102073e+02 9.734024561418641225e-15
2.311387575974821971e+02 9.727094246929123137e-15
2.314583722461368041e+02 9.717657955569459550e-15
2.317784288523611451e+02 9.705674271225862844e-15
2.320989280272869166e+02 9.691103996111132780e-15
2.324198703828901955e+02 9.673910266913336569e-15
2.327412565319935140e+02 9.654058669561128254e-15
2.330630870882667409e+02 9.631517352242569490e-15
2.333853626662281897e+02 9.606257136303987615e-15
2.337080838812465515e+02 9.578251624651074487e-15
2.340312513495407529e+02 9.547477307266179631e-15
2.343548656881820591e+02 9.513913663453503023e-15
2.346789275150950118e+02 9.477543260418520667e-15
2.350034374490583104e+02 9.438351847788468373e-15
2.353283961097071142e+02 9.396328447678795389e-15
2.356538041175326157e+02 9.351465439912855040e-15
2.359796620938842580e+02 9.303758642004653911e-15
2.363059706609706723e+02 9.253207383518808745e-15
2.366327304418606445e+02 9.199814574429578486e-15
2.369599420604852753e+02 9.143586767106648050e-15
2.372876061416376388e+02 9.084534211568340830e-15
2.376157233109750280e+02 9.022670903651261018e-15
2.379442941950199497e+02 8.958014625762579755e-15
2.382733194211609202e+02 8.890586979893408053e-15
2.386027996176547674e+02 8.820413412591054922e-15
2.389327354136263182e+02 8.747523231607506050e-15
2.392631274390706153e+02 8.671949613959901987e-15
2.395939763248538270e+02 8.593729605164456385e-15
2.399252827027142132e+02 8.512904109428769245e-15
2.402570472052643424e+02 8.429517870612476483e-15
2.405892704659908361e+02 8.343619443796644539e-15
2.409219531192564716e+02 8.255261157329210973e-15
2.412550958003012909e+02 8.164499065245859754e-15
2.415886991452434245e+02 8.071392889998250962e-15
2.419227637910813939e+02 7.976006550326797304e-15
2.422572903756937706e+02 7.878436929580208501e-15
2.425922795378415060e+02 7.778824916157357118e-15
2.429277319171686997e+02 7.677314189943083037e-15
2.432636481542037643e+02 7.574047525683876666e-15
2.436000288903615854e+02 7.469166522430111732e-15
2.439368747679431806e+02 7.362811345468576257e-15
2.442741864301380303e+02 7.255120481109375245e-15
2.446119645210249871e+02 7.146230504626298516e-15
2.449502096855732418e+02 7.036275861585630119e-15
2.452889225696446545e+02 6.925388662736005245e-15
2.456281038199933846e+02 6.813698492575890132e-15
2.459677540842681367e+02 6.701332231651863657e-15
2.463078740110129843e+02 6.588413892592604966e-15
2.466484642496694732e+02 6.475064469826266726e-15
2.469895254505765081e+02 6.361401802883680309e-15
2.473310582649724552e+02 6.247540453138789649e-15
2.476730633449962795e+02 6.133591593797781551e-15
2.480155413436883691e+02 6.019662912906927142e-15
2.483584929149929508e+02 5.905858529109493138e-15
2.487019187137577205e+02 5.792278919850459305e-15
2.490458193957361743e+02 5.679020861694630577e-15
2.493901956175885175e+02 5.566177382395332489e-15
2.497350480368827732e+02 5.453837724326355291e-15
2.500803773120969709e+02 5.342087318866525688e-15
2.504261841026189188e+02 5.231007771308663623e-15
2.507724690687484781e+02 5.120676855844355681e-15
2.511192328716985571e+02 5.011168520166493045e-15
2.514664761735960781e+02 4.902552899218163338e-15
2.518141996374843927e+02 4.794896337606597337e-15
2.521624039273228561e+02 4.688261420199134448e-15
2.525110897079892140e+02 4.582707010408360570e-15
2.528602576452806261e+02 4.478288295678345392e-15
2.532099084059145753e+02 4.375056839679786683e-15
2.535600426575313406e+02 4.273060640725683345e-15
2.539106610686935426e+02 4.172344195926942630e-15
2.542617643088885586e+02 4.072948570607010627e-15
2.546133530485295751e+02 3.974911472507995763e-15
2.549654279589564680e+02 3.878267330328328144e-15
2.553179897124382762e+02 3.783047376139741788e-15
2.556710389821728029e+02 3.689279731248448031e-15
2.560245764422890602e+02 3.596989495071904072e-15
2.563786027678482355e+02 3.506198836621916826e-15
2.567331186348446295e+02 3.416927088195122754e-15
2.570881247202082136e+02 3.329190840888681208e-15
2.574436217018040907e+02 3.243004041576682982e-15
2.577996102584349956e+02 3.158378090994388957e-15
2.581560910698423754e+02 3.075321942598573782e-15
2.585130648167072991e+02 2.993842201886674204e-15
2.588705321806527877e+02 2.913943225875320440e-15
2.592284938442438147e+02 2.835627222455645898e-15
2.595869504909891816e+02 2.758894349359569738e-15
2.599459028053431098e+02 2.683742812490155792e-15
2.603053514727057518e+02 2.610168963382982819e-15
2.606652971794259770e+02 2.538167395585396382e-15
2.610257406128008597e+02 2.467731039754903064e-15
2.613866824610782373e+02 2.398851257295201938e-15
2.617481234134575061e+02 2.331517932363387086e-15
2.621100641600908148e+02 2.265719562097774561e-15
2.624725053920855657e+02 2.201443344931014037e-15
2.628354478015039035e+02 2.138675266866973773e-15
2.631988920813652157e+02 2.077400185613847143e-15
2.635628389256472133e+02 2.017601912480172709e-15
2.639272890292869533e+02 1.959263291952876456e-15
2.642922430881832838e+02 1.902366278888102197e-15
2.646577017991965022e+02 1.846892013258764238e-15
2.650236658601506861e+02 1.792820892412829340e-15
2.653901359698350007e+02 1.740132640807003183e-15
2.657571128280045514e+02 1.688806377191035709e-15
2.661245971353828281e+02 1.638820679226896936e-15
2.664925895936614779e+02 1.590153645535862315e-15
2.668610909055028060e+02 1.542782955174513639e-15
2.672301017745405147e+02 1.496685924549305832e-15
2.675996229053812385e+02 1.451839561785057551e-15
2.679696550036066469e+02 1.408220618570211027e-15
2.683401987757732172e+02 1.365805639507948007e-15
2.687112549294148494e+02 1.324571009006203051e-15
2.690828241730437185e+02 1.284492995746837048e-15
2.694549072161513550e+02 1.245547794776714003e-15
2.698275047692113162e+02 1.207711567268485269e-15
2.702006175436787885e+02 1.170960478002741758e-15
2.705742462519929177e+02 1.135270730625168395e-15
2.709483916075780598e+02 1.100618600736168330e-15
2.713230543248447475e+02 1.066980466872669359e-15
2.716982351191923044e+02 1.034332839442821890e-15
2.720739347070083909e+02 1.002652387677459385e-15
2.724501538056716186e+02 9.719159646621681093e-16
2.728268931335521756e+02 9.421006305155538813e-16
2.732041534100146123e+02 9.131836737796052687e-16
2.735819353554172721e+02 8.851426310892472477e-16
2.739602396911147935e+02 8.579553051869578646e-16
2.743390671394594165e+02 8.315997813498625762e-16
2.747184184238020066e+02 8.060544422953524631e-16
2.750982942684942714e+02 7.812979816313351284e-16
2.754786953988889877e+02 7.573094159165569560e-16
2.758596225413419916e+02 7.340680953952938238e-16
2.762410764232135989e+02 7.115537134702566282e-16
2.766230577728696289e+02 6.897463149762779557e-16
2.770055673196839621e+02 6.686263033159381173e-16
2.773886057940380852e+02 6.481744465173389726e-16
2.777721739273238768e+02 6.283718822727840474e-16
2.781562724519443464e+02 6.092001220153053182e-16
2.785409021013152255e+02 5.906410540889280498e-16
2.789260636098670716e+02 5.726769460667816576e-16
2.793117577130452673e+02 5.552904462693786788e-16
2.796979851473123517e+02 5.384645845338826410e-16
2.800847466501492704e+02 5.221827722834214242e-16
2.804720429600564557e+02 5.064288019439720280e-16
2.808598748165563848e+02 4.911868457540959789e-16
2.812482429601932381e+02 4.764414540118022680e-16
2.816371481325356285e+02 4.621775528002917316e-16
2.820265910761773966e+02 4.483804412333682682e-16
2.824165725347390890e+02 4.350357882589082354e-16
2.828070932528702883e+02 4.221296290574779990e-16
2.831981539762495004e+02 4.096483610716034546e-16
2.835897554515865977e+02 3.975787396990227175e-16
2.839818984266238999e+02 3.859078736821620855e-16
2.843745836501375379e+02 3.746232202243726242e-16
2.847678118719397844e+02 3.637125798615174170e-16
2.851615838428789402e+02 3.531640911166213276e-16
2.855559003148418924e+02 3.429662249632795790e-16
2.859507620407550803e+02 3.331077791223271211e-16
2.863461697745859738e+02 3.235778722148915804e-16
2.867421242713453466e+02 3.143659377934590278e-16
2.871386262870871633e+02 3.054617182715192517e-16
2.875356765789111364e+02 2.968552587707472110e-16
2.879332759049639208e+02 2.885369009038340461e-16
2.883314250244401364e+02 2.804972765096228700e-16
2.887301246975851541e+02 2.727273013562948546e-16
2.891293756856947539e+02 2.652181688271216383e-16
2.895291787511176267e+02 2.579613436023118866e-16
2.899295346572566814e+02 2.509485553495904442e-16
2.903304441685701818e+02 2.441717924350497826e-16
2.907319080505741908e+02 2.376232956649903688e-16
2.911339270698426276e+02 2.312955520687004010e-16
2.915365019940096545e+02 2.251812887311207416e-16
2.919396335917708143e+02 2.192734666837449416e-16
2.923433226328844512e+02 2.135652748612477732e-16
2.927475698881740414e+02 2.080501241307477596e-16
2.931523761295281361e+02 2.027216413998922928e-16
2.935577421299030334e+02 1.975736638092906671e-16
2.939636686633235740e+02 1.926002330144152313e-16
2.943701565048849602e+02 1.877955895612939106e-16
2.947772064307548590e+02 1.831541673600157865e-16
2.951848192181732884e+02 1.786705882595328021e-16
2.955929956454555168e+02 1.743396567266701651e-16
2.960017364919928582e+02 1.701563546320325309e-16
2.964110425382541507e+02 1.661158361449561059e-16
2.968209145657883141e+02 1.622134227393619219e-16
2.972313533572241226e+02 1.584445983120097844e-16
2.976423596962728197e+02 1.548050044143217650e-16
2.980539343677293687e+02 1.512904355986913257e-16
2.984660781574735324e+02 1.478968348799348280e-16
2.988787918524729434e+02 1.446202893122228124e-16
2.992920762407821940e+02 1.414570256817285932e-16
2.997059321115461330e+02 1.384034063149343643e-16
3.001203602550007759e+02 1.354559250023734658e-16
3.005353614624744409e+02 1.326112030374714497e-16
3.009509365263908194e+02 1.298659853699478696e-16
3.013670862402681223e+02 1.272171368731536929e-16
3.017838113987224347e+02 1.246616387245391830e-16
3.022011127974685110e+02 1.221965848984621554e-16
3.026189912333209691e+02 1.198191787703444934e-16
3.030374475041974165e+02 1.175267298311885298e-16
3.034564824091176547e+02 1.153166505114025800e-16
3.038760967482067485e+02 1.131864531127895857e-16
3.042962913226959927e+02 1.111337468475865502e-16
3.047170669349252989e+02 1.091561769571927794e-16
3.051384243883432532e+02 1.072509458949002609e-16
3.055603644875097302e+02 1.054150944190569604e-16
3.059828880380971441e+02 1.036458026972567001e-16
3.064059958468916420e+02 1.019403857301182084e-16
3.068296887217958329e+02 1.002962860563304455e-16
3.072539674718287870e+02 9.871106688754330583e-17
3.076788329071282533e+02 9.718240564553458597e-17
3.081042858389525350e+02 9.570808787602934053e-17
3.085303270796812853e+02 9.428600151521389485e-17
3.089569574428182932e+02 9.291413148668759328e-17
3.093841777429916533e+02 9.159055460807340320e-17
3.098119887959558696e+02 9.031343478790325047e-17
3.102403914185936742e+02 8.908101849469995811e-17
3.106693864289169369e+02 8.789163048138848761e-17
3.110989746460697916e+02 8.674366974929137398e-17
3.115291568903278971e+02 8.563560573699768844e-17
3.119599339831015641e+02 8.456597472036035508e-17
3.123913067469370617e+02 8.353337641079717372e-17
3.128232760055175277e+02 8.253647073989178588e-17
3.132558425836662650e+02 8.157397481906967202e-17
3.136890073073459462e+02 8.064466006386532989e-17
3.141227710036618532e+02 7.974734947296308731e-17
3.145571345008629009e+02 7.888091505281488574e-17
3.149920986283429443e+02 7.804427537925597498e-17
3.154276642166437910e+02 7.723639328803783486e-17
3.158638320974546900e+02 7.645627368677502384e-17
3.163006031036151171e+02 7.570296148120369212e-17
3.167379780691163660e+02 7.497553960914554203e-17
3.171759578291025718e+02 7.427312717598725391e-17
3.176145432198736671e+02 7.359487768582408778e-17
3.180537350788850404e+02 7.293997736283623036e-17
3.184935342447503785e+02 7.230764355777055043e-17
3.189339415572430312e+02 7.169712323471875529e-17
3.193749578572972609e+02 7.110769153369703154e-17
3.198165839870110858e+02 7.053865040477634356e-17
3.202588207896460517e+02 6.998932730982487867e-17
3.207016691096299610e+02 6.945907398808207206e-17
3.211451297925584640e+02 6.894726528211204553e-17
3.215892036851959688e+02 6.845329802081194121e-17
3.220338916354788239e+02 6.797658995639231874e-17
3.224791944925150347e+02 6.751657875242436462e-17
3.229251131065868208e+02 6.707272102022731453e-17
3.233716483291523218e+02 6.664449140101614366e-17
3.238188010128467340e+02 6.623138169141254658e-17
3.242665720114852093e+02 6.583290001003678558e-17
3.247149621800625141e+02 6.544857000305869193e-17
3.251639723747560993e+02 6.507793008669638530e-17
3.256136034529272365e+02 6.472053272477571870e-17
3.260638562731224397e+02 6.437594373958887361e-17
3.265147316950765344e+02 6.404374165436213076e-17
3.269662305797119188e+02 6.372351706580210605e-17
3.274183537891419746e+02 6.341487204520453217e-17
3.278711021866722035e+02 6.311741956677281262e-17
3.283244766368014780e+02 6.283078296183598857e-17
3.287784780052249971e+02 6.255459539772446387e-17
3.292331071588342866e+02 6.228849938018492039e-17
3.296883649657196429e+02 6.203214627822794764e-17
3.301442522951718956e+02 6.178519587040482003e-17
3.306007700176835442e+02 6.154731591156019435e-17
3.310579190049518843e+02 6.131818171916090825e-17
3.315157001298783825e+02 6.109747577836859456e-17
3.319741142665720304e+02 6.088488736506265299e-17
3.324331622903505377e+02 6.068011218607616666e-17
3.328928450777414696e+02 6.048285203595324088e-17
3.333531635064856573e+02 6.029281446957764390e-17
3.338141184555365157e+02 6.010971249006822349e-17
3.342757108050632269e+02 5.993326425136936005e-17
3.347379414364521608e+02 5.976319277500432032e-17
3.352008112323078990e+02 5.959922568049417167e-17
3.356643210764567016e+02 5.944109492898530960e-17
3.361284718539457685e+02 5.928853657963863448e-17
3.365932644510467071e+02 5.914129055838672386e-17
3.370586997552559865e+02 5.899910043867609448e-17
3.375247786552986327e+02 5.886171323384671576e-17
3.379915020411273190e+02 5.872887920081580143e-17
3.384588708039258336e+02 5.860035165477393914e-17
3.389268858361101593e+02 5.847588679459001921e-17
3.393955480313300654e+02 5.835524353868599928e-17
3.398648582844718931e+02 5.823818337111946740e-17
3.403348174916586686e+02 5.812447019765348005e-17
3.408054265502526050e+02 5.801387021160523087e-17
3.412766863588569777e+02 5.790615176927785090e-17
3.417485978173172043e+02 5.780108527478895981e-17
3.422211618267240283e+02 5.769844307413692611e-17
3.426943792894132912e+02 5.759799935833905254e-17
3.431682511089686614e+02 5.749953007550332760e-17
3.436427781902235665e+02 5.740281285169796078e-17
3.441179614392619897e+02 5.730762692048242551e-17
3.445938017634221069e+02 5.721375306099883862e-17
3.450703000712955486e+02 5.712097354449371145e-17
3.455474572727307532e+02 5.702907208917863853e-17
3.460252742788342744e+02 5.693783382331955747e-17
3.465037520019721455e+02 5.684704525646397192e-17
3.469828913557731198e+02 5.675649425871370523e-17
3.474626932551281584e+02 5.666597004795119625e-17
3.479431586161937275e+02 5.657526318492745974e-17
3.484242883563931059e+02 5.648416557613501914e-17
3.489060833944178626e+02 5.639247048436579909e-17
3.493885446502309833e+02 5.629997254687482031e-17
3.498716730450664159e+02 5.620646780105887931e-17
3.503554695014324238e+02 5.611175371755158068e-17
3.508399349431127803e+02 5.601562924065285288e-17
3.513250702951684730e+02 5.591789483597880931e-17
3.518108764839405467e+02 5.581835254524707818e-17
3.522973544370499894e+02 5.571680604806769790e-17
3.527845050834008021e+02 5.561306073064837824e-17
3.532723293531815898e+02 5.550692376127670542e-17
3.537608281778665855e+02 5.539820417245645662e-17
3.542500024902194014e+02 5.528671294956671571e-17
3.547398532242922329e+02 5.517226312589231649e-17
3.552303813154292129e+02 5.505466988387764663e-17
3.557215877002679463e+02 5.493375066243697432e-17
3.562134733167407603e+02 5.480932527015172339e-17
3.567060391040780019e+02 5.468121600416497583e-17
3.571992860028078667e+02 5.454924777458669779e-17
3.576932149547592417e+02 5.441324823419416970e-17
3.581878269030634101e+02 5.427304791321158365e-17
3.586831227921555296e+02 5.412848035893942819e-17
3.591791035677777586e+02 5.397938227998936631e-17
3.596757701769788582e+02 5.382559369486012261e-17
3.601731235681175463e+02 5.366695808459569476e-17
3.606711646908639182e+02 5.350332254923084925e-17
3.611698944962009250e+02 5.333453796773142502e-17
3.616693139364276135e+02 5.316045916111360474e-17
3.621694239651586713e+02 5.298094505842501326e-17
3.626702255373279513e+02 5.279585886523654461e-17
3.631717196091895516e+02 5.260506823429539670e-17
3.636739071383197484e+02 5.240844543798183032e-17
3.641767890836197807e+02 5.220586754217195562e-17
3.646803664053159650e+02 5.199721658112462028e-17
3.651846400649626503e+02 5.178237973298313458e-17
3.656896110254438099e+02 5.156124949547068043e-17
3.661952802509745197e+02 5.133372386134474791e-17
3.667016487071043116e+02 5.109970649317490798e-17
3.672087173607166619e+02 5.085910689698309705e-17
3.677164871800324590e+02 5.061184059428271721e-17
3.682249591346114244e+02 5.035782929204367952e-17
3.687341341953536471e+02 5.009700105009956573e-17
3.692440133345028244e+02 4.982929044550067186e-17
3.697545975256458632e+02 4.955463873332407415e-17
3.702658877437164620e+02 4.927299400342625045e-17
3.707778849649963604e+02 4.898431133263307206e-17
3.712905901671168749e+02 4.868855293185616867e-17
3.718040043290623089e+02 4.838568828760974303e-17
3.723181284311696686e+02 4.807569429742677290e-17
3.728329634551317326e+02 4.775855539863898842e-17
3.733485103839985868e+02 4.743426369001794798e-17
3.738647702021806367e+02 4.710281904575665673e-17
3.743817438954484373e+02 4.676422922129035754e-17
3.748994324509360467e+02 4.641850995044040650e-17
3.754178368571425040e+02 4.606568503340515569e-17
3.759369581039333070e+02 4.570578641509460526e-17
3.764567971825438804e+02 4.533885425334208426e-17
3.769773550855792337e+02 4.496493697653150736e-17
3.774986328070172021e+02 4.458409133019124080e-17
3.780206313422101516e+02 4.419638241211725911e-17
3.785433516878864566e+02 4.380188369562346437e-17
3.790667948421537972e+02 4.340067704051509276e-17
3.795909618044989315e+02 4.299285269141877607e-17
3.801158535757911068e+02 4.257850926311756208e-17
3.806414711582834229e+02 4.215775371257007982e-17
3.811678155556146521e+02 4.173070129731145738e-17
3.816948877728124785e+02 4.129747551997743059e-17
3.822226888162931004e+02 4.085820805870282494e-17
3.827512196938648117e+02 4.041303868319397203e-17
3.832804814147295360e+02 3.996211518529566260e-17
3.838104749894842485e+02 3.950564017264947761e-17
3.843412014301244994e+02 3.904396266019434477e-17
3.848726617500440739e+02 3.857745659485617615e-17
3.854048569640385722e+02 3.810649287031106856e-17
3.859377880883065473e+02 3.763143892504445145e-17
3.864714561404516644e+02 3.715265835627123226e-17
3.870058621394857141e+02 3.667051055004525356e-17
3.875410071058283279e+02 3.618535032780895651e-17
3.880768920613107298e+02 3.569752760961334541e-17
3.886135180291769871e+02 3.520738709418077356e-17
3.891508860340856586e+02 3.471526795593938739e-17
3.896889971021135466e+02 3.422150355911609598e-17
3.902278522607549007e+02 3.372642118893939753e-17
3.907674525389252835e+02 3.323034179994590577e-17
3.913077989669630483e+02 3.273357978136583830e-17
3.918488925766307602e+02 3.223644273950753294e-17
3.923907344011190617e+02 3.173923129703707210e-17
3.929333254750459332e+02 3.124223890900848094e-17
3.934766668344604454e+02 3.074575169546213695e-17
3.940207595168442367e+02 3.025004829039469346e-17
3.945656045611133891e+02 2.975539970684923388e-17
3.951112030076214410e+02 2.926206921787146495e-17
3.956575558981595577e+02 2.877031225303280418e-17
3.962046642759598285e+02 2.828037631020537181e-17
3.967525291856969147e+02 2.779250088225133500e-17
3.973011516734894712e+02 2.730691739826246470e-17
3.978505327869041821e+02 2.682384917897274362e-17
3.984006735749548511e+02 2.634351140594762856e-17
3.989515750881063809e+02 2.586611110413091276e-17
3.995032383782761940e+02 2.539184713732803499e-17
4.000556644988358244e+02 2.492091021618227374e-17
4.006088545046147260e+02 2.445348291818966136e-17
4.011628094518997045e+02 2.398973971930211090e-17
4.017175303984384414e+02 2.352984703663561212e-17
4.022730184034414265e+02 2.307396328182241674e-17
4.028292745275833227e+02 2.262223892451776485e-17
4.033862998330067171e+02 2.217481656558109364e-17
4.039440953833216668e+02 2.173183101945137674e-17
4.045026622436094499e+02 2.129340940522081997e-17
4.050620014804240441e+02 2.085967124592643534e-17
4.056221141617937747e+02 2.043072857557789079e-17
4.061830013572252369e+02 2.000668605343290862e-17
4.067446641377025003e+02 1.958764108504948127e-17
4.073071035756910874e+02 1.917368394963721546e-17
4.078703207451394519e+02 1.876489793324351066e-17
4.084343167214807409e+02 1.836135946731168922e-17
4.089990925816363756e+02 1.796313827216200075e-17
4.095646494040156540e+02 1.757029750494621343e-17
4.101309882685196158e+02 1.718289391164292664e-17
4.106981102565424635e+02 1.680097798266921602e-17
4.112660164509733249e+02 1.642459411168869368e-17
4.118347079361999477e+02 1.605378075721342713e-17
4.124041857981084718e+02 1.568857060660999807e-17
4.129744511240867837e+02 1.532899074211934441e-17
4.135455050030265056e+02 1.497506280853095759e-17
4.141173485253245303e+02 1.462680318214585364e-17
4.146899827828868297e+02 1.428422314068869188e-17
4.152634088691278293e+02 1.394732903383895218e-17
4.158376278789745584e+02 1.361612245405802750e-17
4.164126409088674450e+02 1.329060040741120270e-17
4.169884490567644093e+02 1.297075548409355789e-17
4.175650534221404655e+02 1.265657602838153316e-17
4.181424551059912460e+02 1.234804630774256931e-17
4.187206552108348205e+02 1.204514668085709108e-17
4.192996548407134014e+02 1.174785376431460022e-17
4.198794551011971521e+02 1.145614059775399758e-17
4.204600570993837323e+02 1.116997680724851418e-17
4.210414619439019930e+02 1.088932876672594557e-17
4.216236707449139658e+02 1.061415975724861418e-17
4.222066846141161705e+02 1.034443012397453970e-17
4.227905046647438212e+02 1.008009743064584644e-17
4.233751320115700310e+02 9.821116611454015500e-18
4.239605677709099609e+02 9.567440120147012729e-18
4.245468130606224122e+02 9.319018076255612206e-18
4.251338690001113605e+02 9.075798408328081819e-18
4.257217367103301626e+02 8.837726994069124433e-18
4.263104173137807038e+02 8.604747797296641998e-18
4.268999119345177178e+02 8.376803001633928211e-18
4.274902216981499805e+02 8.153833140869036336e-18
4.280813477318425839e+02 7.935777225922171472e-18
4.286732911643203465e+02 7.722572868367008662e-18
4.292660531258676997e+02 7.514156400471834030e-18
4.298596347483323257e+02 7.310462991719659187e-18
4.304540371651270902e+02 7.111426761787963336e-18
4.310492615112316912e+02 6.916980889970875297e-18
4.316453089231965237e+02 6.727057721032998701e-18
4.322421805391422254e+02 6.541588867496092909e-18
4.328398774987637694e+02 6.360505308360090306e-18
4.334384009433320557e+02 6.183737484273454526e-18
4.340377520156955029e+02 6.011215389168604414e-18
4.346379318602844251e+02 5.842868658385027263e-18
4.352389416231101222e+02 5.678626653311757464e-18
4.358407824517690869e+02 5.518418542579489260e-18
4.364434554954447094e+02 5.362173379843356700e-18
4.370469619049089260e+02 5.209820178197453176e-18
4.376513028325263122e+02 5.061287981269291932e-18
4.382564794322536841e+02 4.916505931044019824e-18
4.388624928596437940e+02 4.775403332472834965e-18
4.394693442718474330e+02 4.637909714921782260e-18
4.400770348276148525e+02 4.503954890522078175e-18
4.406855656873001976e+02 4.373469009483121495e-18
4.412949380128605412e+02 4.246382612435143872e-18
4.419051529678602037e+02 4.122626679865400205e-18
4.425162117174726291e+02 4.002132678718343201e-18
4.431281154284817489e+02 3.884832606229304347e-18
4.437408652692864734e+02 3.770659031063470711e-18
4.443544624098997815e+02 3.659545131831703555e-18
4.449689080219532116e+02 3.551424733057106715e-18
4.455842032786981690e+02 3.446232338666644420e-18
4.462003493550081998e+02 3.343903163081260444e-18
4.468173474273826287e+02 3.244373159979678804e-18
4.474351986739462745e+02 3.147579048811925954e-18
4.480539042744536573e+02 3.053458339134942835e-18
4.486734654102904756e+02 2.961949352847398320e-18
4.492938832644755962e+02 2.872991244396038133e-18
4.499151590216652039e+02 2.786524019029196648e-18
4.505372938681521191e+02 2.702488549169324567e-18
4.511602889918701180e+02 2.620826588977586830e-18
4.517841455823955812e+02 2.541480787182753151e-18
4.524088648309492555e+02 2.464394698244633306e-18
4.530344479304006313e+02 2.389512791921548593e-18
4.536608960752672033e+02 2.316780461312461384e-18
4.542882104617187338e+02 2.246144029438893094e-18
4.549163922875789581e+02 2.177550754435081588e-18
4.555454427523275172e+02 2.110948833410177535e-18
4.561753630571041640e+02 2.046287405046893596e-18
4.568061544047079678e+02 1.983516550999496136e-18
4.574378179996018048e+02 1.922587296150713884e-18
4.580703550479140631e+02 1.863451607788242641e-18
4.587037667574404054e+02 1.806062393758693281e-18
4.593380543376481455e+02 1.750373499654981378e-18
4.599732189996754528e+02 1.696339705092540311e-18
4.606092619563358426e+02 1.643916719127840152e-18
4.612461844221193132e+02 1.593061174870513320e-18
4.618839876131967799e+02 1.543730623339604172e-18
4.625226727474193353e+02 1.495883526613183325e-18
4.631622410443225704e+02 1.449479250317325260e-18
4.638026937251285062e+02 1.404478055500689620e-18
4.644440320127473001e+02 1.360841089938444461e-18
4.650862571317816219e+02 1.318530378907994926e-18
4.657293703085259722e+02 1.277508815477240764e-18
4.663733727709711161e+02 1.237740150344437870e-18
4.670182657488058453e+02 1.199188981268125059e-18
4.676640504734188539e+02 1.161820742122573603e-18
4.683107281779029449e+02 1.125601691613939327e-18
4.689583000970547459e+02 1.090498901690874790e-18
4.696067674673786883e+02 1.056480245680702214e-18
4.702561315270890532e+02 1.023514386182280610e-18
4.709063935161118479e+02 9.915707627446212861e-19
4.715575546760890120e+02 9.606195793587911819e-19
4.722096162503780192e+02 9.306317917902492558e-19
4.728625794840561412e+02 9.015790947758997702e-19
4.735164456239222091e+02 8.734339091108337037e-19
4.741712159184987740e+02 8.461693686467445123e-19
4.748268916180360861e+02 8.197593072240557887e-19
4.754834739745119236e+02 7.941782455579787523e-19
4.761409642416357428e+02 7.694013780979870904e-19
4.767993636748505537e+02 7.454045598786548708e-19
4.774586735313349095e+02 7.221642933792703390e-19
4.781188950700071700e+02 6.996577154083492934e-19
4.787800295515252174e+02 6.778625840281950924e-19
4.794420782382903781e+02 6.567572655336499963e-19
4.801050423944498675e+02 6.363207214984349028e-19
4.807689232858982677e+02 6.165324959016262562e-19
4.814337221802821887e+02 5.973727023455449115e-19
4.820994403469995859e+02 5.788220113760876182e-19
4.827660790572041947e+02 5.608616392389373088e-19
4.834336395838076328e+02 5.434733699528893397e-19
4.841021232014809357e+02 5.266395413425627412e-19
4.847715311866594448e+02 5.103429915871532914e-19
4.854418648175418980e+02 4.945670457082082112e-19
4.861131253740950342e+02 4.792955043905335433e-19
4.867853141380556394e+02 4.645126329159750847e-19
4.874584323929321386e+02 4.502031502176877108e-19
4.881324814240094270e+02 4.363522180616305737e-19
4.888074625183481317e+02 4.229454303618884782e-19
4.894833769647891017e+02 4.099688026353647686e-19
4.901602260539553413e+02 3.974087616012249418e-19
4.908380110782539987e+02 3.852521349296277590e-19
4.915167333318809710e+02 3.734861411439056905e-19
4.921963941108201084e+02 3.620983796800680791e-19
4.928769947128478748e+02 3.510768211065748480e-19
4.935585364375352810e+02 3.404097975073050870e-19
4.942410205862497605e+02 3.300859930301968284e-19
4.949244484621600009e+02 3.200944346033009796e-19
4.956088213702348639e+02 3.104244828201511240e-19
4.962941406172485017e+02 3.010658229954562105e-19
4.969804075117818343e+02 2.920084563923156009e-19
4.976676233642249372e+02 2.832426916214121983e-19
4.983557894867811910e+02 2.747591362125602243e-19
4.990449071934670542e+02 2.665486883589046224e-19
4.997349778001166101e+02 2.586025288332455399e-19
5.004260026243832158e+02 2.509121130763886054e-19
5.011179829857418895e+02 2.434691634567406151e-19
5.018109202054937441e+02 2.362656617003602274e-19
5.025048156067653053e+02 2.292938414904771068e-19
5.031996705145134001e+02 2.225461812351731111e-19
5.038954862555268051e+02 2.160153970020205165e-19
5.045922641584285202e+02 2.096944356180390596e-19
5.052900055536803166e+02 2.035764679333348520e-19
5.059887117735820539e+02 1.976548822467718020e-19
5.066883841522765124e+02 1.919232778916166514e-19
5.073890240257512119e+02 1.863754589792512216e-19
5.080906327318405715e+02 1.810054282988726597e-19
5.087932116102305145e+02 1.758073813709607491e-19
5.094967620024578423e+02 1.707757006523137168e-19
5.102012852519150670e+02 1.659049498902709309e-19
5.109067827038521159e+02 1.611898686238140941e-19
5.116132557053787195e+02 1.566253668290772882e-19
5.123207056054689019e+02 1.522065197067682755e-19
5.130291337549605259e+02 1.479285626091024566e-19
5.137385415065597272e+02 1.437868861035441304e-19
5.144489302148427896e+02 1.397770311709406614e-19
5.151603012362605796e+02 1.358946845353452859e-19
5.158726559291380909e+02 1.321356741230367872e-19
5.165859956536788786e+02 1.284959646480419288e-19
5.173003217719679014e+02 1.249716533215636988e-19
5.180156356479724309e+02 1.215589656827682254e-19
5.187319386475479632e+02 1.182542515482171145e-19
5.194492321384365141e+02 1.150539810774382253e-19
5.201675174902725303e+02 1.119547409519804003e-19
5.208867960745837991e+02 1.089532306654230645e-19
5.216070692647945179e+02 1.060462589217472869e-19
5.223283384362293873e+02 1.032307401395378116e-19
5.230506049661133829e+02 1.005036910595442835e-19
5.237738702335765311e+02 9.786222745304467374e-20
5.244981356196554998e+02 9.530356092859771155e-20
5.252234025072965551e+02 9.282499583472390180e-20
5.259496722813596534e+02 9.042392625614271763e-20
5.266769463286181008e+02 8.809783310116964278e-20
5.274052260377634411e+02 8.584428127793754827e-20
5.281345127994073891e+02 8.366091695717103396e-20
5.288648080060839902e+02 8.154546491920946807e-20
5.295961130522546227e+02 7.949572598308061278e-20
5.303284293343072022e+02 7.750957451542610992e-20
5.310617582505610699e+02 7.558495601712959730e-20
5.317961012012692663e+02 7.371988478552657348e-20
5.325314595886202369e+02 7.191244165014629194e-20
5.332678348167434024e+02 7.016077177991841541e-20
5.340052282917077946e+02 6.846308255991332457e-20
5.347436414215273999e+02 6.681764153559067688e-20
5.354830756161632053e+02 6.522277442270877923e-20
5.362235322875254724e+02 6.367686318099839550e-20
5.369650128494780574e+02 6.217834414977485840e-20
5.377075187178386386e+02 6.072570624370910671e-20
5.384510513103830363e+02 5.931748920701282791e-20
5.391956120468474865e+02 5.795228192432047449e-20
5.399412023489311423e+02 5.662872078661146931e-20
5.406878236403002802e+02 5.534548811055404825e-20
5.414354773465885273e+02 5.410131060967174902e-20
5.421841648954011816e+02 5.289495791579562988e-20
5.429338877163177131e+02 5.172524114928420628e-20
5.436846472408939235e+02 5.059101153656611635e-20
5.444364449026664943e+02 4.949115907353678906e-20
5.451892821371528726e+02 4.842461123345235744e-20
5.459431603818563872e+02 4.739033171794345816e-20
5.466980810762676128e+02 4.638731924983105763e-20
5.474540456618672124e+02 4.541460640646455431e-20
5.482110555821311664e+02 4.447125849232625839e-20
5.489691122825291814e+02 4.355637244970316465e-20
5.497282172105307154e+02 4.266907580621970659e-20
5.504883718156067971e+02 4.180852565810816871e-20
5.512495775492317307e+02 4.097390768809221286e-20
5.520118358648891217e+02 4.016443521679977954e-20
5.527751482180703988e+02 3.937934828666350235e-20
5.535395160662803846e+02 3.861791277727987010e-20
5.543049408690392283e+02 3.787941955124780105e-20
5.550714240878845658e+02 3.716318362951634590e-20
5.558389671863769763e+02 3.646854339532356105e-20
5.566075716300990734e+02 3.579485982582244241e-20
5.573772388866603933e+02 3.514151575051124806e-20
5.581479704257001231e+02 3.450791513563415558e-20
5.589197677188889202e+02 3.389348239373144084e-20
5.596926322399342553e+02 3.329766171753703456e-20
5.604665654645795030e+02 3.271991643746965939e-20
5.612415688706096262e+02 3.215972840196374491e-20
5.620176439378527675e+02 3.161659737992968081e-20
5.627947921481826370e+02 3.109004048464880980e-20
5.635730149855239688e+02 3.057959161842411930e-20
5.643523139358519529e+02 3.008480093735673255e-20
5.651326904871966690e+02 2.960523433560395156e-20
5.659141461296460420e+02 2.914047294852625508e-20
5.666966823553478889e+02 2.869011267413986956e-20
5.674803006585152616e+02 2.825376371231200588e-20
5.682650025354251966e+02 2.783105012115954344e-20
5.690507894844247403e+02 2.742160939012622551e-20
5.698376630059320860e+02 2.702509202924658256e-20
5.706256246024418033e+02 2.664116117410003370e-20
5.714146757785247246e+02 2.626949220600744464e-20
5.722048180408322651e+02 2.590977238701302585e-20
5.729960528980996060e+02 2.556170050922835667e-20
5.737883818611473998e+02 2.522498655813335895e-20
5.745818064428872276e+02 2.489935138943057234e-20
5.753763281583209164e+02 2.458452641909280506e-20
5.761719485245459964e+02 2.428025332622965390e-20
5.769686690607574064e+02 2.398628376844155854e-20
5.777664912882505632e+02 2.370237910932972971e-20
5.785654167304262501e+02 2.342831015785271321e-20
5.793654469127898210e+02 2.316385691923533481e-20
5.801665833629567715e+02 2.290880835714773273e-20
5.809688276106550120e+02 2.266296216689484129e-20
5.817721811877270284e+02 2.242612455936243117e-20
5.825766456281353385e+02 2.219811005548566939e-20
5.833822224679619239e+02 2.197874129102669786e-20
5.841889132454132323e+02 2.176784883144712426e-20
5.849967195008227918e+02 2.156527099669046956e-20
5.858056427766535990e+02 2.137085369570110033e-20
5.866156846175032342e+02 2.118445027050959510e-20
5.874268465701031801e+02 2.100592134975162851e-20
5.882391301833246189e+02 2.083513471147037950e-20
5.890525370081801384e+02 2.067196515510527028e-20
5.898670685978268011e+02 2.051629438254582269e-20
5.906827265075709192e+02 2.036801088817462421e-20
5.914995122948677135e+02 2.022700985782319376e-20
5.923174275193266567e+02 2.009319307658158209e-20
5.931364737427136333e+02 1.996646884542066666e-20
5.939566525289538959e+02 1.984675190659999709e-20
5.947779654441366119e+02 1.973396337785300024e-20
5.956004140565150919e+02 1.962803069534932204e-20
5.964239999365115636e+02 1.952888756546500374e-20
5.972487246567199008e+02 1.943647392539120808e-20
5.980745897919078971e+02 1.935073591264518637e-20
5.989015969190227224e+02 1.927162584355378325e-20
5.997297476171903554e+02 1.919910220080841431e-20
6.005590434677209259e+02 1.913312963019817443e-20
6.013894860541112166e+02 1.907367894666029408e-20
6.022210769620468227e+02 1.902072714979813929e-20
6.030538177794082912e+02 1.897425744904264686e-20
6.038877100962694158e+02 1.893425929865676906e-20
6.047227555049039438e+02 1.890072844280380525e-20
6.055589555997868274e+02 1.887366697092370765e-20
6.063963119775977475e+02 1.885308338369220970e-20
6.072348262372256613e+02 1.883899266985842532e-20
6.080744999797688024e+02 1.883140661174723005e-20
6.089153348085400239e+02 1.883027710836390006e-20
6.097573323290689586e+02 1.883553500192423919e-20
6.106004941491050886e+02 1.884711751417470733e-20
6.114448218786227471e+02 1.886496811707087999e-20
6.122903171298204370e+02 1.888903632443789417e-20
6.131369815171269693e+02 1.891927749543754891e-20
6.139848166572033961e+02 1.895565264914454300e-20
6.148338241689455117e+02 1.899812828956907694e-20
6.156840056734897644e+02 1.904667624050077691e-20
6.165353627942123467e+02 1.910127348958236111e-20
6.173878971567348799e+02 1.916190204105163383e-20
6.182416103889266878e+02 1.922854877662548994e-20
6.190965041209077526e+02 1.930120532401697541e-20
6.199525799850537169e+02 1.937986793261326853e-20
6.208098396159958838e+02 1.946453735585200316e-20
6.216682846506262194e+02 1.955521873987189264e-20
6.225279167281004220e+02 1.965192151801690790e-20
6.233887374898399685e+02 1.975465931080309691e-20
6.242507485795379125e+02 1.986344983097035880e-20
6.251139516431586571e+02 1.997831479325503042e-20
6.259783483289427295e+02 2.009927982853887773e-20
6.268439402874101916e+02 2.022637440204004858e-20
6.277107291713626864e+02 2.035963173522252357e-20
6.285787166358891227e+02 2.049908873111666285e-20
6.294479043383653334e+02 2.064478590274733708e-20
6.303182939384591918e+02 2.079676730438268511e-20
6.311898870981334539e+02 2.095508046531947495e-20
6.320626854816504192e+02 2.111977632593024670e-20
6.329366907555721582e+02 2.129090917570653742e-20
6.338119045887655147e+02 2.146853659303471175e-20
6.346883286524054029e+02 2.165271938645307035e-20
6.355659646199765120e+02 2.184352153713455999e-20
6.364448141672800148e+02 2.204101014235403106e-20
6.373248789724320886e+02 2.224525535969332482e-20
6.382061607158701690e+02 2.245633035175013588e-20
6.390886610803552230e+02 2.267431123111237001e-20
6.399723817509747050e+02 2.289927700536184840e-20
6.408573244151477866e+02 2.313130952188524437e-20
6.417434907626254699e+02 2.337049341224918511e-20
6.426308824854955901e+02 2.361691603592431691e-20
6.435195012781857713e+02 2.387066742312391505e-20
6.444093488374663821e+02 2.413184021653020900e-20
6.453004268624556516e+02 2.440052961168720570e-20
6.461927370546194425e+02 2.467683329582923045e-20
6.470862811177770482e+02 2.496085138492220181e-20
6.479810607581039221e+02 2.525268635869209604e-20
6.488770776841339512e+02 2.555244299340951354e-20
6.497743336067654809e+02 2.586022829221412865e-20
6.506728302392608612e+02 2.617615141273781498e-20
6.515725692972521301e+02 2.650032359181029991e-20
6.524735524987435156e+02 2.683285806701568288e-20
6.533757815641143907e+02 2.717386999486447478e-20
6.542792582161248447e+02 2.752347636536325171e-20
6.551839841799154556e+02 2.788179591274058881e-20
6.560899611830127469e+02 2.824894902210404884e-20
6.569971909553319165e+02 2.862505763179525714e-20
6.579056752291800194e+02 2.901024513121503292e-20
6.588154157392611978e+02 2.940463625388177765e-20
6.597264142226762260e+02 2.980835696549226190e-20
6.606386724189287634e+02 3.022153434675947070e-20
6.615521920699278553e+02 3.064429647079050369e-20
6.624669749199905482e+02 3.107677227477627129e-20
6.633830227158476873e+02 3.151909142576748456e-20
6.643003372066436896e+02 3.197138418030578500e-20
6.652189201439422277e+02 3.243378123769051245e-20
6.661387732817290726e+02 3.290641358665058334e-20
6.670598983764147079e+02 3.338941234521203435e-20
6.679822971868402419e+02 3.388290859353934027e-20
6.689059714742770666e+02 3.438703319953516313e-20
6.698309230024323142e+02 3.490191663700217180e-20
6.707571535374524956e+02 3.542768879615270270e-20
6.716846648479252053e+02 3.596447878628186562e-20
6.726134587048859430e+02 3.651241473040396664e-20
6.735435368818167490e+02 3.707162355167653706e-20
6.744749011546530255e+02 3.764223075143965170e-20
6.754075533017858106e+02 3.822436017870257161e-20
6.763414951040645064e+02 3.881813379092234860e-20
6.772767283448032458e+02 3.942367140593965488e-20
6.782132548097798690e+02 4.004109044492603885e-20
6.791510762872424039e+02 4.067050566623789062e-20
6.800901945679115670e+02 4.131202889006617167e-20
6.810306114449834922e+02 4.196576871379148016e-20
6.819723287141359833e+02 4.263183021797742363e-20
6.829153481735280593e+02 4.331031466293783450e-20
6.838596716238056388e+02 4.400131917585046209e-20
6.848053008681046094e+02 4.470493642839296490e-20
6.857522377120533292e+02 4.542125430490807601e-20
6.867004839637795612e+02 4.615035556113068878e-20
6.876500414339085410e+02 4.689231747350814688e-20
6.886009119355704797e+02 4.764721147921667374e-20
6.895530972844022699e+02 4.841510280695351840e-20
6.905065992985512366e+02 4.919605009864598841e-20
6.914614197986805948e+02 4.999010502223425491e-20
6.924175606079689942e+02 5.079731187571766393e-20
6.933750235521169998e+02 5.161770718268450125e-20
6.943338104593495927e+02 5.245131927959338454e-20
6.952939231604193537e+02 5.329816789507341517e-20
6.962553634886121472e+02 5.415826372159957943e-20
6.972181332797470077e+02 5.503160797988570304e-20
6.981822343721821653e+02 5.591819197640574184e-20
6.991476686068177742e+02 5.681799665449715762e-20
7.001144378270989819e+02 5.773099213952176497e-20
7.010825438790221824e+02 5.865713727862166031e-20
7.020519886111339929e+02 5.959637917563015517e-20
7.030227738745383022e+02 6.054865272178211188e-20
7.039949015228976350e+02 6.151388012286360782e-20
7.049683734124399734e+02 6.249197042353013373e-20
7.059431914019577334e+02 6.348281902954693012e-20
7.069193573528146999e+02 6.448630722877006655e-20
7.078968731289483003e+02 6.550230171171854959e-20
7.088757405968727880e+02 6.653065409265511713e-20
7.098559616256852678e+02 6.757120043213964677e-20
7.108375380870654681e+02 6.862376076206307776e-20
7.118204718552821078e+02 6.968813861422450243e-20
7.128047648071953972e+02 7.076412055357549594e-20
7.137904188222599942e+02 7.185147571729575273e-20
7.147774357825319385e+02 7.294995536091159599e-20
7.157658175726674017e+02 7.405929241273257854e-20
7.167555660799291672e+02 7.517920103792417327e-20
7.177466831941901546e+02 7.630937621358313279e-20
7.187391708079352384e+02 7.744949331621741487e-20
7.197330308162689789e+02 7.859920772312171642e-20
7.207282651169139172e+02 7.975815442911182938e-20
7.217248756102173957e+02 8.092594768019743004e-20
7.227228641991547420e+02 8.210218062577516450e-20
7.237222327893318834e+02 8.328642499095402142e-20
7.247229832889920544e+02 8.447823077068305032e-20
7.257251176090146600e+02 8.567712594738447703e-20
7.267286376629225515e+02 8.688261623378864770e-20
7.277335453668844139e+02 8.809418484274895219e-20
7.287398426397177218e+02 8.931129228577811668e-20
7.297475314028956745e+02 9.053337620211024520e-20
7.307566135805462864e+02 9.175985122008258958e-20
7.317670910994585256e+02 9.299010885262794630e-20
7.327789658890861801e+02 9.422351742871860412e-20
7.337922398815501310e+02 9.545942206253528719e-20
7.348069150116451738e+02 9.669714466218556305e-20
7.358229932168391088e+02 9.793598397972168773e-20
7.368404764372800173e+02 9.917521570426514452e-20
7.378593666157983080e+02 1.004140925999288187e-19
7.388796656979103545e+02 1.016518446902626946e-19
7.399013756318252035e+02 1.028876794908680232e-19
7.409244983684432100e+02 1.041207822918024964e-19
7.419490358613634271e+02 1.053503164913028486e-19
7.429749900668862210e+02 1.065754239823439124e-19
7.440023629440163404e+02 1.077952255934220407e-19
7.450311564544697376e+02 1.090088215849094795e-19
7.460613725626726591e+02 1.102152922022051723e-19
7.470930132357684670e+02 1.114136982868586452e-19
7.481260804436207081e+02 1.126030819466680204e-19
7.491605761588159567e+02 1.137824672856937108e-19
7.501965023566709760e+02 1.149508611949930865e-19
7.512338610152313549e+02 1.161072542047097084e-19
7.522726541152788968e+02 1.172506213980804626e-19
7.533128836403342348e+02 1.183799233876970091e-19
7.543545515766602421e+02 1.194941073542556395e-19
7.553976599132683987e+02 1.205921081478443193e-19
7.564422106419183365e+02 1.216728494516089884e-19
7.574882057571246605e+02 1.227352450075360368e-19
7.585356472561600185e+02 1.237781999037953020e-19
7.595845371390579430e+02 1.248006119229946453e-19
7.606348774086199001e+02 1.258013729503925785e-19
7.616866700704147206e+02 1.267793704409942734e-19
7.627399171327849672e+02 1.277334889441779151e-19
7.637946206068503443e+02 1.286626116843065150e-19
7.648507825065109955e+02 1.295656230982800493e-19
7.659084048484538698e+02 1.304416217345302336e-19
7.669674896521523806e+02 1.312902016648382708e-19
7.680280389398732268e+02 1.321110474771605859e-19
7.690900547366792352e+02 1.329038683649073612e-19
7.701535390704331121e+02 1.336683981982470363e-19
7.712184939718034684e+02 1.344043955587593478e-19
7.722849214742649337e+02 1.351116437379597788e-19
7.733528236141046364e+02 1.357899507003643392e-19
7.744222024304255001e+02 1.364391490117201227e-19
7.754930599651492003e+02 1.370590957332143612e-19
7.765653982630234395e+02 1.376496722824299373e-19
7.776392193716209249e+02 1.382107842619110904e-19
7.787145253413464161e+02 1.387423612562674911e-19
7.797913182254392268e+02 1.392443565987532893e-19
7.808696000799802732e+02 1.397167471083222826e-19
7.819493729638912782e+02 1.401595327982222207e-19
7.830306389389414790e+02 1.405727365571807685e-19
7.841134000697514921e+02 1.409564038042876710e-19
7.851976584237957013e+02 1.413106021187386934e-19
7.862834160714099880e+02 1.416354208455894085e-19
7.873706750857907082e+02 1.419309706786813682e-19
7.884594375430015134e+02 1.421973832219927574e-19
7.895497055219769891e+02 1.424348105305975897e-19
7.906414811045256101e+02 1.426434246324549189e-19
7.917347663753371307e+02 1.428234170323236150e-19
7.928295634219811063e+02 1.429749981989744886e-19
7.939258743349149654e+02 1.430983970369989001e-19
7.950237012074867380e+02 1.431938603444456059e-19
7.961230461359380115e+02 1.432616522575098662e-19
7.972239112194117752e+02 1.433020536835470844e-19
7.983262985599510557e+02 1.433153617236037537e-19
7.994302102625064208e+02 1.433018890856870891e-19
8.005356484349391621e+02 1.432619634899982579e-19
8.016426151880243651e+02 1.431959270672753081e-19
8.027511126354584121e+02 1.431041357514332012e-19
8.038611428938578456e+02 1.429869586676428332e-19
8.049727080827672125e+02 1.428447775169559973e-19
8.060858103246614519e+02 1.426779859585880781e-19
8.072004517449501009e+02 1.424869889909058955e-19
8.083166344719835479e+02 1.422722023321834732e-19
8.094343606370533735e+02 1.420340518021104861e-19
8.105536323743987168e+02 1.417729727050602356e-19
8.116744518212100274e+02 1.414894092160286986e-19
8.127968211176321347e+02 1.411838137701929033e-19
8.139207424067717511e+02 1.408566464569448061e-19
8.150462178346965629e+02 1.405083744192345232e-19
8.161732495504426197e+02 1.401394712590705679e-19
8.173018397060176312e+02 1.397504164498946713e-19
8.184319904564041508e+02 1.393416947566080806e-19
8.195637039595673059e+02 1.389137956639123876e-19
8.206969823764534340e+02 1.384672128136578818e-19
8.218318278709980405e+02 1.380024434517750912e-19
8.229682426101288684e+02 1.375199878854196978e-19
8.241062287637690815e+02 1.370203489508348439e-19
8.252457885048451089e+02 1.365040314924726175e-19
8.263869240092851669e+02 1.359715418538082916e-19
8.275296374560276718e+02 1.354233873803216744e-19
8.286739310270235137e+02 1.348600759349997724e-19
8.298198069072403769e+02 1.342821154267474935e-19
8.309672672846694468e+02 1.336900133520295609e-19
8.321163143503250694e+02 1.330842763500180833e-19
8.332669502982520271e+02 1.324654097715107161e-19
8.344191773255291764e+02 1.318339172618444842e-19
8.355729976322722905e+02 1.311903003579843523e-19
8.367284134216424718e+02 1.305350580999430251e-19
8.378854268998441057e+02 1.298686866566789021e-19
8.390440402761337282e+02 1.291916789665269309e-19
8.402042557628225268e+02 1.285045243922772414e-19
8.413660755752798650e+02 1.278077083908984786e-19
8.425295019319413541e+02 1.271017121979391298e-19
8.436945370543073750e+02 1.263870125265890775e-19
8.448611831669512640e+02 1.256640812813615139e-19
8.460294424975221546e+02 1.249333852863175988e-19
8.471993172767488431e+02 1.241953860277734868e-19
8.483708097384475195e+02 1.234505394113484046e-19
8.495439221195201753e+02 1.226992955332684634e-19
8.507186566599633579e+02 1.219420984657255698e-19
8.518950156028707852e+02 1.211793860561647112e-19
8.530730011944368698e+02 1.204115897403035541e-19
8.542526156839647911e+02 1.196391343686685326e-19
8.554338613238655853e+02 1.188624380464633546e-19
8.566167403696655356e+02 1.180819119865065082e-19
8.578012550800096960e+02 1.172979603750201372e-19
8.589874077166658708e+02 1.165109802499967075e-19
8.601752005445315490e+02 1.157213613919028200e-19
8.613646358316340184e+02 1.149294862264108890e-19
8.625557158491369592e+02 1.141357297389100250e-19
8.637484428713443094e+02 1.133404594004704952e-19
8.649428191757070863e+02 1.125440351049944900e-19
8.661388470428231585e+02 1.117468091172141133e-19
8.673365287564446362e+02 1.109491260312648696e-19
8.685358666034817361e+02 1.101513227394765714e-19
8.697368628740059648e+02 1.093537284110964837e-19
8.709395198612583044e+02 1.085566644806110625e-19
8.721438398616479617e+02 1.077604446453389635e-19
8.733498251747605536e+02 1.069653748719745821e-19
8.745574781033616318e+02 1.061717534117608300e-19
8.757668009533997520e+02 1.053798708239592642e-19
8.769777960340150003e+02 1.045900100072965865e-19
8.781904656575379704e+02 1.038024462390562548e-19
8.794048121394973805e+02 1.030174472215170359e-19
8.806208377986237110e+02 1.022352731353921562e-19
8.818385449568532977e+02 1.014561766999671990e-19
8.830579359393352661e+02 1.006804032396229523e-19
8.842790130744318731e+02 9.990819075644098155e-20
8.855017786937254414e+02 9.913977000857547308e-20
8.867262351320224525e+02 9.837536459410029114e-20
8.879523847273572983e+02 9.761519104004257683e-20
8.891802298209995570e+02 9.685945889629457080e-20
8.904097727574541068e+02 9.610837083415314482e-20
8.916410158844682883e+02 9.536212274918103585e-20
8.928739615530361107e+02 9.462090386813162376e-20
8.941086121174013215e+02 9.388489685968147716e-20
8.953449699350660467e+02 9.315427794869458539e-20
8.965830373667895401e+02 9.242921703379736027e-20
8.978228167765962553e+02 9.170987780799305631e-20
8.990643105317797108e+02 9.099641788209678749e-20
9.003075210029059008e+02 9.028898891076211155e-20
9.015524505638217079e+02 8.958773672088159972e-20
9.027991015916534252e+02 8.889280144214228136e-20
9.040474764668156240e+02 8.820431763953067135e-20
9.052975775730144505e+02 8.752241444761132620e-20
9.065494072972510367e+02 8.684721570635883115e-20
9.078029680298302537e+02 8.617884009838426891e-20
9.090582621643593484e+02 8.551740128738992615e-20
9.103152920977563554e+02 8.486300805765647898e-20
9.115740602302537354e+02 8.421576445443878402e-20
9.128345689654018997e+02 8.357576992510712475e-20
9.140968207100779637e+02 8.294311946088246282e-20
9.153608178744839279e+02 8.231790373906361996e-20
9.166265628721560006e+02 8.170020926557607819e-20
9.178940581199674398e+02 8.109011851777322132e-20
9.191633060381328733e+02 8.048771008733931366e-20
9.204343090502161431e+02 7.989305882321119636e-20
9.217070695831296234e+02 7.930623597442791789e-20
9.229815900671425197e+02 7.872730933280303450e-20
9.242578729358845067e+02 7.815634337535437592e-20
9.255359206263497072e+02 7.759339940640849742e-20
9.268157355789045369e+02 7.703853569932161902e-20
9.280973202372873629e+02 7.649180763774649061e-20
9.293806770486166897e+02 7.595326785640738665e-20
9.306658084633946828e+02 7.542296638132193756e-20
9.319527169355110345e+02 7.490095076944322019e-20
9.332414049222518315e+02 7.438726624768113312e-20
9.345318748842976220e+02 7.388195585128705940e-20
9.358241292857331928e+02 7.338506056156712614e-20
9.371181705940499569e+02 7.289661944292731084e-20
9.384140012801508419e+02 7.241666977923289257e-20
9.397116238183580208e+02 7.194524720948356003e-20
9.410110406864126844e+02 7.148238586281194048e-20
9.423122543654826586e+02 7.102811849281218184e-20
9.436152673401670654e+02 7.058247661122278256e-20
9.449200820984996199e+02 7.014549062097310627e-20
9.462267011319570429e+02 6.971718994864393222e-20
9.475351269354589476e+02 6.929760317634838507e-20
9.488453620073752290e+02 6.888675817310067569e-20
9.501574088495307251e+02 6.848468222569392234e-20
9.514712699672089684e+02 6.809140216916108032e-20
9.527869478691604854e+02 6.770694451685293654e-20
9.541044450676017732e+02 6.733133559021320338e-20
9.554237640782245080e+02 6.696460164831153533e-20
9.567449074201988424e+02 6.660676901719954052e-20
9.580678776161772703e+02 6.625786421918803378e-20
9.593926771923038359e+02 6.591791410210622213e-20
9.607193086782124283e+02 6.558694596865624776e-20
9.620477746070361036e+02 6.526498770593402316e-20
9.633780775154095863e+02 6.495206236655342733e-20
9.647102199434780232e+02 6.464809635985191766e-20
9.660442044348963009e+02 6.435293573446759619e-20
9.673800335368376864e+02 6.406642818256140896e-20
9.687177097999972375e+02 6.378842564203783581e-20
9.700572357785965778e+02 6.351878417474687785e-20
9.713986140303918546e+02 6.325736384857281240e-20
9.727418471166731706e+02 6.300402862325884272e-20
9.740869376022733377e+02 6.275864623984321546e-20
9.754338880555718561e+02 6.252108811356905370e-20
9.767827010484986658e+02 6.229122923015661089e-20
9.781333791565431284e+02 6.206894804530745191e-20
9.794859249587530030e+02 6.185412638732672674e-20
9.808403410377430873e+02 6.164664936276461617e-20
9.821966299796996509e+02 6.144640526495420763e-20
9.835547943743839596e+02 6.125328548535418708e-20
9.849148368151413706e+02 6.106718442759385129e-20
9.862767598989003091e+02 6.088799942412439695e-20
9.876405662261812495e+02 6.071563065539036120e-20
9.890062584011003537e+02 6.054998107142376185e-20
9.903738390313741320e+02 6.039095631578055336e-20
9.917433107283275149e+02 6.023846465174221743e-20
9.931146761068936257e+02 6.009241689069233013e-20
9.944879377856226483e+02 5.995272632260193819e-20
9.958630983866851238e+02 5.981930864854150708e-20
9.972401605358769530e+02 5.969208191515956856e-20
9.986191268626276951e+02 5.957096645104342304e-20
1.000000000000000000e+03 5.945588480491386903e-20
