1.000000000000000021e-03 1.352684941122398854e+01
1.001844134890810109e-03 1.355033595835289617e+01
1.003691670615116955e-03 1.357386147882179017e+01
1.005542613444513830e-03 1.359742602796563737e+01
1.007396969662164177e-03 1.362102966116840719e+01
1.009254745562814621e-03 1.364467243386275719e+01
1.011115947452822942e-03 1.366835440153029424e+01
1.012980581650176288e-03 1.369207561970129028e+01
1.014848654484510476e-03 1.371583614395474449e+01
1.016720172297138182e-03 1.373963602991831578e+01
1.018595141441061948e-03 1.376347533326821626e+01
1.020473568281003024e-03 1.378735410972925202e+01
1.022355459193420666e-03 1.381127241507472014e+01
1.024240820566529485e-03 1.383523030512631458e+01
1.026129658800329367e-03 1.385922783575418471e+01
1.028021980306618273e-03 1.388326506287673290e+01
1.029917791509021505e-03 1.390734204246073524e+01
1.031817098843010360e-03 1.393145883052114975e+01
1.033719908755921426e-03 1.395561548311538758e+01
1.035626227706984339e-03 1.397981205607217881e+01
1.037536062167336961e-03 1.400404860487036629e+01
1.039449418620053568e-03 1.402832518500172299e+01
1.041366303560164151e-03 1.405264185200100968e+01
1.043286723494673499e-03 1.407699866144585599e+01
1.045210684942590035e-03 1.410139566895690066e+01
1.047138194434940345e-03 1.412583293019740083e+01
1.049069258514797806e-03 1.415031050087340603e+01
1.051003883737302311e-03 1.417482843673358239e+01
1.052942076669679356e-03 1.419938679356911493e+01
1.054883843891269097e-03 1.422398562721369331e+01
1.056829191993540872e-03 1.424862499354333956e+01
1.058778127580122918e-03 1.427330494847645603e+01
1.060730657266821227e-03 1.429802554797362646e+01
1.062686787681639067e-03 1.432278684803754132e+01
1.064646525464805604e-03 1.434758890471305115e+01
1.066609877268796282e-03 1.437243177408692141e+01
1.068576849758350392e-03 1.439731551228782713e+01
1.070547449610502943e-03 1.442224017548629256e+01
1.072521683514597460e-03 1.444720581989451880e+01
1.074499558172317204e-03 1.447221250176642293e+01
1.076481080297704042e-03 1.449726027739747991e+01
1.078466256617178175e-03 1.452234920312456445e+01
1.080455093869568282e-03 1.454747933532607362e+01
1.082447598806126916e-03 1.457265073042161418e+01
1.084443778190558906e-03 1.459786344487208609e+01
1.086443638799043264e-03 1.462311753517952262e+01
1.088447187420251393e-03 1.464841305788692871e+01
1.090454430855378317e-03 1.467375006957841066e+01
1.092465375918157209e-03 1.469912862687882082e+01
1.094480029434889961e-03 1.472454878645390686e+01
1.096498398244466922e-03 1.475001060501007544e+01
1.098520489198387060e-03 1.477551413929429458e+01
1.100546309160788756e-03 1.480105944609417179e+01
1.102575865008464549e-03 1.482664658223762544e+01
1.104609163630891925e-03 1.485227560456279328e+01
1.106646211930253487e-03 1.487794656951225747e+01
1.108687016821456898e-03 1.490365953323817472e+01
1.110731585232166765e-03 1.492941455191936306e+01
1.112779924102818294e-03 1.495521168176897753e+01
1.114832040386649382e-03 1.498105097903449234e+01
1.116887941049720572e-03 1.500693249999760681e+01
1.118947633070935645e-03 1.503285630097395043e+01
1.121011123442072419e-03 1.505882243831321610e+01
1.123078419167798138e-03 1.508483096839882087e+01
1.125149527265701353e-03 1.511088194764791304e+01
1.127224454766311869e-03 1.513697543251126731e+01
1.129303208713120909e-03 1.516311147947300775e+01
1.131385796162613861e-03 1.518929014505075159e+01
1.133472224184284369e-03 1.521551148579519719e+01
1.135562499860666864e-03 1.524177555829021635e+01
1.137656630287356722e-03 1.526808241915265363e+01
1.139754622573031090e-03 1.529443212503217175e+01
1.141856483839481405e-03 1.532082473261124456e+01
1.143962221221627709e-03 1.534726029860485674e+01
1.146071841867551174e-03 1.537373887976053233e+01
1.148185352938515353e-03 1.540026053285819962e+01
1.150302761608986346e-03 1.542682531470992124e+01
1.152424075066665974e-03 1.545343328215995626e+01
1.154549300512506095e-03 1.548008449208451509e+01
1.156678445160741779e-03 1.550677900139166532e+01
1.158811516238911904e-03 1.553351686702124290e+01
1.160948520987880846e-03 1.556029814594463900e+01
1.163089466661869050e-03 1.558712289516472005e+01
1.165234360528475148e-03 1.561399117171577089e+01
1.167383209868696559e-03 1.564090303266319282e+01
1.169536021976962667e-03 1.566785853510356574e+01
1.171692804161149782e-03 1.569485773616437108e+01
1.173853563742614532e-03 1.572190069300391180e+01
1.176018308056215331e-03 1.574898746281124851e+01
1.178187044450333416e-03 1.577611810280246729e+01
1.180359780286906017e-03 1.580329266992129611e+01
1.182536522941441976e-03 1.583051122060490279e+01
1.184717279803055787e-03 1.585777381126022156e+01
1.186902058274487545e-03 1.588508049831806623e+01
1.189090865772125935e-03 1.591243133823286193e+01
1.191283709726041187e-03 1.593982638748254921e+01
1.193480597580000692e-03 1.596726570256842948e+01
1.195681536791503045e-03 1.599474934001499271e+01
1.197886534831798860e-03 1.602227735636974160e+01
1.200095599185913974e-03 1.604984980820299612e+01
1.202308737352681756e-03 1.607746675210783494e+01
1.204525956844759802e-03 1.610512824469979520e+01
1.206747265188663765e-03 1.613283434261682459e+01
1.208972669924789035e-03 1.616058510251908231e+01
1.211202178607433295e-03 1.618838058108870470e+01
1.213435798804829912e-03 1.621622083502970213e+01
1.215673538099163982e-03 1.624410592106779916e+01
1.217915404086607244e-03 1.627203589595023914e+01
1.220161404377339762e-03 1.630001081644564920e+01
1.222411546595572043e-03 1.632803073934378801e+01
1.224665838379579300e-03 1.635609572145544632e+01
1.226924287381718362e-03 1.638420581961230127e+01
1.229186901268461505e-03 1.641236109066663929e+01
1.231453687720418782e-03 1.644056159149135610e+01
1.233724654432360795e-03 1.646880737897954461e+01
1.235999809113253606e-03 1.649709851004450201e+01
1.238279159486274129e-03 1.652543504161956633e+01
1.240562713288845698e-03 1.655381703065778609e+01
1.242850478272661263e-03 1.658224453413190957e+01
1.245142462203703993e-03 1.661071760903409000e+01
1.247438672862284355e-03 1.663923631237578249e+01
1.249739118043055727e-03 1.666780070118750245e+01
1.252043805555049091e-03 1.669641083251876168e+01
1.254352743221697321e-03 1.672506676343776633e+01
1.256665938880855782e-03 1.675376855101318085e+01
1.258983400384840060e-03 1.678251625187467866e+01
1.261305135600440707e-03 1.681130992218480813e+01
1.263631152408959454e-03 1.684014961809464950e+01
1.265961458706232846e-03 1.686903539576625022e+01
1.268296062402653928e-03 1.689796731137257879e+01
1.270634971423209103e-03 1.692694542109723699e+01
1.272978193707494186e-03 1.695596978113423248e+01
1.275325737209750824e-03 1.698504044768785448e+01
1.277677609898888837e-03 1.701415747697237535e+01
1.280033819758510287e-03 1.704332092521178055e+01
1.282394374786945254e-03 1.707253084863977932e+01
1.284759282997268532e-03 1.710178730349932863e+01
1.287128552417336064e-03 1.713109034604262249e+01
1.289502191089808136e-03 1.716044003253071182e+01
1.291880207072173018e-03 1.718983641923338368e+01
1.294262608436783394e-03 1.721927956242898361e+01
1.296649403270872620e-03 1.724876951840402128e+01
1.299040599676592675e-03 1.727830634345315275e+01
1.301436205771036494e-03 1.730789009387883937e+01
1.303836229686262472e-03 1.733752082599113464e+01
1.306240679569330675e-03 1.736719859610754213e+01
1.308649563582319972e-03 1.739692346055266725e+01
1.311062889902365764e-03 1.742669547565810007e+01
1.313480666721682536e-03 1.745651469776215237e+01
1.315902902247588577e-03 1.748638118320961965e+01
1.318329604702541758e-03 1.751629498835156440e+01
1.320760782324162949e-03 1.754625616954511713e+01
1.323196443365260745e-03 1.757626478315319218e+01
1.325636596093867888e-03 1.760632088554429586e+01
1.328081248793259485e-03 1.763642453309228486e+01
1.330530409761989871e-03 1.766657578217620639e+01
1.332984087313917329e-03 1.769677468917992513e+01
1.335442289778227725e-03 1.772702131049200247e+01
1.337905025499472452e-03 1.775731570250169611e+01
1.340372302837586219e-03 1.778765792124821132e+01
1.342844130167924772e-03 1.781804802213379091e+01
1.345320515881288318e-03 1.784848606049054354e+01
1.347801468383947763e-03 1.787897209164679069e+01
1.350286996097681139e-03 1.790950617092678598e+01
1.352777107459792252e-03 1.794008835365045229e+01
1.355271810923148199e-03 1.797071869513310460e+01
1.357771114956204299e-03 1.800139725068515517e+01
1.360275028043029470e-03 1.803212407561192876e+01
1.362783558683342651e-03 1.806289922521333224e+01
1.365296715392533191e-03 1.809372275478353842e+01
1.367814506701697059e-03 1.812459471961083679e+01
1.370336941157663298e-03 1.815551517497729606e+01
1.372864027323018312e-03 1.818648417615841595e+01
1.375395773776144246e-03 1.821750177842299223e+01
1.377932189111237635e-03 1.824856803703277919e+01
1.380473281938348219e-03 1.827968300724220896e+01
1.383019060883403442e-03 1.831084674429811088e+01
1.385569534588234047e-03 1.834205930343940238e+01
1.388124711710613099e-03 1.837332073989698600e+01
1.390684600924274638e-03 1.840463110889315246e+01
1.393249210918951408e-03 1.843599046564164823e+01
1.395818550400402180e-03 1.846739886534720654e+01
1.398392628090435602e-03 1.849885636320516724e+01
1.400971452726950534e-03 1.853036301440150169e+01
1.403555033063953175e-03 1.856191887411219099e+01
1.406143377871598701e-03 1.859352399750321894e+01
1.408736495936214897e-03 1.862517843973015275e+01
1.411334396060328396e-03 1.865688225593776650e+01
1.413937087062705229e-03 1.868863550126000916e+01
1.416544577778368168e-03 1.872043823081946101e+01
1.419156877058637281e-03 1.875229049972721640e+01
1.421773993771155735e-03 1.878419236308254270e+01
1.424395936799915593e-03 1.881614387589350557e+01
1.427022715045296640e-03 1.884814509246939451e+01
1.429654337424091743e-03 1.888019606674891904e+01
1.432290812869533745e-03 1.891229685264728744e+01
1.434932150331334711e-03 1.894444750405878608e+01
1.437578358775706095e-03 1.897664807485631044e+01
1.440229447185397988e-03 1.900889861889123367e+01
1.442885424559726222e-03 1.904119918999300509e+01
1.445546299914598392e-03 1.907354984196868486e+01
1.448212082282553754e-03 1.910595062860284798e+01
1.450882780712784044e-03 1.913840160365709053e+01
1.453558404271172071e-03 1.917090282086975961e+01
1.456238962040320344e-03 1.920345433395566914e+01
1.458924463119576223e-03 1.923605619660560251e+01
1.461614916625072905e-03 1.926870846248624503e+01
1.464310331689749802e-03 1.930141118523951604e+01
1.467010717463392878e-03 1.933416441848262579e+01
1.469716083112661102e-03 1.936696821580735417e+01
1.472426437821113985e-03 1.939982263077992997e+01
1.475141790789252783e-03 1.943272771694082124e+01
1.477862151234539357e-03 1.946568352780391820e+01
1.480587528391438899e-03 1.949869011685681386e+01
1.483317931511445292e-03 1.953174753755997628e+01
1.486053369863109958e-03 1.956485584334660288e+01
1.488793852732082186e-03 1.959801508762238242e+01
1.491539389421129083e-03 1.963122532376485552e+01
1.494289989250178292e-03 1.966448660512338975e+01
1.497045661556344444e-03 1.969779898501863968e+01
1.499806415693956483e-03 1.973116251674222710e+01
1.502572261034600164e-03 1.976457725355648165e+01
1.505343206967137788e-03 1.979804324869397902e+01
1.508119262897749833e-03 1.983156055535724605e+01
1.510900438249964013e-03 1.986512922671844805e+01
1.513686742464681297e-03 1.989874931574477301e+01
1.516478185000218843e-03 1.993242087459337597e+01
1.519274775332330168e-03 1.996614395516647988e+01
1.522076522954248293e-03 1.999991860932658128e+01
1.524883437376712853e-03 2.003374488889606297e+01
1.527695528127997852e-03 2.006762284565673937e+01
1.530512804753954813e-03 2.010155253134959352e+01
1.533335276818033376e-03 2.013553399767421226e+01
1.536162953901323586e-03 2.016956729628855527e+01
1.538995845602584515e-03 2.020365247880854653e+01
1.541833961538272230e-03 2.023778959680753431e+01
1.544677311342582734e-03 2.027197870181611350e+01
1.547525904667472344e-03 2.030621984532157498e+01
1.550379751182702145e-03 2.034051307876750769e+01
1.553238860575865531e-03 2.037485845355367431e+01
1.556103242552415739e-03 2.040925602103511594e+01
1.558972906835710956e-03 2.044370583252217699e+01
1.561847863167034481e-03 2.047820793928002203e+01
1.564728121305638099e-03 2.051276239252809219e+01
1.567613691028771350e-03 2.054736924343983162e+01
1.570504582131709284e-03 2.058202854314223273e+01
1.573400804427797133e-03 2.061674034271542055e+01
1.576302367748471343e-03 2.065150469319235427e+01
1.579209281943302944e-03 2.068632164555828723e+01
1.582121556880027469e-03 2.072119125075047208e+01
1.585039202444572934e-03 2.075611355965760652e+01
1.587962228541104498e-03 2.079108862311962014e+01
1.590890645092045939e-03 2.082611649192711312e+01
1.593824462038123668e-03 2.086119721682097961e+01
1.596763689338396436e-03 2.089633084849210221e+01
1.599708336970284174e-03 2.093151743758075867e+01
1.602658414929612665e-03 2.096675703467639806e+01
1.605613933230635006e-03 2.100204969013966050e+01
1.608574901906076500e-03 2.103739545349318618e+01
1.611541331007164792e-03 2.107279437398362987e+01
1.614513230603657626e-03 2.110824650079704412e+01
1.617490610783890335e-03 2.114375188305849917e+01
1.620473481654794703e-03 2.117931056983157490e+01
1.623461853341946889e-03 2.121492261011798419e+01
1.626455735989595832e-03 2.125058805285714314e+01
1.629455139760692525e-03 2.128630694692553860e+01
1.632460074836935334e-03 2.132207934113646530e+01
1.635470551418798405e-03 2.135790528423950363e+01
1.638486579725562239e-03 2.139378482492003286e+01
1.641508169995360093e-03 2.142971801179879776e+01
1.644535332485198582e-03 2.146570489343149646e+01
1.647568077471004517e-03 2.150174551830824043e+01
1.650606415247655697e-03 2.153783993485317083e+01
1.653650356129008877e-03 2.157398819142391133e+01
1.656699910447948778e-03 2.161019033631118447e+01
1.659755088556408038e-03 2.164644641773831779e+01
1.662815900825414693e-03 2.168275648386073229e+01
1.665882357645122325e-03 2.171912058276559421e+01
1.668954469424840849e-03 2.175553876247122531e+01
1.672032246593082487e-03 2.179201107092669432e+01
1.675115699597584532e-03 2.182853755601135148e+01
1.678204838905356404e-03 2.186511826553433124e+01
1.681299675002710008e-03 2.190175324723411876e+01
1.684400218395290310e-03 2.193844254877802058e+01
1.687506479608123040e-03 2.197518621776172409e+01
1.690618469185636592e-03 2.201198430170883213e+01
1.693736197691709947e-03 2.204883684807041178e+01
1.696859675709703249e-03 2.208574390422444367e+01
1.699988913842488160e-03 2.212270551737649527e+01
1.703123922712497518e-03 2.215972173391982381e+01
1.706264712961745068e-03 2.219679259983401565e+01
1.709411295251875990e-03 2.223391816101421270e+01
1.712563680264196815e-03 2.227109846327225640e+01
1.715721878699706226e-03 2.230833355233608373e+01
1.718885901279144490e-03 2.234562347384930447e+01
1.722055758743015145e-03 2.238296827337058303e+01
1.725231461851633790e-03 2.242036799637328315e+01
1.728413021385159527e-03 2.245782268824476091e+01
1.731600448143626615e-03 2.249533239428598463e+01
1.734793752946992614e-03 2.253289715971098062e+01
1.737992946635161587e-03 2.257051702964619366e+01
1.741198040068033534e-03 2.260819204913022062e+01
1.744409044125534974e-03 2.264592226311309631e+01
1.747625969707651897e-03 2.268370771645569661e+01
1.750848827734475741e-03 2.272154845392945077e+01
1.754077629146236781e-03 2.275944452021568409e+01
1.757312384903334922e-03 2.279739595990505663e+01
1.760553105986389791e-03 2.283540281749704093e+01
1.763799803396263501e-03 2.287346513739950282e+01
1.767052488154110743e-03 2.291158296392806903e+01
1.770311171301410446e-03 2.294975634130558007e+01
1.773575863899998304e-03 2.298798531366168518e+01
1.776846577032117078e-03 2.302626992503216385e+01
1.780123321800438502e-03 2.306461021935836087e+01
1.783406109328115755e-03 2.310300624048687723e+01
1.786694950758813604e-03 2.314145803216884900e+01
1.789989857256742232e-03 2.317996563805938948e+01
1.793290840006707540e-03 2.321852910171718065e+01
1.796597910214134137e-03 2.325714846658288693e+01
1.799911079105116730e-03 2.329582377547641769e+01
1.803230357926452216e-03 2.333455507056725864e+01
1.806555757945672424e-03 2.337334239389309687e+01
1.809887290451095941e-03 2.341218578738494571e+01
1.813224966751850664e-03 2.345108529286637733e+01
1.816568798177925839e-03 2.349004095205327403e+01
1.819918796080204808e-03 2.352905280655311770e+01
1.823274971830497531e-03 2.356812089786422248e+01
1.826637336821593065e-03 2.360724526737546469e+01
1.830005902467282328e-03 2.364642595636546218e+01
1.833380680202410795e-03 2.368566300600219066e+01
1.836761681482911241e-03 2.372495645734224823e+01
1.840148917785837130e-03 2.376430635133018754e+01
1.843542400609414445e-03 2.380371272879836297e+01
1.846942141473066189e-03 2.384317563046575827e+01
1.850348151917464209e-03 2.388269509693787640e+01
1.853760443504563239e-03 2.392227116870587622e+01
1.857179027817633865e-03 2.396190388614607159e+01
1.860603916461315210e-03 2.400159328951943749e+01
1.864035121061639660e-03 2.404133941897075388e+01
1.867472653266084902e-03 2.408114231452834630e+01
1.870916524743608620e-03 2.412100201610326167e+01
1.874366747184681671e-03 2.416091856348863232e+01
1.877823332301341210e-03 2.420089199635939536e+01
1.881286291827215630e-03 2.424092235427131925e+01
1.884755637517577034e-03 2.428100967666058807e+01
1.888231381149376364e-03 2.432115400284333262e+01
1.891713534521276578e-03 2.436135537201464629e+01
1.895202109453707076e-03 2.440161382324843942e+01
1.898697117788887773e-03 2.444192939530311293e+01
1.902198571390882869e-03 2.448230212611846213e+01
1.905706482145636200e-03 2.452273205334906692e+01
1.909220861961003976e-03 2.456321921451859680e+01
1.912741722766810948e-03 2.460376364701956575e+01
1.916269076514873606e-03 2.464436538811224153e+01
1.919802935179055255e-03 2.468502447492442897e+01
1.923343310755300717e-03 2.472574094445058890e+01
1.926890215261671015e-03 2.476651483355118089e+01
1.930443660738397592e-03 2.480734617895223693e+01
1.934003659247908761e-03 2.484823501724448747e+01
1.937570222874882399e-03 2.488918138488285337e+01
1.941143363726282808e-03 2.493018531818579575e+01
1.944723093931394978e-03 2.497124685333458416e+01
1.948309425641880314e-03 2.501236602637288797e+01
1.951902371031800703e-03 2.505354287320572126e+01
1.955501942297675766e-03 2.509477742959916213e+01
1.959108151658515810e-03 2.513606973117967058e+01
1.962721011355859999e-03 2.517741981343314706e+01
1.966340533653829475e-03 2.521882771170467663e+01
1.969966730839154898e-03 2.526029346119754493e+01
1.973599615221230657e-03 2.530181709697279402e+01
1.977239199132151733e-03 2.534339865394855806e+01
1.980885494926748827e-03 2.538503816689921067e+01
1.984538514982645170e-03 2.542673567045493854e+01
1.988198271700281246e-03 2.546849119910098125e+01
1.991864777502972035e-03 2.551030478717704852e+01
1.995538044836943446e-03 2.555217646887655647e+01
1.999218086171366138e-03 2.559410627823050888e+01
2.002904913998415810e-03 2.563609424869816777e+01
2.006598540833295311e-03 2.567814041311973483e+01
2.010298979214294925e-03 2.572024480415651482e+01
2.014006241702826199e-03 2.576240745431417878e+01
2.017720340883459671e-03 2.580462839594188296e+01
2.021441289363982118e-03 2.584690766123178562e+01
2.025169099775422574e-03 2.588924528221826193e+01
2.028903784772109146e-03 2.593164129077723246e+01
2.032645357031706308e-03 2.597409571862554145e+01
2.036393829255251763e-03 2.601660859731999409e+01
2.040149214167214127e-03 2.605917995825713618e+01
2.043911524515518944e-03 2.610180983267200716e+01
2.047680773071606803e-03 2.614449825163790564e+01
2.051456972630471502e-03 2.618724524606553317e+01
2.055240136010695173e-03 2.623005084670207054e+01
2.059030276054505965e-03 2.627291508413081900e+01
2.062827405627814907e-03 2.631583798877041858e+01
2.066631537620252333e-03 2.635881959087389248e+01
2.070442684945228602e-03 2.640185992052833441e+01
2.074260860539958815e-03 2.644495900765388896e+01
2.078086077365522664e-03 2.648811688200317604e+01
2.081918348406901296e-03 2.653133357316063723e+01
2.085757686673016340e-03 2.657460911054171504e+01
2.089604105196788027e-03 2.661794352339218150e+01
2.093457617035161637e-03 2.666133684078748090e+01
2.097318235269168222e-03 2.670478909163195880e+01
2.101185973003962763e-03 2.674830030465819419e+01
2.105060843368860169e-03 2.679187050836831929e+01
2.108942859517397295e-03 2.683549973060209481e+01
2.112832034627358524e-03 2.687918799877630960e+01
2.116728381900836054e-03 2.692293534012604539e+01
2.120631914564269794e-03 2.696674178170593095e+01
2.124542645868483359e-03 2.701060735038909755e+01
2.128460589088743485e-03 2.705453207286688055e+01
2.132385757524798628e-03 2.709851597564763992e+01
2.136318164500917126e-03 2.714255908505628057e+01
2.140257823365946614e-03 2.718666142723356316e+01
2.144204747493345248e-03 2.723082302813503119e+01
2.148158950281238953e-03 2.727504391353065571e+01
2.152120445152460888e-03 2.731932410900392583e+01
2.156089245554592207e-03 2.736366363995104223e+01
2.160065364960022348e-03 2.740806253158023509e+01
2.164048816865975916e-03 2.745252080891106417e+01
2.168039614794574702e-03 2.749703849677357681e+01
2.172037772292878446e-03 2.754161561980762585e+01
2.176043302932921270e-03 2.758625220246213061e+01
2.180056220311775862e-03 2.763094826899421719e+01
2.184076538051580793e-03 2.767570384346862156e+01
2.188104269799601674e-03 2.772051894975681208e+01
2.192139429228271916e-03 2.776539361153632868e+01
2.196182030035232630e-03 2.781032785228997284e+01
2.200232085943392910e-03 2.785532169530499402e+01
2.204289610700961057e-03 2.790037516367251769e+01
2.208354618081505294e-03 2.794548828028658960e+01
2.212427121883993666e-03 2.799066106776383478e+01
2.216507135932834372e-03 2.803589354810843659e+01
2.220594674077940381e-03 2.808118574298866221e+01
2.224689750194754588e-03 2.812653767386843384e+01
2.228792378184316601e-03 2.817194936200695210e+01
2.232902571973300471e-03 2.821742082845766930e+01
2.237020345514055888e-03 2.826295209406762154e+01
2.241145712784673241e-03 2.830854317947667198e+01
2.245278687789008763e-03 2.835419410511654448e+01
2.249419284556753058e-03 2.839990489121041506e+01
2.253567517143467962e-03 2.844567555777179990e+01
2.257723399630628611e-03 2.849150612460379861e+01
2.261886946125688490e-03 2.853739661129851868e+01
2.266058170762106760e-03 2.858334703723597059e+01
2.270237087699414607e-03 2.862935742158368413e+01
2.274423711123254709e-03 2.867542778329564968e+01
2.278618055245423303e-03 2.872155814111145133e+01
2.282820134303933501e-03 2.876774851355578377e+01
2.287029962563047383e-03 2.881399891893734377e+01
2.291247554313338448e-03 2.886030937534834351e+01
2.295472923871733247e-03 2.890667990066344828e+01
2.299706085581555183e-03 2.895311051253910151e+01
2.303947053812586965e-03 2.899960122841284971e+01
2.308195842961102261e-03 2.904615206550220563e+01
2.312452467449929890e-03 2.909276304080424325e+01
2.316716941728496747e-03 2.913943417109467759e+01
2.320989280272869014e-03 2.918616547286853091e+01
2.325269497585819370e-03 2.923295696209160610e+01
2.329557608196853886e-03 2.927980865440343550e+01
2.333853626662281845e-03 2.932672056521607828e+01
2.338157567565256074e-03 2.937369270971297297e+01
2.342469445515815013e-03 2.942072510284852527e+01
2.346789275150949934e-03 2.946781775934699255e+01
2.351117071134634865e-03 2.951497069370184789e+01
2.355452848157893811e-03 2.956218392017491681e+01
2.359796620938842387e-03 2.960945745279563113e+01
2.364148404222731620e-03 2.965679130535997743e+01
2.368508212782014302e-03 2.970418549143000675e+01
2.372876061416376216e-03 2.975164002433274746e+01
2.377251964952802488e-03 2.979915491715951958e+01
2.381635938245621389e-03 2.984673018276525625e+01
2.386027996176547702e-03 2.989436583376719625e+01
2.390428153654749078e-03 2.994206188254464962e+01
2.394836425616878994e-03 2.998981834123775414e+01
2.399252827027141804e-03 3.003763522174693534e+01
2.403677372877340013e-03 3.008551253573188333e+01
2.408110078186914173e-03 3.013345029461081026e+01
2.412550958003012707e-03 3.018144850955965452e+01
2.417000027400523568e-03 3.022950719151117838e+01
2.421457301482142326e-03 3.027762635115411527e+01
2.425922795378415101e-03 3.032580599893260143e+01
2.430396524247784105e-03 3.037404614502740330e+01
2.434878503276655722e-03 3.042234679920749230e+01
2.439368747679431740e-03 3.047070797090234251e+01
2.443867272698579604e-03 3.051912966929062776e+01
2.448374093604674482e-03 3.056761190330045963e+01
2.452889225696446539e-03 3.061615468160825415e+01
2.457412684300848155e-03 3.066475801263818823e+01
2.461944484773086889e-03 3.071342190456100596e+01
2.466484642496694860e-03 3.076214636529373081e+01
2.471033172883572993e-03 3.081093140249825169e+01
2.475590091374036978e-03 3.085977702358072960e+01
2.480155413436886235e-03 3.090868323569091203e+01
2.484729154569436868e-03 3.095765004572094270e+01
2.489311330297591923e-03 3.100667746030471861e+01
2.493901956175885188e-03 3.105576548581725405e+01
2.498501047787528902e-03 3.110491412837330927e+01
2.503108620744482274e-03 3.115412339382709561e+01
2.507724690687484874e-03 3.120339328777098231e+01
2.512349273286127761e-03 3.125272381553490320e+01
2.516982384238899018e-03 3.130211498218565680e+01
2.521624039273228420e-03 3.135156679252545331e+01
2.526274254145558125e-03 3.140107925109183284e+01
2.530933044641385608e-03 3.145065236215636162e+01
2.535600426575313534e-03 3.150028612972363007e+01
2.540276415791116547e-03 3.154998055753017638e+01
2.544961028161779430e-03 3.159973564899387100e+01
2.549654279589564764e-03 3.164955140718680937e+01
2.554356186006061930e-03 3.169942783490360583e+01
2.559066763372232645e-03 3.174936493466699972e+01
2.563786027678482526e-03 3.179936270872719817e+01
2.568513994944696208e-03 3.184942115906058291e+01
2.573250681220307610e-03 3.189954028736935143e+01
2.577996102584349802e-03 3.194972009508035171e+01
2.582750275145498375e-03 3.199996058334420823e+01
2.587513215042146469e-03 3.205026175303473934e+01
2.592284938442438163e-03 3.210062360474771026e+01
2.597065461544341338e-03 3.215104613880028950e+01
2.601854800575696246e-03 3.220152935523007898e+01
2.606652971794259747e-03 3.225207325379416545e+01
2.611459991487782070e-03 3.230267783396848102e+01
2.616275875974039770e-03 3.235334309494658811e+01
2.621100641600908158e-03 3.240406903563920338e+01
2.625934304746412040e-03 3.245485565467301114e+01
2.630776881818770382e-03 3.250570295039012336e+01
2.635628389256469174e-03 3.255661092084677222e+01
2.640488843528309565e-03 3.260757956381302591e+01
2.645358261133455135e-03 3.265860887677131075e+01
2.650236658601506923e-03 3.270969885691600609e+01
2.655124052492538120e-03 3.276084950115636474e+01
2.660020459397169097e-03 3.281206080615091736e+01
2.664925895936615108e-03 3.286333276828951711e+01
2.669840378762735299e-03 3.291466538367096462e+01
2.674763924558108165e-03 3.296605864810203457e+01
2.679696550036066247e-03 3.301751255709633881e+01
2.684638271940771592e-03 3.306902710587363714e+01
2.689589107047264324e-03 3.312060228935900597e+01
2.694549072161513386e-03 3.317223810218187907e+01
2.699518184120489397e-03 3.322393453867518787e+01
2.704496459792202386e-03 3.327569159287441636e+01
2.709483916075778112e-03 3.332750925851689061e+01
2.714480569901504912e-03 3.337938752904091189e+01
2.719486438230886600e-03 3.343132639758464819e+01
2.724501538056716202e-03 3.348332585698560138e+01
2.729525886403112375e-03 3.353538589977931395e+01
2.734559500325597914e-03 3.358750651819894273e+01
2.739602396911147882e-03 3.363968770417417886e+01
2.744654593278239053e-03 3.369192944933023171e+01
2.749716106576928411e-03 3.374423174498713252e+01
2.754786953988889574e-03 3.379659458215890311e+01
2.759867152727489559e-03 3.384901795155258242e+01
2.764956720037837785e-03 3.390150184356740226e+01
2.770055673196839853e-03 3.395404624830445073e+01
2.775164029513271704e-03 3.400665115562464536e+01
2.780281806327818215e-03 3.405931655510662637e+01
2.785409021013152131e-03 3.411204243601845576e+01
2.790545690973983070e-03 3.416482878731660833e+01
2.795691833647107830e-03 3.421767559764521138e+01
2.800847466501492789e-03 3.427058285533503579e+01
2.806012607038305129e-03 3.432355054840272857e+01
2.811187272790997838e-03 3.437657866454988920e+01
2.816371481325356113e-03 3.442966719116214591e+01
2.821565250239551140e-03 3.448281611530848778e+01
2.826768597164218150e-03 3.453602542374007811e+01
2.831981539762495458e-03 3.458929510288961495e+01
2.837204095730101652e-03 3.464262513887030792e+01
2.842436282795389804e-03 3.469601551747522450e+01
2.847678118719397782e-03 3.474946622417613895e+01
2.852929621295927608e-03 3.480297724412275073e+01
2.858190808351585357e-03 3.485654856214193131e+01
2.863461697745859659e-03 3.491018016273665125e+01
2.868742307371174166e-03 3.496387203008541178e+01
2.874032655152940902e-03 3.501762414804084500e+01
2.879332759049639187e-03 3.507143650012943681e+01
2.884642637052855108e-03 3.512530906956146737e+01
2.889962307187363046e-03 3.517924183934806592e+01
2.895291787511176419e-03 3.523323479225341970e+01
2.900631096115601892e-03 3.528728791071434046e+01
2.905980251125320907e-03 3.534140117683834603e+01
2.911339270698426115e-03 3.539557457240238847e+01
2.916708173026507245e-03 3.544980807885247742e+01
2.922086976334699673e-03 3.550410167730247224e+01
2.927475698881740369e-03 3.555845534853324352e+01
2.932874358960049863e-03 3.561286907299185600e+01
2.938282974895770842e-03 3.566734283079075141e+01
2.943701565048849680e-03 3.572187660170666845e+01
2.949130147813091955e-03 3.577647036518001045e+01
2.954568741616214050e-03 3.583112410031382922e+01
2.960017364919928593e-03 3.588583778587298667e+01
2.965476036219981751e-03 3.594061140028325951e+01
2.970944774046236497e-03 3.599544492163054343e+01
2.976423596962728124e-03 3.605033832765990098e+01
2.981912523567718017e-03 3.610529159577458813e+01
2.987411572493776056e-03 3.616030470303551425e+01
2.992920762407821813e-03 3.621537762615996314e+01
2.998440112011208254e-03 3.627051034152118802e+01
3.003969640039775950e-03 3.632570282520878635e+01
3.009509365263908151e-03 3.638095505310673872e+01
3.015059306488614057e-03 3.643626700077318503e+01
3.020619482553571749e-03 3.649163864341966956e+01
3.026189912333209723e-03 3.654706995591040197e+01
3.031770614736764569e-03 3.660256091276147572e+01
3.037361608708333445e-03 3.665811148813973119e+01
3.042962913226962985e-03 3.671372165586247149e+01
3.048574547306686158e-03 3.676939138939566476e+01
3.054196529996610308e-03 3.682512066185400101e+01
3.059828880380971363e-03 3.688090944599957055e+01
3.065471617579190646e-03 3.693675771424086207e+01
3.071124760745959879e-03 3.699266543863231504e+01
3.076788329071282815e-03 3.704863259087295546e+01
3.082462341780560673e-03 3.710465914230611162e+01
3.088146818134649817e-03 3.716074506391795751e+01
3.093841777429916402e-03 3.721689032633704386e+01
3.099547238998324409e-03 3.727309489983329627e+01
3.105263222207475544e-03 3.732935875431712702e+01
3.110989746460697709e-03 3.738568185933851140e+01
3.116726831197101817e-03 3.744206418408818848e+01
3.122474495891636864e-03 3.749850569747938778e+01
3.128232760055175369e-03 3.755500636818550930e+01
3.134001643234571918e-03 3.761156616452652912e+01
3.139781165012716941e-03 3.766818505445920806e+01
3.145571345008629088e-03 3.772486300557622485e+01
3.151372202877492090e-03 3.778159998510487583e+01
3.157183758310747566e-03 3.783839595990671967e+01
3.163006031036150970e-03 3.789525089647644052e+01
3.168839040817827968e-03 3.795216476094098113e+01
3.174682807456361607e-03 3.800913751905883231e+01
3.180537350788849998e-03 3.806616913621913056e+01
3.186402690688968330e-03 3.812325957744062066e+01
3.192278847067039124e-03 3.818040880737108012e+01
3.198165839870110733e-03 3.823761679028611837e+01
3.204063689082012421e-03 3.829488349008884285e+01
3.209972414723429816e-03 3.835220887030845205e+01
3.215892036851959561e-03 3.840959289409947530e+01
3.221822575562199951e-03 3.846703552424133932e+01
3.227764050985794300e-03 3.852453672313714605e+01
3.233716483291519846e-03 3.858209645281267086e+01
3.239679892685349335e-03 3.863971467491349188e+01
3.245654299410506531e-03 3.869739135070009439e+01
3.251639723747560759e-03 3.875512644105252491e+01
3.257636186014468103e-03 3.881291990646982271e+01
3.263643706566662916e-03 3.887077170707002693e+01
3.269662305797118966e-03 3.892868180258869870e+01
3.275692004136406248e-03 3.898665015237815368e+01
3.281732822052785530e-03 3.904467671540692209e+01
3.287784780052249983e-03 3.910276145025836314e+01
3.293847898678619289e-03 3.916090431513059400e+01
3.299922198513597759e-03 3.921910526783478446e+01
3.306007700176835477e-03 3.927736426579483009e+01
3.312104424326021979e-03 3.933568126604658488e+01
3.318212391656928748e-03 3.939405622523646855e+01
3.324331622903501596e-03 3.945248909962111838e+01
3.330462138837925277e-03 3.951097984506649397e+01
3.336603960270678564e-03 3.956952841704666923e+01
3.342757108050632264e-03 3.962813477064346301e+01
3.348921603065092151e-03 3.968679886054522399e+01
3.355097466239892641e-03 3.974552064104894811e+01
3.361284718539457941e-03 3.980430006610514226e+01
3.367483380966863633e-03 3.986313708931127309e+01
3.373693474563931646e-03 3.992203166387029967e+01
3.379915020411273629e-03 3.998098374258795928e+01
3.386148039628387226e-03 4.003999327787232687e+01
3.392392553373718093e-03 4.009906022173283446e+01
3.398648582844718876e-03 4.015818452577921960e+01
3.404916149277948962e-03 4.021736614122120557e+01
3.411195273949115675e-03 4.027660501886719402e+01
3.417485978173171856e-03 4.033590110912344784e+01
3.423788283304379180e-03 4.039525436199368613e+01
3.430102210736368003e-03 4.045466472707775551e+01
3.436427781902235377e-03 4.051413215357113273e+01
3.442765018274590583e-03 4.057365659026386595e+01
3.449113941365651841e-03 4.063323798553989263e+01
3.455474572727307465e-03 4.069287628737617268e+01
3.461846933951181343e-03 4.075257144334174342e+01
3.468231046668728348e-03 4.081232340059727193e+01
3.474626932551281178e-03 4.087213210588188161e+01
3.481034613310147931e-03 4.093199750527495695e+01
3.487454110696674558e-03 4.099191954420490447e+01
3.493885446502309911e-03 4.105189816767551036e+01
3.500328642558702026e-03 4.111193332027495728e+01
3.506783720737747124e-03 4.117202494617455244e+01
3.513250702951684588e-03 4.123217298912831552e+01
3.519729611153164621e-03 4.129237739247229655e+01
3.526220467335309822e-03 4.135263809912299848e+01
3.532723293531815807e-03 4.141295505157733459e+01
3.539238111816995439e-03 4.147332819191135656e+01
3.545764944305882481e-03 4.153375746177962213e+01
3.552303813154291875e-03 4.159424280241439931e+01
3.558854740558887834e-03 4.165478415462451522e+01
3.565417748757281416e-03 4.171538145879508619e+01
3.571992860028078663e-03 4.177603465488613210e+01
3.578580096690981219e-03 4.183674368243221409e+01
3.585179481106851810e-03 4.189750848054133314e+01
3.591791035677777567e-03 4.195832898789425514e+01
3.598414782847173671e-03 4.201920514263901651e+01
3.605050745099829326e-03 4.208013688210922965e+01
3.611698944962009241e-03 4.214112414311744459e+01
3.618359405001519979e-03 4.220216686204248902e+01
3.625032147827774148e-03 4.226326497482818922e+01
3.631717196091895777e-03 4.232441841698314278e+01
3.638414572486764129e-03 4.238562712357941109e+01
3.645124299747119073e-03 4.244689102925197943e+01
3.651846400649626581e-03 4.250821006819799663e+01
3.658580898012944206e-03 4.256958417417552454e+01
3.665327814697825169e-03 4.263101328050336036e+01
3.672087173607166497e-03 4.269249732005965825e+01
3.678858997686111805e-03 4.275403622528163794e+01
3.685643309922119817e-03 4.281562992816430580e+01
3.692440133345028120e-03 4.287727836025995032e+01
3.699249491027161146e-03 4.293898145267724686e+01
3.706071406083376145e-03 4.300073913608051157e+01
3.712905901671168570e-03 4.306255134068872081e+01
3.719753000990739297e-03 4.312441799615103832e+01
3.726612727285062276e-03 4.318633903125421369e+01
3.733485103839989487e-03 4.324831437424743541e+01
3.740370153984300811e-03 4.331034395292797257e+01
3.747267901089808544e-03 4.337242769464022274e+01
3.754178368571425058e-03 4.343456552627519329e+01
3.761101579887232618e-03 4.349675737426920108e+01
3.768037558538587899e-03 4.355900316460370902e+01
3.774986328070171863e-03 4.362130282280389793e+01
3.781947912070097312e-03 4.368365627393835382e+01
3.788922334169976536e-03 4.374606344261808033e+01
3.795909618044989407e-03 4.380852425299574548e+01
3.802909787413991799e-03 4.387103862876483618e+01
3.809922866039565457e-03 4.393360649315884103e+01
3.816948877728124686e-03 4.399622776895078147e+01
3.823987846329985740e-03 4.405890237845201085e+01
3.831039795739437075e-03 4.412163024351151819e+01
3.838104749894846474e-03 4.418441128546284347e+01
3.845182732778711782e-03 4.424724542434697128e+01
3.852273768417769761e-03 4.431013257907779490e+01
3.859377880883061579e-03 4.437307266807675887e+01
3.866495094290023013e-03 4.443606560929034544e+01
3.873625432798553838e-03 4.449911132018920767e+01
3.880768920613107166e-03 4.456220971776718898e+01
3.887925581982781820e-03 4.462536071854111697e+01
3.895095441201389553e-03 4.468856423854929716e+01
3.902278522607548726e-03 4.475182019335142058e+01
3.909474850584752394e-03 4.481512849802712850e+01
3.916684449561461112e-03 4.487848906717571396e+01
3.923907344011190977e-03 4.494190181491513414e+01
3.931143558452587783e-03 4.500536665488132115e+01
3.938393117449518095e-03 4.506888350022737200e+01
3.945656045611137773e-03 4.513245226362271723e+01
3.952932367591985643e-03 4.519607285725246015e+01
3.960222108092074575e-03 4.525974519276650909e+01
3.967525291856965203e-03 4.532346918055330320e+01
3.974841943677854400e-03 4.538724472989934355e+01
3.982172088391646401e-03 4.545107174957888674e+01
3.989515750881063826e-03 4.551495014787005289e+01
3.996872956074700584e-03 4.557887983255364617e+01
4.004243728947133769e-03 4.564286071091259345e+01
4.011628094518996518e-03 4.570689268973120534e+01
4.019026077857053465e-03 4.577097567529423117e+01
4.026437704074310037e-03 4.583510957338621239e+01
4.033862998330067090e-03 4.589929428929062283e+01
4.041301985830035408e-03 4.596352972778941393e+01
4.048754691826409423e-03 4.602781579316191340e+01
4.056221141617938342e-03 4.609215238918418578e+01
4.063701360550041504e-03 4.615653941912828628e+01
4.071195374014864761e-03 4.622097678576148638e+01
4.078703207451390630e-03 4.628546439134558454e+01
4.086224886345515492e-03 4.635000213725051310e+01
4.093760436230121577e-03 4.641458992300102437e+01
4.101309882685196667e-03 4.647922764731508494e+01
4.108873251337880929e-03 4.654391520839094198e+01
4.116450567862589213e-03 4.660865250390664016e+01
4.124041857981084781e-03 4.667343943101879233e+01
4.131647147462549560e-03 4.673827588636201114e+01
4.139266462123705574e-03 4.680316176604843292e+01
4.146899827828867853e-03 4.686809696566642458e+01
4.154547270490062394e-03 4.693308138028055509e+01
4.162208816067097285e-03 4.699811490443003237e+01
4.169884490567644236e-03 4.706319743212863216e+01
4.177574320047353074e-03 4.712832885686375306e+01
4.185278330609904646e-03 4.719350907159523700e+01
4.192996548407133990e-03 4.725873796875558241e+01
4.200728999639102325e-03 4.732401544024834550e+01
4.208475710554175110e-03 4.738934137715011019e+01
4.216236707449140010e-03 4.745471566856941337e+01
4.224012016669261536e-03 4.752013820264163968e+01
4.231801664608402479e-03 4.758560886695872227e+01
4.239605677709099366e-03 4.765112754856821908e+01
4.247424082462640527e-03 4.771669413397290782e+01
4.255256905409181452e-03 4.778230850912983385e+01
4.263104173137807242e-03 4.784797055944947175e+01
4.270965912286648833e-03 4.791368016979550504e+01
4.278842149542961930e-03 4.797943722448345483e+01
4.286732911643203331e-03 4.804524160728046667e+01
4.294638225373154095e-03 4.811109320140430157e+01
4.302558117567971581e-03 4.817699188952266098e+01
4.310492615112316954e-03 4.824293755375273918e+01
4.318441744940429775e-03 4.830893007566019293e+01
4.326405534036205196e-03 4.837496933625158846e+01
4.334384009433320598e-03 4.844105521508241452e+01
4.342377198215285894e-03 4.850718758936068298e+01
4.350385127515573637e-03 4.857336633551397398e+01
4.358407824517691008e-03 4.863959132939907448e+01
4.366445316455263952e-03 4.870586244630126771e+01
4.374497630612158607e-03 4.877217956093345208e+01
4.382564794322536816e-03 4.883854254743576462e+01
4.390646834970983632e-03 4.890495127937460040e+01
4.398743779992582772e-03 4.897140562974207967e+01
4.406855656873001625e-03 4.903790547095515251e+01
4.414982493148610077e-03 4.910445067485530757e+01
4.423124316406541225e-03 4.917104111270710831e+01
4.431281154284818016e-03 4.923767665519846304e+01
4.439453034472428707e-03 4.930435717243936011e+01
4.447639984709411860e-03 4.937108253396102953e+01
4.455842032786982120e-03 4.943785260841679019e+01
4.464059206547583113e-03 4.950466726244647475e+01
4.472291533885019293e-03 4.957152636167229076e+01
4.480539042744536606e-03 4.963842977112343391e+01
4.488801761122898810e-03 4.970537735523539880e+01
4.497079717068520194e-03 4.977236897784969472e+01
4.505372938681521076e-03 4.983940450221284379e+01
4.513681454113856184e-03 4.990648379097556386e+01
4.522005291569394445e-03 4.997360670619273293e+01
4.530344479304006591e-03 5.004077310932213862e+01
4.538699045625684859e-03 5.010798286122399503e+01
4.547069018894609772e-03 5.017523582216016109e+01
4.555454427523275042e-03 5.024253185179397008e+01
4.563855299976571703e-03 5.030987080918905718e+01
4.572271664771867042e-03 5.037725255280858505e+01
4.580703550479140775e-03 5.044467693983031609e+01
4.589150985721037086e-03 5.051214382422747917e+01
4.597613999173000808e-03 5.057965305873778306e+01
4.606092619563358082e-03 5.064720449547552761e+01
4.614586875673397891e-03 5.071479798593048116e+01
4.623096796337507371e-03 5.078243338096783788e+01
4.631622410443225583e-03 5.085011053082703825e+01
4.640163746931382296e-03 5.091782928512139250e+01
4.648720834796176045e-03 5.098558949283743402e+01
4.657293703085260000e-03 5.105339100233414484e+01
4.665882380899874678e-03 5.112123366134253644e+01
4.674486897394908649e-03 5.118911731696478284e+01
4.683107281779029518e-03 5.125704181567385120e+01
4.691743563314770653e-03 5.132500700331268462e+01
4.700395771318612720e-03 5.139301272505684892e+01
4.709063935161123329e-03 5.146105882440608070e+01
4.717748084267009943e-03 5.152914514305536642e+01
4.726448248115259522e-03 5.159727152199381095e+01
4.735164456239221789e-03 5.166543780156519716e+01
4.743896738226696837e-03 5.173364382146769458e+01
4.752645123720066096e-03 5.180188942075302805e+01
4.761409642416357391e-03 5.187017443782571036e+01
4.770190324067377641e-03 5.193849871044288591e+01
4.778987198479795265e-03 5.200686207571324360e+01
4.787800295515252068e-03 5.207526437009707365e+01
4.796629645090448243e-03 5.214370542940498154e+01
4.805475277177253396e-03 5.221218508879765352e+01
4.814337221802821899e-03 5.228070318278555106e+01
4.823215509049674429e-03 5.234925954521691693e+01
4.832110169055815058e-03 5.241785400790192995e+01
4.841021232014814518e-03 5.248648639924957138e+01
4.849948728175925566e-03 5.255515654667304659e+01
4.858892687844195736e-03 5.262386427690882584e+01
4.867853141380551474e-03 5.269260941601631032e+01
4.876830119201916100e-03 5.276139178937688001e+01
4.885823651781290473e-03 5.283021122169374451e+01
4.894833769647890902e-03 5.289906753699126796e+01
4.903860503387214194e-03 5.296796055861427277e+01
4.912903883641176438e-03 5.303689010922763458e+01
4.921963941108201471e-03 5.310585601081573515e+01
4.931040706543308484e-03 5.317485808468192232e+01
4.940134210758255137e-03 5.324389615144806243e+01
4.949244484621600007e-03 5.331297003104292997e+01
4.958371559058840500e-03 5.338207954218076878e+01
4.967515465052506525e-03 5.345122450212573995e+01
4.976676233642248967e-03 5.352040472739254540e+01
4.985853895924979330e-03 5.358962003380457872e+01
4.995048483054936525e-03 5.365887023649366228e+01
5.004260026243826515e-03 5.372815514989919450e+01
5.013488556760915121e-03 5.379747458776841995e+01
5.022734105933115631e-03 5.386682836315497269e+01
5.031996705145133642e-03 5.393621628841906102e+01
5.041276385839533851e-03 5.400563817522678534e+01
5.050573179516877967e-03 5.407509383454977581e+01
5.059887117735820117e-03 5.414458307666457415e+01
5.069218232113197921e-03 5.421410571115232813e+01
5.078566554324173872e-03 5.428366154646312225e+01
5.087932116102304725e-03 5.435325038711857815e+01
5.097314949239682876e-03 5.442287203547133601e+01
5.106715085587029170e-03 5.449252629314353413e+01
5.116132557053787444e-03 5.456221296103350937e+01
5.125567395608265041e-03 5.463193183931520025e+01
5.135019633277705664e-03 5.470168272743769222e+01
5.144489302148428159e-03 5.477146542412494057e+01
5.153976434365925390e-03 5.484127972737531564e+01
5.163481062134952712e-03 5.491112543446088523e+01
5.173003217719678894e-03 5.498100234192747138e+01
5.182542933443748563e-03 5.505091024559380486e+01
5.192100241690434000e-03 5.512084894055172413e+01
5.201675174902725338e-03 5.519081822110199198e+01
5.211267765583424243e-03 5.526081787961020808e+01
5.220878046295296566e-03 5.533084770662089369e+01
5.230506049661133930e-03 5.540090749189891994e+01
5.240151808363908113e-03 5.547099702446814007e+01
5.249815355146859527e-03 5.554111609261062199e+01
5.259496722813596960e-03 5.561126448386649912e+01
5.269195944228244159e-03 5.568144198503325981e+01
5.278913052315511827e-03 5.575164838216606711e+01
5.288648080060839862e-03 5.582188346057682082e+01
5.298401060510501449e-03 5.589214700483405096e+01
5.308172026771694994e-03 5.596243879876269744e+01
5.317961012012692446e-03 5.603275862544354879e+01
5.327768049462913019e-03 5.610310626715227755e+01
5.337593172413071518e-03 5.617348150441242893e+01
5.347436414215273742e-03 5.624388411616928352e+01
5.357297808283117101e-03 5.631431388058893361e+01
5.367177388091838933e-03 5.638477057508250567e+01
5.377075187178385896e-03 5.645525397630541420e+01
5.386991239141571824e-03 5.652576386015777388e+01
5.396925577642167071e-03 5.659630000178357534e+01
5.406878236403002587e-03 5.666686217557076333e+01
5.416849249209120844e-03 5.673745015515093826e+01
5.426838649907846958e-03 5.680806371339883754e+01
5.436846472408938744e-03 5.687870262243247055e+01
5.446872750684691664e-03 5.694936665361278472e+01
5.456917518770032505e-03 5.702005557689422233e+01
5.466980810762675502e-03 5.709076915786122441e+01
5.477062660823192597e-03 5.716150716007188493e+01
5.487163103175170427e-03 5.723226934629841622e+01
5.497282172105307473e-03 5.730305547852712778e+01
5.507419901963515538e-03 5.737386531795899458e+01
5.517576327163075008e-03 5.744469862500920954e+01
5.527751482180704237e-03 5.751555515930677132e+01
5.537945401556721749e-03 5.758643467969476859e+01
5.548158119895139906e-03 5.765733694422991107e+01
5.558389671863770733e-03 5.772826171018231634e+01
5.568640092194378569e-03 5.779920873403588644e+01
5.578909415682758999e-03 5.787017777152117759e+01
5.589197677188888908e-03 5.794116857845050106e+01
5.599504911637034031e-03 5.801218091077622319e+01
5.609831154015846970e-03 5.808321452371673388e+01
5.620176439378526782e-03 5.815426917171296850e+01
5.630540802842894446e-03 5.822534460842720705e+01
5.640924279591547248e-03 5.829644058674384866e+01
5.651326904871966338e-03 5.836755685876931921e+01
5.661748713996614737e-03 5.843869317583132528e+01
5.672189742343101276e-03 5.850984928847969258e+01
5.682650025354251712e-03 5.858102494648540670e+01
5.693129598538270927e-03 5.865221989884156528e+01
5.703628497468845281e-03 5.872343389371562949e+01
5.714146757785246687e-03 5.879466667544217984e+01
5.724684415192494817e-03 5.886591798268769793e+01
5.735241505461428219e-03 5.893718755286531064e+01
5.745818064428872586e-03 5.900847512256888905e+01
5.756414127997738772e-03 5.907978042757368797e+01
5.767029732137132075e-03 5.915110320283514511e+01
5.777664912882511834e-03 5.922244318249011741e+01
5.788319706335768623e-03 5.929380009985609234e+01
5.798994148665386449e-03 5.936517368743152190e+01
5.809688276106550302e-03 5.943656367689623465e+01
5.820402124961249375e-03 5.950796979911073237e+01
5.831135731598441861e-03 5.957939178417888115e+01
5.841889132454132147e-03 5.965082936355612020e+01
5.852662364031535613e-03 5.972228227058253225e+01
5.863455462901178382e-03 5.979375023797103950e+01
5.874268465701031755e-03 5.986523299764049000e+01
5.885101409136623239e-03 5.993673028071562925e+01
5.895954329981168383e-03 6.000824181752772546e+01
5.906827265075709557e-03 6.007976733761432797e+01
5.917720251329224371e-03 6.015130656971980017e+01
5.928633325718760984e-03 6.022285924179517025e+01
5.939566525289544791e-03 6.029442508099828046e+01
5.950519887155119800e-03 6.036600381369442658e+01
5.961493448497482209e-03 6.043759516469260973e+01
5.972487246567192293e-03 6.050919885142635479e+01
5.983501318683512316e-03 6.058081458714154621e+01
5.994535702234511480e-03 6.065244208421482597e+01
6.005590434677209044e-03 6.072408105418006130e+01
6.016665553537713096e-03 6.079573120772917605e+01
6.027761096411328109e-03 6.086739225471199433e+01
6.038877100962694588e-03 6.093906390413668106e+01
6.050013604925894017e-03 6.101074586416979173e+01
6.061170646104620599e-03 6.108243784213706817e+01
6.072348262372256715e-03 6.115413954452316148e+01
6.083546491672048133e-03 6.122585067700644856e+01
6.094765372017212426e-03 6.129757094667905193e+01
6.106004941491050865e-03 6.136930006342877419e+01
6.117265238247120152e-03 6.144103773665908363e+01
6.128546300509312220e-03 6.151278367496326638e+01
6.139848166572026839e-03 6.158453758612540696e+01
6.151170874800286105e-03 6.165629917712026042e+01
6.162514463629840261e-03 6.172806815411360759e+01
6.173878971567348974e-03 6.179984422246330666e+01
6.185264437190455059e-03 6.187162708671904454e+01
6.196670899147965761e-03 6.194341645062307578e+01
6.208098396159958572e-03 6.201521201710881570e+01
6.219546967017900059e-03 6.208701348625255889e+01
6.231016650584816734e-03 6.215882055138222739e+01
6.242507485795379188e-03 6.223063290391662150e+01
6.254019511656078167e-03 6.230245023442740404e+01
6.265552767245337329e-03 6.237427223264000276e+01
6.277107291713626865e-03 6.244609858743368846e+01
6.288683124283641311e-03 6.251792898684268351e+01
6.300280304250381949e-03 6.258976311805605519e+01
6.311898870981334612e-03 6.266160066741862522e+01
6.323538863916583312e-03 6.273344132043163768e+01
6.335200322568925596e-03 6.280528476175394559e+01
6.346883286524053827e-03 6.287713067606760120e+01
6.358587795440632379e-03 6.294897874969041141e+01
6.370313889050484117e-03 6.302082866855383969e+01
6.382061607158701425e-03 6.309268011776566709e+01
6.393830989643763292e-03 6.316453278161061746e+01
6.405622076457714864e-03 6.323638634355166488e+01
6.417434907626255042e-03 6.330824048623006917e+01
6.429269523248911690e-03 6.338009489146656250e+01
6.441125963499163935e-03 6.345194924026147731e+01
6.453004268624555791e-03 6.352380321279594710e+01
6.464904478946880036e-03 6.359565648838957230e+01
6.476826634862261484e-03 6.366750874280136685e+01
6.488770776841339127e-03 6.373935964660893916e+01
6.500736945429388437e-03 6.381120886915475410e+01
6.512725181246433251e-03 6.388305607893171612e+01
6.524735524987434858e-03 6.395490094358392952e+01
6.536768017422372665e-03 6.402674312990762928e+01
6.548822699396433279e-03 6.409858230385165712e+01
6.560899611830126738e-03 6.417041813051892518e+01
6.572998795719406200e-03 6.424225027416649425e+01
6.585120292135851830e-03 6.431407839820676031e+01
6.597264142226761871e-03 6.438590216527582299e+01
6.609430387215333054e-03 6.445772123778087348e+01
6.621619068400784631e-03 6.452953527761934538e+01
6.633830227158477207e-03 6.460134394585473672e+01
6.646063904940097480e-03 6.467314690271531674e+01
6.658320143273751927e-03 6.474494380759455225e+01
6.670598983764147206e-03 6.481673431905225868e+01
6.682900468092716796e-03 6.488851809481543853e+01
6.695224638017738088e-03 6.496029479177919086e+01
6.707571535374524940e-03 6.503206406600834555e+01
6.719941202075514416e-03 6.510382557270989423e+01
6.732333680110455000e-03 6.517557896468476031e+01
6.744749011546529761e-03 6.524732389149313860e+01
6.757187238528480390e-03 6.531906000164879345e+01
6.769648403278795412e-03 6.539078694282139281e+01
6.782132548097798662e-03 6.546250436183731836e+01
6.794639715363845305e-03 6.553421190468161228e+01
6.807169947533439798e-03 6.560590921649826157e+01
6.819723287141359926e-03 6.567759594159161907e+01
6.832299776800855422e-03 6.574927172342763981e+01
6.844899459203728637e-03 6.582093620463491845e+01
6.857522377120534030e-03 6.589258902703346621e+01
6.870168573400700467e-03 6.596422983168216092e+01
6.882838090972656121e-03 6.603585825881935989e+01
6.895530972844023630e-03 6.610747394785137487e+01
6.908247262101706830e-03 6.617907653735372264e+01
6.920987001912092852e-03 6.625066566507258869e+01
6.933750235521170084e-03 6.632224096792599255e+01
6.946537006254657406e-03 6.639380208200469724e+01
6.959347357518202819e-03 6.646534864257441200e+01
6.972181332797470175e-03 6.653688028407447064e+01
6.985038975658336945e-03 6.660839663818427425e+01
6.997920329747025180e-03 6.667989732999215846e+01
7.010825438790221215e-03 6.675138198266741085e+01
7.023754346595281230e-03 6.682285021852322870e+01
7.036707097050317120e-03 6.689430165901744374e+01
7.049683734124399456e-03 6.696573592475459691e+01
7.062684301867682389e-03 6.703715263548713210e+01
7.075708844411533749e-03 6.710855141011653302e+01
7.088757405968734542e-03 6.717993186669555428e+01
7.101830030833570888e-03 6.725129362243494313e+01
7.114926763382034385e-03 6.732263629447068354e+01
7.128047648071953075e-03 6.739395950062059626e+01
7.141192729443120689e-03 6.746526285804753797e+01
7.154362052117493528e-03 6.753654598308335721e+01
7.167555660799291954e-03 6.760780849123054281e+01
7.180773600275195540e-03 6.767904999716401448e+01
7.194015915414479247e-03 6.775027011473214600e+01
7.207282651169139194e-03 6.782146845695901050e+01
7.220573852574098221e-03 6.789264463604583000e+01
7.233889564747302166e-03 6.796379826315097716e+01
7.247229832889920224e-03 6.803492894465662744e+01
7.260594702286472454e-03 6.810603628269443277e+01
7.273984218304998042e-03 6.817711987843651400e+01
7.287398426397184541e-03 6.824817933220798238e+01
7.300837372098538738e-03 6.831921424348939809e+01
7.314301101028556663e-03 6.839022421091819126e+01
7.327789658890854554e-03 6.846120883229093579e+01
7.341303091473340599e-03 6.853216770456450035e+01
7.354841444648346771e-03 6.860310042385857798e+01
7.368404764372799703e-03 6.867400658441009398e+01
7.381993096688391556e-03 6.874488577581006155e+01
7.395606487721714459e-03 6.881573758593252421e+01
7.409244983684432247e-03 6.888656160179733945e+01
7.422908630873412301e-03 6.895735740957303506e+01
7.436597475670901625e-03 6.902812459457896921e+01
7.450311564544697708e-03 6.909886274128656680e+01
7.464050944048281240e-03 6.916957143332197688e+01
7.477815660820993048e-03 6.924025025346792006e+01
7.491605761588159863e-03 6.931089878398634596e+01
7.505421293161306830e-03 6.938151661005947801e+01
7.519262302438254643e-03 6.945210331848657859e+01
7.533128836403335526e-03 6.952265849529975128e+01
7.547020942127522468e-03 6.959318172572449157e+01
7.560938666768574935e-03 6.966367259418217373e+01
7.574882057571246177e-03 6.973413068429236716e+01
7.588851161867385571e-03 6.980455557887410123e+01
7.602846027076150259e-03 6.987494685994923316e+01
7.616866700704147397e-03 6.994530410843908896e+01
7.630913230345565991e-03 7.001562689551407459e+01
7.644985663682398944e-03 7.008591478131691588e+01
7.659084048484539331e-03 7.015616732456959426e+01
7.673208432609997243e-03 7.022638408312712954e+01
7.687358864005040295e-03 7.029656461398045053e+01
7.701535390704330672e-03 7.036670847325844136e+01
7.715738060831145440e-03 7.043681521623057051e+01
7.729966922597476288e-03 7.050688439730916457e+01
7.744222024304247241e-03 7.057691557008296002e+01
7.758503414341455170e-03 7.064690828860892680e+01
7.772811141188312040e-03 7.071686210788861615e+01
7.787145253413463482e-03 7.078677658221700142e+01
7.801505799675090280e-03 7.085665126505696776e+01
7.815892828721129545e-03 7.092648570904313488e+01
7.830306389389415228e-03 7.099627946598340600e+01
7.844746530607821233e-03 7.106603208686171058e+01
7.859213301394486068e-03 7.113574312184147175e+01
7.873706750857906514e-03 7.120541212027626443e+01
7.888226928197171819e-03 7.127503863095293468e+01
7.902773882702097269e-03 7.134462220212236616e+01
7.917347663753371637e-03 7.141416238124118365e+01
7.931948320822780965e-03 7.148365871496061175e+01
7.946575903473312649e-03 7.155311074912928859e+01
7.961230461359379215e-03 7.162251802879578122e+01
7.975912044226962302e-03 7.169188009821147034e+01
7.990620701913753177e-03 7.176119650083360568e+01
8.005356484349392121e-03 7.183046677843253747e+01
8.020119441555553438e-03 7.189969046195925273e+01
8.034909623646191781e-03 7.196886707524424764e+01
8.049727080827672257e-03 7.203799614117154704e+01
8.064571863398926552e-03 7.210707718177894776e+01
8.079444021751674976e-03 7.217610971826103139e+01
8.094343606370534017e-03 7.224509327097234745e+01
8.109270667833248791e-03 7.231402735943021298e+01
8.124225256810831824e-03 7.238291150231847837e+01
8.139207424067717439e-03 7.245174521829513026e+01
8.154217220461990739e-03 7.252052802815620680e+01
8.169254696945489960e-03 7.258925945256841317e+01
8.184319904564042389e-03 7.265793901139394961e+01
8.199412894457608347e-03 7.272656622369422053e+01
8.214533717860437317e-03 7.279514060773276185e+01
8.229682426101288251e-03 7.286366168097853802e+01
8.244859070603549264e-03 7.293212896010945201e+01
8.260063702885461420e-03 7.300054196092560233e+01
8.275296374560276585e-03 7.306890019646917267e+01
8.290557137336397944e-03 7.313720317707144147e+01
8.305846043017624594e-03 7.320545041219116911e+01
8.321163143503250426e-03 7.327364141049790192e+01
8.336508490788308717e-03 7.334177567987498492e+01
8.351882136963714384e-03 7.340985272742345558e+01
8.367284134216423572e-03 7.347787205946487177e+01
8.382714534829664374e-03 7.354583318154031701e+01
8.398173391183044387e-03 7.361373559390824539e+01
8.413660755752798773e-03 7.368157878337062527e+01
8.429176681111932509e-03 7.374936223369216748e+01
8.444721219930373043e-03 7.381708542780546622e+01
8.460294424975221828e-03 7.388474784781439553e+01
8.475896349110844524e-03 7.395234897499859983e+01
8.491527045299131216e-03 7.401988828981676249e+01
8.507186566599633445e-03 7.408736527191096854e+01
8.522874966169732489e-03 7.415477940153682823e+01
8.538592297264866599e-03 7.422213016709707745e+01
8.554338613238655908e-03 7.428941705968976805e+01
8.570113967543134884e-03 7.435663956967002264e+01
8.585918413728908447e-03 7.442379718664587074e+01
8.601752005445316776e-03 7.449088939948225629e+01
8.617614796440662556e-03 7.455791569630530091e+01
8.633506840562341078e-03 7.462487556450611237e+01
8.649428191757070963e-03 7.469176848994158036e+01
8.665378904071055488e-03 7.475859394957653592e+01
8.681359031650143915e-03 7.482535141486421537e+01
8.697368628740069149e-03 7.489204035643084012e+01
8.713407749686565701e-03 7.495866024413932394e+01
8.729476448935619484e-03 7.502521054709302462e+01
8.745574781033615269e-03 7.509169073364063252e+01
8.761702800627510154e-03 7.515810027137958116e+01
8.777860562465066019e-03 7.522443862676797721e+01
8.794048121394974424e-03 7.529070526106238503e+01
8.810265532367101207e-03 7.535689963194367635e+01
8.826512850432651283e-03 7.542302119628807588e+01
8.842790130744317828e-03 7.548906941021613193e+01
8.859097428556545958e-03 7.555504372909746280e+01
8.875434799225633345e-03 7.562094360755516220e+01
8.891802298209995625e-03 7.568676849947075880e+01
8.908199981070320794e-03 7.575251785846535313e+01
8.924627903469727064e-03 7.581819114148952110e+01
8.941086121174023071e-03 7.588378780683527225e+01
8.957574690051818903e-03 7.594930731210966712e+01
8.974093666074781095e-03 7.601474911422502601e+01
8.990643105317788764e-03 7.608011266940218320e+01
9.007223063959134829e-03 7.614539743317676823e+01
9.023833598280701224e-03 7.621060286040264486e+01
9.040474764668156651e-03 7.627572840240752328e+01
9.057146619611169958e-03 7.634077349657603406e+01
9.073849219703578398e-03 7.640573757571718261e+01
9.090582621643594069e-03 7.647062007191028954e+01
9.107346882233968710e-03 7.653542041650985084e+01
9.124142058382208806e-03 7.660013804015149219e+01
9.140968207100778550e-03 7.666477237275682910e+01
9.157825385507280258e-03 7.672932284355104571e+01
9.174713650824650388e-03 7.679378888253765467e+01
9.191633060381329545e-03 7.685816992190474650e+01
9.208583671611512284e-03 7.692246539349287104e+01
9.225565542055275473e-03 7.698667472847037629e+01
9.242578729358836773e-03 7.705079735733953328e+01
9.259623291274715964e-03 7.711483270994149564e+01
9.276699285661913624e-03 7.717878021546133027e+01
9.293806770486166130e-03 7.724263930269681566e+01
9.310945803820068825e-03 7.730640940298442843e+01
9.328116443843336228e-03 7.737008994915173332e+01
9.345318748842977238e-03 7.743368037344917809e+01
9.362552777213459937e-03 7.749718010751696795e+01
9.379818587456982201e-03 7.756058858239111942e+01
9.397116238183580994e-03 7.762390522850880359e+01
9.414445788111413388e-03 7.768712947569078153e+01
9.431807296066921364e-03 7.775026074472205551e+01
9.449200820984994878e-03 7.781329843476753183e+01
9.466626421909256350e-03 7.787624194110962605e+01
9.484084157992164754e-03 7.793909065835455863e+01
9.501574088495298373e-03 7.800184398043866452e+01
9.519096272789519600e-03 7.806450130063454651e+01
9.536650770355151879e-03 7.812706201155710062e+01
9.554237640782245120e-03 7.818952550677214219e+01
9.571856943770704063e-03 7.825189119237440138e+01
9.589508739130555431e-03 7.831415848033127247e+01
9.607193086782124872e-03 7.837632678208950665e+01
9.624910046756210424e-03 7.843839550853694220e+01
9.642659679194353142e-03 7.850036407000847305e+01
9.660442044348963725e-03 7.856223187629235838e+01
9.678257202583596605e-03 7.862399833638804125e+01
9.696105214373126890e-03 7.868566285213751144e+01
9.713986140303918632e-03 7.874722481766464455e+01
9.731900041074109317e-03 7.880868362616969591e+01
9.749846977493731304e-03 7.887003867029226001e+01
9.767827010484987638e-03 7.893128934211868852e+01
9.785840201082430731e-03 7.899243503318800208e+01
9.803886610433139304e-03 7.905347513450166730e+01
9.821966299796995939e-03 7.911440903682819226e+01
9.840079330546813718e-03 7.917523613096970792e+01
9.858225764168615513e-03 7.923595580727108256e+01
9.876405662261812657e-03 7.929656745556680164e+01
9.894619086539385364e-03 7.935707046518609786e+01
9.912866098828158543e-03 7.941746422496153457e+01
9.931146761068937109e-03 7.947774812321335958e+01
9.949461135316780072e-03 7.953792153911919627e+01
9.967809283741187881e-03 7.959798382934422989e+01
9.986191268626277637e-03 7.965793434654722205e+01
1.000460715237106064e-02 7.971777244282137076e+01
1.002305699748960201e-02 7.977749746970185640e+01
1.004154086661125655e-02 7.983710877817308926e+01
1.006005882248087527e-02 7.989660571869792705e+01
1.007861092795901518e-02 7.995598765456684021e+01
1.009719724602217011e-02 8.001525398481379625e+01
1.011581783976295799e-02 8.007440411417904613e+01
1.013447277239034987e-02 8.013343744705466065e+01
1.015316210722988499e-02 8.019235338749074060e+01
1.017188590772388074e-02 8.025115133920238009e+01
1.019064423743165984e-02 8.030983070549086733e+01
1.020943716002974642e-02 8.036839087022387673e+01
1.022826473931209672e-02 8.042683117380748570e+01
1.024712703919031069e-02 8.048515095025990718e+01
1.026602412369384543e-02 8.054334953310274159e+01
1.028495605697025278e-02 8.060142625536927596e+01
1.030392290328536672e-02 8.065938044961274045e+01
1.032292472702353928e-02 8.071721144800434899e+01
1.034196159268785040e-02 8.077491858719614015e+01
1.036103356490035085e-02 8.083250121080548922e+01
1.038014070840224436e-02 8.088995866264568235e+01
1.039928308805413218e-02 8.094729028612843535e+01
1.041846076883623171e-02 8.100449542427138283e+01
1.043767381584857941e-02 8.106157341970704522e+01
1.045692229431128585e-02 8.111852361578660009e+01
1.047620626956472130e-02 8.117534537332493016e+01
1.049552580706975512e-02 8.123203806733101828e+01
1.051488097240797781e-02 8.128860107297482784e+01
1.053427183128191093e-02 8.134503376517626805e+01
1.055369844951526206e-02 8.140133551861296723e+01
1.057316089305310874e-02 8.145750570772847254e+01
1.059265922796214301e-02 8.151354369813394385e+01
1.061219352043089523e-02 8.156944880766748440e+01
1.063176383676995088e-02 8.162522033748405192e+01
1.065137024341219867e-02 8.168085758832472720e+01
1.067101280691301786e-02 8.173635986054060254e+01
1.069069159395053328e-02 8.179172645410179143e+01
1.071040667132583390e-02 8.184695666873348330e+01
1.073015810596319314e-02 8.190204981468930612e+01
1.074994596491031344e-02 8.195700522105181562e+01
1.076977031533853449e-02 8.201182221858601906e+01
1.078963122454306735e-02 8.206650013780910058e+01
1.080952875994322868e-02 8.212103830899901880e+01
1.082946298908265582e-02 8.217543606220384333e+01
1.084943397962956704e-02 8.222969272794546214e+01
1.086944179937694883e-02 8.228380764243989631e+01
1.088948651624281616e-02 8.233778014470028950e+01
1.090956819827042582e-02 8.239160957359443671e+01
1.092968691362853489e-02 8.244529526783104245e+01
1.094984273061159509e-02 8.249883656596878723e+01
1.097003571764000422e-02 8.255223280620259629e+01
1.099026594326034389e-02 8.260548330979504783e+01
1.101053347614559461e-02 8.265858736960677788e+01
1.103083838509539248e-02 8.271154427556460575e+01
1.105118073903624092e-02 8.276435331736979606e+01
1.107156060702175343e-02 8.281701378450807738e+01
1.109197805823288786e-02 8.286952496626001619e+01
1.111243316197817535e-02 8.292188615192497991e+01
1.113292598769398054e-02 8.297409663169780458e+01
1.115345660494470106e-02 8.302615569594119904e+01
1.117402508342302259e-02 8.307806263485846898e+01
1.119463149295015642e-02 8.312981673850329400e+01
1.121527590347606851e-02 8.318141729679037155e+01
1.123595838507973621e-02 8.323286360173749188e+01
1.125667900796935988e-02 8.328415497668055423e+01
1.127743784248261272e-02 8.333529076816493841e+01
1.129823495908688358e-02 8.338627032332260569e+01
1.131907042837950600e-02 8.343709298933818275e+01
1.133994432108802533e-02 8.348775811345923614e+01
1.136085670807039302e-02 8.353826504173520107e+01
1.138180766031524765e-02 8.358861306393554003e+01
1.140279724894213004e-02 8.363880139223113019e+01
1.142382554520173996e-02 8.368882923292903797e+01
1.144489262047618076e-02 8.373869579211400094e+01
1.146599854627918143e-02 8.378840027566047866e+01
1.148714339425636020e-02 8.383794188952927584e+01
1.150832723618544842e-02 8.388731989250302945e+01
1.152955014397656457e-02 8.393653365833236535e+01
1.155081218967242244e-02 8.398558257607047040e+01
1.157211344544860007e-02 8.403446603504890788e+01
1.159345398361377039e-02 8.408318342488608721e+01
1.161483387660995625e-02 8.413173413544780033e+01
1.163625319701278200e-02 8.418011750554315142e+01
1.165771201753170068e-02 8.422833272563715923e+01
1.167921041101025424e-02 8.427637895936788937e+01
1.170074845042631817e-02 8.432425537019466333e+01
1.172232620889234085e-02 8.437196112141197091e+01
1.174394375965562461e-02 8.441949537617769295e+01
1.176560117609852345e-02 8.446685734005725976e+01
1.178729853173873104e-02 8.451404635480741945e+01
1.180903590022951144e-02 8.456106178968052234e+01
1.183081335535995579e-02 8.460790301428838234e+01
1.185263097105524431e-02 8.465456939861245189e+01
1.187448882137687005e-02 8.470106031297821403e+01
1.189638698052291298e-02 8.474737508616503590e+01
1.191832552282828112e-02 8.479351292430196452e+01
1.194030452276496207e-02 8.483947301115262007e+01
1.196232405494229711e-02 8.488525453049834368e+01
1.198438419410720150e-02 8.493085666615293405e+01
1.200648501514443335e-02 8.497627860213367512e+01
1.202862659307685732e-02 8.502151955668855976e+01
1.205080900306567705e-02 8.506657882493418299e+01
1.207303232041072663e-02 8.511145571276459521e+01
1.209529662055068046e-02 8.515614952643124980e+01
1.211760197906334297e-02 8.520065957255467026e+01
1.213994847166588453e-02 8.524498515778770980e+01
1.216233617421512772e-02 8.528912557094253089e+01
1.218476516270776758e-02 8.533308007437142351e+01
1.220723551328065093e-02 8.537684792860265759e+01
1.222974730221103486e-02 8.542042839449662495e+01
1.225230060591683476e-02 8.546382073325941064e+01
1.227489550095690538e-02 8.550702420452260810e+01
1.229753206403127672e-02 8.555003803545696428e+01
1.232021037198141947e-02 8.559286142610837089e+01
1.234293050179051908e-02 8.563549357595351808e+01
1.236569253058371516e-02 8.567793368475727789e+01
1.238849653562840158e-02 8.572018095258636095e+01
1.241134259433444159e-02 8.576223459658064030e+01
1.243423078425445923e-02 8.580409394204073692e+01
1.245716118308409434e-02 8.584575835753896911e+01
1.248013386866226627e-02 8.588722721243644287e+01
1.250314891897145488e-02 8.592849987678877710e+01
1.252620641213793122e-02 8.596957572107301360e+01
1.254930642643205252e-02 8.601045403443228565e+01
1.257244904026851018e-02 8.605113391131364153e+01
1.259563433220660215e-02 8.609161441796044301e+01
1.261886238095051745e-02 8.613189462079904501e+01
1.264213326534956681e-02 8.617197358645557870e+01
1.266544706439847595e-02 8.621185039218920565e+01
1.268880385723764916e-02 8.625152429335456361e+01
1.271220372315342781e-02 8.629099469505050024e+01
1.273564674157838875e-02 8.633026100787584767e+01
1.275913299209157324e-02 8.636932264333486842e+01
1.278266255441878364e-02 8.640817901384778565e+01
1.280623550843284011e-02 8.644682949663068428e+01
1.282985193415387901e-02 8.648527333099032433e+01
1.285351191174958704e-02 8.652350972355652914e+01
1.287721552153549623e-02 8.656153788155454265e+01
1.290096284397524926e-02 8.659935701282132925e+01
1.292475395968086839e-02 8.663696632446315959e+01
1.294858894941306078e-02 8.667436499502430536e+01
1.297246789408143877e-02 8.671155217552555428e+01
1.299639087474483562e-02 8.674852701642097941e+01
1.302035797261156570e-02 8.678528866875548431e+01
1.304436926903969861e-02 8.682183628419008414e+01
1.306842484553735230e-02 8.685816904500768487e+01
1.309252478376294639e-02 8.689428623186333311e+01
1.311666916552548662e-02 8.693018714613283748e+01
1.314085807278485285e-02 8.696587109011070993e+01
1.316509158765205925e-02 8.700133736702400711e+01
1.318936979238956655e-02 8.703658527996027772e+01
1.321369276941151798e-02 8.707161412075514306e+01
1.323806060128404280e-02 8.710642317451400629e+01
1.326247337072553739e-02 8.714101172717842303e+01
1.328693116060693236e-02 8.717537906566079187e+01
1.331143405395200825e-02 8.720952447658720530e+01
1.333598213393762631e-02 8.724344717204581912e+01
1.336057548389404763e-02 8.727714624836026758e+01
1.338521418730520031e-02 8.731062079260254905e+01
1.340989832780898477e-02 8.734386989258335632e+01
1.343462798919752010e-02 8.737689263687740038e+01
1.345940325541746148e-02 8.740968818233098148e+01
1.348422421057026907e-02 8.744225592336320574e+01
1.350909093891248906e-02 8.747459530751055468e+01
1.353400352485607111e-02 8.750670578366711538e+01
1.355896205296861293e-02 8.753858680209502552e+01
1.358396660797367081e-02 8.757023777822313093e+01
1.360901727475104239e-02 8.760165786364699159e+01
1.363411413833704941e-02 8.763284609303677541e+01
1.365925728392485168e-02 8.766380150135293547e+01
1.368444679686469864e-02 8.769452312440328967e+01
1.370968276266423813e-02 8.772501000972550855e+01
1.373496526698881302e-02 8.775526136170367408e+01
1.376029439566173358e-02 8.778527650264565807e+01
1.378567023466460012e-02 8.781505475899911062e+01
1.381109287013755627e-02 8.784459545854905116e+01
1.383656238837960295e-02 8.787389792950091305e+01
1.386207887584889331e-02 8.790296147611221045e+01
1.388764241916300851e-02 8.793178537631277436e+01
1.391325310509928907e-02 8.796036890795545560e+01
1.393891102059508294e-02 8.798871135023530599e+01
1.396461625274806814e-02 8.801681198267017692e+01
1.399036888881654422e-02 8.804467003712201745e+01
1.401616901621971500e-02 8.807228467749334300e+01
1.404201672253802685e-02 8.809965506370849653e+01
1.406791209551340634e-02 8.812678035696673362e+01
1.409385522304960024e-02 8.815365972038570419e+01
1.411984619321245311e-02 8.818029236080950284e+01
1.414588509423023686e-02 8.820667755525811060e+01
1.417197201449390577e-02 8.823281458852783032e+01
1.419810704255742607e-02 8.825870274692685769e+01
1.422429026713807089e-02 8.828434131774415050e+01
1.425052177711671163e-02 8.830972955066047803e+01
1.427680166153815107e-02 8.833486663224024937e+01
1.430313000961137664e-02 8.835975174446450353e+01
1.432950691070990386e-02 8.838438407079054571e+01
1.435593245437205567e-02 8.840876279659114800e+01
1.438240673030127814e-02 8.843288713148695024e+01
1.440892982836645790e-02 8.845675632057178461e+01
1.443550183860219105e-02 8.848036961332489625e+01
1.446212285120911968e-02 8.850372626086618766e+01
1.448879295655422332e-02 8.852682551634227082e+01
1.451551224517113117e-02 8.854966664672099341e+01
1.454228080776043958e-02 8.857224893529492249e+01
1.456909873518999823e-02 8.859457166796698857e+01
1.459596611849522767e-02 8.861663413240114551e+01
1.462288304887943494e-02 8.863843561575379226e+01
1.464984961771411028e-02 8.865997536552413294e+01
1.467686591653926710e-02 8.868125259491215218e+01
1.470393203706370742e-02 8.870226651767222847e+01
1.473104807116536533e-02 8.872301634933651826e+01
1.475821411089161227e-02 8.874350131254560381e+01
1.478543024845955373e-02 8.876372068301110119e+01
1.481269657625638655e-02 8.878367376701774560e+01
1.484001318683965225e-02 8.880335987309959478e+01
1.486738017293759428e-02 8.882277831174366156e+01
1.489479762744944785e-02 8.884192836217488320e+01
1.492226564344579197e-02 8.886080913996326558e+01
1.494978431416881665e-02 8.887941971102999617e+01
1.497735373303266809e-02 8.889775914310311578e+01
1.500497399362376791e-02 8.891582650616928163e+01
1.503264518970110972e-02 8.893362099451157121e+01
1.506036741519661479e-02 8.895114209748753353e+01
1.508814076421540785e-02 8.896838934964249290e+01
1.511596533103616059e-02 8.898536228781431134e+01
1.514384121011140907e-02 8.900206044226419522e+01
1.517176849606786428e-02 8.901848310084209004e+01
1.519974728370676424e-02 8.903462928395501308e+01
1.522777766800415336e-02 8.905049800011630623e+01
1.525585974411122758e-02 8.906608825982927158e+01
1.528399360735465708e-02 8.908139911584554227e+01
1.531217935323690021e-02 8.909642993001456546e+01
1.534041707743655572e-02 8.911118020799375472e+01
1.536870687580864543e-02 8.912564945860967214e+01
1.539704884438496645e-02 8.913983719276342299e+01
1.542544307937441204e-02 8.915374278023818988e+01
1.545388967716329262e-02 8.916736523003139325e+01
1.548238873431568956e-02 8.918070349676104058e+01
1.551094034757373452e-02 8.919375653720875619e+01
1.553954461385797896e-02 8.920652332846586319e+01
1.556820163026770461e-02 8.921900317018221926e+01
1.559691149408124790e-02 8.923119563896423756e+01
1.562567430275637118e-02 8.924310032290891570e+01
1.565449015393052812e-02 8.925471681273909041e+01
1.568335914542124190e-02 8.926604462742903934e+01
1.571228137522642093e-02 8.927708299083228383e+01
1.574125694152471097e-02 8.928783105480444249e+01
1.577028594267579353e-02 8.929828797367144944e+01
1.579936847722074322e-02 8.930845290639368272e+01
1.582850464388236081e-02 8.931832506934833305e+01
1.585769454156549588e-02 8.932790373976517628e+01
1.588693826935741460e-02 8.933718820030975394e+01
1.591623592652809116e-02 8.934617773629165072e+01
1.594558761253057552e-02 8.935487165762127404e+01
1.597499342700132302e-02 8.936326936722456082e+01
1.600445346976052050e-02 8.937137029402258293e+01
1.603396784081246099e-02 8.937917386971308531e+01
1.606353664034583864e-02 8.938667951653874866e+01
1.609315996873411647e-02 8.939388642339889657e+01
1.612283792653585943e-02 8.940079356864153226e+01
1.615257061449506051e-02 8.940739992566635408e+01
1.618235813354153285e-02 8.941370447087273021e+01
1.621220058479119069e-02 8.941970637705975378e+01
1.624209806954642760e-02 8.942540535875905050e+01
1.627205068929644602e-02 8.943080122652283137e+01
1.630205854571761120e-02 8.943589379395282890e+01
1.633212174067380507e-02 8.944068281479532345e+01
1.636224037621675231e-02 8.944516747998474671e+01
1.639241455458636393e-02 8.944934668409867129e+01
1.642264437821110840e-02 8.945321932191841086e+01
1.645292994970833783e-02 8.945678429900374340e+01
1.648327137188465921e-02 8.946004084346246543e+01
1.651366874773625010e-02 8.946298861088102683e+01
1.654412218044924027e-02 8.946562728931684205e+01
1.657463177340003438e-02 8.946795656994605395e+01
1.660519763015570055e-02 8.946997600555286567e+01
1.663581985447427913e-02 8.947168470088911363e+01
1.666649855030515742e-02 8.947308167417671143e+01
1.669723382178942006e-02 8.947416594682876223e+01
1.672802577326019599e-02 8.947493659835519964e+01
1.675887450924304703e-02 8.947539312585919902e+01
1.678978013445625930e-02 8.947553521894303685e+01
1.682074275381124917e-02 8.947536257148986749e+01
1.685176247241290670e-02 8.947487486123485212e+01
1.688283939555992874e-02 8.947407139976306212e+01
1.691397362874523178e-02 8.947295117143150378e+01
1.694516527765625377e-02 8.947151315234459901e+01
1.697641444817533235e-02 8.946975632664252487e+01
1.700772124638007601e-02 8.946767997796828809e+01
1.703908577854370068e-02 8.946528386452439463e+01
1.707050815113542869e-02 8.946256778995618220e+01
1.710198847082080448e-02 8.945953156110262228e+01
1.713352684446208668e-02 8.945617483354057242e+01
1.716512337911860198e-02 8.945249685160314357e+01
1.719677818204709552e-02 8.944849679444565993e+01
1.722849136070214032e-02 8.944417384485022637e+01
1.726026302273644258e-02 8.943952724786527142e+01
1.729209327600124066e-02 8.943455650261101653e+01
1.732398222854666936e-02 8.942926117870867131e+01
1.735592998862210690e-02 8.942364084942450120e+01
1.738793666467659121e-02 8.941769504966660520e+01
1.742000236535912877e-02 8.941142305352848041e+01
1.745212719951909353e-02 8.940482403623109064e+01
1.748431127620658429e-02 8.939789717661423651e+01
1.751655470467283066e-02 8.939064166805569300e+01
1.754885759437051218e-02 8.938305679965452555e+01
1.758122005495415738e-02 8.937514191127701224e+01
1.761364219628051841e-02 8.936689634707828134e+01
1.764612412840892847e-02 8.935831949110820460e+01
1.767866596160170070e-02 8.934941112300346333e+01
1.771126780632447870e-02 8.934017126690405064e+01
1.774392977324661461e-02 8.933059995417644927e+01
1.777665197324155427e-02 8.932069716261810299e+01
1.780943451738719804e-02 8.931046215305887870e+01
1.784227751696632058e-02 8.929989369807762500e+01
1.787518108346688311e-02 8.928899056508429055e+01
1.790814532858246363e-02 8.927775158585660620e+01
1.794117036421261427e-02 8.926617638345759076e+01
1.797425630246322556e-02 8.925426513884598023e+01
1.800740325564697403e-02 8.924201804829820617e+01
1.804061133628361013e-02 8.922943524472761112e+01
1.807388065710040584e-02 8.921651603706399669e+01
1.810721133103251196e-02 8.920325918104045115e+01
1.814060347122334327e-02 8.918966342663460978e+01
1.817405719102498790e-02 8.917572760436291901e+01
1.820757260399854388e-02 8.916145134710768616e+01
1.824114982391454934e-02 8.914683476935766748e+01
1.827478896475333292e-02 8.913187799597172045e+01
1.830849014070543013e-02 8.911658107207399837e+01
1.834225346617196842e-02 8.910094335593450410e+01
1.837607905576502804e-02 8.908496386981633464e+01
1.840996702430805834e-02 8.906864163834693215e+01
1.844391748683625251e-02 8.905197582405514822e+01
1.847793055859696040e-02 8.903496639899704235e+01
1.851200635505004591e-02 8.901761364030237189e+01
1.854614499186830329e-02 8.899991782953347297e+01
1.858034658493784227e-02 8.898187902586010978e+01
1.861461125035846972e-02 8.896349635386482646e+01
1.864893910444413369e-02 8.894476869966094057e+01
1.868333026372324263e-02 8.892569495469855667e+01
1.871778484493911640e-02 8.890627413601156093e+01
1.875230296505035407e-02 8.888650558621586129e+01
1.878688474123124674e-02 8.886638870551753655e+01
1.882153029087219043e-02 8.884592290572655315e+01
1.885623973158003647e-02 8.882510807394913854e+01
1.889101318117853562e-02 8.880394487068828369e+01
1.892585075770871275e-02 8.878243403118544563e+01
1.896075257942926931e-02 8.876057624263263790e+01
1.899571876481702393e-02 8.873837108293791687e+01
1.903074943256724896e-02 8.871581706230089992e+01
1.906584470159412154e-02 8.869291265321386675e+01
1.910100469103111209e-02 8.866965644663510204e+01
1.913622952023136953e-02 8.864604805298216661e+01
1.917151930876818955e-02 8.862208762443719934e+01
1.920687417643534081e-02 8.859777532242597431e+01
1.924229424324751594e-02 8.857311128300966629e+01
1.927777962944073400e-02 8.854809552404796591e+01
1.931333045547273600e-02 8.852272803628434872e+01
1.934894684202342896e-02 8.849700881083698789e+01
1.938462890999524679e-02 8.847093739990692995e+01
1.942037678051358740e-02 8.844451253071888175e+01
1.945619057492721168e-02 8.841773284545986655e+01
1.949207041480869804e-02 8.839059704551853258e+01
1.952801642195478582e-02 8.836310476647025780e+01
1.956402871838683680e-02 8.833525644003297828e+01
1.960010742635123412e-02 8.830705252743351252e+01
1.963625266831979521e-02 8.827849341532389360e+01
1.967246456699021928e-02 8.824957904491736826e+01
1.970874324528644472e-02 8.822030920283138755e+01
1.974508882635910706e-02 8.819068368037196137e+01
1.978150143358595181e-02 8.816070224796739296e+01
1.981798119057223695e-02 8.813036462737001386e+01
1.985452822115120128e-02 8.809967053884881238e+01
1.989114264938441484e-02 8.806861969597159145e+01
1.992782459956223690e-02 8.803721163398566318e+01
1.996457419620424265e-02 8.800544574975164380e+01
2.000139156405963264e-02 8.797332144205719828e+01
2.003827682810768035e-02 8.794083827683968480e+01
2.007523011355811723e-02 8.790799650636270712e+01
2.011225154585158381e-02 8.787479656701150077e+01
2.014934125066004944e-02 8.784123887803382047e+01
2.018649935388723560e-02 8.780732299464220603e+01
2.022372598166906343e-02 8.777304733012266524e+01
2.026102126037405624e-02 8.773841022659370026e+01
2.029838531660376963e-02 8.770341043650907409e+01
2.033581827719323568e-02 8.766804945447763942e+01
2.037332026921138267e-02 8.763232991551748796e+01
2.041089141996149658e-02 8.759625443680819501e+01
2.044853185698159576e-02 8.755982359970734308e+01
2.048624170804490968e-02 8.752303435501262641e+01
2.052402110116028841e-02 8.748588328767479538e+01
2.056187016457267092e-02 8.744836744710815424e+01
2.059978902676348061e-02 8.741048775418435923e+01
2.063777781645107293e-02 8.737224708580204435e+01
2.067583666259118977e-02 8.733364831504613335e+01
2.071396569437736548e-02 8.729469205596406312e+01
2.075216504124142297e-02 8.725537457623779858e+01
2.079043483285383798e-02 8.721569166087407154e+01
2.082877519912423175e-02 8.717564013632400588e+01
2.086718627020178740e-02 8.713522521335460169e+01
2.090566817647570089e-02 8.709445617644760773e+01
2.094422104857565289e-02 8.705334223199815824e+01
2.098284501737218352e-02 8.701188576159982802e+01
2.102154021397719189e-02 8.697007783188175267e+01
2.106030676974436633e-02 8.692790846421966933e+01
2.109914481626961810e-02 8.688536911172961652e+01
2.113805448539156709e-02 8.684245972685620529e+01
2.117703590919193732e-02 8.679918342718264057e+01
2.121608921999602881e-02 8.675554329609080639e+01
2.125521455037317556e-02 8.671154121273983151e+01
2.129441203313717570e-02 8.666717765757246639e+01
2.133368180134678077e-02 8.662245303685857323e+01
2.137302398830609809e-02 8.657736745340774576e+01
2.141243872756506961e-02 8.653191991664640170e+01
2.145192615291991595e-02 8.648610919911641304e+01
2.149148639841360134e-02 8.643993425192593349e+01
2.153111959833629852e-02 8.639339610454949536e+01
2.157082588722580851e-02 8.634649717065912000e+01
2.161060539986804294e-02 8.629923987093805238e+01
2.165045827129747150e-02 8.625162503653254475e+01
2.169038463679761122e-02 8.620365072536947082e+01
2.173038463190143585e-02 8.615531472591419515e+01
2.177045839239186154e-02 8.610661536754093959e+01
2.181060605430221178e-02 8.605755351168832590e+01
2.185082775391666843e-02 8.600813077334930767e+01
2.189112362777075743e-02 8.595834870774106662e+01
2.193149381265178249e-02 8.590820799089446780e+01
2.197193844559928999e-02 8.585770864911209799e+01
2.201245766390556510e-02 8.580685069434933610e+01
2.205305160511605508e-02 8.575563378219426625e+01
2.209372040702990009e-02 8.570405696715610588e+01
2.213446420770031828e-02 8.565211925402991255e+01
2.217528314543514012e-02 8.559982005541610306e+01
2.221617735879724206e-02 8.554716033397907893e+01
2.225714698660502880e-02 8.549414142872100797e+01
2.229819216793292938e-02 8.544076460365508296e+01
2.233931304211181704e-02 8.538703041735615784e+01
2.238050974872951571e-02 8.533293905520714873e+01
2.242178242763127882e-02 8.527849069789907333e+01
2.246313121892022646e-02 8.522368535599312622e+01
2.250455626295789699e-02 8.516852286088858648e+01
2.254605770036462870e-02 8.511300304130641337e+01
2.258763567202010450e-02 8.505712564999289782e+01
2.262929031906378563e-02 8.500089028138827985e+01
2.267102178289545286e-02 8.494429651782203905e+01
2.271283020517561937e-02 8.488734464155287185e+01
2.275471572782604424e-02 8.483003757385573351e+01
2.279667849303020771e-02 8.477237886059859306e+01
2.283871864323378659e-02 8.471437136216358965e+01
2.288083632114518151e-02 8.465601306046414720e+01
2.292303166973593334e-02 8.459729982683367666e+01
2.296530483224125396e-02 8.453822789504154400e+01
2.300765595216049120e-02 8.447879839368523847e+01
2.305008517325762840e-02 8.441901601112081721e+01
2.309259263956179101e-02 8.435888539103068240e+01
2.313517849536768367e-02 8.429840761053353049e+01
2.317784288523612457e-02 8.423757966203240244e+01
2.322058595399451725e-02 8.417639835423517525e+01
2.326340784673733633e-02 8.411486274103627636e+01
2.330630870882666530e-02 8.405297577424983047e+01
2.334928868589261630e-02 8.399074079110977209e+01
2.339234792383388176e-02 8.392815944397204930e+01
2.343548656881820624e-02 8.386522903382370941e+01
2.347870476728287914e-02 8.380194618148846075e+01
2.352200266593526892e-02 8.373830919624339231e+01
2.356538041175326031e-02 8.367432266922251927e+01
2.360883815198580246e-02 8.360999265446073991e+01
2.365237603415338077e-02 8.354532390550407683e+01
2.369599420604852694e-02 8.348031441833853705e+01
2.373969281573634973e-02 8.341495999985605181e+01
2.378347201155497567e-02 8.334925719913401565e+01
2.382733194211610409e-02 8.328320768075845137e+01
2.387127275630547552e-02 8.321681530194203447e+01
2.391529460328343723e-02 8.315008349677380295e+01
2.395939763248536997e-02 8.308301178134971110e+01
2.400358199362224304e-02 8.301559757609716428e+01
2.404784783668111742e-02 8.294783861164452787e+01
2.409219531192563490e-02 8.287973627515957276e+01
2.413662456989658367e-02 8.281129429617688231e+01
2.418113576141232846e-02 8.274251622662180239e+01
2.422572903756937956e-02 8.267340265502734553e+01
2.427040454974288552e-02 8.260395199617589412e+01
2.431516244958714310e-02 8.253416274208828440e+01
2.436000288903615932e-02 8.246403527196797256e+01
2.440492602030407826e-02 8.239357149332060715e+01
2.444993199588577429e-02 8.232277330773500523e+01
2.449502096855733779e-02 8.225164171013216219e+01
2.454019309137658172e-02 8.218017691677898995e+01
2.458544851768362099e-02 8.210837919049772893e+01
2.463078740110130962e-02 8.203625002020744716e+01
2.467620989553582014e-02 8.196379197392072058e+01
2.472171615517714666e-02 8.189100753284613177e+01
2.476730633449961486e-02 8.181789695302852294e+01
2.481298058826246142e-02 8.174445855726831667e+01
2.485873907151028503e-02 8.167069064178043902e+01
2.490458193957361538e-02 8.159659194017343964e+01
2.495050934806943704e-02 8.152216155065904957e+01
2.499652145290169949e-02 8.144739895691326126e+01
2.504261841026189303e-02 8.137230905311078288e+01
2.508880037662951368e-02 8.129690085772742236e+01
2.513506750877264259e-02 8.122118262722592874e+01
2.518141996374843872e-02 8.114515207114908435e+01
2.522785789890374247e-02 8.106879975655856185e+01
2.527438147187552678e-02 8.099211730253068708e+01
2.532099084059147298e-02 8.091510802215314868e+01
2.536768616327050516e-02 8.083778201713225542e+01
2.541446759842331399e-02 8.076014814426309840e+01
2.546133530485294311e-02 8.068220481871874483e+01
2.550828944165525400e-02 8.060394546240006264e+01
2.555533016821950887e-02 8.052536477322685471e+01
2.560245764422890841e-02 8.044646532785236559e+01
2.564967202966111914e-02 8.036725268608383033e+01
2.569697348478887020e-02 8.028773152431915605e+01
2.574436217018040776e-02 8.020790248008516699e+01
2.579183824670010228e-02 8.012776503803421235e+01
2.583940187550898965e-02 8.004731952753640201e+01
2.588705321806528126e-02 7.996656906877504412e+01
2.593479243612498847e-02 7.988551734884156019e+01
2.598261969174238059e-02 7.980416587518335803e+01
2.603053514727058509e-02 7.972251103761519175e+01
2.607853896536214272e-02 7.964054856347988220e+01
2.612663130896951749e-02 7.955827787211498503e+01
2.617481234134573856e-02 7.947570440894158139e+01
2.622308222604483388e-02 7.939283408781280116e+01
2.627144112692248248e-02 7.930967063951388241e+01
2.631988920813651753e-02 7.922621535256676850e+01
2.636842663414750224e-02 7.914246921617178998e+01
2.641705356971931623e-02 7.905843074641155965e+01
2.646577017991964820e-02 7.897409661625974309e+01
2.651457663012061691e-02 7.888946412339235792e+01
2.656347308599928125e-02 7.880453576128238069e+01
2.661245971353828552e-02 7.871931650191277186e+01
2.666153667902631391e-02 7.863381087587454488e+01
2.671070414905873588e-02 7.854802135876097680e+01
2.675996229053813694e-02 7.846194983373517573e+01
2.680931127067488415e-02 7.837559739763473488e+01
2.685875125698773680e-02 7.828896307778219921e+01
2.690828241730435638e-02 7.820204560636256019e+01
2.695790491976189293e-02 7.811484547431295766e+01
2.700761893280758524e-02 7.802736583592042052e+01
2.705742462519928129e-02 7.793960996326946145e+01
2.710732216600609049e-02 7.785157929112092745e+01
2.715731172460886939e-02 7.776327364679346488e+01
2.720739347070084274e-02 7.767469310528160520e+01
2.725756757428817595e-02 7.758584014872209877e+01
2.730783420569053710e-02 7.749671842724282556e+01
2.735819353554172495e-02 7.740733077182363786e+01
2.740864573479016852e-02 7.731767673002929087e+01
2.745919097469956549e-02 7.722775504793374068e+01
2.750982942684944421e-02 7.713756575909756918e+01
2.756056126313573273e-02 7.704711144947823698e+01
2.761138665577140758e-02 7.695639499339752376e+01
2.766230577728697945e-02 7.686541901702230462e+01
2.771331880053114899e-02 7.677418589299102791e+01
2.776442589867136879e-02 7.668269786280043832e+01
2.781562724519442281e-02 7.659095615145007230e+01
2.786692301390706825e-02 7.649896146376218553e+01
2.791831337893654896e-02 7.640671442387211698e+01
2.796979851473123391e-02 7.631421535580246029e+01
2.802137859606118261e-02 7.622146453152960532e+01
2.807305379801879400e-02 7.612846329814095725e+01
2.812482429601932676e-02 7.603521482372293860e+01
2.817669026580153432e-02 7.594172235189053310e+01
2.822865188342826501e-02 7.584798762838440211e+01
2.828070932528703105e-02 7.575401120970731483e+01
2.833286276809066778e-02 7.565979395327296686e+01
2.838511238887785407e-02 7.556533859107729256e+01
2.843745836501376800e-02 7.547064850548757420e+01
2.848990087419066633e-02 7.537572602141044342e+01
2.854244009442848465e-02 7.528057105087546574e+01
2.859507620407549314e-02 7.518518326693214249e+01
2.864780938180882044e-02 7.508956437356907543e+01
2.870063980663510594e-02 7.499371807111322141e+01
2.875356765789111382e-02 7.489764789212146923e+01
2.880659311524430208e-02 7.480135572468770988e+01
2.885971635869350946e-02 7.470484277542976770e+01
2.891293756856947589e-02 7.460810925162662954e+01
2.896625692553550860e-02 7.451115287106250662e+01
2.901967461058807540e-02 7.441397126262266681e+01
2.907319080505741879e-02 7.431656841573958161e+01
2.912680569060822205e-02 7.421895464928859099e+01
2.918051944924013666e-02 7.412113881656352987e+01
2.923433226328845877e-02 7.402311896305022287e+01
2.928824431542474335e-02 7.392488895533072935e+01
2.934225578865739051e-02 7.382644624853992354e+01
2.939636686633234630e-02 7.372779617268905383e+01
2.945057773213361971e-02 7.362894491440555100e+01
2.950488857008397997e-02 7.352989569180043361e+01
2.955929956454553947e-02 7.343064924638726154e+01
2.961381090022044069e-02 7.333120631728809258e+01
2.966842276215140781e-02 7.323156798667450573e+01
2.972313533572241290e-02 7.313173543851397085e+01
2.977794880665930732e-02 7.303170974342293675e+01
2.983286336103042891e-02 7.293149178864507576e+01
2.988787918524729234e-02 7.283108281488465252e+01
2.994299646606514084e-02 7.273048782046332406e+01
2.999821539058363309e-02 7.262971397950052221e+01
3.005353614624746081e-02 7.252876589973440957e+01
3.010895892084698364e-02 7.242764046707560510e+01
3.016448390251890224e-02 7.232633336249135425e+01
3.022011127974683423e-02 7.222484530251934132e+01
3.027584124136199761e-02 7.212318206865651860e+01
3.033167397654383882e-02 7.202134894108506558e+01
3.038760967482066061e-02 7.191934740818652472e+01
3.044364852607033683e-02 7.181717772215004914e+01
3.049979072052083975e-02 7.171484198052284853e+01
3.055603644875097558e-02 7.161234527421208895e+01
3.061238590169100202e-02 7.150969237117348598e+01
3.066883927062325627e-02 7.140688272106639545e+01
3.072539674718287664e-02 7.130391294073578479e+01
3.078205852335835768e-02 7.120078253322908779e+01
3.083882479149225794e-02 7.109749824023361953e+01
3.089569574428184875e-02 7.099406754260220964e+01
3.095267157477973180e-02 7.089049257273765647e+01
3.100975247639458851e-02 7.078677126609230186e+01
3.106693864289171089e-02 7.068290243957665098e+01
3.112423026839374399e-02 7.057888852064671426e+01
3.118162754738129996e-02 7.047473277680524006e+01
3.123913067469368671e-02 7.037043899461696128e+01
3.129673984552948374e-02 7.026601151915461685e+01
3.135445525544724998e-02 7.016145400724303727e+01
3.141227710036618298e-02 7.005676653404324838e+01
3.147020557656676765e-02 6.995194810312808897e+01
3.152824088069149794e-02 6.984700047559084624e+01
3.158638320974546665e-02 6.974192924912755132e+01
3.164463276109707318e-02 6.963673966673140114e+01
3.170298973247870356e-02 6.953143282691254967e+01
3.176145432198736879e-02 6.942600814629686568e+01
3.182002672808543348e-02 6.932046613561884385e+01
3.187870714960122642e-02 6.921480918755717937e+01
3.193749578572974146e-02 6.910903997641540286e+01
3.199639283603332440e-02 6.900316203741654419e+01
3.205539850044232530e-02 6.889717931473199997e+01
3.211451297925582704e-02 6.879109435207668355e+01
3.217373647314226981e-02 6.868490687324310784e+01
3.223306918314013808e-02 6.857861663134251273e+01
3.229251131065868224e-02 6.847222698700868193e+01
3.235206305747855005e-02 6.836574334278832055e+01
3.241172462575254987e-02 6.825917001028837205e+01
3.247149621800625441e-02 6.815250879787110705e+01
3.253137803713870152e-02 6.804576117027508531e+01
3.259137028642314360e-02 6.793892866696572241e+01
3.265147316950765127e-02 6.783201287272618174e+01
3.271168689041591138e-02 6.772501548319597475e+01
3.277201165354780288e-02 6.761793847108543787e+01
3.283244766368016015e-02 6.751078394943215244e+01
3.289299512596745301e-02 6.740355528555524245e+01
3.295365424594251524e-02 6.729625666253181748e+01
3.301442522951716918e-02 6.718889089877760057e+01
3.307530828298298198e-02 6.708145733385704546e+01
3.313630361301195260e-02 6.697395518623096677e+01
3.319741142665718486e-02 6.686638879504350541e+01
3.325863193135368545e-02 6.675876590920123022e+01
3.331996533491892593e-02 6.665109192407726368e+01
3.338141184555364765e-02 6.654336614336105526e+01
3.344297167184255570e-02 6.643558720713683385e+01
3.350464502275497802e-02 6.632775717422920536e+01
3.356643210764567037e-02 6.621988035091959546e+01
3.362833313625540610e-02 6.611195981401121458e+01
3.369034831871178109e-02 6.600399553160335131e+01
3.375247786552987989e-02 6.589598741805058069e+01
3.381472198761300424e-02 6.578794012544457814e+01
3.387708089625342256e-02 6.567986128782810340e+01
3.393955480313302214e-02 6.557175578087873191e+01
3.400214392032405858e-02 6.546362196208102091e+01
3.406484846028989821e-02 6.535545770519395603e+01
3.412766863588567734e-02 6.524726547684814193e+01
3.419060466035914181e-02 6.513905046796642750e+01
3.425365674735122296e-02 6.503081635728214849e+01
3.431682511089687027e-02 6.492256348449487291e+01
3.438010996542570363e-02 6.481429227027297202e+01
3.444351152576285297e-02 6.470600808315143126e+01
3.450703000712955493e-02 6.459771897584877820e+01
3.457066562514395092e-02 6.448942906002378095e+01
3.463441859582182952e-02 6.438113456825969649e+01
3.469828913557730654e-02 6.427283173082237511e+01
3.476227746122366458e-02 6.416452455782686570e+01
3.482638378997394979e-02 6.405622093652199567e+01
3.489060833944180456e-02 6.394792574845570243e+01
3.495495132764218221e-02 6.383963839587849520e+01
3.501941297299205474e-02 6.373135820558922404e+01
3.508399349431125941e-02 6.362308830605848442e+01
3.514869311082309544e-02 6.351483353855060443e+01
3.521351204215516367e-02 6.340659757786938400e+01
3.527845050834008123e-02 6.329838217579143134e+01
3.534350872981623093e-02 6.319018898806707796e+01
3.540868692742855928e-02 6.308202029255763676e+01
3.547398532242922176e-02 6.297387862402283076e+01
3.553940413647842245e-02 6.286576687918103801e+01
3.560494359164512179e-02 6.275768850686642253e+01
3.567060391040779987e-02 6.264964681022761539e+01
3.573638531565527521e-02 6.254164401362382364e+01
3.580228803068732923e-02 6.243368190587290201e+01
3.586831227921557369e-02 6.232576135931756056e+01
3.593445828536416531e-02 6.221788197723581249e+01
3.600072627367056910e-02 6.211004439526289644e+01
3.606711646908637020e-02 6.200225559101883022e+01
3.613362909697794695e-02 6.189452457319305978e+01
3.620026438312729661e-02 6.178685433627935453e+01
3.626702255373277783e-02 6.167924005530107934e+01
3.633390383540992946e-02 6.157167843054816103e+01
3.640090845519217133e-02 6.146417690389467481e+01
3.646803664053159533e-02 6.135674622523414001e+01
3.653528861929976335e-02 6.124939040598566464e+01
3.660266461978843588e-02 6.114210506043959015e+01
3.667016487071043246e-02 6.103488707999418494e+01
3.673778960120028386e-02 6.092774250774392897e+01
3.680553904081512034e-02 6.082068008923294400e+01
3.687341341953538632e-02 6.071370220734556256e+01
3.694141296776561750e-02 6.060680341694185103e+01
3.700953791633532219e-02 6.049997981727642582e+01
3.707778849649961961e-02 6.039323782053522649e+01
3.714616493994011420e-02 6.028658700522797176e+01
3.721466747876566589e-02 6.018003321651583093e+01
3.728329634551315330e-02 6.007357760334618035e+01
3.735205177314834812e-02 5.996722099823672636e+01
3.742093399506658119e-02 5.986096418445321632e+01
3.748994324509360987e-02 5.975480795214828333e+01
3.755907975748639521e-02 5.964875425063353731e+01
3.762834376693389993e-02 5.954280659876821602e+01
3.769773550855792105e-02 5.943696847548361717e+01
3.776725521791380463e-02 5.933124255493753196e+01
3.783690313099131314e-02 5.922563118642088398e+01
3.790667948421539563e-02 5.912013594433011576e+01
3.797658451444699962e-02 5.901475722687626302e+01
3.804661845898391070e-02 5.890949600562398558e+01
3.811678155556148806e-02 5.880435816833565355e+01
3.818707404235350406e-02 5.869935169710595346e+01
3.825749615797296305e-02 5.859448007754872378e+01
3.832804814147293404e-02 5.848973850416228260e+01
3.839873023234730010e-02 5.838512232041189520e+01
3.846954267053159793e-02 5.828063664877524985e+01
3.854048569640385752e-02 5.817629199334884760e+01
3.861155955078536539e-02 5.807209478784010059e+01
3.868276447494158055e-02 5.796804153563110162e+01
3.875410071058283529e-02 5.786412777653446682e+01
3.882556849986520953e-02 5.776035619155612011e+01
3.889716808539137038e-02 5.765673479718153516e+01
3.896889971021134935e-02 5.755326993920530043e+01
3.904076361782345822e-02 5.744996171890151260e+01
3.911276005217497603e-02 5.734680892501318539e+01
3.918488925766309972e-02 5.724381218155286888e+01
3.925715147913570735e-02 5.714097412607922166e+01
3.932954696189220473e-02 5.703829770711281100e+01
3.940207595168440657e-02 5.693578717608325945e+01
3.947473869471727903e-02 5.683344720571177788e+01
3.954753543764984169e-02 5.673127987663397676e+01
3.962046642759598641e-02 5.662928264204605000e+01
3.969353191212528914e-02 5.652745301946740852e+01
3.976673213926394668e-02 5.642579466287525491e+01
3.984006735749548445e-02 5.632431512024728448e+01
3.991353781576169324e-02 5.622302072932247796e+01
3.998714376346342719e-02 5.612191357851837381e+01
4.006088545046147809e-02 5.602099478513018482e+01
4.013476312707744270e-02 5.592026372626533259e+01
4.020877704409450693e-02 5.581971763880753201e+01
4.028292745275834780e-02 5.571935470770895193e+01
4.035721460477795924e-02 5.561918168651647676e+01
4.043163875232656107e-02 5.551920940010509753e+01
4.050620014804238306e-02 5.541944487925823637e+01
4.058089904502954620e-02 5.531988449066719937e+01
4.065573569685895089e-02 5.522052287155661077e+01
4.073071035756908875e-02 5.512135821421810533e+01
4.080582328166698636e-02 5.502239279650440551e+01
4.088107472412896154e-02 5.492362937440418591e+01
4.095646494040156710e-02 5.482507297184113781e+01
4.103199418640243040e-02 5.472672973258926987e+01
4.110766271852109299e-02 5.462860475846311203e+01
4.118347079361999591e-02 5.453069968436053472e+01
4.125941866903519439e-02 5.443301538388286076e+01
4.133550660257732934e-02 5.433555171779757842e+01
4.141173485253247383e-02 5.423830698779232051e+01
4.148810367766301438e-02 5.414127971608291290e+01
4.156461333720855994e-02 5.404447370339503465e+01
4.164126409088676067e-02 5.394789683125081581e+01
4.171805619889423083e-02 5.385155565894059748e+01
4.179498992190740919e-02 5.375544770691251273e+01
4.187206552108346108e-02 5.365956689399715174e+01
4.194928325806120128e-02 5.356391019561385036e+01
4.202664339496189200e-02 5.346848468054791681e+01
4.210414619439020040e-02 5.337329942665429883e+01
4.218179191943507295e-02 5.327836001183322878e+01
4.225958083367059581e-02 5.318366555067107981e+01
4.233751320115700101e-02 5.308921448054139347e+01
4.241558928644141580e-02 5.299500597978305905e+01
4.249380935455883412e-02 5.290104007810821685e+01
4.257217367103301869e-02 5.280731698514731676e+01
4.265068250187741689e-02 5.271383892947294925e+01
4.272933611359602118e-02 5.262060967632459096e+01
4.280813477318427818e-02 5.252763288112154072e+01
4.288707874813003917e-02 5.243491105814499775e+01
4.296616830641438595e-02 5.234244610023063160e+01
4.304540371651269237e-02 5.225023977430670641e+01
4.312478524739534608e-02 5.215829315189512272e+01
4.320431316852878234e-02 5.206660702066435675e+01
4.328398774987637920e-02 5.197518213740324455e+01
4.336380926189932483e-02 5.188401913855388869e+01
4.344377797555765836e-02 5.179311861735329359e+01
4.352389416231101232e-02 5.170248135928817135e+01
4.360415809411968130e-02 5.161210902473448670e+01
4.368457004344547534e-02 5.152200350442312526e+01
4.376513028325263593e-02 5.143216684429836505e+01
4.384583908700885602e-02 5.134260179160676785e+01
4.392669672868607794e-02 5.125331126018082983e+01
4.400770348276150656e-02 5.116429745723364420e+01
4.408885962421852517e-02 5.107555957591588225e+01
4.417016542854757671e-02 5.098709599175232654e+01
4.425162117174723936e-02 5.089890546852539899e+01
4.433322713032499668e-02 5.081098870461143946e+01
4.441498358129826463e-02 5.072334700171153088e+01
4.449689080219532133e-02 5.063598196885553193e+01
4.457894907105621612e-02 5.054889730770917566e+01
4.466115866643382420e-02 5.046209754645688861e+01
4.474351986739463077e-02 5.037558672208796651e+01
4.482603295351977185e-02 5.028936426995720410e+01
4.490869820490596409e-02 5.020342700935006519e+01
4.499151590216651786e-02 5.011777194883896414e+01
4.507448632643216990e-02 5.003239988393323756e+01
4.515760975935211030e-02 4.994731494663850668e+01
4.524088648309494698e-02 4.986252131836061352e+01
4.532431678034960776e-02 4.977802102205343004e+01
4.540790093432640201e-02 4.969381279771024396e+01
4.549163922875787414e-02 4.960989511408199348e+01
4.557553194789979584e-02 4.952626714172425437e+01
4.565957937653217918e-02 4.944293023082717298e+01
4.574378179996015786e-02 4.935988614573408029e+01
4.582813950401509046e-02 4.927713655240506085e+01
4.591265277505538617e-02 4.919468243314104683e+01
4.599732189996754567e-02 4.911252444122717264e+01
4.608214716616712558e-02 4.903066321017452367e+01
4.616712886159970303e-02 4.894909898094824996e+01
4.625226727474193028e-02 4.886783151522660518e+01
4.633756269460238830e-02 4.878686054475838318e+01
4.642301541072262755e-02 4.870618626564750286e+01
4.650862571317818800e-02 4.862581068791922689e+01
4.659439389257948733e-02 4.854573625040111295e+01
4.668032024007297276e-02 4.846596525055466742e+01
4.676640504734190518e-02 4.838649755239973160e+01
4.685264860660749708e-02 4.830733081584631350e+01
4.693905121062983549e-02 4.822846263338018957e+01
4.702561315270888109e-02 4.814989137698081123e+01
4.711233472668555772e-02 4.807161849440065993e+01
4.719921622694259189e-02 4.799364618988504105e+01
4.728625794840561614e-02 4.791597662933821056e+01
4.737346018654411961e-02 4.783861107705006077e+01
4.746082323737255831e-02 4.776154962415530036e+01
4.754834739745119471e-02 4.768479228037085704e+01
4.763603296388722180e-02 4.760833898639691597e+01
4.772388023433573462e-02 4.753218903222178682e+01
4.781188950700071549e-02 4.745634134712847185e+01
4.790006108063616513e-02 4.738079486157943165e+01
4.798839525454692834e-02 4.730554878051795953e+01
4.807689232858985279e-02 4.723060350991774214e+01
4.816555260317475357e-02 4.715595978441523783e+01
4.825437637926541928e-02 4.708161833222457204e+01
4.834336395838073619e-02 4.700757967218135036e+01
4.843251564259554859e-02 4.693384375884751591e+01
4.852183173454178988e-02 4.686041045022400198e+01
4.861131253740950953e-02 4.678727960292000887e+01
4.870095835494782366e-02 4.671445087279992237e+01
4.879076949146610165e-02 4.664192346679944023e+01
4.888074625183481264e-02 4.656969653418342858e+01
4.897088894148668436e-02 4.649776922878871233e+01
4.906119786641769537e-02 4.642614088387342974e+01
4.915167333318810200e-02 4.635481125931850954e+01
4.924231564892356250e-02 4.628378017802814526e+01
4.933312512131605293e-02 4.621304746285427001e+01
4.942410205862500516e-02 4.614261280589041547e+01
4.951524676967829913e-02 4.607247543739998719e+01
4.960655956387334531e-02 4.600263448900082608e+01
4.969804075117816022e-02 4.593308909655947758e+01
4.978969064213233792e-02 4.586383840173216697e+01
4.988150954784816710e-02 4.579488156201855986e+01
4.997349778001163034e-02 4.572621774431256370e+01
5.006565565088360453e-02 4.565784611961576900e+01
5.015798347330071433e-02 4.558976587093886224e+01
5.025048156067653260e-02 4.552197644833507439e+01
5.034315022700261433e-02 4.545447762144275572e+01
5.043598978684953049e-02 4.538726917937681549e+01
5.052900055536802687e-02 4.532035091172971875e+01
5.062218284828997467e-02 4.525372232751427504e+01
5.071553698192950849e-02 4.518738153360077092e+01
5.080906327318408106e-02 4.512132620958978180e+01
5.090276203953554568e-02 4.505555404780372442e+01
5.099663359905128729e-02 4.499006276010149463e+01
5.109067827038518694e-02 4.492485070647006751e+01
5.118489637277878757e-02 4.485991740030119246e+01
5.127928822606235559e-02 4.479526247699669028e+01
5.137385415065594957e-02 4.473088557344547667e+01
5.146859446757059281e-02 4.466678630584330989e+01
5.156350949840922404e-02 4.460296369813924144e+01
5.165859956536789088e-02 4.453941613544419909e+01
5.175386499123680456e-02 4.447614197926694146e+01
5.184930609940142238e-02 4.441313959990478821e+01
5.194492321384365507e-02 4.435040736642130099e+01
5.204071665914278277e-02 4.428794341016799052e+01
5.213668676047670397e-02 4.422574561618437627e+01
5.223283384362296944e-02 4.416381186893283939e+01
5.232915823495988550e-02 4.410214006423790067e+01
5.242566026146772834e-02 4.404072811450987501e+01
5.252234025072968771e-02 4.397957433176532760e+01
5.261919853093308813e-02 4.391867768216300050e+01
5.271623543087045061e-02 4.385803719802934353e+01
5.281345127994070687e-02 4.379765191659565460e+01
5.291084640815017781e-02 4.373752087997212357e+01
5.300842114611377387e-02 4.367764284793011598e+01
5.310617582505611223e-02 4.361801511104793150e+01
5.320411077681259232e-02 4.355863450171155193e+01
5.330222633383067260e-02 4.349949786891741610e+01
5.340052282917077953e-02 4.344060207833964427e+01
5.349900059650758433e-02 4.338194402061449040e+01
5.359765997013110628e-02 4.332352131308631726e+01
5.369650128494780211e-02 4.326533282251815393e+01
5.379552487648183584e-02 4.320737754542673059e+01
5.389473108087603631e-02 4.314965448327498621e+01
5.399412023489313928e-02 4.309216264244282968e+01
5.409369267591693231e-02 4.303490100695140796e+01
5.419344874195335116e-02 4.297786750681378720e+01
5.429338877163174953e-02 4.292105870802004830e+01
5.439351310420586366e-02 4.286447110247633674e+01
5.449382207955509594e-02 4.280810120015001985e+01
5.459431603818563905e-02 4.275194552891210265e+01
5.469499532123157232e-02 4.269600063626564435e+01
5.479586027045618701e-02 4.264026341290895772e+01
5.489691122825291619e-02 4.258473145790222958e+01
5.499814853764667388e-02 4.252940247102115734e+01
5.509957254229493756e-02 4.247427416349712814e+01
5.520118358648891388e-02 4.241934425792602781e+01
5.530298201515480155e-02 4.236461048817896824e+01
5.540496817385482525e-02 4.231007056003205946e+01
5.550714240878849154e-02 4.225572179176194965e+01
5.560950506679370603e-02 4.220156128272507345e+01
5.571205649534809179e-02 4.214758614372851042e+01
5.581479704256998159e-02 4.209379349982299345e+01
5.591772705721970160e-02 4.204018049019186520e+01
5.602084688870075102e-02 4.198674426804232951e+01
5.612415688706094002e-02 4.193348195194210604e+01
5.622765740299370124e-02 4.188039034021687002e+01
5.633134878783910976e-02 4.182746610611859950e+01
5.643523139358519458e-02 4.177470593864179449e+01
5.653930557286907660e-02 4.172210654289997933e+01
5.664357167897818290e-02 4.166966464000852710e+01
5.674803006585152354e-02 4.161737696697021960e+01
5.685268108808073234e-02 4.156524027339181515e+01
5.695752510091139920e-02 4.151325125827631268e+01
5.706256246024421497e-02 4.146140657378582972e+01
5.716779352263618580e-02 4.140970288572627567e+01
5.727321864530193762e-02 4.135813687592303012e+01
5.737883818611477088e-02 4.130670524211681993e+01
5.748465250360796502e-02 4.125540469786334796e+01
5.759066195697599977e-02 4.120423197243459867e+01
5.769686690607571389e-02 4.115318377024753715e+01
5.780326771142766523e-02 4.110225645252814530e+01
5.790986473421717851e-02 4.105144621030116525e+01
5.801665833629567753e-02 4.100074925118844504e+01
5.812364888018185793e-02 4.095016180095725389e+01
5.823083672906302632e-02 4.089968010342289517e+01
5.833822224679619667e-02 4.084930042035425402e+01
5.844580579790938091e-02 4.079901903138345176e+01
5.855358774760285184e-02 4.074883223220690098e+01
5.866156846175032274e-02 4.069873627905271718e+01
5.876974830690031432e-02 4.064872737683385395e+01
5.887812765027723022e-02 4.059880174447163625e+01
5.898670685978271017e-02 4.054895561899326140e+01
5.909548630399685809e-02 4.049918525545901105e+01
5.920446635217945647e-02 4.044948692689225567e+01
5.931364737427134021e-02 4.039985692421358010e+01
5.942302974089547218e-02 4.035029155617804264e+01
5.953261382335833796e-02 4.030078713828363846e+01
5.964239999365115313e-02 4.025133973874329030e+01
5.975238862445110544e-02 4.020194517343833240e+01
5.986258008912273554e-02 4.015259926623672015e+01
5.997297476171903341e-02 4.010329786131575247e+01
6.008357301698283304e-02 4.005403682311423808e+01
6.019437523034801979e-02 4.000481203628869054e+01
6.030538177794082799e-02 3.995561940567432657e+01
6.041659303658118707e-02 3.990645485624955313e+01
6.052800938378385259e-02 3.985731433310539984e+01
6.063963119775980792e-02 3.980819377173963858e+01
6.075145885741748547e-02 3.975908893957032575e+01
6.086349274236407120e-02 3.970999555153652238e+01
6.097573323290686464e-02 3.966090934387592171e+01
6.108818071005443773e-02 3.961182607428582259e+01
6.120083555551799476e-02 3.956274152191709703e+01
6.131369815171266308e-02 3.951365148737247068e+01
6.142676888175887390e-02 3.946455179270965630e+01
6.154004812948348641e-02 3.941543828144844497e+01
6.165353627942123799e-02 3.936630681858260772e+01
6.176723371681597935e-02 3.931715328688196820e+01
6.188114082762198598e-02 3.926797344433325776e+01
6.199525799850537366e-02 3.921876288015217682e+01
6.210958561684522955e-02 3.916951719395387244e+01
6.222412407073504848e-02 3.912023200873174034e+01
6.233887374898402362e-02 3.907090297089882114e+01
6.245383504111833711e-02 3.902152575033451143e+01
6.256900833738260337e-02 3.897209604043549547e+01
6.268439402874098620e-02 3.892260955817199175e+01
6.279999250687871848e-02 3.887306204414846889e+01
6.291580416420330946e-02 3.882344926266872420e+01
6.303182939384589789e-02 3.877376700180491298e+01
6.314806858966270919e-02 3.872401102915681292e+01
6.326452214623620729e-02 3.867417697387453046e+01
6.338119045887655179e-02 3.862426045290019516e+01
6.349807392362288860e-02 3.857425710853650003e+01
6.361517293724468225e-02 3.852416260854474928e+01
6.373248789724321461e-02 3.847397264624785151e+01
6.385001920185268132e-02 3.842368294063801670e+01
6.396776725004175990e-02 3.837328923648960455e+01
6.408573244151481718e-02 3.832278730447585957e+01
6.420391517671333870e-02 3.827217294129093261e+01
6.432231585681737196e-02 3.822144196977592401e+01
6.444093488374666445e-02 3.817059023905002846e+01
6.455977266016224569e-02 3.811961361547992766e+01
6.467882958946762073e-02 3.806850786730483804e+01
6.479810607581036608e-02 3.801726870017897397e+01
6.491760252408321219e-02 3.796589184581679177e+01
6.503731933992565328e-02 3.791437306416126773e+01
6.515725692972521021e-02 3.786270814354915615e+01
6.527741570061880438e-02 3.781089290088125665e+01
6.539779606049427041e-02 3.775892318179666773e+01
6.551839841799154962e-02 3.770679486085142429e+01
6.563922318250420274e-02 3.765450384170222264e+01
6.576027076418076989e-02 3.760204605729330041e+01
6.588154157392611676e-02 3.754941747004833275e+01
6.600303602340298892e-02 3.749661407206606611e+01
6.612475452503317752e-02 3.744363188532090447e+01
6.624669749199908753e-02 3.739046696374925460e+01
6.636886533824505607e-02 3.733711539759859477e+01
6.649125847847880966e-02 3.728357330877552300e+01
6.661387732817287965e-02 3.722983684984679087e+01
6.673672230356594848e-02 3.717590220425789482e+01
6.685979382166429286e-02 3.712176558655532688e+01
6.698309230024324101e-02 3.706742324261172428e+01
6.710661815784847717e-02 3.701287144985499111e+01
6.723037181379766525e-02 3.695810651750082343e+01
6.735435368818167012e-02 3.690312478678811914e+01
6.747856420186605642e-02 3.684792263121794775e+01
6.760300377649251791e-02 3.679249645679528413e+01
6.772767283448032083e-02 3.673684270227424520e+01
6.785257179902780267e-02 3.668095783940582066e+01
6.797770109411362116e-02 3.662483837387476626e+01
6.810306114449837800e-02 3.656848090149264863e+01
6.822865237572592334e-02 3.651188214943636723e+01
6.835447521412499339e-02 3.645503888767635914e+01
6.848053008681041776e-02 3.639794791942076557e+01
6.860681742168471542e-02 3.634060608136810799e+01
6.873333764743952412e-02 3.628301024396164820e+01
6.886009119355700203e-02 3.622515731164581609e+01
6.898707849031145145e-02 3.616704422312503908e+01
6.911429996877052617e-02 3.610866795162355203e+01
6.924175606079689682e-02 3.605002550514785753e+01
6.936944719904961087e-02 3.599111392675009569e+01
6.949737381698559147e-02 3.593193029479358813e+01
6.962553634886121945e-02 3.587247172321954736e+01
6.975393522973355465e-02 3.581273536181539896e+01
6.988257089546205669e-02 3.575271839648419103e+01
7.001144378270993118e-02 3.569241805072574181e+01
7.014055432894562847e-02 3.563183173859701469e+01
7.026990297244443961e-02 3.557095721266023958e+01
7.039949015228980089e-02 3.550979229483703392e+01
7.052931630837491750e-02 3.544833484109278743e+01
7.065938188140422072e-02 3.538658274167101325e+01
7.078968731289479732e-02 3.532453392132766368e+01
7.092023304517808269e-02 3.526218633956554527e+01
7.105101952140112365e-02 3.519953799086865587e+01
7.118204718552821608e-02 3.513658690493631553e+01
7.131331648234237597e-02 3.507333114691703457e+01
7.144482785744685205e-02 3.500976881764226789e+01
7.157658175726673566e-02 3.494589805385952275e+01
7.170857862905027913e-02 3.488171702846528888e+01
7.184081892087054722e-02 3.481722395073714438e+01
7.197330308162690204e-02 3.475241706656565555e+01
7.210603156104662681e-02 3.468729465868500483e+01
7.223900480968624416e-02 3.462185504690347670e+01
7.237222327893322316e-02 3.455609672401028831e+01
7.250568742100745034e-02 3.449001878887401773e+01
7.263939768896271465e-02 3.442362052212804002e+01
7.277335453668840048e-02 3.435690123573085941e+01
7.290755841891084776e-02 3.428986027311010787e+01
7.304200979119497561e-02 3.422249700930576211e+01
7.317670910994585054e-02 3.415481085111126447e+01
7.331165683241017139e-02 3.408680123721320854e+01
7.344685341667796241e-02 3.401846763832850229e+01
7.358229932168391940e-02 3.394980955734015282e+01
7.371799500720910281e-02 3.388082652943101891e+01
7.385394093388250591e-02 3.381151812221514774e+01
7.399013756318251200e-02 3.374188393586739210e+01
7.412658535743867072e-02 3.367192360325059042e+01
7.426328477983297482e-02 3.360163679004098469e+01
7.440023629440167818e-02 3.353102319485091698e+01
7.453744036603673906e-02 3.346008254934954351e+01
7.467489746048742993e-02 3.338881461838124665e+01
7.481260804436203060e-02 3.331721926310103754e+01
7.495057258512918819e-02 3.324529711716740366e+01
7.508879155111965187e-02 3.317304932104292448e+01
7.522726541152788271e-02 3.310047704572605909e+01
7.536599463641352470e-02 3.302758148448602782e+01
7.550497969670318110e-02 3.295436385284003222e+01
7.564422106419183001e-02 3.288082538852863479e+01
7.578371921154450352e-02 3.280696735148855936e+01
7.592347461229786987e-02 3.273279102382370098e+01
7.606348774086199582e-02 3.265829770977358493e+01
7.620375907252166514e-02 3.258348873567992854e+01
7.634428908343823816e-02 3.250836544995087252e+01
7.648507825065113674e-02 3.243292922302282477e+01
7.662612705207950958e-02 3.235718144732049950e+01
7.676743596652395307e-02 3.228112353721412120e+01
7.690900547366788520e-02 3.220475692897520759e+01
7.705083605407943292e-02 3.212808308072911956e+01
7.719292818921288934e-02 3.205110347240627533e+01
7.733528236141042067e-02 3.197381960569051529e+01
7.747789905390380094e-02 3.189623304998104203e+01
7.762077875081581368e-02 3.181834626746071493e+01
7.776392193716208379e-02 3.174016251105673447e+01
7.790732909885268731e-02 3.166168506581750819e+01
7.805100072269371969e-02 3.158291722102249111e+01
7.819493729638912760e-02 3.150386226996160133e+01
7.833913930854215224e-02 3.142452350971471375e+01
7.848360724865710569e-02 3.134490424093182881e+01
7.862834160714103626e-02 3.126500776761334066e+01
7.877334287530531054e-02 3.118483739689115453e+01
7.891861154536745915e-02 3.110439643880995320e+01
7.906414811045260616e-02 3.102368820610929134e+01
7.920995306459531482e-02 3.094271601400586391e+01
7.935602690274121129e-02 3.086148317997657031e+01
7.950237012074863607e-02 3.077999302354205469e+01
7.964898321539044812e-02 3.069824886605072223e+01
7.979586668435555141e-02 3.061625403046353000e+01
7.994302102625064355e-02 3.053401184113943856e+01
8.009044674060192270e-02 3.045152562362101634e+01
8.023814432785687789e-02 3.036879870442132656e+01
8.038611428938578773e-02 3.028583469888193136e+01
8.053435712748353847e-02 3.020263860435493086e+01
8.068287334537134481e-02 3.011921581551564486e+01
8.083166344719835972e-02 3.003557170402050502e+01
8.098072793804360348e-02 2.995171161806437254e+01
8.113006732391739306e-02 2.986764088202795620e+01
8.127968211176325730e-02 2.978336479613219367e+01
8.142957280945956056e-02 2.969888863609900653e+01
8.157973992582125133e-02 2.961421765281897578e+01
8.173018397060172191e-02 2.952935707202563265e+01
8.188090545449427937e-02 2.944431209397619398e+01
8.203190488913408851e-02 2.935908789313922540e+01
8.218318278709980940e-02 2.927368961788883084e+01
8.233473966191533211e-02 2.918812239020531862e+01
8.248657602805167799e-02 2.910239130538233709e+01
8.263869240092851232e-02 2.901650143174104457e+01
8.279108929691604557e-02 2.893045781035011288e+01
8.294376723333671264e-02 2.884426545475283632e+01
8.309672672846694919e-02 2.875792935070032286e+01
8.324996830153907901e-02 2.867145445769936529e+01
8.340349247274282674e-02 2.858484630397845905e+01
8.355729976322727459e-02 2.849811183486115596e+01
8.371139069510256936e-02 2.841125815872752369e+01
8.386576579144165711e-02 2.832429232718323675e+01
8.402042557628221220e-02 2.823722133474954532e+01
8.417537057462819161e-02 2.815005211856836098e+01
8.433060131245179170e-02 2.806279155812257642e+01
8.448611831669508576e-02 2.797544647497206327e+01
8.464192211527206411e-02 2.788802363250402649e+01
8.479801323707010507e-02 2.780052973569893737e+01
8.495439221195201507e-02 2.771297143091082660e+01
8.511105957075769390e-02 2.762535530566203335e+01
8.526801584530595279e-02 2.753768788845269100e+01
8.542526156839648499e-02 2.744997564858409334e+01
8.558279727381139235e-02 2.736222499599639590e+01
8.574062349631721147e-02 2.727444228111995983e+01
8.589874077166662070e-02 2.718663379474068265e+01
8.605714963660031358e-02 2.709880576787857009e+01
8.621585062884888628e-02 2.701096437167989350e+01
8.637484428713447515e-02 2.692311576335799117e+01
8.653413115117271348e-02 2.683526709034654090e+01
8.669371176167457727e-02 2.674742647055038347e+01
8.685358666034813380e-02 2.665960197870958837e+01
8.701375638990052619e-02 2.657180160069073693e+01
8.717422149403963871e-02 2.648403323348602711e+01
8.733498251747606744e-02 2.639630468523576567e+01
8.749604000592488273e-02 2.630862367527325674e+01
8.765739450610753047e-02 2.622099783419212216e+01
8.781904656575380275e-02 2.613343470393535384e+01
8.798099673360343376e-02 2.604594173790631118e+01
8.814324555940818151e-02 2.595852630110030290e+01
8.830579359393353478e-02 2.587119567025720102e+01
8.846864138896083640e-02 2.578395703403439043e+01
8.863178949728883760e-02 2.569681749319959607e+01
8.879523847273576576e-02 2.560978406084331382e+01
8.895898887014119794e-02 2.552286366261048656e+01
8.912304124536782335e-02 2.543606313695085674e+01
8.928739615530356666e-02 2.534938923538768663e+01
8.945205415786319780e-02 2.526284862345942628e+01
8.961701581199039979e-02 2.517644830231373021e+01
8.978228167765962831e-02 2.509019632491244423e+01
8.994785231587794361e-02 2.500410082899708897e+01
9.011372828868713381e-02 2.491816984299076765e+01
9.027991015916533857e-02 2.483241128649370566e+01
9.044639849142911692e-02 2.474683297080385813e+01
9.061319385063532073e-02 2.466144259946251793e+01
9.078029680298303761e-02 2.457624776882428108e+01
9.094770791571556157e-02 2.449125596865067322e+01
9.111542775712219711e-02 2.440647458272670534e+01
9.128345689654024375e-02 2.432191088950017743e+01
9.145179590435696670e-02 2.423757206274272846e+01
9.162044535201144257e-02 2.415346517223231260e+01
9.178940581199669657e-02 2.406959718445653351e+01
9.195867785786138171e-02 2.398597496333624335e+01
9.212826206421188824e-02 2.390260527096864962e+01
9.229815900671425877e-02 2.381949476838986257e+01
9.246836926209607566e-02 2.373665001635572480e+01
9.263889340814868145e-02 2.365407747710456476e+01
9.280973202372873321e-02 2.357178378236156036e+01
9.298088568876049231e-02 2.348977609373835662e+01
9.315235498423755922e-02 2.340806155423271662e+01
9.332414049222517716e-02 2.332664719708015610e+01
9.349624279586181419e-02 2.324553994676791646e+01
9.366866247936136980e-02 2.316474662006857699e+01
9.384140012801513164e-02 2.308427392709390702e+01
9.401445632819367682e-02 2.300412847236765046e+01
9.418783166734909229e-02 2.292431675591653217e+01
9.436152673401666802e-02 2.284484517437943651e+01
9.453554211781703409e-02 2.276572002213385204e+01
9.470987840945820080e-02 2.268694749243865871e+01
9.488453620073747374e-02 2.260853367859350982e+01
9.505951608454364654e-02 2.253048457511345148e+01
9.523481865485872166e-02 2.245280607891877978e+01
9.541044450676018640e-02 2.237550399053917616e+01
9.558639423642285859e-02 2.229858401533218171e+01
9.576266844112098220e-02 2.222205176471466359e+01
9.593926771923039221e-02 2.214591275589741670e+01
9.611619267023024937e-02 2.207017239993862390e+01
9.629344389470530230e-02 2.199483600963604957e+01
9.647102199434784420e-02 2.191990880913591866e+01
9.664892757195973905e-02 2.184539593531556179e+01
9.682716123145462817e-02 2.177130243908095153e+01
9.700572357785970656e-02 2.169763328667431423e+01
9.718461521731797115e-02 2.162439336099143361e+01
9.736383675709024688e-02 2.155158746290808480e+01
9.754338880555714353e-02 2.147922031261556342e+01
9.772327197222138717e-02 2.140729655096439288e+01
9.790348686770954101e-02 2.133582074081637003e+01
9.808403410377430909e-02 2.126479736840435919e+01
9.826491429329649308e-02 2.119423084469914542e+01
9.844612805028728209e-02 2.112412550678378764e+01
9.862767598989002904e-02 2.105448561923433104e+01
9.880955872838256826e-02 2.098531537550730874e+01
9.899177688317918611e-02 2.091661889933293850e+01
9.917433107283274429e-02 2.084840015877819397e+01
9.935722191703696970e-02 2.078066233710298505e+01
9.954045003662820301e-02 2.071340820917683700e+01
9.972401605358774401e-02 2.064664049808655122e+01
9.990792059104393330e-02 2.058036187878572321e+01
1.000921642732741645e-01 2.051457497923937723e+01
1.002767477257073131e-01 2.044928238156915157e+01
1.004616715749252626e-01 2.038448662319983384e+01
1.006469364486656942e-01 2.032019019800576842e+01
1.008325429758239467e-01 2.025639555745847176e+01
1.010184917864547782e-01 2.019310511177450707e+01
1.012047835117752953e-01 2.013032123106365745e+01
1.013914187841662568e-01 2.006804624647773494e+01
1.015783982371748911e-01 2.000628245135917282e+01
1.017657225055167702e-01 1.994503210239021840e+01
1.019533922250777103e-01 1.988429742074217188e+01
1.021414080329165336e-01 1.982408059322456140e+01
1.023297705672665120e-01 1.976438375981477691e+01
1.025184804675382116e-01 1.970520822599237221e+01
1.027075383743213388e-01 1.964655404262843419e+01
1.028969449293866550e-01 1.958842114994099859e+01
1.030867007756888082e-01 1.953080948431600206e+01
1.032768065573677757e-01 1.947371897887957459e+01
1.034672629197516680e-01 1.941714956406740811e+01
1.036580705093587129e-01 1.936110116819266480e+01
1.038492299738990876e-01 1.930557371801168287e+01
1.040407419622778329e-01 1.925056713928782770e+01
1.042326071245962410e-01 1.919608135735345300e+01
1.044248261121548255e-01 1.914211629767007139e+01
1.046173995774551391e-01 1.908867188638681966e+01
1.048103281742017584e-01 1.903574805089747457e+01
1.050036125573051704e-01 1.898334472039551102e+01
1.051972533828832157e-01 1.893146182642805186e+01
1.053912513082639890e-01 1.888009930344804133e+01
1.055856069919878099e-01 1.882925705485781975e+01
1.057803210938091099e-01 1.877893375736966775e+01
1.059753942746994165e-01 1.872912656975241674e+01
1.061708271968487549e-01 1.867983258845409367e+01
1.063666205236686452e-01 1.863104894505132236e+01
1.065627749197940177e-01 1.858277280600391634e+01
1.067592910510851562e-01 1.853500137241288570e+01
1.069561695846306254e-01 1.848773187978143895e+01
1.071534111887491592e-01 1.844096159778002786e+01
1.073510165329916582e-01 1.839468783001422025e+01
1.075489862881442021e-01 1.834890791379631025e+01
1.077473211262294367e-01 1.830361921992001584e+01
1.079460217205096412e-01 1.825881915243856213e+01
1.081450887454886989e-01 1.821450514844609359e+01
1.083445228769140123e-01 1.817067467786243640e+01
1.085443247917796256e-01 1.812732524322071370e+01
1.087444951683275846e-01 1.808445437945867695e+01
1.089450346860510316e-01 1.804205914082640305e+01
1.091459440256962177e-01 1.800013447893454810e+01
1.093472238692644177e-01 1.795867484377570023e+01
1.095488749000150669e-01 1.791767474569319774e+01
1.097508978024671900e-01 1.787712875437579285e+01
1.099532932624024545e-01 1.783703149786643749e+01
1.101560619668672525e-01 1.779737766158825352e+01
1.103592046041746016e-01 1.775816198738585072e+01
1.105627218639073372e-01 1.771937927258270307e+01
1.107666144369194999e-01 1.768102436905413199e+01
1.109708830153395415e-01 1.764309218231517917e+01
1.111755282925722677e-01 1.760557767062371681e+01
1.113805509633008506e-01 1.756847584409824137e+01
1.115859517234900483e-01 1.753178176384983189e+01
1.117917312703875926e-01 1.749549054112874202e+01
1.119978903025273947e-01 1.745959733647415746e+01
1.122044295197315300e-01 1.742409680343417833e+01
1.124113496231123194e-01 1.738898160404162851e+01
1.126186513150754798e-01 1.735424399798035822e+01
1.128263352993215951e-01 1.731987631485768730e+01
1.130344022808493221e-01 1.728587095279180375e+01
1.132428529659574301e-01 1.725222037703314726e+01
1.134516880622468277e-01 1.721891711861902508e+01
1.136609082786238512e-01 1.718595377306084515e+01
1.138705143253016389e-01 1.715332299906378566e+01
1.140805069138034339e-01 1.712101751727789178e+01
1.142908867569645964e-01 1.708903010908072417e+01
1.145016545689347548e-01 1.705735361539053585e+01
1.147128110651809418e-01 1.702598093550978575e+01
1.149243569624891492e-01 1.699490502599867270e+01
1.151362929789676026e-01 1.696411889957768793e+01
1.153486198340487878e-01 1.693361556547992564e+01
1.155613382484915463e-01 1.690338685023840881e+01
1.157744489443844338e-01 1.687342346458815712e+01
1.159879526451470938e-01 1.684371614170898113e+01
1.162018500755336442e-01 1.681425568312436880e+01
1.164161419616347448e-01 1.678503295742692103e+01
1.166308290308797069e-01 1.675603889905347188e+01
1.168459120120397959e-01 1.672726450710953117e+01
1.170613916352297307e-01 1.669870084424227130e+01
1.172772686319110552e-01 1.667033903556133367e+01
1.174935437348941930e-01 1.664217026760738349e+01
1.177102176783406534e-01 1.661418578736703822e+01
1.179272911977661403e-01 1.658637690133431519e+01
1.181447650300427865e-01 1.655873497461747945e+01
1.183626399134012630e-01 1.653125143009139464e+01
1.185809165874340959e-01 1.650391772469496487e+01
1.187995957930972346e-01 1.647672464542330317e+01
1.190186782727134240e-01 1.644966218209965447e+01
1.192381647699743696e-01 1.642272034037373629e+01
1.194580560299428607e-01 1.639588919078024531e+01
1.196783527990561563e-01 1.636915886805879694e+01
1.198990558251275818e-01 1.634251957053376003e+01
1.201201658573499004e-01 1.631596155955270433e+01
1.203416836462974648e-01 1.628947515898346055e+01
1.205636099439284376e-01 1.626305075476864559e+01
1.207859455035881907e-01 1.623667879453712715e+01
1.210086910800108606e-01 1.621034978727207942e+01
1.212318474293227755e-01 1.618405430303454295e+01
1.214554153090446897e-01 1.615778297274221487e+01
1.216793954780939352e-01 1.613152648800284084e+01
1.219037886967879042e-01 1.610527555716677028e+01
1.221285957268456041e-01 1.607902057942806096e+01
1.223538173313911404e-01 1.605275183154894947e+01
1.225794542749558957e-01 1.602645965337185174e+01
1.228055073234808059e-01 1.600013444934152318e+01
1.230319772443198151e-01 1.597376668867381433e+01
1.232588648062414305e-01 1.594734690558169987e+01
1.234861707794322749e-01 1.592086569955743514e+01
1.237138959354992934e-01 1.589431373571039430e+01
1.239420410474720013e-01 1.586768174515990459e+01
1.241706068898060095e-01 1.584096052548202316e+01
1.243995942383845643e-01 1.581414094121010194e+01
1.246290038705222120e-01 1.578721392438781557e+01
1.248588365649668797e-01 1.576017047517430392e+01
1.250890931019023045e-01 1.573300167101350944e+01
1.253197742629514611e-01 1.570569888846202744e+01
1.255508808311782132e-01 1.567825382270504164e+01
1.257824135910909358e-01 1.565065824914371184e+01
1.260143733286447076e-01 1.562290401148436914e+01
1.262467608312436429e-01 1.559498302258211488e+01
1.264795768877444437e-01 1.556688726532554057e+01
1.267128222884580380e-01 1.553860879356230029e+01
1.269464978251532150e-01 1.551013973306418769e+01
1.271806042910588741e-01 1.548147228253128738e+01
1.274151424808663280e-01 1.545259871463449208e+01
1.276501131907329945e-01 1.542351137709506759e+01
1.278855172182838951e-01 1.539420269380114625e+01
1.281213553626154300e-01 1.536466516595956833e+01
1.283576284242976540e-01 1.533489141263971156e+01
1.285943372053765521e-01 1.530487488429627341e+01
1.288314825093777316e-01 1.527460978112017465e+01
1.290690651413080592e-01 1.524409039778663910e+01
1.293070859076594081e-01 1.521331110031467126e+01
1.295455456164108510e-01 1.518226632714329938e+01
1.297844450770311020e-01 1.515095059022526769e+01
1.300237851004822365e-01 1.511935847613713513e+01
1.302635664992212172e-01 1.508748464720588167e+01
1.305037900872038081e-01 1.505532384265006307e+01
1.307444566798867391e-01 1.502287087973613211e+01
1.309855670942301209e-01 1.499012065494816248e+01
1.312271221487011641e-01 1.495706814517043348e+01
1.314691226632763166e-01 1.492370840888254691e+01
1.317115694594438724e-01 1.489003694292381752e+01
1.319544633602075245e-01 1.485605091399006206e+01
1.321978051900882245e-01 1.482174799976703383e+01
1.324415957751277906e-01 1.478712594187151019e+01
1.326858359428914336e-01 1.475218254654440386e+01
1.329305265224700328e-01 1.471691568536209793e+01
1.331756683444840217e-01 1.468132329594402563e+01
1.334212622410850535e-01 1.464540338265663522e+01
1.336673090459597757e-01 1.460915401731267771e+01
1.339138095943322726e-01 1.457257333986576953e+01
1.341607647229664801e-01 1.453565955909975571e+01
1.344081752701700161e-01 1.449841095331213836e+01
1.346560420757958731e-01 1.446082587099167327e+01
1.349043659812462492e-01 1.442290291210037800e+01
1.351531478294750177e-01 1.438464251107037484e+01
1.354023884649901976e-01 1.434604615052785626e+01
1.356520887338576453e-01 1.430711536508127146e+01
1.359022494837030248e-01 1.426785172980943805e+01
1.361528715637155273e-01 1.422825686019857017e+01
1.364039558246503137e-01 1.418833241207159013e+01
1.366555031188310676e-01 1.414808008150932217e+01
1.369075143001538819e-01 1.410750160476368720e+01
1.371599902240888680e-01 1.406659875816300698e+01
1.374129317476842915e-01 1.402537335800886176e+01
1.376663397295688762e-01 1.398382726046530067e+01
1.379202150299543017e-01 1.394196236143959489e+01
1.381745585106392005e-01 1.389978086079433339e+01
1.384293710350109619e-01 1.385728705042110676e+01
1.386846534680495346e-01 1.381448619535669486e+01
1.389404066763300361e-01 1.377138356415097853e+01
1.391966315280252220e-01 1.372798442237837335e+01
1.394533288929094283e-01 1.368429403177515624e+01
1.397104996423604861e-01 1.364031764938653168e+01
1.399681446493634684e-01 1.359606052672307186e+01
1.402262647885134939e-01 1.355152790892692316e+01
1.404848609360179745e-01 1.350672503394806512e+01
1.407439339697008351e-01 1.346165713173010658e+01
1.410034847690042337e-01 1.341632942340650736e+01
1.412635142149925860e-01 1.337074712248111297e+01
1.415240231903550638e-01 1.332491627640646215e+01
1.417850125794082317e-01 1.327884505874229681e+01
1.420464832681000156e-01 1.323254192624669123e+01
1.423084361440115908e-01 1.318601527591793143e+01
1.425708720963614062e-01 1.313927344371549211e+01
1.428337920160076824e-01 1.309232470332522524e+01
1.430971967954511315e-01 1.304517726496859709e+01
1.433610873288388987e-01 1.299783927425498753e+01
1.436254645119665052e-01 1.295031881107779448e+01
1.438903292422818447e-01 1.290262388855296827e+01
1.441556824188878483e-01 1.285476245200037759e+01
1.444215249425450653e-01 1.280674237796733017e+01
1.446878577156757717e-01 1.275857174170270092e+01
1.449546816423658291e-01 1.271026046688647959e+01
1.452219976283687930e-01 1.266181921071383165e+01
1.454898065811085772e-01 1.261325851515312735e+01
1.457581094096820074e-01 1.256458880233830300e+01
1.460269070248629286e-01 1.251582037362262945e+01
1.462962003391047316e-01 1.246696340871316089e+01
1.465659902665430447e-01 1.241802796488459926e+01
1.468362777229998695e-01 1.236902397627079075e+01
1.471070636259855235e-01 1.231996125323326119e+01
1.473783488947028597e-01 1.227084948180472956e+01
1.476501344500497082e-01 1.222169822320679877e+01
1.479224212146218742e-01 1.217251708005944622e+01
1.481952101127170240e-01 1.212331702455468729e+01
1.484685020703368219e-01 1.207410966731047175e+01
1.487422980151910656e-01 1.202490646023820453e+01
1.490165988767003236e-01 1.197571868909440873e+01
1.492914055859987099e-01 1.192655747349079398e+01
1.495667190759381038e-01 1.187743376700731623e+01
1.498425402810900364e-01 1.182835835740670127e+01
1.501188701377500212e-01 1.177934186694697161e+01
1.503957095839401903e-01 1.173039475279022170e+01
1.506730595594120981e-01 1.168152730750518309e+01
1.509509210056508843e-01 1.163274965966048669e+01
1.512292948658773284e-01 1.158407198822233930e+01
1.515081820850521233e-01 1.153550534953062900e+01
1.517875836098785403e-01 1.148706093511204074e+01
1.520675003888052879e-01 1.143874974951513046e+01
1.523479333720307305e-01 1.139058261144704964e+01
1.526288835115049147e-01 1.134257015509653499e+01
1.529103517609338991e-01 1.129472283155712020e+01
1.531923390757824466e-01 1.124705091034805804e+01
1.534748464132769108e-01 1.119956448102969659e+01
1.537578747324095385e-01 1.115227345491023492e+01
1.540414249939403846e-01 1.110518756684127517e+01
1.543254981604018361e-01 1.105831638067846434e+01
1.546100951961012493e-01 1.101166944723201446e+01
1.548952170671238637e-01 1.096525636349863575e+01
1.551808647413371323e-01 1.091908656760539742e+01
1.554670391883927194e-01 1.087316932483666854e+01
1.557537413797309978e-01 1.082751373000066408e+01
1.560409722885837402e-01 1.078212870987184679e+01
1.563287328899770623e-01 1.073702302570617562e+01
1.566170241607357794e-01 1.069220527582637459e+01
1.569058470794854332e-01 1.064768389827499462e+01
1.571952026266568436e-01 1.060346717353237977e+01
1.574850917844888010e-01 1.055956322726856733e+01
1.577755155370310081e-01 1.051597989011909995e+01
1.580664748701485767e-01 1.047272437267455736e+01
1.583579707715239981e-01 1.042980365175182378e+01
1.586500042306616676e-01 1.038722457255142650e+01
1.589425762388907704e-01 1.034499385147366901e+01
1.592356877893681688e-01 1.030311807897482623e+01
1.595293398770828708e-01 1.026160372246184416e+01
1.598235334988581113e-01 1.022045712922410843e+01
1.601182696533559047e-01 1.017968452940050561e+01
1.604135493410799862e-01 1.013929203898076281e+01
1.607093735643785604e-01 1.009928566283935325e+01
1.610057433274490468e-01 1.005967097592970383e+01
1.613026596363400234e-01 1.002045208574953783e+01
1.616001234989558888e-01 9.981632660923180467e+00
1.618981359250597218e-01 9.943216302378123927e+00
1.621966979262762509e-01 9.905206545677678776e+00
1.624958105160962951e-01 9.867606863358055591e+00
1.627954747098796784e-01 9.830420667273353175e+00
1.630956915248581718e-01 9.793651310947829813e+00
1.633964619801401286e-01 9.757302091935182276e+00
1.636977870967126492e-01 9.721376254184711740e+00
1.639996678974461053e-01 9.685876989619027100e+00
1.643021054070972486e-01 9.650806752077658146e+00
1.646051006523120419e-01 9.616166015819274548e+00
1.649086546616304605e-01 9.581954908263956128e+00
1.652127684654885464e-01 9.548173556002574003e+00
1.655174430962230991e-01 9.514822085848347655e+00
1.658226795880747007e-01 9.481900625885664624e+00
1.661284789771907133e-01 9.449409306515757834e+00
1.664348423016299428e-01 9.417348261499590478e+00
1.667417706013648582e-01 9.385717628998410333e+00
1.670492649182863110e-01 9.354517552611850917e+00
1.673573262962064767e-01 9.323748122944602201e+00
1.676659557808620193e-01 9.293407847384898446e+00
1.679751544199187263e-01 9.263493539042158886e+00
1.682849232629737291e-01 9.234001976621295071e+00
1.685952633615602769e-01 9.204929991401151312e+00
1.689061757691508459e-01 9.176274466690651721e+00
1.692176615411600527e-01 9.148032337294946359e+00
1.695297217349495678e-01 9.120200588991297153e+00
1.698423574098303357e-01 9.092776258015002000e+00
1.701555696270672657e-01 9.065756430554738898e+00
1.704693594498823961e-01 9.039138242248814237e+00
1.707837279434579747e-01 9.012918219211718096e+00
1.710986761749413165e-01 8.987090501679643850e+00
1.714142052134469685e-01 8.961648746883287942e+00
1.717303161300615666e-01 8.936586699536274381e+00
1.720470099978470557e-01 8.911898189851276797e+00
1.723642878918436594e-01 8.887577131600078673e+00
1.726821508890748480e-01 8.863617520216269696e+00
1.730006000685495315e-01 8.840013430939992034e+00
1.733196365112670279e-01 8.816759017003528598e+00
1.736392613002201712e-01 8.793848507856870000e+00
1.739594755203984211e-01 8.771275964585498741e+00
1.742802802587928024e-01 8.749033598982657978e+00
1.746016766043982094e-01 8.727112799833815160e+00
1.749236656482183461e-01 8.705505049732810363e+00
1.752462484832688072e-01 8.684201928108619128e+00
1.755694262045804088e-01 8.663195108643703790e+00
1.758931999092039900e-01 8.642476356773483914e+00
1.762175706962127997e-01 8.622037527265673518e+00
1.765425396667074931e-01 8.601870561877374755e+00
1.768681079238192955e-01 8.581967487088908442e+00
1.771942765727131663e-01 8.562320197570643998e+00
1.775210467205929621e-01 8.542918616292498157e+00
1.778484194767035731e-01 8.523751622201499956e+00
1.781763959523360030e-01 8.504808188138156311e+00
1.785049772608306995e-01 8.486077390556465261e+00
1.788341645175806627e-01 8.467548406909278569e+00
1.791639588400364136e-01 8.449210513172678461e+00
1.794943613477091859e-01 8.431053081507247526e+00
1.798253731621742013e-01 8.413065578053970484e+00
1.801569954070757207e-01 8.395237560862405246e+00
1.804892292081294314e-01 8.377558916598410121e+00
1.808220756931275819e-01 8.360021134939309206e+00
1.811555359919421737e-01 8.342616371325714653e+00
1.814896112365283476e-01 8.325336848238022114e+00
1.818243025609293795e-01 8.308174852644487629e+00
1.821596111012792063e-01 8.291122734930862492e+00
1.824955379958075052e-01 8.274172907900684493e+00
1.828320843848429134e-01 8.257317845845426163e+00
1.831692514108165526e-01 8.240550083683364946e+00
1.835070402182670257e-01 8.223862213263807064e+00
1.838454519538428311e-01 8.207245581739943674e+00
1.841844877663076918e-01 8.190688255907231152e+00
1.845241488065437196e-01 8.174177867397114383e+00
1.848644362275549125e-01 8.157702146655283926e+00
1.852053511844722888e-01 8.141248922334074933e+00
1.855468948345563307e-01 8.124806120867678061e+00
1.858890683372022290e-01 8.108361766227348610e+00
1.862318728539432422e-01 8.091903979854340179e+00
1.865753095484541380e-01 8.075420980767908929e+00
1.869193795865563279e-01 8.058901110588825745e+00
1.872640841362205044e-01 8.042333147712186658e+00
1.876094243675717199e-01 8.025706211747866803e+00
1.879554014528929673e-01 8.009009522431718153e+00
1.883020165666284829e-01 7.992232394961798825e+00
1.886492708853891032e-01 7.975364241018954026e+00
1.889971655879547352e-01 7.958394569928267437e+00
1.893457018552797133e-01 7.941312989958544399e+00
1.896948808704961853e-01 7.924109209757618011e+00
1.900447038189175542e-01 7.906773048267790038e+00
1.903951718880438904e-01 7.889295347402274672e+00
1.907462862675644300e-01 7.871668782325571989e+00
1.910980481493629035e-01 7.853886304268815621e+00
1.914504587275210890e-01 7.835940947451000227e+00
1.918035191983221144e-01 7.817825830597856296e+00
1.921572307602561203e-01 7.799534158518516946e+00
1.925115946140225631e-01 7.781059223738703068e+00
1.928666119625357944e-01 7.762394408188226791e+00
1.932222840109284467e-01 7.743533185000734953e+00
1.935786119665550420e-01 7.724469531533832978e+00
1.939355970389973760e-01 7.705198906596722352e+00
1.942932404400670721e-01 7.685717141056498392e+00
1.946515433838111875e-01 7.666020142563199968e+00
1.950105070865155166e-01 7.646103896902935126e+00
1.953701327667083376e-01 7.625964469365464460e+00
1.957304216451658530e-01 7.605598006124825616e+00
1.960913749449146870e-01 7.585000735632113411e+00
1.964529938912375484e-01 7.564168970018879889e+00
1.968152797116766994e-01 7.543099674656009057e+00
1.971782336360375643e-01 7.521792129460016518e+00
1.975418568963943078e-01 7.500246219295395811e+00
1.979061507270923892e-01 7.478461878898765569e+00
1.982711163647541408e-01 7.456439093216399527e+00
1.986367550482824873e-01 7.434177897730784856e+00
1.990030680188643319e-01 7.411678378776140441e+00
1.993700565199761909e-01 7.388940673842262719e+00
1.997377217973876906e-01 7.365964972494376539e+00
2.001060650991651757e-01 7.342752292099415712e+00
2.004750876756774824e-01 7.319305973987567882e+00
2.008447907795984366e-01 7.295629789358176964e+00
2.012151756659125712e-01 7.271727515766351679e+00
2.015862435919187901e-01 7.247602936274477159e+00
2.019579958172340040e-01 7.223259838610899486e+00
2.023304336037988760e-01 7.198702014335752075e+00
2.027035582158803750e-01 7.173933258014485226e+00
2.030773709200776600e-01 7.148957390188970251e+00
2.034518729853255770e-01 7.123779551784320319e+00
2.038270656828985172e-01 7.098406845916959362e+00
2.042029502864159962e-01 7.072846490754052695e+00
2.045795280718455678e-01 7.047105652176199442e+00
2.049568003175083197e-01 7.021191442148579043e+00
2.053347683040828708e-01 6.995110917153811059e+00
2.057134333146088678e-01 6.968871076686152577e+00
2.060927966344928974e-01 6.942478861806319124e+00
2.064728595515112064e-01 6.915941314963131248e+00
2.068536233558155024e-01 6.889266938214910319e+00
2.072350893399366734e-01 6.862464982628988075e+00
2.076172587987886176e-01 6.835544604751246034e+00
2.080001330296740447e-01 6.808514856161925977e+00
2.083837133322872237e-01 6.781384682043439582e+00
2.087680010087198945e-01 6.754162919860587699e+00
2.091529973634649597e-01 6.726858298151659810e+00
2.095387037034204814e-01 6.699479440000887465e+00
2.099251213378952874e-01 6.672035468574802231e+00
2.103122515786120805e-01 6.644536600772337209e+00
2.107000957397130447e-01 6.616993054350165160e+00
2.110886551377638976e-01 6.589414900837105016e+00
2.114779310917576371e-01 6.561812064897294405e+00
2.118679249231205375e-01 6.534194323842272389e+00
2.122586379557148129e-01 6.506571307288819384e+00
2.126500715158447796e-01 6.478952496958718221e+00
2.130422269322606588e-01 6.451347313297739916e+00
2.134351055361623228e-01 6.423765515144697957e+00
2.138287086612055410e-01 6.396216874245948425e+00
2.142230376435045602e-01 6.368711002450092806e+00
2.146180938216382950e-01 6.341257352047620088e+00
2.150138785366541572e-01 6.313865216439947581e+00
2.154103931320720255e-01 6.286543730946362984e+00
2.158076389538902407e-01 6.259301873744774092e+00
2.162056173505884638e-01 6.232148482680449852e+00
2.166043296731338386e-01 6.205092428337795951e+00
2.170037772749848493e-01 6.178142547666213069e+00
2.174039615120952618e-01 6.151307522031482122e+00
2.178048837429202855e-01 6.124595876621489410e+00
2.182065453284194601e-01 6.098015982185766681e+00
2.186089476320627334e-01 6.071576056890345185e+00
2.190120920198345422e-01 6.045284168284438486e+00
2.194159798602376699e-01 6.019148214249684159e+00
2.198206125242994635e-01 5.993175565817607797e+00
2.202259913855747764e-01 5.967373127113412501e+00
2.206321178201521849e-01 5.941747662074139846e+00
2.210389932066579022e-01 5.916305807816315543e+00
2.214466189262598306e-01 5.891054076944983287e+00
2.218549963626736954e-01 5.865998859933313270e+00
2.222641269021669030e-01 5.841146427570423683e+00
2.226740119335626489e-01 5.816502904730844747e+00
2.230846528482462454e-01 5.792073814801857345e+00
2.234960510401679812e-01 5.767864171635112669e+00
2.239082079058494490e-01 5.743878882530148111e+00
2.243211248443876260e-01 5.720122763286054735e+00
2.247348032574589538e-01 5.696600540613648178e+00
2.251492445493256112e-01 5.673316854583857705e+00
2.255644501268385949e-01 5.650276261111264020e+00
2.259804213994439093e-01 5.627483126975635130e+00
2.263971597791868406e-01 5.604940630568346904e+00
2.268146666807159539e-01 5.582651237676674150e+00
2.272329435212895876e-01 5.560617360780010898e+00
2.276519917207786847e-01 5.538841369480747900e+00
2.280718127016733987e-01 5.517325592265138745e+00
2.284924078890871180e-01 5.496072318270880608e+00
2.289137787107606292e-01 5.475083799061165379e+00
2.293359265970685568e-01 5.454361979242061231e+00
2.297588529810224989e-01 5.433907484663218490e+00
2.301825592982773283e-01 5.413720549547667460e+00
2.306070469871354944e-01 5.393801405569633722e+00
2.310323174885511865e-01 5.374150282748921370e+00
2.314583722461368009e-01 5.354767410277204043e+00
2.318852127061660218e-01 5.335653017342443682e+00
2.323128403175803991e-01 5.316807321761171323e+00
2.327412565319935123e-01 5.298229552149888555e+00
2.331704628036951610e-01 5.279917249903148146e+00
2.336004605896580544e-01 5.261867828135801339e+00
2.340312513495407809e-01 5.244078741621853723e+00
2.344628365456944141e-01 5.226547486183184432e+00
2.348952176431668981e-01 5.209271598089519451e+00
2.353283961097071275e-01 5.192248653469426323e+00
2.357623734157716644e-01 5.175476070336070045e+00
2.361971510345279024e-01 5.158949606408348210e+00
2.366327304418606448e-01 5.142664212780029942e+00
2.370691131163764065e-01 5.126614905000105971e+00
2.375063005394077442e-01 5.110796768387801059e+00
2.379442941950199453e-01 5.095204956285436459e+00
2.383830955700141918e-01 5.079834688357734329e+00
2.388227061539341944e-01 5.064681235177735275e+00
2.392631274390706053e-01 5.049738978023476044e+00
2.397043609204653758e-01 5.035000819409355621e+00
2.401464080959183900e-01 5.020459607831869953e+00
2.405892704659908232e-01 5.006108279745117962e+00
2.410329495340117201e-01 4.991939857159955807e+00
2.414774468060825185e-01 4.977947445341246002e+00
2.419227637910813800e-01 4.964124230601007604e+00
2.423689020006699890e-01 4.950463161854552041e+00
2.428158629492967735e-01 4.936955912416458148e+00
2.432636481542037599e-01 4.923593885360370237e+00
2.437122591354309586e-01 4.910368578362236391e+00
2.441616974158207776e-01 4.897271581433269461e+00
2.446119645210249882e-01 4.884294574793072385e+00
2.450630619795078347e-01 4.871429326885081679e+00
2.455149913225530001e-01 4.858667630866315257e+00
2.459677540842681309e-01 4.846000804578160626e+00
2.464213518015891669e-01 4.833419956432893017e+00
2.468757860142870852e-01 4.820916283131738922e+00
2.473310582649724532e-01 4.808481071074056423e+00
2.477871700990998960e-01 4.796105695081945619e+00
2.482441230649750363e-01 4.783781617280587817e+00
2.487019187137577136e-01 4.771500383370599785e+00
2.491605585994692007e-01 4.759253582012104467e+00
2.496200442789965057e-01 4.747032853762876314e+00
2.500803773120969797e-01 4.734829923417093411e+00
2.505415592614054221e-01 4.722636600533102857e+00
2.510035916924374111e-01 4.710444779194809861e+00
2.514664761735960763e-01 4.698246437913233819e+00
2.519302142761771779e-01 4.686033664917727215e+00
2.523948075743731589e-01 4.673799116142164145e+00
2.528602576452806394e-01 4.661535961347039958e+00
2.533265660689035248e-01 4.649237461193431287e+00
2.537937344281603336e-01 4.636896952068476629e+00
2.542617643088885826e-01 4.624507846647951226e+00
2.547306572998495611e-01 4.612063634552790781e+00
2.552004149927354915e-01 4.599557930813609197e+00
2.556710389821728047e-01 4.586985203876354333e+00
2.561425308657295230e-01 4.574340621905227167e+00
2.566148922439197011e-01 4.561619435543272871e+00
2.570881247202081998e-01 4.548816960290317013e+00
2.575622299010179583e-01 4.535928577364797043e+00
2.580372093957333246e-01 4.522949734611223960e+00
2.585130648167072720e-01 4.509876055752405577e+00
2.589897977792662842e-01 4.496704324606192849e+00
2.594674099017149071e-01 4.483432013341832167e+00
2.599459028053430765e-01 4.470056650561379463e+00
2.604252781144295592e-01 4.456575814080482978e+00
2.609055374562493368e-01 4.442987131594822614e+00
2.613866824610782680e-01 4.429288281355701073e+00
2.618687147621978628e-01 4.415477236786220061e+00
2.623516359959027211e-01 4.401553263121812165e+00
2.628354478015038631e-01 4.387516054071349814e+00
2.633201518213363346e-01 4.373365332356898172e+00
2.638057497007637586e-01 4.359100849746187833e+00
2.642922430881832763e-01 4.344722387250602225e+00
2.647796336350329849e-01 4.330229758493301162e+00
2.652679229957952689e-01 4.315623363521659428e+00
2.657571128280045714e-01 4.300904811057058907e+00
2.662472047922519458e-01 4.286075867953898388e+00
2.667382005521899968e-01 4.271138304489506154e+00
2.672301017745404850e-01 4.256093894044571613e+00
2.677229101290977131e-01 4.240944412785455420e+00
2.682166272887360203e-01 4.225691715335130105e+00
2.687112549294148889e-01 4.210338818969075803e+00
2.692067947301836073e-01 4.194889630430353122e+00
2.697032483731889863e-01 4.179348050200104581e+00
2.702006175436788005e-01 4.163717947280348497e+00
2.706989039300095601e-01 4.148003158449163230e+00
2.711981092236512292e-01 4.132207487586184946e+00
2.716982351191923328e-01 4.116335030942108730e+00
2.721992833143474511e-01 4.100390957357713084e+00
2.727012555099609936e-01 4.084380615167427564e+00
2.732041534100146385e-01 4.068309290791077615e+00
2.737079787216325499e-01 4.052182207947487846e+00
2.742127331550862634e-01 4.036004526932550185e+00
2.747184184238020133e-01 4.019781415783095113e+00
2.752250362443657838e-01 4.003519098998751247e+00
2.757325883365285280e-01 3.987224604125016114e+00
2.762410764232136051e-01 3.970904883324243073e+00
2.767505022305206119e-01 3.954566788095330132e+00
2.772608674877331536e-01 3.938217068877736704e+00
2.777721739273238399e-01 3.921862375934697109e+00
2.782844232849594479e-01 3.905509502533391242e+00
2.787976172995085267e-01 3.889165678995704312e+00
2.793117577130452833e-01 3.872838093948838267e+00
2.798268462708574100e-01 3.856533820257384004e+00
2.803428847214511910e-01 3.840259815359133189e+00
2.808598748165563874e-01 3.824022921727831203e+00
2.813778183111344533e-01 3.807829939685153597e+00
2.818967169633820324e-01 3.791687959542559216e+00
2.824165725347390632e-01 3.775604091646322047e+00
2.829373867898937189e-01 3.759585324182050936e+00
2.834591614967875706e-01 3.743638524194326411e+00
2.839818984266239132e-01 3.727770438883500237e+00
2.845055993538709860e-01 3.711987668482384262e+00
2.850302660562702983e-01 3.696296340403007807e+00
2.855559003148418484e-01 3.680702231411240088e+00
2.860825039138891746e-01 3.665211010626074906e+00
2.866100786410074042e-01 3.649828245913314895e+00
2.871386262870871398e-01 3.634559405650215069e+00
2.876681486463224524e-01 3.619409841483715251e+00
2.881986475162162109e-01 3.604384319244684942e+00
2.887301246975851887e-01 3.589486999687870217e+00
2.892625819945682797e-01 3.574721943597238827e+00
2.897960212146302728e-01 3.560093139055417577e+00
2.903304441685701787e-01 3.545604503223732440e+00
2.908658526705261149e-01 3.531259865343901794e+00
2.914022485379810790e-01 3.517062141621093208e+00
2.919396335917708307e-01 3.503013029105716658e+00
2.924780096560877785e-01 3.489114107929070840e+00
2.930173785584892499e-01 3.475366929204801281e+00
2.935577421299029877e-01 3.461773016066636899e+00
2.940991022046322012e-01 3.448333852380361275e+00
2.946414606203640041e-01 3.435050207104162645e+00
2.951848192181732999e-01 3.421921797386993536e+00
2.957291798425310536e-01 3.408948256816055622e+00
2.962745443413096202e-01 3.396129222877974474e+00
2.968209145657883519e-01 3.383464337177622738e+00
2.973682923706615910e-01 3.370953227631438676e+00
2.979166796140430007e-01 3.358594720377143794e+00
2.984660781574735577e-01 3.346386547092201624e+00
2.990164898659273263e-01 3.334326390921483529e+00
2.995679166078166755e-01 3.322411968131810500e+00
3.001203602550007732e-01 3.310641027445175411e+00
3.006738226827895266e-01 3.299011326613451978e+00
3.012283057699521316e-01 3.287520065432533389e+00
3.017838113987224569e-01 3.276163855301091665e+00
3.023403414548045398e-01 3.264939323826128614e+00
3.028978978273808020e-01 3.253843144669473553e+00
3.034564824091176560e-01 3.242872036482144615e+00
3.040160970961708342e-01 3.232022706865178563e+00
3.045767437881941042e-01 3.221291195040558275e+00
3.051384243883432656e-01 3.210673096380586511e+00
3.057011408032846433e-01 3.200164053505701656e+00
3.062648949432008050e-01 3.189759765218445509e+00
3.068296887217958346e-01 3.179455985236931514e+00
3.073955240563044367e-01 3.169248438445367189e+00
3.079624028674955438e-01 3.159132401145070546e+00
3.085303270796812547e-01 3.149103019658442193e+00
3.090992986207222737e-01 3.139155500003738553e+00
3.096693194220337397e-01 3.129285107066639871e+00
3.102403914185936640e-01 3.119487163219284209e+00
3.108125165489473152e-01 3.109756915942467170e+00
3.113856967552157129e-01 3.100089328462957816e+00
3.119599339831015672e-01 3.090479369979040047e+00
3.125352301818946632e-01 3.080922070152696701e+00
3.131115873044807985e-01 3.071412518264319935e+00
3.136890073073459462e-01 3.061945854753074681e+00
3.142674921505850261e-01 3.052517093295146200e+00
3.148470437979076775e-01 3.043121118132340541e+00
3.154276642166438105e-01 3.033752866601327813e+00
3.160093553777528208e-01 3.024407337346972202e+00
3.165921192558273645e-01 3.015079589911634717e+00
3.171759578291025727e-01 3.005764776765418755e+00
3.177608730794616587e-01 2.996458288735278419e+00
3.183468669924418015e-01 2.987155635342467974e+00
3.189339415572430281e-01 2.977852382836193801e+00
3.195220987667323209e-01 2.968544154107940258e+00
3.201113406174529441e-01 2.959226630857680451e+00
3.207016691096299388e-01 2.949895662994961754e+00
3.212930862471761184e-01 2.940547319559778217e+00
3.218855940377009506e-01 2.931177736293880898e+00
3.224791944925149978e-01 2.921783102650910902e+00
3.230738896266390214e-01 2.912359662099547108e+00
3.236696814588095883e-01 2.902903868476165883e+00
3.242665720114852324e-01 2.893413155161999040e+00
3.248645633108553366e-01 2.883885337327560361e+00
3.254636573868446847e-01 2.874318267426521523e+00
3.260638562731224543e-01 2.864709834952347656e+00
3.266651620071081563e-01 2.855057986917502788e+00
3.272675766299776301e-01 2.845361334921524765e+00
3.278711021866722031e-01 2.835619252595697581e+00
3.284757407259030204e-01 2.825831174480927910e+00
3.290814943001604265e-01 2.815996553954680071e+00
3.296883649657196269e-01 2.806114863419555405e+00
3.302963547826470725e-01 2.796185914117731652e+00
3.309054658148095074e-01 2.786210586129836297e+00
3.315157001298784101e-01 2.776189976009564297e+00
3.321270597993392637e-01 2.766125176574439237e+00
3.327395468984977733e-01 2.756017276758801149e+00
3.333531635064856391e-01 2.745867461390977482e+00
3.339679117062702707e-01 2.735677803536324060e+00
3.345837935846587841e-01 2.725450827468459902e+00
3.352008112323078826e-01 2.715189035167118181e+00
3.358189667437296300e-01 2.704894901699378629e+00
3.364382622172975568e-01 2.694570896043152253e+00
3.370586997552559860e-01 2.684220020060502865e+00
3.376802814637261396e-01 2.673845843562089097e+00
3.383030094527120224e-01 2.663451920033993225e+00
3.389268858361101922e-01 2.653041755792449496e+00
3.395519127317142005e-01 2.642618810642115790e+00
3.401780922612240854e-01 2.632186606398621453e+00
3.408054265502525881e-01 2.621748827943906512e+00
3.414339177283313709e-01 2.611309131536763140e+00
3.420635679289205089e-01 2.600871119958249711e+00
3.426943792894132645e-01 2.590438342516449666e+00
3.433263539511454132e-01 2.580014352694809610e+00
3.439594940594017380e-01 2.569602831389832254e+00
3.445938017634220807e-01 2.559207438099204701e+00
3.452292792164112778e-01 2.548831774801693317e+00
3.458659285755435464e-01 2.538479386199680832e+00
3.465037520019721429e-01 2.528153770166289060e+00
3.471427516608359687e-01 2.517858413858231170e+00
3.477829297212655657e-01 2.507596760331999963e+00
3.484242883563931081e-01 2.497372195703557285e+00
3.490668297433568434e-01 2.487188049637739429e+00
3.497105560633110288e-01 2.477047561350597782e+00
3.503554695014323705e-01 2.466953719047904503e+00
3.510015722469261856e-01 2.456909390760781076e+00
3.516488664930363384e-01 2.446917395213424218e+00
3.522973544370499588e-01 2.436980502535621262e+00
3.529470382803074346e-01 2.427101422699383004e+00
3.535979202282086287e-01 2.417282743111191401e+00
3.542500024902194289e-01 2.407526977273859892e+00
3.549032872798815741e-01 2.397836594718975700e+00
3.555577768148176498e-01 2.388214021810485477e+00
3.562134733167407474e-01 2.378661568030216333e+00
3.568703790114611807e-01 2.369181068714749205e+00
3.575284961288928698e-01 2.359774169923074982e+00
3.581878269030634443e-01 2.350442487906204025e+00
3.588483735721188506e-01 2.341187609961679961e+00
3.595101383783336768e-01 2.332010999792210271e+00
3.601731235681175369e-01 2.322913638893103538e+00
3.608373313920215653e-01 2.313896354034686631e+00
3.615027641047487972e-01 2.304959956085935957e+00
3.621694239651587210e-01 2.296105240451834728e+00
3.628373132362774922e-01 2.287332769108072927e+00
3.635064341853047054e-01 2.278642338663470657e+00
3.641767890836197785e-01 2.270033583583175307e+00
3.648483802067924997e-01 2.261506141358453625e+00
3.655212098345874128e-01 2.253059650824859261e+00
3.661952802509745308e-01 2.244693395491964338e+00
3.668705937441357201e-01 2.236405871590135153e+00
3.675471526064715277e-01 2.228195488242428635e+00
3.682249591346114515e-01 2.220060675759418789e+00
3.689040156294187689e-01 2.211999874060874394e+00
3.695843243960009183e-01 2.204011100143922874e+00
3.702658877437164930e-01 2.196091817362222809e+00
3.709487079861814585e-01 2.188239484135816149e+00
3.716327874412801435e-01 2.180451593100244168e+00
3.723181284311696260e-01 2.172725634409906181e+00
3.730047332822907236e-01 2.165058659704368171e+00
3.736926043253743224e-01 2.157447428760145947e+00
3.743817438954484267e-01 2.149888737872604594e+00
3.750721543318484286e-01 2.142379426115414098e+00
3.757638379782234916e-01 2.134916342395549727e+00
3.764567971825438786e-01 2.127496210220075401e+00
3.771510342971112761e-01 2.120115742634084199e+00
3.778465516785636802e-01 2.112771696415336464e+00
3.785433516878864424e-01 2.105460871989834004e+00
3.792414366904187095e-01 2.098180176007282238e+00
3.799408090558604734e-01 2.090926685545833053e+00
3.806414711582834509e-01 2.083697532528146379e+00
3.813434253761357473e-01 2.076489887495174713e+00
3.820466740922529580e-01 2.069300975566272349e+00
3.827512196938648303e-01 2.062128309894818212e+00
3.834570645726024241e-01 2.054969633698090714e+00
3.841642111245088254e-01 2.047822726666896465e+00
3.848726617500440872e-01 2.040685399492404795e+00
3.855824188540963315e-01 2.033555586658196468e+00
3.862934848459885773e-01 2.026431632304010133e+00
3.870058621394856790e-01 2.019312001865618544e+00
3.877195531528055961e-01 2.012195183434902113e+00
3.884345603086239995e-01 2.005079694027427806e+00
3.891508860340856524e-01 1.997964280044373764e+00
3.898685327608112372e-01 1.990847955559328364e+00
3.905875029249044061e-01 1.983729765336943673e+00
3.913077989669630496e-01 1.976608769931755383e+00
3.920294233320841260e-01 1.969484105933343443e+00
3.927523784698750409e-01 1.962355244742588711e+00
3.934766668344604201e-01 1.955221773798689888e+00
3.942022908844895479e-01 1.948083289359923143e+00
3.949292530831473580e-01 1.940939400069205956e+00
3.956575558981595964e-01 1.933789850050328551e+00
3.963872018018040344e-01 1.926634546732812758e+00
3.971181932709177964e-01 1.919473411739699653e+00
3.978505327869041874e-01 1.912306371048253073e+00
3.985842228357443506e-01 1.905133445313935914e+00
3.993192659080022078e-01 1.897955054353867688e+00
4.000556644988358390e-01 1.890771723542560512e+00
4.007934211080048104e-01 1.883583973562960034e+00
4.015325382398772791e-01 1.876392336822254814e+00
4.022730184034414291e-01 1.869197636392200712e+00
4.030148641123106890e-01 1.862000941410027366e+00
4.037580778847353336e-01 1.854803315933486241e+00
4.045026622436094788e-01 1.847605810908600210e+00
4.052486197164785198e-01 1.840409631059455320e+00
4.059959528355507330e-01 1.833216363010370387e+00
4.067446641377024941e-01 1.826027628744132825e+00
4.074947561644897132e-01 1.818845026780126606e+00
4.082462314621552735e-01 1.811670183161020908e+00
4.089990925816363587e-01 1.804505037638602261e+00
4.097533420785762770e-01 1.797351637976262184e+00
4.105089825133294568e-01 1.790212000793242275e+00
4.112660164509732708e-01 1.783088116783657417e+00
4.120244464613154745e-01 1.775982057976907225e+00
4.127842751189015336e-01 1.768895968819369946e+00
4.135455050030265034e-01 1.761831963389404399e+00
4.143081386977403024e-01 1.754792120791611287e+00
4.150721787918594252e-01 1.747778397390835403e+00
4.158376278789745473e-01 1.740792545278261549e+00
4.166044885574579082e-01 1.733836267650926022e+00
4.173727634304748024e-01 1.726911239157186806e+00
4.181424551059912398e-01 1.720019050676825589e+00
4.189135661967812729e-01 1.713161050077387282e+00
4.196860993204388768e-01 1.706338509477080434e+00
4.204600570993837216e-01 1.699552678886016244e+00
4.212354421608727195e-01 1.692804732633747866e+00
4.220122571370079068e-01 1.686095427254194812e+00
4.227905046647438270e-01 1.679425327694836545e+00
4.235701873858997435e-01 1.672794987022464097e+00
4.243513079471650795e-01 1.666204927028061000e+00
4.251338690001114085e-01 1.659655381336211377e+00
4.259178732012000590e-01 1.653146377498513342e+00
4.267033232117900532e-01 1.646677936033306588e+00
4.274902216981499858e-01 1.640250069441206549e+00
4.282785713314637421e-01 1.633862647285118985e+00
4.290683747878424326e-01 1.627515391178094184e+00
4.298596347483323310e-01 1.621208017912498356e+00
4.306523538989226463e-01 1.614940246602341922e+00
4.314465349305576236e-01 1.608711798960045014e+00
4.322421805391422622e-01 1.602522399397107611e+00
4.330392934255543613e-01 1.596371774600080062e+00
4.338378762956526247e-01 1.590259652017832925e+00
4.346379318602844322e-01 1.584185633372621416e+00
4.354394628352979968e-01 1.578149099268044475e+00
4.362424719415482488e-01 1.572149414903408315e+00
4.370469619049089371e-01 1.566185953500114358e+00
4.378529354562807896e-01 1.560258131116442737e+00
4.386603953315993953e-01 1.554365442122594976e+00
4.394693442718474174e-01 1.548507395383455165e+00
4.402797850230605881e-01 1.542683504553847840e+00
4.410917203363400318e-01 1.536893129322630003e+00
4.419051529678602042e-01 1.531135294094698063e+00
4.427200856788770511e-01 1.525408991688786964e+00
4.435365212357403886e-01 1.519713227844420755e+00
4.443544624098997864e-01 1.514046933517080307e+00
4.451739119779171139e-01 1.508408868934796976e+00
4.459948727214744779e-01 1.502797787934081253e+00
4.468173474273826051e-01 1.497212460408332557e+00
4.476413388875931654e-01 1.491651549942766941e+00
4.484668498992047669e-01 1.486113504915690831e+00
4.492938832644756131e-01 1.480596769481310027e+00
4.501224417908316622e-01 1.475099810344992157e+00
4.509525282908748434e-01 1.469621147056422883e+00
4.517841455823955465e-01 1.464159369521424559e+00
4.526172964883788952e-01 1.458713092323792537e+00
4.534519838370172917e-01 1.453280950325193777e+00
4.542882104617186889e-01 1.447861604679315128e+00
4.551259792011149163e-01 1.442453744104420288e+00
4.559652928990742815e-01 1.437056077315162828e+00
4.568061544047079536e-01 1.431667350611187883e+00
4.576485665723825091e-01 1.426286677030072836e+00
4.584925322617283694e-01 1.420913495414119820e+00
4.593380543376481273e-01 1.415547264685220741e+00
4.601851356703295370e-01 1.410187473879264131e+00
4.610337791352513981e-01 1.404833848099437121e+00
4.618839876131967670e-01 1.399486254909389604e+00
4.627357639902612840e-01 1.394144566591766443e+00
4.635891111578614443e-01 1.388808699406830494e+00
4.644440320127473099e-01 1.383478817793943660e+00
4.653005294570110584e-01 1.378155175405741506e+00
4.661586063980951988e-01 1.372838022973689620e+00
4.670182657488058386e-01 1.367527658281435521e+00
4.678795104273188454e-01 1.362224537218444498e+00
4.687423433571930587e-01 1.356929141961292551e+00
4.696067674673786718e-01 1.351641948699122908e+00
4.704727856922258367e-01 1.346363493051184967e+00
4.713404009714980414e-01 1.341094414596976758e+00
4.722096162503780503e-01 1.335835354119827789e+00
4.730804344794814487e-01 1.330586917654780876e+00
4.739528586148651912e-01 1.325349255469653542e+00
4.748268916180360955e-01 1.320122131687835765e+00
4.757025364559643310e-01 1.314905301776053026e+00
4.765797961010896922e-01 1.309698652949845998e+00
4.774586735313349206e-01 1.304502907692731473e+00
4.783391717301144763e-01 1.299319111422992723e+00
4.792212936863431971e-01 1.294148293987434917e+00
4.801050423944498990e-01 1.288991468831818477e+00
4.809904208543833715e-01 1.283849633106799004e+00
4.818774320716264215e-01 1.278723767781640985e+00
4.827660790572042004e-01 1.273614837765544738e+00
4.836563648276932526e-01 1.268523792036343689e+00
4.845482924052348928e-01 1.263451563776314845e+00
4.854418648175418682e-01 1.258399070514965690e+00
4.863370850979118476e-01 1.253367214278506170e+00
4.872339562852363581e-01 1.248356881745846358e+00
4.881324814240094456e-01 1.243368944410907950e+00
4.890326635643417186e-01 1.238404258751010012e+00
4.899345057619665655e-01 1.233463666401190428e+00
4.908380110782540329e-01 1.228547994334205473e+00
4.917431825802198175e-01 1.223658055046061399e+00
4.926500233405340379e-01 1.218794646746887089e+00
4.935585364375352779e-01 1.213958553556910624e+00
4.944687249552369157e-01 1.209150545707454061e+00
4.953805919833413340e-01 1.204371182407323770e+00
4.962941406172484693e-01 1.199620062469556991e+00
4.972093739580654148e-01 1.194896503954903544e+00
4.981262951126199101e-01 1.190199834056774986e+00
4.990449071934670577e-01 1.185529389038051162e+00
4.999652133189037007e-01 1.180884514111406602e+00
5.008872166129769710e-01 1.176264563323156986e+00
5.018109202054936713e-01 1.171668899440533540e+00
5.027363272320347631e-01 1.167096893842276550e+00
5.036634408339610847e-01 1.162547926412557109e+00
5.045922641584285051e-01 1.158021385438068096e+00
5.055228003583964735e-01 1.153516667508279747e+00
5.064550525926374558e-01 1.149033177418783636e+00
5.073890240257511453e-01 1.144570328077610943e+00
5.083247178281712353e-01 1.140127540414544782e+00
5.092621371761794080e-01 1.135704243293272908e+00
5.102012852519151043e-01 1.131299873426388380e+00
5.111421652433842944e-01 1.126913875293153566e+00
5.120847803444739110e-01 1.122545701059936230e+00
5.130291337549605091e-01 1.118194810503314818e+00
5.139752286805201464e-01 1.113860670935763908e+00
5.149230683327425950e-01 1.109542758424782116e+00
5.158726559291380021e-01 1.105240614425401890e+00
5.168239946931518780e-01 1.100953866849631924e+00
5.177770878541739785e-01 1.096682154577510060e+00
5.187319386475479632e-01 1.092425121462768045e+00
5.196885503145859397e-01 1.088182416290519372e+00
5.206469261025756801e-01 1.083953692736100205e+00
5.216070692647944984e-01 1.079738609324986554e+00
5.225689830605194652e-01 1.075536829393793026e+00
5.235326707550366221e-01 1.071348021052333621e+00
5.244981356196555256e-01 1.067171857146683278e+00
5.254653809317166857e-01 1.063008015223273484e+00
5.264344099746056660e-01 1.058856177493936679e+00
5.274052260377634083e-01 1.054716030801930771e+00
5.283778324166953366e-01 1.050587266588893565e+00
5.293522324129861234e-01 1.046469580862693149e+00
5.303284293343072386e-01 1.042362674166193770e+00
5.313064264944311610e-01 1.038266251546860364e+00
5.322862272132417027e-01 1.034180022527230181e+00
5.332678348167434468e-01 1.030103701076208855e+00
5.342512526370762904e-01 1.026037005581146300e+00
5.352364840125233281e-01 1.021979658820730608e+00
5.362235322875253951e-01 1.017931387938603827e+00
5.372124008126908379e-01 1.013892046305473471e+00
5.382030929448055057e-01 1.009861978135100591e+00
5.391956120468475167e-01 1.005841644568662208e+00
5.401899614879948075e-01 1.001831499408965875e+00
5.411861446436402323e-01 9.978319891650613283e-01
5.421841648954012216e-01 9.938435530989003786e-01
5.431840256311295523e-01 9.898666232739551374e-01
5.441857302449272238e-01 9.859016246057117350e-01
5.451892821371528974e-01 9.819489749140503099e-01
5.461946847144377726e-01 9.780090849773791506e-01
5.472019413896953566e-01 9.740823585885256541e-01
5.482110555821311237e-01 9.701691926123106047e-01
5.492220307172586136e-01 9.662699770447233938e-01
5.502348702269058700e-01 9.623850950737121712e-01
5.512495775492317618e-01 9.585149231414524795e-01
5.522661561287351972e-01 9.546598310081182426e-01
5.532846094162658934e-01 9.508201818170647357e-01
5.543049408690392532e-01 9.469963321613660279e-01
5.553271539506442478e-01 9.431886321516980143e-01
5.563512521310589598e-01 9.393974254854674522e-01
5.573772388866603533e-01 9.356230495171881101e-01
5.584051177002347099e-01 9.318658353300263153e-01
5.594348920609932829e-01 9.281261078084672711e-01
5.604665654645795136e-01 9.244041637482116602e-01
5.615001414130853519e-01 9.206999649156043519e-01
5.625356234150605816e-01 9.170132191951428924e-01
5.635730149855240345e-01 9.133436316288595647e-01
5.646123196459784666e-01 9.096909110354850503e-01
5.656535409244188850e-01 9.060547699696638313e-01
5.666966823553479804e-01 9.024349246819901582e-01
5.677417474797863406e-01 8.988310950799088817e-01
5.687887398452834420e-01 8.952430046894256366e-01
5.698376630059320824e-01 8.916703806176130565e-01
5.708885205223795944e-01 8.881129535159216770e-01
5.719413159618379483e-01 8.845704575442624451e-01
5.729960528980996282e-01 8.810426303358295241e-01
5.740527349115455147e-01 8.775292129626989235e-01
5.751113655891608722e-01 8.740299499021226826e-01
5.761719485245460071e-01 8.705445890035603540e-01
5.772344873179261482e-01 8.670728814564098164e-01
5.782989855761686560e-01 8.636145817584042206e-01
5.793654469127897944e-01 8.601694476847128179e-01
5.804338749479714954e-01 8.567372402576701740e-01
5.815042733085717952e-01 8.533177237171707397e-01
5.825766456281353811e-01 8.499106654916938064e-01
5.836509955469100230e-01 8.465158361699323120e-01
5.847273267118541229e-01 8.431330094730541402e-01
5.858056427766535901e-01 8.397619622275280804e-01
5.868859474017321665e-01 8.364024992219523114e-01
5.879682442542618626e-01 8.330545631226303760e-01
5.890525370081801659e-01 8.297181427681354915e-01
5.901388293441971467e-01 8.263932267636335816e-01
5.912271249498126657e-01 8.230798034460442558e-01
5.923174275193267002e-01 8.197778608868571126e-01
5.934097407538500013e-01 8.164873868949418245e-01
5.945040683613214139e-01 8.132083690193184777e-01
5.956004140565150928e-01 8.099407945519564445e-01
5.966987815610577117e-01 8.066846505305227399e-01
5.977991746034390097e-01 8.034399237411464778e-01
5.989015969190226718e-01 8.002066007211664500e-01
6.000060522500636484e-01 7.969846677618500630e-01
6.011125443457152606e-01 7.937741109111303706e-01
6.022210769620468529e-01 7.905749159762985867e-01
6.033316538620544511e-01 7.873870685267087000e-01
6.044442788156716428e-01 7.842105538964676548e-01
6.055589555997868967e-01 7.810453571870946687e-01
6.066756879982510009e-01 7.778914632701979803e-01
6.077944798018948269e-01 7.747488567901090750e-01
6.089153348085399875e-01 7.716175221665263484e-01
6.100382568230098279e-01 7.684974435971443363e-01
6.111632496571467454e-01 7.653886050602543012e-01
6.122903171298204050e-01 7.622909903173565871e-01
6.134194630669447257e-01 7.592045829157363368e-01
6.145506913014892048e-01 7.561293661910447605e-01
6.156840056734897981e-01 7.530653235387316791e-01
6.168194100300666838e-01 7.500124442616440401e-01
6.179569082254320334e-01 7.469707234261927509e-01
6.190965041209077757e-01 7.439401559573262102e-01
6.202382015849363661e-01 7.409207363775055510e-01
6.213820044930925546e-01 7.379124588110940186e-01
6.225279167281003723e-01 7.349153169887115977e-01
6.236759421798421243e-01 7.319293042516011871e-01
6.248260847453748212e-01 7.289544135559500315e-01
6.259783483289427242e-01 7.259906374772084892e-01
6.271327368419878923e-01 7.230379682143939224e-01
6.282892542031681682e-01 7.200963975943601714e-01
6.294479043383652828e-01 7.171659170760695812e-01
6.306086911807029516e-01 7.142465177548269484e-01
6.317716186705580883e-01 7.113381903665065842e-01
6.329366907555721289e-01 7.084409252917660549e-01
6.341039113906684621e-01 7.055547125602205094e-01
6.352732845380638649e-01 7.026795418546164518e-01
6.364448141672800485e-01 6.998154025149850854e-01
6.376185042551617554e-01 6.969622835427592422e-01
6.387943587858848637e-01 6.941201736048969728e-01
6.399723817509747059e-01 6.912890610379583967e-01
6.411525771493171710e-01 6.884689338521826629e-01
6.423349489871711393e-01 6.856597797355402646e-01
6.435195012781858015e-01 6.828615860577531560e-01
6.447062380434096518e-01 6.800743398743157586e-01
6.458951633113084734e-01 6.772980279304743334e-01
6.470862811177771068e-01 6.745326366651990257e-01
6.482795955061509963e-01 6.717781522151370366e-01
6.494751105272248415e-01 6.690345555903891572e-01
6.506728302392609242e-01 6.663017961010678780e-01
6.518727587080073160e-01 6.635798107428609871e-01
6.530749000067100907e-01 6.608685369832710821e-01
6.542792582161248705e-01 6.581679127924816575e-01
6.554858374245352559e-01 6.554778766393506428e-01
6.566946417277618187e-01 6.527983674874601183e-01
6.579056752291800869e-01 6.501293247911792417e-01
6.591189420397328691e-01 6.474706884917768024e-01
6.603344462779422441e-01 6.448223990135660832e-01
6.615521920699278802e-01 6.421843972600693728e-01
6.627721835494160274e-01 6.395566246102379893e-01
6.639944248577579478e-01 6.369390229146830729e-01
6.652189201439422384e-01 6.343315344919507881e-01
6.664456735646068219e-01 6.317341021248350508e-01
6.676746892840574876e-01 6.291466690567025788e-01
6.689059714742769946e-01 6.265691789878726770e-01
6.701395243149439462e-01 6.240015760720067917e-01
6.713753519934447800e-01 6.214438049125431407e-01
6.726134587048858693e-01 6.188958105591623182e-01
6.738538486521127302e-01 6.163575385042669996e-01
6.750965260457189032e-01 6.138289346795136048e-01
6.763414951040644940e-01 6.113099454523546195e-01
6.775887600532893851e-01 6.088005176226186643e-01
6.788383251273244490e-01 6.063005984191256470e-01
6.800901945679115324e-01 6.038101354963119061e-01
6.813443726246121157e-01 6.013290769309067585e-01
6.826008635548262982e-01 5.988573712186157083e-01
6.838596716238056761e-01 5.963949672708442895e-01
6.851208011046651114e-01 5.939418144114514408e-01
6.863842562784027157e-01 5.914978623735129837e-01
6.876500414339085099e-01 5.890630612962595158e-01
6.889181608679838531e-01 5.866373662203109296e-01
6.901886188853539883e-01 5.842207488394068893e-01
6.914614197986805877e-01 5.818131846045399014e-01
6.927365679285811817e-01 5.794146489597400418e-01
6.940140676036383738e-01 5.770251173427605185e-01
6.952939231604193804e-01 5.746445651857395864e-01
6.965761389434884654e-01 5.722729679158706784e-01
6.978607193054200408e-01 5.699103009560653188e-01
6.991476686068177626e-01 5.675565397256014943e-01
7.004369912163241896e-01 5.652116596407842364e-01
7.017286915106403233e-01 5.628756361155818899e-01
7.030227738745383759e-01 5.605484445622714862e-01
7.043192427008745371e-01 5.582300603920797855e-01
7.056181023906081817e-01 5.559204590158048909e-01
7.069193573528147478e-01 5.536196158444475213e-01
7.082230120046981714e-01 5.513275062898367329e-01
7.095290707716114254e-01 5.490441057652373225e-01
7.108375380870655125e-01 5.467693896859718850e-01
7.121484183927494493e-01 5.445033334700194461e-01
7.134617161385435891e-01 5.422459125386207557e-01
7.147774357825319447e-01 5.399971023168812501e-01
7.160955817910230614e-01 5.377568782343535858e-01
7.174161586385588985e-01 5.355252157256368273e-01
7.187391708079352570e-01 5.333020902309502098e-01
7.200646227902148810e-01 5.310874771967160068e-01
7.213925190847404467e-01 5.288813520761378451e-01
7.227228641991547686e-01 5.266836903297610339e-01
7.240556626494106807e-01 5.244944674260461071e-01
7.253909189597912421e-01 5.223136588419218240e-01
7.267286376629225053e-01 5.201412400633437239e-01
7.280688232997877263e-01 5.179771865858474600e-01
7.294114804197466828e-01 5.158214739150891459e-01
7.307566135805462215e-01 5.136740775673940274e-01
7.321042273483403529e-01 5.115349730702862807e-01
7.334543262977039069e-01 5.094041359630251398e-01
7.348069150116451898e-01 5.072815417971371366e-01
7.361619980816274111e-01 5.051671656909580976e-01
7.375195801075783431e-01 5.030609775521508453e-01
7.388796656979104149e-01 5.009629440030669567e-01
7.402422594695348135e-01 4.988730317729301866e-01
7.416073660478746943e-01 4.967912077556586592e-01
7.429749900668862761e-01 4.947174390088999729e-01
7.443451361690679446e-01 4.926516927530889545e-01
7.457178090054821240e-01 4.905939363704928668e-01
7.470930132357684883e-01 4.885441374042751028e-01
7.484707535281570623e-01 4.865022635575648180e-01
7.498510345594900928e-01 4.844682826925202357e-01
7.512338610152313745e-01 4.824421628294146558e-01
7.526192375894875664e-01 4.804238721457126937e-01
7.540071689850220693e-01 4.784133789751602306e-01
7.553976599132683489e-01 4.764106518068848550e-01
7.567907150943515848e-01 4.744156592844855913e-01
7.581863392570982185e-01 4.724283702051479406e-01
7.595845371390579359e-01 4.704487535187475977e-01
7.609853134865166568e-01 4.684767783269698782e-01
7.623886730545113011e-01 4.665124138824339184e-01
7.637946206068504384e-01 4.645556295878139896e-01
7.652031609161246140e-01 4.626063949949799636e-01
7.666142987637282191e-01 4.606646798041267865e-01
7.680280389398732588e-01 4.587304538629226602e-01
7.694443862436027848e-01 4.568036871656592224e-01
7.708633454828134335e-01 4.548843498523996720e-01
7.722849214742649737e-01 4.529724122081439375e-01
7.737091190436021781e-01 4.510678446619876270e-01
7.751359430253693672e-01 4.491706177862915816e-01
7.765653982630235097e-01 4.472807022958634193e-01
7.779974896089562053e-01 4.453980690471264769e-01
7.794322219245075622e-01 4.435226890373102360e-01
7.808696000799802972e-01 4.416545334036406922e-01
7.823096289546616067e-01 4.397935734225296156e-01
7.837523134368336031e-01 4.379397805087804629e-01
7.851976584237957413e-01 4.360931262147857423e-01
7.866456688218782523e-01 4.342535822297401427e-01
7.880963495464574642e-01 4.324211203788556057e-01
7.895497055219770077e-01 4.305957126225745668e-01
7.910057416819589182e-01 4.287773310558004036e-01
7.924644629690258402e-01 4.269659479071192809e-01
7.939258743349150160e-01 4.251615355380356509e-01
7.953899807404929412e-01 4.233640664422135269e-01
7.968567871557781235e-01 4.215735132670883067e-01
7.983262985599510753e-01 4.197898506031304544e-01
7.997985199413768509e-01 4.180130562504714153e-01
8.012734562976198127e-01 4.162431083614776539e-01
8.027511126354583970e-01 4.144799851290874027e-01
8.042314939709068744e-01 4.127236647869179098e-01
8.057146053292271182e-01 4.109741256093828454e-01
8.072004517449500316e-01 4.092313459117986052e-01
8.086890382618915352e-01 4.074953040504936119e-01
8.101803699331660003e-01 4.057659784229205591e-01
8.116744518212100079e-01 4.040433474677526671e-01
8.131712889977927849e-01 4.023273896649979253e-01
8.146708865440386305e-01 4.006180835360935166e-01
8.161732495504426810e-01 3.989154076440100671e-01
8.176783831168845662e-01 3.972193405933547306e-01
8.191862923526525009e-01 3.955298610304616713e-01
8.206969823764533878e-01 3.938469476434959260e-01
8.222104583164364655e-01 3.921705791625431647e-01
8.237267253102077413e-01 3.905007343597045044e-01
8.252457885048450903e-01 3.888373920491931535e-01
8.267676530569219029e-01 3.871805310874164019e-01
8.282923241325174102e-01 3.855301303730743756e-01
8.298198069072404426e-01 3.838861688472393618e-01
8.313501065662441958e-01 3.822486254934461258e-01
8.328832283042417739e-01 3.806174793377789523e-01
8.344191773255291711e-01 3.789927094489483062e-01
8.359579588439962627e-01 3.773742949383813161e-01
8.374995780831510084e-01 3.757622149602944384e-01
8.390440402761337735e-01 3.741564487117759463e-01
8.405913506657333167e-01 3.725569754328672545e-01
8.421415145044101047e-01 3.709637744066311971e-01
8.436945370543074141e-01 3.693768249592356279e-01
8.452504235872752014e-01 3.677961064600203112e-01
8.468091793848854243e-01 3.662215983215718618e-01
8.483708097384474733e-01 3.646532799997965202e-01
8.499353199490319311e-01 3.630911309939848786e-01
8.515027153274817850e-01 3.615351308468860436e-01
8.530730011944368529e-01 3.599852591447681438e-01
8.546461828803485483e-01 3.584414955174878292e-01
8.562222657254958680e-01 3.569038196385555528e-01
8.578012550800097058e-01 3.553722112251923582e-01
8.593831563038835109e-01 3.538466500383999347e-01
8.609679747669980454e-01 3.523271158830132421e-01
8.625557158491369281e-01 3.508135886077624055e-01
8.641463849400021768e-01 3.493060481053327226e-01
8.657399874392374128e-01 3.478044743124173999e-01
8.673365287564446247e-01 3.463088472097726744e-01
8.689360143111986012e-01 3.448191468222764899e-01
8.705384495330722450e-01 3.433353532189739044e-01
8.721438398616480070e-01 3.418574465131350992e-01
8.737521907465419790e-01 3.403854068623007878e-01
8.753635076474204357e-01 3.389192144683315644e-01
8.769777960340150447e-01 3.374588495774599739e-01
8.785950613861480685e-01 3.360042924803300357e-01
8.802153091937438001e-01 3.345555235120492577e-01
8.818385449568532097e-01 3.331125228609412292e-01
8.834647741856703762e-01 3.316752659560265326e-01
8.850940024005479190e-01 3.302437233222005331e-01
8.867262351320225333e-01 3.288178654629818065e-01
8.883614779208262036e-01 3.273976631013185701e-01
8.899997363179117382e-01 3.259830871778792716e-01
8.916410158844683131e-01 3.245741088493641624e-01
8.932853221919383468e-01 3.231706994868313587e-01
8.949326608220420365e-01 3.217728306740272326e-01
8.965830373667894593e-01 3.203804742057427823e-01
8.982364574285062186e-01 3.189936020861710020e-01
8.998929266198487653e-01 3.176121865272859002e-01
9.015524505638217168e-01 3.162361999472336205e-01
9.032150348938027262e-01 3.148656149687282801e-01
9.048806852535548062e-01 3.135004044174735660e-01
9.065494072972510864e-01 3.121405413205837753e-01
9.082212066894921332e-01 3.107859989050257843e-01
9.098960891053219369e-01 3.094367505960732845e-01
9.115740602302537798e-01 3.080927700157652938e-01
9.132551257602818939e-01 3.067540309813887589e-01
9.149392914019076617e-01 3.054205075039606032e-01
9.166265628721559366e-01 3.040921737867306462e-01
9.183169458985919187e-01 3.027690042236950152e-01
9.200104462193466892e-01 3.014509733981142192e-01
9.217070695831296456e-01 3.001380560810546494e-01
9.234068217492542585e-01 2.988302272299282469e-01
9.251097084876551691e-01 2.975274619870535431e-01
9.268157355789045093e-01 2.962297356782259139e-01
9.285249088142384366e-01 2.949370238112921094e-01
9.302372339955691238e-01 2.936493020747473759e-01
9.319527169355110718e-01 2.923665463363314676e-01
9.336713634573980958e-01 2.910887326416433107e-01
9.353931793953002005e-01 2.898158372127667137e-01
9.371181705940498929e-01 2.885478364468982981e-01
9.388463429092546164e-01 2.872847069149975785e-01
9.405777022073231741e-01 2.860264253604368201e-01
9.423122543654827155e-01 2.847729686976674945e-01
9.440500052717960555e-01 2.835243140108970605e-01
9.457909608251883204e-01 2.822804385527696303e-01
9.475351269354589379e-01 2.810413197430662868e-01
9.492825095233088373e-01 2.798069351674050131e-01
9.510331145203575476e-01 2.785772625759572740e-01
9.527869478691605165e-01 2.773522798821749791e-01
9.545440155232355339e-01 2.761319651615191662e-01
9.563043234470759435e-01 2.749162966502091132e-01
9.580678776161772880e-01 2.737052527439706173e-01
9.598346840170547400e-01 2.724988119967999278e-01
9.616047486472604211e-01 2.712969531197381157e-01
9.633780775154094922e-01 2.700996549796469970e-01
9.651546766411983613e-01 2.689068965980009884e-01
9.669345520554210038e-01 2.677186571496887879e-01
9.687177097999972730e-01 2.665349159618151109e-01
9.705041559279852237e-01 2.653556525125238541e-01
9.722938965036083125e-01 2.641808464298179837e-01
9.740869376022733839e-01 2.630104774903957998e-01
9.758832853105881000e-01 2.618445256184956382e-01
9.776829457263888079e-01 2.606829708847420157e-01
9.794859249587529737e-01 2.595257935050110376e-01
9.812922291280269382e-01 2.583729738392933073e-01
9.831018643658437917e-01 2.572244923905721570e-01
9.849148368151413591e-01 2.560803298037100384e-01
9.867311526301898450e-01 2.549404668643367455e-01
9.885508179766044901e-01 2.538048844977550123e-01
9.903738390313741036e-01 2.526735637678445001e-01
9.922002219828784941e-01 2.515464858759808853e-01
9.940299730309066772e-01 2.504236321599613846e-01
9.958630983866850750e-01 2.493049840929325023e-01
9.976996042728903946e-01 2.481905232823356788e-01
9.995394969236774951e-01 2.470802314688498869e-01
1.001382782584698372e+00 2.459740905253481047e-01
1.003229467513119255e+00 2.448720824558628384e-01
1.005079557977650140e+00 2.437741893945503391e-01
1.006933060258556889e+00 2.426803936046744159e-01
1.008789980647689877e+00 2.415906774775857524e-01
1.010650325448503084e+00 2.405050236035196631e-01
1.012514100976071418e+00 2.394234193004061706e-01
1.014381313557119579e+00 2.383458592153430144e-01
1.016251969530036270e+00 2.372723385511160132e-01
1.018126075244901063e+00 2.362028524093180148e-01
1.020003637063504831e+00 2.351373957914834056e-01
1.021884661359367064e+00 2.340759636002200106e-01
1.023769154517764735e+00 2.330185506403299189e-01
1.025657122935746068e+00 2.319651516199333907e-01
1.027548573022159850e+00 2.309157611515804953e-01
1.029443511197673411e+00 2.298703737533628888e-01
1.031341943894791058e+00 2.288289838500215945e-01
1.033243877557884494e+00 2.277915857740429317e-01
1.035149318643205030e+00 2.267581737667590525e-01
1.037058273618913340e+00 2.257287419794351824e-01
1.038970748965098334e+00 2.247032844743560576e-01
1.040886751173796032e+00 2.236817952259091136e-01
1.042806286749018874e+00 2.226642681216560171e-01
1.044729362206768819e+00 2.216506969634078061e-01
1.046655984075068213e+00 2.206410754682860687e-01
1.048586158893977549e+00 2.196353972697850654e-01
1.050519893215614564e+00 2.186336559188292727e-01
1.052457193604184660e+00 2.176358448848184635e-01
1.054398066635994224e+00 2.166419575566771727e-01
1.056342518899480609e+00 2.156519872438905916e-01
1.058290556995230336e+00 2.146659271775403222e-01
1.060242187536000191e+00 2.136837705113345531e-01
1.062197417146745426e+00 2.127055103226284105e-01
1.064156252464634189e+00 2.117311396134463342e-01
1.066118700139077946e+00 2.107606513114909375e-01
1.068084766831750798e+00 2.097940382711523388e-01
1.070054459216608134e+00 2.088312932745121642e-01
1.072027783979916382e+00 2.078724090323364471e-01
1.074004747820272776e+00 2.069173781850687233e-01
1.075985357448624002e+00 2.059661933038176573e-01
1.077969619588296846e+00 2.050188468913333173e-01
1.079957540975013064e+00 2.040753313829860582e-01
1.081949128356918699e+00 2.031356391477326939e-01
1.083944388494604505e+00 2.021997624890813638e-01
1.085943328161125265e+00 2.012676936460515431e-01
1.087945954142030880e+00 2.003394247941230610e-01
1.089952273235379909e+00 1.994149480461873680e-01
1.091962292251771105e+00 1.984942554534854520e-01
1.093976018014362728e+00 1.975773390065451995e-01
1.095993457358892753e+00 1.966641906361135672e-01
1.098014617133709070e+00 1.957548022140775668e-01
1.100039504199784801e+00 1.948491655543876377e-01
1.102068125430749168e+00 1.939472724139671422e-01
1.104100487712907031e+00 1.930491144936222481e-01
1.106136597945258870e+00 1.921546834389456226e-01
1.108176463039532988e+00 1.912639708412090245e-01
1.110220089920198827e+00 1.903769682382584483e-01
1.112267485524498944e+00 1.894936671153963359e-01
1.114318656802469665e+00 1.886140589062615669e-01
1.116373610716959730e+00 1.877381349937060351e-01
1.118432354243663829e+00 1.868658867106583743e-01
1.120494894371135475e+00 1.859973053409912647e-01
1.122561238100820091e+00 1.851323821203739173e-01
1.124631392447073885e+00 1.842711082371258080e-01
1.126705364437186052e+00 1.834134748330622511e-01
1.128783161111408750e+00 1.825594730043320069e-01
1.130864789522973313e+00 1.817090938022543067e-01
1.132950256738121331e+00 1.808623282341445537e-01
1.135039569836125750e+00 1.800191672641375251e-01
1.137132735909310632e+00 1.791796018140069113e-01
1.139229762063084683e+00 1.783436227639722260e-01
1.141330655415954576e+00 1.775112209535087693e-01
1.143435423099558257e+00 1.766823871821441017e-01
1.145544072258685597e+00 1.758571122102534634e-01
1.147656610051298820e+00 1.750353867598497537e-01
1.149773043648564474e+00 1.742172015153636289e-01
1.151893380234869646e+00 1.734025471244236005e-01
1.154017627007854152e+00 1.725914141986242545e-01
1.156145791178430526e+00 1.717837933142945250e-01
1.158277879970806001e+00 1.709796750132579479e-01
1.160413900622514927e+00 1.701790498035848087e-01
1.162553860384434090e+00 1.693819081603439303e-01
1.164697766520815136e+00 1.685882405263434691e-01
1.166845626309306105e+00 1.677980373128691860e-01
1.168997447040972304e+00 1.670112889004179979e-01
1.171153236020329835e+00 1.662279856394210942e-01
1.173313000565360031e+00 1.654481178509681905e-01
1.175476748007543870e+00 1.646716758275194592e-01
1.177644485691881737e+00 1.638986498336166275e-01
1.179816220976916519e+00 1.631290301065874138e-01
1.181991961234763799e+00 1.623628068572425254e-01
1.184171713851135177e+00 1.615999702705682994e-01
1.186355486225358469e+00 1.608405105064160956e-01
1.188543285770412128e+00 1.600844177001806701e-01
1.190735119912939455e+00 1.593316819634798265e-01
1.192930996093283902e+00 1.585822933848218264e-01
1.195130921765509724e+00 1.578362420302717173e-01
1.197334904397423516e+00 1.570935179441128038e-01
1.199542951470609076e+00 1.563541111494965996e-01
1.201755070480441390e+00 1.556180116490961662e-01
1.203971268936122385e+00 1.548852094257453793e-01
1.206191554360701801e+00 1.541556944430784448e-01
1.208415934291098948e+00 1.534294566461630038e-01
1.210644416278137347e+00 1.527064859621245774e-01
1.212877007886560277e+00 1.519867723007709004e-01
1.215113716695065404e+00 1.512703055552054587e-01
1.217354550296326110e+00 1.505570756024392498e-01
1.219599516297014130e+00 1.498470722904915176e-01
1.221848622317833755e+00 1.491402784372596324e-01
1.224101875993538480e+00 1.484366585805964311e-01
1.226359284972964314e+00 1.477361747424704164e-01
1.228620856919053317e+00 1.470387894610548363e-01
1.230886599508874912e+00 1.463444657853954500e-01
1.233156520433661196e+00 1.456531672701561198e-01
1.235430627398822923e+00 1.449648579704526097e-01
1.237708928123984586e+00 1.442795024367601875e-01
1.239991430343006629e+00 1.435970657099036873e-01
1.242278141804007641e+00 1.429175133161245392e-01
1.244569070269400557e+00 1.422408112622191023e-01
1.246864223515907533e+00 1.415669260307567401e-01
1.249163609334596137e+00 1.408958245753648975e-01
1.251467235530901778e+00 1.402274743160883130e-01
1.253775109924650133e+00 1.395618431348185917e-01
1.256087240350092893e+00 1.388988993707873376e-01
1.258403634655923975e+00 1.382386118161328115e-01
1.260724300705315271e+00 1.375809497115249025e-01
1.263049246375939516e+00 1.369258827418594060e-01
1.265378479559992719e+00 1.362733810320141681e-01
1.267712008164231019e+00 1.356234151426629897e-01
1.270049840109985784e+00 1.349759560661561719e-01
1.272391983333200471e+00 1.343309752224532416e-01
1.274738445784453722e+00 1.336884444551176832e-01
1.277089235428982006e+00 1.330483360273682358e-01
1.279444360246715817e+00 1.324106226181815948e-01
1.281803828232297215e+00 1.317752773184543147e-01
1.284167647395114464e+00 1.311422736272128686e-01
1.286535825759326679e+00 1.305115854478786086e-01
1.288908371363886696e+00 1.298831870845832681e-01
1.291285292262577489e+00 1.292570532385305948e-01
1.293666596524029044e+00 1.286331590044114681e-01
1.296052292231754555e+00 1.280114798668612885e-01
1.298442387484175065e+00 1.273919916969668553e-01
1.300836890394641454e+00 1.267746707488184021e-01
1.303235809091472630e+00 1.261594936561022118e-01
1.305639151717971291e+00 1.255464374287419693e-01
1.308046926432462342e+00 1.249354794495760590e-01
1.310459141408314876e+00 1.243265974710805466e-01
1.312875804833967042e+00 1.237197696121313112e-01
1.315296924912961796e+00 1.231149743548024117e-01
1.317722509863970437e+00 1.225121905412061007e-01
1.320152567920816589e+00 1.219113973703694065e-01
1.322587107332513279e+00 1.213125743951443264e-01
1.325026136363280926e+00 1.207157015191577115e-01
1.327469663292583979e+00 1.201207589937910714e-01
1.329917696415155115e+00 1.195277274151972241e-01
1.332370244041020335e+00 1.189365877213493100e-01
1.334827314495534933e+00 1.183473211891188787e-01
1.337288916119402593e+00 1.177599094313892675e-01
1.339755057268712024e+00 1.171743343941948623e-01
1.342225746314962054e+00 1.165905783538923324e-01
1.344700991645085164e+00 1.160086239143607867e-01
1.347180801661486349e+00 1.154284540042262441e-01
1.349665184782059990e+00 1.148500518741175369e-01
1.352154149440228270e+00 1.142734010939444600e-01
1.354647704084966264e+00 1.136984855502030933e-01
1.357145857180825255e+00 1.131252894433069645e-01
1.359648617207972254e+00 1.125537972849383062e-01
1.362155992662207327e+00 1.119839938954271807e-01
1.364667992055001777e+00 1.114158644011484511e-01
1.367184623913523689e+00 1.108493942319435377e-01
1.369705896780661902e+00 1.102845691185630056e-01
1.372231819215064874e+00 1.097213750901267909e-01
1.374762399791159329e+00 1.091597984716080050e-01
1.377297647099188227e+00 1.085998258813317963e-01
1.379837569745235859e+00 1.080414442284949039e-01
1.382382176351253822e+00 1.074846407107035162e-01
1.384931475555098768e+00 1.069294028115246459e-01
1.387485476010551055e+00 1.063757182980585164e-01
1.390044186387354497e+00 1.058235752185224532e-01
1.392607615371240781e+00 1.052729618998525379e-01
1.395175771663954789e+00 1.047238669453203208e-01
1.397748663983294781e+00 1.041762792321600933e-01
1.400326301063129719e+00 1.036301879092143136e-01
1.402908691653439455e+00 1.030855823945873995e-01
1.405495844520339821e+00 1.025424523733146770e-01
1.408087768446108390e+00 1.020007877950430825e-01
1.410684472229224440e+00 1.014605788717203305e-01
1.413285964684386498e+00 1.009218160752990423e-01
1.415892254642553194e+00 1.003844901354467162e-01
1.418503350950969022e+00 9.984859203726779986e-02
1.421119262473188760e+00 9.931411301903611544e-02
1.423739998089119441e+00 9.878104456993172522e-02
1.426365566695037668e+00 9.824937842779130071e-02
1.428995977203630252e+00 9.771910657686133650e-02
1.431631238544020190e+00 9.719022124556205011e-02
1.434271359661793088e+00 9.666271490425755453e-02
1.436916349519036684e+00 9.613658026303001369e-02
1.439566217094360168e+00 9.561181026946390105e-02
1.442220971382935479e+00 9.508839810643129886e-02
1.444880621396522402e+00 9.456633718988581572e-02
1.447545176163495206e+00 9.404562116666041749e-02
1.450214644728883950e+00 9.352624391226754819e-02
1.452889036154392244e+00 9.300819952870681417e-02
1.455568359518440102e+00 9.249148234227252963e-02
1.458252623916189039e+00 9.197608690136691023e-02
1.460941838459568265e+00 9.146200797431658369e-02
1.463636012277315990e+00 9.094924054718853124e-02
1.466335154515004291e+00 9.043777982161127493e-02
1.469039274335067091e+00 8.992762121259771646e-02
1.471748380916840349e+00 8.941876034636657422e-02
1.474462483456582484e+00 8.891119305816946872e-02
1.477181591167515240e+00 8.840491539011480215e-02
1.479905713279851209e+00 8.789992358899478830e-02
1.482634859040820041e+00 8.739621410411299585e-02
1.485369037714710183e+00 8.689378358510960187e-02
1.488108258582889087e+00 8.639262887978969851e-02
1.490852530943844512e+00 8.589274703194811622e-02
1.493601864113212274e+00 8.539413527919542668e-02
1.496356267423802455e+00 8.489679105078379306e-02
1.499115750225642696e+00 8.440071196542807408e-02
1.501880321885996850e+00 8.390589582913098032e-02
1.504649991789408059e+00 8.341234063300090318e-02
1.507424769337725845e+00 8.292004455107225558e-02
1.510204663950132975e+00 8.242900593812294008e-02
1.512989685063189205e+00 8.193922332748737603e-02
1.515779842130850152e+00 8.145069542887091452e-02
1.518575144624510376e+00 8.096342112615820263e-02
1.521375602033031127e+00 8.047739947522140891e-02
1.524181223862767665e+00 7.999262970172538179e-02
1.526992019637612330e+00 7.950911153321595093e-02
1.529807998899014754e+00 7.902685968607051081e-02
1.532629171206024932e+00 7.854590900031882539e-02
1.535455546135320981e+00 7.806629508885779001e-02
1.538287133281237118e+00 7.758805282986351581e-02
1.541123942255806956e+00 7.711121637092323289e-02
1.543965982688783711e+00 7.663581913332356832e-02
1.546813264227684170e+00 7.616189381648169610e-02
1.549665796537815998e+00 7.568947240252303643e-02
1.552523589302306606e+00 7.521858616099581785e-02
1.555386652222146449e+00 7.474926565371774190e-02
1.558254995016209676e+00 7.428154073975436200e-02
1.561128627421298320e+00 7.381544058051889290e-02
1.564007559192170271e+00 7.335099364499357566e-02
1.566891800101567256e+00 7.288822771506735243e-02
1.569781359940260579e+00 7.242716989098091362e-02
1.572676248517069997e+00 7.196784659688305885e-02
1.575576475658908793e+00 7.151028358648522931e-02
1.578482051210812642e+00 7.105450594881616844e-02
1.581392985035968035e+00 7.060053811407118740e-02
1.584309287015757128e+00 7.014840385954802804e-02
1.587230967049777286e+00 6.969812631567216810e-02
1.590158035055888153e+00 6.924972797209981434e-02
1.593090500970238521e+00 6.880323068390101215e-02
1.596028374747296086e+00 6.835865567781625185e-02
1.598971666359892296e+00 6.791602355858038231e-02
1.601920385799243451e+00 6.747535431531584416e-02
1.604874543074995996e+00 6.703666732798456429e-02
1.607834148215255166e+00 6.659998137390046868e-02
1.610799211266614961e+00 6.616531463429713156e-02
1.613769742294203002e+00 6.573268470094358051e-02
1.616745751381701401e+00 6.530210858281189357e-02
1.619727248631393612e+00 6.487360271278495849e-02
1.622714244164192410e+00 6.444718295440787781e-02
1.625706748119670308e+00 6.402286460867621931e-02
1.628704770656103307e+00 6.360066242085674060e-02
1.631708321950500862e+00 6.318059058734103173e-02
1.634717412198635200e+00 6.276266276252687182e-02
1.637732051615087281e+00 6.234689206572189418e-02
1.640752250433268777e+00 6.193329108807288375e-02
1.643778018905468041e+00 6.152187189950957674e-02
1.646809367302880078e+00 6.111264605570695257e-02
1.649846305915636524e+00 6.070562460506057079e-02
1.652888845052851385e+00 6.030081809566974205e-02
1.655936995042644355e+00 5.989823658233111442e-02
1.658990766232185887e+00 5.949788963353443844e-02
1.662050168987728282e+00 5.909978633846216939e-02
1.665115213694635443e+00 5.870393531398913206e-02
1.668185910757430168e+00 5.831034471167666211e-02
1.671262270599815913e+00 5.791902222476558171e-02
1.674344303664723865e+00 5.752997509515780233e-02
1.677432020414342917e+00 5.714321012039037806e-02
1.680525431330151198e+00 5.675873366059746433e-02
1.683624546912962705e+00 5.637655164545607445e-02
1.686729377682949282e+00 5.599666958111851334e-02
1.689839934179689029e+00 5.561909255712332162e-02
1.692956226962195831e+00 5.524382525328780380e-02
1.696078266608951335e+00 5.487087194657851857e-02
1.699206063717951354e+00 5.450023651795520702e-02
1.702339628906729851e+00 5.413192245919193346e-02
1.705478972812405569e+00 5.376593287966732054e-02
1.708624106091713779e+00 5.340227051312752826e-02
1.711775039421036926e+00 5.304093772441783455e-02
1.714931783496453033e+00 5.268193651617961160e-02
1.718094349033758128e+00 5.232526853551601465e-02
1.721262746768515095e+00 5.197093508061894490e-02
1.724436987456084536e+00 5.161893710736066565e-02
1.727617081871655857e+00 5.126927523584721980e-02
1.730803040810296789e+00 5.092194975692936054e-02
1.733994875086975362e+00 5.057696063867567898e-02
1.737192595536609208e+00 5.023430753280041378e-02
1.740396213014097304e+00 4.989398978104914867e-02
1.743605738394350402e+00 4.955600642154036478e-02
1.746821182572342090e+00 4.922035619505871207e-02
1.750042556463130117e+00 4.888703755130453105e-02
1.753269871001906344e+00 4.855604865509282470e-02
1.756503137144029170e+00 4.822738739250497647e-02
1.759742365865053948e+00 4.790105137699093157e-02
1.762987568160784280e+00 4.757703795541914915e-02
1.766238755047294218e+00 4.725534421407751040e-02
1.769495937560978005e+00 4.693596698461989514e-02
1.772759126758582937e+00 4.661890284996123707e-02
1.776028333717240670e+00 4.630414815011932306e-02
1.779303569534517848e+00 4.599169898800062328e-02
1.782584845328439638e+00 4.568155123513360089e-02
1.785872172237539246e+00 4.537370053734469943e-02
1.789165561420891226e+00 4.506814232037965884e-02
1.792465024058143452e+00 4.476487179546850825e-02
1.795770571349567968e+00 4.446388396483229311e-02
1.799082214516083633e+00 4.416517362713510281e-02
1.802399964799308973e+00 4.386873538287541785e-02
1.805723833461592154e+00 4.357456363972205676e-02
1.809053831786046285e+00 4.328265261779101758e-02
1.812389971076596717e+00 4.299299635486285992e-02
1.815732262658015461e+00 4.270558871154251507e-02
1.819080717875952713e+00 4.242042337636013627e-02
1.822435348096989705e+00 4.213749387081118514e-02
1.825796164708661129e+00 4.185679355433953586e-02
1.829163179119507765e+00 4.157831562925890651e-02
1.832536402759109118e+00 4.130205314561601754e-02
1.835915847078116947e+00 4.102799900599445743e-02
1.839301523548307005e+00 4.075614597025718072e-02
1.842693443662602792e+00 4.048648666023173942e-02
1.846091618935128187e+00 4.021901356433341818e-02
1.849496060901240524e+00 3.995371904213064485e-02
1.852906781117564572e+00 3.969059532885042818e-02
1.856323791162044046e+00 3.942963453982326755e-02
1.859747102633967142e+00 3.917082867487067105e-02
1.863176727154017387e+00 3.891416962263154200e-02
1.866612676364309609e+00 3.865964916483072278e-02
1.870054961928421688e+00 3.840725898048905074e-02
1.873503595531448518e+00 3.815699065007297636e-02
1.876958588880026424e+00 3.790883565958821227e-02
1.880419953702385794e+00 3.766278540461290292e-02
1.883887701748385934e+00 3.741883119427429766e-02
1.887361844789548382e+00 3.717696425516805320e-02
1.890842394619110634e+00 3.693717573521850678e-02
1.894329363052050796e+00 3.669945670748409744e-02
1.897822761925141322e+00 3.646379817390428546e-02
1.901322603096983199e+00 3.623019106899115493e-02
1.904828898448040375e+00 3.599862626346528316e-02
1.908341659880693708e+00 3.576909456783477353e-02
1.911860899319266505e+00 3.554158673592078960e-02
1.915386628710076700e+00 3.531609346832664809e-02
1.918918860021474382e+00 3.509260541585373927e-02
1.922457605243873546e+00 3.487111158361737295e-02
1.926002876389809160e+00 3.465156325632479106e-02
1.929554685493960475e+00 3.443387452947243438e-02
1.933113044613206100e+00 3.421795968366760088e-02
1.936677965826659520e+00 3.400373488953371132e-02
1.940249461235703743e+00 3.379111817162396697e-02
1.943827542964046140e+00 3.358002937429389878e-02
1.947412223157743982e+00 3.337039012946765165e-02
1.951003513985259508e+00 3.316212382622742844e-02
1.954601427637495004e+00 3.295515558216386559e-02
1.958205976327828557e+00 3.274941221642343331e-02
1.961817172292169786e+00 3.254482222438916106e-02
1.965435027788984268e+00 3.234131575393819902e-02
1.969059555099350378e+00 3.213882458321309227e-02
1.972690766526994377e+00 3.193728209985258887e-02
1.976328674398325935e+00 3.173662328162413226e-02
1.979973291062494534e+00 3.153678467840173583e-02
1.983624628891414998e+00 3.133770439543758640e-02
1.987282700279824121e+00 3.113932207787132797e-02
1.990947517645315745e+00 3.094157889642630208e-02
1.994619093428377399e+00 3.074441753424117171e-02
1.998297440092444699e+00 3.054778217478438737e-02
2.001982570123937766e+00 3.035161849080337398e-02
2.005674496032297416e+00 3.015587363425836775e-02
2.009373230350040451e+00 2.996049622719035299e-02
2.013078785632789192e+00 2.976543635347782268e-02
2.016791174459324321e+00 2.957064555143106011e-02
2.020510409431624854e+00 2.937607680717939374e-02
2.024236503174902779e+00 2.918168454880301285e-02
2.027969468337661230e+00 2.898742464116217665e-02
2.031709317591720687e+00 2.879325438137970983e-02
2.035456063632275825e+00 2.859913249492846213e-02
2.039209719177933255e+00 2.840501913227949649e-02
2.042970296970748389e+00 2.821087586606626715e-02
2.046737809776283168e+00 2.801666568871736748e-02
2.050512270383631819e+00 2.782235301051653661e-02
2.054293691605480809e+00 2.762790365804181081e-02
2.058082086278143930e+00 2.743328487294238380e-02
2.061877467261600927e+00 2.723846531100842031e-02
2.065679847439555239e+00 2.704341504148800868e-02
2.069489239719461970e+00 2.684810554661155868e-02
2.073305657032585181e+00 2.665250972127658144e-02
2.077129112334035188e+00 2.645660187285232487e-02
2.080959618602807648e+00 2.626035772106085492e-02
2.084797188841842619e+00 2.606375439789080858e-02
2.088641836078048541e+00 2.586677044750443008e-02
2.092493573362366188e+00 2.566938582609267633e-02
2.096352413769801970e+00 2.547158190163983579e-02
2.100218370399468792e+00 2.527334145355521200e-02
2.104091456374645119e+00 2.507464867212987752e-02
2.107971684842801174e+00 2.487548915778160438e-02
2.111859068975659781e+00 2.467584992004385677e-02
2.115753621969233667e+00 2.447571937626307967e-02
2.119655357043865429e+00 2.427508734996361439e-02
2.123564287444284826e+00 2.407394506884150825e-02
2.127480426439639416e+00 2.387228516235164605e-02
2.131403787323552290e+00 2.367010165884855105e-02
2.135334383414162929e+00 2.346738998224641090e-02
2.139272228054163616e+00 2.326414694816272485e-02
2.143217334610861613e+00 2.306037075950848059e-02
2.147169716476206691e+00 2.285606100149454104e-02
2.151129387066851528e+00 2.265121863601740615e-02
2.155096359824190788e+00 2.244584599539507092e-02
2.159070648214400645e+00 2.223994677542064438e-02
2.163052265728499179e+00 2.203352602770249427e-02
2.167041225882375244e+00 2.182659015126490673e-02
2.171037542216848859e+00 2.161914688337775517e-02
2.175041228297712070e+00 2.141120528959119390e-02
2.179052297715766251e+00 2.120277575294962982e-02
2.183070764086886495e+00 2.099386996235860087e-02
2.187096641052046486e+00 2.078450090008587478e-02
2.191129942277384224e+00 2.057468282837103188e-02
2.195170681454239325e+00 2.036443127512737455e-02
2.199218872299192551e+00 2.015376301871663403e-02
2.203274528554130196e+00 1.994269607177798220e-02
2.207337663986269849e+00 1.973124966410045103e-02
2.211408292388226560e+00 1.951944422452065592e-02
2.215486427578048811e+00 1.930730136183829090e-02
2.219572083399262041e+00 1.909484384473768281e-02
2.223665273720926816e+00 1.888209558070674463e-02
2.227766012437680576e+00 1.866908159394941452e-02
2.231874313469778048e+00 1.845582800228611625e-02
2.235990190763152974e+00 1.824236199303937503e-02
2.240113658289448750e+00 1.802871179790685105e-02
2.244244730046080605e+00 1.781490666682046531e-02
2.248383420056277782e+00 1.760097684079837965e-02
2.252529742369122623e+00 1.738695352379469872e-02
2.256683711059615849e+00 1.717286885355388815e-02
2.260845340228703648e+00 1.695875587148304095e-02
2.265014644003345179e+00 1.674464849155096746e-02
2.269191636536549872e+00 1.653058146823173716e-02
2.273376332007421841e+00 1.631659036350792055e-02
2.277568744621220720e+00 1.610271151295194006e-02
2.281768888609395862e+00 1.588898199090873348e-02
2.285976778229645401e+00 1.567543957480050168e-02
2.290192427765962879e+00 1.546212270858095955e-02
2.294415851528675443e+00 1.524907046536628195e-02
2.298647063854509565e+00 1.503632250927104327e-02
2.302886079106622130e+00 1.482391905648371491e-02
2.307132911674663944e+00 1.461190083561266125e-02
2.311387575974821917e+00 1.440030904734096971e-02
2.315650086449862144e+00 1.418918532342729362e-02
2.319920457569194294e+00 1.397857168509143710e-02
2.324198703828902257e+00 1.376851050082917964e-02
2.328484839751808533e+00 1.355904444369714773e-02
2.332778879887519974e+00 1.335021644811505356e-02
2.337080838812465533e+00 1.314206966623277135e-02
2.341390731129965985e+00 1.293464742390873501e-02
2.345708571470262349e+00 1.272799317635367120e-02
2.350034374490582945e+00 1.252215046348799550e-02
2.354368154875186914e+00 1.231716286506903332e-02
2.358709927335404632e+00 1.211307395564178990e-02
2.363059706609706545e+00 1.190992725936773806e-02
2.367417507463733362e+00 1.170776620479191919e-02
2.371783344690362227e+00 1.150663407960252939e-02
2.376157233109750244e+00 1.130657398544536972e-02
2.380539187569378878e+00 1.110762879285103789e-02
2.384929222944119243e+00 1.090984109633512042e-02
2.389327354136263182e+00 1.071325316973426901e-02
2.393733596075592995e+00 1.051790692183701519e-02
2.398147963719423181e+00 1.032384385237326840e-02
2.402570472052643513e+00 1.013110500842394519e-02
2.407001136087788318e+00 9.939730941310976134e-03
2.411439970865067561e+00 9.749761664032846956e-03
2.415886991452434351e+00 9.561236609303936165e-03
2.420342212945628457e+00 9.374195801746676091e-03
2.424805650468222495e+00 9.188703583044410816e-03
2.429277319171686766e+00 9.004844882841605072e-03
2.433757234235425226e+00 8.822700852340116182e-03
2.438245410866840324e+00 8.642347936521594526e-03
2.442741864301380517e+00 8.463857939657296395e-03
2.447246609802581130e+00 8.287298097135641778e-03
2.451759662662137629e+00 8.112731153140035137e-03
2.456281038199933597e+00 7.940215443720971891e-03
2.460810751764113569e+00 7.769804984806508857e-03
2.465348818731125213e+00 7.601549564711673236e-03
2.469895254505765081e+00 7.435494840711166439e-03
2.474450074521245657e+00 7.271682439252618452e-03
2.479013294239240661e+00 7.110150059400175727e-03
2.483584929149929454e+00 6.950931579108372838e-03
2.488164994772067651e+00 6.794057163939187793e-03
2.492753506653019535e+00 6.639553377850976497e-03
2.497350480368827785e+00 6.487443295697811578e-03
2.501955931524260102e+00 6.337746617095959406e-03
2.506569875752853171e+00 6.190479781326371257e-03
2.511192328716985500e+00 6.045656082956318844e-03
2.515823306107907165e+00 5.903285787881913660e-03
2.520462823645814421e+00 5.763376249502626635e-03
2.525110897079891892e+00 5.625932024760037058e-03
2.529767542188362306e+00 5.490954989783648418e-03
2.534432774778553554e+00 5.358444454903324612e-03
2.539106610686935550e+00 5.228397278803935747e-03
2.543789065779189951e+00 5.100807981609703848e-03
2.548480155950257231e+00 4.975668856703632445e-03
2.553179897124382869e+00 4.852970081099265177e-03
2.557888305255187511e+00 4.732699824196258051e-03
2.562605396325703833e+00 4.614844354767199015e-03
2.567331186348446703e+00 4.499388146032871558e-03
2.572065691365459372e+00 4.386313978699660568e-03
2.576808927448362319e+00 4.275603041843220944e-03
2.581560910698423861e+00 4.167235031534817329e-03
2.586321657246594352e+00 4.061188247120504045e-03
2.591091183253580787e+00 3.957439685071288855e-03
2.595869504909892100e+00 3.855965130336966740e-03
2.600656638435886236e+00 3.756739245144029900e-03
2.605452600081845649e+00 3.659735655188565626e-03
2.610257406128008828e+00 3.564927033186330273e-03
2.615071072884645353e+00 3.472285179747989364e-03
2.619893616692102967e+00 3.381781101559211931e-03
2.624725053920855533e+00 3.293385086851576514e-03
2.629565400971577649e+00 3.207066778157529035e-03
2.634414674275176171e+00 3.122795242351994634e-03
2.639272890292869711e+00 3.040539037986688103e-03
2.644140065516230820e+00 2.960266279932665615e-03
2.649016216467238394e+00 2.881944701350141157e-03
2.653901359698350504e+00 2.805541713010493033e-03
2.658795511792538591e+00 2.731024460001774817e-03
2.663698689363364736e+00 2.658359875850931607e-03
2.668610909055027847e+00 2.587514734102804113e-03
2.673532187542412952e+00 2.518455697398076527e-03
2.678462541531166696e+00 2.451149364095796170e-03
2.683401987757732421e+00 2.385562312490619244e-03
2.688350542989425662e+00 2.321661142675397142e-03
2.693308224024483888e+00 2.259412516104318709e-03
2.698275047692113571e+00 2.198783192912604455e-03
2.703251030852567904e+00 2.139740067050352468e-03
2.708236190397181442e+00 2.082250199291276523e-03
2.713230543248447812e+00 2.026280848176045118e-03
2.718234106360066793e+00 1.971799498953049658e-03
2.723246896716995824e+00 1.918773890578826533e-03
2.728268931335525060e+00 1.867172040841170565e-03
2.733300227263314230e+00 1.816962269669146913e-03
2.738340801579469908e+00 1.768113220692848304e-03
2.743390671394594360e+00 1.720593881117273623e-03
2.748449853850836178e+00 1.674373599973442940e-03
2.753518366121964878e+00 1.629422104809686266e-03
2.758596225413419756e+00 1.585709516886062631e-03
2.763683448962361844e+00 1.543206364933682540e-03
2.768780054037750737e+00 1.501883597539845376e-03
2.773886057940381011e+00 1.461712594219935404e-03
2.779001478002960823e+00 1.422665175234712415e-03
2.784126331590162096e+00 1.384713610211868321e-03
2.789260636098670698e+00 1.347830625628816496e-03
2.794404408957266828e+00 1.311989411212420836e-03
2.799557667626858759e+00 1.277163625310967065e-03
2.804720429600564557e+00 1.243327399291026042e-03
2.809892712403761816e+00 1.210455341011868738e-03
2.815074533594138728e+00 1.178522537427727961e-03
2.820265910761774020e+00 1.147504556366997974e-03
2.825466861529172036e+00 1.117377447536508847e-03
2.830677403551346227e+00 1.088117742796585732e-03
2.835897554515865782e+00 1.059702455752164346e-03
2.841127332142912021e+00 1.032109080702941313e-03
2.846366754185353898e+00 1.005315590994304608e-03
2.851615838428789296e+00 9.793004368095692067e-04
2.856874602691622744e+00 9.540425424419699202e-04
2.862143064825118710e+00 9.295213030839931173e-04
2.867421242713453111e+00 9.057165811697585715e-04
2.872709154273794141e+00 8.826087023047144960e-04
2.878006817456340460e+00 8.601784508158978127e-04
2.883314250244401133e+00 8.384070649539346982e-04
2.888631470654450251e+00 8.172762317772215741e-04
2.893958496736176222e+00 7.967680817469726881e-04
2.899295346572567045e+00 7.768651830604735280e-04
2.904642038279944938e+00 7.575505357489947106e-04
2.909998590008051167e+00 7.388075655648933824e-04
2.915365019940096225e+00 7.206201176818698324e-04
2.920741346292815344e+00 7.029724502306719221e-04
2.926127587316548873e+00 6.858492276914669034e-04
2.931523761295281361e+00 6.692355141632411837e-04
2.936929886546725488e+00 6.531167665289858192e-04
2.942345981422372247e+00 6.374788275349124733e-04
2.947772064307548678e+00 6.223079188004956505e-04
2.953208153621496468e+00 6.075906337752807118e-04
2.958654267817415029e+00 5.933139306576111320e-04
2.964110425382541436e+00 5.794651252891624364e-04
2.969576644838206825e+00 5.660318840386358496e-04
2.975052944739887906e+00 5.530022166868982713e-04
2.980539343677293562e+00 5.403644693250263167e-04
2.986035860274401266e+00 5.281073172761828558e-04
2.991542513189543673e+00 5.162197580511193248e-04
2.997059321115461472e+00 5.046911043467582677e-04
3.002586302779358451e+00 4.935109770964230414e-04
3.008123476942985430e+00 4.826692985795871848e-04
3.013670862402681561e+00 4.721562855986443405e-04
3.019228477989456039e+00 4.619624427293156171e-04
3.024796342569047169e+00 4.520785556509844430e-04
3.030374475041973881e+00 4.424956845626177443e-04
3.035962894343622764e+00 4.332051576893947826e-04
3.041561619444286713e+00 4.241985648848501387e-04
3.047170669349252847e+00 4.154676775999744331e-04
3.052790063098856699e+00 4.070031592801493653e-04
3.058419819768535497e+00 3.987948408208762531e-04
3.064059958468916101e+00 3.908329510210699202e-04
3.069710498345866512e+00 3.831081394396551403e-04
3.075371458580552275e+00 3.756114560085382003e-04
3.081042858389525740e+00 3.683343317309909848e-04
3.086724717024763365e+00 3.612685604031799541e-04
3.092417053773754532e+00 3.544062813001982309e-04
3.098119887959558394e+00 3.477399627717814735e-04
3.103833238940857608e+00 3.412623866960790746e-04
3.109557126112048042e+00 3.349666337430327336e-04
3.115291568903278741e+00 3.288460694019362265e-04
3.121036586780539857e+00 3.228943307303307653e-04
3.126792199245720383e+00 3.171053137841340188e-04
3.132558425836662330e+00 3.114731616912113006e-04
3.138335286127252655e+00 3.059922533327946769e-04
3.144122799727460560e+00 3.006571925994554998e-04
3.149920986283429869e+00 2.954627981900780770e-04
3.155729865477533203e+00 2.904040939243229835e-04
3.161549457028432375e+00 2.854762995406961773e-04
3.167379780691163660e+00 2.806748219539834631e-04
3.173220856257183087e+00 2.759952469473973889e-04
3.179072703554453483e+00 2.714333312761026476e-04
3.184935342447503537e+00 2.669849951602466928e-04
3.190808792837485530e+00 2.626463151468025402e-04
3.196693074662264156e+00 2.584135173207202586e-04
3.202588207896460037e+00 2.542829708470541053e-04
3.208494212551539437e+00 2.502511818266736176e-04
3.214411108675871542e+00 2.463147874492567068e-04
3.220338916354788417e+00 2.424705504280951667e-04
3.226277655710675596e+00 2.387153537021364483e-04
3.232227346903012943e+00 2.350461953915367573e-04
3.238188010128467464e+00 2.314601839936798939e-04
3.244159665620951927e+00 2.279545338074271277e-04
3.250142333651682591e+00 2.245265605739753527e-04
3.256136034529272028e+00 2.211736773233414480e-04
3.262140788599771746e+00 2.178933904161463070e-04
3.268156616246763679e+00 2.146832957708363888e-04
3.274183537891419693e+00 2.115410752671153887e-04
3.280221573992561979e+00 2.084644933167828789e-04
3.286270745046753206e+00 2.054513935936595856e-04
3.292331071588342706e+00 2.024996959147732094e-04
3.298402574189557068e+00 1.996073932653091810e-04
3.304485273460561423e+00 1.967725489603017013e-04
3.310579190049518505e+00 1.939932939363751016e-04
3.316684344642682358e+00 1.912678241671728323e-04
3.322800757964441853e+00 1.885943981965071978e-04
3.328928450777414838e+00 1.859713347834883110e-04
3.335067443882507199e+00 1.833970106542643285e-04
3.341217758118976366e+00 1.808698583552221107e-04
3.347379414364521466e+00 1.783883642027768511e-04
3.353552433535330835e+00 1.759510663251520049e-04
3.359736836586174835e+00 1.735565527917248602e-04
3.365932644510466698e+00 1.712034598257950965e-04
3.372139878340325581e+00 1.688904700968001278e-04
3.378358559146665385e+00 1.666163110881968611e-04
3.384588708039258265e+00 1.643797535374449590e-04
3.390830346166795906e+00 1.621796099446717355e-04
3.397083494716983232e+00 1.600147331467600606e-04
3.403348174916586366e+00 1.578840149537990038e-04
3.409624408031525000e+00 1.557863848449164213e-04
3.415912215366937676e+00 1.537208087207251922e-04
3.422211618267240407e+00 1.516862877096894306e-04
3.428522638116226595e+00 1.496818570258594109e-04
3.434845296337109222e+00 1.477065848755715837e-04
3.441179614392619879e+00 1.457595714107586871e-04
3.447525613785069609e+00 1.438399477266881054e-04
3.453883316056412411e+00 1.419468749020020009e-04
3.460252742788342495e+00 1.400795430790325214e-04
3.466633915602340466e+00 1.382371705824871934e-04
3.473026856159768361e+00 1.364190030746322468e-04
3.479431586161937151e+00 1.346243127452341059e-04
3.485848127350165360e+00 1.328523975345656581e-04
3.492276501505880759e+00 1.311025803878478817e-04
3.498716730450663892e+00 1.293742085396152079e-04
3.505168836046349323e+00 1.276666528264848942e-04
3.511632840195086480e+00 1.259793070269485101e-04
3.518108764839405378e+00 1.243115872268085709e-04
3.524596631962314319e+00 1.226629312089554851e-04
3.531096463587348300e+00 1.210327978662563154e-04
3.537608281778665820e+00 1.194206666363333257e-04
3.544132108641116830e+00 1.178260369571036031e-04
3.550667966320302238e+00 1.162484277419735979e-04
3.557215877002679161e+00 1.146873768736174321e-04
3.563775862915603998e+00 1.131424407153501277e-04
3.570347946327433686e+00 1.116131936390943189e-04
3.576932149547592310e+00 1.100992275690253550e-04
3.583528494926633723e+00 1.086001515399910697e-04
3.590137004856344127e+00 1.071155912698360641e-04
3.596757701769788262e+00 1.056451887448211054e-04
3.603390608141412432e+00 1.041886018173227821e-04
3.610035746487107122e+00 1.027455038150707373e-04
3.616693139364276277e+00 1.013155831611825531e-04
3.623362809371935445e+00 9.989854300428853125e-05
3.630044779150761958e+00 9.849410085809517327e-05
3.636739071383197075e+00 9.710198824971770005e-05
3.643445708793511262e+00 9.572195037618814778e-05
3.650164714147869915e+00 9.435374576853737473e-05
3.656896110254438170e+00 9.299714596288387368e-05
3.663639919963426195e+00 9.165193517800605913e-05
3.670396166167195773e+00 9.031790999886328726e-05
3.677164871800324697e+00 8.899487906559438717e-05
3.683946059839672937e+00 8.768266276751974456e-05
3.690739753304489668e+00 8.638109294169460861e-05
3.697545975256459005e+00 8.509001257561715640e-05
3.704364748799803930e+00 8.380927551366495250e-05
3.711196097081356893e+00 8.253874616690415821e-05
3.718040043290623320e+00 8.127829922591546551e-05
3.724896610659888641e+00 8.002781937628687030e-05
3.731765822464267135e+00 7.878720101648846485e-05
3.738647702021806296e+00 7.755634797781210687e-05
3.745542272693555663e+00 7.633517324612547382e-05
3.752449557883634768e+00 7.512359868518313992e-05
3.759369581039333053e+00 7.392155476125976995e-05
3.766302365651181816e+00 7.272898026890517779e-05
3.773247935253020380e+00 7.154582205763087709e-05
3.780206313422101783e+00 7.037203475934576159e-05
3.787177523779144295e+00 6.920758051640833047e-05
3.794161589988437555e+00 6.805242871014700445e-05
3.801158535757910961e+00 6.690655568974638722e-05
3.808168384839202947e+00 6.576994450140347971e-05
3.815191161027768896e+00 6.464258461767018735e-05
3.822226888162930880e+00 6.352447166693930792e-05
3.829275590127985129e+00 6.241560716301939693e-05
3.836337290850271753e+00 6.131600760577471409e-05
3.843412014301244906e+00 6.022585040977112658e-05
3.850499784496580702e+00 5.914543435897256059e-05
3.857600625496228286e+00 5.807504601992309037e-05
3.864714561404516857e+00 5.701495581389930096e-05
3.871841616370228945e+00 5.596541825429081764e-05
3.878981814586668353e+00 5.492667219723610820e-05
3.886135180291769853e+00 5.389894110457601453e-05
3.893301737768150694e+00 5.288243331822120894e-05
3.900481511343220742e+00 5.187734234501714675e-05
3.907674525389252640e+00 5.088384715123412522e-05
3.914880804323453312e+00 4.990211246581096726e-05
3.922100372608073204e+00 4.893228909150016727e-05
3.929333254750459137e+00 4.797451422310051398e-05
3.936579475303165321e+00 4.702891177195581238e-05
3.943839058864023084e+00 4.609559269595141185e-05
3.951112030076214143e+00 4.517465533424007841e-05
3.958398413628381629e+00 4.426618574595996708e-05
3.965698234254681598e+00 4.337025805224068814e-05
3.973011516734894943e+00 4.248693478079912573e-05
3.980338285894500672e+00 4.161626721247280029e-05
3.987678566604746067e+00 4.075829572904964541e-05
3.995032383782762153e+00 3.991305016177953784e-05
4.002399762391612548e+00 3.908055013999286526e-05
4.009780727440409365e+00 3.826080543925296175e-05
4.017175303984384271e+00 3.745381632852298309e-05
4.024583517124963095e+00 3.665957391583139248e-05
4.032005392009876843e+00 3.587806049195401358e-05
4.039440953833216774e+00 3.510924987166497022e-05
4.046890227835548082e+00 3.435310773211400925e-05
4.054353239303982726e+00 3.360959194793550274e-05
4.061830013572252263e+00 3.287865292270318737e-05
4.069320576020825087e+00 3.216023391637131616e-05
4.076824952076957054e+00 3.145427136837887955e-05
4.084343167214807835e+00 3.076069521609694769e-05
4.091875246955514633e+00 3.007942920834099558e-05
4.099421216867267681e+00 2.941039121368405860e-05
4.106981102565424813e+00 2.875349352332191443e-05
4.114554929712563869e+00 2.810864314828188403e-05
4.122142724018601712e+00 2.747574211076293769e-05
4.129744511240867944e+00 2.685468772943790290e-05
4.137360317184178626e+00 2.624537289855437803e-05
4.144990167700956185e+00 2.564768636068857400e-05
4.152634088691278258e+00 2.506151297303919480e-05
4.160292106103002041e+00 2.448673396714490678e-05
4.167964245931832679e+00 2.392322720194607716e-05
4.175650534221404975e+00 2.337086741011442682e-05
4.183350997063392640e+00 2.282952643759058673e-05
4.191065660597587339e+00 2.229907347629484667e-05
4.198794551011971521e+00 2.177937528997840082e-05
4.206537694542840988e+00 2.127029643319847799e-05
4.214295117474855523e+00 2.077169946342370278e-05
4.222066846141161456e+00 2.028344514626996182e-05
4.229852906923468048e+00 1.980539265389710579e-05
4.237653326252120323e+00 1.933739975659598773e-05
4.245468130606224300e+00 1.887932300760505845e-05
4.253297346513697619e+00 1.843101792121783772e-05
4.261141000551393887e+00 1.799233914423178145e-05
4.268999119345177284e+00 1.756314062081815251e-05
4.276871729569998948e+00 1.714327575088440506e-05
4.284758857950023092e+00 1.673259754201408730e-05
4.292660531258676748e+00 1.633095875507969944e-05
4.300576776318774996e+00 1.593821204362055570e-05
4.308507620002596461e+00 1.555421008709239345e-05
4.316453089231965023e+00 1.517880571809631615e-05
4.324413210978367950e+00 1.481185204369667635e-05
4.332388012263013621e+00 1.445320256095016591e-05
4.340377520156954994e+00 1.410271126676003640e-05
4.348381761781169530e+00 1.376023276218495222e-05
4.356400764306632922e+00 1.342562235132582321e-05
4.364434554954446988e+00 1.309873613491874746e-05
4.372483160995896512e+00 1.277943109876844262e-05
4.380546609752568266e+00 1.246756519715046241e-05
4.388624928596438046e+00 1.216299743131967357e-05
4.396718144949942619e+00 1.186558792325838727e-05
4.404826286286106729e+00 1.157519798479808295e-05
4.412949380128605270e+00 1.129169018225438177e-05
4.421087454051879639e+00 1.101492839670742696e-05
4.429240535681223889e+00 1.074477788006610016e-05
4.437408652692864663e+00 1.048110530705095686e-05
4.445591832814082878e+00 1.022377882322899049e-05
4.453790103823275892e+00 9.972668089237442823e-06
4.462003493550081856e+00 9.727644321325841707e-06
4.470232029875458757e+00 9.488580328350837539e-06
4.478475740731769683e+00 9.255350545352787530e-06
4.486734654102904507e+00 9.027831063841959127e-06
4.495008798024342944e+00 8.805899658923299869e-06
4.503298200583278010e+00 8.589435813382317297e-06
4.511602889918701287e+00 8.378320738857024920e-06
4.519922894221480192e+00 8.172437394216412477e-06
4.528258241734490319e+00 7.971670501262732557e-06
4.536608960752672282e+00 7.775906557876571020e-06
4.544975079623157832e+00 7.585033848716125039e-06
4.553356626745358682e+00 7.398942453583986180e-06
4.561753630571041107e+00 7.217524253570625478e-06
4.570166119604461841e+00 7.040672935078903620e-06
4.578594122402423139e+00 6.868283991836936323e-06
4.587037667574404232e+00 6.700254724997343725e-06
4.595496783782643035e+00 6.536484241423747630e-06
4.603971499742223195e+00 6.376873450259762903e-06
4.612461844221197538e+00 6.221325057872868928e-06
4.620967846040656468e+00 6.069743561265637613e-06
4.629489534074852308e+00 5.922035240039808160e-06
4.638026937251285453e+00 5.778108147000488537e-06
4.646580084550787859e+00 5.637872097481968261e-06
4.655149005007651830e+00 5.501238657474041874e-06
4.663733727709710841e+00 5.368121130627919604e-06
4.672334281798429245e+00 5.238434544214787706e-06
4.680950696469026617e+00 5.112095634108867220e-06
4.689583000970547033e+00 4.989022828865354499e-06
4.698231224605987855e+00 4.869136232958414213e-06
4.706895396732382331e+00 4.752357609245029990e-06
4.715575546760890191e+00 4.638610360715558438e-06
4.724271704156928209e+00 4.527819511589908712e-06
4.732983898440231485e+00 4.419911687818002973e-06
4.741712159184987563e+00 4.314815097036826229e-06
4.750456516019924358e+00 4.212459508038208787e-06
4.759216998628392759e+00 4.112776229796971492e-06
4.767993636748505182e+00 4.015698090106215390e-06
4.776786460173194193e+00 3.921159413867407355e-06
4.785595498750349286e+00 3.829096001076937381e-06
4.794420782382903923e+00 3.739445104552298799e-06
4.803262341028921689e+00 3.652145407436825278e-06
4.812120204701733073e+00 3.567137000520274822e-06
4.820994403469995859e+00 3.484361359412362486e-06
4.829884967457835465e+00 3.403760585241383623e-06
4.838791926844929314e+00 3.325267157239200761e-06
4.847715311866593879e+00 3.248807518978908865e-06
4.856655152813926790e+00 3.174310967230290379e-06
4.865611480033864567e+00 3.101709752627640931e-06
4.874584323929321172e+00 3.030938946409147085e-06
4.883573714959281276e+00 2.961936313846092189e-06
4.892579683638881072e+00 2.894642193990595131e-06
4.901602260539553058e+00 2.828999385392091690e-06
4.910641476289088203e+00 2.764953037454979934e-06
4.919697361571772731e+00 2.702450547126666400e-06
4.928769947128478712e+00 2.641441460625355395e-06
4.937859263756755546e+00 2.581877379932737862e-06
4.946965342310964076e+00 2.523711873792359779e-06
4.956088213702348533e+00 2.466900392970610171e-06
4.965227908899170650e+00 2.411400189549422896e-06
4.974384458926801145e+00 2.357170240034747939e-06
4.983557894867812088e+00 2.304171172075833518e-06
4.992748247862115463e+00 2.252365194602287411e-06
5.001955549107028887e+00 2.201716031197636768e-06
5.011179829857418611e+00 2.152188856536471000e-06
5.020421121425788336e+00 2.103750235724330994e-06
5.029679455182369807e+00 2.056368066386387111e-06
5.038954862555267589e+00 2.010011523360624492e-06
5.048247375030523898e+00 1.964651005859361141e-06
5.057557024152258052e+00 1.920258086969798789e-06
5.066883841522765053e+00 1.876805465372192837e-06
5.076227858802599080e+00 1.834266919160631878e-06
5.085589107710725365e+00 1.792617261657300993e-06
5.094967620024578814e+00 1.751832299118430730e-06
5.104363427580214108e+00 1.711888790234075295e-06
5.113776562272395410e+00 1.672764407330662872e-06
5.123207056054689623e+00 1.634437699189529373e-06
5.132654940939604948e+00 1.596888055399457442e-06
5.142120248998685916e+00 1.560095672166138389e-06
5.151603012362605760e+00 1.524041519505487543e-06
5.161103263221312076e+00 1.488707309751448218e-06
5.170621033824092549e+00 1.454075467313731503e-06
5.180156356479725055e+00 1.420129099623141982e-06
5.189709263556566476e+00 1.386851969207001885e-06
5.199279787482652182e+00 1.354228466839407975e-06
5.208867960745838133e+00 1.322243585714389118e-06
5.218473815893872825e+00 1.290882896593458811e-06
5.228097385534542063e+00 1.260132523880901072e-06
5.237738702335764884e+00 1.229979122583601834e-06
5.247397799025689480e+00 1.200409856114274427e-06
5.257074708392837969e+00 1.171412374899230414e-06
5.266769463286181008e+00 1.142974795754492745e-06
5.276482096615280781e+00 1.115085681995691006e-06
5.286212641350389596e+00 1.087734024249556816e-06
5.295961130522545801e+00 1.060909221936626555e-06
5.305727597223723002e+00 1.034601065396369027e-06
5.315512074606897563e+00 1.008799718628203272e-06
5.325314595886203151e+00 9.834957026228009446e-07
5.335135194337023101e+00 9.586798792603493308e-07
5.344973903296089013e+00 9.343434357533972737e-07
5.354830756161632621e+00 9.104778696133588809e-07
5.364705786393453302e+00 8.870749741215359987e-07
5.374599027513073501e+00 8.641268242860318191e-07
5.384510513103830220e+00 8.416257632677945310e-07
5.394440276810978929e+00 8.195643892598008347e-07
5.404388352341843671e+00 7.979355428043190728e-07
5.414354773465885451e+00 7.767322945347370390e-07
5.424339574014858556e+00 7.559479333286297872e-07
5.434342787882907366e+00 7.355759548603524481e-07
5.444364449026664055e+00 7.156100505418032578e-07
5.454404591465406682e+00 6.960440968407965214e-07
5.464463249281123147e+00 6.768721449677075018e-07
5.474540456618672835e+00 6.580884109209191959e-07
5.484636247685880761e+00 6.396872658830553107e-07
5.494750656753640605e+00 6.216632269600409319e-07
5.504883718156067474e+00 6.040109482556696602e-07
5.515035466290571620e+00 5.867252122751616268e-07
5.525205935618013875e+00 5.698009216511469293e-07
5.535395160662804237e+00 5.532330911864423550e-07
5.545603176013004898e+00 5.370168402080198559e-07
5.555830016320483900e+00 5.211473852269801814e-07
5.566075716300990628e+00 5.056200328998910929e-07
5.576340310734312133e+00 4.904301732866694837e-07
5.586623834464374383e+00 4.755732734008998243e-07
5.596926322399341736e+00 4.610448710484013076e-07
5.607247809511778591e+00 4.468405689499734887e-07
5.617588330838717781e+00 4.329560291447644706e-07
5.627947921481825766e+00 4.193869676702922251e-07
5.638326616607498565e+00 4.061291495157200146e-07
5.648724451446968331e+00 3.931783838447500760e-07
5.659141461296460562e+00 3.805305194845340373e-07
5.669577681517267820e+00 3.681814406772714919e-07
5.680033147535912263e+00 3.561270630907252094e-07
5.690507894844247794e+00 3.443633300842759175e-07
5.701001958999560415e+00 3.328862092268015131e-07
5.711515375624728996e+00 3.216916890625902851e-07
5.722048180408322970e+00 3.107757761216033961e-07
5.732600409104710693e+00 3.001344921700927564e-07
5.743172097534219311e+00 2.897638716974662865e-07
5.753763281583209377e+00 2.796599596353315818e-07
5.764373997204240041e+00 2.698188093041808448e-07
5.775004280416168534e+00 2.602364805833691626e-07
5.785654167304262963e+00 2.509090382995896962e-07
5.796323694020355966e+00 2.418325508289321455e-07
5.807012896782928202e+00 2.330030889075933283e-07
5.817721811877270000e+00 2.244167246458040133e-07
5.828450475655587049e+00 2.160695307396484305e-07
5.839198924537102542e+00 2.079575798750703696e-07
5.849967195008228593e+00 2.000769443181579174e-07
5.860755323622638180e+00 1.924236956857766231e-07
5.871563347001432120e+00 1.849939048901642268e-07
5.882391301833245656e+00 1.777836422511735624e-07
5.893239224874355031e+00 1.707889777694891497e-07
5.904107152948842696e+00 1.640059815539956029e-07
5.914995122948677242e+00 1.574307243964224374e-07
5.925903171833879490e+00 1.510592784860470983e-07
5.936831336632627298e+00 1.448877182572717816e-07
5.947779654441366581e+00 1.389121213626308278e-07
5.958748162424978290e+00 1.331285697636871275e-07
5.969736897816857457e+00 1.275331509322510488e-07
5.980745897919078402e+00 1.221219591541206591e-07
5.991775200102507526e+00 1.168910969275988848e-07
6.002824841806907230e+00 1.118366764489186080e-07
6.013894860541111775e+00 1.069548211766199945e-07
6.024985293883099224e+00 1.022416674670464824e-07
6.036096179480167301e+00 9.769336627292553416e-08
6.047227555049039083e+00 9.330608489719581549e-08
6.058379458375974025e+00 8.907600879414804708e-08
6.069551927316939377e+00 8.499934341003745881e-08
6.080744999797688344e+00 8.107236160553412525e-08
6.091958713813935056e+00 7.729195503820136830e-08
6.103193107431460263e+00 7.365534094690600249e-08
6.114448218786226796e+00 7.015958370183520497e-08
6.125724086084549214e+00 6.680160466150745090e-08
6.137020747603173731e+00 6.357820219720972479e-08
6.148338241689454975e+00 6.048607071114082334e-08
6.159676606761463447e+00 5.752181863360614692e-08
6.171035881308099214e+00 5.468198539185958808e-08
6.182416103889267767e+00 5.196305734996022692e-08
6.193817313135956404e+00 4.936148272515953984e-08
6.205239547750414530e+00 4.687368549182475304e-08
6.216682846506262905e+00 4.449607828890962591e-08
6.228147248248605550e+00 4.222507435134403842e-08
6.239632791894210939e+00 4.005709848953949971e-08
6.251139516431586607e+00 3.798859714460313953e-08
6.262667460921160334e+00 3.601604754959079124e-08
6.274216664495392948e+00 3.413596602956819088e-08
6.285787166358891120e+00 3.234491547513096773e-08
6.297379005788587669e+00 3.063951202553741307e-08
6.308992222133817940e+00 2.901643099878562438e-08
6.320626854816504547e+00 2.747241210667293890e-08
6.332282943331270175e+00 2.600426399340260652e-08
6.343960527245549486e+00 2.460886813641728971e-08
6.355659646199764978e+00 2.328318214805055873e-08
6.367380339907443343e+00 2.202424251626634008e-08
6.379122648155325592e+00 2.082916682218912092e-08
6.390886610803552692e+00 1.969515547139685239e-08
6.402672267785747273e+00 1.861949297507902129e-08
6.414479659109193044e+00 1.759954881610295051e-08
6.426308824854955581e+00 1.663277793391443932e-08
6.438159805177991579e+00 1.571672086094891222e-08
6.450032640307338916e+00 1.484900354190557263e-08
6.461927370546193927e+00 1.402733686588946904e-08
6.473844036272099700e+00 1.324951593997673645e-08
6.485782677937058871e+00 1.251341913134184913e-08
6.497743336067655306e+00 1.181700690360677358e-08
6.509726051265233515e+00 1.115832047160827549e-08
6.521730864205987466e+00 1.053548029733552778e-08
6.533757815641143551e+00 9.946684448325510985e-09
6.545806946397077830e+00 9.390206838406442307e-09
6.557878297375435928e+00 8.864395369277702547e-09
6.569971909553319556e+00 8.367669990066621201e-09
6.582087823983370001e+00 7.898520690702954328e-09
6.594226081793954641e+00 7.455505443672324151e-09
6.606386724189287740e+00 7.037248107513408152e-09
6.618569792449550349e+00 6.642436304250605848e-09
6.630775327931075935e+00 6.269819281847876680e-09
6.643003372066436540e+00 5.918205771723788514e-09
6.655253966364634621e+00 5.586461850357783254e-09
6.667527152411216740e+00 5.273508813089944132e-09
6.679822971868402348e+00 4.978321067320809393e-09
6.692141466475267642e+00 4.699924051491109364e-09
6.704482678047831712e+00 4.437392185448378039e-09
6.716846648479252835e+00 4.189846857075426465e-09
6.729233419739941269e+00 3.956454449395513876e-09
6.741643033877689817e+00 3.736424411737133681e-09
6.754075533017857680e+00 3.529007377973020285e-09
6.766530959363463715e+00 3.333493334321860689e-09
6.779009355195372954e+00 3.149209838712541597e-09
6.791510762872424500e+00 2.975520293276556630e-09
6.804035224831550543e+00 2.811822271128623317e-09
6.816582783587970873e+00 2.657545898232942577e-09
6.829153481735280806e+00 2.512152290828748452e-09
6.841747361945646588e+00 2.375132048589383340e-09
6.854364466969926184e+00 2.246003803431911430e-09
6.867004839637795399e+00 2.124312823658357869e-09
6.879668522857940616e+00 2.009629672903809057e-09
6.892355559618151162e+00 1.901548923189102684e-09
6.905065992985512935e+00 1.799687921215479308e-09
6.917799866106530970e+00 1.703685606906686573e-09
6.930557222207260004e+00 1.613201383086916779e-09
6.943338104593496318e+00 1.527914035086738608e-09
6.956142556650869224e+00 1.447520698989841657e-09
6.968970621845038238e+00 1.371735877167059545e-09
6.981822343721820978e+00 1.300290499694824967e-09
6.994697765907316622e+00 1.232931030215399319e-09
7.007596932108105747e+00 1.169418614768931246e-09
7.020519886111340035e+00 1.109528272111568083e-09
7.033466671784944779e+00 1.053048124023349526e-09
7.046437333077741449e+00 9.997786641117457305e-10
7.059431914019577370e+00 9.495320636216583206e-10
7.072450458721520228e+00 9.021315127764205298e-10
7.085493011375982420e+00 8.574105961930477704e-10
7.098559616256852500e+00 8.152127009373799431e-10
7.111650317719695025e+00 7.753904558118800539e-10
7.124765160201842917e+00 7.378052004999021355e-10
7.137904188222599977e+00 7.023264832223375264e-10
7.151067446383368775e+00 6.688315855992171671e-10
7.164254979367781218e+00 6.372050734455033561e-10
7.177466831941901049e+00 6.073383722691437468e-10
7.190703048954318000e+00 5.791293662800425686e-10
7.203963675336350292e+00 5.524820197582542343e-10
7.217248756102174312e+00 5.273060196717325104e-10
7.230558336348958726e+00 5.035164384747763477e-10
7.243892461257065207e+00 4.810334160594298247e-10
7.257251176090146139e+00 4.597818598738554238e-10
7.270634526195347114e+00 4.396911622613052644e-10
7.284042557003441054e+00 4.206949341143268443e-10
7.297475314028956994e+00 4.027307539776025571e-10
7.310932842870391468e+00 3.857399317714781630e-10
7.324415189210299104e+00 3.696672863463329989e-10
7.337922398815501346e+00 3.544609361140007982e-10
7.351454517537222344e+00 3.400721020387888060e-10
7.365011591311216854e+00 3.264549223049058360e-10
7.378593666157982511e+00 3.135662780106141420e-10
7.392200788182855753e+00 3.013656292721988176e-10
7.405833003576217877e+00 2.898148611515865731e-10
7.419490358613634484e+00 2.788781388520129577e-10
7.433172899655983379e+00 2.685217716548592860e-10
7.446880673149671281e+00 2.587140850985517751e-10
7.460613725626726200e+00 2.494253009273926514e-10
7.474372103705012371e+00 2.406274243633842039e-10
7.488155854088360819e+00 2.322941382789694832e-10
7.501965023566709689e+00 2.244007038717057486e-10
7.515799659016313861e+00 2.169238674644669564e-10
7.529659807399845306e+00 2.098417730761215076e-10
7.543545515766602705e+00 2.031338804278677195e-10
7.557456831252649998e+00 1.967808880700680528e-10
7.571393801080954944e+00 1.907646613327993348e-10
7.585356472561599617e+00 1.850681648210191643e-10
7.599344893091883435e+00 1.796753991921875379e-10
7.613359110156534548e+00 1.745713419700084056e-10
7.627399171327849281e+00 1.697418921634119665e-10
7.641465124265831577e+00 1.651738184743237199e-10
7.655557016718407048e+00 1.608545699023223326e-10
7.669674896521524232e+00 1.567706488459208073e-10
7.683818811599370413e+00 1.529083135747476243e-10
7.697988809964512846e+00 1.492547636233497821e-10
7.712184939718034649e+00 1.457980892567402461e-10
7.726407249049756842e+00 1.425272028116673813e-10
7.740655786238338720e+00 1.394317758188671895e-10
7.754930599651492784e+00 1.365021813790843693e-10
7.769231737746129518e+00 1.337294413169997737e-10
7.783559249068496833e+00 1.311051776830957290e-10
7.797913182254392339e+00 1.286215682147458238e-10
7.812293586029303682e+00 1.262713054049062712e-10
7.826700509208553314e+00 1.240475588600287817e-10
7.841134000697514317e+00 1.219439406587806703e-10
7.855594109491718768e+00 1.199544734501313463e-10
7.870080884677075339e+00 1.180735610535813930e-10
7.884594375430014956e+00 1.162959613462545762e-10
7.899134631017631136e+00 1.146167612412391851e-10
7.913701700797905580e+00 1.130313535793946877e-10
7.928295634219811205e+00 1.115354157729201296e-10
7.942916480823533298e+00 1.101248900534919823e-10
7.957564290240619620e+00 1.087959651909221700e-10
7.972239112194118071e+00 1.075450595601727374e-10
7.986940996498804957e+00 1.063688054453135149e-10
8.001669993061289787e+00 1.052640344787830688e-10
8.016426151880242656e+00 1.042277641231202766e-10
8.031209523046536347e+00 1.032571851103808786e-10
8.046020156743393770e+00 1.023496497617166067e-10
8.060858103246614448e+00 1.015026611162087073e-10
8.075723412924682876e+00 1.007138628040770577e-10
8.090616136238988787e+00 9.998102960482538386e-11
8.105536323743987026e+00 9.930205863589532321e-11
8.120484026087332552e+00 9.867496112190991220e-11
8.135459294010114917e+00 9.809785469873999225e-11
8.150462178346966624e+00 9.756895621039116294e-11
8.165492730026283397e+00 9.708657496016372288e-11
8.180551000070391154e+00 9.664910638066825743e-11
8.195637039595672135e+00 9.625502609019188061e-11
8.210750899812815362e+00 9.590288430549961436e-11
8.225892632026912565e+00 9.559130058362598317e-11
8.241062287637690886e+00 9.531895886737884347e-11
8.256259918139672749e+00 9.508460281135056325e-11
8.271485575122310863e+00 9.488703136707139408e-11
8.286739310270235137e+00 9.472509460768958492e-11
8.302021175363353933e+00 9.459768977412832940e-11
8.317331222277084990e+00 9.450375752614434640e-11
8.332669502982520626e+00 9.444227838305863911e-11
8.348036069546560967e+00 9.441226934019565436e-11
8.363430974132160856e+00 9.441278064821000810e-11
8.378854268998441768e+00 9.444289274356502279e-11
8.394306006500915629e+00 9.450171331943955896e-11
8.409786239091650017e+00 9.458837452724766072e-11
8.425295019319413825e+00 9.470203029986407650e-11
8.440832399829918842e+00 9.484185378842114799e-11
8.456398433365926337e+00 9.500703490534917763e-11
8.471993172767488645e+00 9.519677796701663136e-11
8.487616670972103705e+00 9.541029943002516499e-11
8.503268981014864281e+00 9.564682571583721317e-11
8.518950156028706644e+00 9.590559111903063347e-11
8.534660249244513608e+00 9.618583579502675714e-11
8.550399313991356109e+00 9.648680382370900389e-11
8.566167403696654858e+00 9.680774134582657938e-11
8.581964571886333104e+00 9.714789476961019360e-11
8.597790872185054667e+00 9.750650904545908273e-11
8.613646358316339402e+00 9.788282600703222929e-11
8.629531084102810112e+00 9.827608277749149406e-11
8.645445103466345316e+00 9.868551024005465418e-11
8.661388470428230235e+00 9.911033157241912775e-11
8.677361239109409041e+00 9.954976084497586388e-11
8.693363463730623408e+00 1.000030016831133159e-10
8.709395198612583044e+00 1.004692459942353855e-10
8.725456498176209053e+00 1.009476727604608170e-10
8.741547416942742288e+00 1.014374468982801077e-10
8.757668009533997378e+00 1.019377181867368505e-10
8.773818330672520815e+00 1.024476202659984099e-10
8.789998435181743730e+00 1.029662697084203071e-10
8.806208377986237679e+00 1.034927651644973333e-10
8.822448214111826559e+00 1.040261865862766769e-10
8.838717998685837074e+00 1.045655945310632366e-10
8.855017786937253277e+00 1.051100295484228626e-10
8.871347634196890652e+00 1.056585116536480850e-10
8.887707595897627044e+00 1.062100398910467792e-10
8.904097727574541210e+00 1.067635919904865512e-10
8.920518084865145525e+00 1.073181241207831426e-10
8.936968723509556511e+00 1.078725707435693984e-10
8.953449699350660040e+00 1.084258445713459912e-10
8.969961068334356469e+00 1.089768366334488163e-10
8.986502886509681431e+00 1.095244164536413738e-10
9.003075210029059861e+00 1.100674323430341442e-10
9.019678095148471186e+00 1.106047118119362395e-10
9.036311598227610986e+00 1.111350621041666053e-10
9.052975775730145003e+00 1.116572708572034880e-10
9.069670684223828161e+00 1.121701068913773844e-10
9.086396380380763915e+00 1.126723211311104786e-10
9.103152920977564122e+00 1.131626476609388514e-10
9.119940362895519570e+00 1.136398049187878519e-10
9.136758763120852223e+00 1.141024970286171785e-10
9.153608178744839563e+00 1.145494152741968275e-10
9.170488666964068614e+00 1.149792397153508668e-10
9.187400285080604689e+00 1.153906409475585232e-10
9.204343090502161928e+00 1.157822820053032734e-10
9.221317140742353757e+00 1.161528204090119329e-10
9.238322493420822568e+00 1.165009103548630486e-10
9.255359206263497285e+00 1.168252050461070117e-10
9.272427337102756795e+00 1.171243591638942007e-10
9.289526943877611131e+00 1.173970314749012451e-10
9.306658084633946615e+00 1.176418875723154648e-10
9.323820817524660853e+00 1.178576027459873224e-10
9.341015200809920316e+00 1.180428649767402303e-10
9.358241292857330862e+00 1.181963780490322740e-10
9.375499152142110049e+00 1.183168647752957965e-10
9.392788837247346478e+00 1.184030703244398829e-10
9.410110406864125920e+00 1.184537656461031872e-10
9.427463919791801317e+00 1.184677509813625413e-10
9.444849434938152655e+00 1.184438594497189365e-10
9.462267011319571708e+00 1.183809607012740759e-10
9.479716708061317831e+00 1.182779646221404185e-10
9.497198584397649412e+00 1.181338250802495875e-10
9.514712699672090324e+00 1.179475436978767221e-10
9.532259113337600454e+00 1.177181736363785639e-10
9.549837884956749789e+00 1.174448233778554149e-10
9.567449074201988424e+00 1.171266604877000262e-10
9.585092740855774451e+00 1.167629153413165136e-10
9.602768944810836871e+00 1.163528847976317710e-10
9.620477746070362102e+00 1.158959358014992728e-10
9.638219204748152080e+00 1.153915847778461892e-10
9.655993381068904924e+00 1.148402945420560981e-10
9.673800335368376579e+00 1.142431438438426630e-10
9.691640128093560236e+00 1.136012675686653859e-10
9.709512819802963435e+00 1.129158444046985165e-10
9.727418471166730640e+00 1.121880937180639158e-10
9.745357142966922126e+00 1.114192724027197778e-10
9.763328896097682730e+00 1.106106717150248729e-10
9.781333791565431923e+00 1.097636141027196598e-10
9.799371890489128489e+00 1.088794500377848435e-10
9.817443254100403749e+00 1.079595548623727102e-10
9.835547943743838673e+00 1.070053256566174921e-10
9.853686020877143292e+00 1.060181781368228410e-10
9.871857547071332561e+00 1.049995435921228826e-10
9.890062584011003466e+00 1.039508658673100542e-10
9.908301193494475356e+00 1.028735983991411657e-10
9.926573437434054625e+00 1.017692013129585619e-10
9.944879377856226554e+00 1.006391385860719083e-10
9.963219076901829396e+00 9.948487528386454503e-11
9.981592596826340369e+00 9.830787487415132200e-11
1.000000000000000000e+01 9.710959662484537235e-11
