1.000000000000000021e-03 5.399820717743282206e-01
1.001844134890810109e-03 5.409306818280426032e-01
1.003691670615116955e-03 5.418809241280300171e-01
1.005542613444513830e-03 5.428328012976448846e-01
1.007396969662164177e-03 5.437863159638902655e-01
1.009254745562814621e-03 5.447414707574148585e-01
1.011115947452822942e-03 5.456982683125228828e-01
1.012980581650176288e-03 5.466567112671729678e-01
1.014848654484510476e-03 5.476168022629837040e-01
1.016720172297138182e-03 5.485785439452371959e-01
1.018595141441061948e-03 5.495419389628806162e-01
1.020473568281003024e-03 5.505069899685332002e-01
1.022355459193420666e-03 5.514736996184864681e-01
1.024240820566529485e-03 5.524420705727093317e-01
1.026129658800329367e-03 5.534121054948515361e-01
1.028021980306618273e-03 5.543838070522446593e-01
1.029917791509021505e-03 5.553571779159112154e-01
1.031817098843010360e-03 5.563322207605627678e-01
1.033719908755921426e-03 5.573089382644661471e-01
1.035626227706984339e-03 5.582873331029040154e-01
1.037536062167336961e-03 5.592674079452611968e-01
1.039449418620053568e-03 5.602491654637831164e-01
1.041366303560164151e-03 5.612326083343011085e-01
1.043286723494673499e-03 5.622177392362353032e-01
1.045210684942590035e-03 5.632045608526033975e-01
1.047138194434940345e-03 5.641930758700152149e-01
1.049069258514797806e-03 5.651832869786820313e-01
1.051003883737302311e-03 5.661751968724185735e-01
1.052942076669679356e-03 5.671688082486412430e-01
1.054883843891269097e-03 5.681641238083787737e-01
1.056829191993540872e-03 5.691611462562670143e-01
1.058778127580122918e-03 5.701598783005592530e-01
1.060730657266821227e-03 5.711603226531241084e-01
1.062686787681639067e-03 5.721624820294489711e-01
1.064646525464805604e-03 5.731663591486463316e-01
1.066609877268796282e-03 5.741719567334537810e-01
1.068576849758350392e-03 5.751792775102352318e-01
1.070547449610502943e-03 5.761883242089902435e-01
1.072521683514597460e-03 5.771990995633483612e-01
1.074499558172317204e-03 5.782116063105803283e-01
1.076481080297704042e-03 5.792258471915956441e-01
1.078466256617178175e-03 5.802418249509451176e-01
1.080455093869568282e-03 5.812595423368296377e-01
1.082447598806126916e-03 5.822790021010945116e-01
1.084443778190558906e-03 5.833002069992407890e-01
1.086443638799043264e-03 5.843231597904223751e-01
1.088447187420251393e-03 5.853478632374496948e-01
1.090454430855378317e-03 5.863743201067967981e-01
1.092465375918157209e-03 5.874025331685974738e-01
1.094480029434889961e-03 5.884325051966547981e-01
1.096498398244466922e-03 5.894642389684396910e-01
1.098520489198387060e-03 5.904977372650934697e-01
1.100546309160788756e-03 5.915330028714359534e-01
1.102575865008464549e-03 5.925700385759609112e-01
1.104609163630891925e-03 5.936088471700528002e-01
1.106646211930253487e-03 5.946494314373818035e-01
1.108687016821456898e-03 5.956917941566635122e-01
1.110731585232166765e-03 5.967359381099539561e-01
1.112779924102818294e-03 5.977818660828495556e-01
1.114832040386649382e-03 5.988295808644945595e-01
1.116887941049720572e-03 5.998790852475830437e-01
1.118947633070935645e-03 6.009303820283562469e-01
1.121011123442072419e-03 6.019834740066125622e-01
1.123078419167798138e-03 6.030383639857014311e-01
1.125149527265701353e-03 6.040950547725313369e-01
1.127224454766311869e-03 6.051535491775718034e-01
1.129303208713120909e-03 6.062138500148497311e-01
1.131385796162613861e-03 6.072759601019600550e-01
1.133472224184284369e-03 6.083398822600605271e-01
1.135562499860666864e-03 6.094056193138776001e-01
1.137656630287356722e-03 6.104731740917099803e-01
1.139754622573031090e-03 6.115425494254247418e-01
1.141856483839481405e-03 6.126137481504675408e-01
1.143962221221627709e-03 6.136867731058571751e-01
1.146071841867551174e-03 6.147616271341921346e-01
1.148185352938515353e-03 6.158383130816538209e-01
1.150302761608986346e-03 6.169168337980029948e-01
1.152424075066665974e-03 6.179971921365873255e-01
1.154549300512506095e-03 6.190793909543415019e-01
1.156678445160741779e-03 6.201634331117882315e-01
1.158811516238911904e-03 6.212493214730440139e-01
1.160948520987880846e-03 6.223370589058152547e-01
1.163089466661869050e-03 6.234266482814052601e-01
1.165234360528475148e-03 6.245180924747164575e-01
1.167383209868696559e-03 6.256113943642468422e-01
1.169536021976962667e-03 6.267065568321004143e-01
1.171692804161149782e-03 6.278035827639808497e-01
1.173853563742614532e-03 6.289024750491989391e-01
1.176018308056215331e-03 6.300032365806749191e-01
1.178187044450333416e-03 6.311058702548411059e-01
1.180359780286906017e-03 6.322103789635292737e-01
1.182536522941441976e-03 6.333167655876407176e-01
1.184717279803055787e-03 6.344250330100565938e-01
1.186902058274487545e-03 6.355351841171065219e-01
1.189090865772125935e-03 6.366472217985656989e-01
1.191283709726041187e-03 6.377611489476600060e-01
1.193480597580000692e-03 6.388769684610661193e-01
1.195681536791503045e-03 6.399946832389117324e-01
1.197886534831798860e-03 6.411142961847796640e-01
1.200095599185913974e-03 6.422358102057041940e-01
1.202308737352681756e-03 6.433592282121768369e-01
1.204525956844759802e-03 6.444845531181455645e-01
1.206747265188663765e-03 6.456117878410156941e-01
1.208972669924789035e-03 6.467409353016535523e-01
1.211202178607433295e-03 6.478719984243829222e-01
1.213435798804829912e-03 6.490049801369907057e-01
1.215673538099163982e-03 6.501398833707261460e-01
1.217915404086607244e-03 6.512767110603017162e-01
1.220161404377339762e-03 6.524154661438965608e-01
1.222411546595572043e-03 6.535561515631530538e-01
1.224665838379579300e-03 6.546987702631824613e-01
1.226924287381718362e-03 6.558433251925639418e-01
1.229186901268461505e-03 6.569898193033454348e-01
1.231453687720418782e-03 6.581382555510473242e-01
1.233724654432360795e-03 6.592886368946585529e-01
1.235999809113253606e-03 6.604409662966421735e-01
1.238279159486274129e-03 6.615952467229349043e-01
1.240562713288845698e-03 6.627514811429475738e-01
1.242850478272661263e-03 6.639096725295676737e-01
1.245142462203703993e-03 6.650698238591584710e-01
1.247438672862284355e-03 6.662319381115617833e-01
1.249739118043055727e-03 6.673960182700964250e-01
1.252043805555049091e-03 6.685620673215633136e-01
1.254352743221697321e-03 6.697300882562440272e-01
1.256665938880855782e-03 6.709000840673579047e-01
1.258983400384840060e-03 6.720720577379243332e-01
1.261305135600440707e-03 6.732460122399437363e-01
1.263631152408959454e-03 6.744219505480165688e-01
1.265961458706232846e-03 6.755998756400217742e-01
1.268296062402653928e-03 6.767797904971191159e-01
1.270634971423209103e-03 6.779616981037475121e-01
1.272978193707494186e-03 6.791456014476237035e-01
1.275325737209750824e-03 6.803315035197478045e-01
1.277677609898888837e-03 6.815194073143970854e-01
1.280033819758510287e-03 6.827093158291277497e-01
1.282394374786945254e-03 6.839012320647793741e-01
1.284759282997268532e-03 6.850951590254661383e-01
1.287128552417336064e-03 6.862910997185865947e-01
1.289502191089808136e-03 6.874890571548161189e-01
1.291880207072173018e-03 6.886890343481105736e-01
1.294262608436783394e-03 6.898910343157050873e-01
1.296649403270872620e-03 6.910950600781128328e-01
1.299040599676592675e-03 6.923011146591285803e-01
1.301436205771036494e-03 6.935092010858247003e-01
1.303836229686262472e-03 6.947193223885529401e-01
1.306240679569330675e-03 6.959314816009443128e-01
1.308649563582319972e-03 6.971456817599063216e-01
1.311062889902365764e-03 6.983619259056284001e-01
1.313480666721682536e-03 6.995802170815765830e-01
1.315902902247588577e-03 7.008005583344931733e-01
1.318329604702541758e-03 7.020229527144021819e-01
1.320760782324162949e-03 7.032474032746024450e-01
1.323196443365260745e-03 7.044739130716712872e-01
1.325636596093867888e-03 7.057024851654638553e-01
1.328081248793259485e-03 7.069331226191094553e-01
1.330530409761989871e-03 7.081658284990177687e-01
1.332984087313917329e-03 7.094006058748726362e-01
1.335442289778227725e-03 7.106374578196342773e-01
1.337905025499472452e-03 7.118763874094207189e-01
1.340372302837586219e-03 7.131173977125739860e-01
1.342844130167924772e-03 7.143604917807356847e-01
1.345320515881288318e-03 7.156056726665200873e-01
1.347801468383947763e-03 7.168529434255842547e-01
1.350286996097681139e-03 7.181023071166264815e-01
1.352777107459792252e-03 7.193537668013815223e-01
1.355271810923148199e-03 7.206073255446253656e-01
1.357771114956204299e-03 7.218629864141687946e-01
1.360275028043029470e-03 7.231207524808558329e-01
1.362783558683342651e-03 7.243806268185679631e-01
1.365296715392533191e-03 7.256426125042138020e-01
1.367814506701697059e-03 7.269067126177366500e-01
1.370336941157663298e-03 7.281729302421071637e-01
1.372864027323018312e-03 7.294412684633214683e-01
1.375395773776144246e-03 7.307117303704061539e-01
1.377932189111237635e-03 7.319843190554069512e-01
1.380473281938348219e-03 7.332590376133967247e-01
1.383019060883403442e-03 7.345358891424682568e-01
1.385569534588234047e-03 7.358148767437314719e-01
1.388124711710613099e-03 7.370960035213187656e-01
1.390684600924274638e-03 7.383792725823745684e-01
1.393249210918951408e-03 7.396646870370596760e-01
1.395818550400402180e-03 7.409522499985501387e-01
1.398392628090435602e-03 7.422419645830286017e-01
1.400971452726950534e-03 7.435338339096922988e-01
1.403555033063953175e-03 7.448278611007416172e-01
1.406143377871598701e-03 7.461240492813869807e-01
1.408736495936214897e-03 7.474224015798415222e-01
1.411334396060328396e-03 7.487229211273188634e-01
1.413937087062705229e-03 7.500256110580381108e-01
1.416544577778368168e-03 7.513304745092121983e-01
1.419156877058637281e-03 7.526375146210537714e-01
1.421773993771155735e-03 7.539467345367720785e-01
1.424395936799915593e-03 7.552581373997889758e-01
1.427022715045296640e-03 7.565717263324329700e-01
1.429654337424091743e-03 7.578875044474755462e-01
1.432290812869533745e-03 7.592054748603024317e-01
1.434932150331334711e-03 7.605256406890105181e-01
1.437578358775706095e-03 7.618480050544007565e-01
1.440229447185397988e-03 7.631725710799817097e-01
1.442885424559726222e-03 7.644993418919614481e-01
1.445546299914598392e-03 7.658283206192433301e-01
1.448212082282553754e-03 7.671595103934298887e-01
1.450882780712784044e-03 7.684929143488098413e-01
1.453558404271172071e-03 7.698285356223625309e-01
1.456238962040320344e-03 7.711663773537528188e-01
1.458924463119576223e-03 7.725064426853235355e-01
1.461614916625072905e-03 7.738487347621000323e-01
1.464310331689749802e-03 7.751932567317774136e-01
1.467010717463392878e-03 7.765400117447266437e-01
1.469716083112661102e-03 7.778890029539847761e-01
1.472426437821113985e-03 7.792402335152510684e-01
1.475141790789252783e-03 7.805937065868913116e-01
1.477862151234539357e-03 7.819494253299236197e-01
1.480587528391438899e-03 7.833073929080224262e-01
1.483317931511445292e-03 7.846676124875150427e-01
1.486053369863109958e-03 7.860300872373715553e-01
1.488793852732082186e-03 7.873948203292101544e-01
1.491539389421129083e-03 7.887618149372855880e-01
1.494289989250178292e-03 7.901310742384902719e-01
1.497045661556344444e-03 7.915026014123516251e-01
1.499806415693956483e-03 7.928763996410219672e-01
1.502572261034600164e-03 7.942524721092839579e-01
1.505343206967137788e-03 7.956308220045382740e-01
1.508119262897749833e-03 7.970114525168052744e-01
1.510900438249964013e-03 7.983943668387217807e-01
1.513686742464681297e-03 7.997795681589233707e-01
1.516478185000218843e-03 8.011670596391560206e-01
1.519274775332330168e-03 8.025568444353073927e-01
1.522076522954248293e-03 8.039489257055579818e-01
1.524883437376712853e-03 8.053433066103762306e-01
1.527695528127997852e-03 8.067399903125069827e-01
1.530512804753954813e-03 8.081389799769731486e-01
1.533335276818033376e-03 8.095402787710676007e-01
1.536162953901323586e-03 8.109438898643475113e-01
1.538995845602584515e-03 8.123498164286322432e-01
1.541833961538272230e-03 8.137580616379913589e-01
1.544677311342582734e-03 8.151686286687483962e-01
1.547525904667472344e-03 8.165815206994668785e-01
1.550379751182702145e-03 8.179967409109502041e-01
1.553238860575865531e-03 8.194142924862374278e-01
1.556103242552415739e-03 8.208341786105902704e-01
1.558972906835710956e-03 8.222564024714967834e-01
1.561847863167034481e-03 8.236809672586594688e-01
1.564728121305638099e-03 8.251078761639931702e-01
1.567613691028771350e-03 8.265371323816194105e-01
1.570504582131709284e-03 8.279687391078572878e-01
1.573400804427797133e-03 8.294026995412223657e-01
1.576302367748471343e-03 8.308390168824183464e-01
1.579209281943302944e-03 8.322776943343321854e-01
1.582121556880027469e-03 8.337187351020304282e-01
1.585039202444572934e-03 8.351621423927479970e-01
1.587962228541104498e-03 8.366079194158890786e-01
1.590890645092045939e-03 8.380560693830161334e-01
1.593824462038123668e-03 8.395065955078480080e-01
1.596763689338396436e-03 8.409595010062509424e-01
1.599708336970284174e-03 8.424147890962353502e-01
1.602658414929612665e-03 8.438724629979487135e-01
1.605613933230635006e-03 8.453325259259193425e-01
1.608574901906076500e-03 8.467949810624928464e-01
1.611541331007164792e-03 8.482598315823740576e-01
1.614513230603657626e-03 8.497270806620232930e-01
1.617490610783890335e-03 8.511967314796502482e-01
1.620473481654794703e-03 8.526687872152022285e-01
1.623461853341946889e-03 8.541432510503634834e-01
1.626455735989595832e-03 8.556201261685437709e-01
1.629455139760692525e-03 8.570994157548674774e-01
1.632460074836935334e-03 8.585811229961717306e-01
1.635470551418798405e-03 8.600652510809958518e-01
1.638486579725562239e-03 8.615518031995741399e-01
1.641508169995360093e-03 8.630407825438277669e-01
1.644535332485198582e-03 8.645321923073577830e-01
1.647568077471004517e-03 8.660260356854353470e-01
1.650606415247655697e-03 8.675223158749995056e-01
1.653650356129008877e-03 8.690210360746395413e-01
1.656699910447948778e-03 8.705221994845959710e-01
1.659755088556408038e-03 8.720258093067486671e-01
1.662815900825414693e-03 8.735318687446096408e-01
1.665882357645122325e-03 8.750403810033146046e-01
1.668954469424840849e-03 8.765513492896152004e-01
1.672032246593082487e-03 8.780647768118706731e-01
1.675115699597584532e-03 8.795806667800404322e-01
1.678204838905356404e-03 8.810990224056751696e-01
1.681299675002710008e-03 8.826198469019094217e-01
1.684400218395290310e-03 8.841431434834520209e-01
1.687506479608123040e-03 8.856689153665791014e-01
1.690618469185636592e-03 8.871971657691253288e-01
1.693736197691709947e-03 8.887278979104754617e-01
1.696859675709703249e-03 8.902611150115564698e-01
1.699988913842488160e-03 8.917968202899880792e-01
1.703123922712497518e-03 8.933350169288162279e-01
1.706264712961745068e-03 8.948757080960350052e-01
1.709411295251875990e-03 8.964188969606764479e-01
1.712563680264196815e-03 8.979645866928702702e-01
1.715721878699706226e-03 8.995127804638389790e-01
1.718885901279144490e-03 9.010634814458865494e-01
1.722055758743015145e-03 9.026166928123856570e-01
1.725231461851633790e-03 9.041724177377736815e-01
1.728413021385159527e-03 9.057306593975343878e-01
1.731600448143626615e-03 9.072914209681938180e-01
1.734793752946992614e-03 9.088547056273073022e-01
1.737992946635161587e-03 9.104205165534458022e-01
1.741198040068033534e-03 9.119888569261940248e-01
1.744409044125534974e-03 9.135597299261318804e-01
1.747625969707651897e-03 9.151331387348248247e-01
1.750848827734475741e-03 9.167090865348196393e-01
1.754077629146236781e-03 9.182875765096257803e-01
1.757312384903334922e-03 9.198686118437088277e-01
1.760553105986389791e-03 9.214521957224802717e-01
1.763799803396263501e-03 9.230383313322823025e-01
1.767052488154110743e-03 9.246270218603842572e-01
1.770311171301410446e-03 9.262182704949651901e-01
1.773575863899998304e-03 9.278120804251064335e-01
1.776846577032117078e-03 9.294084548407797186e-01
1.780123321800438502e-03 9.310073969328334087e-01
1.783406109328115755e-03 9.326089098929888355e-01
1.786694950758813604e-03 9.342129969138219803e-01
1.789989857256742232e-03 9.358196611887550365e-01
1.793290840006707540e-03 9.374289059120466394e-01
1.796597910214134137e-03 9.390407342775772825e-01
1.799911079105116730e-03 9.406551494500788868e-01
1.803230357926452216e-03 9.422721545634921148e-01
1.806555757945672424e-03 9.438917527506393013e-01
1.809887290451095941e-03 9.455139471446792898e-01
1.813224966751850664e-03 9.471387408790904461e-01
1.816568798177925839e-03 9.487661370876657729e-01
1.819918796080204808e-03 9.503961389044921493e-01
1.823274971830497531e-03 9.520287494639372294e-01
1.826637336821593065e-03 9.536639719006438920e-01
1.830005902467282328e-03 9.553018093495052598e-01
1.833380680202410795e-03 9.569422649456619245e-01
1.836761681482911241e-03 9.585853418244826285e-01
1.840148917785837130e-03 9.602310431215490549e-01
1.843542400609414445e-03 9.618793719726513869e-01
1.846942141473066189e-03 9.635303315137609959e-01
1.850348151917464209e-03 9.651839248810305527e-01
1.853760443504563239e-03 9.668401552107718233e-01
1.857179027817633865e-03 9.684990256394410135e-01
1.860603916461315210e-03 9.701605393036348834e-01
1.864035121061639660e-03 9.718246993400621037e-01
1.867472653266084902e-03 9.734915088855439214e-01
1.870916524743608620e-03 9.751609710769914008e-01
1.874366747184681671e-03 9.768330890513903242e-01
1.877823332301341210e-03 9.785078659457973060e-01
1.881286291827215630e-03 9.801853048973119265e-01
1.884755637517577034e-03 9.818654090430731785e-01
1.888231381149376364e-03 9.835481815202435918e-01
1.891713534521276578e-03 9.852336254659868064e-01
1.895202109453707076e-03 9.869217440174665734e-01
1.898697117788887773e-03 9.886125402984166088e-01
1.902198571390882869e-03 9.903060173843324376e-01
1.905706482145636200e-03 9.920021783394403769e-01
1.909220861961003976e-03 9.937010262274020844e-01
1.912741722766810948e-03 9.954025641113081191e-01
1.916269076514873606e-03 9.971067950536454116e-01
1.919802935179055255e-03 9.988137221162944890e-01
1.923343310755300717e-03 1.000523348360509379e+00
1.926890215261671015e-03 1.002235676846892520e+00
1.930443660738397592e-03 1.003950710635393540e+00
1.934003659247908761e-03 1.005668452785275724e+00
1.937570222874882399e-03 1.007388906355111136e+00
1.941143363726282808e-03 1.009112074402760850e+00
1.944723093931394978e-03 1.010837959985353418e+00
1.948309425641880314e-03 1.012566566159274872e+00
1.951902371031800703e-03 1.014297895980145192e+00
1.955501942297675766e-03 1.016031952502804536e+00
1.959108151658515810e-03 1.017768738781299920e+00
1.962721011355859999e-03 1.019508257868856793e+00
1.966340533653829475e-03 1.021250512817875711e+00
1.969966730839154898e-03 1.022995506679902800e+00
1.973599615221230657e-03 1.024743242505619101e+00
1.977239199132151733e-03 1.026493723344825248e+00
1.980885494926748827e-03 1.028246952246415269e+00
1.984538514982645170e-03 1.030002932258367032e+00
1.988198271700281246e-03 1.031761666427721824e+00
1.991864777502972035e-03 1.033523157800565695e+00
1.995538044836943446e-03 1.035287409422015248e+00
1.999218086171366138e-03 1.037054424334887148e+00
2.002904913998415810e-03 1.038824205545042290e+00
2.006598540833295311e-03 1.040596756017480251e+00
2.010298979214294925e-03 1.042372078713599493e+00
2.014006241702826199e-03 1.044150176593200197e+00
2.017720340883459671e-03 1.045931052614452961e+00
2.021441289363982118e-03 1.047714709733891247e+00
2.025169099775422574e-03 1.049501150906383629e+00
2.028903784772109146e-03 1.051290379085114690e+00
2.032645357031706308e-03 1.053082397221568822e+00
2.036393829255251763e-03 1.054877208265502242e+00
2.040149214167214127e-03 1.056674815164929671e+00
2.043911524515518944e-03 1.058475220866099020e+00
2.047680773071606803e-03 1.060278428313473631e+00
2.051456972630471502e-03 1.062084440449712508e+00
2.055240136010695173e-03 1.063893260215643899e+00
2.059030276054505965e-03 1.065704890550249972e+00
2.062827405627814907e-03 1.067519334390648167e+00
2.066631537620252333e-03 1.069336594672059437e+00
2.070442684945228602e-03 1.071156674327801595e+00
2.074260860539958815e-03 1.072979576289255998e+00
2.078086077365522664e-03 1.074805303485853125e+00
2.081918348406901296e-03 1.076633858845053915e+00
2.085757686673016340e-03 1.078465245292318020e+00
2.089604105196788027e-03 1.080299465751094035e+00
2.093457617035161637e-03 1.082136523142791962e+00
2.097318235269168222e-03 1.083976420386762562e+00
2.101185973003962763e-03 1.085819160400279593e+00
2.105060843368860169e-03 1.087664746092235957e+00
2.108942859517397295e-03 1.089513180316457275e+00
2.112832034627358524e-03 1.091364465897683989e+00
2.116728381900836054e-03 1.093218605657709563e+00
2.120631914564269794e-03 1.095075602415553240e+00
2.124542645868483359e-03 1.096935458987430723e+00
2.128460589088743485e-03 1.098798178186735086e+00
2.132385757524798628e-03 1.100663762824016123e+00
2.136318164500917126e-03 1.102532215706943930e+00
2.140257823365946614e-03 1.104403539640297804e+00
2.144204747493345248e-03 1.106277737425933605e+00
2.148158950281238953e-03 1.108154811862761990e+00
2.152120445152460888e-03 1.110034765746727770e+00
2.156089245554592207e-03 1.111917601870775041e+00
2.160065364960022348e-03 1.113803323024836089e+00
2.164048816865975916e-03 1.115691931995793640e+00
2.168039614794574702e-03 1.117583431567464869e+00
2.172037772292878446e-03 1.119477824520576981e+00
2.176043302932921270e-03 1.121375113632733900e+00
2.180056220311775862e-03 1.123275301678400062e+00
2.184076538051580793e-03 1.125178391428871771e+00
2.188104269799601674e-03 1.127084385652251886e+00
2.192139429228271916e-03 1.128993287113426947e+00
2.196182030035232630e-03 1.130905098574038314e+00
2.200232085943392910e-03 1.132819822792460629e+00
2.204289610700961057e-03 1.134737462523774054e+00
2.208354618081505294e-03 1.136658020519740964e+00
2.212427121883993666e-03 1.138581499516664541e+00
2.216507135932834372e-03 1.140507902184658251e+00
2.220594674077940381e-03 1.142437231169681100e+00
2.224689750194754588e-03 1.144369489113614691e+00
2.228792378184316601e-03 1.146304678654247011e+00
2.232902571973300471e-03 1.148242802425241571e+00
2.237020345514055888e-03 1.150183863056111866e+00
2.241145712784673241e-03 1.152127863172190514e+00
2.245278687789008763e-03 1.154074805394599279e+00
2.249419284556753058e-03 1.156024692340228865e+00
2.253567517143467962e-03 1.157977526621700504e+00
2.257723399630628611e-03 1.159933310847343746e+00
2.261886946125688490e-03 1.161892047621163826e+00
2.266058170762106760e-03 1.163853739542813681e+00
2.270237087699414607e-03 1.165818389207569972e+00
2.274423711123254709e-03 1.167785999206297110e+00
2.278618055245423303e-03 1.169756572125422611e+00
2.282820134303933501e-03 1.171730110546907344e+00
2.287029962563047383e-03 1.173706617048212664e+00
2.291247554313338448e-03 1.175686094202280207e+00
2.295472923871733247e-03 1.177668544577492815e+00
2.299706085581555183e-03 1.179653970737651214e+00
2.303947053812586965e-03 1.181642375241942933e+00
2.308195842961102261e-03 1.183633760644909216e+00
2.312452467449929890e-03 1.185628129496425265e+00
2.316716941728496747e-03 1.187625484341661375e+00
2.320989280272869014e-03 1.189625827708561401e+00
2.325269497585819370e-03 1.191629162054748114e+00
2.329557608196853886e-03 1.193635489811136541e+00
2.333853626662281845e-03 1.195644813403142992e+00
2.338157567565256074e-03 1.197657135250655314e+00
2.342469445515815013e-03 1.199672457768006684e+00
2.346789275150949934e-03 1.201690783363939197e+00
2.351117071134634865e-03 1.203712114441570336e+00
2.355452848157893811e-03 1.205736453398366992e+00
2.359796620938842387e-03 1.207763802626106164e+00
2.364148404222731620e-03 1.209794164510839876e+00
2.368508212782014302e-03 1.211827541432875188e+00
2.372876061416376216e-03 1.213863935766721802e+00
2.377251964952802488e-03 1.215903349881078732e+00
2.381635938245621389e-03 1.217945786138788122e+00
2.386027996176547702e-03 1.219991246896802384e+00
2.390428153654749078e-03 1.222039734506161768e+00
2.394836425616878994e-03 1.224091251311946404e+00
2.399252827027141804e-03 1.226145799653253876e+00
2.403677372877340013e-03 1.228203381863163246e+00
2.408110078186914173e-03 1.230264000268695312e+00
2.412550958003012707e-03 1.232327657190789738e+00
2.417000027400523568e-03 1.234394354944257532e+00
2.421457301482142326e-03 1.236464095837763288e+00
2.425922795378415101e-03 1.238536882173778331e+00
2.430396524247784105e-03 1.240612716241502822e+00
2.434878503276655722e-03 1.242691600257454843e+00
2.439368747679431740e-03 1.244773536394906621e+00
2.443867272698579604e-03 1.246858526819692115e+00
2.448374093604674482e-03 1.248946573690548068e+00
2.452889225696446539e-03 1.251037679159063831e+00
2.457412684300848155e-03 1.253131845369660491e+00
2.461944484773086889e-03 1.255229074459536909e+00
2.466484642496694860e-03 1.257329368558646410e+00
2.471033172883572993e-03 1.259432729789653704e+00
2.475590091374036978e-03 1.261539160267892479e+00
2.480155413436886235e-03 1.263648662101340081e+00
2.484729154569436868e-03 1.265761237390566452e+00
2.489311330297591923e-03 1.267876888228706589e+00
2.493901956175885188e-03 1.269995616701421026e+00
2.498501047787528902e-03 1.272117424886850090e+00
2.503108620744482274e-03 1.274242314855589475e+00
2.507724690687484874e-03 1.276370288670639175e+00
2.512349273286127761e-03 1.278501348387373060e+00
2.516982384238899018e-03 1.280635496053503353e+00
2.521624039273228420e-03 1.282772733709030222e+00
2.526274254145558125e-03 1.284913063386218468e+00
2.530933044641385608e-03 1.287056487109550895e+00
2.535600426575313534e-03 1.289203006895686565e+00
2.540276415791116547e-03 1.291352624752698519e+00
2.544961028161779430e-03 1.293505342638234135e+00
2.549654279589564764e-03 1.295661162436680724e+00
2.554356186006061930e-03 1.297820086018241836e+00
2.559066763372232645e-03 1.299982115244338710e+00
2.563786027678482526e-03 1.302147251967585850e+00
2.568513994944696208e-03 1.304315498031733300e+00
2.573250681220307610e-03 1.306486855271635772e+00
2.577996102584349802e-03 1.308661325513210238e+00
2.582750275145498375e-03 1.310838910573383975e+00
2.587513215042146469e-03 1.313019612260067692e+00
2.592284938442438163e-03 1.315203432372097581e+00
2.597065461544341338e-03 1.317390372699206891e+00
2.601854800575696246e-03 1.319580435021979081e+00
2.606652971794259747e-03 1.321773621111798525e+00
2.611459991487782070e-03 1.323969932730822086e+00
2.616275875974039770e-03 1.326169371631922056e+00
2.621100641600908158e-03 1.328371939558654180e+00
2.625934304746412040e-03 1.330577638245213912e+00
2.630776881818770382e-03 1.332786469416386010e+00
2.635628389256469174e-03 1.334998434787510346e+00
2.640488843528309565e-03 1.337213536064438602e+00
2.645358261133455135e-03 1.339431774943482534e+00
2.650236658601506923e-03 1.341653153111385555e+00
2.655124052492538120e-03 1.343877672237700827e+00
2.660020459397169097e-03 1.346105333909249469e+00
2.664925895936615108e-03 1.348336139661704403e+00
2.669840378762735299e-03 1.350570091019730468e+00
2.674763924558108165e-03 1.352807189497394980e+00
2.679696550036066247e-03 1.355047436598106669e+00
2.684638271940771592e-03 1.357290833814579711e+00
2.689589107047264324e-03 1.359537382628786872e+00
2.694549072161513386e-03 1.361787084511903556e+00
2.699518184120489397e-03 1.364039940924277383e+00
2.704496459792202386e-03 1.366295953315363354e+00
2.709483916075778112e-03 1.368555123123692319e+00
2.714480569901504912e-03 1.370817451776817464e+00
2.719486438230886600e-03 1.373082940691265019e+00
2.724501538056716202e-03 1.375351591272496510e+00
2.729525886403112375e-03 1.377623404914849914e+00
2.734559500325597914e-03 1.379898383001501472e+00
2.739602396911147882e-03 1.382176526904417946e+00
2.744654593278239053e-03 1.384457837984303108e+00
2.749716106576928411e-03 1.386742317590557771e+00
2.754786953988889574e-03 1.389029967061228055e+00
2.759867152727489559e-03 1.391320787722959640e+00
2.764956720037837785e-03 1.393614780890953586e+00
2.770055673196839853e-03 1.395911947856199431e+00
2.775164029513271704e-03 1.398212289815575549e+00
2.780281806327818215e-03 1.400515807920809985e+00
2.785409021013152131e-03 1.402822503311055291e+00
2.790545690973983070e-03 1.405132377112935371e+00
2.795691833647107830e-03 1.407445430440477985e+00
2.800847466501492789e-03 1.409761664395077441e+00
2.806012607038305129e-03 1.412081080065438865e+00
2.811187272790997838e-03 1.414403678527523800e+00
2.816371481325356113e-03 1.416729460844507793e+00
2.821565250239551140e-03 1.419058428066718003e+00
2.826768597164218150e-03 1.421390581231590788e+00
2.831981539762495458e-03 1.423725921363617752e+00
2.837204095730101652e-03 1.426064449474292228e+00
2.842436282795389804e-03 1.428406166562063317e+00
2.847678118719397782e-03 1.430751073612275936e+00
2.852929621295927608e-03 1.433099171597127297e+00
2.858190808351585357e-03 1.435450461475610284e+00
2.863461697745859659e-03 1.437804944193464163e+00
2.868742307371174166e-03 1.440162620683125061e+00
2.874032655152940902e-03 1.442523491863665575e+00
2.879332759049639187e-03 1.444887558640753022e+00
2.884642637052855108e-03 1.447254821899900623e+00
2.889962307187363046e-03 1.449625282437569718e+00
2.895291787511176419e-03 1.451998940988423081e+00
2.900631096115601892e-03 1.454375798271905218e+00
2.905980251125320907e-03 1.456755854992931365e+00
2.911339270698426115e-03 1.459139111841825542e+00
2.916708173026507245e-03 1.461525569494278365e+00
2.922086976334699673e-03 1.463915228611279096e+00
2.927475698881740369e-03 1.466308089839065243e+00
2.932874358960049863e-03 1.468704153809068824e+00
2.938282974895770842e-03 1.471103421137856415e+00
2.943701565048849680e-03 1.473505892427078301e+00
2.949130147813091955e-03 1.475911568263409412e+00
2.954568741616214050e-03 1.478320449218494703e+00
2.960017364919928593e-03 1.480732535848895193e+00
2.965476036219981751e-03 1.483147828696025794e+00
2.970944774046236497e-03 1.485566328286109572e+00
2.976423596962728124e-03 1.487988035130112685e+00
2.981912523567718017e-03 1.490412949723693536e+00
2.987411572493776056e-03 1.492841072547144154e+00
2.992920762407821813e-03 1.495272404065332017e+00
2.998440112011208254e-03 1.497706944727489553e+00
3.003969640039775950e-03 1.500144694928786659e+00
3.009509365263908151e-03 1.502585654960443939e+00
3.015059306488614057e-03 1.505029825084960526e+00
3.020619482553571749e-03 1.507477205548215737e+00
3.026189912333209723e-03 1.509927796579423553e+00
3.031770614736764569e-03 1.512381598391064896e+00
3.037361608708333445e-03 1.514838611178827010e+00
3.042962913226962985e-03 1.517298835121554612e+00
3.048574547306686158e-03 1.519762270381173952e+00
3.054196529996610308e-03 1.522228917102650403e+00
3.059828880380971363e-03 1.524698775413914298e+00
3.065471617579190646e-03 1.527171845425806307e+00
3.071124760745959879e-03 1.529648127232023258e+00
3.076788329071282815e-03 1.532127620909045307e+00
3.082462341780560673e-03 1.534610326516092194e+00
3.088146818134649817e-03 1.537096244095048192e+00
3.093841777429916402e-03 1.539585373670407042e+00
3.099547238998324409e-03 1.542077715249219771e+00
3.105263222207475544e-03 1.544573268821019862e+00
3.110989746460697709e-03 1.547072034357774628e+00
3.116726831197101817e-03 1.549574011812720142e+00
3.122474495891636864e-03 1.552079201067127601e+00
3.128232760055175369e-03 1.554587601906195049e+00
3.134001643234571918e-03 1.557099214090409411e+00
3.139781165012716941e-03 1.559614037361473526e+00
3.145571345008629088e-03 1.562132071442261294e+00
3.151372202877492090e-03 1.564653316036731301e+00
3.157183758310747566e-03 1.567177770829882411e+00
3.163006031036150970e-03 1.569705435487680267e+00
3.168839040817827968e-03 1.572236309656989128e+00
3.174682807456361607e-03 1.574770392965524124e+00
3.180537350788849998e-03 1.577307685021771322e+00
3.186402690688968330e-03 1.579848185414934214e+00
3.192278847067039124e-03 1.582391893714863107e+00
3.198165839870110733e-03 1.584938809471994503e+00
3.204063689082012421e-03 1.587488932217291149e+00
3.209972414723429816e-03 1.590042261462168982e+00
3.215892036851959561e-03 1.592598796698440289e+00
3.221822575562199951e-03 1.595158537398246645e+00
3.227764050985794300e-03 1.597721483013996968e+00
3.233716483291519846e-03 1.600287632978204533e+00
3.239679892685349335e-03 1.602856986666527650e+00
3.245654299410506531e-03 1.605429543341504672e+00
3.251639723747560759e-03 1.608005302230494538e+00
3.257636186014468103e-03 1.610584262539861422e+00
3.263643706566662916e-03 1.613166423454924336e+00
3.269662305797118966e-03 1.615751784139882075e+00
3.275692004136406248e-03 1.618340343737741271e+00
3.281732822052785530e-03 1.620932101370261336e+00
3.287784780052249983e-03 1.623527056137874292e+00
3.293847898678619289e-03 1.626125207119629712e+00
3.299922198513597759e-03 1.628726553373118779e+00
3.306007700176835477e-03 1.631331093934405230e+00
3.312104424326021979e-03 1.633938827817970951e+00
3.318212391656928748e-03 1.636549754016629610e+00
3.324331622903501596e-03 1.639163871501478464e+00
3.330462138837925277e-03 1.641781179221816656e+00
3.336603960270678564e-03 1.644401676105081700e+00
3.342757108050632264e-03 1.647025361056788428e+00
3.348921603065092151e-03 1.649652232960449494e+00
3.355097466239892641e-03 1.652282290673456444e+00
3.361284718539457941e-03 1.654915532957092372e+00
3.367483380966863633e-03 1.657551958485396604e+00
3.373693474563931646e-03 1.660191565907078726e+00
3.379915020411273629e-03 1.662834353847577606e+00
3.386148039628387226e-03 1.665480320909010548e+00
3.392392553373718093e-03 1.668129465670090905e+00
3.398648582844718876e-03 1.670781786686056813e+00
3.404916149277948962e-03 1.673437282488611011e+00
3.411195273949115675e-03 1.676095951585838462e+00
3.417485978173171856e-03 1.678757792462143295e+00
3.423788283304379180e-03 1.681422803578180414e+00
3.430102210736368003e-03 1.684090983370770900e+00
3.436427781902235377e-03 1.686762330252853825e+00
3.442765018274590583e-03 1.689436842613391443e+00
3.449113941365651841e-03 1.692114518817320779e+00
3.455474572727307465e-03 1.694795357205466813e+00
3.461846933951181343e-03 1.697479356094476532e+00
3.468231046668728348e-03 1.700166513776757427e+00
3.474626932551281178e-03 1.702856828516968068e+00
3.481034613310147931e-03 1.705550298482778171e+00
3.487454110696674558e-03 1.708246921747570646e+00
3.493885446502309911e-03 1.710946696356498764e+00
3.500328642558702026e-03 1.713649620329186662e+00
3.506783720737747124e-03 1.716355691659633420e+00
3.513250702951684588e-03 1.719064908316157325e+00
3.519729611153164621e-03 1.721777268241318604e+00
3.526220467335309822e-03 1.724492769351835264e+00
3.532723293531815807e-03 1.727211409538528253e+00
3.539238111816995439e-03 1.729933186666230860e+00
3.545764944305882481e-03 1.732658098573726324e+00
3.552303813154291875e-03 1.735386143073675669e+00
3.558854740558887834e-03 1.738117317952530216e+00
3.565417748757281416e-03 1.740851620970478963e+00
3.571992860028078663e-03 1.743589049861359097e+00
3.578580096690981219e-03 1.746329602332588493e+00
3.585179481106851810e-03 1.749073276065098881e+00
3.591791035677777567e-03 1.751820068713249023e+00
3.598414782847173671e-03 1.754569977878405851e+00
3.605050745099829326e-03 1.757323001038194388e+00
3.611698944962009241e-03 1.760079135620432611e+00
3.618359405001519979e-03 1.762838379025168045e+00
3.625032147827774148e-03 1.765600728624596716e+00
3.631717196091895777e-03 1.768366181762993206e+00
3.638414572486764129e-03 1.771134735756632494e+00
3.645124299747119073e-03 1.773906387893715797e+00
3.651846400649626581e-03 1.776681135434296399e+00
3.658580898012944206e-03 1.779458975610196836e+00
3.665327814697825169e-03 1.782239905624944276e+00
3.672087173607166497e-03 1.785023922653688144e+00
3.678858997686111805e-03 1.787811023843127733e+00
3.685643309922119817e-03 1.790601206311436044e+00
3.692440133345028120e-03 1.793394467148184290e+00
3.699249491027161146e-03 1.796190803414266624e+00
3.706071406083376145e-03 1.798990212141828193e+00
3.712905901671168570e-03 1.801792690334179881e+00
3.719753000990739297e-03 1.804598234937609069e+00
3.726612727285062276e-03 1.807406842775144185e+00
3.733485103839989487e-03 1.810218510620341004e+00
3.740370153984300811e-03 1.813033235216744199e+00
3.747267901089808544e-03 1.815851013277807402e+00
3.754178368571425058e-03 1.818671841486824148e+00
3.761101579887232618e-03 1.821495716496838835e+00
3.768037558538587899e-03 1.824322634930580778e+00
3.774986328070171863e-03 1.827152593380378720e+00
3.781947912070097312e-03 1.829985588408091779e+00
3.788922334169976536e-03 1.832821616545027066e+00
3.795909618044989407e-03 1.835660674291866190e+00
3.802909787413991799e-03 1.838502758118585989e+00
3.809922866039565457e-03 1.841347864464379924e+00
3.816948877728124686e-03 1.844195989737594132e+00
3.823987846329985740e-03 1.847047130315632613e+00
3.831039795739437075e-03 1.849901282544894165e+00
3.838104749894846474e-03 1.852758442735570998e+00
3.845182732778711782e-03 1.855618607086369831e+00
3.852273768417769761e-03 1.858481771700503327e+00
3.859377880883061579e-03 1.861347932647187120e+00
3.866495094290023013e-03 1.864217085963322473e+00
3.873625432798553838e-03 1.867089227653398575e+00
3.880768920613107166e-03 1.869964353689423708e+00
3.887925581982781820e-03 1.872842460010854415e+00
3.895095441201389553e-03 1.875723542524504017e+00
3.902278522607548726e-03 1.878607597104475335e+00
3.909474850584752394e-03 1.881494619592075201e+00
3.916684449561461112e-03 1.884384605795735634e+00
3.923907344011190977e-03 1.887277551490951444e+00
3.931143558452587783e-03 1.890173452420183420e+00
3.938393117449518095e-03 1.893072304292795938e+00
3.945656045611137773e-03 1.895974102784967474e+00
3.952932367591985643e-03 1.898878843539619110e+00
3.960222108092074575e-03 1.901786522161759141e+00
3.967525291856965203e-03 1.904697134152052662e+00
3.974841943677854400e-03 1.907610674921413008e+00
3.982172088391646401e-03 1.910527139844879763e+00
3.989515750881063826e-03 1.913446524263036519e+00
3.996872956074700584e-03 1.916368823481930272e+00
4.004243728947133769e-03 1.919294032772995262e+00
4.011628094518996518e-03 1.922222147372974144e+00
4.019026077857053465e-03 1.925153162483838498e+00
4.026437704074310037e-03 1.928087073272714891e+00
4.033862998330067090e-03 1.931023874871796719e+00
4.041301985830035408e-03 1.933963562378284262e+00
4.048754691826409423e-03 1.936906130854293195e+00
4.056221141617938342e-03 1.939851575326777322e+00
4.063701360550041504e-03 1.942799890787459072e+00
4.071195374014864761e-03 1.945751072192742903e+00
4.078703207451390630e-03 1.948705114463649357e+00
4.086224886345515492e-03 1.951662012460424922e+00
4.093760436230121577e-03 1.954621760920023599e+00
4.101309882685196667e-03 1.957584354524153802e+00
4.108873251337880929e-03 1.960549787918016262e+00
4.116450567862589213e-03 1.963518055710250954e+00
4.124041857981084781e-03 1.966489152472835622e+00
4.131647147462549560e-03 1.969463072741013399e+00
4.139266462123705574e-03 1.972439811013230404e+00
4.146899827828867853e-03 1.975419361751032277e+00
4.154547270490062394e-03 1.978401719379012880e+00
4.162208816067097285e-03 1.981386878284719488e+00
4.169884490567644236e-03 1.984374832818581957e+00
4.177574320047353074e-03 1.987365577293839891e+00
4.185278330609904646e-03 1.990359105986452937e+00
4.192996548407133990e-03 1.993355413135044607e+00
4.200728999639102325e-03 1.996354492940809466e+00
4.208475710554175110e-03 1.999356339547100347e+00
4.216236707449140010e-03 2.002360946961543764e+00
4.224012016669261536e-03 2.005368309123886750e+00
4.231801664608402479e-03 2.008378419935263004e+00
4.239605677709099366e-03 2.011391273258107848e+00
4.247424082462640527e-03 2.014406862916083618e+00
4.255256905409181452e-03 2.017425182694011720e+00
4.263104173137807242e-03 2.020446226337776707e+00
4.270965912286648833e-03 2.023469987554276095e+00
4.278842149542961930e-03 2.026496460011321332e+00
4.286732911643203331e-03 2.029525637337572519e+00
4.294638225373154095e-03 2.032557513122462023e+00
4.302558117567971581e-03 2.035592080916112767e+00
4.310492615112316954e-03 2.038629334229275614e+00
4.318441744940429775e-03 2.041669266533240990e+00
4.326405534036205196e-03 2.044711871259537350e+00
4.334384009433320598e-03 2.047757141769914746e+00
4.342377198215285894e-03 2.050805071326231133e+00
4.350385127515573637e-03 2.053855653142968141e+00
4.358407824517691008e-03 2.056908880394193506e+00
4.366445316455263952e-03 2.059964746213487796e+00
4.374497630612158607e-03 2.063023243693880904e+00
4.382564794322536816e-03 2.066084365887759677e+00
4.390646834970983632e-03 2.069148105806811078e+00
4.398743779992582772e-03 2.072214456421938245e+00
4.406855656873001625e-03 2.075283410663184114e+00
4.414982493148610077e-03 2.078354961419671465e+00
4.423124316406541225e-03 2.081429101539511439e+00
4.431281154284818016e-03 2.084505823829749804e+00
4.439453034472428707e-03 2.087585121056279469e+00
4.447639984709411860e-03 2.090666985943769873e+00
4.455842032786982120e-03 2.093751411156411724e+00
4.464059206547583113e-03 2.096838389225104571e+00
4.472291533885019293e-03 2.099927912611246228e+00
4.480539042744536606e-03 2.103019973733909698e+00
4.488801761122898810e-03 2.106114564969762792e+00
4.497079717068520194e-03 2.109211678653014843e+00
4.505372938681521076e-03 2.112311307075322553e+00
4.513681454113856184e-03 2.115413442485734041e+00
4.522005291569394445e-03 2.118518077090619123e+00
4.530344479304006591e-03 2.121625203053579600e+00
4.538699045625684859e-03 2.124734812495397751e+00
4.547069018894609772e-03 2.127846897493959055e+00
4.555454427523275042e-03 2.130961450084175812e+00
4.563855299976571703e-03 2.134078462257930742e+00
4.572271664771867042e-03 2.137197925963990830e+00
4.580703550479140775e-03 2.140319833092025004e+00
4.589150985721037086e-03 2.143444175428021570e+00
4.597613999173000808e-03 2.146570944699920158e+00
4.606092619563358082e-03 2.149700132591752855e+00
4.614586875673397891e-03 2.152831730743562044e+00
4.623096796337507371e-03 2.155965730751345788e+00
4.631622410443225583e-03 2.159102124166983216e+00
4.640163746931382296e-03 2.162240902498164363e+00
4.648720834796176045e-03 2.165382057208332434e+00
4.657293703085260000e-03 2.168525579716598539e+00
4.665882380899874678e-03 2.171671461397691960e+00
4.674486897394908649e-03 2.174819693581885538e+00
4.683107281779029518e-03 2.177970267554930395e+00
4.691743563314770653e-03 2.181123174557994648e+00
4.700395771318612720e-03 2.184278405785873289e+00
4.709063935161123329e-03 2.187435952340254897e+00
4.717748084267009943e-03 2.190595805223706449e+00
4.726448248115259522e-03 2.193757955390505110e+00
4.735164456239221789e-03 2.196922393749395130e+00
4.743896738226696837e-03 2.200089111163525679e+00
4.752645123720066096e-03 2.203258098450388669e+00
4.761409642416357391e-03 2.206429346381746814e+00
4.770190324067377641e-03 2.209602845683575900e+00
4.778987198479795265e-03 2.212778587036002165e+00
4.787800295515252068e-03 2.215956561073240572e+00
4.796629645090448243e-03 2.219136758383522867e+00
4.805475277177253396e-03 2.222319169509041181e+00
4.814337221802821899e-03 2.225503784945897401e+00
4.823215509049674429e-03 2.228690595143798525e+00
4.832110169055815058e-03 2.231879590477637620e+00
4.841021232014814518e-03 2.235070761219369206e+00
4.849948728175925566e-03 2.238264097587501222e+00
4.858892687844195736e-03 2.241459589753617365e+00
4.867853141380551474e-03 2.244657227842302483e+00
4.876830119201916100e-03 2.247857001931107046e+00
4.885823651781290473e-03 2.251058902050455668e+00
4.894833769647890902e-03 2.254262918183626674e+00
4.903860503387214194e-03 2.257469040266654403e+00
4.912903883641176438e-03 2.260677258188301675e+00
4.921963941108201471e-03 2.263887561789991398e+00
4.931040706543308484e-03 2.267099940865743513e+00
4.940134210758255137e-03 2.270314385162133242e+00
4.949244484621600007e-03 2.273530884377603645e+00
4.958371559058840500e-03 2.276749428132978093e+00
4.967515465052506525e-03 2.279970005958152690e+00
4.976676233642248967e-03 2.283192607331589574e+00
4.985853895924979330e-03 2.286417221683592960e+00
4.995048483054936525e-03 2.289643838396238529e+00
5.004260026243826515e-03 2.292872446803332576e+00
5.013488556760915121e-03 2.296103036190357383e+00
5.022734105933115631e-03 2.299335595794404608e+00
5.031996705145133642e-03 2.302570114804139756e+00
5.041276385839533851e-03 2.305806582359742229e+00
5.050573179516877967e-03 2.309044987552852479e+00
5.059887117735820117e-03 2.312285319426530705e+00
5.069218232113197921e-03 2.315527566975188467e+00
5.078566554324173872e-03 2.318771719140781951e+00
5.087932116102304725e-03 2.322017764788503857e+00
5.097314949239682876e-03 2.325265692721986799e+00
5.106715085587029170e-03 2.328515491695738238e+00
5.116132557053787444e-03 2.331767150415108514e+00
5.125567395608265041e-03 2.335020657536291289e+00
5.135019633277705664e-03 2.338276001666243165e+00
5.144489302148428159e-03 2.341533171362646382e+00
5.153976434365925390e-03 2.344792155133871514e+00
5.163481062134952712e-03 2.348052941438920183e+00
5.173003217719678894e-03 2.351315518687384643e+00
5.182542933443748563e-03 2.354579875239399378e+00
5.192100241690434000e-03 2.357845999405611348e+00
5.201675174902725338e-03 2.361113879444348029e+00
5.211267765583424243e-03 2.364383503511394480e+00
5.220878046295296566e-03 2.367654859664989786e+00
5.230506049661133930e-03 2.370927935911433249e+00
5.240151808363908113e-03 2.374202720206741279e+00
5.249815355146859527e-03 2.377479200456592334e+00
5.259496722813596960e-03 2.380757364516294494e+00
5.269195944228244159e-03 2.384037200190736172e+00
5.278913052315511827e-03 2.387318695234359911e+00
5.288648080060839862e-03 2.390601837351113979e+00
5.298401060510501449e-03 2.393886614194415952e+00
5.308172026771694994e-03 2.397173013367111416e+00
5.317961012012692446e-03 2.400461022421451318e+00
5.327768049462913019e-03 2.403750628859977478e+00
5.337593172413071518e-03 2.407041820150253919e+00
5.347436414215273742e-03 2.410334583722093083e+00
5.357297808283117101e-03 2.413628906955100017e+00
5.367177388091838933e-03 2.416924777178264705e+00
5.377075187178385896e-03 2.420222181669921202e+00
5.386991239141571824e-03 2.423521107657720552e+00
5.396925577642167071e-03 2.426821542318608582e+00
5.406878236403002587e-03 2.430123472778760618e+00
5.416849249209120844e-03 2.433426886113598808e+00
5.426838649907846958e-03 2.436731769347712628e+00
5.436846472408938744e-03 2.440038109454870874e+00
5.446872750684691664e-03 2.443345893357970589e+00
5.456917518770032505e-03 2.446655107913294547e+00
5.466980810762675502e-03 2.449965739838838363e+00
5.477062660823192597e-03 2.453277775770945635e+00
5.487163103175170427e-03 2.456591202294246212e+00
5.497282172105307473e-03 2.459906005941639329e+00
5.507419901963515538e-03 2.463222173194270059e+00
5.517576327163075008e-03 2.466539690481526659e+00
5.527751482180704237e-03 2.469858544180973503e+00
5.537945401556721749e-03 2.473178720618375515e+00
5.548158119895139906e-03 2.476500206067641763e+00
5.558389671863770733e-03 2.479822986750811697e+00
5.568640092194378569e-03 2.483147048838044046e+00
5.578909415682758999e-03 2.486472378449466003e+00
5.589197677188888908e-03 2.489798961701762625e+00
5.599504911637034031e-03 2.493126784711388932e+00
5.609831154015846970e-03 2.496455833545850655e+00
5.620176439378526782e-03 2.499786094221238208e+00
5.630540802842894446e-03 2.503117552702176951e+00
5.640924279591547248e-03 2.506450194901845840e+00
5.651326904871966338e-03 2.509784006681943236e+00
5.661748713996614737e-03 2.513118973852667359e+00
5.672189742343101276e-03 2.516455082172723401e+00
5.682650025354251712e-03 2.519792317349281774e+00
5.693129598538270927e-03 2.523130665037991882e+00
5.703628497468845281e-03 2.526470110842233829e+00
5.714146757785246687e-03 2.529810640266941579e+00
5.724684415192494817e-03 2.533152238690472569e+00
5.735241505461428219e-03 2.536494891432277132e+00
5.745818064428872586e-03 2.539838583759535418e+00
5.756414127997738772e-03 2.543183300887162712e+00
5.767029732137132075e-03 2.546529027977781023e+00
5.777664912882511834e-03 2.549875750141726627e+00
5.788319706335768623e-03 2.553223452437036300e+00
5.798994148665386449e-03 2.556572119869443327e+00
5.809688276106550302e-03 2.559921737392379715e+00
5.820402124961249375e-03 2.563272289906955326e+00
5.831135731598441861e-03 2.566623762263022357e+00
5.841889132454132147e-03 2.569976139294845474e+00
5.852662364031535613e-03 2.573329405830096395e+00
5.863455462901178382e-03 2.576683546647398515e+00
5.874268465701031755e-03 2.580038546473499395e+00
5.885101409136623239e-03 2.583394389983272088e+00
5.895954329981168383e-03 2.586751061799726248e+00
5.906827265075709557e-03 2.590108546494005015e+00
5.917720251329224371e-03 2.593466828585388129e+00
5.928633325718760984e-03 2.596825892541293701e+00
5.939566525289544791e-03 2.600185722777287545e+00
5.950519887155119800e-03 2.603546303657085392e+00
5.961493448497482209e-03 2.606907619492502715e+00
5.972487246567192293e-03 2.610269654543039941e+00
5.983501318683512316e-03 2.613632393016118272e+00
5.994535702234511480e-03 2.616995819067329254e+00
6.005590434677209044e-03 2.620359916800456546e+00
6.016665553537713096e-03 2.623724670267483461e+00
6.027761096411328109e-03 2.627090063468593417e+00
6.038877100962694588e-03 2.630456080352205017e+00
6.050013604925894017e-03 2.633822704814957394e+00
6.061170646104620599e-03 2.637189920701747514e+00
6.072348262372256715e-03 2.640557711805725294e+00
6.083546491672048133e-03 2.643926061868088873e+00
6.094765372017212426e-03 2.647294954562310121e+00
6.106004941491050865e-03 2.650664373484358016e+00
6.117265238247120152e-03 2.654034302176011995e+00
6.128546300509312220e-03 2.657404724127153006e+00
6.139848166572026839e-03 2.660775622775824800e+00
6.151170874800286105e-03 2.664146981508222822e+00
6.162514463629840261e-03 2.667518783658727077e+00
6.173878971567348974e-03 2.670891012509933216e+00
6.185264437190455059e-03 2.674263651292656530e+00
6.196670899147965761e-03 2.677636683185969702e+00
6.208098396159958572e-03 2.681010091317270305e+00
6.219546967017900059e-03 2.684383858801153711e+00
6.231016650584816734e-03 2.687757968813233145e+00
6.242507485795379188e-03 2.691132404498437936e+00
6.254019511656078167e-03 2.694507148950946895e+00
6.265552767245337329e-03 2.697882185214229178e+00
6.277107291713626865e-03 2.701257496281050052e+00
6.288683124283641311e-03 2.704633065093524635e+00
6.300280304250381949e-03 2.708008874543135214e+00
6.311898870981334612e-03 2.711384907470776984e+00
6.323538863916583312e-03 2.714761146666782921e+00
6.335200322568925596e-03 2.718137574870931328e+00
6.346883286524053827e-03 2.721514174751365367e+00
6.358587795440632379e-03 2.724890928865228990e+00
6.370313889050484117e-03 2.728267819708137143e+00
6.382061607158701425e-03 2.731644829724876544e+00
6.393830989643763292e-03 2.735021941309424331e+00
6.405622076457714864e-03 2.738399136805010237e+00
6.417434907626255042e-03 2.741776398504155221e+00
6.429269523248911690e-03 2.745153708648697233e+00
6.441125963499163935e-03 2.748531049429859152e+00
6.453004268624555791e-03 2.751908402988266555e+00
6.464904478946880036e-03 2.755285751414681794e+00
6.476826634862261484e-03 2.758663076791799007e+00
6.488770776841339127e-03 2.762040361219373796e+00
6.500736945429388437e-03 2.765417586753271983e+00
6.512725181246433251e-03 2.768794735399566331e+00
6.524735524987434858e-03 2.772171789114607598e+00
6.536768017422372665e-03 2.775548729805063175e+00
6.548822699396433279e-03 2.778925539327966820e+00
6.560899611830126738e-03 2.782302199490783945e+00
6.572998795719406200e-03 2.785678692051443583e+00
6.585120292135851830e-03 2.789054998718412559e+00
6.597264142226761871e-03 2.792431101151950479e+00
6.609430387215333054e-03 2.795806980973971623e+00
6.621619068400784631e-03 2.799182619763048496e+00
6.633830227158477207e-03 2.802557999048644888e+00
6.646063904940097480e-03 2.805933100311133188e+00
6.658320143273751927e-03 2.809307904981852122e+00
6.670598983764147206e-03 2.812682394443158707e+00
6.682900468092716796e-03 2.816056550028500638e+00
6.695224638017738088e-03 2.819430353022475799e+00
6.707571535374524940e-03 2.822803784660893989e+00
6.719941202075514416e-03 2.826176826132317466e+00
6.732333680110455000e-03 2.829549458661334782e+00
6.744749011546529761e-03 2.832921663553345848e+00
6.757187238528480390e-03 2.836293422077095006e+00
6.769648403278795412e-03 2.839664715453952493e+00
6.782132548097798662e-03 2.843035524857976615e+00
6.794639715363845305e-03 2.846405831415991905e+00
6.807169947533439798e-03 2.849775616207660622e+00
6.819723287141359926e-03 2.853144860265542704e+00
6.832299776800855422e-03 2.856513544575189467e+00
6.844899459203728637e-03 2.859881650075096093e+00
6.857522377120534030e-03 2.863249157594943028e+00
6.870168573400700467e-03 2.866616047748550944e+00
6.882838090972656121e-03 2.869982301073478848e+00
6.895530972844023630e-03 2.873347898059438243e+00
6.908247262101706830e-03 2.876712819148347755e+00
6.920987001912092852e-03 2.880077044734446368e+00
6.933750235521170084e-03 2.883440555164351160e+00
6.946537006254657406e-03 2.886803330737145235e+00
6.959347357518202819e-03 2.890165351704467422e+00
6.972181332797470175e-03 2.893526598270670380e+00
6.985038975658336945e-03 2.896887050694733734e+00
6.997920329747025180e-03 2.900246689491632779e+00
7.010825438790221215e-03 2.903605495187063568e+00
7.023754346595281230e-03 2.906963448261852268e+00
7.036707097050317120e-03 2.910320529152020441e+00
7.049683734124399456e-03 2.913676718248898290e+00
7.062684301867682389e-03 2.917031995899200147e+00
7.075708844411533749e-03 2.920386342405117741e+00
7.088757405968734542e-03 2.923739738024422330e+00
7.101830030833570888e-03 2.927092162969903821e+00
7.114926763382034385e-03 2.930443597328620253e+00
7.128047648071953075e-03 2.933794020982288586e+00
7.141192729443120689e-03 2.937143413748624532e+00
7.154362052117493528e-03 2.940491755400210572e+00
7.167555660799291954e-03 2.943839025664572784e+00
7.180773600275195540e-03 2.947185204224304300e+00
7.194015915414479247e-03 2.950530270717147019e+00
7.207282651169139194e-03 2.953874204736102183e+00
7.220573852574098221e-03 2.957216985829540512e+00
7.233889564747302166e-03 2.960558593509246439e+00
7.247229832889920224e-03 2.963899007384665829e+00
7.260594702286472454e-03 2.967238207144137441e+00
7.273984218304998042e-03 2.970576172437022322e+00
7.287398426397184541e-03 2.973912882869822027e+00
7.300837372098538738e-03 2.977248318006286532e+00
7.314301101028556663e-03 2.980582457367526583e+00
7.327789658890854554e-03 2.983915280432123840e+00
7.341303091473340599e-03 2.987246766636237005e+00
7.354841444648346771e-03 2.990576895373726618e+00
7.368404764372799703e-03 2.993905646001694620e+00
7.381993096688391556e-03 2.997232997854978542e+00
7.395606487721714459e-03 3.000558930231063126e+00
7.409244983684432247e-03 3.003883422385722035e+00
7.422908630873412301e-03 3.007206453533126211e+00
7.436597475670901625e-03 3.010528002845975326e+00
7.450311564544697708e-03 3.013848049455610134e+00
7.464050944048281240e-03 3.017166572452139484e+00
7.477815660820993048e-03 3.020483550884559332e+00
7.491605761588159863e-03 3.023798963761717751e+00
7.505421293161306830e-03 3.027112790061589731e+00
7.519262302438254643e-03 3.030425008727907876e+00
7.533128836403335526e-03 3.033735598663982902e+00
7.547020942127522468e-03 3.037044538732709409e+00
7.560938666768574935e-03 3.040351807756694669e+00
7.574882057571246177e-03 3.043657384518396292e+00
7.588851161867385571e-03 3.046961247760237690e+00
7.602846027076150259e-03 3.050263376184757291e+00
7.616866700704147397e-03 3.053563748457398752e+00
7.630913230345565991e-03 3.056862343282431116e+00
7.644985663682398944e-03 3.060159139414248664e+00
7.659084048484539331e-03 3.063454115573458036e+00
7.673208432609997243e-03 3.066747250442199313e+00
7.687358864005040295e-03 3.070038522664281455e+00
7.701535390704330672e-03 3.073327910845307098e+00
7.715738060831145440e-03 3.076615393552834199e+00
7.729966922597476288e-03 3.079900949316491499e+00
7.744222024304247241e-03 3.083184556625924611e+00
7.758503414341455170e-03 3.086466193838563132e+00
7.772811141188312040e-03 3.089745839145816131e+00
7.787145253413463482e-03 3.093023470691692811e+00
7.801505799675090280e-03 3.096299066581992943e+00
7.815892828721129545e-03 3.099572604884477833e+00
7.830306389389415228e-03 3.102844063629004889e+00
7.844746530607821233e-03 3.106113420807665726e+00
7.859213301394486068e-03 3.109380654374972242e+00
7.873706750857906514e-03 3.112645742257761139e+00
7.888226928197171819e-03 3.115908662617876246e+00
7.902773882702097269e-03 3.119169393882522456e+00
7.917347663753371637e-03 3.122427914459955378e+00
7.931948320822780965e-03 3.125684202724104743e+00
7.946575903473312649e-03 3.128938237014710300e+00
7.961230461359379215e-03 3.132189995637482571e+00
7.975912044226962302e-03 3.135439456864262286e+00
7.990620701913753177e-03 3.138686598933164706e+00
8.005356484349392121e-03 3.141931400011867659e+00
8.020119441555553438e-03 3.145173837821990670e+00
8.034909623646191781e-03 3.148413889791342957e+00
8.049727080827672257e-03 3.151651533307757269e+00
8.064571863398926552e-03 3.154886745723202601e+00
8.079444021751674976e-03 3.158119504353977813e+00
8.094343606370534017e-03 3.161349786480851076e+00
8.109270667833248791e-03 3.164577569349254826e+00
8.124225256810831824e-03 3.167802830169442529e+00
8.139207424067717439e-03 3.171025546262826289e+00
8.154217220461990739e-03 3.174245695453651539e+00
8.169254696945489960e-03 3.177463255657604790e+00
8.184319904564042389e-03 3.180678204759141980e+00
8.199412894457608347e-03 3.183890520611682540e+00
8.214533717860437317e-03 3.187100181037747060e+00
8.229682426101288251e-03 3.190307163829154469e+00
8.244859070603549264e-03 3.193511446747185456e+00
8.260063702885461420e-03 3.196713007511617022e+00
8.275296374560276585e-03 3.199911823568090341e+00
8.290557137336397944e-03 3.203107872093748920e+00
8.305846043017624594e-03 3.206301130224109119e+00
8.321163143503250426e-03 3.209491575063032176e+00
8.336508490788308717e-03 3.212679183682884076e+00
8.351882136963714384e-03 3.215863933124755381e+00
8.367284134216423572e-03 3.219045800398605550e+00
8.382714534829664374e-03 3.222224762483516525e+00
8.398173391183044387e-03 3.225400796360721412e+00
8.413660755752798773e-03 3.228573879073361574e+00
8.429176681111932509e-03 3.231743987650791183e+00
8.444721219930373043e-03 3.234911099092736997e+00
8.460294424975221828e-03 3.238075190369502643e+00
8.475896349110844524e-03 3.241236238422156024e+00
8.491527045299131216e-03 3.244394220162706510e+00
8.507186566599633445e-03 3.247549112474323429e+00
8.522874966169732489e-03 3.250700892214373194e+00
8.538592297264866599e-03 3.253849536229791006e+00
8.554338613238655908e-03 3.256995021346267727e+00
8.570113967543134884e-03 3.260137324361558786e+00
8.585918413728908447e-03 3.263276422045644942e+00
8.601752005445316776e-03 3.266412291140936563e+00
8.617614796440662556e-03 3.269544908362477909e+00
8.633506840562341078e-03 3.272674250398139417e+00
8.649428191757070963e-03 3.275800293895349213e+00
8.665378904071055488e-03 3.278923015337915636e+00
8.681359031650143915e-03 3.282042391102840462e+00
8.697368628740069149e-03 3.285158397538914254e+00
8.713407749686565701e-03 3.288271010967894981e+00
8.729476448935619484e-03 3.291380207684736270e+00
8.745574781033615269e-03 3.294485963957784147e+00
8.761702800627510154e-03 3.297588256028991083e+00
8.777860562465066019e-03 3.300687060135216733e+00
8.794048121394974424e-03 3.303782352725944893e+00
8.810265532367101207e-03 3.306874110376749609e+00
8.826512850432651283e-03 3.309962309641568456e+00
8.842790130744317828e-03 3.313046927050559365e+00
8.859097428556545958e-03 3.316127939110317335e+00
8.875434799225633345e-03 3.319205322304071171e+00
8.891802298209995625e-03 3.322279053091925505e+00
8.908199981070320794e-03 3.325349107869811860e+00
8.924627903469727064e-03 3.328415462659950474e+00
8.941086121174023071e-03 3.331478093283368747e+00
8.957574690051818903e-03 3.334536975535366654e+00
8.974093666074781095e-03 3.337592085187114144e+00
8.990643105317788764e-03 3.340643397985866958e+00
9.007223063959134829e-03 3.343690889655217990e+00
9.023833598280701224e-03 3.346734535895296681e+00
9.040474764668156651e-03 3.349774312405588539e+00
9.057146619611169958e-03 3.352810194967615676e+00
9.073849219703578398e-03 3.355842159371071887e+00
9.090582621643594069e-03 3.358870181383718290e+00
9.107346882233968710e-03 3.361894236751590270e+00
9.124142058382208806e-03 3.364914301199251945e+00
9.140968207100778550e-03 3.367930350430025310e+00
9.157825385507280258e-03 3.370942360125888104e+00
9.174713650824650388e-03 3.373950305907376990e+00
9.191633060381329545e-03 3.376954163295434075e+00
9.208583671611512284e-03 3.379953907781235056e+00
9.225565542055275473e-03 3.382949514835447147e+00
9.242578729358836773e-03 3.385940959908476433e+00
9.259623291274715964e-03 3.388928218430715678e+00
9.276699285661913624e-03 3.391911265812784126e+00
9.293806770486166130e-03 3.394890077443545984e+00
9.310945803820068825e-03 3.397864628665579367e+00
9.328116443843336228e-03 3.400834894784352525e+00
9.345318748842977238e-03 3.403800851086079327e+00
9.362552777213459937e-03 3.406762472838274824e+00
9.379818587456982201e-03 3.409719735290018150e+00
9.397116238183580994e-03 3.412672613672202537e+00
9.414445788111413388e-03 3.415621083197302621e+00
9.431807296066921364e-03 3.418565118881221387e+00
9.449200820984994878e-03 3.421504695277243879e+00
9.466626421909256350e-03 3.424439786851489753e+00
9.484084157992164754e-03 3.427370368050803418e+00
9.501574088495298373e-03 3.430296413303041358e+00
9.519096272789519600e-03 3.433217897017326159e+00
9.536650770355151879e-03 3.436134793584332936e+00
9.554237640782245120e-03 3.439047077430787525e+00
9.571856943770704063e-03 3.441954723410912464e+00
9.589508739130555431e-03 3.444857706581394563e+00
9.607193086782124872e-03 3.447756001985475383e+00
9.624910046756210424e-03 3.450649584651719337e+00
9.642659679194353142e-03 3.453538429594302794e+00
9.660442044348963725e-03 3.456422511813256992e+00
9.678257202583596605e-03 3.459301806283495040e+00
9.696105214373126890e-03 3.462176287666733021e+00
9.713986140303918632e-03 3.465045930286219544e+00
9.731900041074109317e-03 3.467910708433919797e+00
9.749846977493731304e-03 3.470770596386859363e+00
9.767827010484987638e-03 3.473625568407459951e+00
9.785840201082430731e-03 3.476475598743786755e+00
9.803886610433139304e-03 3.479320661627141931e+00
9.821966299796995939e-03 3.482160730994049214e+00
9.840079330546813718e-03 3.484995780244547703e+00
9.858225764168615513e-03 3.487825782706080346e+00
9.876405662261812657e-03 3.490650711690408858e+00
9.894619086539385364e-03 3.493470540493908594e+00
9.912866098828158543e-03 3.496285242397897175e+00
9.931146761068937109e-03 3.499094790669678101e+00
9.949461135316780072e-03 3.501899158879047125e+00
9.967809283741187881e-03 3.504698321387505811e+00
9.986191268626277637e-03 3.507492252672149924e+00
1.000460715237106064e-02 3.510280927200527312e+00
1.002305699748960201e-02 3.513064319430917681e+00
1.004154086661125655e-02 3.515842403812623918e+00
1.006005882248087527e-02 3.518615154785746935e+00
1.007861092795901518e-02 3.521382546443544204e+00
1.009719724602217011e-02 3.524144551953234838e+00
1.011581783976295799e-02 3.526901144316574310e+00
1.013447277239034987e-02 3.529652296523448474e+00
1.015316210722988499e-02 3.532397981552219512e+00
1.017188590772388074e-02 3.535138172370024812e+00
1.019064423743165984e-02 3.537872841931791523e+00
1.020943716002974642e-02 3.540601962885522536e+00
1.022826473931209672e-02 3.543325507200445479e+00
1.024712703919031069e-02 3.546043446741582450e+00
1.026602412369384543e-02 3.548755753361156895e+00
1.028495605697025278e-02 3.551462398898963535e+00
1.030392290328536672e-02 3.554163355182694328e+00
1.032292472702353928e-02 3.556858594052783040e+00
1.034196159268785040e-02 3.559548088676237398e+00
1.036103356490035085e-02 3.562231814215946812e+00
1.038014070840224436e-02 3.564909745998419144e+00
1.039928308805413218e-02 3.567581859350402951e+00
1.041846076883623171e-02 3.570248129599172593e+00
1.043767381584857941e-02 3.572908532072826215e+00
1.045692229431128585e-02 3.575563041891804961e+00
1.047620626956472130e-02 3.578211630783808328e+00
1.049552580706975512e-02 3.580854267709542516e+00
1.051488097240797781e-02 3.583490921533228679e+00
1.053427183128191093e-02 3.586121561102602495e+00
1.055369844951526206e-02 3.588746155249336489e+00
1.057316089305310874e-02 3.591364672789443713e+00
1.059265922796214301e-02 3.593977083102761316e+00
1.061219352043089523e-02 3.596583358751392012e+00
1.063176383676995088e-02 3.599183473390243471e+00
1.065137024341219867e-02 3.601777400675247875e+00
1.067101280691301786e-02 3.604365114262710890e+00
1.069069159395053328e-02 3.606946587809677141e+00
1.071040667132583390e-02 3.609521794967520236e+00
1.073015810596319314e-02 3.612090708807011996e+00
1.074994596491031344e-02 3.614653301376243633e+00
1.076977031533853449e-02 3.617209544617116634e+00
1.078963122454306735e-02 3.619759410469159278e+00
1.080952875994322868e-02 3.622302870869922753e+00
1.082946298908265582e-02 3.624839897755358642e+00
1.084943397962956704e-02 3.627370462895072034e+00
1.086944179937694883e-02 3.629894536654696413e+00
1.088948651624281616e-02 3.632412088687099416e+00
1.090956819827042582e-02 3.634923088633383870e+00
1.092968691362853489e-02 3.637427506128712906e+00
1.094984273061159509e-02 3.639925310802742509e+00
1.097003571764000422e-02 3.642416472286192253e+00
1.099026594326034389e-02 3.644900960666566103e+00
1.101053347614559461e-02 3.647378746803359384e+00
1.103083838509539248e-02 3.649849801629815982e+00
1.105118073903624092e-02 3.652314096079371630e+00
1.107156060702175343e-02 3.654771601086089117e+00
1.109197805823288786e-02 3.657222287585059739e+00
1.111243316197817535e-02 3.659666126687292298e+00
1.113292598769398054e-02 3.662103090384762893e+00
1.115345660494470106e-02 3.664533150950520124e+00
1.117402508342302259e-02 3.666956280663922207e+00
1.119463149295015642e-02 3.669372451810928748e+00
1.121527590347606851e-02 3.671781636684511074e+00
1.123595838507973621e-02 3.674183807322866535e+00
1.125667900796935988e-02 3.676578932082768425e+00
1.127743784248261272e-02 3.678966976594165050e+00
1.129823495908688358e-02 3.681347906414637716e+00
1.131907042837950600e-02 3.683721687093509889e+00
1.133994432108802533e-02 3.686088284172372553e+00
1.136085670807039302e-02 3.688447663268267451e+00
1.138180766031524765e-02 3.690799793652257410e+00
1.140279724894213004e-02 3.693144649632245535e+00
1.142382554520173996e-02 3.695482205898562356e+00
1.144489262047618076e-02 3.697812437159446741e+00
1.146599854627918143e-02 3.700135318141422047e+00
1.148714339425636020e-02 3.702450823574920502e+00
1.150832723618544842e-02 3.704758925464354036e+00
1.152955014397656457e-02 3.707059589874876160e+00
1.155081218967242244e-02 3.709352782090722833e+00
1.157211344544860007e-02 3.711638467392977425e+00
1.159345398361377039e-02 3.713916611060124051e+00
1.161483387660995625e-02 3.716187178369661392e+00
1.163625319701278200e-02 3.718450135675067880e+00
1.165771201753170068e-02 3.720705452445155270e+00
1.167921041101025424e-02 3.722953098717645570e+00
1.170074845042631817e-02 3.725193044541891041e+00
1.172232620889234085e-02 3.727425259979348038e+00
1.174394375965562461e-02 3.729649715103997121e+00
1.176560117609852345e-02 3.731866379818943091e+00
1.178729853173873104e-02 3.734075223451920333e+00
1.180903590022951144e-02 3.736276215225437625e+00
1.183081335535995579e-02 3.738469324374432912e+00
1.185263097105524431e-02 3.740654520146767137e+00
1.187448882137687005e-02 3.742831771802976437e+00
1.189638698052291298e-02 3.745001047723006238e+00
1.191832552282828112e-02 3.747162313678384038e+00
1.194030452276496207e-02 3.749315534970075969e+00
1.196232405494229711e-02 3.751460676905418179e+00
1.198438419410720150e-02 3.753597704798735002e+00
1.200648501514443335e-02 3.755726583978145072e+00
1.202862659307685732e-02 3.757847281130440642e+00
1.205080900306567705e-02 3.759959765984153712e+00
1.207303232041072663e-02 3.762064008699550932e+00
1.209529662055068046e-02 3.764159979457531335e+00
1.211760197906334297e-02 3.766247648460120612e+00
1.213994847166588453e-02 3.768326985904600690e+00
1.216233617421512772e-02 3.770397960633154355e+00
1.218476516270776758e-02 3.772460539482604513e+00
1.220723551328065093e-02 3.774514689143539048e+00
1.222974730221103486e-02 3.776560376322490864e+00
1.225230060591683476e-02 3.778597567742516095e+00
1.227489550095690538e-02 3.780626230114587649e+00
1.229753206403127672e-02 3.782646329671340624e+00
1.232021037198141947e-02 3.784657832248332632e+00
1.234293050179051908e-02 3.786660703685349905e+00
1.236569253058371516e-02 3.788654909839702434e+00
1.238849653562840158e-02 3.790640416586862571e+00
1.241134259433444159e-02 3.792617190047069098e+00
1.243423078425445923e-02 3.794585197813078015e+00
1.245716118308409434e-02 3.796544408075910759e+00
1.248013386866226627e-02 3.798494789053285192e+00
1.250314891897145488e-02 3.800436308988778933e+00
1.252620641213793122e-02 3.802368936148405432e+00
1.254930642643205252e-02 3.804292637671896848e+00
1.257244904026851018e-02 3.806207377981567941e+00
1.259563433220660215e-02 3.808113121121269540e+00
1.261886238095051745e-02 3.810009831155140247e+00
1.264213326534956681e-02 3.811897472168294776e+00
1.266544706439847595e-02 3.813776008439107468e+00
1.268880385723764916e-02 3.815645407195833450e+00
1.271220372315342781e-02 3.817505638149021330e+00
1.273564674157838875e-02 3.819356671119499058e+00
1.275913299209157324e-02 3.821198475963282437e+00
1.278266255441878364e-02 3.823031022572150217e+00
1.280623550843284011e-02 3.824854279388741674e+00
1.282985193415387901e-02 3.826668209188452074e+00
1.285351191174958704e-02 3.828472773402994189e+00
1.287721552153549623e-02 3.830267933486201759e+00
1.290096284397524926e-02 3.832053650914796439e+00
1.292475395968086839e-02 3.833829887315424401e+00
1.294858894941306078e-02 3.835596607051752649e+00
1.297246789408143877e-02 3.837353777128785115e+00
1.299639087474483562e-02 3.839101364693302099e+00
1.302035797261156570e-02 3.840839336928876691e+00
1.304436926903969861e-02 3.842567661056652373e+00
1.306842484553735230e-02 3.844286304792331688e+00
1.309252478376294639e-02 3.845995237376469422e+00
1.311666916552548662e-02 3.847694428394047073e+00
1.314085807278485285e-02 3.849383847474050491e+00
1.316509158765205925e-02 3.851063464290057414e+00
1.318936979238956655e-02 3.852733247794733806e+00
1.321369276941151798e-02 3.854393158382514617e+00
1.323806060128404280e-02 3.856043151068373032e+00
1.326247337072553739e-02 3.857683180805330458e+00
1.328693116060693236e-02 3.859313202569301993e+00
1.331143405395200825e-02 3.860933171508543538e+00
1.333598213393762631e-02 3.862543051595177523e+00
1.336057548389404763e-02 3.864142820422087787e+00
1.338521418730520031e-02 3.865732456807268846e+00
1.340989832780898477e-02 3.867311939634889839e+00
1.343462798919752010e-02 3.868881247855286087e+00
1.345940325541746148e-02 3.870440355251731468e+00
1.348422421057026907e-02 3.871989217326602173e+00
1.350909093891248906e-02 3.873527785597960627e+00
1.353400352485607111e-02 3.875056011608902562e+00
1.355896205296861293e-02 3.876573846928661471e+00
1.358396660797367081e-02 3.878081245066006932e+00
1.360901727475104239e-02 3.879578173552018061e+00
1.363411413833704941e-02 3.881064606187738075e+00
1.365925728392485168e-02 3.882540516866418212e+00
1.368444679686469864e-02 3.884005879545953555e+00
1.370968276266423813e-02 3.885460667722377082e+00
1.373496526698881302e-02 3.886904847396505325e+00
1.376029439566173358e-02 3.888338378965572772e+00
1.378567023466460012e-02 3.889761222737246893e+00
1.381109287013755627e-02 3.891173339066770875e+00
1.383656238837960295e-02 3.892574688504387925e+00
1.386207887584889331e-02 3.893965235622056653e+00
1.388764241916300851e-02 3.895344949387618882e+00
1.391325310509928907e-02 3.896713799052129890e+00
1.393891102059508294e-02 3.898071753930794525e+00
1.396461625274806814e-02 3.899418783315317771e+00
1.399036888881654422e-02 3.900754852389699323e+00
1.401616901621971500e-02 3.902079920504997634e+00
1.404201672253802685e-02 3.903393946620430821e+00
1.406791209551340634e-02 3.904696889748922040e+00
1.409385522304960024e-02 3.905988709012083060e+00
1.411984619321245311e-02 3.907269367249093683e+00
1.414588509423023686e-02 3.908538833296030912e+00
1.417197201449390577e-02 3.909797076601177590e+00
1.419810704255742607e-02 3.911044066684367326e+00
1.422429026713807089e-02 3.912279773100817870e+00
1.425052177711671163e-02 3.913504162846971113e+00
1.427680166153815107e-02 3.914717198648393737e+00
1.430313000961137664e-02 3.915918842890699914e+00
1.432950691070990386e-02 3.917109058025806334e+00
1.435593245437205567e-02 3.918287806577986032e+00
1.438240673030127814e-02 3.919455051416300684e+00
1.440892982836645790e-02 3.920610755891672294e+00
1.443550183860219105e-02 3.921754883459531271e+00
1.446212285120911968e-02 3.922887397647152774e+00
1.448879295655422332e-02 3.924008262178987128e+00
1.451551224517113117e-02 3.925117444945232403e+00
1.454228080776043958e-02 3.926214918837282575e+00
1.456909873518999823e-02 3.927300657124204619e+00
1.459596611849522767e-02 3.928374633161647367e+00
1.462288304887943494e-02 3.929436819885044230e+00
1.464984961771411028e-02 3.930487181128508034e+00
1.467686591653926710e-02 3.931525672813421135e+00
1.470393203706370742e-02 3.932552250665761751e+00
1.473104807116536533e-02 3.933566870483318656e+00
1.475821411089161227e-02 3.934569488972358364e+00
1.478543024845955373e-02 3.935560070970065105e+00
1.481269657625638655e-02 3.936538585903633258e+00
1.484001318683965225e-02 3.937505003339197174e+00
1.486738017293759428e-02 3.938459292933343736e+00
1.489479762744944785e-02 3.939401423829102189e+00
1.492226564344579197e-02 3.940331362249306135e+00
1.494978431416881665e-02 3.941249073570629591e+00
1.497735373303266809e-02 3.942154523258990295e+00
1.500497399362376791e-02 3.943047676870888640e+00
1.503264518970110972e-02 3.943928500086117950e+00
1.506036741519661479e-02 3.944796958753153060e+00
1.508814076421540785e-02 3.945653018825023839e+00
1.511596533103616059e-02 3.946496646349100246e+00
1.514384121011140907e-02 3.947327807533194122e+00
1.517176849606786428e-02 3.948146470474537484e+00
1.519974728370676424e-02 3.948952605343091449e+00
1.522777766800415336e-02 3.949746182511388870e+00
1.525585974411122758e-02 3.950527172454018743e+00
1.528399360735465708e-02 3.951295544576940433e+00
1.531217935323690021e-02 3.952051259455393151e+00
1.534041707743655572e-02 3.952794273647126211e+00
1.536870687580864543e-02 3.953524543783051293e+00
1.539704884438496645e-02 3.954242026602857063e+00
1.542544307937441204e-02 3.954946683972327293e+00
1.545388967716329262e-02 3.955638490570814181e+00
1.548238873431568956e-02 3.956317423167635461e+00
1.551094034757373452e-02 3.956983458646418317e+00
1.553954461385797896e-02 3.957636573639728983e+00
1.556820163026770461e-02 3.958276738430289932e+00
1.559691149408124790e-02 3.958903917875722378e+00
1.562567430275637118e-02 3.959518076764095174e+00
1.565449015393052812e-02 3.960119179993749405e+00
1.568335914542124190e-02 3.960707192468350346e+00
1.571228137522642093e-02 3.961282078779887250e+00
1.574125694152471097e-02 3.961843803527492547e+00
1.577028594267579353e-02 3.962392331424486880e+00
1.579936847722074322e-02 3.962927627404406739e+00
1.582850464388236081e-02 3.963449659209574705e+00
1.585769454156549588e-02 3.963958397557739932e+00
1.588693826935741460e-02 3.964453813425742545e+00
1.591623592652809116e-02 3.964935877912655116e+00
1.594558761253057552e-02 3.965404562124961174e+00
1.597499342700132302e-02 3.965859836817058781e+00
1.600445346976052050e-02 3.966301672745538021e+00
1.603396784081246099e-02 3.966730040792490808e+00
1.606353664034583864e-02 3.967144911712524369e+00
1.609315996873411647e-02 3.967546251498792920e+00
1.612283792653585943e-02 3.967934021857845384e+00
1.615257061449506051e-02 3.968308184463502197e+00
1.618235813354153285e-02 3.968668701122437081e+00
1.621220058479119069e-02 3.969015538359657924e+00
1.624209806954642760e-02 3.969348675597216936e+00
1.627205068929644602e-02 3.969668094594767105e+00
1.630205854571761120e-02 3.969973777249330205e+00
1.633212174067380507e-02 3.970265703502219523e+00
1.636224037621675231e-02 3.970543834616712342e+00
1.639241455458636393e-02 3.970808122043886446e+00
1.642264437821110840e-02 3.971058517276947253e+00
1.645292994970833783e-02 3.971294972310893900e+00
1.648327137188465921e-02 3.971517454289046789e+00
1.651366874773625010e-02 3.971725950420809337e+00
1.654412218044924027e-02 3.971920449436161960e+00
1.657463177340003438e-02 3.972100940209791098e+00
1.660519763015570055e-02 3.972267407693186314e+00
1.663581985447427913e-02 3.972419824022758839e+00
1.666649855030515742e-02 3.972558158905233228e+00
1.669723382178942006e-02 3.972682382192879835e+00
1.672802577326019599e-02 3.972792462824279003e+00
1.675887450924304703e-02 3.972888361885792197e+00
1.678978013445625930e-02 3.972970036961205320e+00
1.682074275381124917e-02 3.973037445764721287e+00
1.685176247241290670e-02 3.973090547040063925e+00
1.688283939555992874e-02 3.973129316345430428e+00
1.691397362874523178e-02 3.973153744291840983e+00
1.694516527765625377e-02 3.973163822170192816e+00
1.697641444817533235e-02 3.973159541198084455e+00
1.700772124638007601e-02 3.973140878032305867e+00
1.703908577854370068e-02 3.973107786082521020e+00
1.707050815113542869e-02 3.973060216832649871e+00
1.710198847082080448e-02 3.972998121942062255e+00
1.713352684446208668e-02 3.972921462085957423e+00
1.716512337911860198e-02 3.972830221817902352e+00
1.719677818204709552e-02 3.972724389782327226e+00
1.722849136070214032e-02 3.972603954785667302e+00
1.726026302273644258e-02 3.972468903826369413e+00
1.729209327600124066e-02 3.972319215653994817e+00
1.732398222854666936e-02 3.972154866938753415e+00
1.735592998862210690e-02 3.971975834517118997e+00
1.738793666467659121e-02 3.971782093797529889e+00
1.742000236535912877e-02 3.971573610323287706e+00
1.745212719951909353e-02 3.971350345917838087e+00
1.748431127620658429e-02 3.971112262569898022e+00
1.751655470467283066e-02 3.970859324339691021e+00
1.754885759437051218e-02 3.970591511780487970e+00
1.758122005495415738e-02 3.970308813941177739e+00
1.761364219628051841e-02 3.970011220108391914e+00
1.764612412840892847e-02 3.969698718738210452e+00
1.767866596160170070e-02 3.969371287551560101e+00
1.771126780632447870e-02 3.969028897746998741e+00
1.774392977324661461e-02 3.968671520605731473e+00
1.777665197324155427e-02 3.968299127626975231e+00
1.780943451738719804e-02 3.967911690954021520e+00
1.784227751696632058e-02 3.967509183228698166e+00
1.787518108346688311e-02 3.967091577283315296e+00
1.790814532858246363e-02 3.966658846375096914e+00
1.794117036421261427e-02 3.966210967087024919e+00
1.797425630246322556e-02 3.965747918396416605e+00
1.800740325564697403e-02 3.965269679512624545e+00
1.804061133628361013e-02 3.964776229877941649e+00
1.807388065710040584e-02 3.964267549689145298e+00
1.810721133103251196e-02 3.963743619712782884e+00
1.814060347122334327e-02 3.963204420911597303e+00
1.817405719102498790e-02 3.962649934313797750e+00
1.820757260399854388e-02 3.962080139830731262e+00
1.824114982391454934e-02 3.961495016784069012e+00
1.827478896475333292e-02 3.960894544678789764e+00
1.830849014070543013e-02 3.960278703338721229e+00
1.834225346617196842e-02 3.959647473807199614e+00
1.837607905576502804e-02 3.959000837827725050e+00
1.840996702430805834e-02 3.958338777343711090e+00
1.844391748683625251e-02 3.957661273511127398e+00
1.847793055859696040e-02 3.956968301735595439e+00
1.851200635505004591e-02 3.956259835403711289e+00
1.854614499186830329e-02 3.955535848104879459e+00
1.858034658493784227e-02 3.954796316057035188e+00
1.861461125035846972e-02 3.954041225718874397e+00
1.864893910444413369e-02 3.953270566348798809e+00
1.868333026372324263e-02 3.952484327396231123e+00
1.871778484493911640e-02 3.951682494012658697e+00
1.875230296505035407e-02 3.950865039591917593e+00
1.878688474123124674e-02 3.950031935776114889e+00
1.882153029087219043e-02 3.949183154605064416e+00
1.885623973158003647e-02 3.948318680831783389e+00
1.889101318117853562e-02 3.947438519827823900e+00
1.892585075770871275e-02 3.946542679039774182e+00
1.896075257942926931e-02 3.945631164718771622e+00
1.899571876481702393e-02 3.944703953504394178e+00
1.903074943256724896e-02 3.943760993554845218e+00
1.906584470159412154e-02 3.942802232111546346e+00
1.910100469103111209e-02 3.941827621240970636e+00
1.913622952023136953e-02 3.940837154436021006e+00
1.917151930876818955e-02 3.939830847196118757e+00
1.920687417643534081e-02 3.938808715406997951e+00
1.924229424324751594e-02 3.937770765047158950e+00
1.927777962944073400e-02 3.936716960657401732e+00
1.931333045547273600e-02 3.935647256288036022e+00
1.934894684202342896e-02 3.934561606537077427e+00
1.938462890999524679e-02 3.933459997203758274e+00
1.942037678051358740e-02 3.932342472191980409e+00
1.945619057492721168e-02 3.931209081915716386e+00
1.949207041480869804e-02 3.930059872116798747e+00
1.952801642195478582e-02 3.928894804212998082e+00
1.956402871838683680e-02 3.927713767910170795e+00
1.960010742635123412e-02 3.926516650956529020e+00
1.963625266831979521e-02 3.925303363262240719e+00
1.967246456699021928e-02 3.924073939569074465e+00
1.970874324528644472e-02 3.922828458900759596e+00
1.974508882635910706e-02 3.921567000234412959e+00
1.978150143358595181e-02 3.920289609326669034e+00
1.981798119057223695e-02 3.918996263007804348e+00
1.985452822115120128e-02 3.917686929775118454e+00
1.989114264938441484e-02 3.916361576633208053e+00
1.992782459956223690e-02 3.915020143926633445e+00
1.996457419620424265e-02 3.913662551206730900e+00
2.000139156405963264e-02 3.912288717794344173e+00
2.003827682810768035e-02 3.910898592710446930e+00
2.007523011355811723e-02 3.909492249076947701e+00
2.011225154585158381e-02 3.908069792761922567e+00
2.014934125066004944e-02 3.906631327621580940e+00
2.018649935388723560e-02 3.905176873445008745e+00
2.022372598166906343e-02 3.903706339092237965e+00
2.026102126037405624e-02 3.902219626171411271e+00
2.029838531660376963e-02 3.900716647596346842e+00
2.033581827719323568e-02 3.899197390824622467e+00
2.037332026921138267e-02 3.897661874400544235e+00
2.041089141996149658e-02 3.896110117232894687e+00
2.044853185698159576e-02 3.894542143783819022e+00
2.048624170804490968e-02 3.892957988250961510e+00
2.052402110116028841e-02 3.891357685997020255e+00
2.056187016457267092e-02 3.889741264190058612e+00
2.059978902676348061e-02 3.888108678965350506e+00
2.063777781645107293e-02 3.886459850779458325e+00
2.067583666259118977e-02 3.884794700615510799e+00
2.071396569437736548e-02 3.883113200412470878e+00
2.075216504124142297e-02 3.881415419735783079e+00
2.079043483285383798e-02 3.879701439332168267e+00
2.082877519912423175e-02 3.877971327605439278e+00
2.086718627020178740e-02 3.876225051849518710e+00
2.090566817647570089e-02 3.874462530390283543e+00
2.094422104857565289e-02 3.872683682272941574e+00
2.098284501737218352e-02 3.870888474709328175e+00
2.102154021397719189e-02 3.869076954516359024e+00
2.106030676974436633e-02 3.867249176148277012e+00
2.109914481626961810e-02 3.865405184716729448e+00
2.113805448539156709e-02 3.863544968365872467e+00
2.117703590919193732e-02 3.861668494235453775e+00
2.121608921999602881e-02 3.859775730262153370e+00
2.125521455037317556e-02 3.857866660589684749e+00
2.129441203313717570e-02 3.855941288125855682e+00
2.133368180134678077e-02 3.853999617068285755e+00
2.137302398830609809e-02 3.852041655258476638e+00
2.141243872756506961e-02 3.850067422872427425e+00
2.145192615291991595e-02 3.848076942994318461e+00
2.149148639841360134e-02 3.846070236836164113e+00
2.153111959833629852e-02 3.844047300499616071e+00
2.157082588722580851e-02 3.842008113477493936e+00
2.161060539986804294e-02 3.839952655429572648e+00
2.165045827129747150e-02 3.837880920584597177e+00
2.169038463679761122e-02 3.835792928342579788e+00
2.173038463190143585e-02 3.833688700831499929e+00
2.177045839239186154e-02 3.831568259546407340e+00
2.181060605430221178e-02 3.829431622156135084e+00
2.185082775391666843e-02 3.827278805356307156e+00
2.189112362777075743e-02 3.825109823377228491e+00
2.193149381265178249e-02 3.822924652522357913e+00
2.197193844559928999e-02 3.820723241119504898e+00
2.201245766390556510e-02 3.818505537721997189e+00
2.205305160511605508e-02 3.816271528964041426e+00
2.209372040702990009e-02 3.814021264974568393e+00
2.213446420770031828e-02 3.811754802077507165e+00
2.217528314543514012e-02 3.809472192605507068e+00
2.221617735879724206e-02 3.807173473078116377e+00
2.225714698660502880e-02 3.804858676351661639e+00
2.229819216793292938e-02 3.802527830329181402e+00
2.233931304211181704e-02 3.800180916323608216e+00
2.238050974872951571e-02 3.797817891019502845e+00
2.242178242763127882e-02 3.795438712655345270e+00
2.246313121892022646e-02 3.793043375251619942e+00
2.250455626295789699e-02 3.790631910409844707e+00
2.254605770036462870e-02 3.788204351652592727e+00
2.258763567202010450e-02 3.785760724259123577e+00
2.262929031906378563e-02 3.783301036877000367e+00
2.267102178289545286e-02 3.780825296418772297e+00
2.271283020517561937e-02 3.778333521330211831e+00
2.275471572782604424e-02 3.775825773101860960e+00
2.279667849303020771e-02 3.773302123519767903e+00
2.283871864323378659e-02 3.770762630352326727e+00
2.288083632114518151e-02 3.768207250676419928e+00
2.292303166973593334e-02 3.765635898124910064e+00
2.296530483224125396e-02 3.763048493903216496e+00
2.300765595216049120e-02 3.760445059379581068e+00
2.305008517325762840e-02 3.757825688769770078e+00
2.309259263956179101e-02 3.755190476380656062e+00
2.313517849536768367e-02 3.752539468882319706e+00
2.317784288523612457e-02 3.749872658400177361e+00
2.322058595399451725e-02 3.747190034362996691e+00
2.326340784673733633e-02 3.744491586016837292e+00
2.330630870882666530e-02 3.741777302045076414e+00
2.334928868589261630e-02 3.739047171463761643e+00
2.339234792383388176e-02 3.736301222880131778e+00
2.343548656881820624e-02 3.733539586657769416e+00
2.347870476728287914e-02 3.730762409281830561e+00
2.352200266593526892e-02 3.727969780140782952e+00
2.356538041175326031e-02 3.725161575111152867e+00
2.360883815198580246e-02 3.722337620719299967e+00
2.365237603415338077e-02 3.719497790248861957e+00
2.369599420604852694e-02 3.716642198006205433e+00
2.373969281573634973e-02 3.713771036617405930e+00
2.378347201155497567e-02 3.710884482909305504e+00
2.382733194211610409e-02 3.707982603874762528e+00
2.387127275630547552e-02 3.705065419537598714e+00
2.391529460328343723e-02 3.702132938429876230e+00
2.395939763248536997e-02 3.699185063365054038e+00
2.400358199362224304e-02 3.696221640828658561e+00
2.404784783668111742e-02 3.693242537684596982e+00
2.409219531192563490e-02 3.690247853885014973e+00
2.413662456989658367e-02 3.687237838549501046e+00
2.418113576141232846e-02 3.684212729362047689e+00
2.422572903756937956e-02 3.681172575837362793e+00
2.427040454974288552e-02 3.678117289494935438e+00
2.431516244958714310e-02 3.675046785569065833e+00
2.436000288903615932e-02 3.671961082301113954e+00
2.440492602030407826e-02 3.668860281290934555e+00
2.444993199588577429e-02 3.665744480213283030e+00
2.449502096855733779e-02 3.662613664070159203e+00
2.454019309137658172e-02 3.659467721144264107e+00
2.458544851768362099e-02 3.656306548984499916e+00
2.463078740110130962e-02 3.653130263578955095e+00
2.467620989553582014e-02 3.649939173004571824e+00
2.472171615517714666e-02 3.646733573528546657e+00
2.476730633449961486e-02 3.643513439338460280e+00
2.481298058826246142e-02 3.640278464890505106e+00
2.485873907151028503e-02 3.637028354481592896e+00
2.490458193957361538e-02 3.633763114043766063e+00
2.495050934806943704e-02 3.630482999382667053e+00
2.499652145290169949e-02 3.627188267234618735e+00
2.504261841026189303e-02 3.623879083587307814e+00
2.508880037662951368e-02 3.620555545179958479e+00
2.513506750877264259e-02 3.617217734125074635e+00
2.518141996374843872e-02 3.613865571943719601e+00
2.522785789890374247e-02 3.610498871591536929e+00
2.527438147187552678e-02 3.607117465338192108e+00
2.532099084059147298e-02 3.603721393343942925e+00
2.536768616327050516e-02 3.600310816501590239e+00
2.541446759842331399e-02 3.596885898557997674e+00
2.546133530485294311e-02 3.593446815894994373e+00
2.550828944165525400e-02 3.589993750765059222e+00
2.555533016821950887e-02 3.586526845662675100e+00
2.560245764422890841e-02 3.583046000215809546e+00
2.564967202966111914e-02 3.579551022563428830e+00
2.569697348478887020e-02 3.576041773049126071e+00
2.574436217018040776e-02 3.572518348829288648e+00
2.579183824670010228e-02 3.568980914809825045e+00
2.583940187550898965e-02 3.565429615485088188e+00
2.588705321806528126e-02 3.561864528096492233e+00
2.593479243612498847e-02 3.558285715980593178e+00
2.598261969174238059e-02 3.554693242724131341e+00
2.603053514727058509e-02 3.551087172376512946e+00
2.607853896536214272e-02 3.547467568352005607e+00
2.612663130896951749e-02 3.543834439661566194e+00
2.617481234134573856e-02 3.540187706279538826e+00
2.622308222604483388e-02 3.536527285965470835e+00
2.627144112692248248e-02 3.532853251735916800e+00
2.631988920813651753e-02 3.529165850247061975e+00
2.636842663414750224e-02 3.525465322341727603e+00
2.641705356971931623e-02 3.521751701595055017e+00
2.646577017991964820e-02 3.518024866952991214e+00
2.651457663012061691e-02 3.514284716952859711e+00
2.656347308599928125e-02 3.510531330449159437e+00
2.661245971353828552e-02 3.506764872318289594e+00
2.666153667902631391e-02 3.502985494122181187e+00
2.671070414905873588e-02 3.499193284959265071e+00
2.675996229053813694e-02 3.495388315946945657e+00
2.680931127067488415e-02 3.491570621332783286e+00
2.685875125698773680e-02 3.487740138287056979e+00
2.690828241730435638e-02 3.483896790619853689e+00
2.695790491976189293e-02 3.480040608777029032e+00
2.700761893280758524e-02 3.476171784656787889e+00
2.705742462519928129e-02 3.472290517192366810e+00
2.710732216600609049e-02 3.468396894220763915e+00
2.715731172460886939e-02 3.464490906422635685e+00
2.720739347070084274e-02 3.460572552254630896e+00
2.725756757428817595e-02 3.456641917749131654e+00
2.730783420569053710e-02 3.452699131451522963e+00
2.735819353554172495e-02 3.448744292535590894e+00
2.740864573479016852e-02 3.444777382256444920e+00
2.745919097469956549e-02 3.440798353477469096e+00
2.750982942684944421e-02 3.436807247052869663e+00
2.756056126313573273e-02 3.432804278527768815e+00
2.761138665577140758e-02 3.428789675482672994e+00
2.766230577728697945e-02 3.424763470590223680e+00
2.771331880053114899e-02 3.420725497486851729e+00
2.776442589867136879e-02 3.416675616978817942e+00
2.781562724519442281e-02 3.412613996447687814e+00
2.786692301390706825e-02 3.408540960131681619e+00
2.791831337893654896e-02 3.404456762843566242e+00
2.796979851473123391e-02 3.400361396218786858e+00
2.802137859606118261e-02 3.396254790940810953e+00
2.807305379801879400e-02 3.392136917743167057e+00
2.812482429601932676e-02 3.388007814851758948e+00
2.817669026580153432e-02 3.383867532842874670e+00
2.822865188342826501e-02 3.379716211718587271e+00
2.828070932528703105e-02 3.375554062355605733e+00
2.833286276809066778e-02 3.371381264887848062e+00
2.838511238887785407e-02 3.367197816834671453e+00
2.843745836501376800e-02 3.363003652008717648e+00
2.848990087419066633e-02 3.358798745412009623e+00
2.854244009442848465e-02 3.354583165659066335e+00
2.859507620407549314e-02 3.350356996915186958e+00
2.864780938180882044e-02 3.346120380157173724e+00
2.870063980663510594e-02 3.341873512164747595e+00
2.875356765789111382e-02 3.337616566807043217e+00
2.880659311524430208e-02 3.333349550879341372e+00
2.885971635869350946e-02 3.329072402803357367e+00
2.891293756856947589e-02 3.324785154532496900e+00
2.896625692553550860e-02 3.320488070754144427e+00
2.901967461058807540e-02 3.316181438419512961e+00
2.907319080505741879e-02 3.311865257221054737e+00
2.912680569060822205e-02 3.307539241155837750e+00
2.918051944924013666e-02 3.303203173431487727e+00
2.923433226328845877e-02 3.298857345407147701e+00
2.928824431542474335e-02 3.294502244349685860e+00
2.934225578865739051e-02 3.290138142696713341e+00
2.939636686633234630e-02 3.285764841839628581e+00
2.945057773213361971e-02 3.281382102118738597e+00
2.950488857008397997e-02 3.276990032393248153e+00
2.955929956454553947e-02 3.272589031875972942e+00
2.961381090022044069e-02 3.268179420375218136e+00
2.966842276215140781e-02 3.263761100198223186e+00
2.972313533572241290e-02 3.259333852467901416e+00
2.977794880665930732e-02 3.254897649604360677e+00
2.983286336103042891e-02 3.250452771375992089e+00
2.988787918524729234e-02 3.245999506065335716e+00
2.994299646606514084e-02 3.241537954523461273e+00
2.999821539058363309e-02 3.237068108543490030e+00
3.005353614624746081e-02 3.232589984016639217e+00
3.010895892084698364e-02 3.228103672511795974e+00
3.016448390251890224e-02 3.223609281135944915e+00
3.022011127974683423e-02 3.219106954489067807e+00
3.027584124136199761e-02 3.214596874860760511e+00
3.033167397654383882e-02 3.210079181145947480e+00
3.038760967482066061e-02 3.205553773259241179e+00
3.044364852607033683e-02 3.201020475672283983e+00
3.049979072052083975e-02 3.196479351846068795e+00
3.055603644875097558e-02 3.191930852208563874e+00
3.061238590169100202e-02 3.187375409371745238e+00
3.066883927062325627e-02 3.182812984254892896e+00
3.072539674718287664e-02 3.178243286355306285e+00
3.078205852335835768e-02 3.173666218762613678e+00
3.083882479149225794e-02 3.169082170948309241e+00
3.089569574428184875e-02 3.164491579588679215e+00
3.095267157477973180e-02 3.159894482163666751e+00
3.100975247639458851e-02 3.155290603197484334e+00
3.106693864289171089e-02 3.150679773290220531e+00
3.112423026839374399e-02 3.146062238953004631e+00
3.118162754738129996e-02 3.141438335956860506e+00
3.123913067469368671e-02 3.136808267320254195e+00
3.129673984552948374e-02 3.132172093645722910e+00
3.135445525544724998e-02 3.127529875463589626e+00
3.141227710036618298e-02 3.122881709213958246e+00
3.147020557656676765e-02 3.118227701978131261e+00
3.152824088069149794e-02 3.113567935929916874e+00
3.158638320974546665e-02 3.108902458703176386e+00
3.164463276109707318e-02 3.104231323813072763e+00
3.170298973247870356e-02 3.099554641373536423e+00
3.176145432198736879e-02 3.094872544230358180e+00
3.182002672808543348e-02 3.090185150908716594e+00
3.187870714960122642e-02 3.085492555597352471e+00
3.193749578572974146e-02 3.080794857766548933e+00
3.199639283603332440e-02 3.076092223063766617e+00
3.205539850044232530e-02 3.071384849107177573e+00
3.211451297925582704e-02 3.066672872380507009e+00
3.217373647314226981e-02 3.061956306283520224e+00
3.223306918314013808e-02 3.057235153384815440e+00
3.229251131065868224e-02 3.052509454453162352e+00
3.235206305747855005e-02 3.047779272099414793e+00
3.241172462575254987e-02 3.043044696090615009e+00
3.247149621800625441e-02 3.038305877550290912e+00
3.253137803713870152e-02 3.033562973104184657e+00
3.259137028642314360e-02 3.028816112142721284e+00
3.265147316950765127e-02 3.024065406934992595e+00
3.271168689041591138e-02 3.019310996957106585e+00
3.277201165354780288e-02 3.014553089746507375e+00
3.283244766368016015e-02 3.009791881777286626e+00
3.289299512596745301e-02 3.005027323596753952e+00
3.295365424594251524e-02 3.000259204804074820e+00
3.301442522951716918e-02 2.995487499781497309e+00
3.307530828298298198e-02 2.990712657976325239e+00
3.313630361301195260e-02 2.985935170024771601e+00
3.319741142665718486e-02 2.981155144898770093e+00
3.325863193135368545e-02 2.976372436512567443e+00
3.331996533491892593e-02 2.971586928094468671e+00
3.338141184555364765e-02 2.966798587871338544e+00
3.344297167184255570e-02 2.962007426816746225e+00
3.350464502275497802e-02 2.957213807615670209e+00
3.356643210764567037e-02 2.952418323147913082e+00
3.362833313625540610e-02 2.947621271281436250e+00
3.369034831871178109e-02 2.942822215298473321e+00
3.375247786552987989e-02 2.938020675664387404e+00
3.381472198761300424e-02 2.933216929087286928e+00
3.387708089625342256e-02 2.928411729319502221e+00
3.393955480313302214e-02 2.923605502652999899e+00
3.400214392032405858e-02 2.918797896504322420e+00
3.406484846028989821e-02 2.913988519959776813e+00
3.412766863588567734e-02 2.909177728988136202e+00
3.419060466035914181e-02 2.904366320821017311e+00
3.425365674735122296e-02 2.899554571242475287e+00
3.431682511089687027e-02 2.894741613870787766e+00
3.438010996542570363e-02 2.889926596630086220e+00
3.444351152576285297e-02 2.885110190234396299e+00
3.450703000712955493e-02 2.880293896575814472e+00
3.457066562514395092e-02 2.875478427472882625e+00
3.463441859582182952e-02 2.870662909725322898e+00
3.469828913557730654e-02 2.865846428773692001e+00
3.476227746122366458e-02 2.861029282063898282e+00
3.482638378997394979e-02 2.856212371556360985e+00
3.489060833944180456e-02 2.851396129784469657e+00
3.495495132764218221e-02 2.846580132568722110e+00
3.501941297299205474e-02 2.841763958913430699e+00
3.508399349431125941e-02 2.836947884235129447e+00
3.514869311082309544e-02 2.832132497371521840e+00
3.521351204215516367e-02 2.827318100734379058e+00
3.527845050834008123e-02 2.822504523493892137e+00
3.534350872981623093e-02 2.817691600808396757e+00
3.540868692742855928e-02 2.812879503738873854e+00
3.547398532242922176e-02 2.808068540170286731e+00
3.553940413647842245e-02 2.803258917832354147e+00
3.560494359164512179e-02 2.798450693814424017e+00
3.567060391040779987e-02 2.793643919916681373e+00
3.573638531565527521e-02 2.788838693551112691e+00
3.580228803068732923e-02 2.784035128719401619e+00
3.586831227921557369e-02 2.779233325916094177e+00
3.593445828536416531e-02 2.774433367089672586e+00
3.600072627367056910e-02 2.769635341464325773e+00
3.606711646908637020e-02 2.764839389097252464e+00
3.613362909697794695e-02 2.760045667811395376e+00
3.620026438312729661e-02 2.755254359398056074e+00
3.626702255373277783e-02 2.750465677135847553e+00
3.633390383540992946e-02 2.745679771836013305e+00
3.640090845519217133e-02 2.740896457654710794e+00
3.646803664053159533e-02 2.736115451499065099e+00
3.653528861929976335e-02 2.731336915636634721e+00
3.660266461978843588e-02 2.726561567597476810e+00
3.667016487071043246e-02 2.721789993827227860e+00
3.673778960120028386e-02 2.717021947982981356e+00
3.680553904081512034e-02 2.712256932888168492e+00
3.687341341953538632e-02 2.707494896750230584e+00
3.694141296776561750e-02 2.702736335608797447e+00
3.700953791633532219e-02 2.697981691894387080e+00
3.707778849649961961e-02 2.693230970365335430e+00
3.714616493994011420e-02 2.688484041739601871e+00
3.721466747876566589e-02 2.683740989431774970e+00
3.728329634551315330e-02 2.679002164977730249e+00
3.735205177314834812e-02 2.674267852895995112e+00
3.742093399506658119e-02 2.669537890394220625e+00
3.748994324509360987e-02 2.664811974482239165e+00
3.755907975748639521e-02 2.660090204354232490e+00
3.762834376693389993e-02 2.655373222187484394e+00
3.769773550855792105e-02 2.650661581624874419e+00
3.776725521791380463e-02 2.645955086448104954e+00
3.783690313099131314e-02 2.641253268164385659e+00
3.790667948421539563e-02 2.636556031186529925e+00
3.797658451444699962e-02 2.631863849301257829e+00
3.804661845898391070e-02 2.627177190232070636e+00
3.811678155556148806e-02 2.622496146407812478e+00
3.818707404235350406e-02 2.617820645862773965e+00
3.825749615797296305e-02 2.613150701910762486e+00
3.832804814147293404e-02 2.608486486543576621e+00
3.839873023234730010e-02 2.603828173753022224e+00
3.846954267053159793e-02 2.599175801697248822e+00
3.854048569640385752e-02 2.594529333555012141e+00
3.861155955078536539e-02 2.589888817554300005e+00
3.868276447494158055e-02 2.585254510185439614e+00
3.875410071058283529e-02 2.580626685953237409e+00
3.882556849986520953e-02 2.576005453685626279e+00
3.889716808539137038e-02 2.571390798178989634e+00
3.896889971021134935e-02 2.566782725327082293e+00
3.904076361782345822e-02 2.562181326368199397e+00
3.911276005217497603e-02 2.557586712702077048e+00
3.918488925766309972e-02 2.552999047574194602e+00
3.925715147913570735e-02 2.548418551184349568e+00
3.932954696189220473e-02 2.543845407683449356e+00
3.940207595168440657e-02 2.539279581136311581e+00
3.947473869471727903e-02 2.534720958199388807e+00
3.954753543764984169e-02 2.530169577155337191e+00
3.962046642759598641e-02 2.525625747966564916e+00
3.969353191212528914e-02 2.521089783869769452e+00
3.976673213926394668e-02 2.516561731667725788e+00
3.984006735749548445e-02 2.512041468613804618e+00
3.991353781576169324e-02 2.507528923481693539e+00
3.998714376346342719e-02 2.503024209758314633e+00
4.006088545046147809e-02 2.498527481413177487e+00
4.013476312707744270e-02 2.494038951194343490e+00
4.020877704409450693e-02 2.489558904452461086e+00
4.028292745275834780e-02 2.485087593359373237e+00
4.035721460477795924e-02 2.480624981439683019e+00
4.043163875232656107e-02 2.476170894351938045e+00
4.050620014804238306e-02 2.471725271367745336e+00
4.058089904502954620e-02 2.467288373385594369e+00
4.065573569685895089e-02 2.462860509187723146e+00
4.073071035756908875e-02 2.458441781378454039e+00
4.080582328166698636e-02 2.454032055792396694e+00
4.088107472412896154e-02 2.449631219425243422e+00
4.095646494040156710e-02 2.445239445016377022e+00
4.103199418640243040e-02 2.440857048035547372e+00
4.110766271852109299e-02 2.436484260428488202e+00
4.118347079361999591e-02 2.432121031811471656e+00
4.125941866903519439e-02 2.427767254655412987e+00
4.133550660257732934e-02 2.423422963396115293e+00
4.141173485253247383e-02 2.419088411167731323e+00
4.148810367766301438e-02 2.414763853540356831e+00
4.156461333720855994e-02 2.410449322738308364e+00
4.164126409088676067e-02 2.406144678071865162e+00
4.171805619889423083e-02 2.401849822514654953e+00
4.179498992190740919e-02 2.397564969469065499e+00
4.187206552108346108e-02 2.393290455288442420e+00
4.194928325806120128e-02 2.389026543613621101e+00
4.202664339496189200e-02 2.384773261373692055e+00
4.210414619439020040e-02 2.380530586196290432e+00
4.218179191943507295e-02 2.376298470681049935e+00
4.225958083367059581e-02 2.372076820785758766e+00
4.233751320115700101e-02 2.367865545799678451e+00
4.241558928644141580e-02 2.363664796629040055e+00
4.249380935455883412e-02 2.359475001972182628e+00
4.257217367103301869e-02 2.355296571478995737e+00
4.265068250187741689e-02 2.351129441875596804e+00
4.272933611359602118e-02 2.346973189233297674e+00
4.280813477318427818e-02 2.342827452113614761e+00
4.288707874813003917e-02 2.338692507095899042e+00
4.296616830641438595e-02 2.334568971778913316e+00
4.304540371651269237e-02 2.330457373541909405e+00
4.312478524739534608e-02 2.326357653125207481e+00
4.320431316852878234e-02 2.322269517335695976e+00
4.328398774987637920e-02 2.318192724557456064e+00
4.336380926189932483e-02 2.314127293157429044e+00
4.344377797555765836e-02 2.310073324027187347e+00
4.352389416231101232e-02 2.306030936989428071e+00
4.360415809411968130e-02 2.302000338283182401e+00
4.368457004344547534e-02 2.297981756777923490e+00
4.376513028325263593e-02 2.293975344183183385e+00
4.384583908700885602e-02 2.289980934591408168e+00
4.392669672868607794e-02 2.285998280173854535e+00
4.400770348276150656e-02 2.282027248283816423e+00
4.408885962421852517e-02 2.278068204481664250e+00
4.417016542854757671e-02 2.274121647798261758e+00
4.425162117174723936e-02 2.270187955366169241e+00
4.433322713032499668e-02 2.266266901035814296e+00
4.441498358129826463e-02 2.262358070041602165e+00
4.449689080219532133e-02 2.258461125696669569e+00
4.457894907105621612e-02 2.254576231576759238e+00
4.466115866643382420e-02 2.250703751951957710e+00
4.474351986739463077e-02 2.246844022748378134e+00
4.482603295351977185e-02 2.242997116226116638e+00
4.490869820490596409e-02 2.239162954555316443e+00
4.499151590216651786e-02 2.235341461751295888e+00
4.507448632643216990e-02 2.231532622038403968e+00
4.515760975935211030e-02 2.227736472668676804e+00
4.524088648309494698e-02 2.223953052874565461e+00
4.532431678034960776e-02 2.220182431076136886e+00
4.540790093432640201e-02 2.216424720485638211e+00
4.549163922875787414e-02 2.212680037274350919e+00
4.557553194789979584e-02 2.208948455128574295e+00
4.565957937653217918e-02 2.205229916767994069e+00
4.574378179996015786e-02 2.201524339716889767e+00
4.582813950401509046e-02 2.197831658545183142e+00
4.591265277505538617e-02 2.194151940175284921e+00
4.599732189996754567e-02 2.190485314002292849e+00
4.608214716616712558e-02 2.186831906885805754e+00
4.616712886159970303e-02 2.183191776861917788e+00
4.625226727474193028e-02 2.179564897942186441e+00
4.633756269460238830e-02 2.175951239067521747e+00
4.642301541072262755e-02 2.172350781534331254e+00
4.650862571317818800e-02 2.168763554522151527e+00
4.659439389257948733e-02 2.165189598610536503e+00
4.668032024007297276e-02 2.161628953104799855e+00
4.676640504734190518e-02 2.158081639066987023e+00
4.685264860660749708e-02 2.154547661027533589e+00
4.693905121062983549e-02 2.151027022801127675e+00
4.702561315270888109e-02 2.147519730334205512e+00
4.711233472668555772e-02 2.144025798432050767e+00
4.719921622694259189e-02 2.140545243965769728e+00
4.728625794840561614e-02 2.137078083994314426e+00
4.737346018654411961e-02 2.133624350579668594e+00
4.746082323737255831e-02 2.130184095438139025e+00
4.754834739745119471e-02 2.126757371228065185e+00
4.763603296388722180e-02 2.123344220285728223e+00
4.772388023433573462e-02 2.119944588998199375e+00
4.781188950700071549e-02 2.116558370532228839e+00
4.790006108063616513e-02 2.113185458073736367e+00
4.798839525454692834e-02 2.109825776572006983e+00
4.807689232858985279e-02 2.106479389834332583e+00
4.816555260317475357e-02 2.103146399638139208e+00
4.825437637926541928e-02 2.099826906993460529e+00
4.834336395838073619e-02 2.096520971740683859e+00
4.843251564259554859e-02 2.093228541987445457e+00
4.852183173454178988e-02 2.089949547135946606e+00
4.861131253740950953e-02 2.086683917080919048e+00
4.870095835494782366e-02 2.083431606762452315e+00
4.879076949146610165e-02 2.080192626693704749e+00
4.888074625183481264e-02 2.076966994804028133e+00
4.897088894148668436e-02 2.073754728813891557e+00
4.906119786641769537e-02 2.070555833426442671e+00
4.915167333318810200e-02 2.067370282240256874e+00
4.924231564892356250e-02 2.064198044376202024e+00
4.933312512131605293e-02 2.061039089093547272e+00
4.942410205862500516e-02 2.057893387172590849e+00
4.951524676967829913e-02 2.054760914412780082e+00
4.960655956387334531e-02 2.051641647793680523e+00
4.969804075117816022e-02 2.048535564388562769e+00
4.978969064213233792e-02 2.045442633670203847e+00
4.988150954784816710e-02 2.042362767748308272e+00
4.997349778001163034e-02 2.039295853199126984e+00
5.006565565088360453e-02 2.036241777108245721e+00
5.015798347330071433e-02 2.033200432101852417e+00
5.025048156067653260e-02 2.030171873719036402e+00
5.034315022700261433e-02 2.027156352703700648e+00
5.043598978684953049e-02 2.024154129925660683e+00
5.052900055536802687e-02 2.021165464679824719e+00
5.062218284828997467e-02 2.018190527165656611e+00
5.071553698192950849e-02 2.015229049546371165e+00
5.080906327318408106e-02 2.012280629439049839e+00
5.090276203953554568e-02 2.009344866742190039e+00
5.099663359905128729e-02 2.006421365474259755e+00
5.109067827038518694e-02 2.003509901960713435e+00
5.118489637277878757e-02 2.000610559812849854e+00
5.127928822606235559e-02 1.997723454138653709e+00
5.137385415065594957e-02 1.994848699352205879e+00
5.146859446757059281e-02 1.991986404790403231e+00
5.156350949840922404e-02 1.989136561767850031e+00
5.165859956536789088e-02 1.986299034463472557e+00
5.175386499123680456e-02 1.983473681441095815e+00
5.184930609940142238e-02 1.980660362044984968e+00
5.194492321384365507e-02 1.977858938375393061e+00
5.204071665914278277e-02 1.975069322293669494e+00
5.213668676047670397e-02 1.972291477077015021e+00
5.223283384362296944e-02 1.969525368560908651e+00
5.232915823495988550e-02 1.966770962749917251e+00
5.242566026146772834e-02 1.964028225499455882e+00
5.252234025072968771e-02 1.961297099680368694e+00
5.261919853093308813e-02 1.958577490029186352e+00
5.271623543087045061e-02 1.955869298166746484e+00
5.281345127994070687e-02 1.953172426237646420e+00
5.291084640815017781e-02 1.950486776905874242e+00
5.300842114611377387e-02 1.947812255230035872e+00
5.310617582505611223e-02 1.945148776418428316e+00
5.320411077681259232e-02 1.942496259210915399e+00
5.330222633383067260e-02 1.939854622772160253e+00
5.340052282917077953e-02 1.937223786686874005e+00
5.349900059650758433e-02 1.934603670846489099e+00
5.359765997013110628e-02 1.931994186310077355e+00
5.369650128494780211e-02 1.929395228507505999e+00
5.379552487648183584e-02 1.926806691799115567e+00
5.389473108087603631e-02 1.924228471092515713e+00
5.399412023489313928e-02 1.921660461837986666e+00
5.409369267591693231e-02 1.919102559985350842e+00
5.419344874195335116e-02 1.916554660519721454e+00
5.429338877163174953e-02 1.914016657019874001e+00
5.439351310420586366e-02 1.911488443478135402e+00
5.449382207955509594e-02 1.908969914426275505e+00
5.459431603818563905e-02 1.906460964931075086e+00
5.469499532123157232e-02 1.903961490546441926e+00
5.479586027045618701e-02 1.901471379852628818e+00
5.489691122825291619e-02 1.898990506049746729e+00
5.499814853764667388e-02 1.896518740937985115e+00
5.509957254229493756e-02 1.894055956962703346e+00
5.520118358648891388e-02 1.891602027209154269e+00
5.530298201515480155e-02 1.889156825397282802e+00
5.540496817385482525e-02 1.886720226569349235e+00
5.550714240878849154e-02 1.884292113414415715e+00
5.560950506679370603e-02 1.881872373288723921e+00
5.571205649534809179e-02 1.879460894153780481e+00
5.581479704256998159e-02 1.877057564521052102e+00
5.591772705721970160e-02 1.874662273447747385e+00
5.602084688870075102e-02 1.872274910532669034e+00
5.612415688706094002e-02 1.869895361045345039e+00
5.622765740299370124e-02 1.867523477337762028e+00
5.633134878783910976e-02 1.865159098406198535e+00
5.643523139358519458e-02 1.862802063987128554e+00
5.653930557286907660e-02 1.860452214600717635e+00
5.664357167897818290e-02 1.858109391545109235e+00
5.674803006585152354e-02 1.855773436890840067e+00
5.685268108808073234e-02 1.853444193842796350e+00
5.695752510091139920e-02 1.851121514033144955e+00
5.706256246024421497e-02 1.848805257062833940e+00
5.716779352263618580e-02 1.846495283493007955e+00
5.727321864530193762e-02 1.844191454554190202e+00
5.737883818611477088e-02 1.841893632141974102e+00
5.748465250360796502e-02 1.839601678812816221e+00
5.759066195697599977e-02 1.837315457779933103e+00
5.769686690607571389e-02 1.835034830512299875e+00
5.780326771142766523e-02 1.832759637905827299e+00
5.790986473421717851e-02 1.830489710528542924e+00
5.801665833629567753e-02 1.828224879664319902e+00
5.812364888018185793e-02 1.825964977405566181e+00
5.823083672906302632e-02 1.823709836648841121e+00
5.833822224679619667e-02 1.821459291090640864e+00
5.844580579790938091e-02 1.819213175223316714e+00
5.855358774760285184e-02 1.816971324213567218e+00
5.866156846175032274e-02 1.814733570095491189e+00
5.876974830690031432e-02 1.812499740963799510e+00
5.887812765027723022e-02 1.810269665453091426e+00
5.898670685978271017e-02 1.808043173020069450e+00
5.909548630399685809e-02 1.805820093940194715e+00
5.920446635217945647e-02 1.803600259304497522e+00
5.931364737427134021e-02 1.801383501016544431e+00
5.942302974089547218e-02 1.799169651789574109e+00
5.953261382335833796e-02 1.796958544780828948e+00
5.964239999365115313e-02 1.794750005246878333e+00
5.975238862445110544e-02 1.792543850384670456e+00
5.986258008912273554e-02 1.790339897875590225e+00
5.997297476171903341e-02 1.788137966288704028e+00
6.008357301698283304e-02 1.785937875078640991e+00
6.019437523034801979e-02 1.783739444583651634e+00
6.030538177794082799e-02 1.781542496023850619e+00
6.041659303658118707e-02 1.779346851499633342e+00
6.052800938378385259e-02 1.777152333990284383e+00
6.063963119775980792e-02 1.774958765618930068e+00
6.075145885741748547e-02 1.772765958405469133e+00
6.086349274236407120e-02 1.770573721017290714e+00
6.097573323290686464e-02 1.768381863071051496e+00
6.108818071005443773e-02 1.766190195142087527e+00
6.120083555551799476e-02 1.763998528764083140e+00
6.131369815171266308e-02 1.761806676428933960e+00
6.142676888175887390e-02 1.759614451586811290e+00
6.154004812948348641e-02 1.757421668646433899e+00
6.165353627942123799e-02 1.755228142975524541e+00
6.176723371681597935e-02 1.753033690748783791e+00
6.188114082762198598e-02 1.750838123099321519e+00
6.199525799850537366e-02 1.748641244321007759e+00
6.210958561684522955e-02 1.746442859213677368e+00
6.222412407073504848e-02 1.744242773614481434e+00
6.233887374898402362e-02 1.742040794399663195e+00
6.245383504111833711e-02 1.739836729486545996e+00
6.256900833738260337e-02 1.737630387835739976e+00
6.268439402874098620e-02 1.735421579453548580e+00
6.279999250687871848e-02 1.733210115394589801e+00
6.291580416420330946e-02 1.730995807764618588e+00
6.303182939384589789e-02 1.728778469723507349e+00
6.314806858966270919e-02 1.726557913257217969e+00
6.326452214623620729e-02 1.724333943245843770e+00
6.338119045887655179e-02 1.722106363814542185e+00
6.349807392362288860e-02 1.719874980220472249e+00
6.361517293724468225e-02 1.717639598857100935e+00
6.373248789724321461e-02 1.715400027258722648e+00
6.385001920185268132e-02 1.713156074105203208e+00
6.396776725004175990e-02 1.710907549226917013e+00
6.408573244151481718e-02 1.708654263609912682e+00
6.420391517671333870e-02 1.706396029401267000e+00
6.432231585681737196e-02 1.704132659914653125e+00
6.444093488374666445e-02 1.701863969636109530e+00
6.455977266016224569e-02 1.699589773896407419e+00
6.467882958946762073e-02 1.697309884679206515e+00
6.479810607581036608e-02 1.695024111917184051e+00
6.491760252408321219e-02 1.692732266712140943e+00
6.503731933992565328e-02 1.690434161414758218e+00
6.515725692972521021e-02 1.688129609631838557e+00
6.527741570061880438e-02 1.685818426233748113e+00
6.539779606049427041e-02 1.683500427362046414e+00
6.551839841799154962e-02 1.681175430437320539e+00
6.563922318250420274e-02 1.678843254167205590e+00
6.576027076418076989e-02 1.676503718554588129e+00
6.588154157392611676e-02 1.674156644905999025e+00
6.600303602340298892e-02 1.671801855840184814e+00
6.612475452503317752e-02 1.669439175296753453e+00
6.624669749199908753e-02 1.667068428219761644e+00
6.636886533824505607e-02 1.664689439852361286e+00
6.649125847847880966e-02 1.662302036585790121e+00
6.661387732817287965e-02 1.659906046178084571e+00
6.673672230356594848e-02 1.657501297763765535e+00
6.685979382166429286e-02 1.655087621863672531e+00
6.698309230024324101e-02 1.652664850394956142e+00
6.710661815784847717e-02 1.650232816681235670e+00
6.723037181379766525e-02 1.647791355462893792e+00
6.735435368818167012e-02 1.645340302907535524e+00
6.747856420186605642e-02 1.642879496620579305e+00
6.760300377649251791e-02 1.640408775655991525e+00
6.772767283448032083e-02 1.637927980527162264e+00
6.785257179902780267e-02 1.635436953217908496e+00
6.797770109411362116e-02 1.632935537228702216e+00
6.810306114449837800e-02 1.630423580439802400e+00
6.822865237572592334e-02 1.627900937206682830e+00
6.835447521412499339e-02 1.625367463846831839e+00
6.848053008681041776e-02 1.622823018152104169e+00
6.860681742168471542e-02 1.620267459399863608e+00
6.873333764743952412e-02 1.617700648364222671e+00
6.886009119355700203e-02 1.615122447327375088e+00
6.898707849031145145e-02 1.612532720091006455e+00
6.911429996877052617e-02 1.609931331987799030e+00
6.924175606079689682e-02 1.607318149893001813e+00
6.936944719904961087e-02 1.604693042236082778e+00
6.949737381698559147e-02 1.602055879012449058e+00
6.962553634886121945e-02 1.599406531795235287e+00
6.975393522973355465e-02 1.596744873747158566e+00
6.988257089546205669e-02 1.594070779632426937e+00
7.001144378270993118e-02 1.591384125880900724e+00
7.014055432894562847e-02 1.588684797157187578e+00
7.026990297244443961e-02 1.585972692699926023e+00
7.039949015228980089e-02 1.583247714774674852e+00
7.052931630837491750e-02 1.580509767161459189e+00
7.065938188140422072e-02 1.577758755165201032e+00
7.078968731289479732e-02 1.574994585626137811e+00
7.092023304517808269e-02 1.572217166930248711e+00
7.105101952140112365e-02 1.569426409019688329e+00
7.118204718552821608e-02 1.566622223403196346e+00
7.131331648234237597e-02 1.563804523166514082e+00
7.144482785744685205e-02 1.560973222982782183e+00
7.157658175726673566e-02 1.558128239122924530e+00
7.170857862905027913e-02 1.555269489466015065e+00
7.184081892087054722e-02 1.552396893509615960e+00
7.197330308162690204e-02 1.549510372380101142e+00
7.210603156104662681e-02 1.546609848842936508e+00
7.223900480968624416e-02 1.543695247312942831e+00
7.237222327893322316e-02 1.540766499964734804e+00
7.250568742100745034e-02 1.537823566172327183e+00
7.263939768896271465e-02 1.534866413447538269e+00
7.277335453668840048e-02 1.531895010693442361e+00
7.290755841891084776e-02 1.528909328210783736e+00
7.304200979119497561e-02 1.525909337704348889e+00
7.317670910994585054e-02 1.522895012289254835e+00
7.331165683241017139e-02 1.519866326497159026e+00
7.344685341667796241e-02 1.516823256282382681e+00
7.358229932168391940e-02 1.513765779027954617e+00
7.371799500720910281e-02 1.510693873551562039e+00
7.385394093388250591e-02 1.507607520111411858e+00
7.399013756318251200e-02 1.504506700412008513e+00
7.412658535743867072e-02 1.501391397609822098e+00
7.426328477983297482e-02 1.498261596318874567e+00
7.440023629440167818e-02 1.495117282616221566e+00
7.453744036603673906e-02 1.491958444047333243e+00
7.467489746048742993e-02 1.488785069631373803e+00
7.481260804436203060e-02 1.485597152657058162e+00
7.495057258512918819e-02 1.482394720573828817e+00
7.508879155111965187e-02 1.479177823220320764e+00
7.522726541152788271e-02 1.475946511791714100e+00
7.536599463641352470e-02 1.472700838475971885e+00
7.550497969670318110e-02 1.469440856452904010e+00
7.564422106419183001e-02 1.466166619893145784e+00
7.578371921154450352e-02 1.462878183957034395e+00
7.592347461229786987e-02 1.459575604793393877e+00
7.606348774086199582e-02 1.456258939538209729e+00
7.620375907252166514e-02 1.452928246313224703e+00
7.634428908343823816e-02 1.449583584224422905e+00
7.648507825065113674e-02 1.446225013360417311e+00
7.662612705207950958e-02 1.442852594790744902e+00
7.676743596652395307e-02 1.439466390564052345e+00
7.690900547366788520e-02 1.436066463706193064e+00
7.705083605407943292e-02 1.432652878218216408e+00
7.719292818921288934e-02 1.429225699074263334e+00
7.733528236141042067e-02 1.425784992219353731e+00
7.747789905390380094e-02 1.422330826621282629e+00
7.762077875081581368e-02 1.418863311027247054e+00
7.776392193716208379e-02 1.415382589377583988e+00
7.790732909885268731e-02 1.411888807043121252e+00
7.805100072269371969e-02 1.408382109586966857e+00
7.819493729638912760e-02 1.404862642754773461e+00
7.833913930854215224e-02 1.401330552465032575e+00
7.848360724865710569e-02 1.397785984799368553e+00
7.862834160714103626e-02 1.394229085992862993e+00
7.877334287530531054e-02 1.390660002424396469e+00
7.891861154536745915e-02 1.387078880607006903e+00
7.906414811045260616e-02 1.383485867178275930e+00
7.920995306459531482e-02 1.379881108890729902e+00
7.935602690274121129e-02 1.376264752602268659e+00
7.950237012074863607e-02 1.372636945266615394e+00
7.964898321539044812e-02 1.368997833923792706e+00
7.979586668435555141e-02 1.365347565690623766e+00
7.994302102625064355e-02 1.361686287751256996e+00
8.009044674060192270e-02 1.358014147347723410e+00
8.023814432785687789e-02 1.354331291770512147e+00
8.038611428938578773e-02 1.350637881148055497e+00
8.053435712748353847e-02 1.346934136932566473e+00
8.068287334537134481e-02 1.343220298187065342e+00
8.083166344719835972e-02 1.339496602960656535e+00
8.098072793804360348e-02 1.335763288269011362e+00
8.113006732391739306e-02 1.332020590078788258e+00
8.127968211176325730e-02 1.328268743292329246e+00
8.142957280945956056e-02 1.324507981732666595e+00
8.157973992582125133e-02 1.320738538128810147e+00
8.173018397060172191e-02 1.316960644101336619e+00
8.188090545449427937e-02 1.313174530148267571e+00
8.203190488913408851e-02 1.309380425631238687e+00
8.218318278709980940e-02 1.305578558761958607e+00
8.233473966191533211e-02 1.301769156588964194e+00
8.248657602805167799e-02 1.297952444984649123e+00
8.263869240092851232e-02 1.294128648632600243e+00
8.279108929691604557e-02 1.290297991015203039e+00
8.294376723333671264e-02 1.286460694401543092e+00
8.309672672846694919e-02 1.282616979835589976e+00
8.324996830153907901e-02 1.278767067205670349e+00
8.340349247274282674e-02 1.274911201715281051e+00
8.355729976322727459e-02 1.271049691546530580e+00
8.371139069510256936e-02 1.267182852124679515e+00
8.386576579144165711e-02 1.263310996364107153e+00
8.402042557628221220e-02 1.259434434654520762e+00
8.417537057462819161e-02 1.255553474847855178e+00
8.433060131245179170e-02 1.251668422245840295e+00
8.448611831669508576e-02 1.247779579588250032e+00
8.464192211527206411e-02 1.243887247041798538e+00
8.479801323707010507e-02 1.239991722189716761e+00
8.495439221195201507e-02 1.236093300021957608e+00
8.511105957075769390e-02 1.232192272926054377e+00
8.526801584530595279e-02 1.228288930678617774e+00
8.542526156839648499e-02 1.224383560437443119e+00
8.558279727381139235e-02 1.220476446734261033e+00
8.574062349631721147e-02 1.216567871468084983e+00
8.589874077166662070e-02 1.212658113899175216e+00
8.605714963660031358e-02 1.208747450643586685e+00
8.621585062884888628e-02 1.204836155668320030e+00
8.637484428713447515e-02 1.200924502335617650e+00
8.653413115117271348e-02 1.197012807988723004e+00
8.669371176167457727e-02 1.193101433021466651e+00
8.685358666034813380e-02 1.189190735916551445e+00
8.701375638990052619e-02 1.185281071222424210e+00
8.717422149403963871e-02 1.181372789553125857e+00
8.733498251747606744e-02 1.177466237589157139e+00
8.749604000592488273e-02 1.173561758079351147e+00
8.765739450610753047e-02 1.169659689843723260e+00
8.781904656575380275e-02 1.165760367777294748e+00
8.798099673360343376e-02 1.161864122854868953e+00
8.814324555940818151e-02 1.157971282136732949e+00
8.830579359393353478e-02 1.154082168775286243e+00
8.846864138896083640e-02 1.150197102022552986e+00
8.863178949728883760e-02 1.146316397238593021e+00
8.879523847273576576e-02 1.142440365900771804e+00
8.895898887014119794e-02 1.138569315613871646e+00
8.912304124536782335e-02 1.134703550121044291e+00
8.928739615530356666e-02 1.130843369315569724e+00
8.945205415786319780e-02 1.126989069282954281e+00
8.961701581199039979e-02 1.123140961150744355e+00
8.978228167765962831e-02 1.119299403045923791e+00
8.994785231587794361e-02 1.115464756901434873e+00
9.011372828868713381e-02 1.111637379800622272e+00
9.027991015916533857e-02 1.107817623999019840e+00
9.044639849142911692e-02 1.104005836947262509e+00
9.061319385063532073e-02 1.100202361315093746e+00
9.078029680298303761e-02 1.096407535016461265e+00
9.094770791571556157e-02 1.092621691235656334e+00
9.111542775712219711e-02 1.088845158454477158e+00
9.128345689654024375e-02 1.085078260480394574e+00
9.145179590435696670e-02 1.081321316475687189e+00
9.162044535201144257e-02 1.077574640987528198e+00
9.178940581199669657e-02 1.073838543978989701e+00
9.195867785786138171e-02 1.070113330860956724e+00
9.212826206421188824e-02 1.066399302524902115e+00
9.229815900671425877e-02 1.062696755376518531e+00
9.246836926209607566e-02 1.059005981370183092e+00
9.263889340814868145e-02 1.055327268087125292e+00
9.280973202372873321e-02 1.051660910598435583e+00
9.298088568876049231e-02 1.048007227383755957e+00
9.315235498423755922e-02 1.044366536076625440e+00
9.332414049222517716e-02 1.040739149440425004e+00
9.349624279586181419e-02 1.037125375413114670e+00
9.366866247936136980e-02 1.033525517152852347e+00
9.384140012801513164e-02 1.029939873084501523e+00
9.401445632819367682e-02 1.026368736946976279e+00
9.418783166734909229e-02 1.022812397841407206e+00
9.436152673401666802e-02 1.019271140280103571e+00
9.453554211781703409e-02 1.015745244236279765e+00
9.470987840945820080e-02 1.012234985194516712e+00
9.488453620073747374e-02 1.008740634201950037e+00
9.505951608454364654e-02 1.005262457920141461e+00
9.523481865485872166e-02 1.001800718677620772e+00
9.541044450676018640e-02 9.983556745230702800e-01
9.558639423642285859e-02 9.949275792791336670e-01
9.576266844112098220e-02 9.915166825968136921e-01
9.593926771923039221e-02 9.881232299723596846e-01
9.611619267023024937e-02 9.847474624703085322e-01
9.629344389470530230e-02 9.813896169465968766e-01
9.647102199434784420e-02 9.780499263146614775e-01
9.664892757195973905e-02 9.747286196047829643e-01
9.682716123145462817e-02 9.714259220215062385e-01
9.700572357785970656e-02 9.681420550015147342e-01
9.718461521731797115e-02 9.648772362719327811e-01
9.736383675709024688e-02 9.616316799090378620e-01
9.754338880555714353e-02 9.584055963973796555e-01
9.772327197222138717e-02 9.551991926892610119e-01
9.790348686770954101e-02 9.520126722645986250e-01
9.808403410377430909e-02 9.488462351911209902e-01
9.826491429329649308e-02 9.457000781848953208e-01
9.844612805028728209e-02 9.425743946711719889e-01
9.862767598989002904e-02 9.394693748455356097e-01
9.880955872838256826e-02 9.363852057353334590e-01
9.899177688317918611e-02 9.333220712613867764e-01
9.917433107283274429e-02 9.302801484608915761e-01
9.935722191703696970e-02 9.272595798768430431e-01
9.954045003662820301e-02 9.242604900996448380e-01
9.972401605358774401e-02 9.212830014031229142e-01
9.990792059104393330e-02 9.183272339047217070e-01
1.000921642732741645e-01 9.153933056163777726e-01
1.002767477257073131e-01 9.124813324954264004e-01
1.004616715749252626e-01 9.095914284955601836e-01
1.006469364486656942e-01 9.067237056178023558e-01
1.008325429758239467e-01 9.038782739615185413e-01
1.010184917864547782e-01 9.010552417754587040e-01
1.012047835117752953e-01 8.982547155088016488e-01
1.013914187841662568e-01 8.954767998622374936e-01
1.015783982371748911e-01 8.927215978390466988e-01
1.017657225055167702e-01 8.899892107961961951e-01
1.019533922250777103e-01 8.872797384954537181e-01
1.021414080329165336e-01 8.845932791544857121e-01
1.023297705672665120e-01 8.819299288894596467e-01
1.025184804675382116e-01 8.792897466299943732e-01
1.027075383743213388e-01 8.766727354668445438e-01
1.028969449293866550e-01 8.740788935595895648e-01
1.030867007756888082e-01 8.715082188824861964e-01
1.032768065573677757e-01 8.689607092499954666e-01
1.034672629197516680e-01 8.664363623422017824e-01
1.036580705093587129e-01 8.639351757301462209e-01
1.038492299738990876e-01 8.614571469010798843e-01
1.040407419622778329e-01 8.590022732836154473e-01
1.042326071245962410e-01 8.565705522728155330e-01
1.044248261121548255e-01 8.541619812551829449e-01
1.046173995774551391e-01 8.517765576335879496e-01
1.048103281742017584e-01 8.494142788521190646e-01
1.050036125573051704e-01 8.470751424208564639e-01
1.051972533828832157e-01 8.447591459405904279e-01
1.053912513082639890e-01 8.424662871274625209e-01
1.055856069919878099e-01 8.401965623030152042e-01
1.057803210938091099e-01 8.379499133537189337e-01
1.059753942746994165e-01 8.357262148843369598e-01
1.061708271968487549e-01 8.335253387337066000e-01
1.063666205236686452e-01 8.313471582863738440e-01
1.065627749197940177e-01 8.291915484619766241e-01
1.067592910510851562e-01 8.270583857047839604e-01
1.069561695846306254e-01 8.249475479733652250e-01
1.071534111887491592e-01 8.228589147304254947e-01
1.073510165329916582e-01 8.207923669327794602e-01
1.075489862881442021e-01 8.187477870214656672e-01
1.077473211262294367e-01 8.167250589120180759e-01
1.079460217205096412e-01 8.147240679848640754e-01
1.081450887454886989e-01 8.127447010758789281e-01
1.083445228769140123e-01 8.107868464670775488e-01
1.085443247917796256e-01 8.088503938774422863e-01
1.087444951683275846e-01 8.069352344538974764e-01
1.089450346860510316e-01 8.050412379636404658e-01
1.091459440256962177e-01 8.031681808127314470e-01
1.093472238692644177e-01 8.013158171588413703e-01
1.095488749000150669e-01 7.994839038310626034e-01
1.097508978024671900e-01 7.976722002855908267e-01
1.099532932624024545e-01 7.958804685620411989e-01
1.101560619668672525e-01 7.941084732404988245e-01
1.103592046041746016e-01 7.923559813992693268e-01
1.105627218639073372e-01 7.906227625733183162e-01
1.107666144369194999e-01 7.889085887133973074e-01
1.109708830153395415e-01 7.872132341458316640e-01
1.111755282925722677e-01 7.855364755329705684e-01
1.113805509633008506e-01 7.838780918342856951e-01
1.115859517234900483e-01 7.822378642680926086e-01
1.117917312703875926e-01 7.806155762739122039e-01
1.119978903025273947e-01 7.790110134749501647e-01
1.122044295197315300e-01 7.774239389335102501e-01
1.124113496231123194e-01 7.758540272257603565e-01
1.126186513150754798e-01 7.743009350739721297e-01
1.128263352993215951e-01 7.727643223042344189e-01
1.130344022808493221e-01 7.712438517839714791e-01
1.132428529659574301e-01 7.697391893609624169e-01
1.134516880622468277e-01 7.682500038038202472e-01
1.136609082786238512e-01 7.667759667439127957e-01
1.138705143253016389e-01 7.653167526187122371e-01
1.140805069138034339e-01 7.638720386165279708e-01
1.142908867569645964e-01 7.624415046226300507e-01
1.145016545689347548e-01 7.610248331667219812e-01
1.147128110651809418e-01 7.596217093717436697e-01
1.149243569624891492e-01 7.582318209040019852e-01
1.151362929789676026e-01 7.568548579245817365e-01
1.153486198340487878e-01 7.554905104245777103e-01
1.155613382484915463e-01 7.541384156354650203e-01
1.157744489443844338e-01 7.527981610690319680e-01
1.159879526451470938e-01 7.514693352372352475e-01
1.162018500755336442e-01 7.501515296934124777e-01
1.164161419616347448e-01 7.488443389756883617e-01
1.166308290308797069e-01 7.475473605525855270e-01
1.168459120120397959e-01 7.462601947708016326e-01
1.170613916352297307e-01 7.449824448051444170e-01
1.172772686319110552e-01 7.437137166105755037e-01
1.174935437348941930e-01 7.424536188763557476e-01
1.177102176783406534e-01 7.412017629822548193e-01
1.179272911977661403e-01 7.399577629568029336e-01
1.181447650300427865e-01 7.387212354375577439e-01
1.183626399134012630e-01 7.374917996333740788e-01
1.185809165874340959e-01 7.362690762647392528e-01
1.187995957930972346e-01 7.350526561542347626e-01
1.190186782727134240e-01 7.338420945898194159e-01
1.192381647699743696e-01 7.326369475665328590e-01
1.194580560299428607e-01 7.314367739694800363e-01
1.196783527990561563e-01 7.302411355434315077e-01
1.198990558251275818e-01 7.290495968650713143e-01
1.201201658573499004e-01 7.278617253178394364e-01
1.203416836462974648e-01 7.266770910693641783e-01
1.205636099439284376e-01 7.254952670514382973e-01
1.207859455035881907e-01 7.243158289425142282e-01
1.210086910800108606e-01 7.231383551527023057e-01
1.212318474293227755e-01 7.219624268112208032e-01
1.214554153090446897e-01 7.207876277562947909e-01
1.216793954780939352e-01 7.196135445274631781e-01
1.219037886967879042e-01 7.184397643906023090e-01
1.221285957268456041e-01 7.172658607150408372e-01
1.223538173313911404e-01 7.160914013619203988e-01
1.225794542749558957e-01 7.149159570004144371e-01
1.228055073234808059e-01 7.137391011753119185e-01
1.230319772443198151e-01 7.125604103141456314e-01
1.232588648062414305e-01 7.113794637368635598e-01
1.234861707794322749e-01 7.101958436679765008e-01
1.237138959354992934e-01 7.090091352511790346e-01
1.239420410474720013e-01 7.078189265664007745e-01
1.241706068898060095e-01 7.066248086492489255e-01
1.243995942383845643e-01 7.054263755128310498e-01
1.246290038705222120e-01 7.042232241718999752e-01
1.248588365649668797e-01 7.030149546693098550e-01
1.250890931019023045e-01 7.018011704728172040e-01
1.253197742629514611e-01 7.005814880477208018e-01
1.255508808311782132e-01 6.993555376886929631e-01
1.257824135910909358e-01 6.981229532410447858e-01
1.260143733286447076e-01 6.968833715888298475e-01
1.262467608312436429e-01 6.956364326919511898e-01
1.264795768877444437e-01 6.943817796250940644e-01
1.267128222884580380e-01 6.931190586184736713e-01
1.269464978251532150e-01 6.918479191003413797e-01
1.271806042910588741e-01 6.905680137412283370e-01
1.274151424808663280e-01 6.892789984998911601e-01
1.276501131907329945e-01 6.879805326709089730e-01
1.278855172182838951e-01 6.866722789339204658e-01
1.281213553626154300e-01 6.853539034044355827e-01
1.283576284242976540e-01 6.840250774432660164e-01
1.285943372053765521e-01 6.826855094555261960e-01
1.288314825093777316e-01 6.813349412211338052e-01
1.290690651413080592e-01 6.799731187157607160e-01
1.293070859076594081e-01 6.785997910821204293e-01
1.295455456164108510e-01 6.772147106774887293e-01
1.297844450770311020e-01 6.758176331219976074e-01
1.300237851004822365e-01 6.744083173476658200e-01
1.302635664992212172e-01 6.729865256481539770e-01
1.305037900872038081e-01 6.715520237291856542e-01
1.307444566798867391e-01 6.701045807596273107e-01
1.309855670942301209e-01 6.686439694231786079e-01
1.312271221487011641e-01 6.671699659706360475e-01
1.314691226632763166e-01 6.656823502727089448e-01
1.317115694594438724e-01 6.641809215830970503e-01
1.319544633602075245e-01 6.626655528716038912e-01
1.321978051900882245e-01 6.611361396574950700e-01
1.324415957751277906e-01 6.595925803013260591e-01
1.326858359428914336e-01 6.580347760358109532e-01
1.329305265224700328e-01 6.564626309974779250e-01
1.331756683444840217e-01 6.548760522581646981e-01
1.334212622410850535e-01 6.532749498563572566e-01
1.336673090459597757e-01 6.516592368283266046e-01
1.339138095943322726e-01 6.500288292390664635e-01
1.341607647229664801e-01 6.483836462130002642e-01
1.344081752701700161e-01 6.467236099644342318e-01
1.346560420757958731e-01 6.450486458277575608e-01
1.349043659812462492e-01 6.433586903135868340e-01
1.351531478294750177e-01 6.416537613569230913e-01
1.354023884649901976e-01 6.399339233767811219e-01
1.356520887338576453e-01 6.381992431045436787e-01
1.359022494837030248e-01 6.364497890754614584e-01
1.361528715637155273e-01 6.346856316261691999e-01
1.364039558246503137e-01 6.329068428918619427e-01
1.366555031188310676e-01 6.311134968031151260e-01
1.369075143001538819e-01 6.293056690823392030e-01
1.371599902240888680e-01 6.274834372398925275e-01
1.374129317476842915e-01 6.256468805698149893e-01
1.376663397295688762e-01 6.237960801452198112e-01
1.379202150299543017e-01 6.219311188133135326e-01
1.381745585106392005e-01 6.200520929952333393e-01
1.384293710350109619e-01 6.181591924321626630e-01
1.386846534680495346e-01 6.162526502344632950e-01
1.389404066763300361e-01 6.143326996736392376e-01
1.391966315280252220e-01 6.123995738946894640e-01
1.394533288929094283e-01 6.104535058780842238e-01
1.397104996423604861e-01 6.084947284021704483e-01
1.399681446493634684e-01 6.065234740059801677e-01
1.402262647885134939e-01 6.045399749524773547e-01
1.404848609360179745e-01 6.025444631922346472e-01
1.407439339697008351e-01 6.005371703275301787e-01
1.410034847690042337e-01 5.985183275769055955e-01
1.412635142149925860e-01 5.964881658280999366e-01
1.415240231903550638e-01 5.944469528936252578e-01
1.417850125794082317e-01 5.923950506168750296e-01
1.420464832681000156e-01 5.903328333574253683e-01
1.423084361440115908e-01 5.882606728415623598e-01
1.425708720963614062e-01 5.861789381058480908e-01
1.428337920160076824e-01 5.840879954426335674e-01
1.430971967954511315e-01 5.819882083474967605e-01
1.433610873288388987e-01 5.798799374685768004e-01
1.436254645119665052e-01 5.777635405578250838e-01
1.438903292422818447e-01 5.756393724241225529e-01
1.441556824188878483e-01 5.735077848882755847e-01
1.444215249425450653e-01 5.713691267398607332e-01
1.446878577156757717e-01 5.692237557060711994e-01
1.449546816423658291e-01 5.670721121734101366e-01
1.452219976283687930e-01 5.649146693217177440e-01
1.454898065811085772e-01 5.627518952280249342e-01
1.457581094096820074e-01 5.605842526618536326e-01
1.460269070248629286e-01 5.584121990431948346e-01
1.462962003391047316e-01 5.562361864040563653e-01
1.465659902665430447e-01 5.540566613535101714e-01
1.468362777229998695e-01 5.518740650461800845e-01
1.471070636259855235e-01 5.496888331541266437e-01
1.473783488947028597e-01 5.475013958420481552e-01
1.476501344500497082e-01 5.453121777457593522e-01
1.479224212146218742e-01 5.431216053517634590e-01
1.481952101127170240e-01 5.409301658894165588e-01
1.484685020703368219e-01 5.387383748745094847e-01
1.487422980151910656e-01 5.365467407921850063e-01
1.490165988767003236e-01 5.343557647677894540e-01
1.492914055859987099e-01 5.321659405670554621e-01
1.495667190759381038e-01 5.299777546008372919e-01
1.498425402810900364e-01 5.277916859343253497e-01
1.501188701377500212e-01 5.256082063005964589e-01
1.503957095839401903e-01 5.234277801184170631e-01
1.506730595594120981e-01 5.212508645141871177e-01
1.509509210056508843e-01 5.190779093478988804e-01
1.512292948658773284e-01 5.169093668060100732e-01
1.515081820850521233e-01 5.147457283560293861e-01
1.517875836098785403e-01 5.125874915572329327e-01
1.520675003888052879e-01 5.104351456745738203e-01
1.523479333720307305e-01 5.082891717287042477e-01
1.526288835115049147e-01 5.061500425542235782e-01
1.529103517609338991e-01 5.040182228623661942e-01
1.531923390757824466e-01 5.018941693080224420e-01
1.534748464132769108e-01 4.997783305609405091e-01
1.537578747324095385e-01 4.976711473809800612e-01
1.540414249939403846e-01 4.955730526973026184e-01
1.543254981604018361e-01 4.934844718548139775e-01
1.546100951961012493e-01 4.914058298082179532e-01
1.548952170671238637e-01 4.893375538091252475e-01
1.551808647413371323e-01 4.872800640672096395e-01
1.554670391883927194e-01 4.852337731120285880e-01
1.557537413797309978e-01 4.831990858976180081e-01
1.560409722885837402e-01 4.811763999104606837e-01
1.563287328899770623e-01 4.791661052806892029e-01
1.566170241607357794e-01 4.771685848964025145e-01
1.569058470794854332e-01 4.751842145209966839e-01
1.571952026266568436e-01 4.732133629133807862e-01
1.574850917844888010e-01 4.712563919496708942e-01
1.577755155370310081e-01 4.693136503437342344e-01
1.580664748701485767e-01 4.673854591160533922e-01
1.583579707715239981e-01 4.654721288726143547e-01
1.586500042306616676e-01 4.635739643678832844e-01
1.589425762388907704e-01 4.616912646293828137e-01
1.592356877893681688e-01 4.598243230840495244e-01
1.595293398770828708e-01 4.579734276862988951e-01
1.598235334988581113e-01 4.561388610477428163e-01
1.601182696533559047e-01 4.543209005684750723e-01
1.604135493410799862e-01 4.525198185698778297e-01
1.607093735643785604e-01 4.507358824288816845e-01
1.610057433274490468e-01 4.489693405500204126e-01
1.613026596363400234e-01 4.472203767718928580e-01
1.616001234989558888e-01 4.454891555991243868e-01
1.618981359250597218e-01 4.437758385033088726e-01
1.621966979262762509e-01 4.420805840266831543e-01
1.624958105160962951e-01 4.404035478860138797e-01
1.627954747098796784e-01 4.387448830768452268e-01
1.630956915248581718e-01 4.371047399780780274e-01
1.633964619801401286e-01 4.354832664568658585e-01
1.636977870967126492e-01 4.338806079738298238e-01
1.639996678974461053e-01 4.322969076528571652e-01
1.643021054070972486e-01 4.307322757079086739e-01
1.646051006523120419e-01 4.291867342019010101e-01
1.649086546616304605e-01 4.276602897516511015e-01
1.652127684654885464e-01 4.261529489163077278e-01
1.655174430962230991e-01 4.246647182443002988e-01
1.658226795880747007e-01 4.231956043201599016e-01
1.661284789771907133e-01 4.217456138112049002e-01
1.664348423016299428e-01 4.203147535141000257e-01
1.667417706013648582e-01 4.189030304013106609e-01
1.670492649182863110e-01 4.175104516674485455e-01
1.673573262962064767e-01 4.161370221349890985e-01
1.676659557808620193e-01 4.147826764292333324e-01
1.679751544199187263e-01 4.134472741228305548e-01
1.682849232629737291e-01 4.121306732545806373e-01
1.685952633615602769e-01 4.108327341763597373e-01
1.689061757691508459e-01 4.095533195296011120e-01
1.692176615411600527e-01 4.082922942222108609e-01
1.695297217349495678e-01 4.070495254059045553e-01
1.698423574098303357e-01 4.058248824539791855e-01
1.701555696270672657e-01 4.046182369394940581e-01
1.704693594498823961e-01 4.034294626134628525e-01
1.707837279434579747e-01 4.022584060383126436e-01
1.710986761749413165e-01 4.011048075341976382e-01
1.714142052134469685e-01 3.999683859227928795e-01
1.717303161300615666e-01 3.988488639011768533e-01
1.720470099978470557e-01 3.977459679542737492e-01
1.723642878918436594e-01 3.966594282692258999e-01
1.726821508890748480e-01 3.955889786516432749e-01
1.730006000685495315e-01 3.945343564437066020e-01
1.733196365112670279e-01 3.934953024440623892e-01
1.736392613002201712e-01 3.924715608294825908e-01
1.739594755203984211e-01 3.914628683043193114e-01
1.742802802587928024e-01 3.904688796188923172e-01
1.746016766043982094e-01 3.894892130902725680e-01
1.749236656482183461e-01 3.885234911971560678e-01
1.752462484832688072e-01 3.875713407131664012e-01
1.755694262045804088e-01 3.866323925927488969e-01
1.758931999092039900e-01 3.857062818606399324e-01
1.762175706962127997e-01 3.847926475048481509e-01
1.765425396667074931e-01 3.838911323730602732e-01
1.768681079238192955e-01 3.830013830724219304e-01
1.771942765727131663e-01 3.821230402782475610e-01
1.775210467205929621e-01 3.812556564818736504e-01
1.778484194767035731e-01 3.803987375166976159e-01
1.781763959523360030e-01 3.795517933937278543e-01
1.785049772608306995e-01 3.787143387349348744e-01
1.788341645175806627e-01 3.778858926571352916e-01
1.791639588400364136e-01 3.770659786620247367e-01
1.794943613477091859e-01 3.762541245322670869e-01
1.798253731621742013e-01 3.754498622335378233e-01
1.801569954070757207e-01 3.746527278224210944e-01
1.804892292081294314e-01 3.738622719294310559e-01
1.808220756931275819e-01 3.730781161306086502e-01
1.811555359919421737e-01 3.722999114547014265e-01
1.814896112365283476e-01 3.715273119174155037e-01
1.818243025609293795e-01 3.707599744085237625e-01
1.821596111012792063e-01 3.699975586441255349e-01
1.824955379958075052e-01 3.692397271220352883e-01
1.828320843848429134e-01 3.684861450802729976e-01
1.831692514108165526e-01 3.677364804585987468e-01
1.835070402182670257e-01 3.669904037335070535e-01
1.838454519538428311e-01 3.662475301519487747e-01
1.841844877663076918e-01 3.655073295268251310e-01
1.845241488065437196e-01 3.647692524159108496e-01
1.848644362275549125e-01 3.640327537738347607e-01
1.852053511844722888e-01 3.632972929246470750e-01
1.855468948345563307e-01 3.625623335424725813e-01
1.858890683372022290e-01 3.618273436401220899e-01
1.862318728539432422e-01 3.610917955655628120e-01
1.865753095484541380e-01 3.603551660061300455e-01
1.869193795865563279e-01 3.596169370787515862e-01
1.872640841362205044e-01 3.588766100041238527e-01
1.876094243675717199e-01 3.581337009376546754e-01
1.879554014528929673e-01 3.573877304833694701e-01
1.883020165666284829e-01 3.566382234917180316e-01
1.886492708853891032e-01 3.558847091042424138e-01
1.889971655879547352e-01 3.551267208044869284e-01
1.893457018552797133e-01 3.543637964750264713e-01
1.896948808704961853e-01 3.535954784605150336e-01
1.900447038189175542e-01 3.528213140082965271e-01
1.903951718880438904e-01 3.520408957815069906e-01
1.907462862675644300e-01 3.512538977601181722e-01
1.910980481493629035e-01 3.504600061658572074e-01
1.914504587275210890e-01 3.496589109075274870e-01
1.918035191983221144e-01 3.488503056479825837e-01
1.921572307602561203e-01 3.480338878736708441e-01
1.925115946140225631e-01 3.472093589666896407e-01
1.928666119625357944e-01 3.463764242792553016e-01
1.932222840109284467e-01 3.455347932131925814e-01
1.935786119665550420e-01 3.446841974657589014e-01
1.939355970389973760e-01 3.438244341424960271e-01
1.942932404400670721e-01 3.429553167818080728e-01
1.946515433838111875e-01 3.420766623357625047e-01
1.950105070865155166e-01 3.411882912300897019e-01
1.953701327667083376e-01 3.402900274248345514e-01
1.957304216451658530e-01 3.393816984756031774e-01
1.960913749449146870e-01 3.384631355953605647e-01
1.964529938912375484e-01 3.375341737167117939e-01
1.968152797116766994e-01 3.365946767800113704e-01
1.971782336360375643e-01 3.356446114010425696e-01
1.975418568963943078e-01 3.346839710154917991e-01
1.979061507270923892e-01 3.337127512809668350e-01
1.982711163647541408e-01 3.327309500923252839e-01
1.986367550482824873e-01 3.317385675965265346e-01
1.990030680188643319e-01 3.307356062069923830e-01
1.993700565199761909e-01 3.297220706174568416e-01
1.997377217973876906e-01 3.286979678437373931e-01
2.001060650991651757e-01 3.276633420760541870e-01
2.004750876756774824e-01 3.266183418067185595e-01
2.008447907795984366e-01 3.255631347928050201e-01
2.012151756659125712e-01 3.244978890645097147e-01
2.015862435919187901e-01 3.234227728875492258e-01
2.019579958172340040e-01 3.223379547258807265e-01
2.023304336037988760e-01 3.212436032047404355e-01
2.027035582158803750e-01 3.201398870740294056e-01
2.030773709200776600e-01 3.190269762132945108e-01
2.034518729853255770e-01 3.179050981609993776e-01
2.038270656828985172e-01 3.167745660743135350e-01
2.042029502864159962e-01 3.156356981168716991e-01
2.045795280718455678e-01 3.144888101645707534e-01
2.049568003175083197e-01 3.133342157341478806e-01
2.053347683040828708e-01 3.121722259144396605e-01
2.057134333146088678e-01 3.110031493003062586e-01
2.060927966344928974e-01 3.098272919291913952e-01
2.064728595515112064e-01 3.086449645496500138e-01
2.068536233558155024e-01 3.074565443030564671e-01
2.072350893399366734e-01 3.062624424215381613e-01
2.076172587987886176e-01 3.050630659503837383e-01
2.080001330296740447e-01 3.038588172767867635e-01
2.083837133322872237e-01 3.026500940663055528e-01
2.087680010087198945e-01 3.014372892042994634e-01
2.091529973634649597e-01 3.002207907422772548e-01
2.095387037034204814e-01 2.990009820462013468e-01
2.099251213378952874e-01 2.977782678179387021e-01
2.103122515786120805e-01 2.965530995633630096e-01
2.107000957397130447e-01 2.953259286586881749e-01
2.110886551377638976e-01 2.940972000401393949e-01
2.114779310917576371e-01 2.928673521756659515e-01
2.118679249231205375e-01 2.916368170431641871e-01
2.122586379557148129e-01 2.904060201150754361e-01
2.126500715158447796e-01 2.891753803491878827e-01
2.130422269322606588e-01 2.879453149432741332e-01
2.134351055361623228e-01 2.867162612462292315e-01
2.138287086612055410e-01 2.854886588990540042e-01
2.142230376435045602e-01 2.842629403630805851e-01
2.146180938216382950e-01 2.830395309331016351e-01
2.150138785366541572e-01 2.818188487671317022e-01
2.154103931320720255e-01 2.806013049224235778e-01
2.158076389538902407e-01 2.793873033975520226e-01
2.162056173505884638e-01 2.781772413924943899e-01
2.166043296731338386e-01 2.769715116757829332e-01
2.170037772749848493e-01 2.757705017312316875e-01
2.174039615120952618e-01 2.745745921629144659e-01
2.178048837429202855e-01 2.733841567361634528e-01
2.182065453284194601e-01 2.721995624534406799e-01
2.186089476320627334e-01 2.710211696351724764e-01
2.190120920198345422e-01 2.698493320054021205e-01
2.194159798602376699e-01 2.686843960731871706e-01
2.198206125242994635e-01 2.675266891847689621e-01
2.202259913855747764e-01 2.663765215636373918e-01
2.206321178201521849e-01 2.652341972755092314e-01
2.210389932066579022e-01 2.641000147000449605e-01
2.214466189262598306e-01 2.629742666337149259e-01
2.218549963626736954e-01 2.618572403958623895e-01
2.222641269021669030e-01 2.607492179378606556e-01
2.226740119335626489e-01 2.596504745985575013e-01
2.230846528482462454e-01 2.585612576238436322e-01
2.234960510401679812e-01 2.574817905092763315e-01
2.239082079058494490e-01 2.564122919758111130e-01
2.243211248443876260e-01 2.553529766711736815e-01
2.247348032574589538e-01 2.543040552767698026e-01
2.251492445493256112e-01 2.532657346162085488e-01
2.255644501268385949e-01 2.522382177653898494e-01
2.259804213994439093e-01 2.512216993788441433e-01
2.263971597791868406e-01 2.502163212585526431e-01
2.268146666807159539e-01 2.492221935340779015e-01
2.272329435212895876e-01 2.482394239575263228e-01
2.276519917207786847e-01 2.472681183659855841e-01
2.280718127016733987e-01 2.463083807596632979e-01
2.284924078890871180e-01 2.453603133803286818e-01
2.289137787107606292e-01 2.444240167900433025e-01
2.293359265970685568e-01 2.434995779466801735e-01
2.297588529810224989e-01 2.425870254663364534e-01
2.301825592982773283e-01 2.416863706421507885e-01
2.306070469871354944e-01 2.407976246371020812e-01
2.310323174885511865e-01 2.399207985239757146e-01
2.314583722461368009e-01 2.390559033223624008e-01
2.318852127061660218e-01 2.382029500355744012e-01
2.323128403175803991e-01 2.373619491424602823e-01
2.327412565319935123e-01 2.365328669885297663e-01
2.331704628036951610e-01 2.357155947157595632e-01
2.336004605896580544e-01 2.349100177419995439e-01
2.340312513495407809e-01 2.341160233265073831e-01
2.344628365456944141e-01 2.333335005430799969e-01
2.348952176431668981e-01 2.325623402536784456e-01
2.353283961097071275e-01 2.318024350825362567e-01
2.357623734157716644e-01 2.310536706809681595e-01
2.361971510345279024e-01 2.303158595204028714e-01
2.366327304418606448e-01 2.295887785532712277e-01
2.370691131163764065e-01 2.288722075798507727e-01
2.375063005394077442e-01 2.281659294815927552e-01
2.379442941950199453e-01 2.274697301443187047e-01
2.383830955700141918e-01 2.267833983834435796e-01
2.388227061539341944e-01 2.261067252495914115e-01
2.392631274390706053e-01 2.254394616516410266e-01
2.397043609204653758e-01 2.247812918434800578e-01
2.401464080959183900e-01 2.241318976028018051e-01
2.405892704659908232e-01 2.234909646204434608e-01
2.410329495340117201e-01 2.228581823937801631e-01
2.414774468060825185e-01 2.222332441244690981e-01
2.419227637910813800e-01 2.216158466204467825e-01
2.423689020006699890e-01 2.210056762556256993e-01
2.428158629492967735e-01 2.204023632495737406e-01
2.432636481542037599e-01 2.198055259665974148e-01
2.437122591354309586e-01 2.192147869720042497e-01
2.441616974158207776e-01 2.186297729315935245e-01
2.446119645210249882e-01 2.180501145173425470e-01
2.450630619795078347e-01 2.174754463193745435e-01
2.455149913225530001e-01 2.169054041057700000e-01
2.459677540842681309e-01 2.163396032886199805e-01
2.464213518015891669e-01 2.157776503830680648e-01
2.468757860142870852e-01 2.152191558169777030e-01
2.473310582649724532e-01 2.146637339893171237e-01
2.477871700990998960e-01 2.141110032134905528e-01
2.482441230649750363e-01 2.135605856674989977e-01
2.487019187137577136e-01 2.130121070270477868e-01
2.491605585994692007e-01 2.124651917679215296e-01
2.496200442789965057e-01 2.119194642641052395e-01
2.500803773120969797e-01 2.113745526102467631e-01
2.505415592614054221e-01 2.108300887103570498e-01
2.510035916924374111e-01 2.102857082667425048e-01
2.514664761735960763e-01 2.097410507752782982e-01
2.519302142761771779e-01 2.091957608481809228e-01
2.523948075743731589e-01 2.086495121439049250e-01
2.528602576452806394e-01 2.081020045319781353e-01
2.533265660689035248e-01 2.075529420043019102e-01
2.537937344281603336e-01 2.070020318798148351e-01
2.542617643088885826e-01 2.064489848288354745e-01
2.547306572998495611e-01 2.058935149014626820e-01
2.552004149927354915e-01 2.053353414872669536e-01
2.556710389821728047e-01 2.047742186858469704e-01
2.561425308657295230e-01 2.042099290897214092e-01
2.566148922439197011e-01 2.036422589034503072e-01
2.570881247202081998e-01 2.030709972377805206e-01
2.575622299010179583e-01 2.024959361479726772e-01
2.580372093957333246e-01 2.019168706742018038e-01
2.585130648167072720e-01 2.013336038434356823e-01
2.589897977792662842e-01 2.007459916890870222e-01
2.594674099017149071e-01 2.001539216466098337e-01
2.599459028053430765e-01 1.995572836654276594e-01
2.604252781144295592e-01 1.989559698787727038e-01
2.609055374562493368e-01 1.983498746331283646e-01
2.613866824610782680e-01 1.977388945180809099e-01
2.618687147621978628e-01 1.971229391643289641e-01
2.623516359959027211e-01 1.965019751905426604e-01
2.628354478015038631e-01 1.958759881126242997e-01
2.633201518213363346e-01 1.952449647410119393e-01
2.638057497007637586e-01 1.946088931824047352e-01
2.642922430881832763e-01 1.939677628487119498e-01
2.647796336350329849e-01 1.933215646083976391e-01
2.652679229957952689e-01 1.926703155783598964e-01
2.657571128280045714e-01 1.920140869384300564e-01
2.662472047922519458e-01 1.913529569343569714e-01
2.667382005521899968e-01 1.906870039641723469e-01
2.672301017745404850e-01 1.900163065641207183e-01
2.677229101290977131e-01 1.893409433946697529e-01
2.682166272887360203e-01 1.886609965904231800e-01
2.687112549294148889e-01 1.879765996978000619e-01
2.692067947301836073e-01 1.872879255667287968e-01
2.697032483731889863e-01 1.865951467716150391e-01
2.702006175436788005e-01 1.858984344990450566e-01
2.706989039300095601e-01 1.851979585149972074e-01
2.711981092236512292e-01 1.844938871351819720e-01
2.716982351191923328e-01 1.837864016375480025e-01
2.721992833143474511e-01 1.830757307922516453e-01
2.727012555099609936e-01 1.823621113151859818e-01
2.732041534100146385e-01 1.816457771898576101e-01
2.737079787216325499e-01 1.809269596326978091e-01
2.742127331550862634e-01 1.802058870612018027e-01
2.747184184238020133e-01 1.794827883243444722e-01
2.752250362443657838e-01 1.787579402395761963e-01
2.757325883365285280e-01 1.780316560775389023e-01
2.762410764232136051e-01 1.773042457708240427e-01
2.767505022305206119e-01 1.765760147710498940e-01
2.772608674877331536e-01 1.758472640312152557e-01
2.777721739273238399e-01 1.751182900434659351e-01
2.782844232849594479e-01 1.743893953060507984e-01
2.787976172995085267e-01 1.736609009623282796e-01
2.793117577130452833e-01 1.729331262076154452e-01
2.798268462708574100e-01 1.722063851066805151e-01
2.803428847214511910e-01 1.714809866085400258e-01
2.808598748165563874e-01 1.707572345668623703e-01
2.813778183111344533e-01 1.700354308161569628e-01
2.818967169633820324e-01 1.693158891860633009e-01
2.824165725347390632e-01 1.685989241072482214e-01
2.829373867898937189e-01 1.678848446179506404e-01
2.834591614967875706e-01 1.671739544090402041e-01
2.839818984266239132e-01 1.664665518809277656e-01
2.845055993538709860e-01 1.657629291348117206e-01
2.850302660562702983e-01 1.650633597689260268e-01
2.855559003148418484e-01 1.643681034751590664e-01
2.860825039138891746e-01 1.636774151526465548e-01
2.866100786410074042e-01 1.629915451589679931e-01
2.871386262870871398e-01 1.623107393889511585e-01
2.876681486463224524e-01 1.616352384247389529e-01
2.881986475162162109e-01 1.609652546460911271e-01
2.887301246975851887e-01 1.603009713004278081e-01
2.892625819945682797e-01 1.596425671179355354e-01
2.897960212146302728e-01 1.589902176308248538e-01
2.903304441685701787e-01 1.583440952514004740e-01
2.908658526705261149e-01 1.577043685505940540e-01
2.914022485379810790e-01 1.570711671904576057e-01
2.919396335917708307e-01 1.564445689506541171e-01
2.924780096560877785e-01 1.558246465500426059e-01
2.930173785584892499e-01 1.552114713790333778e-01
2.935577421299029877e-01 1.546051135465333903e-01
2.940991022046322012e-01 1.540056413473807340e-01
2.946414606203640041e-01 1.534130895564963792e-01
2.951848192181732999e-01 1.528274436527854718e-01
2.957291798425310536e-01 1.522486852236133725e-01
2.962745443413096202e-01 1.516767960602549148e-01
2.968209145657883519e-01 1.511117581666178433e-01
2.973682923706615910e-01 1.505535530281266743e-01
2.979166796140430007e-01 1.500021293225797248e-01
2.984660781574735577e-01 1.494573909606133344e-01
2.990164898659273263e-01 1.489192399118024757e-01
2.995679166078166755e-01 1.483875795441537415e-01
3.001203602550007732e-01 1.478623145967086217e-01
3.006738226827895266e-01 1.473433499941799174e-01
3.012283057699521316e-01 1.468305620492516561e-01
3.017838113987224569e-01 1.463237969445026487e-01
3.023403414548045398e-01 1.458229014344725738e-01
3.028978978273808020e-01 1.453277243646605155e-01
3.034564824091176560e-01 1.448381166229726902e-01
3.040160970961708342e-01 1.443539288284707012e-01
3.045767437881941042e-01 1.438749842996968065e-01
3.051384243883432656e-01 1.434010882976898271e-01
3.057011408032846433e-01 1.429320482019456606e-01
3.062648949432008050e-01 1.424676738728704317e-01
3.068296887217958346e-01 1.420077775960040256e-01
3.073955240563044367e-01 1.415521704408600479e-01
3.079624028674955438e-01 1.411006440328900491e-01
3.085303270796812547e-01 1.406529843964990922e-01
3.090992986207222737e-01 1.402089801857102913e-01
3.096693194220337397e-01 1.397684226474057712e-01
3.102403914185936640e-01 1.393311055585138569e-01
3.108125165489473152e-01 1.388968184730109690e-01
3.113856967552157129e-01 1.384653360504186081e-01
3.119599339831015672e-01 1.380364328739389079e-01
3.125352301818946632e-01 1.376098862343542173e-01
3.131115873044807985e-01 1.371854760920747651e-01
3.136890073073459462e-01 1.367629847444441493e-01
3.142674921505850261e-01 1.363421899323513098e-01
3.148470437979076775e-01 1.359228647381271471e-01
3.154276642166438105e-01 1.355047846454906224e-01
3.160093553777528208e-01 1.350877278540536797e-01
3.165921192558273645e-01 1.346714752609920185e-01
3.171759578291025727e-01 1.342558116586632933e-01
3.177608730794616587e-01 1.338405311757655258e-01
3.183468669924418015e-01 1.334254327947408947e-01
3.189339415572430281e-01 1.330103180330799162e-01
3.195220987667323209e-01 1.325949909397605431e-01
3.201113406174529441e-01 1.321792582137531202e-01
3.207016691096299388e-01 1.317629352023110823e-01
3.212930862471761184e-01 1.313458486854187091e-01
3.218855940377009506e-01 1.309278285195340508e-01
3.224791944925149978e-01 1.305087069235440767e-01
3.230738896266390214e-01 1.300883184918952551e-01
3.236696814588095883e-01 1.296665067753434986e-01
3.242665720114852324e-01 1.292431566210534566e-01
3.248645633108553366e-01 1.288181690263261181e-01
3.254636573868446847e-01 1.283914466637480212e-01
3.260638562731224543e-01 1.279628938719063469e-01
3.266651620071081563e-01 1.275324175979014596e-01
3.272675766299776301e-01 1.270999553063058285e-01
3.278711021866722031e-01 1.266654794359780012e-01
3.284757407259030204e-01 1.262289651859818118e-01
3.290814943001604265e-01 1.257903885845240155e-01
3.296883649657196269e-01 1.253497264972233405e-01
3.302963547826470725e-01 1.249069706316536937e-01
3.309054658148095074e-01 1.244621594676705439e-01
3.315157001298784101e-01 1.240153409555719566e-01
3.321270597993392637e-01 1.235665628888698436e-01
3.327395468984977733e-01 1.231158728979198369e-01
3.333531635064856391e-01 1.226633229098338246e-01
3.339679117062702707e-01 1.222090045282417381e-01
3.345837935846587841e-01 1.217530295030620352e-01
3.352008112323078826e-01 1.212955086011058559e-01
3.358189667437296300e-01 1.208365514006570079e-01
3.364382622172975568e-01 1.203762672186506344e-01
3.370586997552559860e-01 1.199147890719368809e-01
3.376802814637261396e-01 1.194522752185537412e-01
3.383030094527120224e-01 1.189888831986500861e-01
3.389268858361101922e-01 1.185247684658017053e-01
3.395519127317142005e-01 1.180600844163540164e-01
3.401780922612240854e-01 1.175949872014252218e-01
3.408054265502525881e-01 1.171296402012211302e-01
3.414339177283313709e-01 1.166642055307091641e-01
3.420635679289205089e-01 1.161988429393062683e-01
3.426943792894132645e-01 1.157337098112398294e-01
3.433263539511454132e-01 1.152689641645221752e-01
3.439594940594017380e-01 1.148047710547358824e-01
3.445938017634220807e-01 1.143412948365944426e-01
3.452292792164112778e-01 1.138786972863459063e-01
3.458659285755435464e-01 1.134171376126259789e-01
3.465037520019721429e-01 1.129567723036024596e-01
3.471427516608359687e-01 1.124977545582395572e-01
3.477829297212655657e-01 1.120402348553628802e-01
3.484242883563931081e-01 1.115843611897402582e-01
3.490668297433568434e-01 1.111302790934061147e-01
3.497105560633110288e-01 1.106781308130816016e-01
3.503554695014323705e-01 1.102280513923339506e-01
3.510015722469261856e-01 1.097801718863537640e-01
3.516488664930363384e-01 1.093346211074063545e-01
3.522973544370499588e-01 1.088915256554392197e-01
3.529470382803074346e-01 1.084510086560928066e-01
3.535979202282086287e-01 1.080131831297761746e-01
3.542500024902194289e-01 1.075781570890526340e-01
3.549032872798815741e-01 1.071460366521089780e-01
3.555577768148176498e-01 1.067169260809223696e-01
3.562134733167407474e-01 1.062909253370271367e-01
3.568703790114611807e-01 1.058681182186301112e-01
3.575284961288928698e-01 1.054485818385097196e-01
3.581878269030634443e-01 1.050323919273441209e-01
3.588483735721188506e-01 1.046196228702445108e-01
3.595101383783336768e-01 1.042103427490283368e-01
3.601731235681175369e-01 1.038045945861979791e-01
3.608373313920215653e-01 1.034024134734881223e-01
3.615027641047487972e-01 1.030038338227220462e-01
3.621694239651587210e-01 1.026088893848387806e-01
3.628373132362774922e-01 1.022176040001118447e-01
3.635064341853047054e-01 1.018299690485083425e-01
3.641767890836197785e-01 1.014459690342380677e-01
3.648483802067924997e-01 1.010655885844278790e-01
3.655212098345874128e-01 1.006888123748371222e-01
3.661952802509745308e-01 1.003156093740894539e-01
3.668705937441357201e-01 9.994591378709603846e-02
3.675471526064715277e-01 9.957965596665542540e-02
3.682249591346114515e-01 9.921676719017528956e-02
3.689040156294187689e-01 9.885717911366978528e-02
3.695843243960009183e-01 9.850080335076109861e-02
3.702658877437164930e-01 9.814752531986346840e-02
3.709487079861814585e-01 9.779723013807022081e-02
3.716327874412801435e-01 9.744980446782965100e-02
3.723181284311696260e-01 9.710513505833570647e-02
3.730047332822907236e-01 9.676309147182064752e-02
3.736926043253743224e-01 9.642353189778224420e-02
3.743817438954484267e-01 9.608631614855123182e-02
3.750721543318484286e-01 9.575130590363524485e-02
3.757638379782234916e-01 9.541836287329213961e-02
3.764567971825438786e-01 9.508734124049714187e-02
3.771510342971112761e-01 9.475809410199760585e-02
3.778465516785636802e-01 9.443047650528482717e-02
3.785433516878864424e-01 9.410434544763039699e-02
3.792414366904187095e-01 9.377956302691234369e-02
3.799408090558604734e-01 9.345599966966490479e-02
3.806414711582834509e-01 9.313352832211924115e-02
3.813434253761357473e-01 9.281202363717203085e-02
3.820466740922529580e-01 9.249136261185311736e-02
3.827512196938648303e-01 9.217143392013830983e-02
3.834570645726024241e-01 9.185213558896071495e-02
3.841642111245088254e-01 9.153336726173803839e-02
3.848726617500440872e-01 9.121502997921866751e-02
3.855824188540963315e-01 9.089703070151865238e-02
3.862934848459885773e-01 9.057929622414914728e-02
3.870058621394856790e-01 9.026175913453274302e-02
3.877195531528055961e-01 8.994435301310732545e-02
3.884345603086239995e-01 8.962701270851053392e-02
3.891508860340856524e-01 8.930968312738270243e-02
3.898685327608112372e-01 8.899232090621236879e-02
3.905875029249044061e-01 8.867488402631221178e-02
3.913077989669630496e-01 8.835733116151393840e-02
3.920294233320841260e-01 8.803962391767326812e-02
3.927523784698750409e-01 8.772173644313324692e-02
3.934766668344604201e-01 8.740364730002661564e-02
3.942022908844895479e-01 8.708533548483232689e-02
3.949292530831473580e-01 8.676678066720748539e-02
3.956575558981595964e-01 8.644797135134581201e-02
3.963872018018040344e-01 8.612890671426520761e-02
3.971181932709177964e-01 8.580958672546619426e-02
3.978505327869041874e-01 8.549001149569029900e-02
3.985842228357443506e-01 8.517018439753649972e-02
3.993192659080022078e-01 8.485012257516133527e-02
4.000556644988358390e-01 8.452984680529948558e-02
4.007934211080048104e-01 8.420937769387518146e-02
4.015325382398772791e-01 8.388873648723099707e-02
4.022730184034414291e-01 8.356795883712153650e-02
4.030148641123106890e-01 8.324709259217934199e-02
4.037580778847353336e-01 8.292618541220443673e-02
4.045026622436094788e-01 8.260528436973577082e-02
4.052486197164785198e-01 8.228444328401476882e-02
4.059959528355507330e-01 8.196373273376009183e-02
4.067446641377024941e-01 8.164322483784043627e-02
4.074947561644897132e-01 8.132299067435787288e-02
4.082462314621552735e-01 8.100310259674618762e-02
4.089990925816363587e-01 8.068364722199786176e-02
4.097533420785762770e-01 8.036471609017618867e-02
4.105089825133294568e-01 8.004639935275742468e-02
4.112660164509732708e-01 7.972878594509788530e-02
4.120244464613154745e-01 7.941196719516338542e-02
4.127842751189015336e-01 7.909603652346723635e-02
4.135455050030265034e-01 7.878108599090398456e-02
4.143081386977403024e-01 7.846720615364879969e-02
4.150721787918594252e-01 7.815448396879906556e-02
4.158376278789745473e-01 7.784300085225680232e-02
4.166044885574579082e-01 7.753283640009291100e-02
4.173727634304748024e-01 7.722406888125325775e-02
4.181424551059912398e-01 7.691677158987056395e-02
4.189135661967812729e-01 7.661100234777565299e-02
4.196860993204388768e-01 7.630681452198867509e-02
4.204600570993837216e-01 7.600426054985527646e-02
4.212354421608727195e-01 7.570338989240267547e-02
4.220122571370079068e-01 7.540423597030870839e-02
4.227905046647438270e-01 7.510682480899026625e-02
4.235701873858997435e-01 7.481118189852682676e-02
4.243513079471650795e-01 7.451733130964000029e-02
4.251338690001114085e-01 7.422528407804329653e-02
4.259178732012000590e-01 7.393504192210154091e-02
4.267033232117900532e-01 7.364660623739550938e-02
4.274902216981499858e-01 7.335997808677513499e-02
4.282785713314637421e-01 7.307515295569258496e-02
4.290683747878424326e-01 7.279212056122350005e-02
4.298596347483323310e-01 7.251087041339150663e-02
4.306523538989226463e-01 7.223139203085783555e-02
4.314465349305576236e-01 7.195367206978785235e-02
4.322421805391422622e-01 7.167769315701265354e-02
4.330392934255543613e-01 7.140343778317984058e-02
4.338378762956526247e-01 7.113088860452140838e-02
4.346379318602844322e-01 7.086002715933772955e-02
4.354394628352979968e-01 7.059083290103045083e-02
4.362424719415482488e-01 7.032328527923580042e-02
4.370469619049089371e-01 7.005736395519615578e-02
4.378529354562807896e-01 6.979304634555796860e-02
4.386603953315993953e-01 6.953030512324184786e-02
4.394693442718474174e-01 6.926911268844677949e-02
4.402797850230605881e-01 6.900944175124100466e-02
4.410917203363400318e-01 6.875126038792299388e-02
4.419051529678602042e-01 6.849452640220164701e-02
4.427200856788770511e-01 6.823919677025987174e-02
4.435365212357403886e-01 6.798522901146818176e-02
4.443544624098997864e-01 6.773257674098216718e-02
4.451739119779171139e-01 6.748118481050699446e-02
4.459948727214744779e-01 6.723099764056443550e-02
4.468173474273826051e-01 6.698196036939274567e-02
4.476413388875931654e-01 6.673401385505380035e-02
4.484668498992047669e-01 6.648709023360585557e-02
4.492938832644756131e-01 6.624112152939207188e-02
4.501224417908316622e-01 6.599604071869175081e-02
4.509525282908748434e-01 6.575178122456155905e-02
4.517841455823955465e-01 6.550827662108829608e-02
4.526172964883788952e-01 6.526546136594613134e-02
4.534519838370172917e-01 6.502327099241390906e-02
4.542882104617186889e-01 6.478164641064892981e-02
4.551259792011149163e-01 6.454053487662318733e-02
4.559652928990742815e-01 6.429988476755800486e-02
4.568061544047079536e-01 6.405964576246017672e-02
4.576485665723825091e-01 6.381977840698707660e-02
4.584925322617283694e-01 6.358025291761865150e-02
4.593380543376481273e-01 6.334104030106425809e-02
4.601851356703295370e-01 6.310211328798309705e-02
4.610337791352513981e-01 6.286345850192709417e-02
4.618839876131967670e-01 6.262507092378029327e-02
4.627357639902612840e-01 6.238694575841974982e-02
4.635891111578614443e-01 6.214908029760210506e-02
4.644440320127473099e-01 6.191148371154202995e-02
4.653005294570110584e-01 6.167416942309241618e-02
4.661586063980951988e-01 6.143715069234654408e-02
4.670182657488058386e-01 6.120044187474805303e-02
4.678795104273188454e-01 6.096406122133589400e-02
4.687423433571930587e-01 6.072802755411012277e-02
4.696067674673786718e-01 6.049235948072941016e-02
4.704727856922258367e-01 6.025707914135258747e-02
4.713404009714980414e-01 6.002221475507702603e-02
4.722096162503780503e-01 5.978779473683668022e-02
4.730804344794814487e-01 5.955384600502013764e-02
4.739528586148651912e-01 5.932037604734051450e-02
4.748268916180360955e-01 5.908737589592486655e-02
4.757025364559643310e-01 5.885483619769469460e-02
4.765797961010896922e-01 5.862275327990851270e-02
4.774586735313349206e-01 5.839115956305347688e-02
4.783391717301144763e-01 5.816010140263908057e-02
4.792212936863431971e-01 5.792962446486980832e-02
4.801050423944498990e-01 5.769977369108632986e-02
4.809904208543833715e-01 5.747059330246996611e-02
4.818774320716264215e-01 5.724212680508845852e-02
4.827660790572042004e-01 5.701441699527639434e-02
4.836563648276932526e-01 5.678750596533945622e-02
4.845482924052348928e-01 5.656143510957103993e-02
4.854418648175418682e-01 5.633624513057584882e-02
4.863370850979118476e-01 5.611197604588687160e-02
4.872339562852363581e-01 5.588866719486943607e-02
4.881324814240094456e-01 5.566635724590295042e-02
4.890326635643417186e-01 5.544508420382925767e-02
4.899345057619665655e-01 5.522488541766250314e-02
4.908380110782540329e-01 5.500579758854820533e-02
4.917431825802198175e-01 5.478785677796618042e-02
4.926500233405340379e-01 5.457109841616781393e-02
4.935585364375352779e-01 5.435555731083835385e-02
4.944687249552369157e-01 5.414126765597982588e-02
4.953805919833413340e-01 5.392825428420957440e-02
4.962941406172484693e-01 5.371649944410245014e-02
4.972093739580654148e-01 5.350597294276677324e-02
4.981262951126199101e-01 5.329664498971269093e-02
4.990449071934670577e-01 5.308848619405701075e-02
4.999652133189037007e-01 5.288146755925297177e-02
5.008872166129769710e-01 5.267556047797434388e-02
5.018109202054936713e-01 5.247073672714959447e-02
5.027363272320347631e-01 5.226696846314103639e-02
5.036634408339610847e-01 5.206422821707019227e-02
5.045922641584285051e-01 5.186248889028164527e-02
5.055228003583964735e-01 5.166172374994545957e-02
5.064550525926374558e-01 5.146190642479518684e-02
5.073890240257511453e-01 5.126301090099574798e-02
5.083247178281712353e-01 5.106501151814283462e-02
5.092621371761794080e-01 5.086788296538669041e-02
5.102012852519151043e-01 5.067160027768054242e-02
5.111421652433842944e-01 5.047613883215042174e-02
5.120847803444739110e-01 5.028147434458182102e-02
5.130291337549605091e-01 5.008758286602375126e-02
5.139752286805201464e-01 4.989444077950553474e-02
5.149230683327425950e-01 4.970202485283764515e-02
5.158726559291380021e-01 4.951031469016115016e-02
5.168239946931518780e-01 4.931929364198934379e-02
5.177770878541739785e-01 4.912894553927386887e-02
5.187319386475479632e-01 4.893925443427054461e-02
5.196885503145859397e-01 4.875020459864994049e-02
5.206469261025756801e-01 4.856178052165951303e-02
5.216070692647944984e-01 4.837396690833381530e-02
5.225689830605194652e-01 4.818674867775316062e-02
5.235326707550366221e-01 4.800011096134990801e-02
5.244981356196555256e-01 4.781403910125935075e-02
5.254653809317166857e-01 4.762851864871714413e-02
5.264344099746056660e-01 4.744353536249905356e-02
5.274052260377634083e-01 4.725907520740466050e-02
5.283778324166953366e-01 4.707512435278286139e-02
5.293522324129861234e-01 4.689166917109718891e-02
5.303284293343072386e-01 4.670869623653256530e-02
5.313064264944311610e-01 4.652619232363941482e-02
5.322862272132417027e-01 4.634414440601668933e-02
5.332678348167434468e-01 4.616253965503196166e-02
5.342512526370762904e-01 4.598136543857642838e-02
5.352364840125233281e-01 4.580060931985662637e-02
5.362235322875253951e-01 4.562025905621867189e-02
5.372124008126908379e-01 4.544030804650358440e-02
5.382030929448055057e-01 4.526077161421444145e-02
5.391956120468475167e-01 4.508167030349118087e-02
5.401899614879948075e-01 4.490302433299234175e-02
5.411861446436402323e-01 4.472485359788234277e-02
5.421841648954012216e-01 4.454717767190920219e-02
5.431840256311295523e-01 4.437001580956922292e-02
5.441857302449272238e-01 4.419338694835460435e-02
5.451892821371528974e-01 4.401730971108480661e-02
5.461946847144377726e-01 4.384180240831532516e-02
5.472019413896953566e-01 4.366688304082457645e-02
5.482110555821311237e-01 4.349256930217537676e-02
5.492220307172586136e-01 4.331887858134709363e-02
5.502348702269058700e-01 4.314582796543978832e-02
5.512495775492317618e-01 4.297343424244352145e-02
5.522661561287351972e-01 4.280171390407455645e-02
5.532846094162658934e-01 4.263068314867404091e-02
5.543049408690392532e-01 4.246035788416682721e-02
5.553271539506442478e-01 4.229075373107982205e-02
5.563512521310589598e-01 4.212188602561599271e-02
5.573772388866603533e-01 4.195376982278326700e-02
5.584051177002347099e-01 4.178641989957573161e-02
5.594348920609932829e-01 4.161985075820436725e-02
5.604665654645795136e-01 4.145407565010822415e-02
5.615001414130853519e-01 4.128909290524344911e-02
5.625356234150605816e-01 4.112488955217801639e-02
5.635730149855240345e-01 4.096145249174042852e-02
5.646123196459784666e-01 4.079876879120304667e-02
5.656535409244188850e-01 4.063682568248215554e-02
5.666966823553479804e-01 4.047561056037405486e-02
5.677417474797863406e-01 4.031511098082917605e-02
5.687887398452834420e-01 4.015531465926171217e-02
5.698376630059320824e-01 3.999620946889445583e-02
5.708885205223795944e-01 3.983778343913859515e-02
5.719413159618379483e-01 3.968002475400798229e-02
5.729960528980996282e-01 3.952292175056541790e-02
5.740527349115455147e-01 3.936646291740352605e-02
5.751113655891608722e-01 3.921063689315586881e-02
5.761719485245460071e-01 3.905543246504079857e-02
5.772344873179261482e-01 3.890083856743584145e-02
5.782989855761686560e-01 3.874684428048160573e-02
5.793654469127897944e-01 3.859343882871649201e-02
5.804338749479714954e-01 3.844061157973931858e-02
5.815042733085717952e-01 3.828835204290095828e-02
5.825766456281353811e-01 3.813664986802410561e-02
5.836509955469100230e-01 3.798549484414927291e-02
5.847273267118541229e-01 3.783487689830896533e-02
5.858056427766535901e-01 3.768478609432659304e-02
5.868859474017321665e-01 3.753521373798304750e-02
5.879682442542618626e-01 3.738615725955801022e-02
5.890525370081801659e-01 3.723761613890853861e-02
5.901388293441971467e-01 3.708958984553815952e-02
5.912271249498126657e-01 3.694207783706399822e-02
5.923174275193267002e-01 3.679507955934410018e-02
5.934097407538500013e-01 3.664859444660429483e-02
5.945040683613214139e-01 3.650262192156328994e-02
5.956004140565150928e-01 3.635716139555903587e-02
5.966987815610577117e-01 3.621221226867291781e-02
5.977991746034390097e-01 3.606777392985440617e-02
5.989015969190226718e-01 3.592384575704522104e-02
6.000060522500636484e-01 3.578042711730178294e-02
6.011125443457152606e-01 3.563751736691896793e-02
6.022210769620468529e-01 3.549511585155150362e-02
6.033316538620544511e-01 3.535322190633578832e-02
6.044442788156716428e-01 3.521183485601148827e-02
6.055589555997868967e-01 3.507095401504125437e-02
6.066756879982510009e-01 3.493057868773150054e-02
6.077944798018948269e-01 3.479070816835112823e-02
6.089153348085399875e-01 3.465134174125072269e-02
6.100382568230098279e-01 3.451247868098094446e-02
6.111632496571467454e-01 3.437411825240981739e-02
6.122903171298204050e-01 3.423625971084031522e-02
6.134194630669447257e-01 3.409890230212656026e-02
6.145506913014892048e-01 3.396204526278988334e-02
6.156840056734897981e-01 3.382568783293236209e-02
6.168194100300666838e-01 3.368982953422634125e-02
6.179569082254320334e-01 3.355447016292618240e-02
6.190965041209077757e-01 3.341960950933335617e-02
6.202382015849363661e-01 3.328524734540513202e-02
6.213820044930925546e-01 3.315138342495627111e-02
6.225279167281003723e-01 3.301801748385949781e-02
6.236759421798421243e-01 3.288514924024606156e-02
6.248260847453748212e-01 3.275277839470468882e-02
6.259783483289427242e-01 3.262090463047995909e-02
6.271327368419878923e-01 3.248952761367036868e-02
6.282892542031681682e-01 3.235864699342453493e-02
6.294479043383652828e-01 3.222826240213756688e-02
6.306086911807029516e-01 3.209837345564579142e-02
6.317716186705580883e-01 3.196897975342109094e-02
6.329366907555721289e-01 3.184008087876443599e-02
6.341039113906684621e-01 3.171167639899794694e-02
6.352732845380638649e-01 3.158376586565662253e-02
6.364448141672800485e-01 3.145634881467925664e-02
6.376185042551617554e-01 3.132942476659760639e-02
6.387943587858848637e-01 3.120299322672593495e-02
6.399723817509747059e-01 3.107705368534833049e-02
6.411525771493171710e-01 3.095160561790604586e-02
6.423349489871711393e-01 3.082664848518359979e-02
6.435195012781858015e-01 3.070218173349366711e-02
6.447062380434096518e-01 3.057820479486160828e-02
6.458951633113084734e-01 3.045471708720836126e-02
6.470862811177771068e-01 3.033171801453289629e-02
6.482795955061509963e-01 3.020920696709380321e-02
6.494751105272248415e-01 3.008718310768530510e-02
6.506728302392609242e-01 2.996564419542270888e-02
6.518727587080073160e-01 2.984458744406215391e-02
6.530749000067100907e-01 2.972401008752672061e-02
6.542792582161248705e-01 2.960390938127272636e-02
6.554858374245352559e-01 2.948428260212048249e-02
6.566946417277618187e-01 2.936512704808718829e-02
6.579056752291800869e-01 2.924644003822063007e-02
6.591189420397328691e-01 2.912821891243460443e-02
6.603344462779422441e-01 2.901046103134603815e-02
6.615521920699278802e-01 2.889316377611278117e-02
6.627721835494160274e-01 2.877632454827366501e-02
6.639944248577579478e-01 2.865994076958913034e-02
6.652189201439422384e-01 2.854400988188359259e-02
6.664456735646068219e-01 2.842852934688955280e-02
6.676746892840574876e-01 2.831349664609205882e-02
6.689059714742769946e-01 2.819890928057552232e-02
6.701395243149439462e-01 2.808476477087094858e-02
6.713753519934447800e-01 2.797106065680508152e-02
6.726134587048858693e-01 2.785779449735083929e-02
6.738538486521127302e-01 2.774496387047822171e-02
6.750965260457189032e-01 2.763256637300770188e-02
6.763414951040644940e-01 2.752059962046364897e-02
6.775887600532893851e-01 2.740906124692970777e-02
6.788383251273244490e-01 2.729794890490546896e-02
6.800901945679115324e-01 2.718726026516353131e-02
6.813443726246121157e-01 2.707699301660891622e-02
6.826008635548262982e-01 2.696714486613850659e-02
6.838596716238056761e-01 2.685771353850237297e-02
6.851208011046651114e-01 2.674869677616635924e-02
6.863842562784027157e-01 2.664009233917493183e-02
6.876500414339085099e-01 2.653189800502191859e-02
6.889181608679838531e-01 2.642411176680989002e-02
6.901886188853539883e-01 2.631673235076848263e-02
6.914614197986805877e-01 2.620975864827328541e-02
6.927365679285811817e-01 2.610318955021517784e-02
6.940140676036383738e-01 2.599702394703479885e-02
6.952939231604193804e-01 2.589126072875617621e-02
6.965761389434884654e-01 2.578589878502031765e-02
6.978607193054200408e-01 2.568093700511882987e-02
6.991476686068177626e-01 2.557637427802655905e-02
7.004369912163241896e-01 2.547220949243489407e-02
7.017286915106403233e-01 2.536844153678389363e-02
7.030227738745383759e-01 2.526506929929484349e-02
7.043192427008745371e-01 2.516209166800236277e-02
7.056181023906081817e-01 2.505950753078605223e-02
7.069193573528147478e-01 2.495731577540206622e-02
7.082230120046981714e-01 2.485551528951462918e-02
7.095290707716114254e-01 2.475410496072672634e-02
7.108375380870655125e-01 2.465308367661131830e-02
7.121484183927494493e-01 2.455245032474157735e-02
7.134617161385435891e-01 2.445220379272118605e-02
7.147774357825319447e-01 2.435234296821480252e-02
7.160955817910230614e-01 2.425286673897728007e-02
7.174161586385588985e-01 2.415377399288378898e-02
7.187391708079352570e-01 2.405506361795874126e-02
7.200646227902148810e-01 2.395673450240494093e-02
7.213925190847404467e-01 2.385878553463272739e-02
7.227228641991547686e-01 2.376121560328809529e-02
7.240556626494106807e-01 2.366402359728148053e-02
7.253909189597912421e-01 2.356720840581550888e-02
7.267286376629225053e-01 2.347076891841304649e-02
7.280688232997877263e-01 2.337470402494497626e-02
7.294114804197466828e-01 2.327901261565718666e-02
7.307566135805462215e-01 2.318369358119824405e-02
7.321042273483403529e-01 2.308874581264581949e-02
7.334543262977039069e-01 2.299416820153359423e-02
7.348069150116451898e-01 2.289995963987795022e-02
7.361619980816274111e-01 2.280611900540776421e-02
7.375195801075783431e-01 2.271264500323917981e-02
7.388796656979104149e-01 2.261953622972851310e-02
7.402422594695348135e-01 2.252679128480384804e-02
7.416073660478746943e-01 2.243440877388477167e-02
7.429749900668862761e-01 2.234238730785906291e-02
7.443451361690679446e-01 2.225072550306037705e-02
7.457178090054821240e-01 2.215942198124511847e-02
7.470930132357684883e-01 2.206847536957001407e-02
7.484707535281570623e-01 2.197788430056981171e-02
7.498510345594900928e-01 2.188764741213448939e-02
7.512338610152313745e-01 2.179776334748738387e-02
7.526192375894875664e-01 2.170823075516264966e-02
7.540071689850220693e-01 2.161904828898332867e-02
7.553976599132683489e-01 2.153021460803947879e-02
7.567907150943515848e-01 2.144172837666593820e-02
7.581863392570982185e-01 2.135358826442093627e-02
7.595845371390579359e-01 2.126579294606405560e-02
7.609853134865166568e-01 2.117834110153477695e-02
7.623886730545113011e-01 2.109123141593105544e-02
7.637946206068504384e-01 2.100446257948771628e-02
7.652031609161246140e-01 2.091803328755538136e-02
7.666142987637282191e-01 2.083194224057895519e-02
7.680280389398732588e-01 2.074618814407671111e-02
7.694443862436027848e-01 2.066076970861932538e-02
7.708633454828134335e-01 2.057568564980867543e-02
7.722849214742649737e-01 2.049093468825731457e-02
7.737091190436021781e-01 2.040651554956745412e-02
7.751359430253693672e-01 2.032242696431035139e-02
7.765653982630235097e-01 2.023866766800605163e-02
7.779974896089562053e-01 2.015523640110247067e-02
7.794322219245075622e-01 2.007213190895528604e-02
7.808696000799802972e-01 1.998935294180760602e-02
7.823096289546616067e-01 1.990689825476971153e-02
7.837523134368336031e-01 1.982476660779907210e-02
7.851976584237957413e-01 1.974295676568013636e-02
7.866456688218782523e-01 1.966146749800451454e-02
7.880963495464574642e-01 1.958029757915123389e-02
7.895497055219770077e-01 1.949944578826673727e-02
7.910057416819589182e-01 1.941891090924551325e-02
7.924644629690258402e-01 1.933869173071023004e-02
7.939258743349150160e-01 1.925878704599239336e-02
7.953899807404929412e-01 1.917919565311308056e-02
7.968567871557781235e-01 1.909991635508773503e-02
7.983262985599510753e-01 1.902094798579609392e-02
7.997985199413768509e-01 1.894228942827012180e-02
8.012734562976198127e-01 1.886393957340175634e-02
8.027511126354583970e-01 1.878589731543650609e-02
8.042314939709068744e-01 1.870816155196653938e-02
8.057146053292271182e-01 1.863073118392416516e-02
8.072004517449500316e-01 1.855360511557503644e-02
8.086890382618915352e-01 1.847678225451144726e-02
8.101803699331660003e-01 1.840026151164575116e-02
8.116744518212100079e-01 1.832404180120339107e-02
8.131712889977927849e-01 1.824812204071644961e-02
8.146708865440386305e-01 1.817250115101668589e-02
8.161732495504426810e-01 1.809717805622890544e-02
8.176783831168845662e-01 1.802215168376430227e-02
8.191862923526525009e-01 1.794742096431351311e-02
8.206969823764533878e-01 1.787298483184006012e-02
8.222104583164364655e-01 1.779884222357341894e-02
8.237267253102077413e-01 1.772499208000232265e-02
8.252457885048450903e-01 1.765143334486815249e-02
8.267676530569219029e-01 1.757816496515780466e-02
8.282923241325174102e-01 1.750518589109737594e-02
8.298198069072404426e-01 1.743249507614493682e-02
8.313501065662441958e-01 1.736009147698395691e-02
8.328832283042417739e-01 1.728797405351666788e-02
8.344191773255291711e-01 1.721614176885686437e-02
8.359579588439962627e-01 1.714459358932357569e-02
8.374995780831510084e-01 1.707332848443387716e-02
8.390440402761337735e-01 1.700234542689623915e-02
8.405913506657333167e-01 1.693164339260384496e-02
8.421415145044101047e-01 1.686122136062747495e-02
8.436945370543074141e-01 1.679107831320905339e-02
8.452504235872752014e-01 1.672121323575450832e-02
8.468091793848854243e-01 1.665162511682710331e-02
8.483708097384474733e-01 1.658231294814069279e-02
8.499353199490319311e-01 1.651327572455264792e-02
8.515027153274817850e-01 1.644451244405736173e-02
8.530730011944368529e-01 1.637602210777906395e-02
8.546461828803485483e-01 1.630780371996522898e-02
8.562222657254958680e-01 1.623985628797972383e-02
8.578012550800097058e-01 1.617217882229578241e-02
8.593831563038835109e-01 1.610477033648948300e-02
8.609679747669980454e-01 1.603762984723256652e-02
8.625557158491369281e-01 1.597075637428576125e-02
8.641463849400021768e-01 1.590414894049202096e-02
8.657399874392374128e-01 1.583780657176954432e-02
8.673365287564446247e-01 1.577172829710486723e-02
8.689360143111986012e-01 1.570591314854630216e-02
8.705384495330722450e-01 1.564036016119672856e-02
8.721438398616480070e-01 1.557506837320703393e-02
8.737521907465419790e-01 1.551003682576909334e-02
8.753635076474204357e-01 1.544526456310891561e-02
8.769777960340150447e-01 1.538075063247997670e-02
8.785950613861480685e-01 1.531649408415607615e-02
8.802153091937438001e-01 1.525249397142481103e-02
8.818385449568532097e-01 1.518874935018399257e-02
8.834647741856703762e-01 1.512525926939123008e-02
8.850940024005479190e-01 1.506202277075998491e-02
8.867262351320225333e-01 1.499903889884299756e-02
8.883614779208262036e-01 1.493630670152256042e-02
8.899997363179117382e-01 1.487382522999996896e-02
8.916410158844683131e-01 1.481159353878525042e-02
8.932853221919383468e-01 1.474961068568700004e-02
8.949326608220420365e-01 1.468787573180178711e-02
8.965830373667894593e-01 1.462638774150425494e-02
8.982364574285062186e-01 1.456514578243657196e-02
8.998929266198487653e-01 1.450414892549840504e-02
9.015524505638217168e-01 1.444339624483678697e-02
9.032150348938027262e-01 1.438288681783575322e-02
9.048806852535548062e-01 1.432261972510649392e-02
9.065494072972510864e-01 1.426259405047699408e-02
9.082212066894921332e-01 1.420280888098210750e-02
9.098960891053219369e-01 1.414326330685354571e-02
9.115740602302537798e-01 1.408395642150970378e-02
9.132551257602818939e-01 1.402488732154586783e-02
9.149392914019076617e-01 1.396605510672402177e-02
9.166265628721559366e-01 1.390745887996307217e-02
9.183169458985919187e-01 1.384909774732894470e-02
9.200104462193466892e-01 1.379097081802452274e-02
9.217070695831296456e-01 1.373307720438002311e-02
9.234068217492542585e-01 1.367541602184291390e-02
9.251097084876551691e-01 1.361798638896826591e-02
9.268157355789045093e-01 1.356078742740897750e-02
9.285249088142384366e-01 1.350381826190584153e-02
9.302372339955691238e-01 1.344707802027807556e-02
9.319527169355110718e-01 1.339056583341334018e-02
9.336713634573980958e-01 1.333428083525820852e-02
9.353931793953002005e-01 1.327822216280856969e-02
9.371181705940498929e-01 1.322238895609977559e-02
9.388463429092546164e-01 1.316678035819728032e-02
9.405777022073231741e-01 1.311139551518688412e-02
9.423122543654827155e-01 1.305623357616523920e-02
9.440500052717960555e-01 1.300129369323038339e-02
9.457909608251883204e-01 1.294657502147206901e-02
9.475351269354589379e-01 1.289207671896250643e-02
9.492825095233088373e-01 1.283779794674669121e-02
9.510331145203575476e-01 1.278373786883306613e-02
9.527869478691605165e-01 1.272989565218424733e-02
9.545440155232355339e-01 1.267627046670734801e-02
9.563043234470759435e-01 1.262286148524495097e-02
9.580678776161772880e-01 1.256966788356553462e-02
9.598346840170547400e-01 1.251668884035423562e-02
9.616047486472604211e-01 1.246392353720370688e-02
9.633780775154094922e-01 1.241137115860462860e-02
9.651546766411983613e-01 1.235903089193662353e-02
9.669345520554210038e-01 1.230690192745909767e-02
9.687177097999972730e-01 1.225498345830188657e-02
9.705041559279852237e-01 1.220327468045629207e-02
9.722938965036083125e-01 1.215177479276578765e-02
9.740869376022733839e-01 1.210048299691698394e-02
9.758832853105881000e-01 1.204939849743062730e-02
9.776829457263888079e-01 1.199852050165232248e-02
9.794859249587529737e-01 1.194784821974380525e-02
9.812922291280269382e-01 1.189738086467361997e-02
9.831018643658437917e-01 1.184711765220831936e-02
9.849148368151413591e-01 1.179705780090352200e-02
9.867311526301898450e-01 1.174720053209483278e-02
9.885508179766044901e-01 1.169754506988910508e-02
9.903738390313741036e-01 1.164809064115538903e-02
9.922002219828784941e-01 1.159883647551613640e-02
9.940299730309066772e-01 1.154978180533847501e-02
9.958630983866850750e-01 1.150092586572514647e-02
9.976996042728903946e-01 1.145226789450595056e-02
9.995394969236774951e-01 1.140380713222886692e-02
1.001382782584698372e+00 1.135554282215123396e-02
1.003229467513119255e+00 1.130747421023127128e-02
1.005079557977650140e+00 1.125960054511907817e-02
1.006933060258556889e+00 1.121192107814825492e-02
1.008789980647689877e+00 1.116443506332700543e-02
1.010650325448503084e+00 1.111714175729540226e-02
1.012514100976071418e+00 1.107004041716343201e-02
1.014381313557119579e+00 1.102313029926555409e-02
1.016251969530036270e+00 1.097641066236601168e-02
1.018126075244901063e+00 1.092988076796101368e-02
1.020003637063504831e+00 1.088353988026922493e-02
1.021884661359367064e+00 1.083738726622242125e-02
1.023769154517764735e+00 1.079142219545578367e-02
1.025657122935746068e+00 1.074564394029869571e-02
1.027548573022159850e+00 1.070005177576515039e-02
1.029443511197673411e+00 1.065464497954445033e-02
1.031341943894791058e+00 1.060942283199195826e-02
1.033243877557884494e+00 1.056438461611959242e-02
1.035149318643205030e+00 1.051952961758676440e-02
1.037058273618913340e+00 1.047485712469092833e-02
1.038970748965098334e+00 1.043036642835844935e-02
1.040886751173796032e+00 1.038605682213549972e-02
1.042806286749018874e+00 1.034192760217870002e-02
1.044729362206768819e+00 1.029797806724623392e-02
1.046655984075068213e+00 1.025420751868850663e-02
1.048586158893977549e+00 1.021061526043919900e-02
1.050519893215614564e+00 1.016720059900630760e-02
1.052457193604184660e+00 1.012396284346294383e-02
1.054398066635994224e+00 1.008090130543852145e-02
1.056342518899480609e+00 1.003801529910969617e-02
1.058290556995230336e+00 9.995304141191489050e-03
1.060242187536000191e+00 9.952767150928441137e-03
1.062197417146745426e+00 9.910403650085629346e-03
1.064156252464634189e+00 9.868212962940004981e-03
1.066118700139077946e+00 9.826194416271409604e-03
1.068084766831750798e+00 9.784347339353877127e-03
1.070054459216608134e+00 9.742671063946991422e-03
1.072027783979916382e+00 9.701164924286980254e-03
1.074004747820272776e+00 9.659828257078119720e-03
1.075985357448624002e+00 9.618660401484161251e-03
1.077969619588296846e+00 9.577660699119512275e-03
1.079957540975013064e+00 9.536828494040800255e-03
1.081949128356918699e+00 9.496163132738214691e-03
1.083944388494604505e+00 9.455663964126941046e-03
1.085943328161125265e+00 9.415330339538764692e-03
1.087945954142030880e+00 9.375161612713409434e-03
1.089952273235379909e+00 9.335157139790257672e-03
1.091962292251771105e+00 9.295316279299753112e-03
1.093976018014362728e+00 9.255638392155065425e-03
1.095993457358892753e+00 9.216122841643789587e-03
1.098014617133709070e+00 9.176768993419435333e-03
1.100039504199784801e+00 9.137576215493277421e-03
1.102068125430749168e+00 9.098543878225904061e-03
1.104100487712907031e+00 9.059671354319022082e-03
1.106136597945258870e+00 9.020958018807289855e-03
1.108176463039532988e+00 8.982403249049924696e-03
1.110220089920198827e+00 8.944006424722728346e-03
1.112267485524498944e+00 8.905766927809775912e-03
1.114318656802469665e+00 8.867684142595278277e-03
1.116373610716959730e+00 8.829757455655650941e-03
1.118432354243663829e+00 8.791986255851202969e-03
1.120494894371135475e+00 8.754369934318311647e-03
1.122561238100820091e+00 8.716907884461198158e-03
1.124631392447073885e+00 8.679599501944051942e-03
1.126705364437186052e+00 8.642444184683064842e-03
1.128783161111408750e+00 8.605441332838380253e-03
1.130864789522973313e+00 8.568590348806330234e-03
1.132950256738121331e+00 8.531890637211405476e-03
1.135039569836125750e+00 8.495341604898435164e-03
1.137132735909310632e+00 8.458942660924831033e-03
1.139229762063084683e+00 8.422693216552609372e-03
1.141330655415954576e+00 8.386592685240787728e-03
1.143435423099558257e+00 8.350640482637458964e-03
1.145544072258685597e+00 8.314836026572135913e-03
1.147656610051298820e+00 8.279178737048099521e-03
1.149773043648564474e+00 8.243668036234573504e-03
1.151893380234869646e+00 8.208303348459216470e-03
1.154017627007854152e+00 8.173084100200345148e-03
1.156145791178430526e+00 8.138009720079419571e-03
1.158277879970806001e+00 8.103079638853486616e-03
1.160413900622514927e+00 8.068293289407495184e-03
1.162553860384434090e+00 8.033650106746921885e-03
1.164697766520815136e+00 7.999149527990136524e-03
1.166845626309306105e+00 7.964790992360963606e-03
1.168997447040972304e+00 7.930573941181304556e-03
1.171153236020329835e+00 7.896497817863536162e-03
1.173313000565360031e+00 7.862562067903292387e-03
1.175476748007543870e+00 7.828766138871932206e-03
1.177644485691881737e+00 7.795109480409242488e-03
1.179816220976916519e+00 7.761591544216156491e-03
1.181991961234763799e+00 7.728211784047343998e-03
1.184171713851135177e+00 7.694969655703967973e-03
1.186355486225358469e+00 7.661864617026485462e-03
1.188543285770412128e+00 7.628896127887288894e-03
1.190735119912939455e+00 7.596063650183651830e-03
1.192930996093283902e+00 7.563366647830382407e-03
1.195130921765509724e+00 7.530804586752719645e-03
1.197334904397423516e+00 7.498376934879304352e-03
1.199542951470609076e+00 7.466083162134837768e-03
1.201755070480441390e+00 7.433922740433239820e-03
1.203971268936122385e+00 7.401895143670369354e-03
1.206191554360701801e+00 7.369999847717087840e-03
1.208415934291098948e+00 7.338236330412265841e-03
1.210644416278137347e+00 7.306604071555674110e-03
1.212877007886560277e+00 7.275102552901141842e-03
1.215113716695065404e+00 7.243731258149479872e-03
1.217354550296326110e+00 7.212489672941625914e-03
1.219599516297014130e+00 7.181377284858367002e-03
1.221848622317833755e+00 7.150393586797735082e-03
1.224101875993538480e+00 7.119538082403632437e-03
1.226359284972964314e+00 7.088810278459005930e-03
1.228620856919053317e+00 7.058209683418542428e-03
1.230886599508874912e+00 7.027735807404389239e-03
1.233156520433661196e+00 6.997388162201660308e-03
1.235430627398822923e+00 6.967166261254240794e-03
1.237708928123984586e+00 6.937069619660285458e-03
1.239991430343006629e+00 6.907097754167952977e-03
1.242278141804007641e+00 6.877250183171116846e-03
1.244569070269400557e+00 6.847526426704888917e-03
1.246864223515907533e+00 6.817926006441437856e-03
1.249163609334596137e+00 6.788448445685546506e-03
1.251467235530901778e+00 6.759093269370325396e-03
1.253775109924650133e+00 6.729860004052950519e-03
1.256087240350092893e+00 6.700748177910223306e-03
1.258403634655923975e+00 6.671757320734415103e-03
1.260724300705315271e+00 6.642886963928803720e-03
1.263049246375939516e+00 6.614136640503465864e-03
1.265378479559992719e+00 6.585505885070998440e-03
1.267712008164231019e+00 6.556994233842095877e-03
1.270049840109985784e+00 6.528601224621446639e-03
1.272391983333200471e+00 6.500326396803279318e-03
1.274738445784453722e+00 6.472169291367153333e-03
1.277089235428982006e+00 6.444129450873751358e-03
1.279444360246715817e+00 6.416206419460446231e-03
1.281803828232297215e+00 6.388399742837207011e-03
1.284167647395114464e+00 6.360708968282204057e-03
1.286535825759326679e+00 6.333133644637617930e-03
1.288908371363886696e+00 6.305673322305409279e-03
1.291285292262577489e+00 6.278327553242982022e-03
1.293666596524029044e+00 6.251095890959054713e-03
1.296052292231754555e+00 6.223977890509335004e-03
1.298442387484175065e+00 6.196973108492301666e-03
1.300836890394641454e+00 6.170081103045038651e-03
1.303235809091472630e+00 6.143301433838924304e-03
1.305639151717971291e+00 6.116633662075512262e-03
1.308046926432462342e+00 6.090077350482205054e-03
1.310459141408314876e+00 6.063632063308128928e-03
1.312875804833967042e+00 6.037297366319949697e-03
1.315296924912961796e+00 6.011072826797587976e-03
1.317722509863970437e+00 5.984958013530079259e-03
1.320152567920816589e+00 5.958952496811431403e-03
1.322587107332513279e+00 5.933055848436350269e-03
1.325026136363280926e+00 5.907267641696148375e-03
1.327469663292583979e+00 5.881587451374531254e-03
1.329917696415155115e+00 5.856014853743413302e-03
1.332370244041020335e+00 5.830549426558839440e-03
1.334827314495534933e+00 5.805190749056736779e-03
1.337288916119402593e+00 5.779938401948850162e-03
1.339755057268712024e+00 5.754791967418523314e-03
1.342225746314962054e+00 5.729751029116608371e-03
1.344700991645085164e+00 5.704815172157347639e-03
1.347180801661486349e+00 5.679983983114196382e-03
1.349665184782059990e+00 5.655257050015772245e-03
1.352154149440228270e+00 5.630633962341667631e-03
1.354647704084966264e+00 5.606114311018374832e-03
1.357145857180825255e+00 5.581697688415218975e-03
1.359648617207972254e+00 5.557383688340193813e-03
1.362155992662207327e+00 5.533171906035938906e-03
1.364667992055001777e+00 5.509061938175584955e-03
1.367184623913523689e+00 5.485053382858724909e-03
1.369705896780661902e+00 5.461145839607346904e-03
1.372231819215064874e+00 5.437338909361705622e-03
1.374762399791159329e+00 5.413632194476361917e-03
1.377297647099188227e+00 5.390025298716018612e-03
1.379837569745235859e+00 5.366517827251516756e-03
1.382382176351253822e+00 5.343109386655856170e-03
1.384931475555098768e+00 5.319799584900037313e-03
1.387485476010551055e+00 5.296588031349135604e-03
1.390044186387354497e+00 5.273474336758216148e-03
1.392607615371240781e+00 5.250458113268317850e-03
1.395175771663954789e+00 5.227538974402503452e-03
1.397748663983294781e+00 5.204716535061757778e-03
1.400326301063129719e+00 5.181990411521082002e-03
1.402908691653439455e+00 5.159360221425420522e-03
1.405495844520339821e+00 5.136825583785713592e-03
1.408087768446108390e+00 5.114386118974932616e-03
1.410684472229224440e+00 5.092041448724070329e-03
1.413285964684386498e+00 5.069791196118195176e-03
1.415892254642553194e+00 5.047634985592478786e-03
1.418503350950969022e+00 5.025572442928215658e-03
1.421119262473188760e+00 5.003603195248958191e-03
1.423739998089119441e+00 4.981726871016462638e-03
1.426365566695037668e+00 4.959943100026859703e-03
1.428995977203630252e+00 4.938251513406636053e-03
1.431631238544020190e+00 4.916651743608750277e-03
1.434271359661793088e+00 4.895143424408747099e-03
1.436916349519036684e+00 4.873726190900777924e-03
1.439566217094360168e+00 4.852399679493774910e-03
1.442220971382935479e+00 4.831163527907471507e-03
1.444880621396522402e+00 4.810017375168585199e-03
1.447545176163495206e+00 4.788960861606914379e-03
1.450214644728883950e+00 4.767993628851405728e-03
1.452889036154392244e+00 4.747115319826392468e-03
1.455568359518440102e+00 4.726325578747623581e-03
1.458252623916189039e+00 4.705624051118452618e-03
1.460941838459568265e+00 4.685010383726038660e-03
1.463636012277315990e+00 4.664484224637391145e-03
1.466335154515004291e+00 4.644045223195619396e-03
1.469039274335067091e+00 4.623693030016098014e-03
1.471748380916840349e+00 4.603427296982590643e-03
1.474462483456582484e+00 4.583247677243499490e-03
1.477181591167515240e+00 4.563153825208009912e-03
1.479905713279851209e+00 4.543145396542290493e-03
1.482634859040820041e+00 4.523222048165746051e-03
1.485369037714710183e+00 4.503383438247154404e-03
1.488108258582889087e+00 4.483629226200967939e-03
1.490852530943844512e+00 4.463959072683455591e-03
1.493601864113212274e+00 4.444372639588986193e-03
1.496356267423802455e+00 4.424869590046285814e-03
1.499115750225642696e+00 4.405449588414605752e-03
1.501880321885996850e+00 4.386112300280081353e-03
1.504649991789408059e+00 4.366857392451894797e-03
1.507424769337725845e+00 4.347684532958584480e-03
1.510204663950132975e+00 4.328593391044357856e-03
1.512989685063189205e+00 4.309583637165287189e-03
1.515779842130850152e+00 4.290654942985684846e-03
1.518575144624510376e+00 4.271806981374332880e-03
1.521375602033031127e+00 4.253039426400815823e-03
1.524181223862767665e+00 4.234351953331842201e-03
1.526992019637612330e+00 4.215744238287380714e-03
1.529807998899014754e+00 4.197215943512822359e-03
1.532629171206024932e+00 4.178766712045164575e-03
1.535455546135320981e+00 4.160396187235917108e-03
1.538287133281237118e+00 4.142104014266412455e-03
1.541123942255806956e+00 4.123889840137086142e-03
1.543965982688783711e+00 4.105753313657039758e-03
1.546813264227684170e+00 4.087694085433453937e-03
1.549665796537815998e+00 4.069711807861258954e-03
1.552523589302306606e+00 4.051806135112748057e-03
1.555386652222146449e+00 4.033976723127278424e-03
1.558254995016209676e+00 4.016223229601090065e-03
1.561128627421298320e+00 3.998545313977103048e-03
1.564007559192170271e+00 3.980942637434845693e-03
1.566891800101567256e+00 3.963414862880465170e-03
1.569781359940260579e+00 3.945961654936671302e-03
1.572676248517069997e+00 3.928582679932936250e-03
1.575576475658908793e+00 3.911277605895557147e-03
1.578482051210812642e+00 3.894046102537932538e-03
1.581392985035968035e+00 3.876887841250854436e-03
1.584309287015757128e+00 3.859802495092785630e-03
1.587230967049777286e+00 3.842789738780352966e-03
1.590158035055888153e+00 3.825849248678703587e-03
1.593090500970238521e+00 3.808980702792110970e-03
1.596028374747296086e+00 3.792183780754537596e-03
1.598971666359892296e+00 3.775458163820228415e-03
1.601920385799243451e+00 3.758803534854487753e-03
1.604874543074995996e+00 3.742219578324359076e-03
1.607834148215255166e+00 3.725705980289472589e-03
1.610799211266614961e+00 3.709262428392940542e-03
1.613769742294203002e+00 3.692888611852225209e-03
1.616745751381701401e+00 3.676584221450192921e-03
1.619727248631393612e+00 3.660348949526089600e-03
1.622714244164192410e+00 3.644182489966674588e-03
1.625706748119670308e+00 3.628084538197371388e-03
1.628704770656103307e+00 3.612054791173461340e-03
1.631708321950500862e+00 3.596092947371334978e-03
1.634717412198635200e+00 3.580198706779854408e-03
1.637732051615087281e+00 3.564371770891646297e-03
1.640752250433268777e+00 3.548611842694614736e-03
1.643778018905468041e+00 3.532918626663337884e-03
1.646809367302880078e+00 3.517291828750623763e-03
1.649846305915636524e+00 3.501731156379125041e-03
1.652888845052851385e+00 3.486236318432913914e-03
1.655936995042644355e+00 3.470807025249224385e-03
1.658990766232185887e+00 3.455442988610133402e-03
1.662050168987728282e+00 3.440143921734387274e-03
1.665115213694635443e+00 3.424909539269242829e-03
1.668185910757430168e+00 3.409739557282306412e-03
1.671262270599815913e+00 3.394633693253547649e-03
1.674344303664723865e+00 3.379591666067212168e-03
1.677432020414342917e+00 3.364613196003912992e-03
1.680525431330151198e+00 3.349698004732705892e-03
1.683624546912962705e+00 3.334845815303194658e-03
1.686729377682949282e+00 3.320056352137769080e-03
1.689839934179689029e+00 3.305329341023778740e-03
1.692956226962195831e+00 3.290664509105852096e-03
1.696078266608951335e+00 3.276061584878224662e-03
1.699206063717951354e+00 3.261520298177082375e-03
1.702339628906729851e+00 3.247040380173023787e-03
1.705478972812405569e+00 3.232621563363487129e-03
1.708624106091713779e+00 3.218263581565291437e-03
1.711775039421036926e+00 3.203966169907211496e-03
1.714931783496453033e+00 3.189729064822519403e-03
1.718094349033758128e+00 3.175552004041729080e-03
1.721262746768515095e+00 3.161434726585206356e-03
1.724436987456084536e+00 3.147376972755947747e-03
1.727617081871655857e+00 3.133378484132399999e-03
1.730803040810296789e+00 3.119439003561209380e-03
1.733994875086975362e+00 3.105558275150173062e-03
1.737192595536609208e+00 3.091736044261108110e-03
1.740396213014097304e+00 3.077972057502822382e-03
1.743605738394350402e+00 3.064266062724147009e-03
1.746821182572342090e+00 3.050617809006928981e-03
1.750042556463130117e+00 3.037027046659180295e-03
1.753269871001906344e+00 3.023493527208156399e-03
1.756503137144029170e+00 3.010017003393549145e-03
1.759742365865053948e+00 2.996597229160726135e-03
1.762987568160784280e+00 2.983233959653936677e-03
1.766238755047294218e+00 2.969926951209661287e-03
1.769495937560978005e+00 2.956675961349900482e-03
1.772759126758582937e+00 2.943480748775581957e-03
1.776028333717240670e+00 2.930341073359993363e-03
1.779303569534517848e+00 2.917256696142186013e-03
1.782584845328439638e+00 2.904227379320544269e-03
1.785872172237539246e+00 2.891252886246268184e-03
1.789165561420891226e+00 2.878332981416963695e-03
1.792465024058143452e+00 2.865467430470286601e-03
1.795770571349567968e+00 2.852656000177547502e-03
1.799082214516083633e+00 2.839898458437469398e-03
1.802399964799308973e+00 2.827194574269859418e-03
1.805723833461592154e+00 2.814544117809394171e-03
1.809053831786046285e+00 2.801946860299472323e-03
1.812389971076596717e+00 2.789402574085989971e-03
1.815732262658015461e+00 2.776911032611255672e-03
1.819080717875952713e+00 2.764472010407946663e-03
1.822435348096989705e+00 2.752085283092983985e-03
1.825796164708661129e+00 2.739750627361599300e-03
1.829163179119507765e+00 2.727467820981324936e-03
1.832536402759109118e+00 2.715236642786056798e-03
1.835915847078116947e+00 2.703056872670185802e-03
1.839301523548307005e+00 2.690928291582699809e-03
1.842693443662602792e+00 2.678850681521387049e-03
1.846091618935128187e+00 2.666823825527015260e-03
1.849496060901240524e+00 2.654847507677576303e-03
1.852906781117564572e+00 2.642921513082596707e-03
1.856323791162044046e+00 2.631045627877401805e-03
1.859747102633967142e+00 2.619219639217500433e-03
1.863176727154017387e+00 2.607443335272937538e-03
1.866612676364309609e+00 2.595716505222702732e-03
1.870054961928421688e+00 2.584038939249235986e-03
1.873503595531448518e+00 2.572410428532814503e-03
1.876958588880026424e+00 2.560830765246152087e-03
1.880419953702385794e+00 2.549299742548895732e-03
1.883887701748385934e+00 2.537817154582204613e-03
1.887361844789548382e+00 2.526382796463403670e-03
1.890842394619110634e+00 2.514996464280579939e-03
1.894329363052050796e+00 2.503657955087286880e-03
1.897822761925141322e+00 2.492367066897243060e-03
1.901322603096983199e+00 2.481123598679067701e-03
1.904828898448040375e+00 2.469927350351072606e-03
1.908341659880693708e+00 2.458778122776038907e-03
1.911860899319266505e+00 2.447675717756067106e-03
1.915386628710076700e+00 2.436619938027436219e-03
1.918918860021474382e+00 2.425610587255495020e-03
1.922457605243873546e+00 2.414647471369844867e-03
1.926002876389809160e+00 2.403730428786341692e-03
1.929554685493960475e+00 2.392859330197151090e-03
1.933113044613206100e+00 2.382034047459339297e-03
1.936677965826659520e+00 2.371254452152978844e-03
1.940249461235703743e+00 2.360520415588728861e-03
1.943827542964046140e+00 2.349831808815313911e-03
1.947412223157743982e+00 2.339188502627004111e-03
1.951003513985259508e+00 2.328590367570973398e-03
1.954601427637495004e+00 2.318037273954656925e-03
1.958205976327828557e+00 2.307529091853041670e-03
1.961817172292169786e+00 2.297065691115834744e-03
1.965435027788984268e+00 2.286646941374683752e-03
1.969059555099350378e+00 2.276272712050223662e-03
1.972690766526994377e+00 2.265942872359151452e-03
1.976328674398325935e+00 2.255657291321228747e-03
1.979973291062494534e+00 2.245415837766161736e-03
1.983624628891414998e+00 2.235218380340524887e-03
1.987282700279824121e+00 2.225064787514553690e-03
1.990947517645315745e+00 2.214954927588891863e-03
1.994619093428377399e+00 2.204888668701333355e-03
1.998297440092444699e+00 2.194865878833422972e-03
2.001982570123937766e+00 2.184886425817072174e-03
2.005674496032297416e+00 2.174950177341104188e-03
2.009373230350040451e+00 2.165057000957688535e-03
2.013078785632789192e+00 2.155206764088818915e-03
2.016791174459324321e+00 2.145399334032629772e-03
2.020510409431624854e+00 2.135634577969736710e-03
2.024236503174902779e+00 2.125912362969494072e-03
2.027969468337661230e+00 2.116232555996167084e-03
2.031709317591720687e+00 2.106595023915117017e-03
2.035456063632275825e+00 2.096999633498864042e-03
2.039209719177933255e+00 2.087446251433121899e-03
2.042970296970748389e+00 2.077934744322813051e-03
2.046737809776283168e+00 2.068464978697948965e-03
2.050512270383631819e+00 2.059036821019557661e-03
2.054293691605480809e+00 2.049650137685461639e-03
2.058082086278143930e+00 2.040304795036052346e-03
2.061877467261600927e+00 2.031000659360031671e-03
2.065679847439555239e+00 2.021737596900039392e-03
2.069489239719461970e+00 2.012515473858279315e-03
2.073305657032585181e+00 2.003334156402068657e-03
2.077129112334035188e+00 1.994193510669334517e-03
2.080959618602807648e+00 1.985093402774088227e-03
2.084797188841842619e+00 1.976033698811779146e-03
2.088641836078048541e+00 1.967014264864701354e-03
2.092493573362366188e+00 1.958034967007222550e-03
2.096352413769801970e+00 1.949095671311069315e-03
2.100218370399468792e+00 1.940196243850526728e-03
2.104091456374645119e+00 1.931336550707528485e-03
2.107971684842801174e+00 1.922516457976809886e-03
2.111859068975659781e+00 1.913735831770898427e-03
2.115753621969233667e+00 1.904994538225121938e-03
2.119655357043865429e+00 1.896292443502554936e-03
2.123564287444284826e+00 1.887629413798892330e-03
2.127480426439639416e+00 1.879005315347304257e-03
2.131403787323552290e+00 1.870420014423209397e-03
2.135334383414162929e+00 1.861873377349018786e-03
2.139272228054163616e+00 1.853365270498847760e-03
2.143217334610861613e+00 1.844895560303129673e-03
2.147169716476206691e+00 1.836464113253231337e-03
2.151129387066851528e+00 1.828070795905990635e-03
2.155096359824190788e+00 1.819715474888203592e-03
2.159070648214400645e+00 1.811398016901106037e-03
2.163052265728499179e+00 1.803118288724738384e-03
2.167041225882375244e+00 1.794876157222332746e-03
2.171037542216848859e+00 1.786671489344596620e-03
2.175041228297712070e+00 1.778504152133980089e-03
2.179052297715766251e+00 1.770374012728910497e-03
2.183070764086886495e+00 1.762280938367921527e-03
2.187096641052046486e+00 1.754224796393821957e-03
2.191129942277384224e+00 1.746205454257728894e-03
2.195170681454239325e+00 1.738222779523117267e-03
2.199218872299192551e+00 1.730276639869812727e-03
2.203274528554130196e+00 1.722366903097911472e-03
2.207337663986269849e+00 1.714493437131695518e-03
2.211408292388226560e+00 1.706656110023462101e-03
2.215486427578048811e+00 1.698854789957337900e-03
2.219572083399262041e+00 1.691089345253052930e-03
2.223665273720926816e+00 1.683359644369633980e-03
2.227766012437680576e+00 1.675665555909091340e-03
2.231874313469778048e+00 1.668006948620053042e-03
2.235990190763152974e+00 1.660383691401337309e-03
2.240113658289448750e+00 1.652795653305515026e-03
2.244244730046080605e+00 1.645242703542386560e-03
2.248383420056277782e+00 1.637724711482458576e-03
2.252529742369122623e+00 1.630241546660362315e-03
2.256683711059615849e+00 1.622793078778204424e-03
2.260845340228703648e+00 1.615379177708931024e-03
2.265014644003345179e+00 1.607999713499593105e-03
2.269191636536549872e+00 1.600654556374601087e-03
2.273376332007421841e+00 1.593343576738952922e-03
2.277568744621220720e+00 1.586066645181366573e-03
2.281768888609395862e+00 1.578823632477444798e-03
2.285976778229645401e+00 1.571614409592731951e-03
2.290192427765962879e+00 1.564438847685773815e-03
2.294415851528675443e+00 1.557296818111134290e-03
2.298647063854509565e+00 1.550188192422337699e-03
2.302886079106622130e+00 1.543112842374825188e-03
2.307132911674663944e+00 1.536070639928825265e-03
2.311387575974821917e+00 1.529061457252200908e-03
2.315650086449862144e+00 1.522085166723292785e-03
2.319920457569194294e+00 1.515141640933643412e-03
2.324198703828902257e+00 1.508230752690781174e-03
2.328484839751808533e+00 1.501352375020890929e-03
2.332778879887519974e+00 1.494506381171472470e-03
2.337080838812465533e+00 1.487692644613982512e-03
2.341390731129965985e+00 1.480911039046400564e-03
2.345708571470262349e+00 1.474161438395803041e-03
2.350034374490582945e+00 1.467443716820839798e-03
2.354368154875186914e+00 1.460757748714240373e-03
2.358709927335404632e+00 1.454103408705254745e-03
2.363059706609706545e+00 1.447480571662027949e-03
2.367417507463733362e+00 1.440889112694011343e-03
2.371783344690362227e+00 1.434328907154263939e-03
2.376157233109750244e+00 1.427799830641755243e-03
2.380539187569378878e+00 1.421301759003648375e-03
2.384929222944119243e+00 1.414834568337508796e-03
2.389327354136263182e+00 1.408398134993513922e-03
2.393733596075592995e+00 1.401992335576602872e-03
2.398147963719423181e+00 1.395617046948599560e-03
2.402570472052643513e+00 1.389272146230337074e-03
2.407001136087788318e+00 1.382957510803673644e-03
2.411439970865067561e+00 1.376673018313559569e-03
2.415886991452434351e+00 1.370418546670001134e-03
2.420342212945628457e+00 1.364193970320206652e-03
2.424805650468222495e+00 1.357999085950004634e-03
2.429277319171686766e+00 1.351833618091760050e-03
2.433757234235425226e+00 1.345697291444702222e-03
2.438245410866840324e+00 1.339589833811582033e-03
2.442741864301380517e+00 1.333510976066946225e-03
2.447246609802581130e+00 1.327460452125823684e-03
2.451759662662137629e+00 1.321437998912780576e-03
2.456281038199933597e+00 1.315443356331434752e-03
2.460810751764113569e+00 1.309476267234315145e-03
2.465348818731125213e+00 1.303536477393152241e-03
2.469895254505765081e+00 1.297623735469546078e-03
2.474450074521245657e+00 1.291737792985988339e-03
2.479013294239240661e+00 1.285878404297287553e-03
2.483584929149929454e+00 1.280045326562351650e-03
2.488164994772067651e+00 1.274238319716327651e-03
2.492753506653019535e+00 1.268457146443105650e-03
2.497350480368827785e+00 1.262701572148166706e-03
2.501955931524260102e+00 1.256971364931777245e-03
2.506569875752853171e+00 1.251266295562532141e-03
2.511192328716985500e+00 1.245586137451211136e-03
2.515823306107907165e+00 1.239930666625005179e-03
2.520462823645814421e+00 1.234299661702002986e-03
2.525110897079891892e+00 1.228692903866060102e-03
2.529767542188362306e+00 1.223110176841954834e-03
2.534432774778553554e+00 1.217551266870836504e-03
2.539106610686935550e+00 1.212015962686014553e-03
2.543789065779189951e+00 1.206504055489012427e-03
2.548480155950257231e+00 1.201015338925931746e-03
2.553179897124382869e+00 1.195549609064121581e-03
2.557888305255187511e+00 1.190106664369090577e-03
2.562605396325703833e+00 1.184686305681751728e-03
2.567331186348446703e+00 1.179288336195895683e-03
2.572065691365459372e+00 1.173912561435965472e-03
2.576808927448362319e+00 1.168558789235097295e-03
2.581560910698423861e+00 1.163226829713398958e-03
2.586321657246594352e+00 1.157916495256532119e-03
2.591091183253580787e+00 1.152627600494487503e-03
2.595869504909892100e+00 1.147359962280671735e-03
2.600656638435886236e+00 1.142113399671209695e-03
2.605452600081845649e+00 1.136887733904479343e-03
2.610257406128008828e+00 1.131682788380918448e-03
2.615071072884645353e+00 1.126498388643028432e-03
2.619893616692102967e+00 1.121334362355630183e-03
2.624725053920855533e+00 1.116190539286359903e-03
2.629565400971577649e+00 1.111066751286343213e-03
2.634414674275176171e+00 1.105962832271144627e-03
2.639272890292869711e+00 1.100878618201876205e-03
2.644140065516230820e+00 1.095813947066564013e-03
2.649016216467238394e+00 1.090768658861714091e-03
2.653901359698350504e+00 1.085742595574047112e-03
2.658795511792538591e+00 1.080735601162488482e-03
2.663698689363364736e+00 1.075747521540316087e-03
2.668610909055027847e+00 1.070778204557520322e-03
2.673532187542412952e+00 1.065827499983360580e-03
2.678462541531166696e+00 1.060895259489087403e-03
2.683401987757732421e+00 1.055981336630884733e-03
2.688350542989425662e+00 1.051085586832948768e-03
2.693308224024483888e+00 1.046207867370787343e-03
2.698275047692113571e+00 1.041348037354684983e-03
2.703251030852567904e+00 1.036505957713308897e-03
2.708236190397181442e+00 1.031681491177535714e-03
2.713230543248447812e+00 1.026874502264399878e-03
2.718234106360066793e+00 1.022084857261229378e-03
2.723246896716995824e+00 1.017312424209953440e-03
2.728268931335525060e+00 1.012557072891523847e-03
2.733300227263314230e+00 1.007818674810546586e-03
2.738340801579469908e+00 1.003097103180019102e-03
2.743390671394594360e+00 9.983922329062481799e-04
2.748449853850836178e+00 9.937039405739102847e-04
2.753518366121964878e+00 9.890321044312361601e-04
2.758596225413419756e+00 9.843766043753519792e-04
2.763683448962361844e+00 9.797373219377785748e-04
2.768780054037750737e+00 9.751141402700225008e-04
2.773886057940381011e+00 9.705069441293512995e-04
2.779001478002960823e+00 9.659156198646511688e-04
2.784126331590162096e+00 9.613400554024536561e-04
2.789260636098670698e+00 9.567801402330804216e-04
2.794404408957266828e+00 9.522357653968852552e-04
2.799557667626858759e+00 9.477068234706654453e-04
2.804720429600564557e+00 9.431932085541438375e-04
2.809892712403761816e+00 9.386948162566021402e-04
2.815074533594138728e+00 9.342115436836273112e-04
2.820265910761774020e+00 9.297432894239441399e-04
2.825466861529172036e+00 9.252899535364047124e-04
2.830677403551346227e+00 9.208514375370280758e-04
2.835897554515865782e+00 9.164276443862040501e-04
2.841127332142912021e+00 9.120184784759684899e-04
2.846366754185353898e+00 9.076238456173853393e-04
2.851615838428789296e+00 9.032436530280415522e-04
2.856874602691622744e+00 8.988778093196248464e-04
2.862143064825118710e+00 8.945262244856089012e-04
2.867421242713453111e+00 8.901888098890363508e-04
2.872709154273794141e+00 8.858654782503775629e-04
2.878006817456340460e+00 8.815561436355028252e-04
2.883314250244401133e+00 8.772607214437260891e-04
2.888631470654450251e+00 8.729791283959447735e-04
2.893958496736176222e+00 8.687112825228691243e-04
2.899295346572567045e+00 8.644571031533158662e-04
2.904642038279944938e+00 8.602165109026203588e-04
2.909998590008051167e+00 8.559894276610813865e-04
2.915365019940096225e+00 8.517757765825280294e-04
2.920741346292815344e+00 8.475754820729457326e-04
2.926127587316548873e+00 8.433884697791663426e-04
2.931523761295281361e+00 8.392146665776614679e-04
2.936929886546725488e+00 8.350540005633711859e-04
2.942345981422372247e+00 8.309064010386400844e-04
2.947772064307548678e+00 8.267717985022035023e-04
2.953208153621496468e+00 8.226501246382329682e-04
2.958654267817415029e+00 8.185413123054783484e-04
2.964110425382541436e+00 8.144452955264335240e-04
2.969576644838206825e+00 8.103620094766084267e-04
2.975052944739887906e+00 8.062913904738360947e-04
2.980539343677293562e+00 8.022333759676412036e-04
2.986035860274401266e+00 7.981879045286874178e-04
2.991542513189543673e+00 7.941549158382575939e-04
2.997059321115461472e+00 7.901343506778092272e-04
3.002586302779358451e+00 7.861261509185849764e-04
3.008123476942985430e+00 7.821302595112626524e-04
3.013670862402681561e+00 7.781466204756747052e-04
3.019228477989456039e+00 7.741751788905718371e-04
3.024796342569047169e+00 7.702158808834359480e-04
3.030374475041973881e+00 7.662686736203508679e-04
3.035962894343622764e+00 7.623335052959128800e-04
3.041561619444286713e+00 7.584103251231962125e-04
3.047170669349252847e+00 7.544990914499932495e-04
3.052790063098856699e+00 7.505999156988168086e-04
3.058419819768535497e+00 7.467130418477345650e-04
3.064059958468916101e+00 7.428387134494691046e-04
3.069710498345866512e+00 7.389771688823248280e-04
3.075371458580552275e+00 7.351286413905038994e-04
3.081042858389525740e+00 7.312933591251699703e-04
3.086724717024763365e+00 7.274715451862695439e-04
3.092417053773754532e+00 7.236634176650190388e-04
3.098119887959558394e+00 7.198691896870914892e-04
3.103833238940857608e+00 7.160890694564380453e-04
3.109557126112048042e+00 7.123232602997058927e-04
3.115291568903278741e+00 7.085719607112801310e-04
3.121036586780539857e+00 7.048353643988463941e-04
3.126792199245720383e+00 7.011136603295074982e-04
3.132558425836662330e+00 6.974070327764177960e-04
3.138335286127252655e+00 6.937156613658614036e-04
3.144122799727460560e+00 6.900397211248253653e-04
3.149920986283429869e+00 6.863793825289714800e-04
3.155729865477533203e+00 6.827348115510291230e-04
3.161549457028432375e+00 6.791061697095711162e-04
3.167379780691163660e+00 6.754936141181264609e-04
3.173220856257183087e+00 6.718972975346502053e-04
3.179072703554453483e+00 6.683173684112837711e-04
3.184935342447503537e+00 6.647539709444080141e-04
3.190808792837485530e+00 6.612072451249717802e-04
3.196693074662264156e+00 6.576773267890405556e-04
3.202588207896460037e+00 6.541643476685938315e-04
3.208494212551539437e+00 6.506684354424958341e-04
3.214411108675871542e+00 6.471897137876605425e-04
3.220338916354788417e+00 6.437283024303868187e-04
3.226277655710675596e+00 6.402843171978019575e-04
3.232227346903012943e+00 6.368578700694648310e-04
3.238188010128467464e+00 6.334490692290357114e-04
3.244159665620951927e+00 6.300580191160503945e-04
3.250142333651682591e+00 6.266848204777619767e-04
3.256136034529272028e+00 6.233295704210096294e-04
3.262140788599771746e+00 6.199923624641452691e-04
3.268156616246763679e+00 6.166732865889526386e-04
3.274183537891419693e+00 6.133724292925737606e-04
3.280221573992561979e+00 6.100898736394206462e-04
3.286270745046753206e+00 6.068256993130460202e-04
3.292331071588342706e+00 6.035799826679694863e-04
3.298402574189557068e+00 6.003527967814391818e-04
3.304485273460561423e+00 5.971442115051154784e-04
3.310579190049518505e+00 5.939542935166741266e-04
3.316684344642682358e+00 5.907831063712821150e-04
3.322800757964441853e+00 5.876307105529815890e-04
3.328928450777414838e+00 5.844971635259229572e-04
3.335067443882507199e+00 5.813825197854689776e-04
3.341217758118976366e+00 5.782868309091427185e-04
3.347379414364521466e+00 5.752101456073982532e-04
3.353552433535330835e+00 5.721525097742326260e-04
3.359736836586174835e+00 5.691139665375957246e-04
3.365932644510466698e+00 5.660945563096092233e-04
3.372139878340325581e+00 5.630943168365785522e-04
3.378358559146665385e+00 5.601132832487807625e-04
3.384588708039258265e+00 5.571514881100338157e-04
3.390830346166795906e+00 5.542089614670299511e-04
3.397083494716983232e+00 5.512857308984136151e-04
3.403348174916586366e+00 5.483818215636260696e-04
3.409624408031525000e+00 5.454972562514702776e-04
3.415912215366937676e+00 5.426320554284230595e-04
3.422211618267240407e+00 5.397862372866718637e-04
3.428522638116226595e+00 5.369598177918528384e-04
3.434845296337109222e+00 5.341528107305277195e-04
3.441179614392619879e+00 5.313652277573423970e-04
3.447525613785069609e+00 5.285970784419009860e-04
3.453883316056412411e+00 5.258483703153296000e-04
3.460252742788342495e+00 5.231191089165236445e-04
3.466633915602340466e+00 5.204092978380898005e-04
3.473026856159768361e+00 5.177189387719609032e-04
3.479431586161937151e+00 5.150480315546825246e-04
3.485848127350165360e+00 5.123965742123874146e-04
3.492276501505880759e+00 5.097645630054098778e-04
3.498716730450663892e+00 5.071519924725974423e-04
3.505168836046349323e+00 5.045588554752477185e-04
3.511632840195086480e+00 5.019851432407327913e-04
3.518108764839405378e+00 4.994308454057661516e-04
3.524596631962314319e+00 4.968959500593150922e-04
3.531096463587348300e+00 4.943804437851820983e-04
3.537608281778665820e+00 4.918843117042131629e-04
3.544132108641116830e+00 4.894075375161692412e-04
3.550667966320302238e+00 4.869501035412399721e-04
3.557215877002679161e+00 4.845119907611944638e-04
3.563775862915603998e+00 4.820931788601831819e-04
3.570347946327433686e+00 4.796936462651782028e-04
3.576932149547592310e+00 4.773133701860554634e-04
3.583528494926633723e+00 4.749523266553257292e-04
3.590137004856344127e+00 4.726104905674930845e-04
3.596757701769788262e+00 4.702878357180741761e-04
3.603390608141412432e+00 4.679843348422406423e-04
3.610035746487107122e+00 4.656999596531157903e-04
3.616693139364276277e+00 4.634346808797178228e-04
3.623362809371935445e+00 4.611884683045346534e-04
3.630044779150761958e+00 4.589612908007587163e-04
3.636739071383197075e+00 4.567531163691552066e-04
3.643445708793511262e+00 4.545639121745903154e-04
3.650164714147869915e+00 4.523936445822111644e-04
3.656896110254438170e+00 4.502422791932585763e-04
3.663639919963426195e+00 4.481097808805634738e-04
3.670396166167195773e+00 4.459961138236728079e-04
3.677164871800324697e+00 4.439012415436506044e-04
3.683946059839672937e+00 4.418251269375424737e-04
3.690739753304489668e+00 4.397677323124863464e-04
3.697545975256459005e+00 4.377290194195131265e-04
3.704364748799803930e+00 4.357089494870024053e-04
3.711196097081356893e+00 4.337074832538141082e-04
3.718040043290623320e+00 4.317245810021082698e-04
3.724896610659888641e+00 4.297602025898270808e-04
3.731765822464267135e+00 4.278143074828759059e-04
3.738647702021806296e+00 4.258868547869852205e-04
3.745542272693555663e+00 4.239778032792635505e-04
3.752449557883634768e+00 4.220871114394555632e-04
3.759369581039333053e+00 4.202147374808860099e-04
3.766302365651181816e+00 4.183606393811192294e-04
3.773247935253020380e+00 4.165247749123246685e-04
3.780206313422101783e+00 4.147071016713525424e-04
3.787177523779144295e+00 4.129075771095328060e-04
3.794161589988437555e+00 4.111261585621942926e-04
3.801158535757910961e+00 4.093628032779080320e-04
3.808168384839202947e+00 4.076174684474779489e-04
3.815191161027768896e+00 4.058901112326491816e-04
3.822226888162930880e+00 4.041806887945779297e-04
3.829275590127985129e+00 4.024891583220390878e-04
3.836337290850271753e+00 4.008154574140666967e-04
3.843412014301244906e+00 3.991591926670231280e-04
3.850499784496580702e+00 3.975197012120894107e-04
3.857600625496228286e+00 3.958963220286441671e-04
3.864714561404516857e+00 3.942884042437610950e-04
3.871841616370228945e+00 3.926953069090093626e-04
3.878981814586668353e+00 3.911163987875804324e-04
3.886135180291769853e+00 3.895510581514810512e-04
3.893301737768150694e+00 3.879986725885496549e-04
3.900481511343220742e+00 3.864586388190466033e-04
3.907674525389252640e+00 3.849303625215829187e-04
3.914880804323453312e+00 3.834132581681660274e-04
3.922100372608073204e+00 3.819067488681194243e-04
3.929333254750459137e+00 3.804102662206936274e-04
3.936579475303165321e+00 3.789232501761148814e-04
3.943839058864023084e+00 3.774451489049093062e-04
3.951112030076214143e+00 3.759754186752733963e-04
3.958398413628381629e+00 3.745135237382979398e-04
3.965698234254681598e+00 3.730589362208754068e-04
3.973011516734894943e+00 3.716111360260741835e-04
3.980338285894500672e+00 3.701696107408180528e-04
3.987678566604746067e+00 3.687338555506901837e-04
3.995032383782762153e+00 3.673033731616622997e-04
4.002399762391612548e+00 3.658776737286132839e-04
4.009780727440409365e+00 3.644562747904309509e-04
4.017175303984384271e+00 3.630387012115500228e-04
4.024583517124963095e+00 3.616244851297559801e-04
4.032005392009876843e+00 3.602131659100822917e-04
4.039440953833216774e+00 3.588042901046566624e-04
4.046890227835548082e+00 3.573974114183087842e-04
4.054353239303982726e+00 3.559920906798109529e-04
4.061830013572252263e+00 3.545878958185731417e-04
4.069320576020825087e+00 3.531844018466333735e-04
4.076824952076957054e+00 3.517811908458095453e-04
4.084343167214807835e+00 3.503778519598229170e-04
4.091875246955514633e+00 3.489739813912716144e-04
4.099421216867267681e+00 3.475691824032774244e-04
4.106981102565424813e+00 3.461630653256544173e-04
4.114554929712563869e+00 3.447552475654514577e-04
4.122142724018601712e+00 3.433453536217058108e-04
4.129744511240867944e+00 3.419330151042559475e-04
4.137360317184178626e+00 3.405178707564578025e-04
4.144990167700956185e+00 3.390995664816420720e-04
4.152634088691278258e+00 3.376777553731672679e-04
4.160292106103002041e+00 3.362520977478951107e-04
4.167964245931832679e+00 3.348222611829437356e-04
4.175650534221404975e+00 3.333879205555506089e-04
4.183350997063392640e+00 3.319487580858826838e-04
4.191065660597587339e+00 3.305044633826422266e-04
4.198794551011971521e+00 3.290547334912966287e-04
4.206537694542840988e+00 3.275992729447665930e-04
4.214295117474855523e+00 3.261377938164176536e-04
4.222066846141161456e+00 3.246700157751741833e-04
4.229852906923468048e+00 3.231956661426033973e-04
4.237653326252120323e+00 3.217144799517913261e-04
4.245468130606224300e+00 3.202262000078334356e-04
4.253297346513697619e+00 3.187305769497920656e-04
4.261141000551393887e+00 3.172273693139107827e-04
4.268999119345177284e+00 3.157163435979554373e-04
4.276871729569998948e+00 3.141972743264670334e-04
4.284758857950023092e+00 3.126699441167711557e-04
4.292660531258676748e+00 3.111341437455633781e-04
4.300576776318774996e+00 3.095896722158850947e-04
4.308507620002596461e+00 3.080363368243145094e-04
4.316453089231965023e+00 3.064739532281942182e-04
4.324413210978367950e+00 3.049023455127025032e-04
4.332388012263013621e+00 3.033213462576021314e-04
4.340377520156954994e+00 3.017307966034615254e-04
4.348381761781169530e+00 3.001305463171853529e-04
4.356400764306632922e+00 2.985204538566586709e-04
4.364434554954446988e+00 2.969003864343153264e-04
4.372483160995896512e+00 2.952702200794566495e-04
4.380546609752568266e+00 2.936298396991210034e-04
4.388624928596438046e+00 2.919791391373326140e-04
4.396718144949942619e+00 2.903180212325369631e-04
4.404826286286106729e+00 2.886463978730262878e-04
4.412949380128605270e+00 2.869641900501984644e-04
4.421087454051879639e+00 2.852713279094295628e-04
4.429240535681223889e+00 2.835677507984085016e-04
4.437408652692864663e+00 2.818534073127321941e-04
4.445591832814082878e+00 2.801282553385787163e-04
4.453790103823275892e+00 2.783922620922975452e-04
4.462003493550081856e+00 2.766454041567096233e-04
4.470232029875458757e+00 2.748876675139697435e-04
4.478475740731769683e+00 2.731190475747954471e-04
4.486734654102904507e+00 2.713395492038982865e-04
4.495008798024342944e+00 2.695491867414497814e-04
4.503298200583278010e+00 2.677479840204084879e-04
4.511602889918701287e+00 2.659359743795441933e-04
4.519922894221480192e+00 2.641132006720123293e-04
4.528258241734490319e+00 2.622797152692935832e-04
4.536608960752672282e+00 2.604355800603729942e-04
4.544975079623157832e+00 2.585808664459864721e-04
4.553356626745358682e+00 2.567156553278032781e-04
4.561753630571041107e+00 2.548400370923975598e-04
4.570166119604461841e+00 2.529541115898636017e-04
4.578594122402423139e+00 2.510579881069651244e-04
4.587037667574404232e+00 2.491517853346592016e-04
4.595496783782643035e+00 2.472356313299078402e-04
4.603971499742223195e+00 2.453096634716382847e-04
4.612461844221197538e+00 2.433740284107456845e-04
4.620967846040656468e+00 2.414288820140472139e-04
4.629489534074852308e+00 2.394743893020714464e-04
4.638026937251285453e+00 2.375107243806090659e-04
4.646580084550787859e+00 2.355380703659383436e-04
4.655149005007651830e+00 2.335566193036334658e-04
4.663733727709710841e+00 2.315665720809095525e-04
4.672334281798429245e+00 2.295681383324347353e-04
4.680950696469026617e+00 2.275615363395414221e-04
4.689583000970547033e+00 2.255469929228217068e-04
4.698231224605987855e+00 2.235247433280334944e-04
4.706895396732382331e+00 2.214950311053245804e-04
4.715575546760890191e+00 2.194581079817322375e-04
4.724271704156928209e+00 2.174142337269463553e-04
4.732983898440231485e+00 2.153636760123567068e-04
4.741712159184987563e+00 2.133067102633613027e-04
4.750456516019924358e+00 2.112436195049754322e-04
4.759216998628392759e+00 2.091746942007652993e-04
4.767993636748505182e+00 2.071002320851220548e-04
4.776786460173194193e+00 2.050205379889533119e-04
4.785595498750349286e+00 2.029359236588151308e-04
4.794420782382903923e+00 2.008467075695777391e-04
4.803262341028921689e+00 1.987532147306848927e-04
4.812120204701733073e+00 1.966557764860869968e-04
4.820994403469995859e+00 1.945547303079683907e-04
4.829884967457835465e+00 1.924504577299885038e-04
4.838791926844929314e+00 1.903439215829039741e-04
4.847715311866593879e+00 1.882365089156056933e-04
4.856655152813926790e+00 1.861295764719601397e-04
4.865611480033864567e+00 1.840244382274675234e-04
4.874584323929321172e+00 1.819223652671773418e-04
4.883573714959281276e+00 1.798245857464392857e-04
4.892579683638881072e+00 1.777322849307768336e-04
4.901602260539553058e+00 1.756466053111375904e-04
4.910641476289088203e+00 1.735686467908167355e-04
4.919697361571772731e+00 1.714994669402900419e-04
4.928769947128478712e+00 1.694400813162631888e-04
4.937859263756755546e+00 1.673914638412446801e-04
4.946965342310964076e+00 1.653545472399750311e-04
4.956088213702348533e+00 1.633302235291371452e-04
4.965227908899170650e+00 1.613193445567611252e-04
4.974384458926801145e+00 1.593227225878667019e-04
4.983557894867812088e+00 1.573411309329109131e-04
4.992748247862115463e+00 1.553753046156888156e-04
5.001955549107028887e+00 1.534259410774585302e-04
5.011179829857418611e+00 1.514937009140771799e-04
5.020421121425788336e+00 1.495792086431069949e-04
5.029679455182369807e+00 1.476830534978861768e-04
5.038954862555267589e+00 1.458057902456757994e-04
5.048247375030523898e+00 1.439479400271242928e-04
5.057557024152258052e+00 1.421099912143445893e-04
5.066883841522765053e+00 1.402924002850568686e-04
5.076227858802599080e+00 1.384955927103273868e-04
5.085589107710725365e+00 1.367199638535369314e-04
5.094967620024578814e+00 1.349658798783675054e-04
5.104363427580214108e+00 1.332336786636391921e-04
5.113776562272395410e+00 1.315236707230011271e-04
5.123207056054689623e+00 1.298361401275550486e-04
5.132654940939604948e+00 1.281713454295943825e-04
5.142120248998685916e+00 1.265295205857803833e-04
5.151603012362605760e+00 1.249108758781567819e-04
5.161103263221312076e+00 1.233155988315012125e-04
5.170621033824092549e+00 1.217438551256591693e-04
5.180156356479725055e+00 1.201957895015427519e-04
5.189709263556566476e+00 1.186715266596343496e-04
5.199279787482652182e+00 1.171711721498961789e-04
5.208867960745838133e+00 1.156948132520820580e-04
5.218473815893872825e+00 1.142425198455648372e-04
5.228097385534542063e+00 1.128143452678443792e-04
5.237738702335764884e+00 1.114103271610177107e-04
5.247397799025689480e+00 1.100304883055627076e-04
5.257074708392837969e+00 1.086748374408590188e-04
5.266769463286181008e+00 1.073433700719691276e-04
5.276482096615280781e+00 1.060360692622520744e-04
5.286212641350389596e+00 1.047529064114749052e-04
5.295961130522545801e+00 1.034938420191454551e-04
5.305727597223723002e+00 1.022588264328487458e-04
5.315512074606897563e+00 1.010478005814573795e-04
5.325314595886203151e+00 9.986069669311419255e-05
5.335135194337023101e+00 9.869743899797528094e-05
5.344973903296089013e+00 9.755794441573395882e-05
5.354830756161632621e+00 9.644212322800373822e-05
5.364705786393453302e+00 9.534987973570803975e-05
5.374599027513073501e+00 9.428111290163613384e-05
5.384510513103830220e+00 9.323571697840942049e-05
5.394440276810978929e+00 9.221358212212373137e-05
5.404388352341843671e+00 9.121459499196961818e-05
5.414354773465885451e+00 9.023863933620356558e-05
5.424339574014858556e+00 8.928559656483814767e-05
5.434342787882907366e+00 8.835534630949665375e-05
5.444364449026664055e+00 8.744776697088699267e-05
5.454404591465406682e+00 8.656273625438585661e-05
5.464463249281123147e+00 8.570013169427435104e-05
5.474540456618672835e+00 8.485983116717075623e-05
5.484636247685880761e+00 8.404171339526104111e-05
5.494750656753640605e+00 8.324565843994180449e-05
5.504883718156067474e+00 8.247154818652033725e-05
5.515035466290571620e+00 8.171926682065688580e-05
5.525205935618013875e+00 8.098870129724192201e-05
5.535395160662804237e+00 8.027974180244836042e-05
5.545603176013004898e+00 7.959228220971430331e-05
5.555830016320483900e+00 7.892622053043700688e-05
5.566075716300990628e+00 7.828145936020240107e-05
5.576340310734312133e+00 7.765790632137942857e-05
5.586623834464374383e+00 7.705547450295920921e-05
5.596926322399341736e+00 7.647408289853407947e-05
5.607247809511778591e+00 7.591365684334257810e-05
5.617588330838717781e+00 7.537412845135168778e-05
5.627947921481825766e+00 7.485543705335645135e-05
5.638326616607498565e+00 7.435752963713783751e-05
5.648724451446968331e+00 7.388036129073530245e-05
5.659141461296460562e+00 7.342389564993580026e-05
5.669577681517267820e+00 7.298810535112762888e-05
5.680033147535912263e+00 7.257297249069526786e-05
5.690507894844247794e+00 7.217848909219188940e-05
5.701001958999560415e+00 7.180465758256713953e-05
5.711515375624728996e+00 7.145149127877509795e-05
5.722048180408322970e+00 7.111901488615225545e-05
5.732600409104710693e+00 7.080726501001103474e-05
5.743172097534219311e+00 7.051629068194842853e-05
5.753763281583209377e+00 7.024615390245403162e-05
5.764373997204240041e+00 6.999693020145699753e-05
5.775004280416168534e+00 6.976870921854592478e-05
5.785654167304262963e+00 6.956159530466319695e-05
5.796323694020355966e+00 6.937570814718086072e-05
5.807012896782928202e+00 6.921118342035129361e-05
5.817721811877270000e+00 6.906817346323414328e-05
5.828450475655587049e+00 6.894684798731482095e-05
5.839198924537102542e+00 6.884739481614695245e-05
5.849967195008228593e+00 6.877002065948367975e-05
5.860755323622638180e+00 6.871495192450091487e-05
5.871563347001432120e+00 6.868243556686704279e-05
5.882391301833245656e+00 6.867273998457385637e-05
5.893239224874355031e+00 6.868615595762117922e-05
5.904107152948842696e+00 6.872299763682854592e-05
5.914995122948677242e+00 6.878360358525749429e-05
5.925903171833879490e+00 6.886833787593937687e-05
5.936831336632627298e+00 6.897759124983929020e-05
5.947779654441366581e+00 6.911178233824050534e-05
5.958748162424978290e+00 6.927135895400453553e-05
5.969736897816857457e+00 6.945679945645285452e-05
5.980745897919078402e+00 6.966861419493720333e-05
5.991775200102507526e+00 6.990734703649832704e-05
6.002824841806907230e+00 7.017357698338543405e-05
6.013894860541111775e+00 7.046791988660436345e-05
6.024985293883099224e+00 7.079103026208146277e-05
6.036096179480167301e+00 7.114360321650268777e-05
6.047227555049039083e+00 7.152637649037162657e-05
6.058379458375974025e+00 7.194013262637564011e-05
6.069551927316939377e+00 7.238570127172434419e-05
6.080744999797688344e+00 7.286389771538826963e-05
6.091958713813935056e+00 7.337469485667452436e-05
6.103193107431460263e+00 7.391743406605819316e-05
6.114448218786226796e+00 7.449144586581206017e-05
6.125724086084549214e+00 7.509606029919529795e-05
6.137020747603173731e+00 7.573060265302869899e-05
6.148338241689454975e+00 7.639438925818524244e-05
6.159676606761463447e+00 7.708672336186091624e-05
6.171035881308099214e+00 7.780689106718444170e-05
6.182416103889267767e+00 7.855415733736232991e-05
6.193817313135956404e+00 7.932776206317067270e-05
6.205239547750414530e+00 8.012691619422031525e-05
6.216682846506262905e+00 8.095079793598592419e-05
6.228147248248605550e+00 8.179854901616998800e-05
6.239632791894210939e+00 8.266927102554031217e-05
6.251139516431586607e+00 8.356202183989970469e-05
6.262667460921160334e+00 8.447581213141098317e-05
6.274216664495392948e+00 8.540960197899794860e-05
6.285787166358891120e+00 8.636229758904918495e-05
6.297379005788587669e+00 8.733274813914268791e-05
6.308992222133817940e+00 8.831974275892622906e-05
6.320626854816504547e+00 8.932200766373855005e-05
6.332282943331270175e+00 9.033820345788607894e-05
6.343960527245549486e+00 9.136692262581975717e-05
6.355659646199764978e+00 9.240668723070103959e-05
6.367380339907443343e+00 9.345594684099107477e-05
6.379122648155325592e+00 9.451307670679101928e-05
6.390886610803552692e+00 9.557637620861414158e-05
6.402672267785747273e+00 9.664406760210465114e-05
6.414479659109193044e+00 9.771429508294002307e-05
6.426308824854955581e+00 9.878512419668212391e-05
6.438159805177991579e+00 9.985454161871500252e-05
6.450032640307338916e+00 1.009204553296071241e-04
6.461927370546193927e+00 1.019806952111669643e-04
6.473844036272099700e+00 1.030330140882462634e-04
6.485782677937058871e+00 1.040750892407892329e-04
6.497743336067655306e+00 1.051045244098860147e-04
6.509726051265233515e+00 1.061188523205253988e-04
6.521730864205987466e+00 1.071155377423616055e-04
6.533757815641143551e+00 1.080919811081802859e-04
6.545806946397077830e+00 1.090455227077151618e-04
6.557878297375435928e+00 1.099734474721590161e-04
6.569971909553319556e+00 1.108729903620261979e-04
6.582087823983370001e+00 1.117413423679819190e-04
6.594226081793954641e+00 1.125756571308975470e-04
6.606386724189287740e+00 1.133730581836219154e-04
6.618569792449550349e+00 1.141306468129044994e-04
6.630775327931075935e+00 1.148455105354751176e-04
6.643003372066436540e+00 1.155147321775349968e-04
6.655253966364634621e+00 1.161353995418905511e-04
6.667527152411216740e+00 1.167046156416102272e-04
6.679822971868402348e+00 1.172195094735349510e-04
6.692141466475267642e+00 1.176772472991731287e-04
6.704482678047831712e+00 1.180750443945578103e-04
6.716846648479252835e+00 1.184101772245640846e-04
6.729233419739941269e+00 1.186799959910209064e-04
6.741643033877689817e+00 1.188819374978017092e-04
6.754075533017857680e+00 1.190135382699349656e-04
6.766530959363463715e+00 1.190724478578029954e-04
6.779009355195372954e+00 1.190564422516628422e-04
6.791510762872424500e+00 1.189634373261999042e-04
6.804035224831550543e+00 1.187915022296129135e-04
6.816582783587970873e+00 1.185388726269761129e-04
6.829153481735280806e+00 1.182039637033546997e-04
6.841747361945646588e+00 1.177853828284982431e-04
6.854364466969926184e+00 1.172819417819473945e-04
6.867004839637795399e+00 1.166926684351674194e-04
6.879668522857940616e+00 1.160168177859303046e-04
6.892355559618151162e+00 1.152538822396875984e-04
6.905065992985512935e+00 1.144036010331668892e-04
6.917799866106530970e+00 1.134659686969556022e-04
6.930557222207260004e+00 1.124412424564429872e-04
6.943338104593496318e+00 1.113299484742245117e-04
6.956142556650869224e+00 1.101328868419653920e-04
6.968970621845038238e+00 1.088511352357536039e-04
6.981822343721820978e+00 1.074860511562164908e-04
6.994697765907316622e+00 1.060392726830228417e-04
7.007596932108105747e+00 1.045127176828891154e-04
7.020519886111340035e+00 1.029085814207953369e-04
7.033466671784944779e+00 1.012293325356582055e-04
7.046437333077741449e+00 9.947770735426141031e-05
7.059431914019577370e+00 9.765670253054685392e-05
7.072450458721520228e+00 9.576956601143488958e-05
7.085493011375982420e+00 9.381978634500667792e-05
7.098559616256852500e+00 9.181108036192629350e-05
7.111650317719695025e+00 8.974737927635331822e-05
7.124765160201842917e+00 8.763281326808760273e-05
7.137904188222599977e+00 8.547169462302666874e-05
7.151067446383368775e+00 8.326849952420774020e-05
7.164254979367781218e+00 8.102784860033745583e-05
7.177466831941901049e+00 7.875448635272905740e-05
7.190703048954318000e+00 7.645325959477851569e-05
7.203963675336350292e+00 7.412909505016746544e-05
7.217248756102174312e+00 7.178697626694255189e-05
7.230558336348958726e+00 6.943192001406978966e-05
7.243892461257065207e+00 6.706895233498593822e-05
7.257251176090146139e+00 6.470308443892584284e-05
7.270634526195347114e+00 6.233928861510790133e-05
7.284042557003441054e+00 5.998247435736120072e-05
7.297475314028956994e+00 5.763746488714629974e-05
7.310932842870391468e+00 5.530897426124542938e-05
7.324415189210299104e+00 5.300158524670633156e-05
7.337922398815501346e+00 5.071972813967215329e-05
7.351454517537222344e+00 4.846766069691724931e-05
7.365011591311216854e+00 4.624944933896649060e-05
7.378593666157982511e+00 4.406895177189161132e-05
7.392200788182855753e+00 4.192980116140379744e-05
7.405833003576217877e+00 3.983539197764427933e-05
7.419490358613634484e+00 3.778886761259542672e-05
7.433172899655983379e+00 3.579310985423847275e-05
7.446880673149671281e+00 3.385073028282656408e-05
7.460613725626726200e+00 3.196406363522156412e-05
7.474372103705012371e+00 3.013516316320662120e-05
7.488155854088360819e+00 2.836579799159959808e-05
7.501965023566709689e+00 2.665745246182266674e-05
7.515799659016313861e+00 2.501132742684399792e-05
7.529659807399845306e+00 2.342834344424476060e-05
7.543545515766602705e+00 2.190914579581119097e-05
7.557456831252649998e+00 2.045411124489438727e-05
7.571393801080954944e+00 1.906335642685666075e-05
7.585356472561599617e+00 1.773674775358412308e-05
7.599344893091883435e+00 1.647391270042513161e-05
7.613359110156534548e+00 1.527425233308878368e-05
7.627399171327849281e+00 1.413695492327362170e-05
7.641465124265831577e+00 1.306101049502635419e-05
7.655557016718407048e+00 1.204525394617397561e-05
7.669674896521524232e+00 1.108866731701272852e-05
7.683818811599370413e+00 1.019017291797657751e-05
7.697988809964512846e+00 9.348400783851677355e-06
7.712184939718034649e+00 8.561727989051327981e-06
7.726407249049756842e+00 7.828320998192543522e-06
7.740655786238338720e+00 7.146175625322995965e-06
7.754930599651492784e+00 6.513154327756523009e-06
7.769231737746129518e+00 5.927020639437607051e-06
7.783559249068496833e+00 5.385470620862004342e-06
7.797913182254392339e+00 4.886161267281564879e-06
7.812293586029303682e+00 4.426735873884117225e-06
7.826700509208553314e+00 4.004846405728969955e-06
7.841134000697514317e+00 3.618172961568044435e-06
7.855594109491718768e+00 3.264440454555305516e-06
7.870080884677075339e+00 2.941432659611874902e-06
7.884594375430014956e+00 2.647003797427890480e-06
7.899134631017631136e+00 2.379087839268876051e-06
7.913701700797905580e+00 2.135705725573363016e-06
7.928295634219811205e+00 1.914970695418510490e-06
7.942916480823533298e+00 1.715091923928301022e-06
7.957564290240619620e+00 1.534376661268095685e-06
7.972239112194118071e+00 1.371231060595306731e-06
7.986940996498804957e+00 1.224159873809462259e-06
8.001669993061289787e+00 1.091765183689735420e-06
8.016426151880242656e+00 9.727443294937003472e-07
8.031209523046536347e+00 8.658871707606104778e-07
8.046020156743393770e+00 7.700728212671562319e-07
8.060858103246614448e+00 6.842659721559351379e-07
8.075723412924682876e+00 6.075129104575219211e-07
8.090616136238988787e+00 5.389373267700004045e-07
8.105536323743987026e+00 4.777359939259184077e-07
8.120484026087332552e+00 4.231743871894941104e-07
8.135459294010114917e+00 3.745823059861487981e-07
8.150462178346966624e+00 3.313495474346680432e-07
8.165492730026283397e+00 2.929216730619584872e-07
8.180551000070391154e+00 2.587959020476307524e-07
8.195637039595672135e+00 2.285171571599304823e-07
8.210750899812815362e+00 2.016742831837871483e-07
8.225892632026912565e+00 1.778964520733418222e-07
8.241062287637690886e+00 1.568497642365955680e-07
8.256259918139672749e+00 1.382340512335747006e-07
8.271485575122310863e+00 1.217798816827201106e-07
8.286739310270235137e+00 1.072457692690234101e-07
8.302021175363353933e+00 9.441557937386211649e-08
8.317331222277084990e+00 8.309612894301465063e-08
8.332669502982520626e+00 7.311497272324095566e-08
8.348036069546560967e+00 6.431836787517904656e-08
8.363430974132160856e+00 5.656940816329310884e-08
8.378854268998441768e+00 4.974631838681390374e-08
8.394306006500915629e+00 4.374089940674275821e-08
8.409786239091650017e+00 3.845711400625486993e-08
8.425295019319413825e+00 3.380980386064047504e-08
8.440832399829918842e+00 2.972352805848725486e-08
8.456398433365926337e+00 2.613151388174436962e-08
8.471993172767488645e+00 2.297471089507219831e-08
8.487616670972103705e+00 2.020093979517006994e-08
8.503268981014864281e+00 1.776412791099830148e-08
8.518950156028706644e+00 1.562362371200369992e-08
8.534660249244513608e+00 1.374358316156102281e-08
8.550399313991356109e+00 1.209242123685139453e-08
8.566167403696654858e+00 1.064232241667968062e-08
8.581964571886333104e+00 9.368804408670505430e-09
8.597790872185054667e+00 8.250329842178773566e-09
8.613646358316339402e+00 7.267961089415069457e-09
8.629531084102810112e+00 6.405053791998617306e-09
8.645445103466345316e+00 5.646985061821545257e-09
8.661388470428230235e+00 4.980912692531633938e-09
8.677361239109409041e+00 4.395562060806147212e-09
8.693363463730623408e+00 3.881037714889072108e-09
8.709395198612583044e+00 3.428656941975404128e-09
8.725456498176209053e+00 3.030802876719714702e-09
8.741547416942742288e+00 2.680794961305207433e-09
8.757668009533997378e+00 2.372774794206006106e-09
8.773818330672520815e+00 2.101605611238782202e-09
8.789998435181743730e+00 1.862783829928826851e-09
8.806208377986237679e+00 1.652361257925962175e-09
8.822448214111826559e+00 1.466876719468579753e-09
8.838717998685837074e+00 1.303295991957599600e-09
8.855017786937253277e+00 1.158959068819040537e-09
8.871347634196890652e+00 1.031533876154340108e-09
8.887707595897627044e+00 9.189756703413643175e-10
8.904097727574541210e+00 8.194914328061462156e-10
8.920518084865145525e+00 7.315086576239280505e-10
8.936968723509556511e+00 6.536479983590349601e-10
8.953449699350660040e+00 5.846993034635281039e-10
8.969961068334356469e+00 5.236006254168839575e-10
8.986502886509681431e+00 4.694198383262397651e-10
9.003075210029059861e+00 4.213385425752420913e-10
9.019678095148471186e+00 3.786379739188484418e-10
9.036311598227610986e+00 3.406866687089556725e-10
9.052975775730145003e+00 3.069296672024346077e-10
9.069670684223828161e+00 2.768790635920158139e-10
9.086396380380763915e+00 2.501057349115086346e-10
9.103152920977564122e+00 2.262321016641947750e-10
9.119940362895519570e+00 2.049257912249375928e-10
9.136758763120852223e+00 1.858940910644719628e-10
9.153608178744839563e+00 1.688790928947181860e-10
9.170488666964068614e+00 1.536534411647083552e-10
9.187400285080604689e+00 1.400166101540242542e-10
9.204343090502161928e+00 1.277916433930217146e-10
9.221317140742353757e+00 1.168222974482264699e-10
9.238322493420822568e+00 1.069705393888397450e-10
9.255359206263497285e+00 9.811435362098181461e-11
9.272427337102756795e+00 9.014581935206293565e-11
9.289526943877611131e+00 8.296942482501170861e-11
9.306658084633946615e+00 7.650058872789428936e-11
9.323820817524660853e+00 7.066436291426348856e-11
9.341015200809920316e+00 6.539429382961871100e-11
9.358241292857330862e+00 6.063142288896160331e-11
9.375499152142110049e+00 5.632340854015121017e-11
9.392788837247346478e+00 5.242375492333839475e-11
9.410110406864125920e+00 4.889113393747779957e-11
9.427463919791801317e+00 4.568878918531151959e-11
9.444849434938152655e+00 4.278401171903012257e-11
9.462267011319571708e+00 4.014767877615991415e-11
9.479716708061317831e+00 3.775384780272209334e-11
9.497198584397649412e+00 3.557939902853689453e-11
9.514712699672090324e+00 3.360372070546458587e-11
9.532259113337600454e+00 3.180843185911715468e-11
9.549837884956749789e+00 3.017713805153237801e-11
9.567449074201988424e+00 2.869521621853917539e-11
9.585092740855774451e+00 2.734962514143132296e-11
9.602768944810836871e+00 2.612873854711927078e-11
9.620477746070362102e+00 2.502219821229381385e-11
9.638219204748152080e+00 2.402072052047732190e-11
9.655993381068904924e+00 2.311534509368500397e-11
9.673800335368376579e+00 2.229770550272651669e-11
9.691640128093560236e+00 2.156040591285349761e-11
9.709512819802963435e+00 2.089691500338661286e-11
9.727418471166730640e+00 2.030146724071617632e-11
9.745357142966922126e+00 1.976897743470074465e-11
9.763328896097682730e+00 1.929496676603483626e-11
9.781333791565431923e+00 1.887549874466884497e-11
9.799371890489128489e+00 1.850712378981991060e-11
9.817443254100403749e+00 1.818683131741150274e-11
9.835547943743838673e+00 1.791200838666621245e-11
9.853686020877143292e+00 1.768040409887126481e-11
9.871857547071332561e+00 1.749009906200310460e-11
9.890062584011003466e+00 1.733947933827886685e-11
9.908301193494475356e+00 1.722721438061028804e-11
9.926573437434054625e+00 1.715223854067868101e-11
9.944879377856226554e+00 1.711373579794718101e-11
9.963219076901829396e+00 1.711112741700990395e-11
9.981592596826340369e+00 1.714406229169223501e-11
1.000000000000000000e+01 1.721240977945128550e-11
