1.000000000000000000e+00 2.556725930495056809e-01
1.001382782584698150e+00 2.548614840042422447e-01
1.002767477257072715e+00 2.540528415684610297e-01
1.004154086661125600e+00 2.532466586205093795e-01
1.005542613444514011e+00 2.524429280579843504e-01
1.006933060258556889e+00 2.516416427976833070e-01
1.008325429758239133e+00 2.508427957755577919e-01
1.009719724602217150e+00 2.500463799466655090e-01
1.011115947452823294e+00 2.492523882887097697e-01
1.012514100976071640e+00 2.484608138279154610e-01
1.013914187841662651e+00 2.476716496235861209e-01
1.015316210722988277e+00 2.468848887534429992e-01
1.016720172297137736e+00 2.461005243134787857e-01
1.018126075244901507e+00 2.453185494179164483e-01
1.019533922250777325e+00 2.445389571991661015e-01
1.020943716002974622e+00 2.437617408077838166e-01
1.022355459193420524e+00 2.429868934124287116e-01
1.023769154517764068e+00 2.422144081998217346e-01
1.025184804675382422e+00 2.414442783747034471e-01
1.026602412369384654e+00 2.406764971597927516e-01
1.028021980306618177e+00 2.399110577957443147e-01
1.029443511197672967e+00 2.391479535411080437e-01
1.030867007756887554e+00 2.383871776722866487e-01
1.032292472702353692e+00 2.376287234834945916e-01
1.033719908755921457e+00 2.368725842867167863e-01
1.035149318643205030e+00 2.361187534116667985e-01
1.036580705093586907e+00 2.353672242057466280e-01
1.038014070840224345e+00 2.346179900340039648e-01
1.039449418620053800e+00 2.338710442790926936e-01
1.040886751173796254e+00 2.331263803412307878e-01
1.042326071245962327e+00 2.323839916381599535e-01
1.043767381584858045e+00 2.316438716051045510e-01
1.045210684942589507e+00 2.309060136947307385e-01
1.046655984075068657e+00 2.301704113771058102e-01
1.048103281742017723e+00 2.294370581396579234e-01
1.049552580706975435e+00 2.287059474871348252e-01
1.051003883737302136e+00 2.279770729415636632e-01
1.052457193604183994e+00 2.272504280422111278e-01
1.053912513082640334e+00 2.265260063455419581e-01
1.055369844951526304e+00 2.258038014251800008e-01
1.056829191993540862e+00 2.250838068718667151e-01
1.058290556995230114e+00 2.243660162934221214e-01
1.059753942746993527e+00 2.236504233147041110e-01
1.061219352043089259e+00 2.229370215775684783e-01
1.062686787681639045e+00 2.222258047408296744e-01
1.064156252464633967e+00 2.215167664802199232e-01
1.065627749197939789e+00 2.208099004883505301e-01
1.067101280691301834e+00 2.201052004746714974e-01
1.068576849758350766e+00 2.194026601654321951e-01
1.070054459216608134e+00 2.187022733036417255e-01
1.071534111887491481e+00 2.180040336490294273e-01
1.073015810596319453e+00 2.173079349780058511e-01
1.074499558172317792e+00 2.166139710836227361e-01
1.075985357448624224e+00 2.159221357755347626e-01
1.077473211262294450e+00 2.152324228799591954e-01
1.078963122454306589e+00 2.145448262396378591e-01
1.080455093869568062e+00 2.138593397137974195e-01
1.081949128356919143e+00 2.131759571781109974e-01
1.083445228769140511e+00 2.124946725246585066e-01
1.084943397962956579e+00 2.118154796618888502e-01
1.086443638799043043e+00 2.111383725145801471e-01
1.087945954142030436e+00 2.104633450238019843e-01
1.089450346860510788e+00 2.097903911468762539e-01
1.090956819827042956e+00 2.091195048573389337e-01
1.092465375918157289e+00 2.084506801449015345e-01
1.093976018014362728e+00 2.077839110154125202e-01
1.095488749000150364e+00 2.071191914908195597e-01
1.097003571764000540e+00 2.064565156091307807e-01
1.098520489198387295e+00 2.057958774243769107e-01
1.100039504199785023e+00 2.051372710065728355e-01
1.101560619668672247e+00 2.044806904416804627e-01
1.103083838509539394e+00 2.038261298315695025e-01
1.104609163630892343e+00 2.031735832939806918e-01
1.106136597945259092e+00 2.025230449624874363e-01
1.107666144369195083e+00 2.018745089864583953e-01
1.109197805823288530e+00 2.012279695310196515e-01
1.110731585232166196e+00 2.005834207770172128e-01
1.112267485524499389e+00 1.999408569209792930e-01
1.113805509633008617e+00 1.993002721750792572e-01
1.115345660494470037e+00 1.986616607670979029e-01
1.116887941049720334e+00 1.980250169403867389e-01
1.118432354243663385e+00 1.973903349538297380e-01
1.119978903025274475e+00 1.967576090818074219e-01
1.121527590347606962e+00 1.961268336141588353e-01
1.123078419167798270e+00 1.954980028561447980e-01
1.124631392447073663e+00 1.948711111284116004e-01
1.126186513150754243e+00 1.942461527669528953e-01
1.127743784248261161e+00 1.936231221230741428e-01
1.129303208713121176e+00 1.930020135633551959e-01
1.130864789522973313e+00 1.923828214696138295e-01
1.132428529659573968e+00 1.917655402388690755e-01
1.133994432108802464e+00 1.911501642833049186e-01
1.135562499860667263e+00 1.905366880302334642e-01
1.137132735909310854e+00 1.899251059220593008e-01
1.138705143253016416e+00 1.893154124162423624e-01
1.140279724894212698e+00 1.887076019852622910e-01
1.141856483839480907e+00 1.881016691165817711e-01
1.143435423099558701e+00 1.874976083126110582e-01
1.145016545689347742e+00 1.868954140906715911e-01
1.146599854627918136e+00 1.862950809829599930e-01
1.148185352938515091e+00 1.856966035365123224e-01
1.149773043648563808e+00 1.850999763131683518e-01
1.151362929789676359e+00 1.845051938895356514e-01
1.152955014397656575e+00 1.839122508569539238e-01
1.154549300512506038e+00 1.833211418214596988e-01
1.156145791178430082e+00 1.827318614037503341e-01
1.157744489443843783e+00 1.821444042391490437e-01
1.159345398361376844e+00 1.815587649775691759e-01
1.160948520987880928e+00 1.809749382834789644e-01
1.162553860384433868e+00 1.803929188358665281e-01
1.164161419616347226e+00 1.798127013282039000e-01
1.165771201753170061e+00 1.792342804684133040e-01
1.167383209868696925e+00 1.786576509788307954e-01
1.168997447040972304e+00 1.780828075961718160e-01
1.170613916352297279e+00 1.775097450714962777e-01
1.172232620889234411e+00 1.769384581701740344e-01
1.173853563742615069e+00 1.763689416718493275e-01
1.175476748007544092e+00 1.758011903704069234e-01
1.177102176783406673e+00 1.752351990739368648e-01
1.178729853173873021e+00 1.746709626047003583e-01
1.180359780286905469e+00 1.741084757990950804e-01
1.181991961234764243e+00 1.735477335076206218e-01
1.183626399134013019e+00 1.729887305948442089e-01
1.185263097105524466e+00 1.724314619393668147e-01
1.186902058274487359e+00 1.718759224337883529e-01
1.188543285770411684e+00 1.713221069846738165e-01
1.190186782727134851e+00 1.707700105125192491e-01
1.191832552282827695e+00 1.702196279517174393e-01
1.193480597580000691e+00 1.696709542505243640e-01
1.195130921765509502e+00 1.691239843710250490e-01
1.196783527990560980e+00 1.685787132890997908e-01
1.198438419410720046e+00 1.680351359943904332e-01
1.200095599185914352e+00 1.674932474902668667e-01
1.201755070480441390e+00 1.669530427937930828e-01
1.203416836462974482e+00 1.664145169356938125e-01
1.205080900306567893e+00 1.658776649603212194e-01
1.206747265188664153e+00 1.653424819256209544e-01
1.208415934291099170e+00 1.648089629030995429e-01
1.210086910800108662e+00 1.642771029777907177e-01
1.211760197906334158e+00 1.637468972482219454e-01
1.213435798804829435e+00 1.632183408263818414e-01
1.215113716695065849e+00 1.626914288376868079e-01
1.216793954780939657e+00 1.621661564209479489e-01
1.218476516270776688e+00 1.616425187283382914e-01
1.220161404377339665e+00 1.611205109250209988e-01
1.221848622317833311e+00 1.606001281824562810e-01
1.223538173313911903e+00 1.600813656788815098e-01
1.225230060591683712e+00 1.595642186056882295e-01
1.226924287381718548e+00 1.590486821676469764e-01
1.228620856919053095e+00 1.585347515828737786e-01
1.230319772443197568e+00 1.580224220827959880e-01
1.232021037198141711e+00 1.575116889121184194e-01
1.233724654432361012e+00 1.570025473287898488e-01
1.235430627398822923e+00 1.564949926039691241e-01
1.237138959354992629e+00 1.559890200219919143e-01
1.238849653562840381e+00 1.554846248803367914e-01
1.240562713288846375e+00 1.549818024895920077e-01
1.242278141804007863e+00 1.544805481734222163e-01
1.243995942383845588e+00 1.539808572685349430e-01
1.245716118308409115e+00 1.534827251246475843e-01
1.247438672862283715e+00 1.529861471044541288e-01
1.249163609334596803e+00 1.524911185835921557e-01
1.250890931019023267e+00 1.519976349506100277e-01
1.252620641213793240e+00 1.515056916069334181e-01
1.254352743221696986e+00 1.510152839668331137e-01
1.256087240350092227e+00 1.505264074573916533e-01
1.257824135910909913e+00 1.500390575184711861e-01
1.259563433220660444e+00 1.495532296026803598e-01
1.261305135600440552e+00 1.490689191753420406e-01
1.263049246375939072e+00 1.485861217144607005e-01
1.264795768877443827e+00 1.481048327106899987e-01
1.266544706439847401e+00 1.476250476673006407e-01
1.268296062402654023e+00 1.471467621001477377e-01
1.270049840109985562e+00 1.466699715376389712e-01
1.271806042910588408e+00 1.461946715207022018e-01
1.273564674157839027e+00 1.457208576027535507e-01
1.275325737209751287e+00 1.452485253496653694e-01
1.277089235428982006e+00 1.447776703397344045e-01
1.278855172182838729e+00 1.443082881636496839e-01
1.280623550843284164e+00 1.438403744244611815e-01
1.282394374786944624e+00 1.433739247375475923e-01
1.284167647395114908e+00 1.429089347305853019e-01
1.285943372053765632e+00 1.424454000435161627e-01
1.287721552153549442e+00 1.419833163285167399e-01
1.289502191089807903e+00 1.415226792499660602e-01
1.291285292262576823e+00 1.410634844844150526e-01
1.293070859076594470e+00 1.406057277205546019e-01
1.294858894941306238e+00 1.401494046591848786e-01
1.296649403270872414e+00 1.396945110131840306e-01
1.298442387484174620e+00 1.392410425074766256e-01
1.300237851004821588e+00 1.387889948790036188e-01
1.302035797261156258e+00 1.383383638766904900e-01
1.303836229686262671e+00 1.378891452614168789e-01
1.305639151717971291e+00 1.374413348059858320e-01
1.307444566798866781e+00 1.369949282950926883e-01
1.309252478376294659e+00 1.365499215252947152e-01
1.311062889902366191e+00 1.361063103049807155e-01
1.312875804833967042e+00 1.356640904543399695e-01
1.314691226632763055e+00 1.352232578053322032e-01
1.316509158765206244e+00 1.347838082016571404e-01
1.318329604702542346e+00 1.343457374987240549e-01
1.320152567920817033e+00 1.339090415636216003e-01
1.321978051900882356e+00 1.334737162750878336e-01
1.323806060128404072e+00 1.330397575234797403e-01
1.325636596093867414e+00 1.326071612107434239e-01
1.327469663292584645e+00 1.321759232503840475e-01
1.329305265224700605e+00 1.317460395674361906e-01
1.331143405395200929e+00 1.313175060984335119e-01
1.332984087313917154e+00 1.308903187913794675e-01
1.334827314495534489e+00 1.304644736057173904e-01
1.336673090459598257e+00 1.300399665123008197e-01
1.338521418730520329e+00 1.296167934933639687e-01
1.340372302837586460e+00 1.291949505424922762e-01
1.342225746314961832e+00 1.287744336645930965e-01
1.344081752701699717e+00 1.283552388758659735e-01
1.345940325541746141e+00 1.279373622037736635e-01
1.347801468383948098e+00 1.275207996870128813e-01
1.349665184782059990e+00 1.271055473754847398e-01
1.351531478294750066e+00 1.266916013302663568e-01
1.353400352485607305e+00 1.262789576235812394e-01
1.355271810923148745e+00 1.258676123387704182e-01
1.357145857180825477e+00 1.254575615702638036e-01
1.359022494837030415e+00 1.250488014235509870e-01
1.360901727475104073e+00 1.246413280151528885e-01
1.362783558683342111e+00 1.242351374725927243e-01
1.364667992055002443e+00 1.238302259343673772e-01
1.366555031188311009e+00 1.234265895499190580e-01
1.368444679686469767e+00 1.230242244796065504e-01
1.370336941157663135e+00 1.226231268946769981e-01
1.372231819215064430e+00 1.222232929772373022e-01
1.374129317476843637e+00 1.218247189202259634e-01
1.376029439566173629e+00 1.214274009273848126e-01
1.377932189111237715e+00 1.210313352132307146e-01
1.379837569745235637e+00 1.206365180030276180e-01
1.381745585106391561e+00 1.202429455327582997e-01
1.383656238837960073e+00 1.198506140490966931e-01
1.385569534588234175e+00 1.194595198093794941e-01
1.387485476010551055e+00 1.190696590815788075e-01
1.389404066763300083e+00 1.186810281442740311e-01
1.391325310509929025e+00 1.182936232866242110e-01
1.393249210918952041e+00 1.179074408083402303e-01
1.395175771663955011e+00 1.175224770196575674e-01
1.397104996423604639e+00 1.171387282413083319e-01
1.399036888881654006e+00 1.167561908044940366e-01
1.400971452726949895e+00 1.163748610508581610e-01
1.402908691653439899e+00 1.159947353324587566e-01
1.404848609360179745e+00 1.156158100117411075e-01
1.406791209551340405e+00 1.152380814615105442e-01
1.408736495936214528e+00 1.148615460649052983e-01
1.410684472229223774e+00 1.144862002153695102e-01
1.412635142149926359e+00 1.141120403166259317e-01
1.414588509423023721e+00 1.137390627826491835e-01
1.416544577778368064e+00 1.133672640376385959e-01
1.418503350950968578e+00 1.129966405159917864e-01
1.420464832680999434e+00 1.126271886622773194e-01
1.422429026713806888e+00 1.122589049312084364e-01
1.424395936799915940e+00 1.118917857876161465e-01
1.426365566695037446e+00 1.115258277064227199e-01
1.428337920160076546e+00 1.111610271726150012e-01
1.430313000961137782e+00 1.107973806812181938e-01
1.432290812869534191e+00 1.104348847372692149e-01
1.434271359661793310e+00 1.100735358557904525e-01
1.436254645119664941e+00 1.097133305617633836e-01
1.438240673030128036e+00 1.093542653901023592e-01
1.440229447185398692e+00 1.089963368856285558e-01
1.442220971382936145e+00 1.086395416030436628e-01
1.444215249425450764e+00 1.082838761069040562e-01
1.446212285120911600e+00 1.079293369715945972e-01
1.448212082282553492e+00 1.075759207813026669e-01
1.450214644728883062e+00 1.072236241299926868e-01
1.452219976283688485e+00 1.068724436213798201e-01
1.454228080776044152e+00 1.065223758689046035e-01
1.456238962040320217e+00 1.061734174957069121e-01
1.458252623916188595e+00 1.058255651346006188e-01
1.460269070248630063e+00 1.054788154280479756e-01
1.462288304887943147e+00 1.051331650281339125e-01
1.464310331689749889e+00 1.047886105965407932e-01
1.466335154515004069e+00 1.044451488045228804e-01
1.468362777229998084e+00 1.041027763328812306e-01
1.470393203706370722e+00 1.037614898719381312e-01
1.472426437821114265e+00 1.034212861215120516e-01
1.474462483456582484e+00 1.030821617908923987e-01
1.476501344500497082e+00 1.027441135988146764e-01
1.478543024845955678e+00 1.024071382734350472e-01
1.480587528391439367e+00 1.020712325523057545e-01
1.482634859040820485e+00 1.017363931823497686e-01
1.484685020703368385e+00 1.014026169198364302e-01
1.486738017293759206e+00 1.010699005303562631e-01
1.488793852732081646e+00 1.007382407887963266e-01
1.490852530943845178e+00 1.004076344793156800e-01
1.492914055859987377e+00 1.000780783953205549e-01
1.494978431416881692e+00 9.974956933943980586e-02
1.497045661556344109e+00 9.942210412350073467e-02
1.499115750225642252e+00 9.909567956850405535e-02
1.501188701377500934e+00 9.877029250459996856e-02
1.503264518970111263e+00 9.844593977106370908e-02
1.505343206967137748e+00 9.812261821627112079e-02
1.507424769337725401e+00 9.780032469767452330e-02
1.509509210056508399e+00 9.747905608177866166e-02
1.511596533103615858e+00 9.715880924411653130e-02
1.513686742464681600e+00 9.683958106922510578e-02
1.515779842130850152e+00 9.652136845062166126e-02
1.517875836098785181e+00 9.620416829077964305e-02
1.519974728370676598e+00 9.588797750110496232e-02
1.522076522954248778e+00 9.557279300191193205e-02
1.524181223862767887e+00 9.525861172239964703e-02
1.526288835115049203e+00 9.494543060062818340e-02
1.528399360735465562e+00 9.463324658346099205e-02
1.530512804753954237e+00 9.432205662649371936e-02
1.532629171206025376e+00 9.401185769410155824e-02
1.534748464132769552e+00 9.370264675942809041e-02
1.536870687580864425e+00 9.339442080436215210e-02
1.538995845602584289e+00 9.308717681951381162e-02
1.541123942255806289e+00 9.278091180419163753e-02
1.543254981604018861e+00 9.247562276637914802e-02
1.545388967716329498e+00 9.217130672271152403e-02
1.547525904667472307e+00 9.186796069845271084e-02
1.549665796537815776e+00 9.156558172747200630e-02
1.551808647413370545e+00 9.126416685222131508e-02
1.553954461385797625e+00 9.096371312371169526e-02
1.556103242552415944e+00 9.066421760149089015e-02
1.558254995016209676e+00 9.036567735362018017e-02
1.560409722885836903e+00 9.006808945665170651e-02
1.562567430275637159e+00 8.977145099560535080e-02
1.564728121305638764e+00 8.947575906394648892e-02
1.566891800101567478e+00 8.918101076356288459e-02
1.569058470794854276e+00 8.888720320474233216e-02
1.571228137522642454e+00 8.859433350614999425e-02
1.573400804427796507e+00 8.830239879480594745e-02
1.575576475658909237e+00 8.801139620606263092e-02
1.577755155370310414e+00 8.772132288358258645e-02
1.579936847722074100e+00 8.743217597931594864e-02
1.582121556880027091e+00 8.714395265347818498e-02
1.584309287015756240e+00 8.685665007452804398e-02
1.586500042306617120e+00 8.657026541914505935e-02
1.588693826935741571e+00 8.628479587220763691e-02
1.590890645092045697e+00 8.600023862677093345e-02
1.593090500970238077e+00 8.571659088404477711e-02
1.595293398770827764e+00 8.543384985337168502e-02
1.597499342700132052e+00 8.515201275220506127e-02
1.599708336970284472e+00 8.487107680608714511e-02
1.601920385799243229e+00 8.459103924862729218e-02
1.604135493410799418e+00 8.431189732148017257e-02
1.606353664034583906e+00 8.403364827432430184e-02
1.608574901906077104e+00 8.375628936483990594e-02
1.610799211266615183e+00 8.347981785868775761e-02
1.613026596363400067e+00 8.320423102948724947e-02
1.615257061449506315e+00 8.292952615879532752e-02
1.617490610783889338e+00 8.265570053608456424e-02
1.619727248631394056e+00 8.238275145872214766e-02
1.621966979262762454e+00 8.211067623194830134e-02
1.624209806954642454e+00 8.183947216885507914e-02
1.626455735989595253e+00 8.156913659036509057e-02
1.628704770656104195e+00 8.129966682521035104e-02
1.630956915248582106e+00 8.103106020991107661e-02
1.633212174067380840e+00 8.076331408875470075e-02
1.635470551418798157e+00 8.049642581377465522e-02
1.637732051615086615e+00 8.023039274472952564e-02
1.639996678974461775e+00 7.996521224908210990e-02
1.642264437821110645e+00 7.970088170197857369e-02
1.644535332485198564e+00 7.943739848622732858e-02
1.646809367302879856e+00 7.917475999227863159e-02
1.649086546616304050e+00 7.891296361820369920e-02
1.651366874773624982e+00 7.865200676967382121e-02
1.653650356129009458e+00 7.839188685994012695e-02
1.655936995042644355e+00 7.813260130981267149e-02
1.658226795880746618e+00 7.787414754764002134e-02
1.660519763015570360e+00 7.761652300928874315e-02
1.662815900825415305e+00 7.735972513812308660e-02
1.665115213694635887e+00 7.710375138498441749e-02
1.667417706013648582e+00 7.684859920817106727e-02
1.669723382178941673e+00 7.659426607341783544e-02
1.672032246593081917e+00 7.634074945387597788e-02
1.674344303664724531e+00 7.608804683009288972e-02
1.676659557808620526e+00 7.583615568999203804e-02
1.678978013445626027e+00 7.558507352885272812e-02
1.681299675002709604e+00 7.533479784929032752e-02
1.683624546912962039e+00 7.508532616123599068e-02
1.685952633615603435e+00 7.483665598191700796e-02
1.688283939555992985e+00 7.458878483583655794e-02
1.690618469185636741e+00 7.434171025475425076e-02
1.692956226962195609e+00 7.409542977766617189e-02
1.695297217349495122e+00 7.384994095078493970e-02
1.697641444817533207e+00 7.360524132752033211e-02
1.699988913842488625e+00 7.336132846845948297e-02
1.702339628906729851e+00 7.311819994134732825e-02
1.704693594498823517e+00 7.287585332106685798e-02
1.707050815113542841e+00 7.263428618962003425e-02
1.709411295251876739e+00 7.239349613610786272e-02
1.711775039421037148e+00 7.215348075671136618e-02
1.714142052134469685e+00 7.191423765467193363e-02
1.716512337911859865e+00 7.167576444027225213e-02
1.718885901279143757e+00 7.143805873081680857e-02
1.721262746768515761e+00 7.120111815061287708e-02
1.723642878918437038e+00 7.096494033095127052e-02
1.726026302273644175e+00 7.072952291008714754e-02
1.728413021385159176e+00 7.049486353322105547e-02
1.730803040810295901e+00 7.026095985247980680e-02
1.733196365112670945e+00 7.002780952689761917e-02
1.735592998862210745e+00 6.979541022239696413e-02
1.737992946635161573e+00 6.956375961176991529e-02
1.740396213014096860e+00 6.933285537465924686e-02
1.742802802587927191e+00 6.910269519753951817e-02
1.745212719951908964e+00 6.887327677369838030e-02
1.747625969707651938e+00 6.864459780321803539e-02
1.750042556463129895e+00 6.841665599295630729e-02
1.752462484832687739e+00 6.818944905652825350e-02
1.754885759437051052e+00 6.796297471428751347e-02
1.757312384903335412e+00 6.773723069330782331e-02
1.759742365865054170e+00 6.751221472736439189e-02
1.762175706962127775e+00 6.728792455691581798e-02
1.764612412840893096e+00 6.706435792908532756e-02
1.767052488154111645e+00 6.684151259764271880e-02
1.769495937560978671e+00 6.661938632298583518e-02
1.771942765727132052e+00 6.639797687212260768e-02
1.774392977324661169e+00 6.617728201865262505e-02
1.776846577032116459e+00 6.595729954274905105e-02
1.779303569534516960e+00 6.573802723114047231e-02
1.781763959523360308e+00 6.551946287709307926e-02
1.784227751696632280e+00 6.530160428039223641e-02
1.786694950758813238e+00 6.508444924732491310e-02
1.789165561420890782e+00 6.486799559066137866e-02
1.791639588400365080e+00 6.465224112963777192e-02
1.794117036421260858e+00 6.443718368993778256e-02
1.796597910214134508e+00 6.422282110367512342e-02
1.799082214516083411e+00 6.400915120937591962e-02
1.801569954070756374e+00 6.379617185196054252e-02
1.804061133628360958e+00 6.358388088272641514e-02
1.806555757945673024e+00 6.337227615933019309e-02
1.809053831786046507e+00 6.316135554577012590e-02
1.811555359919421404e+00 6.295111691236875140e-02
1.814060347122334438e+00 6.274155813575506280e-02
1.816568798177926825e+00 6.253267709884746672e-02
1.819080717875953157e+00 6.232447169083607519e-02
1.821596111012792063e+00 6.211693980716552488e-02
1.824114982391454642e+00 6.191007934951754665e-02
1.826637336821592239e+00 6.170388822579389587e-02
1.829163179119508653e+00 6.149836435009882474e-02
1.831692514108166137e+00 6.129350564272220692e-02
1.834225346617196717e+00 6.108931003012216254e-02
1.836761681482911079e+00 6.088577544490810650e-02
1.839301523548306339e+00 6.068289982582369263e-02
1.841844877663077584e+00 6.048068111772968158e-02
1.844391748683625654e+00 6.027911727158714178e-02
1.846942141473066235e+00 6.007820624444036584e-02
1.849496060901240302e+00 5.987794599940014090e-02
1.852053511844722333e+00 5.967833450562675529e-02
1.854614499186830079e+00 5.947936973831337293e-02
1.857179027817634331e+00 5.928104967866910241e-02
1.859747102633967142e+00 5.908337231390242694e-02
1.862318728539432255e+00 5.888633563720443304e-02
1.864893910444413549e+00 5.868993764773231675e-02
1.867472653266085691e+00 5.849417635059256382e-02
1.870054961928422133e+00 5.829904975682470569e-02
1.872640841362204878e+00 5.810455588338451355e-02
1.875230296505034921e+00 5.791069275312781678e-02
1.877823332301340464e+00 5.771745839479386353e-02
1.880419953702386460e+00 5.752485084298909757e-02
1.883020165666285273e+00 5.733286813817065064e-02
1.885623973158003785e+00 5.714150832663034141e-02
1.888231381149375832e+00 5.695076946047802902e-02
1.890842394619109967e+00 5.676064959762568835e-02
1.893457018552797910e+00 5.657114680177122157e-02
1.896075257942927195e+00 5.638225914238215869e-02
1.898697117788887834e+00 5.619398469467970503e-02
1.901322603096982533e+00 5.600632153962269155e-02
1.903951718880438237e+00 5.581926776389142114e-02
1.906584470159412126e+00 5.563282145987197974e-02
1.909220861961004267e+00 5.544698072563999935e-02
1.911860899319266505e+00 5.526174366494494838e-02
1.914504587275210223e+00 5.507710838719426932e-02
1.917151930876819010e+00 5.489307300743756501e-02
1.919802935179055980e+00 5.470963564635073634e-02
1.922457605243873768e+00 5.452679443011607813e-02
1.925115946140225631e+00 5.434454748926688394e-02
1.927777962944072998e+00 5.416289295911563134e-02
1.930443660738396794e+00 5.398182898055290529e-02
1.933113044613206766e+00 5.380135370004627410e-02
1.935786119665550586e+00 5.362146526962437848e-02
1.938462890999524291e+00 5.344216184686143012e-02
1.941143363726282267e+00 5.326344159486127994e-02
1.943827542964045252e+00 5.308530268224202070e-02
1.946515433838112541e+00 5.290774328312022184e-02
1.949207041480869984e+00 5.273076157709540024e-02
1.951902371031800421e+00 5.255435574923461584e-02
1.954601427637494337e+00 5.237852399005678283e-02
1.957304216451657419e+00 5.220326449551745962e-02
1.960010742635123204e+00 5.202857546699331259e-02
1.962721011355860190e+00 5.185445511126679508e-02
1.965435027788984046e+00 5.168090164051081931e-02
1.968152797116766495e+00 5.150791327227352556e-02
1.970874324528644417e+00 5.133548822946298190e-02
1.973599615221231174e+00 5.116362474033201574e-02
1.976328674398326157e+00 5.099232103846307318e-02
1.979061507270923448e+00 5.082157536275313386e-02
1.981798119057224250e+00 5.065138595739847316e-02
1.984538514982643997e+00 5.048175107187986149e-02
1.987282700279824565e+00 5.031266896094740981e-02
1.990030680188643597e+00 5.014413788460553995e-02
1.992782459956223384e+00 4.997615610809834352e-02
1.995538044836942637e+00 4.980872190189438581e-02
1.998297440092445809e+00 4.964183354167202300e-02
2.001060650991652423e+00 4.947548930830460850e-02
2.003827682810768618e+00 4.930968748784569922e-02
2.006598540833294919e+00 4.914442637151436588e-02
2.009373230350040007e+00 4.897970425568030917e-02
2.012151756659126711e+00 4.881551944184954472e-02
2.014934125066004444e+00 4.865187023664951926e-02
2.017720340883459862e+00 4.848875495181465684e-02
2.020510409431624854e+00 4.832617190417178715e-02
2.023304336037987650e+00 4.816411941562576821e-02
2.026102126037405693e+00 4.800259581314468560e-02
2.028903784772109642e+00 4.784159942874598864e-02
2.031709317591720687e+00 4.768112859948151622e-02
2.034518729853255437e+00 4.752118166742361205e-02
2.037332026921138795e+00 4.736175697965051140e-02
2.040149214167213287e+00 4.720285288823226899e-02
2.042970296970748834e+00 4.704446775021649263e-02
2.045795280718455622e+00 4.688659992761398665e-02
2.048624170804490774e+00 4.672924778738484636e-02
2.051456972630470776e+00 4.657240970142413616e-02
2.054293691605481698e+00 4.641608404654790770e-02
2.057134333146088956e+00 4.626026920447916940e-02
2.059978902676347978e+00 4.610496356183379357e-02
2.062827405627814414e+00 4.595016551010661782e-02
2.065679847439554795e+00 4.579587344565747009e-02
2.068536233558155857e+00 4.564208576969738113e-02
2.071396569437736979e+00 4.548880088827446377e-02
2.074260860539959062e+00 4.533601721226040299e-02
2.077129112334034300e+00 4.518373315733647394e-02
2.080001330296739503e+00 4.503194714397982384e-02
2.082877519912422759e+00 4.488065759744983008e-02
2.085757686673017197e+00 4.472986294777427790e-02
2.088641836078048541e+00 4.457956162973595454e-02
2.091529973634649320e+00 4.442975208285871586e-02
2.094422104857565525e+00 4.428043275139421225e-02
2.097318235269169051e+00 4.413160208430823989e-02
2.100218370399469237e+00 4.398325853526720980e-02
2.103122515786120861e+00 4.383540056262470730e-02
2.106030676974436133e+00 4.368802662940809989e-02
2.108942859517396684e+00 4.354113520330515213e-02
2.111859068975660669e+00 4.339472475665055035e-02
2.114779310917576982e+00 4.324879376641277418e-02
2.117703590919193690e+00 4.310334071418061436e-02
2.120631914564269138e+00 4.295836408615009983e-02
2.123564287444283938e+00 4.281386237311115422e-02
2.126500715158448518e+00 4.266983407043447446e-02
2.129441203313717779e+00 4.252627767805837455e-02
2.132385757524798642e+00 4.238319170047568502e-02
2.135334383414162041e+00 4.224057464672065221e-02
2.138287086612054466e+00 4.209842503035593486e-02
2.141243872756506406e+00 4.195674136945957283e-02
2.144204747493345664e+00 4.181552218661201831e-02
2.147169716476206691e+00 4.167476600888321558e-02
2.150138785366541239e+00 4.153447136781965310e-02
2.153111959833629907e+00 4.139463679943163749e-02
2.156089245554593248e+00 4.125526084418017908e-02
2.159070648214400645e+00 4.111634204696455741e-02
2.162056173505884527e+00 4.097787895710917894e-02
2.165045827129747469e+00 4.083987012835119806e-02
2.168039614794575964e+00 4.070231411882753447e-02
2.171037542216849747e+00 4.056520949106243168e-02
2.174039615120952895e+00 4.042855481195469641e-02
2.177045839239185820e+00 4.029234865276504207e-02
2.180056220311775483e+00 4.015658958910373749e-02
2.183070764086885163e+00 4.002127620091794347e-02
2.186089476320628222e+00 3.988640707247914641e-02
2.189112362777076104e+00 3.975198079237088344e-02
2.192139429228271652e+00 3.961799595347614833e-02
2.195170681454238881e+00 3.948445115296507490e-02
2.198206125242993636e+00 3.935134499228261362e-02
2.201245766390556025e+00 3.921867607713611786e-02
2.204289610700961521e+00 3.908644301748302741e-02
2.207337663986269849e+00 3.895464442751869066e-02
2.210389932066577856e+00 3.882327892566422162e-02
2.213446420770031953e+00 3.869234513455394042e-02
2.216507135932835215e+00 3.856184168102367443e-02
2.219572083399262041e+00 3.843176719609832370e-02
2.222641269021668808e+00 3.830212031497980119e-02
2.225714698660503199e+00 3.817289967703502152e-02
2.228792378184317524e+00 3.804410392578388284e-02
2.231874313469778937e+00 3.791573170888722089e-02
2.234960510401680089e+00 3.778778167813478389e-02
2.238050974872951571e+00 3.766025248943345727e-02
2.241145712784672117e+00 3.753314280279523851e-02
2.244244730046081937e+00 3.740645128232525374e-02
2.247348032574590260e+00 3.728017659621019053e-02
2.250455626295789546e+00 3.715431741670631449e-02
2.253567517143467480e+00 3.702887242012762453e-02
2.256683711059614961e+00 3.690384028683427881e-02
2.259804213994440314e+00 3.677921970122078471e-02
2.262929031906379063e+00 3.665500935170430685e-02
2.266058170762106805e+00 3.653120793071305827e-02
2.269191636536549872e+00 3.640781413467456679e-02
2.272329435212895099e+00 3.628482666400430906e-02
2.275471572782604035e+00 3.616224422309390757e-02
2.278618055245423601e+00 3.604006552029974386e-02
2.281768888609395862e+00 3.591828926793141225e-02
2.284924078890870902e+00 3.579691418224034000e-02
2.288083632114518373e+00 3.567593898340811615e-02
2.291247554313339041e+00 3.555536239553543087e-02
2.294415851528675887e+00 3.543518314663041124e-02
2.297588529810225211e+00 3.531539996859742181e-02
2.300765595216048620e+00 3.519601159722577505e-02
2.303947053812586354e+00 3.507701677217823361e-02
2.307132911674664832e+00 3.495841423698010930e-02
2.310323174885512643e+00 3.484020273900774456e-02
2.313517849536768534e+00 3.472238102947745181e-02
2.316716941728496071e+00 3.460494786343433493e-02
2.319920457569193406e+00 3.448790199974113846e-02
2.323128403175804824e+00 3.437124220106721473e-02
2.326340784673734063e+00 3.425496723387732451e-02
2.329557608196854090e+00 3.413907586842075681e-02
2.332778879887519530e+00 3.402356687872017810e-02
2.336004605896579545e+00 3.390843904256075902e-02
2.339234792383388051e+00 3.379369114147910691e-02
2.342469445515815263e+00 3.367932196075251738e-02
2.345708571470262349e+00 3.356533028938785829e-02
2.348952176431668537e+00 3.345171492011093928e-02
2.352200266593527100e+00 3.333847464935549981e-02
2.355452848157894685e+00 3.322560827725248855e-02
2.358709927335405077e+00 3.311311460761932890e-02
2.361971510345278968e+00 3.300099244794897635e-02
2.365237603415337730e+00 3.288924060939953792e-02
2.368508212782013178e+00 3.277785790678329481e-02
2.371783344690363116e+00 3.266684315855608589e-02
2.375063005394077553e+00 3.255619518680687163e-02
2.378347201155497359e+00 3.244591281724693022e-02
2.381635938245620920e+00 3.233599487919933124e-02
2.384929222944117910e+00 3.222644020558849964e-02
2.388227061539342611e+00 3.211724763292951590e-02
2.391529460328344125e+00 3.200841600131784648e-02
2.394836425616878373e+00 3.189994415441874814e-02
2.398147963719422293e+00 3.179183093945679023e-02
2.401464080959182734e+00 3.168407520720564058e-02
2.404784783668111547e+00 3.157667581197753925e-02
2.408110078186914471e+00 3.146963161161304978e-02
2.411439970865067117e+00 3.136294146747063694e-02
2.414774468060824741e+00 3.125660424441643187e-02
2.418113576141232901e+00 3.115061881081409093e-02
2.421457301482142999e+00 3.104498403847999466e-02
2.424805650468222495e+00 3.093969880258140917e-02
2.428158629492967346e+00 3.083476198172533517e-02
2.431516244958714879e+00 3.073017245797799585e-02
2.434878503276654449e+00 3.062592911685473041e-02
2.438245410866841212e+00 3.052203084730983548e-02
2.441616974158208109e+00 3.041847654172646562e-02
2.444993199588577415e+00 3.031526509590661694e-02
2.448374093604674062e+00 3.021239540906104845e-02
2.451759662662136297e+00 3.010986638379939406e-02
2.455149913225530778e+00 3.000767692612002838e-02
2.458544851768362349e+00 2.990582594540016140e-02
2.461944484773086472e+00 2.980431235438607204e-02
2.465348818731124325e+00 2.970313506918296001e-02
2.468757860142872129e+00 2.960229300924530418e-02
2.472171615517714027e+00 2.950178509736688104e-02
2.475590091374037183e+00 2.940161025967103284e-02
2.479013294239240217e+00 2.930176742560082481e-02
2.482441230649749198e+00 2.920225552790933418e-02
2.485873907151028739e+00 2.910307350264986284e-02
2.489311330297592217e+00 2.900422028916634087e-02
2.492753506653019535e+00 2.890569483008346985e-02
2.496200442789964669e+00 2.880749607129725817e-02
2.499652145290170324e+00 2.870962296196526847e-02
2.503108620744480817e+00 2.861207445449707662e-02
2.506569875752854060e+00 2.851484950454472381e-02
2.510035916924374000e+00 2.841794707099306108e-02
2.513506750877263940e+00 2.832136611595033326e-02
2.516982384238898085e+00 2.822510560473869348e-02
2.520462823645815309e+00 2.812916450588464831e-02
2.523948075743732034e+00 2.803354179110964517e-02
2.527438147187552442e+00 2.793823643532073950e-02
2.530933044641385354e+00 2.784324741660107114e-02
2.534432774778552222e+00 2.774857371620065641e-02
2.537937344281604446e+00 2.765421431852690265e-02
2.541446759842332259e+00 2.756016821113534479e-02
2.544961028161779382e+00 2.746643438472044785e-02
2.548480155950257231e+00 2.737301183310618391e-02
2.552004149927353804e+00 2.727989955323697341e-02
2.555533016821950554e+00 2.718709654516830374e-02
2.559066763372233044e+00 2.709460181205769133e-02
2.562605396325703833e+00 2.700241436015544255e-02
2.566148922439196234e+00 2.691053319879549779e-02
2.569697348478887200e+00 2.681895734038642135e-02
2.573250681220308866e+00 2.672768580040225592e-02
2.576808927448362763e+00 2.663671759737341882e-02
2.580372093957333135e+00 2.654605175287777855e-02
2.583940187550898049e+00 2.645568729153154747e-02
2.587513215042145376e+00 2.636562324098032373e-02
2.591091183253581676e+00 2.627585863189024415e-02
2.594674099017149516e+00 2.618639249793884224e-02
2.598261969174238128e+00 2.609722387580631214e-02
2.601854800575695403e+00 2.600835180516656783e-02
2.605452600081844761e+00 2.591977532867837872e-02
2.609055374562494478e+00 2.583149349197647743e-02
2.612663130896952346e+00 2.574350534366293131e-02
2.616275875974039877e+00 2.565580993529808368e-02
2.619893616692102079e+00 2.556840632139210923e-02
2.623516359959025657e+00 2.548129355939598994e-02
2.627144112692247901e+00 2.539447070969292827e-02
2.630776881818770896e+00 2.530793683558975327e-02
2.634414674275176171e+00 2.522169100330805963e-02
2.638057497007637142e+00 2.513573228197571105e-02
2.641705356971931540e+00 2.505005974361813187e-02
2.645358261133456068e+00 2.496467246314982083e-02
2.649016216467238838e+00 2.487956951836568092e-02
2.652679229957952689e+00 2.479474998993253312e-02
2.656347308599928958e+00 2.471021296138057113e-02
2.660020459397170356e+00 2.462595751909485084e-02
2.663698689363365624e+00 2.454198275230687343e-02
2.667382005521900634e+00 2.445828775308606096e-02
2.671070414905873047e+00 2.437487161633139499e-02
2.674763924558107409e+00 2.429173343976295113e-02
2.678462541531165364e+00 2.420887232391359320e-02
2.682166272887361202e+00 2.412628737212053204e-02
2.685875125698774291e+00 2.404397769051707517e-02
2.689589107047264172e+00 2.396194238802424117e-02
2.693308224024483000e+00 2.388018057634255092e-02
2.697032483731888419e+00 2.379869136994367321e-02
2.700761893280757775e+00 2.371747388606227497e-02
2.704496459792202767e+00 2.363652724468773975e-02
2.708236190397180998e+00 2.355585056855599019e-02
2.711981092236511959e+00 2.347544298314132097e-02
2.715731172460886800e+00 2.339530361664828376e-02
2.719486438230887426e+00 2.331543160000346809e-02
2.723246896716996268e+00 2.323582606684750432e-02
2.727012555099609603e+00 2.315648615352690690e-02
2.730783420569053987e+00 2.307741099908604612e-02
2.734559500325599579e+00 2.299859974525911635e-02
2.738340801579470352e+00 2.292005153646210075e-02
2.742127331550863190e+00 2.284176551978480199e-02
2.745919097469956327e+00 2.276374084498291456e-02
2.749716106576927555e+00 2.268597666446991665e-02
2.753518366121966210e+00 2.260847213330934025e-02
2.757325883365286057e+00 2.253122640920679834e-02
2.761138665577140827e+00 2.245423865250203987e-02
2.764956720037837545e+00 2.237750802616117474e-02
2.768780054037749849e+00 2.230103369576880157e-02
2.772608674877333090e+00 2.222481482952021539e-02
2.776442589867136324e+00 2.214885059821358401e-02
2.780281806327818295e+00 2.207314017524221808e-02
2.784126331590161652e+00 2.199768273658674750e-02
2.787976172995084045e+00 2.192247746080751986e-02
2.791831337893655007e+00 2.184752352903675601e-02
2.795691833647108826e+00 2.177282012497100058e-02
2.799557667626858759e+00 2.169836643486328792e-02
2.803428847214511244e+00 2.162416164751573139e-02
2.807305379801879663e+00 2.155020495427171709e-02
2.811187272790999003e+00 2.147649554900834049e-02
2.815074533594139616e+00 2.140303262812889157e-02
2.818967169633820546e+00 2.132981539055527412e-02
2.822865188342826404e+00 2.125684303772045272e-02
2.826768597164217134e+00 2.118411477356097264e-02
2.830677403551347115e+00 2.111162980450939641e-02
2.834591614967876705e+00 2.103938733948692782e-02
2.838511238887785559e+00 2.096738658989592136e-02
2.842436282795389069e+00 2.089562676961243676e-02
2.846366754185353010e+00 2.082410709497881790e-02
2.850302660562704204e+00 2.075282678479640000e-02
2.854244009442849173e+00 2.068178506031804684e-02
2.858190808351585677e+00 2.061098114524083022e-02
2.862143064825118266e+00 2.054041426569871293e-02
2.866100786410072931e+00 2.047008365025524551e-02
2.870063980663510428e+00 2.039998852989631170e-02
2.874032655152940929e+00 2.033012813802281132e-02
2.878006817456340460e+00 2.026050171044342652e-02
2.881986475162161554e+00 2.019110848536745037e-02
2.885971635869351459e+00 2.012194770339753927e-02
2.889962307187364132e+00 2.005301860752255888e-02
2.893958496736176667e+00 1.998432044311038158e-02
2.897960212146303061e+00 1.991585245790076716e-02
2.901967461058806652e+00 1.984761390199832332e-02
2.905980251125319658e+00 1.977960402786521632e-02
2.909998590008052499e+00 1.971182209031431889e-02
2.914022485379811567e+00 1.964426734650195558e-02
2.918051944924013430e+00 1.957693905592097772e-02
2.922086976334698605e+00 1.950983648039369273e-02
2.926127587316547540e+00 1.944295888406489745e-02
2.930173785584893498e+00 1.937630553339486986e-02
2.934225578865739426e+00 1.930987569715241978e-02
2.938282974895770838e+00 1.924366864640794650e-02
2.942345981422371803e+00 1.917768365452649990e-02
2.946414606203638709e+00 1.911191999716094214e-02
2.950488857008397581e+00 1.904637695224492902e-02
2.954568741616214300e+00 1.898105379998623471e-02
2.958654267817414585e+00 1.891594982285973656e-02
2.962745443413095536e+00 1.885106430560068089e-02
2.966842276215140739e+00 1.878639653519790717e-02
2.970944774046237580e+00 1.872194580088694035e-02
2.975052944739888350e+00 1.865771139414335034e-02
2.979166796140429341e+00 1.859369260867593104e-02
2.983286336103043723e+00 1.852988874042000439e-02
2.987411572493774425e+00 1.846629908753070343e-02
2.991542513189544561e+00 1.840292295037628326e-02
2.995679166078167199e+00 1.833975963153144234e-02
2.999821539058362685e+00 1.827680843577064729e-02
3.003969640039775513e+00 1.821406867006159294e-02
3.008123476942984098e+00 1.815153964355848207e-02
3.012283057699522093e+00 1.808922066759546810e-02
3.016448390251890377e+00 1.802711105568008051e-02
3.020619482553571267e+00 1.796521012348671273e-02
3.024796342569046725e+00 1.790351718884996765e-02
3.028978978273809464e+00 1.784203157175826698e-02
3.033167397654382924e+00 1.778075259434726968e-02
3.037361608708333716e+00 1.771967958089338407e-02
3.041561619444286269e+00 1.765881185780735982e-02
3.045767437881939710e+00 1.759814875362139541e-02
3.049979072052083851e+00 1.753768959872973113e-02
3.054196529996611176e+00 1.747743372530292244e-02
3.058419819768535941e+00 1.741738046760491973e-02
3.062648949432007495e+00 1.735752916201055082e-02
3.066883927062325821e+00 1.729787914699906087e-02
3.071124760745958415e+00 1.723842976314768002e-02
3.075371458580553163e+00 1.717918035312522920e-02
3.079624028674955660e+00 1.712013026168581614e-02
3.083882479149225642e+00 1.706127883566238221e-02
3.088146818134648530e+00 1.700262542396044005e-02
3.092417053773756308e+00 1.694416937755173491e-02
3.096693194220338174e+00 1.688591004946791638e-02
3.100975247639458754e+00 1.682784679479436621e-02
3.105263222207474971e+00 1.676997897066372437e-02
3.109557126112046710e+00 1.671230593624986605e-02
3.113856967552158572e+00 1.665482705276158035e-02
3.118162754738130538e+00 1.659754168343634262e-02
3.122474495891636614e+00 1.654044919353413884e-02
3.126792199245719939e+00 1.648354895033133857e-02
3.131115873044806541e+00 1.642684032311447773e-02
3.135445525544724887e+00 1.637032268317414885e-02
3.139781165012717867e+00 1.631399540379887755e-02
3.144122799727460560e+00 1.625785786026905447e-02
3.148470437979075776e+00 1.620190942985080818e-02
3.152824088069150488e+00 1.614614949178991635e-02
3.157183758310749155e+00 1.609057742730585563e-02
3.161549457028433263e+00 1.603519261958569544e-02
3.165921192558273756e+00 1.597999445377808539e-02
3.170298973247869689e+00 1.592498231698730171e-02
3.174682807456362887e+00 1.587015559826720351e-02
3.179072703554454815e+00 1.581551368861531734e-02
3.183468669924419014e+00 1.576105598096695301e-02
3.187870714960122420e+00 1.570678187018914596e-02
3.192278847067038239e+00 1.565269075307483201e-02
3.196693074662262823e+00 1.559878202833695632e-02
3.201113406174531217e+00 1.554505509660255615e-02
3.205539850044233141e+00 1.549150936040695134e-02
3.209972414723429868e+00 1.543814422418788614e-02
3.214411108675870654e+00 1.538495909427966581e-02
3.218855940377007840e+00 1.533195337890741645e-02
3.223306918314012837e+00 1.527912648818127023e-02
3.227764050985795219e+00 1.522647783409054878e-02
3.232227346903012943e+00 1.517400683049808380e-02
3.236696814588094995e+00 1.512171289313445251e-02
3.241172462575255153e+00 1.506959543959217156e-02
3.245654299410507093e+00 1.501765388932015631e-02
3.250142333651683479e+00 1.496588766361785054e-02
3.254636573868447069e+00 1.491429618562970134e-02
3.259137028642313361e+00 1.486287888033943280e-02
3.263643706566664804e+00 1.481163517456439253e-02
3.268156616246764568e+00 1.476056449694997628e-02
3.272675766299777411e+00 1.470966627796396753e-02
3.277201165354779899e+00 1.465893994989103319e-02
3.281732822052784826e+00 1.460838494682704415e-02
3.286270745046751429e+00 1.455800070467358487e-02
3.290814943001604931e+00 1.450778666113240224e-02
3.295365424594251635e+00 1.445774225569986492e-02
3.299922198513597582e+00 1.440786692966145033e-02
3.304485273460560979e+00 1.435816012608629247e-02
3.309054658148093075e+00 1.430862128982166546e-02
3.313630361301194593e+00 1.425924986748750532e-02
3.318212391656928606e+00 1.421004530747101494e-02
3.322800757964441853e+00 1.416100705992123267e-02
3.327395468984976734e+00 1.411213457674357317e-02
3.331996533491892176e+00 1.406342731159445497e-02
3.336603960270679181e+00 1.401488471987592799e-02
3.341217758118976366e+00 1.396650625873030460e-02
3.345837935846587730e+00 1.391829138703479241e-02
3.350464502275498635e+00 1.387023956539618248e-02
3.355097466239894466e+00 1.382235025614549431e-02
3.359736836586175723e+00 1.377462292333275426e-02
3.364382622172975346e+00 1.372705703272160058e-02
3.369034831871177804e+00 1.367965205178405322e-02
3.373693474563930650e+00 1.363240744969532008e-02
3.378358559146667162e+00 1.358532269732846444e-02
3.383030094527121001e+00 1.353839726724920603e-02
3.387708089625342645e+00 1.349163063371075846e-02
3.392392553373717146e+00 1.344502227264855396e-02
3.397083494716982788e+00 1.339857166167511375e-02
3.401780922612242630e+00 1.335227828007490812e-02
3.406484846028988933e+00 1.330614160879913487e-02
3.411195273949115592e+00 1.326016113046062962e-02
3.415912215366936788e+00 1.321433632932873282e-02
3.420635679289204312e+00 1.316866669132420002e-02
3.425365674735122212e+00 1.312315170401410873e-02
3.430102210736368562e+00 1.307779085660675834e-02
3.434845296337109222e+00 1.303258363994663771e-02
3.439594940594016492e+00 1.298752954650937014e-02
3.444351152576286434e+00 1.294262807039668617e-02
3.449113941365653524e+00 1.289787870733141023e-02
3.453883316056413300e+00 1.285328095465243861e-02
3.458659285755435242e+00 1.280883431130980070e-02
3.463441859582182314e+00 1.276453827785961614e-02
3.468231046668727391e+00 1.272039235645922028e-02
3.473026856159770137e+00 1.267639605086215600e-02
3.477829297212656545e+00 1.263254886641328352e-02
3.482638378997394923e+00 1.258885031004384342e-02
3.487454110696673659e+00 1.254529989026658722e-02
3.492276501505878983e+00 1.250189711717084214e-02
3.497105560633112287e+00 1.245864150241770760e-02
3.501941297299206557e+00 1.241553255923517375e-02
3.506783720737746801e+00 1.237256980241324342e-02
3.511632840195085592e+00 1.232975274829914598e-02
3.516488664930361274e+00 1.228708091479250274e-02
3.521351204215516173e+00 1.224455382134055290e-02
3.526220467335310804e+00 1.220217098893336058e-02
3.531096463587348300e+00 1.215993194009902870e-02
3.535979202282085510e+00 1.211783619889895795e-02
3.540868692742856094e+00 1.207588329092307462e-02
3.545764944305884292e+00 1.203407274328516414e-02
3.550667966320303126e+00 1.199240408461811278e-02
3.555577768148176165e+00 1.195087684506919608e-02
3.560494359164511291e+00 1.190949055629540211e-02
3.565417748757279792e+00 1.186824475145881533e-02
3.570347946327434574e+00 1.182713896522185303e-02
3.575284961288929697e+00 1.178617273374269435e-02
3.580228803068732812e+00 1.174534559467066072e-02
3.585179481106850918e+00 1.170465708714153383e-02
3.590137004856342351e+00 1.166410675177299502e-02
3.595101383783337656e+00 1.162369413066002485e-02
3.600072627367058242e+00 1.158341876737032511e-02
3.605050745099829257e+00 1.154328020693975998e-02
3.610035746487106234e+00 1.150327799586780067e-02
3.615027641047486195e+00 1.146341168211301512e-02
3.620026438312728967e+00 1.142368081508845015e-02
3.625032147827774942e+00 1.138408494565727389e-02
3.630044779150761958e+00 1.134462362612815092e-02
3.635064341853045722e+00 1.130529641025081709e-02
3.640090845519217133e+00 1.126610285321161253e-02
3.645124299747120045e+00 1.122704251162898008e-02
3.650164714147871248e+00 1.118811494354906774e-02
3.655212098345874239e+00 1.114931970844129476e-02
3.660266461978844532e+00 1.111065636719391937e-02
3.665327814697823428e+00 1.107212448210961181e-02
3.670396166167196661e+00 1.103372361690111922e-02
3.675471526064715277e+00 1.099545333668685426e-02
3.680553904081512506e+00 1.095731320798650973e-02
3.685643309922118860e+00 1.091930279871677033e-02
3.690739753304487891e+00 1.088142167818689950e-02
3.695843243960010405e+00 1.084366941709445122e-02
3.700953791633532219e+00 1.080604558752097655e-02
3.706071406083376374e+00 1.076854976292766948e-02
3.711196097081356005e+00 1.073118151815113594e-02
3.716327874412799215e+00 1.069394042939906045e-02
3.721466747876565506e+00 1.065682607424598728e-02
3.726612727285062210e+00 1.061983803162907906e-02
3.731765822464267135e+00 1.058297588184379558e-02
3.736926043253741891e+00 1.054623920653981368e-02
3.742093399506658091e+00 1.050962758871667319e-02
3.747267901089809339e+00 1.047314061271965510e-02
3.752449557883634768e+00 1.043677786423555763e-02
3.757638379782234139e+00 1.040053893028858138e-02
3.762834376693390936e+00 1.036442339923607237e-02
3.768037558538585685e+00 1.032843086076446794e-02
3.773247935253021268e+00 1.029256090588509358e-02
3.778465516785637135e+00 1.025681312693005852e-02
3.783690313099130176e+00 1.022118711754814967e-02
3.788922334169975592e+00 1.018568247270072030e-02
3.794161589988439331e+00 1.015029878865762215e-02
3.799408090558605622e+00 1.011503566299309410e-02
3.804661845898391181e+00 1.007989269458170467e-02
3.809922866039564759e+00 1.004486948359434827e-02
3.815191161027768008e+00 1.000996563149413390e-02
3.820466740922531468e+00 9.975180741032412673e-03
3.825749615797297221e+00 9.940514416244734114e-03
3.831039795739437093e+00 9.905966262446830317e-03
3.836337290850270865e+00 9.871535886228764711e-03
3.841642111245087143e+00 9.837222895436802464e-03
3.846954267053159793e+00 9.803026899177717801e-03
3.852273768417770583e+00 9.768947507822884485e-03
3.857600625496228286e+00 9.734984333004369217e-03
3.862934848459884662e+00 9.701136987611028509e-03
3.868276447494158443e+00 9.667405085784593413e-03
3.873625432798551760e+00 9.633788242915690067e-03
3.878981814586669241e+00 9.600286075640016362e-03
3.884345603086240217e+00 9.566898201834423202e-03
3.889716808539136483e+00 9.533624240612990561e-03
3.895095441201391839e+00 9.500463812323250989e-03
3.900481511343222962e+00 9.467416538542263935e-03
3.905875029249044950e+00 9.434482042072801083e-03
3.911276005217497520e+00 9.401659946939509155e-03
3.916684449561459669e+00 9.368949878385086569e-03
3.922100372608070984e+00 9.336351462866489606e-03
3.927523784698752518e+00 9.303864328051093466e-03
3.932954696189221444e+00 9.271488102812983426e-03
3.938393117449518144e+00 9.239222417229098552e-03
3.943839058864022196e+00 9.207066902575510720e-03
3.949292530831471471e+00 9.175021191323665462e-03
3.954753543764984336e+00 9.143084917136636708e-03
3.960222108092075644e+00 9.111257714865404062e-03
3.965698234254681598e+00 9.079539220545131822e-03
3.971181932709176632e+00 9.047929071391458411e-03
3.976673213926394723e+00 9.016426905796796204e-03
3.982172088391647602e+00 8.985032363326653920e-03
3.987678566604746955e+00 8.953745084715965946e-03
3.993192659080021745e+00 8.922564711865428599e-03
3.998714376346341748e+00 8.891490887837817311e-03
4.004243728947135317e+00 8.860523256854400953e-03
4.009780727440410253e+00 8.829661464291255549e-03
4.015325382398773790e+00 8.798905156675673397e-03
4.020877704409450359e+00 8.768253981682593012e-03
4.026437704074308677e+00 8.737707588130897221e-03
4.032005392009874178e+00 8.707265625979929841e-03
4.037580778847354779e+00 8.676927746325845819e-03
4.043163875232657745e+00 8.646693601398117504e-03
4.048754691826409235e+00 8.616562844555921211e-03
4.054353239303981837e+00 8.586535130284589715e-03
4.059959528355505221e+00 8.556610114192148009e-03
4.065573569685894562e+00 8.526787453005692935e-03
4.071195374014864754e+00 8.497066804567967105e-03
4.076824952076957054e+00 8.467447827833804452e-03
4.082462314621551513e+00 8.437930182866679868e-03
4.088107472412896293e+00 8.408513530835158220e-03
4.093760436230122757e+00 8.379197534009511644e-03
4.099421216867267681e+00 8.349981855758201524e-03
4.105089825133294568e+00 8.320866160544448942e-03
4.110766271852110521e+00 8.291850113922779111e-03
4.116450567862592003e+00 8.262933382535633461e-03
4.122142724018602600e+00 8.234115634109896720e-03
4.127842751189015225e+00 8.205396537453536754e-03
4.133550660257732545e+00 8.176775762452150736e-03
4.139266462123704748e+00 8.148252980065658763e-03
4.144990167700953521e+00 8.119827862324863893e-03
4.150721787918595140e+00 8.091500082328065974e-03
4.156461333720856466e+00 8.063269314237777804e-03
4.162208816067097139e+00 8.035135233277335490e-03
4.167964245931831790e+00 8.007097515727541748e-03
4.173727634304750467e+00 7.979155838923402896e-03
4.179498992190739948e+00 7.951309881250723591e-03
4.185278330609904174e+00 7.923559322142869829e-03
4.191065660597586451e+00 7.895903842077457366e-03
4.196860993204388102e+00 7.868343122573060941e-03
4.202664339496189783e+00 7.840876846185909632e-03
4.208475710554176352e+00 7.813504696506660269e-03
4.214295117474855523e+00 7.786226358157117937e-03
4.220122571370077402e+00 7.759041516786998986e-03
4.225958083367061136e+00 7.731949859070673219e-03
4.231801664608404678e+00 7.704951072703970262e-03
4.237653326252121211e+00 7.678044846400933036e-03
4.243513079471650684e+00 7.651230869890624994e-03
4.249380935455882913e+00 7.624508833913904403e-03
4.255256905409179780e+00 7.597878430220258474e-03
4.261141000551396552e+00 7.571339351564646165e-03
4.267033232117901420e+00 7.544891291704288079e-03
4.272933611359602146e+00 7.518533945395503189e-03
4.278842149542961160e+00 7.492267008390592412e-03
4.284758857950021316e+00 7.466090177434682278e-03
4.290683747878426324e+00 7.440003150262567734e-03
4.296616830641439400e+00 7.414005625595659899e-03
4.302558117567971685e+00 7.388097303138752535e-03
4.308507620002595573e+00 7.362277883577085166e-03
4.314465349305574016e+00 7.336547068573067050e-03
4.320431316852878290e+00 7.310904560763337688e-03
4.326405534036206646e+00 7.285350063755614836e-03
4.332388012263013621e+00 7.259883282125645723e-03
4.338378762956525136e+00 7.234503921414175628e-03
4.344377797555765142e+00 7.209211688123838384e-03
4.350385127515576045e+00 7.184006289716178724e-03
4.356400764306633810e+00 7.158887434608622591e-03
4.362424719415482599e+00 7.133854832171404939e-03
4.368457004344546313e+00 7.108908192724598153e-03
4.374497630612156129e+00 7.084047227535105774e-03
4.380546609752570930e+00 7.059271648813662293e-03
4.386603953315995064e+00 7.034581169711861572e-03
4.392669672868607655e+00 7.009975504319179186e-03
4.398743779992582148e+00 6.985454367659972227e-03
4.404826286286104953e+00 6.961017475690589248e-03
4.410917203363401207e+00 6.936664545296366592e-03
4.417016542854758754e+00 6.912395294288699310e-03
4.423124316406541467e+00 6.888209441402161522e-03
4.429240535681223001e+00 6.864106706291493200e-03
4.435365212357401887e+00 6.840086809528777775e-03
4.441498358129825519e+00 6.816149472600495710e-03
4.447639984709413241e+00 6.792294417904617965e-03
4.453790103823275892e+00 6.768521368747766262e-03
4.459948727214744224e+00 6.744830049342288338e-03
4.466115866643382226e+00 6.721220184803421670e-03
4.472291533885020876e+00 6.697691501146407766e-03
4.478475740731770571e+00 6.674243725283669770e-03
4.484668498992047780e+00 6.650876585021963175e-03
4.490869820490598130e+00 6.627589809059530879e-03
4.497079717068518612e+00 6.604383126983273851e-03
4.503298200583279787e+00 6.581256269265953023e-03
4.509525282908749766e+00 6.558208967263376432e-03
4.515760975935211086e+00 6.535240953211609791e-03
4.522005291569393570e+00 6.512351960224147147e-03
4.528258241734488543e+00 6.489541722289172629e-03
4.534519838370174583e+00 6.466809974266760595e-03
4.540790093432640617e+00 6.444156451886145186e-03
4.547069018894609904e+00 6.421580891742896188e-03
4.553356626745357794e+00 6.399083031296255372e-03
4.559652928990740151e+00 6.376662608866332307e-03
4.565957937653216447e+00 6.354319363631392124e-03
4.572271664771867528e+00 6.332053035625136335e-03
4.578594122402423139e+00 6.309863365733998398e-03
4.584925322617282362e+00 6.287750095694414135e-03
4.591265277505538478e+00 6.265712968090138106e-03
4.597613999173002064e+00 6.243751726349537449e-03
4.603971499742223195e+00 6.221866114742930810e-03
4.610337791352513648e+00 6.200055878379908195e-03
4.616712886159971774e+00 6.178320763206657761e-03
4.623096796337504699e+00 6.156660516003318630e-03
4.629489534074853196e+00 6.135074884381309414e-03
4.635891111578613888e+00 6.113563616780712251e-03
4.642301541072261450e+00 6.092126462467630822e-03
4.648720834796174373e+00 6.070763171531554439e-03
4.655149005007653606e+00 6.049473494882772438e-03
4.661586063980952765e+00 6.028257184249713116e-03
4.668032024007296776e+00 6.007113992176394551e-03
4.674486897394907636e+00 5.986043672019789562e-03
4.680950696469025729e+00 5.965045977947276527e-03
4.687423433571932918e+00 5.944120664934036437e-03
4.693905121062981856e+00 5.923267488760485498e-03
4.700395771318612859e+00 5.902486206009726830e-03
4.706895396732380554e+00 5.881776574064975262e-03
4.713404009714978748e+00 5.861138351107036785e-03
4.719921622694259078e+00 5.840571296111755906e-03
4.726448248115260320e+00 5.820075168847476006e-03
4.732983898440231485e+00 5.799649729872534409e-03
4.739528586148650469e+00 5.779294740532746159e-03
4.746082323737256914e+00 5.759009962958855713e-03
4.752645123720063758e+00 5.738795160064117870e-03
4.759216998628394535e+00 5.718650095541719103e-03
4.765797961010896699e+00 5.698574533862358488e-03
4.772388023433571824e+00 5.678568240271721947e-03
4.778987198479797804e+00 5.658630980788051032e-03
4.785595498750351950e+00 5.638762522199649262e-03
4.792212936863433193e+00 5.618962632062466517e-03
4.798839525454693167e+00 5.599231078697601907e-03
4.805475277177252202e+00 5.579567631188908985e-03
4.812120204701730408e+00 5.559972059380541114e-03
4.818774320716266324e+00 5.540444133874525452e-03
4.825437637926543566e+00 5.520983626028300520e-03
4.832110169055814808e+00 5.501590307907974937e-03
4.838791926844927538e+00 5.482263952209078320e-03
4.845482924052346263e+00 5.463004332356999164e-03
4.852183173454179155e+00 5.443811222525593227e-03
4.858892687844196701e+00 5.424684397634806955e-03
4.865611480033864567e+00 5.405623633348231524e-03
4.872339562852362249e+00 5.386628706070755758e-03
4.879076949146609721e+00 5.367699392946175679e-03
4.885823651781291410e+00 5.348835471854817072e-03
4.892579683638881960e+00 5.330036721411161513e-03
4.899345057619665766e+00 5.311302920961521838e-03
4.906119786641768066e+00 5.292633850581642159e-03
4.912903883641178915e+00 5.274029291074405421e-03
4.919697361571773619e+00 5.255489023967440353e-03
4.926500233405341156e+00 5.237012831510848981e-03
4.933312512131605487e+00 5.218600496674847405e-03
4.940134210758253985e+00 5.200251803147461216e-03
4.946965342310961411e+00 5.181966535332221784e-03
4.953805919833414784e+00 5.163744478345859944e-03
4.960655956387335586e+00 5.145585418016022233e-03
4.967515465052506407e+00 5.127489140878971514e-03
4.974384458926799368e+00 5.109455434177321426e-03
4.981262951126196548e+00 5.091484085857747414e-03
4.988150954784814850e+00 5.073574884568735066e-03
4.995048483054937982e+00 5.055727619658325830e-03
5.001955549107028887e+00 5.037942081171853208e-03
5.008872166129767933e+00 5.020218059849708425e-03
5.015798347330071572e+00 5.002555347125092235e-03
5.022734105933116311e+00 4.984953735121804008e-03
5.029679455182369807e+00 4.967413016652009149e-03
5.036634408339611291e+00 4.949932985213997827e-03
5.043598978684953771e+00 4.932513434990036527e-03
5.050573179516880451e+00 4.915154160844098161e-03
5.057557024152259828e+00 4.897854958319712744e-03
5.064550525926375002e+00 4.880615623637752157e-03
5.071553698192950321e+00 4.863435953694271278e-03
5.078566554324172699e+00 4.846315746058323104e-03
5.085589107710722701e+00 4.829254798969765186e-03
5.092621371761794968e+00 4.812252911337156283e-03
5.099663359905128424e+00 4.795309882735536780e-03
5.106715085587029357e+00 4.778425513404319265e-03
5.113776562272394521e+00 4.761599604245163493e-03
5.120847803444741331e+00 4.744831956819773287e-03
5.127928822606234505e+00 4.728122373347842626e-03
5.135019633277705609e+00 4.711470656704900249e-03
5.142120248998685916e+00 4.694876610420184622e-03
5.149230683327424174e+00 4.678340038674565736e-03
5.156350949840923015e+00 4.661860746298414869e-03
5.163481062134954058e+00 4.645438538769535060e-03
5.170621033824092549e+00 4.629073222211047348e-03
5.177770878541737787e+00 4.612764603389319512e-03
5.184930609940144208e+00 4.596512489711902620e-03
5.192100241690437379e+00 4.580316689225456296e-03
5.199279787482653070e+00 4.564177010613656646e-03
5.206469261025756801e+00 4.548093263195193518e-03
5.213668676047668704e+00 4.532065256921668887e-03
5.220878046295294617e+00 4.516092802375580237e-03
5.228097385534544728e+00 4.500175710768303076e-03
5.235326707550367331e+00 4.484313793937994529e-03
5.242566026146772806e+00 4.468506864347662581e-03
5.249815355146858487e+00 4.452754735083057532e-03
5.257074708392837081e+00 4.437057219850710013e-03
5.264344099746059769e+00 4.421414132975924789e-03
5.271623543087046393e+00 4.405825289400781483e-03
5.278913052315511223e+00 4.390290504682095411e-03
5.286212641350388708e+00 4.374809594989505050e-03
5.293522324129858347e+00 4.359382377103440676e-03
5.300842114611377554e+00 4.344008668413161522e-03
5.308172026771695862e+00 4.328688286914800752e-03
5.315512074606897563e+00 4.313421051209382663e-03
5.322862272132415917e+00 4.298206780500891076e-03
5.330222633383066899e+00 4.283045294594292618e-03
5.337593172413074072e+00 4.267936413893611176e-03
5.344973903296089901e+00 4.252879959400004094e-03
5.352364840125233947e+00 4.237875752709775908e-03
5.359765997013108851e+00 4.222923616012536074e-03
5.367177388091835866e+00 4.208023372089179752e-03
5.374599027513076166e+00 4.193174844310074145e-03
5.382030929448055723e+00 4.178377856633098270e-03
5.389473108087603492e+00 4.163632233601726081e-03
5.396925577642165628e+00 4.148937800343169453e-03
5.404388352341841006e+00 4.134294382566482129e-03
5.411861446436405210e+00 4.119701806560635039e-03
5.419344874195336281e+00 4.105159899192717399e-03
5.426838649907846701e+00 4.090668487905977334e-03
5.434342787882905590e+00 4.076227400718012567e-03
5.441857302449269795e+00 4.061836466218901251e-03
5.449382207955508761e+00 4.047495513569331071e-03
5.456917518770034725e+00 4.033204372498756969e-03
5.464463249281123147e+00 4.018962873303583150e-03
5.472019413896951789e+00 4.004770846845281777e-03
5.479586027045618479e+00 3.990628124548602738e-03
5.487163103175172196e+00 3.976534538399716621e-03
5.494750656753641493e+00 3.962489920944425349e-03
5.502348702269058478e+00 3.948494105286325107e-03
5.509957254229492563e+00 3.934546925084996156e-03
5.517576327163071781e+00 3.920648214554229953e-03
5.525205935618015651e+00 3.906797808460188599e-03
5.532846094162660044e+00 3.892995542119655813e-03
5.540496817385482942e+00 3.879241251398228042e-03
5.548158119895138185e+00 3.865534772708533774e-03
5.555830016320480347e+00 3.851875943008474957e-03
5.563512521310591374e+00 3.838264599799423322e-03
5.571205649534809012e+00 3.824700581124511247e-03
5.578909415682758777e+00 3.811183725566821574e-03
5.586623834464373495e+00 3.797713872247665459e-03
5.594348920609929721e+00 3.784290860824836376e-03
5.602084688870073492e+00 3.770914531490845035e-03
5.609831154015846977e+00 3.757584724971211113e-03
5.617588330838717781e+00 3.744301282522700773e-03
5.625356234150604706e+00 3.731064045931647456e-03
5.633134878783911503e+00 3.717872857512194602e-03
5.640924279591549073e+00 3.704727560104591720e-03
5.648724451446968331e+00 3.691627997073488720e-03
5.656535409244188628e+00 3.678574012306219838e-03
5.664357167897819956e+00 3.665565450211144809e-03
5.672189742343098473e+00 3.652602155715904166e-03
5.680033147535914040e+00 3.639683974265767782e-03
5.687887398452834198e+00 3.626810751821939183e-03
5.695752510091139698e+00 3.613982334859867224e-03
5.703628497468844039e+00 3.601198570367617618e-03
5.711515375624731661e+00 3.588459305844148624e-03
5.719413159618381037e+00 3.575764389297695581e-03
5.727321864530193984e+00 3.563113669244094301e-03
5.735241505461426748e+00 3.550506994705133080e-03
5.743172097534217535e+00 3.537944215206909482e-03
5.751113655891612275e+00 3.525425180778197533e-03
5.759066195697598367e+00 3.512949741948794523e-03
5.767029732137132214e+00 3.500517749747910756e-03
5.775004280416167646e+00 3.488129055702526762e-03
5.782989855761685227e+00 3.475783511835793017e-03
5.790986473421718017e+00 3.463480970665397136e-03
5.798994148665387982e+00 3.451221285201969656e-03
5.807012896782928202e+00 3.439004308947469449e-03
5.815042733085716620e+00 3.426829895893587774e-03
5.823083672906304464e+00 3.414697900520155798e-03
5.831135731598438454e+00 3.402608177793557762e-03
5.839198924537103430e+00 3.390560583165130263e-03
5.847273267118541007e+00 3.378554972569613579e-03
5.855358774760283325e+00 3.366591202423546616e-03
5.863455462901180582e+00 3.354669129623720839e-03
5.871563347001434785e+00 3.342788611545592127e-03
5.879682442542620180e+00 3.330949506041744682e-03
5.887812765027723216e+00 3.319151671440337143e-03
5.895954329981166531e+00 3.307394966543524429e-03
5.904107152948840032e+00 3.295679250625941151e-03
5.912271249498130210e+00 3.284004383433151205e-03
5.920446635217946785e+00 3.272370225180121651e-03
5.928633325718760894e+00 3.260776636549674035e-03
5.936831336632625522e+00 3.249223478690979952e-03
5.945040683613211030e+00 3.237710613218022782e-03
5.953261382335834462e+00 3.226237902208093245e-03
5.961493448497483527e+00 3.214805208200290174e-03
5.969736897816857457e+00 3.203412394193977906e-03
5.977991746034388321e+00 3.192059323647322179e-03
5.986258008912272999e+00 3.180745860475772246e-03
5.994535702234507824e+00 3.169471869050577255e-03
6.002824841806909006e+00 3.158237214197307397e-03
6.011125443457152606e+00 3.147041761194342962e-03
6.019437523034800286e+00 3.135885375771436251e-03
6.027761096411331287e+00 3.124767924108196298e-03
6.036096179480169077e+00 3.113689272832660324e-03
6.044442788156718649e+00 3.102649289019802741e-03
6.052800938378385176e+00 3.091647840190091430e-03
6.061170646104619308e+00 3.080684794308022768e-03
6.069551927316935824e+00 3.069760019780666625e-03
6.077944798018950046e+00 3.058873385455610720e-03
6.086349274236408924e+00 3.048024760604920065e-03
6.094765372017212357e+00 3.037214014923697147e-03
6.103193107431458486e+00 3.026441018543623608e-03
6.111632496571464124e+00 3.015705642032232535e-03
6.120083555551798504e+00 3.005007756391479910e-03
6.128546300509313483e+00 2.994347233056324307e-03
6.137020747603173731e+00 2.983723943893304854e-03
6.145506913014890493e+00 2.973137761199132201e-03
6.154004812948349112e+00 2.962588557699286432e-03
6.162514463629841899e+00 2.952076206546603264e-03
6.171035881308100990e+00 2.941600581319871958e-03
6.179569082254320556e+00 2.931161556022453176e-03
6.188114082762200319e+00 2.920759005080888170e-03
6.196670899147968647e+00 2.910392803343484543e-03
6.205239547750416307e+00 2.900062826078975749e-03
6.213820044930924880e+00 2.889768948975122466e-03
6.222412407073504959e+00 2.879511048137318313e-03
6.231016650584815686e+00 2.869289000087278836e-03
6.239632791894207386e+00 2.859102681761615996e-03
6.248260847453749989e+00 2.848951970510509805e-03
6.256900833738259671e+00 2.838836744096359145e-03
6.265552767245337940e+00 2.828756880692400496e-03
6.274216664495391171e+00 2.818712258881396482e-03
6.282892542031677685e+00 2.808702757654263707e-03
6.291580416420329058e+00 2.798728256408747860e-03
6.300280304250382102e+00 2.788788634948097516e-03
6.308992222133817940e+00 2.778883773479711057e-03
6.317716186705579773e+00 2.769013552613836492e-03
6.326452214623621728e+00 2.759177853362230082e-03
6.335200322568927511e+00 2.749376557136853569e-03
6.343960527245549486e+00 2.739609545748551873e-03
6.352732845380636206e+00 2.729876701405739917e-03
6.361517293724469724e+00 2.720177906713118054e-03
6.370313889050487788e+00 2.710513044670356288e-03
6.379122648155326480e+00 2.700881998670785853e-03
6.387943587858848637e+00 2.691284652500140675e-03
6.396776725004174047e+00 2.681720890335235943e-03
6.405622076457713199e+00 2.672190596742703497e-03
6.414479659109196596e+00 2.662693656677703798e-03
6.423349489871712947e+00 2.653229955482660444e-03
6.432231585681736696e+00 2.643799378885969970e-03
6.441125963499161777e+00 2.634401813000746342e-03
6.450032640307337140e+00 2.625037144323559384e-03
6.458951633113088064e+00 2.615705259733166685e-03
6.467882958946764127e+00 2.606406046489271114e-03
6.476826634862261400e+00 2.597139392231248827e-03
6.485782677937057095e+00 2.587905184976924990e-03
6.494751105272246861e+00 2.578703313121302222e-03
6.503731933992566105e+00 2.569533665435355402e-03
6.512725181246435291e+00 2.560396131064766618e-03
6.521730864205987466e+00 2.551290599528705655e-03
6.530749000067099352e+00 2.542216960718602248e-03
6.539779606049426874e+00 2.533175104896921801e-03
6.548822699396437130e+00 2.524164922695939801e-03
6.557878297375437704e+00 2.515186305116538356e-03
6.566946417277618409e+00 2.506239143526971941e-03
6.576027076418075268e+00 2.497323329661688216e-03
6.585120292135848707e+00 2.488438755620095075e-03
6.594226081793958194e+00 2.479585313865382765e-03
6.603344462779424440e+00 2.470762897223311317e-03
6.612475452503318252e+00 2.461971398881024429e-03
6.621619068400783625e+00 2.453210712385859877e-03
6.630775327931072383e+00 2.444480731644165569e-03
6.639944248577583252e+00 2.435781350920107786e-03
6.649125847847882298e+00 2.427112464834514996e-03
6.658320143273751768e+00 2.418473968363677850e-03
6.667527152411214963e+00 2.409865756838195164e-03
6.676746892840570879e+00 2.401287725941806013e-03
6.685979382166427953e+00 2.392739771710218795e-03
6.695224638017739593e+00 2.384221790529967612e-03
6.704482678047831712e+00 2.375733679137233094e-03
6.713753519934446246e+00 2.367275334616715694e-03
6.723037181379766913e+00 2.358846654400471258e-03
6.732333680110456520e+00 2.350447536266773909e-03
6.741643033877691593e+00 2.342077878338968099e-03
6.750965260457188144e+00 2.333737579084347539e-03
6.760300377649250514e+00 2.325426537312999444e-03
6.769648403278791804e+00 2.317144652176691706e-03
6.779009355195374731e+00 2.308891823167743586e-03
6.788383251273246266e+00 2.300667950117895114e-03
6.797770109411362505e+00 2.292472933197202065e-03
6.807169947533437515e+00 2.284306672912906223e-03
6.816582783587967320e+00 2.276169070108329927e-03
6.826008635548265424e+00 2.268060025961768453e-03
6.835447521412501892e+00 2.259979441985385858e-03
6.844899459203728220e+00 2.251927220024115602e-03
6.854364466969924408e+00 2.243903262254557697e-03
6.863842562784023826e+00 2.235907471183882361e-03
6.873333764743951413e+00 2.227939749648750589e-03
6.882838090972656531e+00 2.220000000814213465e-03
6.892355559618151162e+00 2.212088128172647918e-03
6.901886188853538329e+00 2.204204035542649525e-03
6.911429996877052950e+00 2.196347627067982578e-03
6.920987001912094705e+00 2.188518807216488504e-03
6.930557222207260004e+00 2.180717480779025084e-03
6.940140676036383738e+00 2.172943552868395259e-03
6.949737381698561478e+00 2.165196928918286350e-03
6.959347357518199217e+00 2.157477514682219679e-03
6.968970621845040014e+00 2.149785216232472877e-03
6.978607193054200408e+00 2.142119939959043814e-03
6.988257089546205947e+00 2.134481592568601965e-03
6.997920329747023160e+00 2.126870081083437596e-03
7.007596932108102195e+00 2.119285312840412695e-03
7.017286915106404344e+00 2.111727195489934011e-03
7.026990297244443795e+00 2.104195636994908320e-03
7.036707097050316939e+00 2.096690545629716768e-03
7.046437333077739673e+00 2.089211829979179674e-03
7.056181023906085592e+00 2.081759398937536518e-03
7.065938188140420628e+00 2.074333161707405965e-03
7.075708844411534137e+00 2.066933027798801854e-03
7.085493011375980643e+00 2.059558907028079342e-03
7.095290707716112699e+00 2.052210709516938750e-03
7.105101952140112864e+00 2.044888345691425052e-03
7.114926763382036334e+00 2.037591726280903529e-03
7.124765160201842917e+00 2.030320762317065330e-03
7.134617161385433448e+00 2.023075365132934785e-03
7.144482785744687092e+00 2.015855446361849383e-03
7.154362052117489768e+00 2.008660917936500902e-03
7.164254979367782994e+00 2.001491692087915830e-03
7.174161586385588762e+00 1.994347681344476111e-03
7.184081892087053056e+00 1.987228798530945532e-03
7.194015915414477824e+00 1.980134956767479193e-03
7.203963675336353845e+00 1.973066069468646863e-03
7.213925190847406022e+00 1.966022050342457195e-03
7.223900480968624471e+00 1.959002813389391917e-03
7.233889564747300049e+00 1.952008272901437644e-03
7.243892461257061655e+00 1.945038343461112044e-03
7.253909189597915308e+00 1.938092939940509523e-03
7.263939768896272575e+00 1.931171977500344963e-03
7.273984218304998528e+00 1.924275371588989644e-03
7.284042557003439278e+00 1.917403037941523870e-03
7.294114804197462831e+00 1.910554892578778322e-03
7.304200979119497283e+00 1.903730851806411826e-03
7.314301101028558350e+00 1.896930832213933413e-03
7.324415189210299104e+00 1.890154750673796787e-03
7.334543262977036626e+00 1.883402524340430399e-03
7.344685341667796408e+00 1.876674070649327584e-03
7.354841444648343440e+00 1.869969307316099623e-03
7.365011591311218631e+00 1.863288152335561536e-03
7.375195801075783208e+00 1.856630523980789703e-03
7.385394093388248926e+00 1.849996340802219147e-03
7.395606487721718025e+00 1.843385521626704189e-03
7.405833003576222318e+00 1.836797985556611187e-03
7.416073660478749829e+00 1.830233651968919510e-03
7.426328477983297205e+00 1.823692440514276987e-03
7.436597475670899904e+00 1.817174271116118664e-03
7.446880673149667729e+00 1.810679063969764316e-03
7.457178090054823016e+00 1.804206739541492103e-03
7.467489746048745047e+00 1.797757218567668175e-03
7.477815660820993138e+00 1.791330422053830085e-03
7.488155854088358154e+00 1.784926271273806851e-03
7.498510345594897153e+00 1.778544687768817334e-03
7.508879155111963577e+00 1.772185593346592685e-03
7.519262302438256995e+00 1.765848910080479277e-03
7.529659807399845306e+00 1.759534560308583699e-03
7.540071689850218917e+00 1.753242466632857046e-03
7.550497969670318277e+00 1.746972551918246413e-03
7.560938666768576510e+00 1.740724739291814099e-03
7.571393801080956720e+00 1.734498952141861781e-03
7.581863392570982185e+00 1.728295114117075733e-03
7.592347461229789651e+00 1.722113149125642983e-03
7.602846027076154201e+00 1.715952981334410189e-03
7.613359110156536325e+00 1.709814535168009556e-03
7.623886730545113011e+00 1.703697735308009904e-03
7.634428908343823927e+00 1.697602506692057764e-03
7.644985663682397181e+00 1.691528774513036256e-03
7.655557016718403496e+00 1.685476464203237035e-03
7.666142987637284634e+00 1.679445501357266796e-03
7.676743596652395141e+00 1.673435811789441468e-03
7.687358864005039649e+00 1.667447321567860083e-03
7.697988809964510182e+00 1.661479957013642372e-03
7.708633454828130560e+00 1.655533644700032557e-03
7.719292818921287491e+00 1.649608311451600728e-03
7.729966922597476753e+00 1.643703884343355320e-03
7.740655786238338720e+00 1.637820290699920850e-03
7.751359430253691229e+00 1.631957458094696360e-03
7.762077875081581091e+00 1.626115314349005185e-03
7.772811141188314288e+00 1.620293787531274649e-03
7.783559249068496833e+00 1.614492805956193417e-03
7.794322219245076511e+00 1.608712298183885342e-03
7.805100072269373079e+00 1.602952193019088279e-03
7.815892828721133334e+00 1.597212419510312970e-03
7.826700509208555090e+00 1.591492906949046153e-03
7.837523134368336031e+00 1.585793584868904664e-03
7.848360724865709237e+00 1.580114383044841806e-03
7.859213301394484041e+00 1.574455231492324003e-03
7.870080884677079780e+00 1.568816060466521117e-03
7.880963495464576418e+00 1.563196800461496118e-03
7.891861154536745637e+00 1.557597382209410363e-03
7.902773882702094355e+00 1.552017736679703070e-03
7.913701700797903804e+00 1.546457795078307875e-03
7.924644629690262398e+00 1.540917488846851174e-03
7.935602690274119020e+00 1.535396749661847643e-03
7.946575903473313218e+00 1.529895509433927417e-03
7.957564290240617844e+00 1.524413700307022512e-03
7.968567871557779903e+00 1.518951254657604621e-03
7.979586668435554309e+00 1.513508105093883897e-03
7.990620701913756285e+00 1.508084184455032875e-03
8.001669993061289787e+00 1.502679425810409105e-03
8.012734562976197239e+00 1.497293762458774087e-03
8.023814432785689732e+00 1.491927127927530428e-03
8.034909623646194987e+00 1.486579455971934497e-03
8.046020156743395546e+00 1.481250680574338566e-03
8.057146053292271404e+00 1.475940735943424495e-03
8.068287334537131983e+00 1.470649556513438285e-03
8.079444021751669425e+00 1.465377076943422466e-03
8.090616136238994116e+00 1.460123232116469078e-03
8.101803699331661335e+00 1.454887957138961598e-03
8.113006732391740528e+00 1.449671187339809280e-03
8.124225256810829521e+00 1.444472858269714227e-03
8.135459294010111364e+00 1.439292905700404650e-03
8.146708865440391634e+00 1.434131265623904330e-03
8.157973992582126854e+00 1.428987874251783649e-03
8.169254696945490224e+00 1.423862668014411713e-03
8.180551000070389378e+00 1.418755583560229495e-03
8.191862923526521456e+00 1.413666557755005647e-03
8.203190488913408629e+00 1.408595527681100103e-03
8.214533717860438955e+00 1.403542430636748294e-03
8.225892632026912565e+00 1.398507204135310440e-03
8.237267253102075415e+00 1.393489785904563575e-03
8.248657602805167244e+00 1.388490113885968835e-03
8.260063702885464210e+00 1.383508126233949599e-03
8.271485575122312639e+00 1.378543761315172015e-03
8.282923241325173436e+00 1.373596957707838963e-03
8.294376723333668266e+00 1.368667654200956922e-03
8.305846043017620417e+00 1.363755789793637306e-03
8.317331222277088543e+00 1.358861303694385882e-03
8.328832283042419959e+00 1.353984135320387408e-03
8.340349247274282618e+00 1.349124224296810448e-03
8.351882136963713066e+00 1.344281510456099170e-03
8.363430974132157303e+00 1.339455933837272513e-03
8.374995780831511638e+00 1.334647434685229438e-03
8.386576579144167098e+00 1.329855953450050912e-03
8.398173391183044956e+00 1.325081430786305805e-03
8.409786239091648241e+00 1.320323807552365456e-03
8.421415145044097272e+00 1.315583024809704581e-03
8.433060131245175839e+00 1.310859023822225815e-03
8.444721219930375611e+00 1.306151746055566687e-03
8.456398433365926337e+00 1.301461133176426551e-03
8.468091793848852689e+00 1.296787127051878333e-03
8.479801323707011562e+00 1.292129669748694806e-03
8.491527045299132936e+00 1.287488703532674219e-03
8.503268981014864281e+00 1.282864170867969176e-03
8.515027153274818517e+00 1.278256014416403151e-03
8.526801584530597111e+00 1.273664177036827995e-03
8.538592297264862907e+00 1.269088601784431778e-03
8.550399313991357886e+00 1.264529231910088919e-03
8.562222657254958236e+00 1.259986010859689065e-03
8.574062349631720537e+00 1.255458882273486785e-03
8.585918413728906629e+00 1.250947789985444548e-03
8.597790872185049338e+00 1.246452678022566801e-03
8.609679747669982675e+00 1.241973490604256604e-03
8.621585062884888018e+00 1.237510172141661211e-03
8.633506840562342077e+00 1.233062667237022842e-03
8.645445103466341763e+00 1.228630920683035539e-03
8.657399874392378791e+00 1.224214877462195079e-03
8.669371176167455673e+00 1.219814482746165362e-03
8.681359031650144331e+00 1.215429681895128329e-03
8.693363463730621632e+00 1.211060420457149914e-03
8.705384495330720895e+00 1.206706644167550779e-03
8.717422149403963871e+00 1.202368298948261645e-03
8.729476448935621136e+00 1.198045330907198574e-03
8.741547416942742288e+00 1.193737686337631746e-03
8.753635076474202137e+00 1.189445311717559446e-03
8.765739450610755767e+00 1.185168153709078133e-03
8.777860562465059857e+00 1.180906159157765973e-03
8.789998435181745506e+00 1.176659275092055944e-03
8.802153091937437779e+00 1.172427448722620233e-03
8.814324555940816097e+00 1.168210627441749203e-03
8.826512850432649770e+00 1.164008758822742502e-03
8.838717998685840627e+00 1.159821790619290421e-03
8.850940024005481632e+00 1.155649670764866523e-03
8.863178949728883538e+00 1.151492347372118103e-03
8.875434799225629945e+00 1.147349768732255568e-03
8.887707595897625268e+00 1.143221883314453737e-03
8.899997363179121379e+00 1.139108639765245559e-03
8.912304124536785110e+00 1.135009986907922330e-03
8.924627903469726675e+00 1.130925873741934129e-03
8.936968723509554735e+00 1.126856249442292858e-03
8.949326608220415480e+00 1.122801063358977447e-03
8.961701581199040589e+00 1.118760265016343182e-03
8.974093666074782760e+00 1.114733804112528646e-03
8.986502886509681431e+00 1.110721630518867863e-03
8.998929266198485877e+00 1.106723694279302663e-03
9.011372828868713825e+00 1.102739945609796128e-03
9.023833598280697643e+00 1.098770334897754709e-03
9.036311598227612762e+00 1.094814812701441894e-03
9.048806852535546952e+00 1.090873329749400544e-03
9.061319385063530518e+00 1.086945836939881083e-03
9.073849219703582492e+00 1.083032285340252560e-03
9.086396380380767468e+00 1.079132626186446236e-03
9.098960891053222255e+00 1.075246810882372070e-03
9.111542775712219822e+00 1.071374790999356664e-03
9.124142058382204823e+00 1.067516518275567769e-03
9.136758763120846893e+00 1.063671944615453540e-03
9.149392914019081502e+00 1.059841022089179395e-03
9.162044535201147255e+00 1.056023702932067706e-03
9.174713650824651623e+00 1.052219939544028152e-03
9.187400285080602913e+00 1.048429684489012807e-03
9.200104462193461785e+00 1.044652890494445624e-03
9.212826206421185660e+00 1.040889510450681643e-03
9.225565542055278456e+00 1.037139497410443853e-03
9.238322493420822568e+00 1.033402804588279137e-03
9.251097084876549914e+00 1.029679385360005115e-03
9.263889340814868589e+00 1.025969193262165225e-03
9.276699285661916150e+00 1.022272181991484234e-03
9.289526943877612908e+00 1.018588305404316595e-03
9.302372339955690350e+00 1.014917517516119964e-03
9.315235498423758642e+00 1.011259772500899866e-03
9.328116443843340377e+00 1.007615024690683208e-03
9.341015200809922092e+00 1.003983228574976396e-03
9.353931793953005780e+00 1.000364338800224101e-03
9.366866247936137313e+00 9.967583101692959954e-04
9.379818587456979273e+00 9.931650976409379331e-04
9.392788837247341149e+00 9.895846563292487116e-04
9.405777022073234406e+00 9.860169415031507650e-04
9.418783166734909784e+00 9.824619085858697469e-04
9.431807296066921253e+00 9.789195131544078249e-04
9.444849434938150878e+00 9.753897109390173006e-04
9.457909608251878097e+00 9.718724578226894083e-04
9.470987840945817027e+00 9.683677098406240314e-04
9.484084157992164421e+00 9.648754231797260911e-04
9.497198584397649412e+00 9.613955541780742865e-04
9.510331145203572589e+00 9.579280593244280002e-04
9.523481865485873499e+00 9.544728952576935453e-04
9.536650770355153739e+00 9.510300187664309617e-04
9.549837884956749789e+00 9.475993867883384780e-04
9.563043234470759657e+00 9.441809564097438040e-04
9.576266844112099719e+00 9.407746848651076747e-04
9.589508739130559789e+00 9.373805295365106966e-04
9.602768944810840424e+00 9.339984479531583022e-04
9.616047486472604433e+00 9.306283977908782210e-04
9.629344389470530174e+00 9.272703368716615378e-04
9.642659679194350630e+00 9.239242231694118910e-04
9.655993381068910253e+00 9.205900148160562528e-04
9.669345520554212925e+00 9.172676700894941311e-04
9.682716123145462817e+00 9.139571474114776281e-04
9.696105214373123005e+00 9.106584053471170450e-04
9.709512819802961658e+00 9.073714026043992785e-04
9.722938965036087566e+00 9.040960980337103391e-04
9.736383675709021190e+00 9.008324506273404121e-04
9.749846977493730193e+00 8.975804195190098447e-04
9.763328896097680953e+00 8.943399639833894948e-04
9.776829457263886525e+00 8.911110434356235739e-04
9.790348686770954600e+00 8.878936174308525980e-04
9.803886610433142579e+00 8.846876456637373142e-04
9.817443254100403749e+00 8.814930879679890247e-04
9.831018643658435252e+00 8.783099043158976334e-04
9.844612805028731373e+00 8.751380548178549221e-04
9.858225764168620842e+00 8.719774997219012459e-04
9.871857547071334338e+00 8.688281994132429544e-04
9.885508179766045345e+00 8.656901144137972440e-04
9.899177688317916335e+00 8.625632053817241076e-04
9.912866098828153838e+00 8.594474331109689096e-04
9.926573437434059954e+00 8.563427585307953121e-04
9.940299730309069659e+00 8.532491427053333789e-04
9.954045003662820079e+00 8.501665468331147781e-04
9.967809283741186022e+00 8.470949322466226217e-04
9.981592596826335040e+00 8.440342604118366426e-04
9.995394969236780724e+00 8.409844929277752274e-04
1.000921642732741645e+01 8.379455915260527370e-04
1.002305699748960244e+01 8.349175180704213224e-04
1.003691670615116927e+01 8.319002345563251011e-04
1.005079557977649785e+01 8.288937031104589952e-04
1.006469364486657447e+01 8.258978859903124987e-04
1.007861092795901570e+01 8.229127455837349130e-04
1.009254745562814648e+01 8.199382444084906069e-04
1.010650325448503040e+01 8.169743451118160115e-04
1.012047835117752470e+01 8.140210104699797597e-04
1.013447277239034960e+01 8.110782033878487880e-04
1.014848654484510604e+01 8.081458868984504277e-04
1.016251969530036270e+01 8.052240241625318934e-04
1.017657225055167736e+01 8.023125784681358176e-04
1.019064423743165904e+01 7.994115132301586558e-04
1.020473568281003551e+01 7.965207919899268711e-04
1.021884661359367108e+01 7.936403784147665064e-04
1.023297705672665181e+01 7.907702362975695034e-04
1.024712703919031043e+01 7.879103295563784533e-04
1.026129658800328848e+01 7.850606222339473863e-04
1.027548573022160383e+01 7.822210784973315095e-04
1.028969449293866489e+01 7.793916626374551527e-04
1.030392290328536653e+01 7.765723390686957595e-04
1.031817098843009894e+01 7.737630723284660362e-04
1.033243877557884005e+01 7.709638270767884020e-04
1.034672629197517146e+01 7.681745680958885223e-04
1.036103356490034955e+01 7.653952602897744206e-04
1.037536062167336937e+01 7.626258686838168930e-04
1.038970748965097890e+01 7.598663584243522560e-04
1.040407419622777851e+01 7.571166947782556047e-04
1.041846076883623162e+01 7.543768431325420434e-04
1.043286723494673573e+01 7.516467689939520863e-04
1.044729362206768997e+01 7.489264379885454074e-04
1.046173995774550924e+01 7.462158158613008780e-04
1.047620626956472201e+01 7.435148684757012091e-04
1.049069258514798264e+01 7.408235618133438309e-04
1.050519893215614431e+01 7.381418619735274867e-04
1.051972533828832113e+01 7.354697351728585594e-04
1.053427183128191125e+01 7.328071477448493739e-04
1.054883843891268569e+01 7.301540661395221387e-04
1.056342518899480964e+01 7.275104569230114769e-04
1.057803210938090999e+01 7.248762867771716203e-04
1.059265922796214277e+01 7.222515224991795909e-04
1.060730657266820742e+01 7.196361310011440207e-04
1.062197417146744804e+01 7.170300793097176585e-04
1.063666205236686935e+01 7.144333345657001176e-04
1.065137024341219885e+01 7.118458640236608988e-04
1.066609877268796325e+01 7.092676350515384528e-04
1.068084766831750265e+01 7.066986151302669973e-04
1.069561695846306826e+01 7.041387718533807837e-04
1.071040667132583479e+01 7.015880729266422153e-04
1.072521683514597512e+01 6.990464861676526191e-04
1.074004747820272776e+01 6.965139795054681128e-04
1.075489862881441461e+01 6.939905209802344453e-04
1.076977031533853513e+01 6.914760787427919140e-04
1.078466256617178587e+01 6.889706210543103133e-04
1.079957540975013153e+01 6.864741162859090305e-04
1.081450887454886889e+01 6.839865329182808276e-04
1.082946298908265526e+01 6.815078395413236463e-04
1.084443778190559371e+01 6.790380048537638475e-04
1.085943328161125265e+01 6.765769976627898597e-04
1.087444951683275818e+01 6.741247868836768280e-04
1.088948651624281538e+01 6.716813415394279601e-04
1.090454430855377765e+01 6.692466307603984164e-04
1.091962292251771771e+01 6.668206237839331869e-04
1.093472238692644183e+01 6.644032899540039915e-04
1.094984273061159463e+01 6.619945987208445543e-04
1.096498398244466976e+01 6.595945196405870710e-04
1.098014617133708448e+01 6.572030223749066990e-04
1.099532932624025072e+01 6.548200766906535786e-04
1.101053347614559463e+01 6.524456524595038292e-04
1.102575865008464540e+01 6.500797196575937385e-04
1.104100487712906897e+01 6.477222483651696745e-04
1.105627218639072673e+01 6.453732087662336593e-04
1.107156060702175360e+01 6.430325711481816794e-04
1.108687016821456872e+01 6.407003059014621622e-04
1.110220089920198738e+01 6.383763835192162372e-04
1.111755282925722632e+01 6.360607745969324182e-04
1.113292598769398190e+01 6.337534498320972730e-04
1.114832040386649936e+01 6.314543800238408893e-04
1.116373610716959774e+01 6.291635360726044587e-04
1.117917312703876043e+01 6.268808889797798873e-04
1.119463149295015647e+01 6.246064098473728260e-04
1.121011123442071700e+01 6.223400698776628817e-04
1.122561238100820624e+01 6.200818403728504923e-04
1.124113496231123221e+01 6.178316927347306904e-04
1.125667900796935861e+01 6.155895984643378104e-04
1.127224454766311901e+01 6.133555291616201192e-04
1.128783161111408262e+01 6.111294565250985095e-04
1.130344022808493776e+01 6.089113523515221572e-04
1.131907042837950605e+01 6.067011885355470552e-04
1.133472224184284372e+01 6.044989370693884187e-04
1.135039569836125573e+01 6.023045700425013870e-04
1.136609082786237934e+01 6.001180596412371152e-04
1.138180766031524627e+01 5.979393781485162120e-04
1.139754622573031106e+01 5.957684979435057563e-04
1.141330655415954531e+01 5.936053915012790743e-04
1.142908867569646070e+01 5.914500313924966586e-04
1.144489262047618006e+01 5.893023902830794988e-04
1.146071841867551733e+01 5.871624409338773148e-04
1.147656610051298642e+01 5.850301562003553313e-04
1.149243569624891492e+01 5.829055090322570907e-04
1.150832723618544762e+01 5.807884724732983832e-04
1.152424075066665488e+01 5.786790196608338540e-04
1.154017627007854685e+01 5.765771238255413926e-04
1.155613382484915519e+01 5.744827582911078223e-04
1.157211344544860054e+01 5.723958964739015798e-04
1.158811516238911388e+01 5.703165118826692467e-04
1.160413900622514305e+01 5.682445781182037838e-04
1.162018500755337058e+01 5.661800688730460503e-04
1.163625319701278116e+01 5.641229579311618199e-04
1.165234360528475221e+01 5.620732191676287718e-04
1.166845626309305395e+01 5.600308265483350820e-04
1.168459120120397365e+01 5.579957541296553560e-04
1.170074845042631750e+01 5.559679760581533398e-04
1.171692804161149759e+01 5.539474665702667430e-04
1.173313000565360120e+01 5.519341999920003008e-04
1.174935437348941392e+01 5.499281507386267510e-04
1.176560117609852441e+01 5.479292933143703557e-04
1.178187044450333865e+01 5.459376023121129736e-04
1.179816220976916519e+01 5.439530524130870145e-04
1.181447650300427910e+01 5.419756183865715371e-04
1.183081335535995571e+01 5.400052750895932259e-04
1.184717279803056300e+01 5.380419974666262846e-04
1.186355486225359179e+01 5.360857605492957978e-04
1.187995957930972324e+01 5.341365394560753472e-04
1.189638698052291232e+01 5.321943093919901573e-04
1.191283709726040563e+01 5.302590456483277214e-04
1.192930996093284612e+01 5.283307236023321654e-04
1.194580560299429095e+01 5.264093187169214877e-04
1.196232405494229667e+01 5.244948065403872350e-04
1.197886534831799032e+01 5.225871627061013346e-04
1.199542951470608365e+01 5.206863629322326832e-04
1.201201658573499564e+01 5.187923830214492089e-04
1.202862659307685789e+01 5.169051988606344602e-04
1.204525956844759804e+01 5.150247864205938957e-04
1.206191554360701801e+01 5.131511217557736424e-04
1.207859455035881346e+01 5.112841810039712304e-04
1.209529662055068222e+01 5.094239403860470862e-04
1.211202178607433311e+01 5.075703762056490379e-04
1.212877007886560321e+01 5.057234648359246578e-04
1.214554153090446853e+01 5.038831825329349477e-04
1.216233617421512747e+01 5.020495054817561333e-04
1.217915404086607900e+01 5.002224099502747181e-04
1.219599516297014041e+01 4.984018722931041635e-04
1.221285957268456102e+01 4.965878689512485695e-04
1.222974730221103457e+01 4.947803764517855456e-04
1.224665838379578808e+01 4.929793714075396491e-04
1.226359284972964936e+01 4.911848305167566906e-04
1.228055073234808070e+01 4.893967305627842197e-04
1.229753206403127663e+01 4.876150484137497338e-04
1.231453687720418877e+01 4.858397610222464766e-04
1.233156520433660397e+01 4.840708454250074720e-04
1.234861707794323316e+01 4.823082787425964188e-04
1.236569253058371487e+01 4.805520381790885013e-04
1.238279159486274139e+01 4.788021010217540733e-04
1.239991430343006584e+01 4.770584446407522623e-04
1.241706068898059456e+01 4.753210464888131363e-04
1.243423078425445816e+01 4.735898841009301150e-04
1.245142462203703992e+01 4.718649350940497798e-04
1.246864223515907533e+01 4.701461771667653699e-04
1.248588365649668752e+01 4.684335880990070258e-04
1.250314891897145486e+01 4.667271457517392966e-04
1.252043805555049794e+01 4.650268280666531727e-04
1.253775109924650089e+01 4.633326130658659242e-04
1.255508808311782154e+01 4.616444788516186628e-04
1.257244904026851096e+01 4.599624036059726025e-04
1.258983400384839335e+01 4.582863655905143737e-04
1.260724300705315848e+01 4.566163431460500068e-04
1.262467608312436518e+01 4.549523146923155586e-04
1.264213326534956749e+01 4.532942587276746747e-04
1.265961458706232712e+01 4.516421538288285646e-04
1.267712008164230397e+01 4.499959786505180093e-04
1.269464978251532905e+01 4.483557119252305724e-04
1.271220372315342750e+01 4.467213324629133947e-04
1.272978193707494121e+01 4.450928191506778038e-04
1.274738445784453056e+01 4.434701509525124335e-04
1.276501131907329167e+01 4.418533069089933631e-04
1.278266255441878307e+01 4.402422661370005439e-04
1.280033819758510205e+01 4.386370078294254981e-04
1.281803828232297171e+01 4.370375112548933300e-04
1.283576284242975873e+01 4.354437557574737856e-04
1.285351191174958707e+01 4.338557207564015827e-04
1.287128552417336813e+01 4.322733857457930549e-04
1.288908371363886829e+01 4.306967302943679452e-04
1.290690651413080658e+01 4.291257340451643692e-04
1.292475395968086893e+01 4.275603767152704208e-04
1.294262608436782713e+01 4.260006380955352868e-04
1.296052292231755310e+01 4.244464980503024785e-04
1.297844450770311120e+01 4.228979365171313008e-04
1.299639087474483645e+01 4.213549335065189705e-04
1.301436205771035937e+01 4.198174691016371015e-04
1.303235809091471964e+01 4.182855234580488361e-04
1.305037900872038747e+01 4.167590768034458719e-04
1.306842484553735240e+01 4.152381094373769777e-04
1.308649563582320141e+01 4.137226017309746117e-04
1.310459141408314032e+01 4.122125341266969899e-04
1.312271221487012163e+01 4.107078871380490125e-04
1.314085807278485341e+01 4.092086413493275848e-04
1.315902902247588457e+01 4.077147774153525722e-04
1.317722509863970437e+01 4.062262760611987859e-04
1.319544633602074768e+01 4.047431180819440681e-04
1.321369276941151760e+01 4.032652843423975369e-04
1.323196443365261388e+01 4.017927557768448529e-04
1.325026136363280926e+01 4.003255133887868725e-04
1.326858359428914191e+01 3.988635382506804149e-04
1.328693116060693313e+01 3.974068115036849384e-04
1.330530409761990462e+01 3.959553143573986455e-04
1.332370244041020868e+01 3.945090280896095501e-04
1.334212622410850457e+01 3.930679340460401482e-04
1.336057548389404914e+01 3.916320136400896481e-04
1.337905025499471812e+01 3.902012483525868275e-04
1.339755057268712868e+01 3.887756197315327513e-04
1.341607647229664835e+01 3.873551093918583990e-04
1.343462798919752110e+01 3.859396990151653774e-04
1.345320515881288337e+01 3.845293703494842520e-04
1.347180801661485638e+01 3.831241052090250719e-04
1.349043659812463147e+01 3.817238854739279496e-04
1.350909093891248780e+01 3.803286930900229095e-04
1.352777107459792205e+01 3.789385100685791125e-04
1.354647704084966264e+01 3.775533184860651930e-04
1.356520887338575854e+01 3.761731004839039580e-04
1.358396660797367161e+01 3.747978382682313147e-04
1.360275028043029444e+01 3.734275141096564995e-04
1.362155992662207282e+01 3.720621103430189996e-04
1.364039558246503070e+01 3.707016093671523056e-04
1.365925728392485183e+01 3.693459936446444108e-04
1.367814506701697752e+01 3.679952457015988536e-04
1.369705896780661902e+01 3.666493481274022098e-04
1.371599902240888724e+01 3.653082835744848097e-04
1.373496526698881404e+01 3.639720347580886100e-04
1.375395773776143571e+01 3.626405844560322473e-04
1.377297647099188893e+01 3.613139155084773928e-04
1.379202150299542851e+01 3.599920108177018826e-04
1.381109287013755527e+01 3.586748533478594588e-04
1.383019060883403384e+01 3.573624261247596761e-04
1.384931475555097968e+01 3.560547122356323051e-04
1.386846534680496212e+01 3.547516948289007881e-04
1.388764241916300790e+01 3.534533571139552069e-04
1.390684600924274505e+01 3.521596823609255225e-04
1.392607615371240648e+01 3.508706539004548676e-04
1.394533288929093651e+01 3.495862551234775570e-04
1.396461625274806906e+01 3.483064694809912963e-04
1.398392628090435608e+01 3.470312804838371974e-04
1.400326301063129719e+01 3.457606717024752402e-04
1.402262647885134861e+01 3.444946267667650468e-04
1.404201672253802613e+01 3.432331293657438372e-04
1.406143377871599398e+01 3.419761632474072575e-04
1.408087768446108434e+01 3.407237122184908051e-04
1.410034847690042525e+01 3.394757601442506567e-04
1.411984619321245304e+01 3.382322909482496473e-04
1.413937087062704556e+01 3.369932886121350087e-04
1.415892254642553993e+01 3.357587371754314491e-04
1.417850125794082317e+01 3.345286207353176996e-04
1.419810704255742628e+01 3.333029234464189431e-04
1.421773993771154920e+01 3.320816295205909503e-04
1.423739998089118686e+01 3.308647232267069790e-04
1.425708720963614695e+01 3.296521888904512887e-04
1.427680166153815122e+01 3.284440108941027330e-04
1.429654337424091715e+01 3.272401736763280028e-04
1.431631238544019524e+01 3.260406617319734591e-04
1.433610873288388277e+01 3.248454596118537682e-04
1.435593245437205567e+01 3.236545519225481797e-04
1.437578358775705922e+01 3.224679233261924143e-04
1.439566217094360212e+01 3.212855585402721228e-04
1.441556824188877606e+01 3.201074423374188397e-04
1.443550183860219072e+01 3.189335595452065324e-04
1.445546299914598976e+01 3.177638950459464161e-04
1.447545176163495384e+01 3.165984337764858342e-04
1.449546816423658235e+01 3.154371607280066509e-04
1.451551224517113070e+01 3.142800609458216922e-04
1.453558404271172755e+01 3.131271195291782344e-04
1.455568359518440857e+01 3.119783216310549872e-04
1.457581094096820173e+01 3.108336524579665577e-04
1.459596611849522851e+01 3.096930972697624937e-04
1.461614916625072347e+01 3.085566413794321272e-04
1.463636012277316745e+01 3.074242701529066534e-04
1.465659902665431069e+01 3.062959690088646789e-04
1.467686591653926698e+01 3.051717234185373365e-04
1.469716083112660954e+01 3.040515189055122071e-04
1.471748380916839416e+01 3.029353410455421750e-04
1.473783488947029241e+01 3.018231754663508676e-04
1.475821411089161117e+01 3.007150078474421073e-04
1.477862151234539390e+01 2.996108239199081697e-04
1.479905713279851298e+01 2.985106094662378262e-04
1.481952101127169463e+01 2.974143503201294274e-04
1.484001318683965209e+01 2.963220323662986194e-04
1.486053369863110696e+01 2.952336415402928918e-04
1.488108258582889043e+01 2.941491638283027089e-04
1.490165988767003213e+01 2.930685852669731844e-04
1.492226564344579209e+01 2.919918919432208508e-04
1.494289989250179040e+01 2.909190699940463636e-04
1.496356267423802500e+01 2.898501056063482358e-04
1.498425402810900309e+01 2.887849850167430220e-04
1.500497399362376783e+01 2.877236945113773731e-04
1.502572261034599421e+01 2.866662204257502803e-04
1.504649991789408858e+01 2.856125491445241538e-04
1.506730595594120992e+01 2.845626671013520002e-04
1.508814076421540662e+01 2.835165607786895850e-04
1.510900438249964139e+01 2.824742167076193036e-04
1.512989685063188361e+01 2.814356214676713426e-04
1.515081820850521943e+01 2.804007616866425090e-04
1.517176849606786426e+01 2.793696240404211864e-04
1.519274775332330130e+01 2.783421952528081157e-04
1.521375602033031171e+01 2.773184620953406468e-04
1.523479333720306528e+01 2.762984113871184521e-04
1.525585974411122869e+01 2.752820299946244715e-04
1.527695528127997804e+01 2.742693048809827640e-04
1.529807998899014621e+01 2.732602232782202901e-04
1.531923390757824421e+01 2.722547725238667481e-04
1.534041707743655536e+01 2.712529399972640385e-04
1.536162953901324357e+01 2.702547131194357809e-04
1.538287133281237118e+01 2.692600793529586730e-04
1.540414249939403923e+01 2.682690262018356934e-04
1.542544307937441239e+01 2.672815412113701172e-04
1.544677311342581838e+01 2.662976119680389897e-04
1.546813264227685103e+01 2.653172260993656240e-04
1.548952170671238626e+01 2.643403712737954600e-04
1.551094034757373485e+01 2.633670352005696466e-04
1.553238860575865488e+01 2.623972056296006833e-04
1.555386652222145649e+01 2.614308703513479001e-04
1.557537413797310677e+01 2.604680171966909847e-04
1.559691149408124922e+01 2.595086340368091488e-04
1.561847863167034589e+01 2.585527087830542217e-04
1.564007559192170227e+01 2.576002293868301959e-04
1.566170241607356850e+01 2.566511838394676219e-04
1.568335914542124243e+01 2.557055601721034787e-04
1.570504582131709270e+01 2.547633464555557319e-04
1.572676248517069908e+01 2.538245308002035831e-04
1.574850917844887199e+01 2.528891013558652806e-04
1.577028594267579287e+01 2.519570463116762552e-04
1.579209281943303722e+01 2.510283538959680685e-04
1.581392985035968124e+01 2.501030123761495850e-04
1.583579707715239948e+01 2.491810100585820716e-04
1.585769454156549507e+01 2.482623352884657359e-04
1.587962228541103649e+01 2.473469764497124410e-04
1.590158035055889130e+01 2.464349219648334362e-04
1.592356877893681677e+01 2.455261602948151617e-04
1.594558761253057710e+01 2.446206799390020464e-04
1.596763689338395764e+01 2.437184694349799291e-04
1.598971666359891408e+01 2.428195173584551969e-04
1.601182696533560090e+01 2.419238123231388568e-04
1.603396784081246196e+01 2.410313429806275722e-04
1.605613933230634771e+01 2.401420980202887637e-04
1.607834148215254544e+01 2.392560661691406701e-04
1.610057433274489824e+01 2.383732361917393467e-04
1.612283792653585834e+01 2.374935968900592138e-04
1.614513230603657590e+01 2.366171371033800827e-04
1.616745751381701623e+01 2.357438457081689233e-04
1.618981359250596341e+01 2.348737116179675953e-04
1.621220058479119075e+01 2.340067237832747782e-04
1.623461853341947858e+01 2.331428711914339193e-04
1.625706748119670308e+01 2.322821428665181184e-04
1.627954747098796773e+01 2.314245278692155005e-04
1.630205854571761037e+01 2.305700152967171364e-04
1.632460074836935959e+01 2.297185942826009250e-04
1.634717412198635955e+01 2.288702539967226574e-04
1.636977870967126591e+01 2.280249836450995741e-04
1.639241455458636310e+01 2.271827724697998035e-04
1.641508169995359268e+01 2.263436097488308785e-04
1.643778018905468841e+01 2.255074847960255430e-04
1.646051006523121174e+01 2.246743869609332507e-04
1.648327137188465841e+01 2.238443056287067029e-04
1.650606415247655789e+01 2.230172302199927780e-04
1.652888845052850542e+01 2.221931501908203978e-04
1.655174430962231824e+01 2.213720550324917548e-04
1.657463177340003568e+01 2.205539342714709652e-04
1.659755088556407898e+01 2.197387774692756478e-04
1.662050168987728327e+01 2.189265742223674475e-04
1.664348423016298639e+01 2.181173141620424219e-04
1.666649855030515681e+01 2.173109869543228111e-04
1.668954469424840781e+01 2.165075822998494036e-04
1.671262270599816091e+01 2.157070899337705408e-04
1.673573262962064945e+01 2.149094996256382234e-04
1.675887450924304645e+01 2.141148011792990953e-04
1.678204838905357121e+01 2.133229844327853180e-04
1.680525431330151065e+01 2.125340392582106773e-04
1.682849232629737202e+01 2.117479555616618922e-04
1.685176247241290426e+01 2.109647232830933112e-04
1.687506479608122234e+01 2.101843323962216911e-04
1.689839934179689962e+01 2.094067729084181828e-04
1.692176615411600338e+01 2.086320348606045196e-04
1.694516527765625469e+01 2.078601083271483909e-04
1.696859675709703197e+01 2.070909834157573807e-04
1.699206063717950599e+01 2.063246502673756432e-04
1.701555696270673579e+01 2.055610990560776503e-04
1.703908577854370066e+01 2.048003199889674158e-04
1.706264712961744934e+01 2.040423033060719720e-04
1.708624106091713912e+01 2.032870392802391840e-04
1.710986761749412466e+01 2.025345182170360241e-04
1.713352684446208940e+01 2.017847304546418054e-04
1.715721878699706338e+01 2.010376663637517957e-04
1.718094349033758306e+01 2.002933163474688249e-04
1.720470099978470557e+01 1.995516708412054896e-04
1.722849136070214016e+01 1.988127203125814523e-04
1.725231461851634762e+01 1.980764552613207673e-04
1.727617081871655813e+01 1.973428662191531913e-04
1.730006000685495238e+01 1.966119437497117531e-04
1.732398222854666869e+01 1.958836784484322758e-04
1.734793752946991674e+01 1.951580609424554183e-04
1.737192595536610185e+01 1.944350818905226199e-04
1.739594755203984278e+01 1.937147319828811775e-04
1.742000236535912805e+01 1.929970019411809761e-04
1.744409044125534081e+01 1.922818825183787261e-04
1.746821182572341158e+01 1.915693644986361571e-04
1.749236656482184316e+01 1.908594386972234424e-04
1.751655470467283138e+01 1.901520959604216477e-04
1.754077629146236816e+01 1.894473271654216571e-04
1.756503137144028059e+01 1.887451232202308222e-04
1.758931999092039078e+01 1.880454750635709397e-04
1.761364219628051941e+01 1.873483736647856598e-04
1.763799803396263499e+01 1.866538100237407130e-04
1.766238755047294262e+01 1.859617751707273346e-04
1.768681079238191955e+01 1.852722601663687790e-04
1.771126780632447861e+01 1.845852561015205739e-04
1.773575863899999305e+01 1.839007540971771969e-04
1.776028333717240670e+01 1.832187453043768828e-04
1.778484194767035476e+01 1.825392209041047230e-04
1.780943451738719929e+01 1.818621721071996412e-04
1.783406109328116429e+01 1.811875901542570858e-04
1.785872172237539957e+01 1.805154663155374964e-04
1.788341645175806605e+01 1.798457918908723035e-04
1.790814532858246366e+01 1.791785582095660793e-04
1.793290840006706688e+01 1.785137566303085272e-04
1.795770571349567035e+01 1.778513785410762535e-04
1.798253731621742801e+01 1.771914153590437816e-04
1.800740325564697386e+01 1.765338585304878434e-04
1.803230357926452143e+01 1.758786995306968763e-04
1.805723833461591354e+01 1.752259298638769410e-04
1.808220756931276796e+01 1.745755410630615704e-04
1.810721133103251290e+01 1.739275246900189075e-04
1.813224966751850786e+01 1.732818723351612017e-04
1.815732262658015372e+01 1.726385756174525163e-04
1.818243025609292829e+01 1.719976261843186036e-04
1.820757260399854616e+01 1.713590157115560766e-04
1.823274971830498359e+01 1.707227359032422028e-04
1.825796164708660996e+01 1.700887784916447533e-04
1.828320843848429078e+01 1.694571352371307936e-04
1.830849014070543035e+01 1.688277979280800565e-04
1.833380680202411739e+01 1.682007583807930559e-04
1.835915847078117125e+01 1.675760084394024526e-04
1.838454519538428400e+01 1.669535399757844489e-04
1.840996702430805954e+01 1.663333448894714552e-04
1.843542400609413434e+01 1.657154151075613971e-04
1.846091618935129119e+01 1.650997425846315752e-04
1.848644362275549113e+01 1.644863193026501944e-04
1.851200635505004399e+01 1.638751372708879741e-04
1.853760443504563327e+01 1.632661885258331199e-04
1.856323791162042980e+01 1.626594651311019310e-04
1.858890683372023034e+01 1.620549591773525519e-04
1.861461125035847175e+01 1.614526627821997540e-04
1.864035121061639444e+01 1.608525680901272241e-04
1.866612676364309564e+01 1.602546672724019931e-04
1.869193795865562535e+01 1.596589525269886218e-04
1.871778484493911421e+01 1.590654160784638201e-04
1.874366747184681614e+01 1.584740501779312283e-04
1.876958588880026468e+01 1.578848471029351962e-04
1.879554014528929429e+01 1.572977991573783565e-04
1.882153029087218954e+01 1.567128986714346178e-04
1.884755637517578108e+01 1.561301380014666021e-04
1.887361844789548471e+01 1.555495095299404273e-04
1.889971655879547541e+01 1.549710056653428192e-04
1.892585075770871228e+01 1.543946188420965170e-04
1.895202109453706285e+01 1.538203415204784973e-04
1.897822761925142387e+01 1.532481661865346743e-04
1.900447038189175331e+01 1.526780853519997506e-04
1.903074943256724794e+01 1.521100915542114291e-04
1.905706482145636116e+01 1.515441773560318090e-04
1.908341659880692731e+01 1.509803353457619230e-04
1.910980481493630023e+01 1.504185581370616964e-04
1.913622952023137103e+01 1.498588383688677372e-04
1.916269076514873504e+01 1.493011687053122111e-04
1.918918860021474160e+01 1.487455418356413363e-04
1.921572307602560059e+01 1.481919504666227968e-04
1.924229424324751747e+01 1.476403868562521811e-04
1.926890215261671102e+01 1.470908425482623085e-04
1.929554685493960520e+01 1.465433090637028083e-04
1.932222840109283624e+01 1.459977779673587517e-04
1.934894684202343029e+01 1.454542408674964061e-04
1.937570222874883186e+01 1.449126894156107246e-04
1.940249461235703876e+01 1.443731153061743528e-04
1.942932404400670876e+01 1.438355102763886153e-04
1.945619057492721282e+01 1.432998661059342030e-04
1.948309425641879145e+01 1.427661746167266312e-04
1.951003513985260440e+01 1.422344276726701261e-04
1.953701327667083376e+01 1.417046171794152782e-04
1.956402871838683666e+01 1.411767350841155034e-04
1.959108151658514885e+01 1.406507733751897928e-04
1.961817172292168721e+01 1.401267240820806912e-04
1.964529938912376394e+01 1.396045792750190255e-04
1.967246456699021806e+01 1.390843310647877653e-04
1.969966730839155034e+01 1.385659716024863989e-04
1.972690766526993400e+01 1.380494930793007571e-04
1.975418568963942079e+01 1.375348877262677139e-04
1.978150143358595159e+01 1.370221478140487515e-04
1.980885494926748791e+01 1.365112656526993229e-04
1.983624628891415043e+01 1.360022335914419555e-04
1.986367550482823674e+01 1.354950440184413878e-04
1.989114264938441323e+01 1.349896893605781879e-04
1.991864777502973283e+01 1.344861620832280371e-04
1.994619093428377354e+01 1.339844546900390075e-04
1.997377217973876995e+01 1.334845597227102493e-04
2.000139156405963448e+01 1.329864697607756113e-04
2.002904913998414571e+01 1.324901774213833850e-04
2.005674496032298393e+01 1.319956753590815243e-04
2.008447907795984477e+01 1.315029562656035427e-04
2.011225154585158492e+01 1.310120128696522419e-04
2.014006241702825051e+01 1.305228379366904609e-04
2.016791174459325475e+01 1.300354242687274341e-04
2.019579958172340994e+01 1.295497647041119252e-04
2.022372598166906599e+01 1.290658521173209707e-04
2.025169099775422765e+01 1.285836794187546943e-04
2.027969468337660430e+01 1.281032395545302549e-04
2.030773709200777688e+01 1.276245255062756847e-04
2.033581827719323698e+01 1.271475302909294753e-04
2.036393829255251831e+01 1.266722469605355002e-04
2.039209719177933167e+01 1.261986686020434947e-04
2.042029502864158985e+01 1.257267883371102134e-04
2.044853185698159592e+01 1.252565993218991236e-04
2.047680773071607163e+01 1.247880947468852492e-04
2.050512270383632085e+01 1.243212678366573576e-04
2.053347683040828642e+01 1.238561118497242674e-04
2.056187016457267092e+01 1.233926200783210469e-04
2.059030276054507169e+01 1.229307858482162974e-04
2.061877467261600927e+01 1.224706025185210356e-04
2.064728595515111920e+01 1.220120634814984834e-04
2.067583666259119113e+01 1.215551621623750647e-04
2.070442684945227896e+01 1.210998920191534212e-04
2.073305657032586069e+01 1.206462465424242627e-04
2.076172587987886331e+01 1.201942192551822691e-04
2.079043483285384042e+01 1.197438037126398930e-04
2.081918348406901487e+01 1.192949935020463378e-04
2.084797188841841376e+01 1.188477822425037861e-04
2.087680010087199989e+01 1.184021635847860664e-04
2.090566817647570375e+01 1.179581312111604378e-04
2.093457617035161533e+01 1.175156788352070021e-04
2.096352413769801615e+01 1.170748002016410035e-04
2.099251213378951775e+01 1.166354890861370249e-04
2.102154021397718964e+01 1.161977392951525612e-04
2.105060843368860191e+01 1.157615446657536256e-04
2.107971684842801352e+01 1.153268990654405179e-04
2.110886551377639009e+01 1.148937963919769681e-04
2.113805448539156728e+01 1.144622305732167860e-04
2.116728381900837164e+01 1.140321955669341969e-04
2.119655357043865251e+01 1.136036853606544895e-04
2.122586379557148106e+01 1.131766939714851919e-04
2.125521455037317509e+01 1.127512154459491992e-04
2.128460589088744825e+01 1.123272438598178476e-04
2.131403787323553445e+01 1.119047733179456811e-04
2.134351055361623395e+01 1.114837979541061279e-04
2.137302398830609818e+01 1.110643119308279752e-04
2.140257823365946876e+01 1.106463094392327661e-04
2.143217334610860547e+01 1.102297846988736465e-04
2.146180938216383893e+01 1.098147319575741983e-04
2.149148639841359909e+01 1.094011454912695091e-04
2.152120445152460704e+01 1.089890196038476619e-04
2.155096359824189634e+01 1.085783486269912515e-04
2.158076389538901196e+01 1.081691269200211921e-04
2.161060539986804230e+01 1.077613488697409984e-04
2.164048816865975766e+01 1.073550088902816227e-04
2.167041225882374889e+01 1.069501014229479321e-04
2.170037772749847349e+01 1.065466209360652126e-04
2.173038463190143332e+01 1.061445619248266488e-04
2.176043302932922430e+01 1.057439189111435276e-04
2.179052297715766429e+01 1.053446864434939791e-04
2.182065453284194589e+01 1.049468590967729764e-04
2.185082775391666843e+01 1.045504314721451832e-04
2.188104269799602619e+01 1.041553981968957395e-04
2.191129942277385467e+01 1.037617539242847488e-04
2.194159798602376554e+01 1.033694933334013577e-04
2.197193844559929232e+01 1.029786111290170909e-04
2.200232085943391880e+01 1.025891020414437793e-04
2.203274528554128864e+01 1.022009608263886165e-04
2.206321178201523026e+01 1.018141822648123038e-04
2.209372040702989892e+01 1.014287611627880776e-04
2.212427121883993308e+01 1.010446923513590140e-04
2.215486427578047923e+01 1.006619706864000918e-04
2.218549963626738020e+01 1.002805910484774629e-04
2.221617735879724265e+01 9.990054834271069059e-05
2.224689750194754723e+01 9.952183749863672321e-05
2.227766012437680843e+01 9.914445347006951685e-05
2.230846528482461366e+01 9.876839123496788475e-05
2.233931304211181512e+01 9.839364579529831858e-05
2.237020345514057240e+01 9.802021217690094041e-05
2.240113658289448750e+01 9.764808542935709450e-05
2.243211248443876116e+01 9.727726062585426929e-05
2.246313121892022835e+01 9.690773286305656231e-05
2.249419284556754306e+01 9.653949726097233982e-05
2.252529742369123866e+01 9.617254896282349547e-05
2.255644501268385937e+01 9.580688313491641682e-05
2.258763567202010236e+01 9.544249496651306002e-05
2.261886946125687103e+01 9.507937966970252618e-05
2.265014644003346334e+01 9.471753247927347779e-05
2.268146666807159662e+01 9.435694865258815447e-05
2.271283020517562079e+01 9.399762346945526382e-05
2.274423711123254677e+01 9.363955223200631458e-05
2.277568744621219921e+01 9.328273026457066237e-05
2.280718127016735153e+01 9.292715291355044694e-05
2.283871864323378631e+01 9.257281554729922929e-05
2.287029962563047647e+01 9.221971355599908383e-05
2.290192427765962790e+01 9.186784235153946584e-05
2.293359265970684646e+01 9.151719736739586221e-05
2.296530483224125163e+01 9.116777405850878086e-05
2.299706085581555115e+01 9.081956790116635879e-05
2.302886079106622219e+01 9.047257439288374458e-05
2.306070469871355044e+01 9.012678905228608585e-05
2.309259263956178998e+01 8.978220741899040546e-05
2.312452467449930893e+01 8.943882505348987649e-05
2.315650086449862144e+01 8.909663753703617271e-05
2.318852127061660440e+01 8.875564047152589842e-05
2.322058595399451875e+01 8.841582947938484989e-05
2.325269497585818002e+01 8.807720020345378108e-05
2.328484839751810043e+01 8.773974830687602611e-05
2.331704628036951732e+01 8.740346947298402393e-05
2.334928868589261697e+01 8.706835940518688655e-05
2.338157567565256301e+01 8.673441382686033899e-05
2.341390731129964919e+01 8.640162848123491093e-05
2.344628365456945573e+01 8.606999913128519897e-05
2.347870476728287770e+01 8.573952155962274752e-05
2.351117071134634884e+01 8.541019156838394223e-05
2.354368154875187003e+01 8.508200497912465270e-05
2.357623734157715489e+01 8.475495763271112103e-05
2.360883815198580393e+01 8.442904538921285626e-05
2.364148404222731870e+01 8.410426412779735828e-05
2.367417507463733273e+01 8.378060974662267344e-05
2.370691131163763998e+01 8.345807816273440884e-05
2.373969281573634760e+01 8.313666531195906047e-05
2.377251964952803576e+01 8.281636714880182709e-05
2.380539187569378967e+01 8.249717964634161881e-05
2.383830955700141985e+01 8.217909879612948093e-05
2.387127275630547629e+01 8.186212060808643496e-05
2.390428153654747945e+01 8.154624111040066918e-05
2.393733596075594150e+01 8.123145634942803594e-05
2.397043609204653691e+01 8.091776238959104471e-05
2.400358199362224099e+01 8.060515531327843786e-05
2.403677372877339025e+01 8.029363122074712454e-05
2.407001136087787074e+01 7.998318623002197332e-05
2.410329495340118555e+01 7.967381647679922332e-05
2.413662456989658267e+01 7.936551811434799800e-05
2.417000027400523621e+01 7.905828731341305222e-05
2.420342212945627480e+01 7.875212035767038452e-05
2.423689020006698769e+01 7.844701455500978826e-05
2.427040454974288508e+01 7.814296781791592219e-05
2.430396524247784029e+01 7.783997805789306880e-05
2.433757234235425315e+01 7.753804317721689010e-05
2.437122591354308199e+01 7.723716106906823174e-05
2.440492602030407809e+01 7.693732961766826879e-05
2.443867272698580706e+01 7.663854669841167289e-05
2.447246609802581219e+01 7.634081017800026724e-05
2.450630619795078147e+01 7.604411791457249396e-05
2.454019309137657956e+01 7.574846775783813967e-05
2.457412684300847161e+01 7.545385754920663735e-05
2.460810751764115167e+01 7.516028512191734673e-05
2.464213518015891680e+01 7.486774830116904871e-05
2.467620989553581978e+01 7.457624490424751527e-05
2.471033172883571538e+01 7.428577274065372999e-05
2.474450074521246989e+01 7.399632961223069898e-05
2.477871700991000381e+01 7.370791331328885245e-05
2.481298058826246233e+01 7.342052163073288279e-05
2.484729154569436815e+01 7.313415234418457116e-05
2.488164994772066407e+01 7.284880322610802635e-05
2.491605585994693328e+01 7.256447204193229453e-05
2.495050934806943843e+01 7.228115655017358946e-05
2.498501047787528861e+01 7.199885450255790224e-05
2.501955931524259924e+01 7.171756364414076494e-05
2.505415592614053111e+01 7.143728171342799012e-05
2.508880037662951423e+01 7.115800644249514989e-05
2.512349273286127627e+01 7.087973555710681101e-05
2.515823306107907342e+01 7.060246677683315445e-05
2.519302142761771535e+01 7.032619781516891231e-05
2.522785789890374275e+01 7.005092637964897091e-05
2.526274254145559084e+01 6.977665017196398739e-05
2.529767542188362128e+01 6.950336688807619604e-05
2.533265660689035315e+01 6.923107421833323602e-05
2.536768616327050552e+01 6.895976984758169436e-05
2.540276415791115383e+01 6.868945145528083886e-05
2.543789065779191105e+01 6.842011671561353187e-05
2.547306572998495611e+01 6.815176329759830979e-05
2.550828944165525414e+01 6.788438886520083897e-05
2.554356186006061691e+01 6.761799107744228177e-05
2.557888305255186268e+01 6.735256758851006133e-05
2.561425308657296540e+01 6.708811604786541448e-05
2.564967202966112225e+01 6.682463410035156793e-05
2.568513994944695966e+01 6.656211938630089817e-05
2.572065691365459372e+01 6.630056954164160337e-05
2.575622299010178295e+01 6.603998219800308789e-05
2.579183824670010239e+01 6.578035498281991007e-05
2.582750275145498264e+01 6.552168551943840004e-05
2.586321657246594441e+01 6.526397142721762602e-05
2.589897977792663042e+01 6.500721032163372167e-05
2.593479243612498664e+01 6.475139981438218057e-05
2.597065461544342924e+01 6.449653751347795519e-05
2.600656638435886592e+01 6.424262102335741255e-05
2.604252781144295881e+01 6.398964794497728119e-05
2.607853896536214222e+01 6.373761587591502125e-05
2.611459991487780741e+01 6.348652241046670076e-05
2.615071072884646597e+01 6.323636513974443835e-05
2.618687147621978539e+01 6.298714165177498432e-05
2.622308222604483419e+01 6.273884953159485935e-05
2.625934304746412096e+01 6.249148636134668592e-05
2.629565400971576139e+01 6.224504972037454387e-05
2.633201518213364878e+01 6.199953718531783515e-05
2.636842663414750021e+01 6.175494633020489122e-05
2.640488843528309459e+01 6.151127472654694620e-05
2.644140065516230820e+01 6.126851994342908791e-05
2.647796336350328517e+01 6.102667954760346536e-05
2.651457663012061516e+01 6.078575110357888452e-05
2.655124052492538311e+01 6.054573217371153572e-05
2.658795511792538591e+01 6.030662031829515181e-05
2.662472047922517859e+01 6.006841309564874047e-05
2.666153667902631241e+01 5.983110806220624773e-05
2.669840378762736677e+01 5.959470277260285365e-05
2.673532187542412686e+01 5.935919477976276564e-05
2.677229101290976843e+01 5.912458163498482975e-05
2.680931127067488262e+01 5.889086088802870440e-05
2.684638271940772825e+01 5.865803008719881832e-05
2.688350542989427083e+01 5.842608677942979210e-05
2.692067947301836028e+01 5.819502851036887145e-05
2.695790491976189429e+01 5.796485282445938366e-05
2.699518184120487874e+01 5.773555726502325216e-05
2.703251030852566217e+01 5.750713937434169504e-05
2.706989039300097133e+01 5.727959669373746180e-05
2.710732216600609235e+01 5.705292676365368191e-05
2.714480569901505191e+01 5.682712712373421104e-05
2.718234106360065638e+01 5.660219531290303525e-05
2.721992833143473334e+01 5.637812886944155430e-05
2.725756757428817778e+01 5.615492533106731507e-05
2.729525886403112622e+01 5.593258223501042746e-05
2.733300227263314142e+01 5.571109711808992613e-05
2.737079787216324434e+01 5.549046751679017286e-05
2.740864573479016997e+01 5.527069096733526666e-05
2.744654593278240284e+01 5.505176500576390125e-05
2.748449853850836178e+01 5.483368716800337531e-05
2.752250362443657750e+01 5.461645498994260677e-05
2.756056126313573174e+01 5.440006600750489635e-05
2.759867152727490947e+01 5.418451775671941030e-05
2.763683448962363443e+01 5.396980777379376779e-05
2.767505022305206097e+01 5.375593359518346371e-05
2.771331880053114816e+01 5.354289275766271449e-05
2.775164029513270236e+01 5.333068279839424012e-05
2.779001478002962244e+01 5.311930125499728420e-05
2.782844232849595656e+01 5.290874566561679966e-05
2.786692301390706916e+01 5.269901356899077090e-05
2.790545690973982929e+01 5.249010250451734627e-05
2.794404408957265318e+01 5.228201001232127927e-05
2.798268462708575655e+01 5.207473363331999720e-05
2.802137859606118298e+01 5.186827090928901915e-05
2.806012607038305262e+01 5.166261938292601881e-05
2.809892712403761905e+01 5.145777659791584275e-05
2.813778183111342912e+01 5.125374009899334667e-05
2.817669026580153613e+01 5.105050743200655695e-05
2.821565250239551048e+01 5.084807614397947312e-05
2.825466861529172391e+01 5.064644378317268824e-05
2.829373867898937078e+01 5.044560789914625913e-05
2.833286276809066706e+01 5.024556604281868016e-05
2.837204095730103148e+01 5.004631576652801870e-05
2.841127332142912110e+01 4.984785462409088220e-05
2.845055993538709771e+01 4.965018017086145972e-05
2.848990087419066697e+01 4.945328996379024509e-05
2.852929621295926310e+01 4.925718156148102523e-05
2.856874602691624432e+01 4.906185252424870205e-05
2.860825039138891768e+01 4.886730041417586067e-05
2.864780938180881975e+01 4.867352279516842968e-05
2.868742307371174149e+01 4.848051723301197152e-05
2.872709154273793075e+01 4.828828129542652283e-05
2.876681486463226278e+01 4.809681255211996424e-05
2.880659311524430066e+01 4.790610857484356547e-05
2.884642637052855108e+01 4.771616693744419640e-05
2.888631470654449984e+01 4.752698521591768336e-05
2.892625819945681087e+01 4.733856098846085767e-05
2.896625692553550735e+01 4.715089183552307548e-05
2.900631096115602148e+01 4.696397533985831378e-05
2.904642038279945027e+01 4.677780908657468449e-05
2.908658526705261238e+01 4.659239066318540554e-05
2.912680569060822222e+01 4.640771765965835569e-05
2.916708173026508533e+01 4.622378766846470098e-05
2.920741346292815521e+01 4.604059828462794813e-05
2.924780096560877496e+01 4.585814710577205597e-05
2.928824431542474116e+01 4.567643173216831369e-05
2.932874358960048511e+01 4.549544976678352679e-05
2.936929886546726820e+01 4.531519881532535709e-05
2.940991022046322101e+01 4.513567648628932967e-05
2.945057773213362040e+01 4.495688039100360363e-05
2.949130147813090375e+01 4.477880814367465770e-05
2.953208153621494958e+01 4.460145736143118680e-05
2.957291798425312024e+01 4.442482566436861539e-05
2.961381090022044305e+01 4.424891067559263492e-05
2.965476036219981637e+01 4.407371002126159615e-05
2.969576644838205226e+01 4.389922133063029060e-05
2.973682923706614289e+01 4.372544223609067587e-05
2.977794880665930677e+01 4.355237037321417308e-05
2.981912523567718054e+01 4.338000338079326637e-05
2.986035860274401088e+01 4.320833890088070358e-05
2.990164898659271842e+01 4.303737457883141421e-05
2.994299646606513932e+01 4.286710806334070043e-05
2.998440112011209990e+01 4.269753700648431193e-05
3.002586302779358363e+01 4.252865906375714514e-05
3.006738226827895488e+01 4.236047189411096671e-05
3.010895892084698389e+01 4.219297315999305173e-05
3.015059306488612734e+01 4.202616052738288401e-05
3.019228477989457815e+01 4.186003166582947296e-05
3.023403414548045376e+01 4.169458424848771497e-05
3.027584124136199861e+01 4.152981595215416539e-05
3.031770614736762681e+01 4.136572445730312883e-05
3.035962894343620988e+01 4.120230744812109619e-05
3.040160970961709808e+01 4.103956261254221159e-05
3.044364852607033356e+01 4.087748764212499857e-05
3.048574547306686355e+01 4.071607934150856369e-05
3.052790063098855100e+01 4.055533156069409566e-05
3.057011408032848010e+01 4.039523759504812337e-05
3.061238590169100249e+01 4.023579081386793248e-05
3.065471617579190777e+01 4.007698465970114052e-05
3.069710498345866156e+01 3.991881264767416237e-05
3.073955240563043034e+01 3.976126836482997960e-05
3.078205852335835857e+01 3.960434546947452913e-05
3.082462341780562198e+01 3.944803769053283629e-05
3.086724717024763365e+01 3.929233882691243225e-05
3.090992986207222870e+01 3.913724274687602786e-05
3.095267157477973541e+01 3.898274338742292890e-05
3.099547238998322740e+01 3.882883475367745118e-05
3.103833238940857697e+01 3.867551091828710702e-05
3.108125165489472863e+01 3.852276602082675482e-05
3.112423026839374174e+01 3.837059426721304862e-05
3.116726831197100367e+01 3.821898992912411882e-05
3.121036586780541455e+01 3.806794734342840099e-05
3.125352301818946543e+01 3.791746091162092523e-05
3.129673984552948696e+01 3.776752509926586688e-05
3.134001643234571688e+01 3.761813443544784533e-05
3.138335286127250967e+01 3.746928351222885393e-05
3.142674921505851771e+01 3.732096698411343664e-05
3.147020557656676942e+01 3.717317956751980739e-05
3.151372202877492157e+01 3.702591604025840308e-05
3.155729865477533380e+01 3.687917124101690785e-05
3.160093553777526409e+01 3.673294006885143026e-05
3.164463276109707479e+01 3.658721748268481579e-05
3.168839040817827879e+01 3.644199850081115971e-05
3.173220856257182731e+01 3.629727820040538856e-05
3.177608730794616676e+01 3.615305171704134580e-05
3.182002672808543409e+01 3.600931424421338763e-05
3.186402690688966644e+01 3.586606103286535136e-05
3.190808792837485441e+01 3.572328739092542587e-05
3.195220987667323342e+01 3.558098868284542671e-05
3.199639283603332274e+01 3.543916032914782996e-05
3.204063689082013866e+01 3.529779780597581479e-05
3.208494212551541125e+01 3.515689664465101061e-05
3.212930862471760918e+01 3.501645243123520157e-05
3.217373647314227014e+01 3.487646080609733685e-05
3.221822575562200086e+01 3.473691746348716143e-05
3.226277655710673997e+01 3.459781815111131331e-05
3.230738896266392146e+01 3.445915866971720675e-05
3.235206305747854572e+01 3.432093487267928039e-05
3.239679892685349216e+01 3.418314266559197419e-05
3.244159665620951927e+01 3.404577800586675181e-05
3.248645633108551323e+01 3.390883690233314812e-05
3.253137803713870113e+01 3.377231541484482431e-05
3.257636186014467938e+01 3.363620965389056970e-05
3.262140788599771923e+01 3.350051578020885436e-05
3.266651620071080231e+01 3.336523000440741639e-05
3.271168689041591193e+01 3.323034858658594604e-05
3.275692004136408286e+01 3.309586783596433313e-05
3.280221573992562156e+01 3.296178411051411961e-05
3.284757407259030515e+01 3.282809381659348253e-05
3.289299512596745245e+01 3.269479340858761105e-05
3.293847898678620822e+01 3.256187938855093997e-05
3.298402574189558578e+01 3.242934830585534646e-05
3.302963547826470858e+01 3.229719675683975631e-05
3.307530828298298786e+01 3.216542138446477125e-05
3.312104424326020080e+01 3.203401887797129439e-05
3.316684344642681026e+01 3.190298597253982647e-05
3.321270597993394347e+01 3.177231944895751411e-05
3.325863193135368334e+01 3.164201613328440529e-05
3.330462138837925323e+01 3.151207289652518007e-05
3.335067443882505955e+01 3.138248665430368661e-05
3.339679117062700442e+01 3.125325436653998446e-05
3.344297167184255670e+01 3.112437303713147394e-05
3.348921603065092256e+01 3.099583971363588895e-05
3.353552433535330835e+01 3.086765148695772541e-05
3.358189667437294190e+01 3.073980549103807807e-05
3.362833313625540654e+01 3.061229890254579881e-05
3.367483380966865525e+01 3.048512894057304245e-05
3.372139878340325936e+01 3.035829286633229664e-05
3.376802814637261463e+01 3.023178798285629842e-05
3.381472198761300518e+01 3.010561163470114240e-05
3.386148039628388773e+01 2.997976120765061879e-05
3.390830346166797682e+01 2.985423412842415651e-05
3.395519127317141539e+01 2.972902786438651781e-05
3.400214392032405897e+01 2.960413992325983424e-05
3.404916149277947568e+01 2.947956785283826155e-05
3.409624408031526599e+01 2.935530924070401697e-05
3.414339177283315507e+01 2.923136171394659458e-05
3.419060466035914203e+01 2.910772293888352227e-05
3.423788283304379121e+01 2.898439062078276529e-05
3.428522638116224641e+01 2.886136250358794543e-05
3.433263539511455775e+01 2.873863636964485096e-05
3.438010996542570297e+01 2.861621003943006766e-05
3.442765018274590716e+01 2.849408137128134786e-05
3.447525613785069254e+01 2.837224826112998193e-05
3.452292792164111290e+01 2.825070864223449790e-05
3.457066562514395258e+01 2.812946048491610256e-05
3.461846933951181171e+01 2.800850179629629441e-05
3.466633915602340466e+01 2.788783062003536759e-05
3.471427516608359554e+01 2.776744503607253545e-05
3.476227746122366824e+01 2.764734316036830713e-05
3.481034613310149695e+01 2.752752314464688792e-05
3.485848127350165271e+01 2.740798317614144937e-05
3.490668297433568057e+01 2.728872147733990078e-05
3.495495132764217772e+01 2.716973630573182627e-05
3.500328642558700665e+01 2.705102595355758345e-05
3.505168836046351544e+01 2.693258874755749698e-05
3.510015722469261590e+01 2.681442304872307819e-05
3.514869311082309622e+01 2.669652725204886817e-05
3.519729611153164939e+01 2.657889978628570721e-05
3.524596631962312898e+01 2.646153911369490894e-05
3.529470382803076234e+01 2.634444372980337289e-05
3.534350872981622871e+01 2.622761216315987621e-05
3.539238111816995769e+01 2.611104297509175834e-05
3.544132108641116474e+01 2.599473475946370977e-05
3.549032872798814253e+01 2.587868614243588993e-05
3.553940413647841723e+01 2.576289578222387463e-05
3.558854740558887642e+01 2.564736236885926425e-05
3.563775862915603909e+01 2.553208462395053921e-05
3.568703790114611962e+01 2.541706130044543677e-05
3.573638531565527643e+01 2.530229118239336165e-05
3.578580096690983225e+01 2.518777308470845734e-05
3.583528494926633812e+01 2.507350585293383286e-05
3.588483735721188594e+01 2.495948836300556912e-05
3.593445828536416542e+01 2.484571952101851102e-05
3.598414782847171978e+01 2.473219826299096161e-05
3.603390608141413765e+01 2.461892355463116193e-05
3.608373313920215963e+01 2.450589439110375725e-05
3.613362909697794834e+01 2.439310979679637511e-05
3.618359405001519491e+01 2.428056882508753829e-05
3.623362809371933224e+01 2.416827055811379511e-05
3.628373132362776232e+01 2.405621410653791366e-05
3.633390383540993440e+01 2.394439860931754012e-05
3.638414572486764342e+01 2.383282323347326421e-05
3.643445708793509397e+01 2.372148717385813476e-05
3.648483802067922710e+01 2.361038965292614188e-05
3.653528861929976301e+01 2.349952992050209166e-05
3.658580898012944260e+01 2.338890725355110479e-05
3.663639919963426195e+01 2.327852095594802031e-05
3.668705937441355758e+01 2.316837035824750410e-05
3.673778960120029069e+01 2.305845481745379819e-05
3.678858997686113952e+01 2.294877371679108677e-05
3.683946059839673381e+01 2.283932646547341835e-05
3.689040156294187511e+01 2.273011249847478366e-05
3.694141296776562200e+01 2.262113127629970872e-05
3.699249491027159564e+01 2.251238228475324472e-05
3.704364748799805795e+01 2.240386503471116793e-05
3.709487079861814607e+01 2.229557906189031188e-05
3.714616493994011392e+01 2.218752392661869948e-05
3.719753000990737490e+01 2.207969921360575320e-05
3.724896610659886420e+01 2.197210453171190886e-05
3.730047332822908857e+01 2.186473951371920862e-05
3.735205177314835367e+01 2.175760381610057937e-05
3.740370153984301282e+01 2.165069711878980232e-05
3.745542272693553798e+01 2.154401912495092686e-05
3.750721543318486084e+01 2.143756956074782005e-05
3.755907975748639416e+01 2.133134817511325186e-05
3.761101579887232305e+01 2.122535473951810245e-05
3.766302365651181816e+01 2.111958904774012888e-05
3.771510342971110674e+01 2.101405091563252867e-05
3.776725521791380658e+01 2.090874018089261506e-05
3.781947912070099704e+01 2.080365670282973678e-05
3.787177523779143939e+01 2.069880036213356372e-05
3.792414366904186807e+01 2.059417106064146118e-05
3.797658451444699779e+01 2.048976872110615211e-05
3.802909787413990017e+01 2.038559328696284745e-05
3.808168384839204634e+01 2.028164472209611214e-05
3.813434253761356985e+01 2.017792301060669730e-05
3.818707404235350822e+01 2.007442815657747116e-05
3.823987846329983853e+01 1.997116018383996995e-05
3.829275590127986817e+01 1.986811913573953943e-05
3.834570645726024196e+01 1.976530515898886243e-05
3.839873023234729743e+01 1.966272122136971762e-05
3.845182732778711454e+01 1.956037363390839489e-05
3.850499784496578570e+01 1.945826879838180625e-05
3.855824188540965025e+01 1.935641300097905703e-05
3.861155955078536550e+01 1.925481241287723517e-05
3.866495094290023360e+01 1.915347309083740058e-05
3.871841616370228678e+01 1.905240097781970380e-05
3.877195531528054318e+01 1.895160190361756301e-05
3.882556849986521286e+01 1.885108158550953376e-05
3.887925581982781864e+01 1.875084562892977285e-05
3.893301737768150872e+01 1.865089952815494816e-05
3.898685327608112061e+01 1.855124866700777066e-05
3.904076361782345828e+01 1.845189831957734172e-05
3.909474850584750527e+01 1.835285365095400842e-05
3.914880804323453134e+01 1.825411971798018368e-05
3.920294233320841215e+01 1.815570147001530516e-05
3.925715147913570746e+01 1.805760374971462779e-05
3.931143558452590270e+01 1.795983129382214827e-05
3.936579475303167186e+01 1.786238873397569637e-05
3.942022908844895568e+01 1.776528059752542618e-05
3.947473869471728136e+01 1.766851130836351208e-05
3.952932367591985496e+01 1.757208518776624508e-05
3.958398413628379586e+01 1.747600645524648009e-05
3.963872018018042809e+01 1.738027922941689119e-05
3.969353191212528742e+01 1.728490752886385553e-05
3.974841943677854061e+01 1.718989527303009556e-05
3.980338285894500672e+01 1.709524628310736026e-05
3.985842228357441286e+01 1.700096428293770885e-05
3.991353781576169268e+01 1.690705289992247882e-05
3.996872956074700767e+01 1.681351566594038827e-05
4.002399762391612370e+01 1.672035601827168280e-05
4.007934211080048215e+01 1.662757730053073568e-05
4.013476312707744142e+01 1.653518276360422835e-05
4.019026077857055412e+01 1.644317556659591060e-05
4.024583517124963095e+01 1.635155877777752726e-05
4.030148641123107467e+01 1.626033537554461686e-05
4.035721460477795830e+01 1.616950824937782975e-05
4.041301985830038035e+01 1.607908020080844392e-05
4.046890227835550036e+01 1.598905394438873958e-05
4.052486197164785153e+01 1.589943210866579223e-05
4.058089904502954681e+01 1.581021723715898597e-05
4.063701360550039254e+01 1.572141178934080989e-05
4.069320576020822955e+01 1.563301814162049708e-05
4.074947561644898997e+01 1.554503858833007268e-05
4.080582328166698858e+01 1.545747534271257699e-05
4.086224886345515017e+01 1.537033053791214199e-05
4.091875246955512324e+01 1.528360622796594485e-05
4.097533420785760683e+01 1.519730438879646634e-05
4.103199418640242868e+01 1.511142691920579914e-05
4.108873251337880816e+01 1.502597564186961384e-05
4.114554929712563336e+01 1.494095230433198224e-05
4.120244464613152502e+01 1.485635857999984146e-05
4.125941866903519184e+01 1.477219606913731910e-05
4.131647147462551573e+01 1.468846629985984844e-05
4.137360317184178626e+01 1.460517072912678597e-05
4.143081386977402758e+01 1.452231074373322599e-05
4.148810367766301255e+01 1.443988766130119691e-05
4.154547270490063937e+01 1.435790273126760995e-05
4.160292106103003817e+01 1.427635713587223160e-05
4.166044885574579126e+01 1.419525199114215783e-05
4.171805619889423156e+01 1.411458834787471622e-05
4.177574320047350653e+01 1.403436719261776086e-05
4.183350997063394772e+01 1.395458944864663176e-05
4.189135661967814883e+01 1.387525597693911848e-05
4.194928325806120029e+01 1.379636757714631581e-05
4.200728999639102312e+01 1.371792498856068753e-05
4.206537694542838324e+01 1.363992889108014068e-05
4.212354421608729638e+01 1.356237990616868291e-05
4.218179191943507078e+01 1.348527859781315465e-05
4.224012016669261271e+01 1.340862547347513827e-05
4.229852906923468225e+01 1.333242098503951475e-05
4.235701873858995015e+01 1.325666552975790249e-05
4.241558928644141702e+01 1.318135945118756623e-05
4.247424082462639916e+01 1.310650304012585874e-05
4.253297346513697619e+01 1.303209653553916522e-05
4.259178732012000523e+01 1.295814012548732626e-05
4.265068250187741938e+01 1.288463394804241958e-05
4.270965912286651189e+01 1.281157809220227996e-05
4.276871729569999303e+01 1.273897259879867440e-05
4.282785713314637377e+01 1.266681746139947357e-05
4.288707874813003684e+01 1.259511262720585111e-05
4.294638225373151386e+01 1.252385799794251014e-05
4.300576776318776950e+01 1.245305343074288864e-05
4.306523538989226552e+01 1.238269873902796460e-05
4.312478524739534436e+01 1.231279369337866266e-05
4.318441744940430027e+01 1.224333802240233326e-05
4.324413210978365640e+01 1.217433141359283664e-05
4.330392934255545612e+01 1.210577351418374734e-05
4.336380926189932694e+01 1.203766393199567504e-05
4.342377198215285716e+01 1.197000223627640953e-05
4.348381761781169530e+01 1.190278795853492792e-05
4.354394628352977747e+01 1.183602059336803105e-05
4.360415809411968269e+01 1.176969959928070849e-05
4.366445316455263992e+01 1.170382439949923758e-05
4.372483160995896156e+01 1.163839438277758766e-05
4.378529354562807896e+01 1.157340890419690226e-05
4.384583908700885502e+01 1.150886728595757991e-05
4.390646834970985424e+01 1.144476881816455337e-05
4.396718144949942086e+01 1.138111275960549259e-05
4.402797850230606258e+01 1.131789833852165392e-05
4.408885962421852156e+01 1.125512475337164114e-05
4.414982493148608000e+01 1.119279117358800929e-05
4.421087454051881593e+01 1.113089674032639573e-05
4.427200856788770267e+01 1.106944056720768204e-05
4.433322713032499962e+01 1.100842174105238847e-05
4.439453034472428783e+01 1.094783932260854293e-05
4.445591832814081101e+01 1.088769234727132693e-05
4.451739119779173137e+01 1.082797982579594702e-05
4.457894907105622195e+01 1.076870074500309799e-05
4.464059206547582903e+01 1.070985406847676730e-05
4.470232029875457158e+01 1.065143873725517673e-05
4.476413388875928945e+01 1.059345367051396197e-05
4.482603295351977124e+01 1.053589776624220478e-05
4.488801761122898881e+01 1.047876990191106559e-05
4.495008798024343122e+01 1.042206893513513499e-05
4.501224417908314734e+01 1.036579370432645492e-05
4.507448632643217223e+01 1.030994302934111995e-05
4.513681454113858393e+01 1.025451571211884980e-05
4.519922894221480192e+01 1.019951053731511651e-05
4.526172964883789263e+01 1.014492627292595150e-05
4.532431678034960498e+01 1.009076167090585101e-05
4.538699045625682515e+01 1.003701546777813623e-05
4.544975079623160497e+01 9.983686385238301571e-06
4.551259792011148875e+01 9.930773130750471619e-06
4.557553194789979756e+01 9.878274398136253321e-06
4.563855299976569313e+01 9.826188868157028792e-06
4.570166119604459709e+01 9.774515209088906038e-06
4.576485665723827623e+01 9.723252077290773124e-06
4.582813950401509118e+01 9.672398117765635385e-06
4.589150985721037301e+01 9.621951964714547863e-06
4.595496783782640904e+01 9.571912242084347475e-06
4.601851356703292595e+01 9.522277564107909254e-06
4.608214716616712536e+01 9.473046535838258226e-06
4.614586875673398225e+01 9.424217753675569591e-06
4.620967846040657179e+01 9.375789805887540024e-06
4.627357639902610487e+01 9.327761273123550231e-06
4.633756269460238286e+01 9.280130728921687008e-06
4.640163746931384736e+01 9.232896740209792032e-06
4.646580084550787859e+01 9.186057867799803840e-06
4.653005294570110806e+01 9.139612666875775862e-06
4.659439389257948960e+01 9.093559687475663678e-06
4.665882380899871862e+01 9.047897474966742589e-06
4.672334281798431022e+01 9.002624570515012950e-06
4.678795104273189054e+01 8.957739511548301877e-06
4.685264860660749520e+01 8.913240832213379828e-06
4.691743563314767584e+01 8.869127063827110676e-06
4.698231224605989809e+01 8.825396735321780977e-06
4.704727856922261253e+01 8.782048373684315352e-06
4.711233472668556033e+01 8.739080504389974295e-06
4.717748084267010000e+01 8.696491651830146473e-06
4.724271704156925722e+01 8.654280339734779298e-06
4.730804344794816529e+01 8.612445091588805739e-06
4.737346018654411495e+01 8.570984431043575329e-06
4.743896738226697352e+01 8.529896882322493158e-06
4.750456516019924180e+01 8.489180970621578370e-06
4.757025364559640934e+01 8.448835222504589784e-06
4.763603296388722441e+01 8.408858166292981228e-06
4.770190324067377929e+01 8.369248332450984740e-06
4.776786460173194371e+01 8.330004253965210079e-06
4.783391717301144297e+01 8.291124466719882011e-06
4.790006108063616352e+01 8.252607509866715884e-06
4.796629645090445138e+01 8.214451926190203973e-06
4.803262341028921867e+01 8.176656262468393917e-06
4.809904208543834159e+01 8.139219069828527360e-06
4.816555260317475273e+01 8.102138904098827983e-06
4.823215509049676797e+01 8.065414326155288647e-06
4.829884967457837774e+01 8.029042902117224808e-06
4.836563648276932526e+01 7.993014686288790459e-06
4.843251564259554698e+01 7.957316458579783268e-06
4.849948728175925794e+01 7.921935197145815879e-06
4.856655152813925014e+01 7.886858091895955399e-06
4.863370850979121229e+01 7.852072540209736881e-06
4.870095835494782222e+01 7.817566142853361676e-06
4.876830119201915892e+01 7.783326700089424188e-06
4.883573714959280920e+01 7.749342207975660801e-06
4.890326635643414477e+01 7.715600854847210193e-06
4.897088894148668459e+01 7.682091017977868647e-06
4.903860503387214465e+01 7.648801260415967986e-06
4.910641476289088558e+01 7.615720327989719386e-06
4.917431825802198375e+01 7.582837146478125873e-06
4.924231564892356516e+01 7.550140818942989477e-06
4.931040706543311103e+01 7.517620623217484798e-06
4.937859263756755013e+01 7.485266009547998956e-06
4.944687249552369224e+01 7.453066598384153173e-06
4.951524676967829919e+01 7.421012178313931265e-06
4.958371559058842593e+01 7.389092704139582468e-06
4.965227908899172604e+01 7.357298295090584363e-06
4.972093739580654415e+01 7.325619233170182893e-06
4.978969064213234219e+01 7.294045961631403905e-06
4.985853895924977053e+01 7.262569083579297173e-06
4.992748247862112265e+01 7.231179360695642740e-06
4.999652133189039205e+01 7.199867712082817020e-06
5.006565565088360614e+01 7.168625213223052728e-06
5.013488556760914605e+01 7.137443095049967953e-06
5.020421121425785316e+01 7.106312743128628096e-06
5.027363272320344834e+01 7.075225696941171843e-06
5.034315022700261721e+01 7.044173649274468169e-06
5.041276385839533702e+01 7.013148445706290912e-06
5.048247375030523898e+01 6.982142084187031030e-06
5.055228003583962249e+01 6.951146714713658373e-06
5.062218284828997383e+01 6.920154639092308516e-06
5.069218232113200884e+01 6.889158310786744325e-06
5.076227858802599258e+01 6.858150334849122027e-06
5.083247178281712308e+01 6.827123467929805782e-06
5.090276203953554557e+01 6.796070618363281386e-06
5.097314949239685689e+01 6.764984846326600560e-06
5.104363427580216950e+01 6.733859364067412385e-06
5.111421652433843121e+01 6.702687536198146314e-06
5.118489637277878757e+01 6.671462880053201732e-06
5.125567395608262444e+01 6.640179066105878747e-06
5.132654940939607258e+01 6.608829918441823866e-06
5.139752286805204307e+01 6.577409415285721864e-06
5.146859446757059686e+01 6.545911689577951572e-06
5.153976434365925030e+01 6.514331029597837807e-06
5.161103263221309589e+01 6.482661879630534809e-06
5.168239946931521445e+01 6.450898840673754956e-06
5.175386499123680295e+01 6.419036671181505197e-06
5.182542933443748723e+01 6.387070287841068684e-06
5.189709263556566299e+01 6.354994766380365229e-06
5.196885503145857399e+01 6.322805342401856942e-06
5.204071665914278810e+01 6.290497412239944624e-06
5.211267765583426836e+01 6.258066533838450701e-06
5.218473815893872825e+01 6.225508427644676899e-06
5.225689830605195141e+01 6.192818977516620578e-06
5.232915823495988406e+01 6.159994231640296167e-06
5.240151808363911101e+01 6.127030403452995992e-06
5.247397799025689125e+01 6.093923872570145070e-06
5.254653809317166235e+01 6.060671185711024262e-06
5.261919853093309030e+01 6.027269057621107839e-06
5.269195944228241757e+01 5.993714371986816711e-06
5.276482096615283979e+01 5.960004182339407619e-06
5.283778324166953411e+01 5.926135712944850696e-06
5.291084640815017792e+01 5.892106359675646602e-06
5.298401060510501281e+01 5.857913690861850691e-06
5.305727597223719982e+01 5.823555448117258782e-06
5.313064264944313919e+01 5.789029547137573081e-06
5.320411077681259115e+01 5.754334078467204170e-06
5.327768049462913069e+01 5.719467308231158293e-06
5.335135194337022568e+01 5.684427678828585392e-06
5.342512526370759929e+01 5.649213809584850482e-06
5.349900059650758521e+01 5.613824497358293844e-06
5.357297808283117035e+01 5.578258717099164352e-06
5.364705786393453479e+01 5.542515622356225638e-06
5.372124008126908734e+01 5.506594545729165712e-06
5.379552487648183501e+01 5.470494999262335144e-06
5.386991239141574539e+01 5.434216674777428568e-06
5.394440276810978929e+01 5.397759444141581626e-06
5.401899614879948075e+01 5.361123359467811997e-06
5.409369267591692676e+01 5.324308653244977115e-06
5.416849249209118256e+01 5.287315738393888417e-06
5.424339574014860688e+01 5.250145208246861419e-06
5.431840256311296145e+01 5.212797836447893735e-06
5.439351310420586572e+01 5.175274576770387816e-06
5.446872750684691766e+01 5.137576562849932394e-06
5.454404591465404195e+01 5.099705107829310114e-06
5.461946847144380968e+01 5.061661703913242819e-06
5.469499532123157337e+01 5.023448021830275745e-06
5.477062660823192886e+01 4.985065910199459461e-06
5.484636247685880761e+01 4.946517394799563721e-06
5.492220307172583205e+01 4.907804677738299082e-06
5.499814853764667788e+01 4.868930136519859835e-06
5.507419901963515940e+01 4.829896323008425880e-06
5.515035466290571975e+01 4.790705962285757535e-06
5.522661561287349485e+01 4.751361951401441617e-06
5.530298201515480372e+01 4.711867358013357826e-06
5.537945401556724789e+01 4.672225418917835172e-06
5.545603176013004543e+01 4.632439538467025975e-06
5.553271539506442878e+01 4.592513286872911276e-06
5.560950506679370164e+01 4.552450398396717085e-06
5.568640092194375768e+01 4.512254769422109251e-06
5.576340310734315153e+01 4.471930456412276196e-06
5.584051177002346833e+01 4.431481673749141093e-06
5.591772705721970027e+01 4.390912791454855940e-06
5.599504911637031057e+01 4.350228332794953281e-06
5.607247809511775216e+01 4.309432971762491483e-06
5.615001414130856006e+01 4.268531530443815306e-06
5.622765740299369952e+01 4.227528976265232110e-06
5.630540802842894266e+01 4.186430419121279631e-06
5.638326616607496078e+01 4.145241108384853836e-06
5.646123196459782179e+01 4.103966429799583953e-06
5.653930557286907543e+01 4.062611902255536339e-06
5.661748713996615123e+01 4.021183174448580905e-06
5.669577681517267820e+01 3.979686021425123502e-06
5.677417474797861274e+01 3.938126341012912364e-06
5.685268108808073606e+01 3.896510150139643185e-06
5.693129598538273939e+01 3.854843581040862921e-06
5.701001958999560060e+01 3.813132877358944723e-06
5.708885205223796078e+01 3.771384390135105913e-06
5.716779352263618819e+01 3.729604573696582754e-06
5.724684415192491826e+01 3.687799981441262567e-06
5.732600409104713890e+01 3.645977261522275756e-06
5.740527349115455280e+01 3.604143152435338702e-06
5.748465250360796830e+01 3.562304478511284453e-06
5.756414127997736330e+01 3.520468145317438692e-06
5.764373997204242528e+01 3.478641134970291022e-06
5.772344873179264368e+01 3.436830501363486682e-06
5.780326771142766518e+01 3.395043365314185454e-06
5.788319706335768444e+01 3.353286909631703609e-06
5.796323694020352946e+01 3.311568374112247990e-06
5.804338749479718018e+01 3.269895050463657221e-06
5.812364888018185383e+01 3.228274277164507184e-06
5.820402124961248802e+01 3.186713434261642279e-06
5.828450475655586871e+01 3.145219938110731859e-06
5.836509955469097122e+01 3.103801236064569398e-06
5.844580579790937946e+01 3.062464801113349539e-06
5.852662364031535702e+01 3.021218126482529552e-06
5.860755323622638002e+01 2.980068720192495111e-06
5.868859474017321531e+01 2.939024099585783855e-06
5.876974830690031126e+01 2.898091785826452584e-06
5.885101409136619566e+01 2.857279298377492324e-06
5.893239224874354676e+01 2.816594149461234970e-06
5.901388293441971911e+01 2.776043838508528691e-06
5.909548630399686431e+01 2.735635846602103970e-06
5.917720251329227921e+01 2.695377630919998924e-06
5.925903171833882510e+01 2.655276619184297225e-06
5.934097407538499880e+01 2.615340204121708381e-06
5.942302974089547263e+01 2.575575737940912500e-06
5.950519887155119392e+01 2.535990526833400046e-06
5.958748162424975447e+01 2.496591825503109877e-06
5.966987815610580270e+01 2.457386831730912515e-06
5.975238862445110044e+01 2.418382680980134713e-06
5.983501318683511982e+01 2.379586441048755530e-06
5.991775200102507171e+01 2.341005106774289551e-06
6.000060522500633198e+01 2.302645594797422857e-06
6.008357301698283237e+01 2.264514738389955732e-06
6.016665553537713151e+01 2.226619282353367169e-06
6.024985293883099757e+01 2.188965877993288345e-06
6.033316538620544378e+01 2.151561078176195900e-06
6.041659303658118318e+01 2.114411332473403809e-06
6.050013604925897681e+01 2.077522982398510528e-06
6.058379458375974025e+01 2.040902256743557651e-06
6.066756879982510497e+01 2.004555267019194913e-06
6.075145885741748941e+01 1.968488008148803777e-06
6.083546491672051104e+01 1.932708275533180760e-06
6.091958713813937720e+01 1.897228327731953749e-06
6.100382568230097746e+01 1.862060514331631449e-06
6.108818071005443784e+01 1.827216513954006779e-06
6.117265238247120607e+01 1.792707343258878323e-06
6.125724086084545661e+01 1.758543366661083967e-06
6.134194630669450987e+01 1.724734306713027586e-06
6.142676888175887484e+01 1.691289255104179014e-06
6.151170874800286015e+01 1.658216684229484118e-06
6.159676606761460249e+01 1.625524459280347830e-06
6.168194100300663507e+01 1.593219850811528774e-06
6.176723371681597996e+01 1.561309547739684221e-06
6.185264437190455311e+01 1.529799670729254096e-06
6.193817313135956226e+01 1.498695785923015617e-06
6.202382015849360641e+01 1.468002918976150587e-06
6.210958561684523005e+01 1.437725569353018468e-06
6.219546967017903683e+01 1.407867724848309554e-06
6.228147248248605905e+01 1.378432876294465120e-06
6.236759421798420533e+01 1.349424032419427300e-06
6.245383504111833872e+01 1.320843734819951775e-06
6.254019511656081676e+01 1.292694073016692605e-06
6.262667460921163354e+01 1.264976699559695263e-06
6.271327368419878923e+01 1.237692845153143568e-06
6.279999250687871637e+01 1.210843333770753900e-06
6.288683124283638648e+01 1.184428597734070005e-06
6.297379005788584294e+01 1.158448692727233074e-06
6.306086911807033601e+01 1.132903312723989908e-06
6.314806858966270653e+01 1.107791804803081177e-06
6.323538863916583352e+01 1.083113183830541978e-06
6.332282943331266978e+01 1.058866146988161925e-06
6.341039113906687419e+01 1.035049088129005680e-06
6.349807392362288283e+01 1.011660111942368014e-06
6.358587795440632817e+01 9.886970479113618579e-07
6.367380339907442988e+01 9.661574640482857776e-07
6.376185042551614401e+01 9.440386803936263793e-07
6.385001920185268887e+01 9.223377822660560003e-07
6.393830989643766571e+01 9.010516332519729586e-07
6.402672267785746385e+01 8.801768879240367864e-07
6.411525771493171533e+01 8.597100042796313854e-07
6.420391517671333759e+01 8.396472558910385055e-07
6.429269523248915164e+01 8.199847437600213960e-07
6.438159805177994599e+01 8.007184078709621354e-07
6.447062380434095985e+01 7.818440384370669379e-07
6.455977266016225258e+01 7.633572868355527154e-07
6.464904478946877475e+01 7.452536762284191368e-07
6.473844036272102187e+01 7.275286118660710130e-07
6.482795955061509119e+01 7.101773910722332056e-07
6.491760252408322174e+01 6.931952129089516736e-07
6.500736945429387958e+01 6.765771875215379328e-07
6.509726051265229785e+01 6.603183451636465583e-07
6.518727587080076091e+01 6.444136449035614594e-07
6.527741570061880338e+01 6.288579830133820319e-07
6.536768017422373589e+01 6.136462010429875862e-07
6.545806946397077297e+01 5.987730935816962808e-07
6.554858374245350205e+01 5.842334157106206579e-07
6.563922318250419607e+01 5.700218901493387297e-07
6.572998795719405507e+01 5.561332141008990442e-07
6.582087823983370356e+01 5.425620657994722944e-07
6.591189420397329002e+01 5.293031107655106983e-07
6.600303602340298426e+01 5.163510077732739417e-07
6.609430387215336111e+01 5.037004145361570956e-07
6.618569792449549993e+01 4.913459931154397239e-07
6.627721835494159563e+01 4.792824150581067380e-07
6.636886533824505818e+01 4.675043662699514975e-07
6.646063904940093892e+01 4.560065516299254334e-07
6.655253966364637108e+01 4.447836993522745054e-07
6.664456735646068353e+01 4.338305651027740006e-07
6.673672230356594071e+01 4.231419358757100357e-07
6.682900468092717006e+01 4.127126336382242016e-07
6.692141466475264622e+01 4.025375187487583314e-07
6.701395243149443104e+01 3.926114931563073664e-07
6.710661815784847306e+01 3.829295033873626181e-07
6.719941202075514752e+01 3.734865433272437125e-07
6.729233419739941269e+01 3.642776568026801820e-07
6.738538486521125037e+01 3.552979399723913882e-07
6.747856420186604964e+01 3.465425435323784101e-07
6.757187238528480577e+01 3.380066747427058570e-07
6.766530959363463182e+01 3.296855992823066112e-07
6.775887600532892918e+01 3.215746429384570689e-07
6.785257179902779967e+01 3.136691931373707576e-07
6.794639715363848609e+01 3.059647003223324299e-07
6.804035224831550011e+01 2.984566791856635445e-07
6.813443726246120491e+01 2.911407097607472654e-07
6.822865237572592889e+01 2.840124383801688906e-07
6.832299776800851987e+01 2.770675785059838472e-07
6.841747361945650141e+01 2.703019114379438026e-07
6.851208011046651336e+01 2.637112869054271107e-07
6.860681742168472397e+01 2.572916235486282767e-07
6.870168573400697198e+01 2.510389092945593235e-07
6.879668522857937774e+01 2.449492016330660652e-07
6.889181608679842839e+01 2.390186277981578505e-07
6.898707849031144690e+01 2.332433848596334453e-07
6.908247262101707520e+01 2.276197397298985102e-07
6.917799866106527418e+01 2.221440290907970944e-07
6.927365679285807687e+01 2.168126592449737118e-07
6.936944719904961687e+01 2.116221058963296537e-07
6.946537006254658309e+01 2.065689138638354906e-07
6.956142556650868869e+01 2.016496967328773291e-07
6.965761389434881323e+01 1.968611364482352198e-07
6.975393522973355687e+01 1.921999828524922083e-07
6.985038975658341087e+01 1.876630531737117780e-07
6.994697765907316978e+01 1.832472314659457739e-07
7.004369912163241452e+01 1.789494680060464919e-07
7.014055432894562614e+01 1.747667786501611635e-07
7.023754346595278264e+01 1.706962441530592443e-07
7.033466671784948687e+01 1.667350094534120482e-07
7.043192427008744971e+01 1.628802829279323797e-07
7.052931630837491639e+01 1.591293356172119108e-07
7.062684301867678016e+01 1.554795004259558485e-07
7.072450458721523603e+01 1.519281713001543244e-07
7.082230120046985178e+01 1.484728023836946277e-07
7.092023304517807958e+01 1.451109071567003690e-07
7.101830030833571072e+01 1.418400575578655339e-07
7.111650317719691827e+01 1.386578830928945225e-07
7.121484183927498179e+01 1.355620699310311850e-07
7.131331648234237264e+01 1.325503599916368612e-07
7.141192729443120868e+01 1.296205500225772416e-07
7.151067446383369486e+01 1.267704906721683623e-07
7.160955817910226529e+01 1.239980855562842165e-07
7.170857862905027957e+01 1.213012903221567014e-07
7.180773600275196600e+01 1.186781117103262943e-07
7.190703048954317467e+01 1.161266066160688786e-07
7.200646227902149121e+01 1.136448811516216385e-07
7.210603156104662048e+01 1.112310897103708686e-07
7.220573852574094076e+01 1.088834340341368661e-07
7.230558336348958903e+01 1.066001622846282897e-07
7.240556626494107206e+01 1.043795681200128361e-07
7.250568742100745112e+01 1.022199897775628498e-07
7.260594702286476831e+01 1.001198091631982825e-07
7.270634526195351555e+01 9.807745094873438324e-08
7.280688232997876241e+01 9.609138167757170002e-08
7.290755841891083833e+01 9.416010887949993066e-08
7.300837372098538935e+01 9.228218019525395524e-08
7.310932842870387560e+01 9.045618251139074001e-08
7.321042273483408280e+01 8.868074110601429820e-08
7.331165683241017916e+01 8.695451880584913198e-08
7.341303091473341169e+01 8.527621515507709597e-08
7.351454517537221989e+01 8.364456559636665157e-08
7.361619980816270470e+01 8.205834066442885178e-08
7.371799500720911169e+01 8.051634519244197994e-08
7.381993096688391631e+01 7.901741753163566596e-08
7.392200788182856286e+01 7.756042878427227111e-08
7.402422594695347868e+01 7.614428205028399246e-08
7.412658535743867105e+01 7.476791168773358471e-08
7.422908630873408242e+01 7.343028258729059207e-08
7.433172899655983201e+01 7.213038946086158017e-08
7.443451361690679846e+01 7.086725614449610232e-08
7.453744036603674772e+01 6.963993491567707206e-08
7.464050944048284464e+01 6.844750582506677193e-08
7.474372103705016457e+01 6.728907604277493781e-08
7.484707535281570756e+01 6.616377921919970094e-08
7.495057258512917997e+01 6.507077486046093565e-08
7.505421293161306551e+01 6.400924771844681804e-08
7.515799659016310841e+01 6.297840719547453520e-08
7.526192375894879660e+01 6.197748676355353815e-08
7.536599463641351804e+01 6.100574339823225356e-08
7.547020942127522858e+01 6.006245702699864797e-08
7.557456831252646623e+01 5.914692999219392735e-08
7.567907150943511851e+01 5.825848652839614017e-08
7.578371921154450774e+01 5.739647225422440384e-08
7.588851161867385997e+01 5.656025367850132578e-08
7.599344893091883080e+01 5.574921772071935567e-08
7.609853134865163327e+01 5.496277124574608599e-08
7.620375907252166314e+01 5.420034061270160480e-08
7.630913230345569787e+01 5.346137123794416828e-08
7.641465124265832287e+01 5.274532717209762156e-08
7.652031609161245740e+01 5.205168425967907983e-08
7.662612705207951080e+01 5.137980685985425191e-08
7.673208432610000784e+01 5.072896402774136029e-08
7.683818811599374499e+01 5.009844963578593836e-08
7.694443862436027359e+01 4.948758578372143278e-08
7.705083605407942571e+01 4.889572150474187453e-08
7.715738060831141354e+01 4.832223153597480633e-08
7.726407249049752579e+01 4.776651514975059542e-08
7.737091190436025556e+01 4.722799504237422560e-08
7.747789905390379772e+01 4.670611627729046814e-08
7.758503414341454629e+01 4.620034527972296695e-08
7.769231737746125077e+01 4.571016888002667815e-08
7.779974896089565561e+01 4.523509340315874573e-08
7.790732909885268498e+01 4.477464380181670488e-08
7.801505799675089747e+01 4.432836283093753574e-08
7.812293586029304038e+01 4.389581026137560419e-08
7.823096289546612070e+01 4.347656213070980205e-08
7.833913930854214414e+01 4.307021002923647572e-08
7.844746530607825719e+01 4.267636041932193345e-08
7.855594109491718768e+01 4.229463398638490987e-08
7.866456688218782745e+01 4.192466501987802590e-08
7.877334287530531753e+01 4.156610082273079963e-08
7.888226928197175880e+01 4.121860114779418835e-08
7.899134631017635400e+01 4.088183765991740628e-08
7.910057416819589093e+01 4.055549342235377847e-08
7.920995306459531093e+01 4.023926240626998749e-08
7.931948320822776566e+01 3.993284902219733133e-08
7.942916480823538450e+01 3.963596767232777407e-08
7.953899807404930300e+01 3.934834232261625379e-08
7.964898321539044446e+01 3.906970609370794056e-08
7.975912044226961939e+01 3.879980086976258583e-08
7.986940996498800871e+01 3.853837692429530053e-08
7.997985199413771795e+01 3.828519256220370928e-08
8.009044674060191937e+01 3.804001377719497752e-08
8.020119441555553408e+01 3.780261392386496677e-08
8.031209523046537413e+01 3.757277340372779092e-08
8.042314939709065413e+01 3.735027936452550578e-08
8.053435712748354547e+01 3.713492541218573432e-08
8.064571863398926155e+01 3.692651133483042669e-08
8.075723412924682520e+01 3.672484283826545701e-08
8.086890382618915396e+01 3.652973129241685044e-08
8.098072793804360003e+01 3.634099348820188707e-08
8.109270667833251878e+01 3.615845140435543039e-08
8.120484026087332552e+01 3.598193198375291780e-08
8.131712889977927716e+01 3.581126691879821831e-08
8.142957280945955745e+01 3.564629244546643990e-08
8.154217220461985960e+01 3.548684914561239526e-08
8.165492730026288370e+01 3.533278175717745797e-08
8.176783831168845040e+01 3.518393899194571227e-08
8.188090545449428248e+01 3.504017336052087342e-08
8.199412894457609013e+01 3.490134100420612953e-08
8.210750899812811099e+01 3.476730153349889382e-08
8.222104583164369274e+01 3.463791787290979607e-08
8.233473966191532156e+01 3.451305611184925550e-08
8.244859070603548901e+01 3.439258536132347558e-08
8.256259918139672038e+01 3.427637761620480232e-08
8.267676530569214322e+01 3.416430762285081762e-08
8.279108929691604146e+01 3.405625275185659798e-08
8.290557137336398341e+01 3.395209287574159517e-08
8.302021175363353223e+01 3.385171025137701626e-08
8.313501065662443068e+01 3.375498940697552818e-08
8.324996830153907013e+01 3.366181703347150465e-08
8.336508490788312997e+01 3.357208188013043588e-08
8.348036069546560611e+01 3.348567465423670253e-08
8.359579588439963516e+01 3.340248792471444140e-08
8.371139069510256547e+01 3.332241602954685091e-08
8.382714534829659669e+01 3.324535498686543223e-08
8.394306006500919182e+01 3.317120240958962862e-08
8.405913506657333301e+01 3.309985742350312890e-08
8.417537057462818950e+01 3.303122058865792505e-08
8.429176681111927394e+01 3.296519382401021094e-08
8.440832399829913868e+01 3.290168033518897934e-08
8.452504235872756055e+01 3.284058454531027153e-08
8.464192211527205245e+01 3.278181202875665105e-08
8.475896349110844596e+01 3.272526944783737028e-08
8.487616670972099087e+01 3.267086449226429295e-08
8.499353199490315092e+01 3.261850582136794176e-08
8.511105957075770334e+01 3.256810300899327366e-08
8.522874966169732147e+01 3.251956649101632735e-08
8.534660249244512897e+01 3.247280751542205347e-08
8.546461828803481353e+01 3.242773809489574819e-08
8.558279727381139423e+01 3.238427096187681162e-08
8.570113967543139211e+01 3.234231952603083816e-08
8.581964571886332749e+01 3.230179783409815045e-08
8.593831563038834531e+01 3.226262053208003838e-08
8.605714963660031458e+01 3.222470282972588370e-08
8.617614796440658154e+01 3.218796046729007483e-08
8.629531084102815441e+01 3.215230968452438721e-08
8.641463849400021502e+01 3.211766719188055716e-08
8.653413115117271559e+01 3.208395014389411118e-08
8.665378904071052091e+01 3.205107611472679908e-08
8.677361239109413305e+01 3.201896307584419880e-08
8.689360143111990453e+01 3.198752937580650283e-08
8.701375638990052153e+01 3.195669372215499660e-08
8.713407749686565751e+01 3.192637516537486605e-08
8.725456498176204434e+01 3.189649308491695699e-08
8.737521907465425386e+01 3.186696717726383530e-08
8.749604000592488262e+01 3.183771744602426595e-08
8.761702800627509191e+01 3.180866419404212838e-08
8.773818330672520460e+01 3.177972801750581852e-08
8.785950613861476199e+01 3.175082980204646426e-08
8.798099673360343331e+01 3.172189072080950278e-08
8.810265532367105834e+01 3.169283223449000445e-08
8.822448214111827269e+01 3.166357609331772768e-08
8.834647741856703362e+01 3.163404434097814023e-08
8.846864138896083318e+01 3.160415932045925610e-08
8.859097428556540876e+01 3.157384368180992130e-08
8.871347634196889942e+01 3.154302039179488432e-08
8.883614779208262746e+01 3.151161274543463404e-08
8.895898887014119794e+01 3.147954437941253500e-08
8.908199981070315232e+01 3.144673928733643547e-08
8.920518084865149433e+01 3.141312183683518703e-08
8.932853221919383202e+01 3.137861678847366454e-08
8.945205415786320202e+01 3.134314931646838622e-08
8.957574690051818322e+01 3.130664503117860088e-08
8.969961068334352206e+01 3.126903000335819107e-08
8.982364574285065828e+01 3.123023079013736328e-08
8.994785231587793817e+01 3.119017446271477540e-08
9.007223063959135345e+01 3.114878863572922480e-08
9.019678095148471186e+01 3.110600149828447329e-08
9.032150348938023399e+01 3.106174184659443959e-08
9.044639849142912169e+01 3.101593911821659170e-08
9.057146619611170024e+01 3.096852342783941320e-08
9.069670684223827095e+01 3.091942560458247849e-08
9.082212066894921065e+01 3.086857723077436884e-08
9.094770791571555435e+01 3.081591068216150511e-08
9.107346882233964891e+01 3.076135916950577031e-08
9.119940362895519570e+01 3.070485678152074872e-08
9.132551257602818851e+01 3.064633852909937913e-08
9.145179590435697037e+01 3.058574039077660862e-08
9.157825385507284466e+01 3.052299935937325373e-08
9.170488666964072877e+01 3.045805348976106839e-08
9.183169458985919675e+01 3.039084194768844944e-08
9.195867785786138882e+01 3.032130505960087638e-08
9.208583671611512500e+01 3.024938436338949417e-08
9.221317140742348784e+01 3.017502265999652930e-08
9.234068217492547603e+01 3.009816406580387399e-08
9.246836926209607554e+01 3.001875406572914790e-08
9.259623291274715484e+01 2.993673956694870992e-08
9.272427337102757861e+01 2.985206895316483558e-08
9.285249088142379037e+01 2.976469213933368052e-08
9.298088568876049465e+01 2.967456062676177263e-08
9.310945803820068534e+01 2.958162755848412951e-08
9.323820817524661209e+01 2.948584777482584787e-08
9.336713634573976606e+01 2.938717786905420631e-08
9.349624279586180364e+01 2.928557624301835053e-08
9.362552777213466015e+01 2.918100316267686902e-08
9.375499152142110404e+01 2.907342081340675491e-08
9.388463429092546164e+01 2.896279335499012138e-08
9.401445632819367404e+01 2.884908697616490684e-08
9.414445788111419233e+01 2.873226994863268499e-08
9.427463919791806291e+01 2.861231268040826405e-08
9.440500052717960955e+01 2.848918776839536259e-08
9.453554211781703032e+01 2.836287005007378752e-08
9.466626421909251121e+01 2.823333665417974797e-08
9.479716708061312147e+01 2.810056705025765660e-08
9.492825095233092725e+01 2.796454309696562445e-08
9.505951608454364532e+01 2.782524908901349068e-08
9.519096272789519730e+01 2.768267180260921723e-08
9.532259113337595124e+01 2.753680053929321449e-08
9.545440155232350321e+01 2.738762716803964406e-08
9.558639423642284783e+01 2.723514616549819968e-08
9.571856943770704618e+01 2.707935465425991253e-08
9.585092740855773741e+01 2.692025243902066704e-08
9.598346840170542293e+01 2.675784204052775022e-08
9.611619267023024804e+01 2.659212872718412664e-08
9.624910046756214399e+01 2.642312054419900782e-08
9.638219204748152436e+01 2.625083900777480250e-08
9.651546766411983924e+01 2.607536679650053435e-08
9.664892757195974582e+01 2.589680755279764485e-08
9.678257202583601781e+01 2.571526525435965045e-08
9.691640128093565920e+01 2.553084410817091694e-08
9.705041559279851526e+01 2.534364846461628119e-08
9.718461521731796893e+01 2.515378273306425535e-08
9.731900041074104024e+01 2.496135129899935511e-08
9.745357142966926745e+01 2.476645844276876023e-08
9.758832853105886329e+01 2.456920826001028257e-08
9.772327197222138295e+01 2.436970458382298193e-08
9.785840201082430667e+01 2.416805090873373994e-08
9.799371890489122450e+01 2.396435031651840595e-08
9.812922291280274578e+01 2.375870540392071360e-08
9.826491429329648497e+01 2.355121821231855599e-08
9.840079330546814163e+01 2.334199015937600705e-08
9.853686020877144358e+01 2.313112197271936798e-08
9.867311526301892854e+01 2.291871362567236390e-08
9.880955872838256937e+01 2.270486427507606735e-08
9.894619086539384512e+01 2.248967220122536512e-08
9.908301193494475001e+01 2.227323474993847915e-08
9.922002219828785030e+01 2.205564827678324165e-08
9.935722191703696637e+01 2.183700809347242317e-08
9.949461135316785487e+01 2.161740841644046822e-08
9.963219076901829396e+01 2.139694231761156472e-08
9.976996042728903547e+01 2.117570167736143284e-08
9.990792059104393275e+01 2.095377713967866977e-08
1.000460715237106513e+02 2.073125806951976097e-08
1.001844134890810096e+02 2.050823251235779089e-08
1.003229467513119317e+02 2.028478715591482790e-08
1.004616715749252620e+02 2.006100729406943011e-08
1.006005882248087602e+02 1.983697679292649413e-08
1.007396969662164281e+02 1.961277805903252895e-08
1.008789980647689930e+02 1.938849200972078433e-08
1.010184917864547742e+02 1.916419804556302951e-08
1.011581783976295696e+02 1.893997402490961225e-08
1.012980581650176219e+02 1.871589624048679213e-08
1.014381313557119739e+02 1.849203939802945104e-08
1.015783982371748806e+02 1.826847659691889607e-08
1.017188590772388039e+02 1.804527931279214152e-08
1.018595141441061855e+02 1.782251738209324558e-08
1.020003637063504982e+02 1.760025898853113281e-08
1.021414080329165301e+02 1.737857065140630557e-08
1.022826473931209108e+02 1.715751721577205338e-08
1.024240820566529493e+02 1.693716184438652823e-08
1.025657122935746060e+02 1.671756601142224443e-08
1.027075383743213450e+02 1.649878949788508953e-08
1.028495605697025894e+02 1.628089038870313165e-08
1.029917791509021470e+02 1.606392507144399651e-08
1.031341943894791058e+02 1.584794823661204696e-08
1.032768065573677774e+02 1.563301287948447910e-08
1.034196159268785635e+02 1.541917030343857027e-08
1.035626227706984395e+02 1.520647012472369392e-08
1.037058273618913375e+02 1.499496027863280165e-08
1.038492299738990852e+02 1.478468702702357622e-08
1.039928308805413337e+02 1.457569496714604673e-08
1.041366303560164113e+02 1.436802704172456871e-08
1.042806286749018909e+02 1.416172455024783860e-08
1.044248261121548182e+02 1.395682716142110192e-08
1.045692229431128624e+02 1.375337292672892757e-08
1.047138194434940317e+02 1.355139829506349326e-08
1.048586158893977398e+02 1.335093812836979861e-08
1.050036125573051748e+02 1.315202571825973326e-08
1.051488097240797259e+02 1.295469280354856897e-08
1.052942076669679352e+02 1.275896958866553834e-08
1.054398066635994269e+02 1.256488476289538759e-08
1.055856069919878166e+02 1.237246552039983169e-08
1.057316089305311380e+02 1.218173758097815320e-08
1.058778127580122970e+02 1.199272521151805031e-08
1.060242187536000245e+02 1.180545124809540298e-08
1.061708271968487480e+02 1.161993711867726405e-08
1.063176383676995727e+02 1.143620286638610542e-08
1.064646525464805649e+02 1.125426717328192083e-08
1.066118700139078044e+02 1.107414738462120638e-08
1.067592910510851567e+02 1.089585953355273228e-08
1.069069159395053390e+02 1.071941836620884572e-08
1.070547449610502895e+02 1.054483736715420197e-08
1.072027783979916506e+02 1.037212878515319975e-08
1.073510165329916646e+02 1.020130365921832062e-08
1.074994596491031444e+02 1.003237184490560671e-08
1.076481080297703983e+02 9.865342040818061942e-09
1.077969619588296979e+02 9.700221815284903491e-09
1.079460217205096342e+02 9.537017633183745183e-09
1.080952875994322255e+02 9.375734882870421851e-09
1.082447598806126763e+02 9.216377903189010521e-09
1.083944388494604425e+02 9.058950010526999119e-09
1.085443247917796299e+02 8.903453525890684702e-09
1.086944179937694344e+02 8.749889801969067262e-09
1.088447187420251367e+02 8.598259250159420256e-09
1.089952273235379892e+02 8.448561367530865597e-09
1.091459440256962097e+02 8.300794763696644455e-09
1.092968691362854088e+02 8.154957187572710277e-09
1.094480029434890014e+02 8.011045554000616214e-09
1.095993457358892726e+02 7.869055970209246249e-09
1.097508978024671933e+02 7.728983762097249979e-09
1.099026594326034427e+02 7.590823500313438518e-09
1.100546309160788780e+02 7.454569026117664869e-09
1.102068125430749177e+02 7.320213477002374479e-09
1.103592046041746073e+02 7.187749312057817480e-09
1.105118073903624207e+02 7.057168337066188053e-09
1.106646211930253401e+02 6.928461729305846917e-09
1.108176463039532962e+02 6.801620062053818932e-09
1.109708830153395525e+02 6.676633328772226650e-09
1.111243316197817563e+02 6.553490966964488543e-09
1.112779924102818256e+02 6.432181881691778442e-09
1.114318656802469576e+02 6.312694468735915722e-09
1.115859517234900409e+02 6.195016637400928102e-09
1.117402508342301672e+02 6.079135832942182998e-09
1.118947633070935552e+02 5.965039058614349907e-09
1.120494894371135501e+02 5.852712897332674886e-09
1.122044295197315336e+02 5.742143532936743457e-09
1.123595838507974207e+02 5.633316771053567152e-09
1.125149527265701437e+02 5.526218059552236393e-09
1.126705364437186034e+02 5.420832508586472822e-09
1.128263352993215989e+02 5.317144910220138670e-09
1.129823495908688358e+02 5.215139757631601178e-09
1.131385796162613815e+02 5.114801263895090920e-09
1.132950256738121340e+02 5.016113380335367271e-09
1.134516880622468307e+02 4.919059814454492452e-09
1.136085670807039349e+02 4.823624047429318682e-09
1.137656630287356592e+02 4.729789351179105287e-09
1.139229762063084621e+02 4.637538805002224335e-09
1.140805069138034327e+02 4.546855311783147608e-09
1.142382554520173983e+02 4.457721613769885283e-09
1.143962221221627544e+02 4.370120307923599373e-09
1.145544072258685731e+02 4.284033860840766611e-09
1.147128110651809436e+02 4.199444623251771924e-09
1.148714339425635416e+02 4.116334844096621541e-09
1.150302761608986515e+02 4.034686684181316052e-09
1.151893380234869824e+02 3.954482229418716593e-09
1.153486198340487761e+02 3.875703503655819890e-09
1.155081218967242904e+02 3.798332481092549188e-09
1.156678445160741830e+02 3.722351098295737876e-09
1.158277879970805913e+02 3.647741265812071962e-09
1.159879526451470895e+02 3.574484879386414865e-09
1.161483387660996129e+02 3.502563830788047785e-09
1.163089466661870119e+02 3.431960018251523708e-09
1.164697766520815065e+02 3.362655356537338056e-09
1.166308290308797098e+02 3.294631786617109370e-09
1.167921041101025423e+02 3.227871284989985507e-09
1.169536021976962701e+02 3.162355872635485354e-09
1.171153236020329729e+02 3.098067623608955492e-09
1.172772686319110562e+02 3.034988673286003677e-09
1.174394375965562460e+02 2.973101226261647694e-09
1.176018308056215318e+02 2.912387563911661014e-09
1.177644485691881897e+02 2.852830051621300860e-09
1.179272911977661380e+02 2.794411145688856269e-09
1.180903590022950596e+02 2.737113399910118679e-09
1.182536522941442030e+02 2.680919471851515794e-09
1.184171713851135195e+02 2.625812128817100529e-09
1.185809165874340891e+02 2.571774253517408758e-09
1.187448882137686326e+02 2.518788849446841774e-09
1.189090865772125909e+02 2.466839045975715283e-09
1.190735119912939410e+02 2.415908103164812461e-09
1.192381647699743752e+02 2.365979416308649476e-09
1.194030452276496845e+02 2.317036520214458465e-09
1.195681536791502992e+02 2.269063093223877224e-09
1.197334904397423543e+02 2.222042960983726470e-09
1.198990558251275758e+02 2.175960099973673769e-09
1.200648501514443325e+02 2.130798640796116532e-09
1.202308737352681760e+02 2.086542871236123692e-09
1.203971268936122385e+02 2.043177239097671352e-09
1.205636099439284408e+02 2.000686354822619846e-09
1.207303232041072647e+02 1.959054993899381386e-09
1.208972669924789045e+02 1.918268099067440350e-09
1.210644416278137356e+02 1.878310782324182783e-09
1.212318474293227695e+02 1.839168317219997264e-09
1.213994847166588471e+02 1.800825120144946290e-09
1.215673538099163977e+02 1.763263957700631282e-09
1.217354550296326039e+02 1.726467805324556078e-09
1.219037886967879132e+02 1.690420061741222530e-09
1.220723551328064502e+02 1.655104537098767360e-09
1.222411546595571963e+02 1.620505441465175067e-09
1.224101875993538471e+02 1.586607373673030611e-09
1.225794542749558929e+02 1.553395310501078538e-09
1.227489550095691300e+02 1.520854596181605660e-09
1.229186901268461440e+02 1.488970932223482874e-09
1.230886599508874895e+02 1.457730367540077029e-09
1.232588648062414194e+02 1.427119288873073195e-09
1.234293050179051789e+02 1.397124411501770421e-09
1.235999809113253605e+02 1.367732770229329130e-09
1.237708928123984577e+02 1.338931710637028969e-09
1.239420410474720029e+02 1.310708880597707776e-09
1.241134259433444100e+02 1.283052222040548686e-09
1.242850478272661121e+02 1.255949962958997951e-09
1.244569070269400584e+02 1.229390609654131652e-09
1.246290038705221974e+02 1.203362939206198954e-09
1.248013386866226568e+02 1.177855992166931165e-09
1.249739118043055583e+02 1.152859065466089970e-09
1.251467235530901831e+02 1.128361705525088530e-09
1.253197742629514551e+02 1.104353701571505808e-09
1.254930642643204521e+02 1.080825079148194099e-09
1.256665938880855862e+02 1.057766093810933282e-09
1.258403634655923895e+02 1.035167225008841939e-09
1.260143733286447230e+02 1.013019170141710625e-09
1.261886238095052448e+02 9.913128387891577142e-10
1.263631152408959366e+02 9.700393471059976730e-10
1.265378479559992826e+02 9.491900123787978889e-10
1.267128222884580424e+02 9.287563477390476698e-10
1.268880385723765016e+02 9.087300570276050329e-10
1.270634971423209123e+02 8.891030298062657338e-10
1.272391983333200471e+02 8.698673365117545991e-10
1.274151424808663364e+02 8.510152237479930234e-10
1.275913299209157401e+02 8.325391097124210101e-10
1.277677609898888704e+02 8.144315797521763329e-10
1.279444360246715888e+02 7.966853820465789027e-10
1.281213553626154180e+02 7.792934234118222818e-10
1.282985193415387926e+02 7.622487652243035770e-10
1.284759282997268599e+02 7.455446194593018084e-10
1.286535825759326599e+02 7.291743448411802835e-10
1.288314825093777074e+02 7.131314431021252013e-10
1.290096284397524187e+02 6.974095553460257354e-10
1.291880207072173050e+02 6.820024585145303624e-10
1.293666596524028876e+02 6.669040619522480244e-10
1.295455456164108341e+02 6.521084040680118437e-10
1.297246789408144423e+02 6.376096490896992395e-10
1.299040599676592649e+02 6.234020839096137434e-10
1.300836890394641330e+02 6.094801150179019916e-10
1.302635664992212412e+02 5.958382655214534248e-10
1.304436926903970573e+02 5.824711722458128335e-10
1.306240679569330609e+02 5.693735829176193520e-10
1.308046926432462271e+02 5.565403534253094539e-10
1.309855670942301344e+02 5.439664451558646277e-10
1.311666916552548514e+02 5.316469224053738576e-10
1.313480666721682439e+02 5.195769498612249823e-10
1.315296924912961742e+02 5.077517901540420622e-10
1.317115694594438651e+02 4.961668014771801381e-10
1.318936979238956724e+02 4.848174352720534335e-10
1.320760782324163074e+02 4.736992339771854155e-10
1.322587107332513483e+02 4.628078288394367302e-10
1.324415957751278086e+02 4.521389377854178684e-10
1.326247337072553023e+02 4.416883633514773856e-10
1.328081248793259306e+02 4.314519906706579480e-10
1.329917696415155035e+02 4.214257855149218980e-10
1.331756683444840235e+02 4.116057923911270680e-10
1.333598213393761966e+02 4.019881326892294338e-10
1.335442289778227689e+02 3.925690028812502558e-10
1.337288916119402700e+02 3.833446727696311242e-10
1.339138095943322639e+02 3.743114837834637885e-10
1.340989832780899178e+02 3.654658473213590146e-10
1.342844130167924561e+02 3.568042431396764759e-10
1.344700991645085253e+02 3.483232177846664061e-10
1.346560420757958809e+02 3.400193830675687573e-10
1.348422421057026952e+02 3.318894145811997568e-10
1.350286996097681254e+02 3.239300502570374858e-10
1.352154149440228252e+02 3.161380889616381891e-10
1.354023884649901959e+02 3.085103891312076354e-10
1.355896205296861297e+02 3.010438674434431168e-10
1.357771114956204315e+02 2.937354975253717106e-10
1.359648617207972165e+02 2.865823086963954172e-10
1.361528715637155074e+02 2.795813847454078667e-10
1.363411413833704842e+02 2.727298627411183982e-10
1.365296715392533144e+02 2.660249318746321508e-10
1.367184623913523751e+02 2.594638323333860891e-10
1.369075143001538777e+02 2.530438542055542282e-10
1.370968276266423231e+02 2.467623364140918756e-10
1.372864027323018377e+02 2.406166656795429086e-10
1.374762399791159453e+02 2.346042755109162887e-10
1.376663397295688753e+02 2.287226452236989328e-10
1.378567023466460739e+02 2.229692989843282322e-10
1.380473281938348293e+02 2.173418048804041566e-10
1.382382176351253804e+02 2.118377740158272317e-10
1.384293710350109734e+02 2.064548596302497583e-10
1.386207887584889420e+02 2.011907562421108044e-10
1.388124711710613042e+02 1.960431988145736306e-10
1.390044186387354443e+02 1.910099619437672656e-10
1.391966315280252218e+02 1.860888590686202874e-10
1.393891102059508285e+02 1.812777417017908379e-10
1.395818550400402103e+02 1.765744986809626254e-10
1.397748663983294648e+02 1.719770554399879368e-10
1.399681446493634667e+02 1.674833732993444644e-10
1.401616901621971465e+02 1.630914487752542314e-10
1.403555033063953204e+02 1.587993129070177852e-10
1.405495844520339688e+02 1.546050306019915831e-10
1.407439339697008336e+02 1.505066999976991588e-10
1.409385522304959295e+02 1.465024518405853953e-10
1.411334396060328515e+02 1.425904488809100992e-10
1.413285964684386329e+02 1.387688852833630736e-10
1.415240231903550523e+02 1.350359860528543363e-10
1.417197201449391173e+02 1.313900064750807820e-10
1.419156877058637178e+02 1.278292315714526225e-10
1.421119262473188769e+02 1.243519755678796774e-10
1.423084361440116083e+02 1.209565813770866697e-10
1.425052177711671959e+02 1.176414200939718658e-10
1.427022715045298185e+02 1.144048905036892024e-10
1.428995977203630048e+02 1.112454186020090815e-10
1.430971967954511399e+02 1.081614571276016557e-10
1.432950691070990388e+02 1.051514851059174573e-10
1.434932150331334810e+02 1.022140074042363747e-10
1.436916349519036658e+02 9.934755429760072220e-11
1.438903292422818367e+02 9.655068104525659348e-11
1.440892982836645615e+02 9.382196747730470420e-11
1.442885424559726175e+02 9.116001759122295027e-11
1.444880621396522429e+02 8.856345915793649169e-11
1.446878577156757615e+02 8.603094333717725543e-11
1.448879295655421799e+02 8.356114430178342561e-11
1.450882780712784097e+02 8.115275887068703120e-11
1.452889036154392386e+02 7.880450615030144959e-11
1.454898065811085814e+02 7.651512718403696770e-11
1.456909873518999063e+02 7.428338460967713096e-11
1.458924463119576274e+02 7.210806232434659410e-11
1.460941838459568203e+02 6.998796515686383358e-11
1.462962003391047290e+02 6.792191854717872665e-11
1.464984961771411918e+02 6.590876823269753343e-11
1.467010717463392950e+02 6.394737994124708905e-11
1.469039274335067091e+02 6.203663909046949800e-11
1.471070636259855462e+02 6.017545049342105769e-11
1.473104807116536676e+02 5.836273807015605363e-11
1.475141790789252809e+02 5.659744456511824779e-11
1.477181591167515364e+02 5.487853127011387800e-11
1.479224212146218633e+02 5.320497775268146152e-11
1.481269657625638558e+02 5.157578158969517042e-11
1.483317931511445238e+02 4.998995810598043030e-11
1.485369037714710032e+02 4.844654011780083079e-11
1.487422980151910679e+02 4.694457768102442926e-11
1.489479762744944651e+02 4.548313784382549858e-11
1.491539389421129158e+02 4.406130440374240843e-11
1.493601864113212230e+02 4.267817766895355901e-11
1.495667190759380958e+02 4.133287422361266481e-11
1.497735373303266044e+02 4.002452669710484222e-11
1.499806415693956581e+02 3.875228353707902219e-11
1.501880321885996921e+02 3.751530878613905376e-11
1.503957095839402029e+02 3.631278186203841520e-11
1.506036741519662314e+02 3.514389734127570367e-11
1.508119262897749877e+02 3.400786474595768221e-11
1.510204663950133011e+02 3.290390833382320999e-11
1.512292948658773355e+02 3.183126689131393730e-11
1.514384121011140962e+02 3.078919352957378212e-11
1.516478185000218843e+02 2.977695548329686771e-11
1.518575144624510358e+02 2.879383391230198328e-11
1.520675003888052856e+02 2.783912370574876545e-11
1.522777766800415407e+02 2.691213328891401985e-11
1.524883437376712720e+02 2.601218443241965749e-11
1.526992019637612259e+02 2.513861622130940285e-11
1.529103517609338780e+02 2.429083449079977207e-11
1.531217935323689971e+02 2.346828772319731844e-11
1.533335276818033321e+02 2.267042538108702353e-11
1.535455546135320901e+02 2.189669776559519000e-11
1.537578747324095332e+02 2.114655674835679002e-11
1.539704884438495753e+02 2.041945646019591253e-11
1.541833961538272320e+02 1.971485393752583647e-11
1.543965982688783924e+02 1.903220972755159328e-11
1.546100951961012413e+02 1.837098845337498795e-11
1.548238873431569687e+02 1.773065934014821502e-11
1.550379751182702250e+02 1.711069670345468862e-11
1.552523589302306561e+02 1.651058040110845952e-11
1.554670391883927039e+02 1.592979624960359035e-11
1.556820163026770274e+02 1.536783640642643971e-11
1.558972906835711001e+02 1.482419971948970124e-11
1.561128627421298347e+02 1.429839204492235100e-11
1.563287328899770614e+02 1.378992653446655260e-11
1.565449015393052719e+02 1.329832389372996495e-11
1.567613691028771257e+02 1.282311261252111145e-11
1.569781359940260472e+02 1.236382916850740380e-11
1.571952026266568510e+02 1.192001820540305016e-11
1.574125694152471056e+02 1.149123268688863925e-11
1.576302367748471340e+02 1.107703402745278763e-11
1.578482051210812642e+02 1.067699220130584453e-11
1.580664748701485962e+02 1.029068583051620907e-11
1.582850464388235139e+02 9.917702253483614326e-12
1.585039202444573050e+02 9.557637574837868833e-12
1.587230967049777348e+02 9.210096697834218829e-12
1.589425762388907799e+02 8.874693340274875442e-12
1.591623592652809975e+02 8.551050034972620342e-12
1.593824462038123499e+02 8.238798115728931140e-12
1.596028374747295970e+02 7.937577689775814656e-12
1.598235334988580973e+02 7.647037597603224713e-12
1.600445346976052861e+02 7.366835361050026188e-12
1.602658414929612718e+02 7.096637120518246480e-12
1.604874543074996041e+02 6.836117562130004659e-12
1.607093735643785806e+02 6.584959835619397356e-12
1.609315996873411621e+02 6.342855463717359548e-12
1.611541331007164786e+02 6.109504243754638749e-12
1.613769742294201421e+02 5.884614142183289702e-12
1.616001234989558952e+02 5.667901182676001000e-12
1.618235813354153549e+02 5.459089328442396867e-12
1.620473481654794625e+02 5.257910359364003167e-12
1.622714244164192507e+02 5.064103744522436180e-12
1.624958105160962987e+02 4.877416510667762266e-12
1.627205068929643801e+02 4.697603107142490392e-12
1.629455139760692646e+02 4.524425267754430611e-12
1.631708321950500817e+02 4.357651870056311436e-12
1.633964619801401454e+02 4.197058792471591759e-12
1.636224037621674370e+02 4.042428769678002608e-12
1.638486579725562251e+02 3.893551246632145868e-12
1.640752250433268671e+02 3.750222231600356654e-12
1.643021054070972582e+02 3.612244148533801702e-12
1.645292994970834570e+02 3.479425689104291537e-12
1.647568077471004528e+02 3.351581664697540091e-12
1.649846305915636435e+02 3.228532858636611563e-12
1.652127684654885513e+02 3.110105878893927292e-12
1.654412218044924145e+02 2.996133011523581747e-12
1.656699910447948980e+02 2.886452075034314738e-12
1.658990766232185763e+02 2.780906275903358355e-12
1.661284789771906958e+02 2.679344065412861692e-12
1.663581985447427769e+02 2.581618997979049017e-12
1.665882357645122340e+02 2.487589591124435308e-12
1.668185910757430293e+02 2.397119187233311926e-12
1.670492649182862976e+02 2.310075817213597232e-12
1.672802577326019673e+02 2.226332066177097971e-12
1.675115699597584467e+02 2.145764941238797359e-12
1.677432020414343015e+02 2.068255741520888079e-12
1.679751544199187094e+02 1.993689930440378720e-12
1.682074275381124266e+02 1.921957010345641935e-12
1.684400218395290381e+02 1.852950399559861886e-12
1.686729377682949291e+02 1.786567311878880250e-12
1.689061757691508490e+02 1.722708638562243349e-12
1.691397362874524219e+02 1.661278832850207247e-12
1.693736197691710004e+02 1.602185797029476948e-12
1.696078266608951139e+02 1.545340772065078974e-12
1.698423574098303561e+02 1.490658229809878776e-12
1.700772124638007767e+02 1.438055767794824309e-12
1.703123922712497347e+02 1.387454006600279284e-12
1.705478972812405516e+02 1.338776489801856508e-12
1.707837279434579898e+02 1.291949586480228403e-12
1.710198847082080533e+02 1.246902396279959809e-12
1.712563680264196933e+02 1.203566656997837289e-12
1.714931783496452908e+02 1.161876654678952565e-12
1.717303161300615670e+02 1.121769136193859076e-12
1.719677818204709752e+02 1.083183224268083976e-12
1.722055758743015019e+02 1.046060334933126768e-12
1.724436987456084580e+02 1.010344097363910146e-12
1.726821508890748476e+02 9.759802760673481460e-13
1.729209327600123345e+02 9.429166953838655785e-13
1.731600448143626636e+02 9.111031662619724249e-13
1.733994875086975469e+02 8.804914152653639696e-13
1.736392613002201699e+02 8.510350157695189413e-13
1.738793666467660159e+02 8.226893213048365950e-13
1.741198040068033492e+02 7.954114010021186500e-13
1.743605738394350340e+02 7.691599770950356500e-13
1.746016766043982216e+02 7.438953644345060936e-13
1.748431127620659140e+02 7.195794119687904202e-13
1.750848827734477595e+02 6.961754461430871934e-13
1.753269871001906495e+02 6.736482161725056595e-13
1.755694262045803953e+02 6.519638411416116292e-13
1.758122005495415863e+02 6.310897588847832566e-13
1.760553105986389824e+02 6.109946766005962800e-13
1.762987568160784235e+02 5.916485231546285796e-13
1.765425396667074835e+02 5.730224030251223736e-13
1.767866596160170332e+02 5.550885518460371904e-13
1.770311171301410411e+02 5.378202935029876247e-13
1.772759126758582795e+02 5.211919987377089224e-13
1.775210467205929774e+02 5.051790452173981386e-13
1.777665197324154462e+02 4.897577790259654413e-13
1.780123321800438703e+02 4.749054775346809784e-13
1.782584845328439656e+02 4.606003136108551505e-13
1.785049772608306853e+02 4.468213211232225388e-13
1.787518108346689303e+02 4.335483617041111083e-13
1.789989857256742312e+02 4.207620927290416897e-13
1.792465024058143399e+02 4.084439364749621929e-13
1.794943613477092015e+02 3.965760504195630352e-13
1.797425630246323465e+02 3.851412986447009735e-13
1.799911079105116869e+02 3.741232243077686426e-13
1.802399964799308805e+02 3.635060231458683062e-13
1.804892292081294158e+02 3.532745179784605633e-13
1.807388065710040621e+02 3.434141341749078789e-13
1.809887290451095794e+02 3.339108760542944882e-13
1.812389971076596566e+02 3.247513041857735090e-13
1.814896112365283329e+02 3.159225135584894401e-13
1.817405719102498836e+02 3.074121125910605569e-13
1.819918796080204686e+02 2.992082029513008229e-13
1.822435348096989571e+02 2.912993601578611846e-13
1.824955379958074957e+02 2.836746149362854847e-13
1.827478896475332419e+02 2.763234353025913637e-13
1.830005902467282226e+02 2.692357093486000126e-13
1.832536402759109251e+02 2.624017287038113140e-13
1.835070402182670080e+02 2.558121726494644478e-13
1.837607905576501821e+02 2.494580928612125966e-13
1.840148917785837170e+02 2.433308987576395945e-13
1.842693443662602704e+02 2.374223434324679629e-13
1.845241488065437068e+02 2.317245101491425774e-13
1.847793055859696949e+02 2.262297993771372619e-13
1.850348151917464463e+02 2.209309163500836312e-13
1.852906781117564492e+02 2.158208591263815617e-13
1.855468948345563263e+02 2.108929071338045531e-13
1.858034658493783979e+02 2.061406101800850265e-13
1.860603916461315350e+02 2.015577779122029217e-13
1.863176727154017556e+02 1.971384697077140255e-13
1.865753095484541291e+02 1.928769849819960115e-13
1.868333026372324355e+02 1.887678538960304122e-13
1.870916524743608704e+02 1.848058284496863003e-13
1.873503595531448411e+02 1.809858739462408508e-13
1.876094243675717053e+02 1.773031608143475984e-13
1.878688474123124763e+02 1.737530567741212948e-13
1.881286291827215678e+02 1.703311193346731904e-13
1.883887701748386121e+02 1.670330886107730649e-13
1.886492708853891145e+02 1.638548804469636497e-13
1.889101318117852486e+02 1.607925798378069712e-13
1.891713534521276756e+02 1.578424346334478251e-13
1.894329363052050894e+02 1.550008495202135674e-13
1.896948808704961777e+02 1.522643802662399936e-13
1.899571876481703327e+02 1.496297282227138240e-13
1.902198571390883046e+02 1.470937350716554269e-13
1.904828898448040206e+02 1.446533778115558768e-13
1.907462862675644431e+02 1.423057639726751525e-13
1.910100469103111038e+02 1.400481270540689901e-13
1.912741722766810994e+02 1.378778221749149641e-13
1.915386628710076877e+02 1.357923219329934918e-13
1.918035191983221068e+02 1.337892124635774748e-13
1.920687417643534047e+02 1.318661896923491587e-13
1.923343310755300593e+02 1.300209016943530145e-13
1.926002876389809160e+02 1.282504862373180467e-13
1.928666119625357851e+02 1.265520644010623448e-13
1.931333045547273457e+02 1.249228981435622921e-13
1.934003659247908615e+02 1.233603826277738280e-13
1.936677965826659431e+02 1.218620390042969977e-13
1.939355970389973720e+02 1.204255076202078258e-13
1.942037678051357545e+02 1.190485416263697068e-13
1.944723093931395113e+02 1.177290009574629701e-13
1.947412223157743938e+02 1.164648466607515997e-13
1.950105070865155312e+02 1.152541355512247820e-13
1.952801642195479417e+02 1.140950151723114894e-13
1.955501942297675555e+02 1.129857190427484111e-13
1.958205976327828637e+02 1.119245621715133209e-13
1.960913749449146906e+02 1.109099368239381447e-13
1.963625266831980696e+02 1.099403085232486658e-13
1.966340533653829539e+02 1.090142122728352872e-13
1.969059555099350405e+02 1.081302489855147862e-13
1.971782336360375609e+02 1.072870821069606384e-13
1.974508882635910538e+02 1.064834344213226495e-13
1.977239199132151555e+02 1.057180850278270122e-13
1.979973291062494525e+02 1.049898664778812597e-13
1.982711163647541639e+02 1.042976620628830933e-13
1.985452822115120171e+02 1.036404032435785987e-13
1.988198271700281339e+02 1.030170672123666351e-13
1.990947517645315656e+02 1.024266745805331196e-13
1.993700565199762025e+02 1.018682871828751596e-13
1.996457419620423366e+02 1.013410059926763123e-13
1.999218086171366338e+02 1.008439691404222404e-13
2.001982570123937819e+02 1.003763500300563686e-13
2.004750876756774858e+02 9.993735554697978540e-14
2.007523011355810922e+02 9.952622435233885850e-14
2.010298979214294661e+02 9.914222525849530878e-14
2.013078785632789049e+02 9.878465568088735268e-14
2.015862435919187874e+02 9.845284016176983091e-14
2.018649935388724543e+02 9.814612896162608192e-14
2.021441289363980331e+02 9.786389671426774967e-14
2.024236503174902850e+02 9.760554114191181211e-14
2.027035582158803777e+02 9.737048182672833761e-14
2.029838531660376759e+02 9.715815903557714366e-14
2.032645357031706510e+02 9.696803259484542819e-14
2.035456063632275630e+02 9.679958081249284433e-14
2.038270656828985068e+02 9.665229944456894317e-14
2.041089141996149863e+02 9.652570070366408938e-14
2.043911524515518749e+02 9.641931230687027960e-14
2.046737809776283257e+02 9.633267656101456575e-14
2.049568003175083390e+02 9.626534948303999296e-14
2.052402110116028666e+02 9.621689995354306818e-14
2.055240136010695267e+02 9.618690890161459266e-14
2.058082086278143947e+02 9.617496851922293138e-14
2.060927966344928848e+02 9.618068150351061454e-14
2.063777781645106302e+02 9.620366032547157094e-14
2.066631537620252459e+02 9.624352652355635342e-14
2.069489239719462148e+02 9.629991002089141690e-14
2.072350893399366782e+02 9.637244846482856220e-14
2.075216504124143455e+02 9.646078658767929618e-14
2.078086077365522613e+02 9.656457558752926138e-14
2.080959618602807950e+02 9.668347252813120976e-14
2.083837133322872148e+02 9.681713975692660591e-14
2.086718627020178758e+02 9.696524434033855095e-14
2.089604105196787884e+02 9.712745751551872930e-14
2.092493573362366135e+02 9.730345415782536520e-14
2.095387037034204525e+02 9.749291226333665364e-14
2.098284501737218193e+02 9.769551244579760674e-14
2.101185973003962886e+02 9.791093744742486403e-14
2.104091456374645190e+02 9.813887166306771287e-14
2.107000957397130492e+02 9.837900067727036737e-14
2.109914481626961731e+02 9.863101081382392233e-14
2.112832034627358269e+02 9.889458869746336980e-14
2.115753621969233791e+02 9.916942082738409972e-14
2.118679249231205404e+02 9.945519316232941221e-14
2.121608921999601876e+02 9.975159071702460138e-14
2.124542645868483248e+02 1.000582971697780151e-13
2.127480426439639132e+02 1.003749944811165751e-13
2.130422269322606610e+02 1.007013625233627092e-13
2.133368180134679335e+02 1.010370787210958729e-13
2.136318164500916907e+02 1.013818177024774685e-13
2.139272228054163349e+02 1.017352509614662341e-13
2.142230376435045685e+02 1.020970465309712220e-13
2.145192615291991842e+02 1.024668686670305902e-13
2.148158950281240891e+02 1.028443775441497849e-13
2.151129387066851564e+02 1.032292289619435946e-13
2.154103931320720164e+02 1.036210740632667837e-13
2.157082588722580851e+02 1.040195590640677284e-13
2.160065364960022407e+02 1.044243249951803082e-13
2.163052265728499037e+02 1.048350074563629197e-13
2.166043296731338614e+02 1.052512363828551474e-13
2.169038463679761151e+02 1.056726358247990018e-13
2.172037772292878230e+02 1.060988237398625212e-13
2.175041228297711768e+02 1.065294117994436575e-13
2.178048837429202820e+02 1.069640052088568673e-13
2.181060605430220107e+02 1.074022025419029468e-13
2.184076538051580485e+02 1.078435955902736296e-13
2.187096641052046664e+02 1.082877692282297182e-13
2.190120920198345402e+02 1.087343012930326286e-13
2.193149381265179159e+02 1.091827624816029428e-13
2.196182030035232344e+02 1.096327162639009194e-13
2.199218872299192640e+02 1.100837188135483600e-13
2.202259913855747868e+02 1.105353189561816468e-13
2.205305160511606744e+02 1.109870581360843139e-13
2.208354618081507681e+02 1.114384704016061844e-13
2.211408292388226471e+02 1.118890824099052449e-13
2.214466189262598448e+02 1.123384134515454015e-13
2.217528314543513943e+02 1.127859754954635326e-13
2.220594674077940169e+02 1.132312732548529684e-13
2.223665273720926905e+02 1.136738042744547620e-13
2.226740119335626389e+02 1.141130590397820826e-13
2.229819216793292753e+02 1.145485211087632283e-13
2.232902571973300212e+02 1.149796672662918720e-13
2.235990190763153009e+02 1.154059677021422820e-13
2.239082079058494514e+02 1.158268862126926924e-13
2.242178242763126548e+02 1.162418804268840714e-13
2.245278687789008814e+02 1.166504020568016238e-13
2.248383420056277942e+02 1.170518971732378146e-13
2.251492445493256298e+02 1.174458065065884289e-13
2.254605770036461649e+02 1.178315657733584667e-13
2.257723399630628478e+02 1.182086060285420419e-13
2.260845340228703719e+02 1.185763540441001753e-13
2.263971597791868362e+02 1.189342327136928103e-13
2.267102178289546544e+02 1.192816614838003357e-13
2.270237087699414644e+02 1.196180568112975188e-13
2.273376332007421752e+02 1.199428326474976994e-13
2.276519917207786818e+02 1.202554009486223332e-13
2.279667849303020830e+02 1.205551722126002143e-13
2.282820134303933628e+02 1.208415560420152272e-13
2.285976778229645561e+02 1.211139617329796026e-13
2.289137787107606243e+02 1.213717988896232913e-13
2.292303166973593420e+02 1.216144780638103279e-13
2.295472923871733428e+02 1.218414114196481709e-13
2.298647063854509724e+02 1.220520134222378927e-13
2.301825592982773401e+02 1.222457015500634644e-13
2.305008517325762796e+02 1.224218970303131381e-13
2.308195842961102073e+02 1.225800255963669122e-13
2.311387575974821971e+02 1.227195182665609008e-13
2.314583722461368041e+02 1.228398121432876277e-13
2.317784288523611451e+02 1.229403512313830240e-13
2.320989280272869166e+02 1.230205872746504605e-13
2.324198703828901955e+02 1.230799806093030064e-13
2.327412565319935140e+02 1.231180010330066316e-13
2.330630870882667409e+02 1.231341286880873353e-13
2.333853626662281897e+02 1.231278549574215698e-13
2.337080838812465515e+02 1.230986833713970689e-13
2.340312513495407529e+02 1.230461305242495363e-13
2.343548656881820591e+02 1.229697269980133680e-13
2.346789275150950118e+02 1.228690182921988232e-13
2.350034374490583104e+02 1.227435657572566111e-13
2.353283961097071142e+02 1.225929475297840564e-13
2.356538041175326157e+02 1.224167594673657870e-13
2.359796620938842580e+02 1.222146160808364255e-13
2.363059706609706723e+02 1.219861514617161840e-13
2.366327304418606445e+02 1.217310202024742355e-13
2.369599420604852753e+02 1.214488983072099131e-13
2.372876061416376388e+02 1.211394840903127029e-13
2.376157233109750280e+02 1.208024990605611782e-13
2.379442941950199497e+02 1.204376887881219276e-13
2.382733194211609202e+02 1.200448237518312015e-13
2.386027996176547674e+02 1.196237001641335953e-13
2.389327354136263182e+02 1.191741407710133354e-13
2.392631274390706153e+02 1.186959956242308188e-13
2.395939763248538270e+02 1.181891428231871990e-13
2.399252827027142132e+02 1.176534892237168937e-13
2.402570472052643424e+02 1.170889711111264178e-13
2.405892704659908361e+02 1.164955548348111453e-13
2.409219531192564716e+02 1.158732374018164693e-13
2.412550958003012909e+02 1.152220470267336797e-13
2.415886991452434245e+02 1.145420436353767717e-13
2.419227637910813939e+02 1.138333238259640950e-13
2.422572903756937706e+02 1.130962411825795788e-13
2.425922795378415060e+02 1.123314986026328148e-13
2.429277319171686997e+02 1.115398413680946475e-13
2.432636481542037643e+02 1.107220302889700690e-13
2.436000288903615854e+02 1.098788405553099395e-13
2.439368747679431806e+02 1.090110605850655369e-13
2.442741864301380303e+02 1.081194908699856706e-13
2.446119645210249871e+02 1.072049428217677206e-13
2.449502096855732418e+02 1.062682376205692765e-13
2.452889225696446545e+02 1.053102050679849439e-13
2.456281038199933846e+02 1.043316824465406434e-13
2.459677540842681367e+02 1.033335133876494596e-13
2.463078740110129843e+02 1.023165467499960287e-13
2.466484642496694732e+02 1.012816355101733750e-13
2.469895254505765081e+02 1.002296356674021140e-13
2.473310582649724552e+02 9.916140516402202614e-14
2.476730633449962795e+02 9.807780282343332284e-14
2.480155413436883691e+02 9.697968730706605748e-14
2.483584929149929508e+02 9.586791609186696310e-14
2.487019187137577205e+02 9.474334446974610764e-14
2.490458193957361743e+02 9.360682457032262553e-14
2.493901956175885175e+02 9.245920440822905232e-14
2.497350480368827732e+02 9.130132695616898915e-14
2.500803773120969709e+02 9.013402924481149968e-14
2.504261841026189188e+02 8.895814149056761272e-14
2.507724690687484781e+02 8.777448625214240070e-14
2.511192328716985571e+02 8.658387761674485811e-14
2.514664761735960781e+02 8.538712041670673971e-14
2.518141996374843927e+02 8.418500947718683498e-14
2.521624039273228561e+02 8.297832889557732837e-14
2.525110897079892140e+02 8.176785135310576923e-14
2.528602576452806261e+02 8.055433745909126361e-14
2.532099084059145753e+02 7.933853512819633234e-14
2.535600426575313406e+02 7.812117899095066265e-14
2.539106610686935426e+02 7.690298983776916183e-14
2.542617643088885586e+02 7.568467409656020052e-14
2.546133530485295751e+02 7.446692334399414685e-14
2.549654279589564680e+02 7.325041385041775225e-14
2.553179897124382762e+02 7.203580615830799991e-14
2.556710389821728029e+02 7.082374469413124653e-14
2.560245764422890602e+02 6.961485741337174357e-14
2.563786027678482355e+02 6.840975547846209551e-14
2.567331186348446295e+02 6.720903296926278789e-14
2.570881247202082136e+02 6.601326662569658206e-14
2.574436217018040907e+02 6.482301562209886694e-14
2.577996102584349956e+02 6.363882137276157790e-14
2.581560910698423754e+02 6.246120736812622976e-14
2.585130648167072991e+02 6.129067904103573099e-14
2.588705321806527877e+02 6.012772366239385964e-14
2.592284938442438147e+02 5.897281026556386342e-14
2.595869504909891816e+02 5.782638959877152088e-14
2.599459028053431098e+02 5.668889410478330198e-14
2.603053514727057518e+02 5.556073792705687674e-14
2.606652971794259770e+02 5.444231694156062135e-14
2.610257406128008597e+02 5.333400881342955787e-14
2.613866824610782373e+02 5.223617307759194330e-14
2.617481234134575061e+02 5.114915124248549547e-14
2.621100641600908148e+02 5.007326691596892098e-14
2.624725053920855657e+02 4.900882595251590697e-14
2.628354478015039035e+02 4.795611662077279355e-14
2.631988920813652157e+02 4.691540979053418355e-14
2.635628389256472133e+02 4.588695913820283821e-14
2.639272890292869533e+02 4.487100136979809280e-14
2.642922430881832838e+02 4.386775646054265757e-14
2.646577017991965022e+02 4.287742791010254584e-14
2.650236658601506861e+02 4.190020301252223108e-14
2.653901359698350007e+02 4.093625313991474263e-14
2.657571128280045514e+02 3.998573403897202577e-14
2.661245971353828281e+02 3.904878613937256758e-14
2.664925895936614779e+02 3.812553487316465909e-14
2.668610909055028060e+02 3.721609100421296044e-14
2.672301017745405147e+02 3.632055096683261964e-14
2.675996229053812385e+02 3.543899721271300063e-14
2.679696550036066469e+02 3.457149856528060932e-14
2.683401987757732172e+02 3.371811058065596924e-14
2.687112549294148494e+02 3.287887591437019146e-14
2.690828241730437185e+02 3.205382469304383935e-14
2.694549072161513550e+02 3.124297489023769368e-14
2.698275047692113162e+02 3.044633270570330003e-14
2.702006175436787885e+02 2.966389294731190713e-14
2.705742462519929177e+02 2.889563941492183218e-14
2.709483916075780598e+02 2.814154528549559000e-14
2.713230543248447475e+02 2.740157349880756360e-14
2.716982351191923044e+02 2.667567714307928239e-14
2.720739347070083909e+02 2.596379983993474977e-14
2.724501538056716186e+02 2.526587612807750354e-14
2.728268931335521756e+02 2.458183184511921442e-14
2.732041534100146123e+02 2.391158450701662223e-14
2.735819353554172721e+02 2.325504368460908021e-14
2.739602396911147935e+02 2.261211137675342981e-14
2.743390671394594165e+02 2.198268237960288234e-14
2.747184184238020066e+02 2.136664465158588295e-14
2.750982942684942714e+02 2.076387967367641539e-14
2.754786953988889877e+02 2.017426280457030358e-14
2.758596225413419916e+02 1.959766363040119175e-14
2.762410764232135989e+02 1.903394630866488749e-14
2.766230577728696289e+02 1.848296990604397366e-14
2.770055673196839621e+02 1.794458872983735523e-14
2.773886057940380852e+02 1.741865265273985381e-14
2.777721739273238768e+02 1.690500743073104550e-14
2.781562724519443464e+02 1.640349501385283622e-14
2.785409021013152255e+02 1.591395384968516075e-14
2.789260636098670716e+02 1.543621917934783049e-14
2.793117577130452673e+02 1.497012332587671217e-14
2.796979851473123517e+02 1.451549597484077477e-14
2.800847466501492704e+02 1.407216444709223530e-14
2.804720429600564557e+02 1.363995396355938732e-14
2.808598748165563848e+02 1.321868790200275910e-14
2.812482429601932381e+02 1.280818804568830158e-14
2.816371481325356285e+02 1.240827482392905179e-14
2.820265910761773966e+02 1.201876754448378431e-14
2.824165725347390890e+02 1.163948461779830293e-14
2.828070932528702883e+02 1.127024377310165357e-14
2.831981539762495004e+02 1.091086226638292005e-14
2.835897554515865977e+02 1.056115708027955609e-14
2.839818984266238999e+02 1.022094511593034060e-14
2.843745836501375379e+02 9.890043376855820775e-15
2.847678118719397844e+02 9.568269144934283674e-15
2.851615838428789402e+02 9.255440148562736794e-15
2.855559003148418924e+02 8.951374723093302764e-15
2.859507620407550803e+02 8.655891963647950751e-15
2.863461697745859738e+02 8.368811870425813766e-15
2.867421242713453466e+02 8.089955486619516688e-15
2.871386262870871633e+02 7.819145029073015238e-15
2.875356765789111364e+02 7.556204011808932273e-15
2.879332759049639208e+02 7.300957362570344597e-15
2.883314250244401364e+02 7.053231532520352366e-15
2.887301246975851541e+02 6.812854599251805878e-15
2.891293756856947539e+02 6.579656363262764177e-15
2.895291787511176267e+02 6.353468438054194666e-15
2.899295346572566814e+02 6.134124334017707620e-15
2.903304441685701818e+02 5.921459536273784617e-15
2.907319080505741908e+02 5.715311576632068694e-15
2.911339270698426276e+02 5.515520099842991554e-15
2.915365019940096545e+02 5.321926924312128124e-15
2.919396335917708143e+02 5.134376097450125781e-15
2.923433226328844512e+02 4.952713945831452342e-15
2.927475698881740414e+02 4.776789120337229579e-15
2.931523761295281361e+02 4.606452636454661933e-15
2.935577421299030334e+02 4.441557909906239855e-15
2.939636686633235740e+02 4.281960787783650047e-15
2.943701565048849602e+02 4.127519575355947197e-15
2.947772064307548590e+02 3.978095058722946012e-15
2.951848192181732884e+02 3.833550523485397363e-15
2.955929956454555168e+02 3.693751769595074735e-15
2.960017364919928582e+02 3.558567122553242475e-15
2.964110425382541507e+02 3.427867441118668161e-15
2.968209145657883141e+02 3.301526121687045838e-15
2.972313533572241226e+02 3.179419099498799655e-15
2.976423596962728197e+02 3.061424846830327962e-15
2.980539343677293687e+02 2.947424368321390453e-15
2.984660781574735324e+02 2.837301193587908172e-15
2.988787918524729434e+02 2.730941367265137086e-15
2.992920762407821940e+02 2.628233436624785927e-15
2.997059321115461330e+02 2.529068436904857872e-15
3.001203602550007759e+02 2.433339874488023196e-15
3.005353614624744409e+02 2.340943708060168408e-15
3.009509365263908194e+02 2.251778327878715933e-15
3.013670862402681223e+02 2.165744533274982413e-15
3.017838113987224347e+02 2.082745508511357735e-15
3.022011127974685110e+02 2.002686797111443004e-15
3.026189912333209691e+02 1.925476274776904773e-15
3.030374475041974165e+02 1.851024121000032953e-15
3.034564824091176547e+02 1.779242789479864549e-15
3.038760967482067485e+02 1.710046977442572505e-15
3.042962913226959927e+02 1.643353593966207757e-15
3.047170669349252989e+02 1.579081953576851398e-15
3.051384243883432532e+02 1.517155532305459802e-15
3.055603644875097302e+02 1.457500646628786552e-15
3.059828880380971441e+02 1.400045207840568821e-15
3.064059958468916420e+02 1.344718720630780202e-15
3.068296887217958329e+02 1.291452290759482831e-15
3.072539674718287870e+02 1.240178629376552398e-15
3.076788329071282533e+02 1.190832054194426771e-15
3.081042858389525350e+02 1.143348487716925120e-15
3.085303270796812853e+02 1.097665452719084202e-15
3.089569574428182932e+02 1.053722065168000271e-15
3.093841777429916533e+02 1.011459024768004340e-15
3.098119887959558696e+02 9.708186033066464854e-16
3.102403914185936742e+02 9.317446309716508086e-16
3.106693864289169369e+02 8.941824808023565544e-16
3.110989746460697916e+02 8.580790514328082649e-16
3.115291568903278971e+02 8.233827482767261327e-16
3.119599339831015641e+02 7.900434632979924462e-16
3.123913067469370617e+02 7.580125535041626404e-16
3.128232760055175277e+02 7.272428182939306634e-16
3.132558425836662650e+02 6.976884757828149584e-16
3.136890073073459462e+02 6.693051382256342078e-16
3.141227710036618532e+02 6.420497866478523234e-16
3.145571345008629009e+02 6.158807447919044343e-16
3.149920986283429443e+02 5.907576524790027785e-16
3.154276642166437910e+02 5.666414384807529091e-16
3.158638320974546900e+02 5.434942929902690637e-16
3.163006031036151171e+02 5.212796397756844708e-16
3.167379780691163660e+02 4.999621080949749263e-16
3.171759578291025718e+02 4.795075044455888825e-16
3.176145432198736671e+02 4.598827842169754642e-16
3.180537350788850404e+02 4.410560233101839519e-16
3.184935342447503785e+02 4.229963897836638007e-16
3.189339415572430312e+02 4.056741155801000997e-16
3.193749578572972609e+02 3.890604683851975553e-16
3.198165839870110858e+02 3.731277236648557540e-16
3.202588207896460517e+02 3.578491369240948517e-16
3.207016691096299610e+02 3.431989162264797999e-16
3.211451297925584640e+02 3.291521950100779773e-16
3.215892036851959688e+02 3.156850052324924157e-16
3.220338916354788239e+02 3.027742508739455308e-16
3.224791944925150347e+02 2.903976818251135395e-16
3.229251131065868208e+02 2.785338681829617577e-16
3.233716483291523218e+02 2.671621749754184427e-16
3.238188010128467340e+02 2.562627373333403612e-16
3.242665720114852093e+02 2.458164361254589982e-16
3.247149621800625141e+02 2.358048740702949967e-16
3.251639723747560993e+02 2.262103523363017650e-16
3.256136034529272365e+02 2.170158476401343185e-16
3.260638562731224397e+02 2.082049898506630345e-16
3.265147316950765344e+02 1.997620401049018291e-16
3.269662305797119188e+02 1.916718694403012157e-16
3.274183537891419746e+02 1.839199379463452657e-16
3.278711021866722035e+02 1.764922744371679281e-16
3.283244766368014780e+02 1.693754566454551413e-16
3.287784780052249971e+02 1.625565919368120049e-16
3.292331071588342866e+02 1.560232985427692149e-16
3.296883649657196429e+02 1.497636873094222184e-16
3.301442522951718956e+02 1.437663439579621345e-16
3.306007700176835442e+02 1.380203118524827449e-16
3.310579190049518843e+02 1.325150752696743990e-16
3.315157001298783825e+02 1.272405431643908065e-16
3.319741142665720304e+02 1.221870334243812788e-16
3.324331622903505377e+02 1.173452576070862800e-16
3.328928450777414696e+02 1.127063061507695918e-16
3.333531635064856573e+02 1.082616340518791437e-16
3.338141184555365157e+02 1.040030470002943536e-16
3.342757108050632269e+02 9.992268796351377677e-17
3.347379414364521608e+02 9.601302421087105840e-17
3.352008112323078990e+02 9.226683476843564624e-17
3.356643210764567016e+02 8.867719829513239136e-17
3.361284718539457685e+02 8.523748137053039350e-17
3.365932644510467071e+02 8.194132718445700747e-17
3.370586997552559865e+02 7.878264461875248524e-17
3.375247786552986327e+02 7.575559771119723242e-17
3.379915020411273190e+02 7.285459549181535750e-17
3.384588708039258336e+02 7.007428218158638145e-17
3.389268858361101593e+02 6.740952774378310905e-17
3.393955480313300654e+02 6.485541877806969915e-17
3.398648582844718931e+02 6.240724974761672508e-17
3.403348174916586686e+02 6.006051452961740529e-17
3.408054265502526050e+02 5.781089827957096639e-17
3.412766863588569777e+02 5.565426959993218457e-17
3.417485978173172043e+02 5.358667300376921222e-17
3.422211618267240283e+02 5.160432166427200666e-17
3.426943792894132912e+02 4.970359044104545122e-17
3.431682511089686614e+02 4.788100917430453307e-17
3.436427781902235665e+02 4.613325623826908010e-17
3.441179614392619897e+02 4.445715234519079314e-17
3.445938017634221069e+02 4.284965459163411894e-17
3.450703000712955486e+02 4.130785073885280466e-17
3.455474572727307532e+02 3.982895371919977830e-17
3.460252742788342744e+02 3.841029636079756676e-17
3.465037520019721455e+02 3.704932632280684223e-17
3.469828913557731198e+02 3.574360123387168448e-17
3.474626932551281584e+02 3.449078402648832829e-17
3.479431586161937275e+02 3.328863846023180912e-17
3.484242883563931059e+02 3.213502482700084265e-17
3.489060833944178626e+02 3.102789583159072606e-17
3.493885446502309833e+02 2.996529264112137357e-17
3.498716730450664159e+02 2.894534109704204741e-17
3.503554695014324238e+02 2.796624808359221549e-17
3.508399349431127803e+02 2.702629804681569020e-17
3.513250702951684730e+02 2.612384965839048092e-17
3.518108764839405467e+02 2.525733261872478261e-17
3.522973544370499894e+02 2.442524459394435655e-17
3.527845050834008021e+02 2.362614828156798949e-17
3.532723293531815898e+02 2.285866859984742276e-17
3.537608281778665855e+02 2.212148999591518193e-17
3.542500024902194014e+02 2.141335386803460665e-17
3.547398532242922329e+02 2.073305609743184001e-17
3.552303813154292129e+02 2.007944468532510978e-17
3.557215877002679463e+02 1.945141749093104039e-17
3.562134733167407603e+02 1.884792006637866613e-17
3.567060391040780019e+02 1.826794358459867994e-17
3.571992860028078667e+02 1.771052285641742155e-17
3.576932149547592417e+02 1.717473443319580814e-17
3.581878269030634101e+02 1.665969479151193149e-17
3.586831227921555296e+02 1.616455859651023587e-17
3.591791035677777586e+02 1.568851704065772806e-17
3.596757701769788582e+02 1.523079625478763205e-17
3.601731235681175463e+02 1.479065578841578565e-17
3.606711646908639182e+02 1.436738715643954046e-17
3.611698944962009250e+02 1.396031244944108687e-17
3.616693139364276135e+02 1.356878300491719073e-17
3.621694239651586713e+02 1.319217813688107327e-17
3.626702255373279513e+02 1.282990392136019217e-17
3.631717196091895516e+02 1.248139203542961347e-17
3.636739071383197484e+02 1.214609864751419166e-17
3.641767890836197807e+02 1.182350335677297589e-17
3.646803664053159650e+02 1.151310817948250979e-17
3.651846400649626503e+02 1.121443658041328296e-17
3.656896110254438099e+02 1.092703254727477854e-17
3.661952802509745197e+02 1.065045970639265785e-17
3.667016487071043116e+02 1.038430047784689378e-17
3.672087173607166619e+02 1.012815526838728656e-17
3.677164871800324590e+02 9.881641700500601270e-18
3.682249591346114244e+02 9.644393876080374081e-18
3.687341341953536471e+02 9.416061673219268401e-18
3.692440133345028244e+02 9.196310074695033412e-18
3.697545975256458632e+02 8.984818526800665990e-18
3.702658877437164620e+02 8.781280327209553523e-18
3.707778849649963604e+02 8.585402040639900907e-18
3.712905901671168749e+02 8.396902941125220293e-18
3.718040043290623089e+02 8.215514479756424565e-18
3.723181284311696686e+02 8.040979776814128730e-18
3.728329634551317326e+02 7.873053137248970764e-18
3.733485103839985868e+02 7.711499588525373362e-18
3.738647702021806367e+02 7.556094439884569468e-18
3.743817438954484373e+02 7.406622862124148114e-18
3.748994324509360467e+02 7.262879487038392940e-18
3.754178368571425040e+02 7.124668025698723772e-18
3.759369581039333070e+02 6.991800904798452050e-18
3.764567971825438804e+02 6.864098920315939735e-18
3.769773550855792337e+02 6.741390907793801240e-18
3.774986328070172021e+02 6.623513428561887133e-18
3.780206313422101516e+02 6.510310471265553763e-18
3.785433516878864566e+02 6.401633168097041364e-18
3.790667948421537972e+02 6.297339525152471326e-18
3.795909618044989315e+02 6.197294166374979606e-18
3.801158535757911068e+02 6.101368090566811689e-18
3.806414711582834229e+02 6.009438440985141048e-18
3.811678155556146521e+02 5.921388287064232017e-18
3.816948877728124785e+02 5.837106417830680631e-18
3.822226888162931004e+02 5.756487146607605545e-18
3.827512196938648117e+02 5.679430126624991951e-18
3.832804814147295360e+02 5.605840171291493942e-18
3.838104749894842485e+02 5.535617569657645099e-18
3.843412014301244994e+02 5.468639342937487452e-18
3.848726617500440739e+02 5.404783616098889929e-18
3.854048569640385722e+02 5.343934852185089760e-18
3.859377880883065473e+02 5.285983498009568154e-18
3.864714561404516644e+02 5.230825651695882663e-18
3.870058621394857141e+02 5.178362750578852310e-18
3.875410071058283279e+02 5.128501278090423046e-18
3.880768920613107298e+02 5.081152488352370562e-18
3.886135180291769871e+02 5.036232147289483021e-18
3.891508860340856586e+02 4.993660289160253655e-18
3.896889971021135466e+02 4.953360987480032423e-18
3.902278522607549007e+02 4.915262139384941539e-18
3.907674525389252835e+02 4.879295262548021688e-18
3.913077989669630483e+02 4.845395303824348619e-18
3.918488925766307602e+02 4.813500458855163355e-18
3.923907344011190617e+02 4.783552001917020636e-18
3.929333254750459332e+02 4.755494125347640968e-18
3.934766668344604454e+02 4.729273787927228277e-18
3.940207595168442367e+02 4.704840571635599899e-18
3.945656045611133891e+02 4.682146546242959567e-18
3.951112030076214410e+02 4.661146141230091868e-18
3.956575558981595577e+02 4.641796024565563705e-18
3.962046642759598285e+02 4.624054987898951065e-18
3.967525291856969147e+02 4.607883837758047619e-18
3.973011516734894712e+02 4.593245292364819083e-18
3.978505327869041821e+02 4.580103883708778097e-18
3.984006735749548511e+02 4.568425864541213338e-18
3.989515750881063809e+02 4.558179119973197008e-18
3.995032383782761940e+02 4.549333083381453106e-18
4.000556644988358244e+02 4.541858656345099232e-18
4.006088545046147260e+02 4.535728132352297658e-18
4.011628094518997045e+02 4.530915124033089983e-18
4.017175303984384414e+02 4.527394493688963949e-18
4.022730184034414265e+02 4.525142286904782531e-18
4.028292745275833227e+02 4.524135669040389687e-18
4.033862998330067171e+02 4.524352864412534536e-18
4.039440953833216668e+02 4.525773097988945436e-18
4.045026622436094499e+02 4.528376539426896365e-18
4.050620014804240441e+02 4.532144249298314684e-18
4.056221141617937747e+02 4.537058127353774648e-18
4.061830013572252369e+02 4.543100862686297537e-18
4.067446641377025003e+02 4.550255885662261076e-18
4.073071035756910874e+02 4.558507321498314136e-18
4.078703207451394519e+02 4.567839945366264918e-18
4.084343167214807409e+02 4.578239138918002754e-18
4.089990925816363756e+02 4.589690848127228270e-18
4.095646494040156540e+02 4.602181542351339527e-18
4.101309882685196158e+02 4.615698174523205023e-18
4.106981102565424635e+02 4.630228142386912436e-18
4.112660164509733249e+02 4.645759250698154053e-18
4.118347079361999477e+02 4.662279674313142290e-18
4.124041857981084718e+02 4.679777922096811952e-18
4.129744511240867837e+02 4.698242801583526476e-18
4.135455050030265056e+02 4.717663384329021213e-18
4.141173485253245303e+02 4.738028971896503842e-18
4.146899827828868297e+02 4.759329062422829470e-18
4.152634088691278293e+02 4.781553317715549071e-18
4.158376278789745584e+02 4.804691530834667509e-18
4.164126409088674450e+02 4.828733594117430152e-18
4.169884490567644093e+02 4.853669467605910808e-18
4.175650534221404655e+02 4.879489147843858967e-18
4.181424551059912460e+02 4.906182637008645004e-18
4.187206552108348205e+02 4.933739912350943549e-18
4.192996548407134014e+02 4.962150895915887674e-18
4.198794551011971521e+02 4.991405424522682111e-18
4.204600570993837323e+02 5.021493219983859153e-18
4.210414619439019930e+02 5.052403859546960985e-18
4.216236707449139658e+02 5.084126746546141440e-18
4.222066846141161705e+02 5.116651081252152405e-18
4.227905046647438212e+02 5.149965831913776142e-18
4.233751320115700310e+02 5.184059705986075891e-18
4.239605677709099609e+02 5.218921121543754537e-18
4.245468130606224122e+02 5.254538178880978728e-18
4.251338690001113605e+02 5.290898632301715988e-18
4.257217367103301626e+02 5.327989862108097483e-18
4.263104173137807038e+02 5.365798846796805879e-18
4.268999119345177178e+02 5.404312135475809607e-18
4.274902216981499805e+02 5.443515820518661366e-18
4.280813477318425839e+02 5.483395510474355968e-18
4.286732911643203465e+02 5.523936303254711606e-18
4.292660531258676997e+02 5.565122759623914129e-18
4.298596347483323257e+02 5.606938877018728843e-18
4.304540371651270902e+02 5.649368063728722553e-18
4.310492615112316912e+02 5.692393113470988467e-18
4.316453089231965237e+02 5.735996180395750163e-18
4.322421805391422254e+02 5.780158754561143661e-18
4.328398774987637694e+02 5.824861637921471682e-18
4.334384009433320557e+02 5.870084920871662612e-18
4.340377520156955029e+02 5.915807959397192551e-18
4.346379318602844251e+02 5.962009352880289549e-18
4.352389416231101222e+02 6.008666922614759119e-18
4.358407824517690869e+02 6.055757691086078784e-18
4.364434554954447094e+02 6.103257862075785242e-18
4.370469619049089260e+02 6.151142801650864871e-18
4.376513028325263122e+02 6.199387020101351944e-18
4.382564794322536841e+02 6.247964154893365719e-18
4.388624928596437940e+02 6.296846954704613362e-18
4.394693442718474330e+02 6.346007264613202896e-18
4.400770348276148525e+02 6.395416012512293614e-18
4.406855656873001976e+02 6.445043196824687567e-18
4.412949380128605412e+02 6.494857875592370949e-18
4.419051529678602037e+02 6.544828157020164173e-18
4.425162117174726291e+02 6.594921191550711205e-18
4.431281154284817489e+02 6.645103165550976907e-18
4.437408652692864734e+02 6.695339296691642195e-18
4.443544624098997815e+02 6.745593831100225982e-18
4.449689080219532116e+02 6.795830042369924592e-18
4.455842032786981690e+02 6.846010232506392758e-18
4.462003493550081998e+02 6.896095734894476149e-18
4.468173474273826287e+02 6.946046919366078779e-18
4.474351986739462745e+02 6.995823199449921834e-18
4.480539042744536573e+02 7.045383041884086069e-18
4.486734654102904756e+02 7.094683978467713217e-18
4.492938832644755962e+02 7.143682620330824152e-18
4.499151590216652039e+02 7.192334674694758121e-18
4.505372938681521191e+02 7.240594964196698048e-18
4.511602889918701180e+02 7.288417448846311896e-18
4.517841455823955812e+02 7.335755250682125659e-18
4.524088648309492555e+02 7.382560681186786370e-18
4.530344479304006313e+02 7.428785271523282460e-18
4.536608960752672033e+02 7.474379805640775089e-18
4.542882104617187338e+02 7.519294356302653763e-18
4.549163922875789581e+02 7.563478324077297744e-18
4.555454427523275172e+02 7.606880479328553474e-18
4.561753630571041640e+02 7.649449007237732040e-18
4.568061544047079678e+02 7.691131555878902013e-18
4.574378179996018048e+02 7.731875287365438125e-18
4.580703550479140631e+02 7.771626932075494055e-18
4.587037667574404054e+02 7.810332845956528745e-18
4.593380543376481455e+02 7.847939070900669477e-18
4.599732189996754528e+02 7.884391398173632245e-18
4.606092619563358426e+02 7.919635434869393625e-18
4.612461844221193132e+02 7.953616673354052296e-18
4.618839876131967799e+02 7.986280563651591684e-18
4.625226727474193353e+02 8.017572588712214317e-18
4.631622410443225704e+02 8.047438342496354941e-18
4.638026937251285062e+02 8.075823610791070530e-18
4.644440320127473001e+02 8.102674454668632091e-18
4.650862571317816219e+02 8.127937296482251819e-18
4.657293703085259722e+02 8.151559008283178756e-18
4.663733727709711161e+02 8.173487002529712705e-18
4.670182657488058453e+02 8.193669324948283083e-18
4.676640504734188539e+02 8.212054749392208621e-18
4.683107281779029449e+02 8.228592874532013359e-18
4.689583000970547459e+02 8.243234222199563342e-18
4.696067674673786883e+02 8.255930337192765406e-18
4.702561315270890532e+02 8.266633888339962823e-18
4.709063935161118479e+02 8.275298770605578034e-18
4.715575546760890120e+02 8.281880208010990740e-18
4.722096162503780192e+02 8.286334857130661996e-18
4.728625794840561412e+02 8.288620910911529499e-18
4.735164456239222091e+02 8.288698202556773613e-18
4.741712159184987740e+02 8.286528309198258039e-18
4.748268916180360861e+02 8.282074655079907539e-18
4.754834739745119236e+02 8.275302613956415573e-18
4.761409642416357428e+02 8.266179610412435853e-18
4.767993636748505537e+02 8.254675219791164650e-18
4.774586735313349095e+02 8.240761266421098991e-18
4.781188950700071700e+02 8.224411919819617771e-18
4.787800295515252174e+02 8.205603788548254917e-18
4.794420782382903781e+02 8.184316011392689458e-18
4.801050423944498675e+02 8.160530345533570205e-18
4.807689232858982677e+02 8.134231251377314142e-18
4.814337221802821887e+02 8.105405973710925475e-18
4.820994403469995859e+02 8.074044618850872695e-18
4.827660790572041947e+02 8.040141252087314751e-18
4.834336395838076328e+02 8.003721559356155861e-18
4.841021232014809357e+02 7.964845405617155609e-18
4.847715311866594448e+02 7.923576097477373584e-18
4.854418648175418980e+02 7.879978565587222392e-18
4.861131253740950342e+02 7.834119226191557746e-18
4.867853141380556394e+02 7.786065843167115171e-18
4.874584323929321386e+02 7.735887390877859875e-18
4.881324814240094270e+02 7.683653918165137698e-18
4.888074625183481317e+02 7.629436413778843809e-18
4.894833769647891017e+02 7.573306673537962484e-18
4.901602260539553413e+02 7.515337169498280263e-18
4.908380110782539987e+02 7.455600921384268557e-18
4.915167333318809710e+02 7.394171370532536077e-18
4.921963941108201084e+02 7.331122256575197009e-18
4.928769947128478748e+02 7.266527497074805412e-18
4.935585364375352810e+02 7.200461070309454653e-18
4.942410205862497605e+02 7.132996901388438331e-18
4.949244484621600009e+02 7.064208751861689874e-18
4.956088213702348639e+02 6.994170112974534513e-18
4.962941406172485017e+02 6.922954102697743110e-18
4.969804075117818343e+02 6.850633366651871815e-18
4.976676233642249372e+02 6.777279983027163702e-18
4.983557894867811910e+02 6.702965371583778757e-18
4.990449071934670542e+02 6.627760206808152941e-18
4.997349778001166101e+02 6.551734335278001060e-18
5.004260026243832158e+02 6.474956697282318265e-18
5.011179829857418895e+02 6.397495252724787637e-18
5.018109202054937441e+02 6.319416911327840963e-18
5.025048156067653053e+02 6.240787467140651387e-18
5.031996705145134001e+02 6.161671537343162405e-18
5.038954862555268051e+02 6.082132505326934737e-18
5.045922641584285202e+02 6.002232468021699587e-18
5.052900055536803166e+02 5.922032187426721581e-18
5.059887117735820539e+02 5.841591046297106712e-18
5.066883841522765124e+02 5.760967007923992561e-18
5.073890240257512119e+02 5.680216579940889666e-18
5.080906327318405715e+02 5.599394782079486598e-18
5.087932116102305145e+02 5.518555117791572204e-18
5.094967620024578423e+02 5.437749549646075591e-18
5.102012852519150670e+02 5.357028478404253281e-18
5.109067827038521159e+02 5.276440725672141783e-18
5.116132557053787195e+02 5.196033520021170892e-18
5.123207056054689019e+02 5.115852486466460956e-18
5.130291337549605259e+02 5.035941639187352349e-18
5.137385415065597272e+02 4.956343377370275663e-18
5.144489302148427896e+02 4.877098484053464145e-18
5.151603012362605796e+02 4.798246127848408432e-18
5.158726559291380909e+02 4.719823867413318030e-18
5.165859956536788786e+02 4.641867658551231650e-18
5.173003217719679014e+02 4.564411863803444812e-18
5.180156356479724309e+02 4.487489264412294271e-18
5.187319386475479632e+02 4.411131074522448506e-18
5.194492321384365141e+02 4.335366957494032783e-18
5.201675174902725303e+02 4.260225044199207060e-18
5.208867960745837991e+02 4.185731953176626887e-18
5.216070692647945179e+02 4.111912812518038702e-18
5.223283384362293873e+02 4.038791283363800852e-18
5.230506049661133829e+02 3.966389584886463605e-18
5.237738702335765311e+02 3.894728520642314858e-18
5.244981356196554998e+02 3.823827506174808814e-18
5.252234025072965551e+02 3.753704597754952760e-18
5.259496722813596534e+02 3.684376522148466428e-18
5.266769463286181008e+02 3.615858707300488262e-18
5.274052260377634411e+02 3.548165313832568846e-18
5.281345127994073891e+02 3.481309267251239205e-18
5.288648080060839902e+02 3.415302290768197825e-18
5.295961130522546227e+02 3.350154938638418770e-18
5.303284293343072022e+02 3.285876629924098302e-18
5.310617582505610699e+02 3.222475682597202722e-18
5.317961012012692663e+02 3.159959347895953532e-18
5.325314595886202369e+02 3.098333844855885445e-18
5.332678348167434024e+02 3.037604394937682749e-18
5.340052282917077946e+02 2.977775256680782315e-18
5.347436414215273999e+02 2.918849760311715310e-18
5.354830756161632053e+02 2.860830342243110803e-18
5.362235322875254724e+02 2.803718579401912894e-18
5.369650128494780574e+02 2.747515223327587513e-18
5.377075187178386386e+02 2.692220233987626567e-18
5.384510513103830363e+02 2.637832813258184887e-18
5.391956120468474865e+02 2.584351438023488188e-18
5.399412023489311423e+02 2.531773892849407913e-18
5.406878236403002802e+02 2.480097302191465618e-18
5.414354773465885273e+02 2.429318162099447421e-18
5.421841648954011816e+02 2.379432371384623523e-18
5.429338877163177131e+02 2.330435262218581886e-18
5.436846472408939235e+02 2.282321630136101385e-18
5.444364449026664943e+02 2.235085763415969230e-18
5.451892821371528726e+02 2.188721471818291266e-18
5.459431603818563872e+02 2.143222114658219258e-18
5.466980810762676128e+02 2.098580628198873505e-18
5.474540456618672124e+02 2.054789552349183456e-18
5.482110555821311664e+02 2.011841056653531927e-18
5.489691122825291814e+02 1.969726965564661018e-18
5.497282172105307154e+02 1.928438782990191594e-18
5.504883718156067971e+02 1.887967716107948831e-18
5.512495775492317307e+02 1.848304698446041658e-18
5.520118358648891217e+02 1.809440412225107657e-18
5.527751482180703988e+02 1.771365309962753461e-18
5.535395160662803846e+02 1.734069635341293625e-18
5.543049408690392283e+02 1.697543443341185764e-18
5.550714240878845658e+02 1.661776619644780324e-18
5.558389671863769763e+02 1.626758899315166120e-18
5.566075716300990734e+02 1.592479884757700185e-18
5.573772388866603933e+02 1.558929062971080354e-18
5.581479704257001231e+02 1.526095822097177324e-18
5.589197677188889202e+02 1.493969467279700527e-18
5.596926322399342553e+02 1.462539235841781026e-18
5.604665654645795030e+02 1.431794311794516785e-18
5.612415688706096262e+02 1.401723839688083636e-18
5.620176439378527675e+02 1.372316937818832235e-18
5.627947921481826370e+02 1.343562710805277794e-18
5.635730149855239688e+02 1.315450261546939437e-18
5.643523139358519529e+02 1.287968702580924304e-18
5.651326904871966690e+02 1.261107166850080174e-18
5.659141461296460420e+02 1.234854817898512483e-18
5.666966823553478889e+02 1.209200859509248801e-18
5.674803006585152616e+02 1.184134544800059298e-18
5.682650025354251966e+02 1.159645184792630113e-18
5.690507894844247403e+02 1.135722156471167892e-18
5.698376630059320860e+02 1.112354910346275479e-18
5.706256246024418033e+02 1.089532977539901988e-18
5.714146757785247246e+02 1.067245976407339568e-18
5.722048180408322651e+02 1.045483618712156745e-18
5.729960528980996060e+02 1.024235715369651240e-18
5.737883818611473998e+02 1.003492181774824604e-18
5.745818064428872276e+02 9.832430427299546853e-19
5.753763281583209164e+02 9.634784369877106731e-19
5.761719485245459964e+02 9.441886214244973046e-19
5.769686690607574064e+02 9.253639748592519283e-19
5.777664912882505632e+02 9.069950015325396894e-19
5.785654167304262501e+02 8.890723342602135465e-19
5.793654469127898210e+02 8.715867372761899070e-19
5.801665833629567715e+02 8.545291087780851461e-19
5.809688276106550120e+02 8.378904831896376754e-19
5.817721811877270284e+02 8.216620331531853149e-19
5.825766456281353385e+02 8.058350712652888037e-19
5.833822224679619239e+02 7.904010515685551121e-19
5.841889132454132323e+02 7.753515708118408121e-19
5.849967195008227918e+02 7.606783694911349754e-19
5.858056427766535990e+02 7.463733326830098820e-19
5.866156846175032342e+02 7.324284906820715734e-19
5.874268465701031801e+02 7.188360194536990852e-19
5.882391301833246189e+02 7.055882409127286294e-19
5.890525370081801384e+02 6.926776230388979754e-19
5.898670685978268011e+02 6.800967798389856530e-19
5.906827265075709192e+02 6.678384711655993368e-19
5.914995122948677135e+02 6.558956024023754711e-19
5.923174275193266567e+02 6.442612240244523972e-19
5.931364737427136333e+02 6.329285310434300547e-19
5.939566525289538959e+02 6.218908623452979554e-19
5.947779654441366119e+02 6.111416999296757146e-19
5.956004140565150919e+02 6.006746680583843636e-19
5.964239999365115636e+02 5.904835323209941924e-19
5.972487246567199008e+02 5.805621986249277537e-19
5.980745897919078971e+02 5.709047121170983685e-19
5.989015969190227224e+02 5.615052560440281698e-19
5.997297476171903554e+02 5.523581505572165805e-19
6.005590434677209259e+02 5.434578514698806010e-19
6.013894860541112166e+02 5.347989489713052817e-19
6.022210769620468227e+02 5.263761663047894985e-19
6.030538177794082912e+02 5.181843584145286919e-19
6.038877100962694158e+02 5.102185105673356213e-19
6.047227555049039438e+02 5.024737369539192019e-19
6.055589555997868274e+02 4.949452792750889918e-19
6.063963119775977475e+02 4.876285053175761244e-19
6.072348262372256613e+02 4.805189075240782799e-19
6.080744999797688024e+02 4.736118655905621737e-19
6.089153348085400239e+02 4.669013114642780463e-19
6.097573323290689586e+02 4.603807480498166571e-19
6.106004941491050886e+02 4.540439244079596238e-19
6.114448218786227471e+02 4.478848271571494805e-19
6.122903171298204370e+02 4.418976701503381025e-19
6.131369815171269693e+02 4.360768846406739932e-19
6.139848166572033961e+02 4.304171099108941371e-19
6.148338241689455117e+02 4.249131843426903576e-19
6.156840056734897644e+02 4.195601369034124661e-19
6.165353627942123467e+02 4.143531790290307246e-19
6.173878971567348799e+02 4.092876968831596766e-19
6.182416103889266878e+02 4.043592439731804919e-19
6.190965041209077526e+02 3.995635341055244867e-19
6.199525799850537169e+02 3.948964346631318371e-19
6.208098396159958838e+02 3.903539601889891919e-19
6.216682846506262194e+02 3.859322662605585390e-19
6.225279167281004220e+02 3.816276436406824647e-19
6.233887374898399685e+02 3.774365126914278165e-19
6.242507485795379125e+02 3.733554180378231096e-19
6.251139516431586571e+02 3.693810234694076929e-19
6.259783483289427295e+02 3.655101070679622718e-19
6.268439402874101916e+02 3.617395565504498724e-19
6.277107291713626864e+02 3.580663648168384858e-19
6.285787166358891227e+02 3.544876256928482851e-19
6.294479043383653334e+02 3.510005298584781377e-19
6.303182939384591918e+02 3.476023609532448084e-19
6.311898870981334539e+02 3.442904918499316440e-19
6.320626854816504192e+02 3.410623810887777664e-19
6.329366907555721582e+02 3.379155694646213480e-19
6.338119045887655147e+02 3.348476767598083394e-19
6.346883286524054029e+02 3.318563986160719683e-19
6.355659646199765120e+02 3.289395035389730822e-19
6.364448141672800148e+02 3.260948300287098060e-19
6.373248789724320886e+02 3.233202838315672589e-19
6.382061607158701690e+02 3.206138353064396598e-19
6.390886610803552230e+02 3.179735169011934656e-19
6.399723817509747050e+02 3.153974207338910389e-19
6.408573244151477866e+02 3.128836962741762510e-19
6.417434907626254699e+02 3.104305481203105291e-19
6.426308824854955901e+02 3.080362338675718898e-19
6.435195012781857713e+02 3.056990620639892631e-19
6.444093488374663821e+02 3.034173902495585600e-19
6.453004268624556516e+02 3.011896230752538221e-19
6.461927370546194425e+02 2.990142104983758787e-19
6.470862811177770482e+02 2.968896460508868144e-19
6.479810607581039221e+02 2.948144651776358101e-19
6.488770776841339512e+02 2.927872436414243330e-19
6.497743336067654809e+02 2.908065959920977130e-19
6.506728302392608612e+02 2.888711740969346393e-19
6.515725692972521301e+02 2.869796657297701537e-19
6.524735524987435156e+02 2.851307932163739980e-19
6.533757815641143907e+02 2.833233121337804228e-19
6.542792582161248447e+02 2.815560100613151069e-19
6.551839841799154556e+02 2.798277053812358145e-19
6.560899611830127469e+02 2.781372461269442438e-19
6.569971909553319165e+02 2.764835088768706299e-19
6.579056752291800194e+02 2.748653976922183695e-19
6.588154157392611978e+02 2.732818430967831847e-19
6.597264142226762260e+02 2.717318010972556714e-19
6.606386724189287634e+02 2.702142522424091921e-19
6.615521920699278553e+02 2.687282007196135421e-19
6.624669749199905482e+02 2.672726734873799737e-19
6.633830227158476873e+02 2.658467194424326055e-19
6.643003372066436896e+02 2.644494086201111808e-19
6.652189201439422277e+02 2.630798314268248620e-19
6.661387732817290726e+02 2.617370979033927414e-19
6.670598983764147079e+02 2.604203370181647670e-19
6.679822971868402419e+02 2.591286959888052714e-19
6.689059714742770666e+02 2.578613396318147072e-19
6.698309230024323142e+02 2.566174497387211307e-19
6.707571535374524956e+02 2.553962244780744763e-19
6.716846648479252053e+02 2.541968778223539384e-19
6.726134587048859430e+02 2.530186389989548227e-19
6.735435368818167490e+02 2.518607519644171337e-19
6.744749011546530255e+02 2.507224749011846066e-19
6.754075533017858106e+02 2.496030797361391210e-19
6.763414951040645064e+02 2.485018516802010811e-19
6.772767283448032458e+02 2.474180887883740719e-19
6.782132548097798690e+02 2.463511015395578861e-19
6.791510762872424039e+02 2.453002124355472799e-19
6.800901945679115670e+02 2.442647556186590940e-19
6.810306114449834922e+02 2.432440765073691781e-19
6.819723287141359833e+02 2.422375314495054677e-19
6.829153481735280593e+02 2.412444873924743216e-19
6.838596716238056388e+02 2.402643215699896242e-19
6.848053008681046094e+02 2.392964212049094502e-19
6.857522377120533292e+02 2.383401832276818628e-19
6.867004839637795612e+02 2.373950140100187503e-19
6.876500414339085410e+02 2.364603291133747679e-19
6.886009119355704797e+02 2.355355530517991579e-19
6.895530972844022699e+02 2.346201190688623139e-19
6.905065992985512366e+02 2.337134689282372363e-19
6.914614197986805948e+02 2.328150527175913307e-19
6.924175606079689942e+02 2.319243286654768847e-19
6.933750235521169998e+02 2.310407629708827535e-19
6.943338104593495927e+02 2.301638296451083373e-19
6.952939231604193537e+02 2.292930103657020168e-19
6.962553634886121472e+02 2.284277943421361107e-19
6.972181332797470077e+02 2.275676781929243592e-19
6.981822343721821653e+02 2.267121658339288697e-19
6.991476686068177742e+02 2.258607683775748056e-19
7.001144378270989819e+02 2.250130040426792136e-19
7.010825438790221824e+02 2.241683980746679310e-19
7.020519886111339929e+02 2.233264826759161440e-19
7.030227738745383022e+02 2.224867969459406560e-19
7.039949015228976350e+02 2.216488868312145822e-19
7.049683734124399734e+02 2.208123050843587242e-19
7.059431914019577334e+02 2.199766112324503444e-19
7.069193573528146999e+02 2.191413715542325296e-19
7.078968731289483003e+02 2.183061590659629393e-19
7.088757405968727880e+02 2.174705535156703457e-19
7.098559616256852678e+02 2.166341413856060049e-19
7.108375380870654681e+02 2.157965159025969757e-19
7.118204718552821078e+02 2.149572770561334899e-19
7.128047648071953972e+02 2.141160316238884633e-19
7.137904188222599942e+02 2.132723932044702454e-19
7.147774357825319385e+02 2.124259822571552044e-19
7.157658175726674017e+02 2.115764261483621016e-19
7.167555660799291672e+02 2.107233592046010095e-19
7.177466831941901546e+02 2.098664227716824167e-19
7.187391708079352384e+02 2.090052652799322977e-19
7.197330308162689789e+02 2.081395423151150360e-19
7.207282651169139172e+02 2.072689166948826122e-19
7.217248756102173957e+02 2.063930585504112350e-19
7.227228641991547420e+02 2.055116454130409129e-19
7.237222327893318834e+02 2.046243623055742834e-19
7.247229832889920544e+02 2.037309018380159149e-19
7.257251176090146600e+02 2.028309643074645871e-19
7.267286376629225515e+02 2.019242578018607537e-19
7.277335453668844139e+02 2.010104983073223260e-19
7.287398426397177218e+02 2.000894098187804645e-19
7.297475314028956745e+02 1.991607244536011402e-19
7.307566135805462864e+02 1.982241825679222809e-19
7.317670910994585256e+02 1.972795328753817190e-19
7.327789658890861801e+02 1.963265325679428143e-19
7.337922398815501310e+02 1.953649474384916906e-19
7.348069150116451738e+02 1.943945520048955563e-19
7.358229932168391088e+02 1.934151296352113820e-19
7.368404764372800173e+02 1.924264726737084282e-19
7.378593666157983080e+02 1.914283825673614947e-19
7.388796656979103545e+02 1.904206699925142771e-19
7.399013756318252035e+02 1.894031549813446664e-19
7.409244983684432100e+02 1.883756670478258629e-19
7.419490358613634271e+02 1.873380453127718805e-19
7.429749900668862210e+02 1.862901386277204862e-19
7.440023629440163404e+02 1.852318056972101069e-19
7.450311564544697376e+02 1.841629151991414480e-19
7.460613725626726591e+02 1.830833459028771296e-19
7.470930132357684670e+02 1.819929867846986114e-19
7.481260804436207081e+02 1.808917371402780215e-19
7.491605761588159567e+02 1.797795066937966527e-19
7.501965023566709760e+02 1.786562157033630972e-19
7.512338610152313549e+02 1.775217950623670917e-19
7.522726541152788968e+02 1.763761863963975598e-19
7.533128836403342348e+02 1.752193421553947734e-19
7.543545515766602421e+02 1.740512257006468949e-19
7.553976599132683987e+02 1.728718113863220307e-19
7.564422106419183365e+02 1.716810846351360931e-19
7.574882057571246605e+02 1.704790420078371987e-19
7.585356472561600185e+02 1.692656912661755850e-19
7.595845371390579430e+02 1.680410514289755201e-19
7.606348774086199001e+02 1.668051528210206766e-19
7.616866700704147206e+02 1.655580371144181482e-19
7.627399171327849672e+02 1.642997573620880356e-19
7.637946206068503443e+02 1.630303780230991031e-19
7.648507825065109955e+02 1.617499756890363874e-19
7.659084048484538698e+02 1.604588026084812116e-19
7.669674896521523806e+02 1.591574882063119903e-19
7.680280389398732268e+02 1.578467066250470767e-19
7.690900547366792352e+02 1.565271236856892350e-19
7.701535390704331121e+02 1.551993965325360592e-19
7.712184939718034684e+02 1.538641732971571007e-19
7.722849214742649337e+02 1.525220927813888094e-19
7.733528236141046364e+02 1.511737841592164430e-19
7.744222024304255001e+02 1.498198666973475597e-19
7.754930599651492003e+02 1.484609494942803369e-19
7.765653982630234395e+02 1.470976312376482429e-19
7.776392193716209249e+02 1.457304999795761489e-19
7.787145253413464161e+02 1.443601329298094540e-19
7.797913182254392268e+02 1.429870962662873667e-19
7.808696000799802732e+02 1.416119449628995277e-19
7.819493729638912782e+02 1.402352226340776669e-19
7.830306389389414790e+02 1.388574613958985226e-19
7.841134000697514921e+02 1.374791817433428582e-19
7.851976584237957013e+02 1.361008924433443588e-19
7.862834160714099880e+02 1.347230904432550925e-19
7.873706750857907082e+02 1.333462607943644727e-19
7.884594375430015134e+02 1.319708765900247145e-19
7.895497055219769891e+02 1.305973989180323129e-19
7.906414811045256101e+02 1.292262768268235910e-19
7.917347663753371307e+02 1.278579473050796313e-19
7.928295634219811063e+02 1.264928352743061252e-19
7.939258743349149654e+02 1.251313535939804205e-19
7.950237012074867380e+02 1.237739030788034244e-19
7.961230461359380115e+02 1.224208725276606787e-19
7.972239112194117752e+02 1.210726387638254730e-19
7.983262985599510557e+02 1.197295666859925943e-19
7.994302102625064208e+02 1.183920093296840266e-19
8.005356484349391621e+02 1.170603079386081228e-19
8.016426151880243651e+02 1.157347920455398750e-19
8.027511126354584121e+02 1.144157795622663202e-19
8.038611428938578456e+02 1.131035768782059749e-19
8.049727080827672125e+02 1.117984789672440440e-19
8.060858103246614519e+02 1.105007695023801421e-19
8.072004517449501009e+02 1.092107209777665777e-19
8.083166344719835479e+02 1.079285948377270980e-19
8.094343606370533735e+02 1.066546416123472564e-19
8.105536323743987168e+02 1.053891010592454500e-19
8.116744518212100274e+02 1.041322023111161735e-19
8.127968211176321347e+02 1.028841640286837523e-19
8.139207424067717511e+02 1.016451945586584139e-19
8.150462178346965629e+02 1.004154920963466455e-19
8.161732495504426197e+02 9.919524485254750431e-20
8.173018397060176312e+02 9.798463122437491218e-20
8.184319904564041508e+02 9.678381996966175804e-20
8.195637039595673059e+02 9.559297038460712243e-20
8.206969823764534340e+02 9.441223248435238390e-20
8.218318278709980405e+02 9.324174718614375303e-20
8.229682426101288684e+02 9.208164649478863712e-20
8.241062287637690815e+02 9.093205369009416003e-20
8.252457885048451089e+02 8.979308351600759016e-20
8.263869240092851669e+02 8.866484237116762039e-20
8.275296374560276718e+02 8.754742850059804958e-20
8.286739310270235137e+02 8.644093218828516492e-20
8.298198069072403769e+02 8.534543595037104876e-20
8.309672672846694468e+02 8.426101472874312136e-20
8.321163143503250694e+02 8.318773608476861001e-20
8.332669502982520271e+02 8.212566039295147525e-20
8.344191773255291764e+02 8.107484103430194034e-20
8.355729976322722905e+02 8.003532458921612416e-20
8.367284134216424718e+02 7.900715102965994414e-20
8.378854268998441057e+02 7.799035391047999503e-20
8.390440402761337282e+02 7.698496055965472085e-20
8.402042557628225268e+02 7.599099226733074635e-20
8.413660755752798650e+02 7.500846447347333339e-20
8.425295019319413541e+02 7.403738695397381831e-20
8.436945370543073750e+02 7.307776400509796897e-20
8.448611831669512640e+02 7.212959462611200291e-20
8.460294424975221546e+02 7.119287269997652448e-20
8.471993172767488431e+02 7.026758717198328002e-20
8.483708097384475195e+02 6.935372222623560571e-20
8.495439221195201753e+02 6.845125745985618178e-20
8.507186566599633579e+02 6.756016805483752072e-20
8.518950156028707852e+02 6.668042494744208276e-20
8.530730011944368698e+02 6.581199499507832778e-20
8.542526156839647911e+02 6.495484114056645803e-20
8.554338613238655853e+02 6.410892257374879701e-20
8.566167403696655356e+02 6.327419489035904039e-20
8.578012550800096960e+02 6.245061024811365393e-20
8.589874077166658708e+02 6.163811751997365898e-20
8.601752005445315490e+02 6.083666244453284630e-20
8.613646358316340184e+02 6.004618777349286426e-20
8.625557158491369592e+02 5.926663341620733071e-20
8.637484428713443094e+02 5.849793658125011808e-20
8.649428191757070863e+02 5.774003191500315373e-20
8.661388470428231585e+02 5.699285163723822873e-20
8.673365287564446362e+02 5.625632567369129856e-20
8.685358666034817361e+02 5.553038178560794599e-20
8.697368628740059648e+02 5.481494569627482383e-20
8.709395198612583044e+02 5.410994121451920237e-20
8.721438398616479617e+02 5.341529035520693103e-20
8.733498251747605536e+02 5.273091345671835706e-20
8.745574781033616318e+02 5.205672929544074407e-20
8.757668009533997520e+02 5.139265519727667275e-20
8.769777960340150003e+02 5.073860714619526042e-20
8.781904656575379704e+02 5.009449988984231700e-20
8.794048121394973805e+02 4.946024704224676446e-20
8.806208377986237110e+02 4.883576118362655752e-20
8.818385449568532977e+02 4.822095395735364108e-20
8.830579359393352661e+02 4.761573616408429984e-20
8.842790130744318731e+02 4.702001785310820033e-20
8.855017786937254414e+02 4.643370841093989239e-20
8.867262351320224525e+02 4.585671664719495411e-20
8.879523847273572983e+02 4.528895087779562421e-20
8.891802298209995570e+02 4.473031900553747712e-20
8.904097727574541068e+02 4.418072859807275188e-20
8.916410158844682883e+02 4.364008696333910350e-20
8.928739615530361107e+02 4.310830122249771764e-20
8.941086121174013215e+02 4.258527838041075493e-20
8.953449699350660467e+02 4.207092539371357347e-20
8.965830373667895401e+02 4.156514923653736514e-20
8.978228167765962553e+02 4.106785696391646281e-20
8.990643105317797108e+02 4.057895577293958326e-20
9.003075210029059008e+02 4.009835306169988859e-20
9.015524505638217079e+02 3.962595648608414223e-20
9.027991015916534252e+02 3.916167401446530958e-20
9.040474764668156240e+02 3.870541398033732069e-20
9.052975775730144505e+02 3.825708513295913740e-20
9.065494072972510367e+02 3.781659668604878052e-20
9.078029680298302537e+02 3.738385836458593108e-20
9.090582621643593484e+02 3.695878044977968026e-20
9.103152920977563554e+02 3.654127382224603700e-20
9.115740602302537354e+02 3.613125000345437380e-20
9.128345689654018997e+02 3.572862119549395595e-20
9.140968207100779637e+02 3.533330031921815169e-20
9.153608178744839279e+02 3.494520105081054738e-20
9.166265628721560006e+02 3.456423785683336369e-20
9.178940581199674398e+02 3.419032602780783172e-20
9.191633060381328733e+02 3.382338171037859522e-20
9.204343090502161431e+02 3.346332193811450040e-20
9.217070695831296234e+02 3.311006466099921157e-20
9.229815900671425197e+02 3.276352877366279832e-20
9.242578729358845067e+02 3.242363414239970390e-20
9.255359206263497072e+02 3.209030163103328025e-20
9.268157355789045369e+02 3.176345312567071044e-20
9.280973202372873629e+02 3.144301155840368915e-20
9.293806770486166897e+02 3.112890092999300060e-20
9.306658084633946828e+02 3.082104633160615272e-20
9.319527169355110345e+02 3.051937396563451324e-20
9.332414049222518315e+02 3.022381116565583835e-20
9.345318748842976220e+02 2.993428641558283118e-20
9.358241292857331928e+02 2.965072936804427135e-20
9.371181705940499569e+02 2.937307086205035461e-20
9.384140012801508419e+02 2.910124293998481765e-20
9.397116238183580208e+02 2.883517886397588430e-20
9.410110406864126844e+02 2.857481313168729613e-20
9.423122543654826586e+02 2.832008149157671519e-20
9.436152673401670654e+02 2.807092095766896075e-20
9.449200820984996199e+02 2.782726982388764255e-20
9.462267011319570429e+02 2.758906767799179768e-20
9.475351269354589476e+02 2.735625541515902312e-20
9.488453620073752290e+02 2.712877525126663443e-20
9.501574088495307251e+02 2.690657073590584853e-20
9.514712699672089684e+02 2.668958676518169760e-20
9.527869478691604854e+02 2.647776959433763533e-20
9.541044450676017732e+02 2.627106685025292943e-20
9.554237640782245080e+02 2.606942754385451273e-20
9.567449074201988424e+02 2.587280208248451987e-20
9.580678776161772703e+02 2.568114228227480553e-20
9.593926771923038359e+02 2.549440138056720336e-20
9.607193086782124283e+02 2.531253404842548042e-20
9.620477746070361036e+02 2.513549640328254891e-20
9.633780775154095863e+02 2.496324420364044574e-20
9.647102199434780232e+02 2.479570281670091915e-20
9.660442044348963009e+02 2.463277282330712093e-20
9.673800335368376864e+02 2.447435695071352507e-20
9.687177097999972375e+02 2.432036087019260734e-20
9.700572357785965778e+02 2.417069310241651307e-20
9.713986140303918546e+02 2.402526492622498536e-20
9.727418471166731706e+02 2.388399029063950230e-20
9.740869376022733377e+02 2.374678573000150433e-20
9.754338880555718561e+02 2.361357028210775674e-20
9.767827010484986658e+02 2.348426540923001198e-20
9.781333791565431284e+02 2.335879492190256126e-20
9.794859249587530030e+02 2.323708490537150567e-20
9.808403410377430873e+02 2.311906364860430432e-20
9.821966299796996509e+02 2.300466157575559036e-20
9.835547943743839596e+02 2.289381118000012647e-20
9.849148368151413706e+02 2.278644695963765952e-20
9.862767598989003091e+02 2.268250535638283898e-20
9.876405662261812495e+02 2.258192469575756179e-20
9.890062584011003537e+02 2.248464512950536010e-20
9.903738390313741320e+02 2.239060857994851961e-20
9.917433107283275149e+02 2.229975868621537229e-20
9.931146761068936257e+02 2.221204075226651290e-20
9.944879377856226483e+02 2.212740169665118374e-20
9.958630983866851238e+02 2.204579000392811129e-20
9.972401605358769530e+02 2.196715567768905050e-20
9.986191268626276951e+02 2.189145019512037381e-20
1.000000000000000000e+03 2.181862646305176093e-20
