1.000000000000000021e-03 3.775769880008170276e+03
1.001844134890810109e-03 3.782236469208229664e+03
1.003691670615116955e-03 3.788713495156162480e+03
1.005542613444513830e-03 3.795200972040734541e+03
1.007396969662164177e-03 3.801698914062017138e+03
1.009254745562814621e-03 3.808207335431353386e+03
1.011115947452822942e-03 3.814726250371383230e+03
1.012980581650176288e-03 3.821255673115999798e+03
1.014848654484510476e-03 3.827795617910342571e+03
1.016720172297138182e-03 3.834346099010780563e+03
1.018595141441061948e-03 3.840907130684897766e+03
1.020473568281003024e-03 3.847478727211484056e+03
1.022355459193420666e-03 3.854060902880491085e+03
1.024240820566529485e-03 3.860653671993066837e+03
1.026129658800329367e-03 3.867257048861496514e+03
1.028021980306618273e-03 3.873871047809179345e+03
1.029917791509021505e-03 3.880495683170683606e+03
1.031817098843010360e-03 3.887130969291638394e+03
1.033719908755921426e-03 3.893776920527544007e+03
1.035626227706984339e-03 3.900433551191943025e+03
1.037536062167336961e-03 3.907100875536682452e+03
1.039449418620053568e-03 3.913778907818584685e+03
1.041366303560164151e-03 3.920467662304593887e+03
1.043286723494673499e-03 3.927167153271721418e+03
1.045210684942590035e-03 3.933877395007114956e+03
1.047138194434940345e-03 3.940598401807890696e+03
1.049069258514797806e-03 3.947330187981268409e+03
1.051003883737302311e-03 3.954072767844450482e+03
1.052942076669679356e-03 3.960826155724632372e+03
1.054883843891269097e-03 3.967590365958990333e+03
1.056829191993540872e-03 3.974365412894609562e+03
1.058778127580122918e-03 3.981151310888550142e+03
1.060730657266821227e-03 3.987948074307766547e+03
1.062686787681639067e-03 3.994755717529073991e+03
1.064646525464805604e-03 4.001574254939188904e+03
1.066609877268796282e-03 4.008403700934630706e+03
1.068576849758350392e-03 4.015244069921763185e+03
1.070547449610502943e-03 4.022095376316744932e+03
1.072521683514597460e-03 4.028957634545492056e+03
1.074499558172317204e-03 4.035830859043714554e+03
1.076481080297704042e-03 4.042715064256812639e+03
1.078466256617178175e-03 4.049610264639909019e+03
1.080455093869568282e-03 4.056516474657829804e+03
1.082447598806126916e-03 4.063433708785027648e+03
1.084443778190558906e-03 4.070361981505646327e+03
1.086443638799043264e-03 4.077301307313422967e+03
1.088447187420251393e-03 4.084251700711652120e+03
1.090454430855378317e-03 4.091213176213288989e+03
1.092465375918157209e-03 4.098185748340766622e+03
1.094480029434889961e-03 4.105169431626074584e+03
1.096498398244466922e-03 4.112164240610704837e+03
1.098520489198387060e-03 4.119170189845606728e+03
1.100546309160788756e-03 4.126187293891212903e+03
1.102575865008464549e-03 4.133215567317390196e+03
1.104609163630891925e-03 4.140255024697255976e+03
1.106646211930253487e-03 4.147305680530648715e+03
1.108687016821456898e-03 4.154367549266947208e+03
1.110731585232166765e-03 4.161440645362638861e+03
1.112779924102818294e-03 4.168524983282429275e+03
1.114832040386649382e-03 4.175620577499304090e+03
1.116887941049720572e-03 4.182727442494537172e+03
1.118947633070935645e-03 4.189845592757524173e+03
1.121011123442072419e-03 4.196975042785905316e+03
1.123078419167798138e-03 4.204115807085406232e+03
1.125149527265701353e-03 4.211267900169929817e+03
1.127224454766311869e-03 4.218431336561434364e+03
1.129303208713120909e-03 4.225606130789933559e+03
1.131385796162613861e-03 4.232792297393505578e+03
1.133472224184284369e-03 4.239989850918182128e+03
1.135562499860666864e-03 4.247198805917995742e+03
1.137656630287356722e-03 4.254419176954946124e+03
1.139754622573031090e-03 4.261650978598888287e+03
1.141856483839481405e-03 4.268894225427585297e+03
1.143962221221627709e-03 4.276148932026649163e+03
1.146071841867551174e-03 4.283415112989538102e+03
1.148185352938515353e-03 4.290692782917461045e+03
1.150302761608986346e-03 4.297981956419405833e+03
1.152424075066665974e-03 4.305282648112095558e+03
1.154549300512506095e-03 4.312594872619954003e+03
1.156678445160741779e-03 4.319918644575041071e+03
1.158811516238911904e-03 4.327253978617124631e+03
1.160948520987880846e-03 4.334600889393502257e+03
1.163089466661869050e-03 4.341959391559082178e+03
1.165234360528475148e-03 4.349329499776312332e+03
1.167383209868696559e-03 4.356711228715157631e+03
1.169536021976962667e-03 4.364104593053071767e+03
1.171692804161149782e-03 4.371509607474912627e+03
1.173853563742614532e-03 4.378926286673013237e+03
1.176018308056215331e-03 4.386354645347048063e+03
1.178187044450333416e-03 4.393794698203323605e+03
1.180359780286906017e-03 4.401246459899344700e+03
1.182536522941441976e-03 4.408709945005296504e+03
1.184717279803055787e-03 4.416185168088518367e+03
1.186902058274487545e-03 4.423672143722535111e+03
1.189090865772125935e-03 4.431170886486916061e+03
1.191283709726041187e-03 4.438681410967321426e+03
1.193480597580000692e-03 4.446203731755414992e+03
1.195681536791503045e-03 4.453737863448847747e+03
1.197886534831798860e-03 4.461283820651224232e+03
1.200095599185913974e-03 4.468841617972024324e+03
1.202308737352681756e-03 4.476411270026625061e+03
1.204525956844759802e-03 4.483992791436228799e+03
1.206747265188663765e-03 4.491586196827812273e+03
1.208972669924789035e-03 4.499191500834136605e+03
1.211202178607433295e-03 4.506808718093649077e+03
1.213435798804829912e-03 4.514437863250501323e+03
1.215673538099163982e-03 4.522078950954429274e+03
1.217915404086607244e-03 4.529731995860838651e+03
1.220161404377339762e-03 4.537397012630645804e+03
1.222411546595572043e-03 4.545074015930295900e+03
1.224665838379579300e-03 4.552763020431730183e+03
1.226924287381718362e-03 4.560464040812315034e+03
1.229186901268461505e-03 4.568177091754818321e+03
1.231453687720418782e-03 4.575902187947386665e+03
1.233724654432360795e-03 4.583639344083470860e+03
1.235999809113253606e-03 4.591388574861811321e+03
1.238279159486274129e-03 4.599149894986373511e+03
1.240562713288845698e-03 4.606923319166347028e+03
1.242850478272661263e-03 4.614708862116075579e+03
1.245142462203703993e-03 4.622506538555020597e+03
1.247438672862284355e-03 4.630316363207705763e+03
1.249739118043055727e-03 4.638138350803708818e+03
1.252043805555049091e-03 4.645972516077602450e+03
1.254352743221697321e-03 4.653818873768917911e+03
1.256665938880855782e-03 4.661677438618552515e+03
1.258983400384840060e-03 4.669548225290256596e+03
1.261305135600440707e-03 4.677431248369704917e+03
1.263631152408959454e-03 4.685326522442617716e+03
1.265961458706232846e-03 4.693234062098273171e+03
1.268296062402653928e-03 4.701153881929515592e+03
1.270634971423209103e-03 4.709085996532670833e+03
1.272978193707494186e-03 4.717030420507478993e+03
1.275325737209750824e-03 4.724987168457117150e+03
1.277677609898888837e-03 4.732956254988063847e+03
1.280033819758510287e-03 4.740937694710140931e+03
1.282394374786945254e-03 4.748931502236377128e+03
1.284759282997268532e-03 4.756937692183029867e+03
1.287128552417336064e-03 4.764956279169511618e+03
1.289502191089808136e-03 4.772987277818349867e+03
1.291880207072173018e-03 4.781030702755097991e+03
1.294262608436783394e-03 4.789086568608323432e+03
1.296649403270872620e-03 4.797154890009594965e+03
1.299040599676592675e-03 4.805235681593361733e+03
1.301436205771036494e-03 4.813328957996932331e+03
1.303836229686262472e-03 4.821434733860452070e+03
1.306240679569330675e-03 4.829553023826806566e+03
1.308649563582319972e-03 4.837683842541621743e+03
1.311062889902365764e-03 4.845827204653163790e+03
1.313480666721682536e-03 4.853983124812339156e+03
1.315902902247588577e-03 4.862151617672586326e+03
1.318329604702541758e-03 4.870332697889885821e+03
1.320760782324162949e-03 4.878526380122690171e+03
1.323196443365260745e-03 4.886732679031841144e+03
1.325636596093867888e-03 4.894951609280561570e+03
1.328081248793259485e-03 4.903183185534378936e+03
1.330530409761989871e-03 4.911427422461082642e+03
1.332984087313917329e-03 4.919684334730681257e+03
1.335442289778227725e-03 4.927953937015333395e+03
1.337905025499472452e-03 4.936236243988537353e+03
1.340372302837586219e-03 4.944531270264019440e+03
1.342844130167924772e-03 4.952839030351088695e+03
1.345320515881288318e-03 4.961159538749461717e+03
1.347801468383947763e-03 4.969492809959518127e+03
1.350286996097681139e-03 4.977838858482283285e+03
1.352777107459792252e-03 4.986197698819366451e+03
1.355271810923148199e-03 4.994569345472915302e+03
1.357771114956204299e-03 5.002953812945510435e+03
1.360275028043029470e-03 5.011351115740124442e+03
1.362783558683342651e-03 5.019761268360131908e+03
1.365296715392533191e-03 5.028184285309131155e+03
1.367814506701697059e-03 5.036620181090989718e+03
1.370336941157663298e-03 5.045068970209750660e+03
1.372864027323018312e-03 5.053530667169550725e+03
1.375395773776144246e-03 5.062005286474581226e+03
1.377932189111237635e-03 5.070492842629028019e+03
1.380473281938348219e-03 5.078993350137048765e+03
1.383019060883403442e-03 5.087506823502617408e+03
1.385569534588234047e-03 5.096033277229587839e+03
1.388124711710613099e-03 5.104572725821511995e+03
1.390684600924274638e-03 5.113125183781694432e+03
1.393249210918951408e-03 5.121690665613021338e+03
1.395818550400402180e-03 5.130269185818020560e+03
1.398392628090435602e-03 5.138860758898665154e+03
1.400971452726950534e-03 5.147465399356469788e+03
1.403555033063953175e-03 5.156083121692256100e+03
1.406143377871598701e-03 5.164713940406228176e+03
1.408736495936214897e-03 5.173357869997861599e+03
1.411334396060328396e-03 5.182014924965847968e+03
1.413937087062705229e-03 5.190685119808003947e+03
1.416544577778368168e-03 5.199368469021252167e+03
1.419156877058637281e-03 5.208064987101542101e+03
1.421773993771155735e-03 5.216774688543788216e+03
1.424395936799915593e-03 5.225497587827308962e+03
1.427022715045296640e-03 5.234233699311876080e+03
1.429654337424091743e-03 5.242983037297370174e+03
1.432290812869533745e-03 5.251745616080766922e+03
1.434932150331334711e-03 5.260521449956374454e+03
1.437578358775706095e-03 5.269310553215783330e+03
1.440229447185397988e-03 5.278112940147861991e+03
1.442885424559726222e-03 5.286928625038598511e+03
1.445546299914598392e-03 5.295757622171086950e+03
1.448212082282553754e-03 5.304599945825470968e+03
1.450882780712784044e-03 5.313455610278793756e+03
1.453558404271172071e-03 5.322324629805029872e+03
1.456238962040320344e-03 5.331207018674961546e+03
1.458924463119576223e-03 5.340102791156105923e+03
1.461614916625072905e-03 5.349011961512649577e+03
1.464310331689749802e-03 5.357934544005413045e+03
1.467010717463392878e-03 5.366870552891732586e+03
1.469716083112661102e-03 5.375820002425421080e+03
1.472426437821113985e-03 5.384782906856657064e+03
1.475141790789252783e-03 5.393759280432002015e+03
1.477862151234539357e-03 5.402749137394211175e+03
1.480587528391438899e-03 5.411752491982239917e+03
1.483317931511445292e-03 5.420769358431168257e+03
1.486053369863109958e-03 5.429799750972119000e+03
1.488793852732082186e-03 5.438843683832145871e+03
1.491539389421129083e-03 5.447901171234246249e+03
1.494289989250178292e-03 5.456972227397181996e+03
1.497045661556344444e-03 5.466056866535529480e+03
1.499806415693956483e-03 5.475155102859478575e+03
1.502572261034600164e-03 5.484266950574879957e+03
1.505343206967137788e-03 5.493392423883087758e+03
1.508119262897749833e-03 5.502531536980892270e+03
1.510900438249964013e-03 5.511684304060520844e+03
1.513686742464681297e-03 5.520850739276783315e+03
1.516478185000218843e-03 5.530030856641453283e+03
1.519274775332330168e-03 5.539224670123983742e+03
1.522076522954248293e-03 5.548432193687464860e+03
1.524883437376712853e-03 5.557653441288709473e+03
1.527695528127997852e-03 5.566888426877934762e+03
1.530512804753954813e-03 5.576137164398966888e+03
1.533335276818033376e-03 5.585399667788954503e+03
1.536162953901323586e-03 5.594675950978336914e+03
1.538995845602584515e-03 5.603966027890792247e+03
1.541833961538272230e-03 5.613269912443161047e+03
1.544677311342582734e-03 5.622587618545358964e+03
1.547525904667472344e-03 5.631919160100211229e+03
1.550379751182702145e-03 5.641264551003515408e+03
1.553238860575865531e-03 5.650623805143874961e+03
1.556103242552415739e-03 5.659996936402602842e+03
1.558972906835710956e-03 5.669383958653664195e+03
1.561847863167034481e-03 5.678784885763655438e+03
1.564728121305638099e-03 5.688199731591574164e+03
1.567613691028771350e-03 5.697628509988914630e+03
1.570504582131709284e-03 5.707071234799420381e+03
1.573400804427797133e-03 5.716527919859109716e+03
1.576302367748471343e-03 5.725998578996165634e+03
1.579209281943302944e-03 5.735483226030790320e+03
1.582121556880027469e-03 5.744981874775273354e+03
1.585039202444572934e-03 5.754494539033717956e+03
1.587962228541104498e-03 5.764021232602066448e+03
1.590890645092045939e-03 5.773561969268032954e+03
1.593824462038123668e-03 5.783116762810972432e+03
1.596763689338396436e-03 5.792685627001747889e+03
1.599708336970284174e-03 5.802268575602789497e+03
1.602658414929612665e-03 5.811865622367863580e+03
1.605613933230635006e-03 5.821476781006280362e+03
1.608574901906076500e-03 5.831102065068540469e+03
1.611541331007164792e-03 5.840741488055851732e+03
1.614513230603657626e-03 5.850395063458960067e+03
1.617490610783890335e-03 5.860062804758124912e+03
1.620473481654794703e-03 5.869744725422906413e+03
1.623461853341946889e-03 5.879440838912223626e+03
1.626455735989595832e-03 5.889151158674177168e+03
1.629455139760692525e-03 5.898875698145884598e+03
1.632460074836935334e-03 5.908614470753555906e+03
1.635470551418798405e-03 5.918367489912281599e+03
1.638486579725562239e-03 5.928134769025962669e+03
1.641508169995360093e-03 5.937916321487206915e+03
1.644535332485198582e-03 5.947712160677307111e+03
1.647568077471004517e-03 5.957522299966014543e+03
1.650606415247655697e-03 5.967346752711608133e+03
1.653650356129008877e-03 5.977185532260646141e+03
1.656699910447948778e-03 5.987038651947947073e+03
1.659755088556408038e-03 5.996906125096487813e+03
1.662815900825414693e-03 6.006787965017311762e+03
1.665882357645122325e-03 6.016684185009449720e+03
1.668954469424840849e-03 6.026594798359756169e+03
1.672032246593082487e-03 6.036519818342871986e+03
1.675115699597584532e-03 6.046459258221128948e+03
1.678204838905356404e-03 6.056413131244420583e+03
1.681299675002710008e-03 6.066381450650143961e+03
1.684400218395290310e-03 6.076364229663045990e+03
1.687506479608123040e-03 6.086361481495185217e+03
1.690618469185636592e-03 6.096373219345831785e+03
1.693736197691709947e-03 6.106399456401291900e+03
1.696859675709703249e-03 6.116440205834901462e+03
1.699988913842488160e-03 6.126495480784647043e+03
1.703123922712497518e-03 6.136565294218706185e+03
1.706264712961745068e-03 6.146649659023635650e+03
1.709411295251875990e-03 6.156748588070757251e+03
1.712563680264196815e-03 6.166862094216216974e+03
1.715721878699706226e-03 6.176990190300947688e+03
1.718885901279144490e-03 6.187132889150565461e+03
1.722055758743015145e-03 6.197290203575198575e+03
1.725231461851633790e-03 6.207462146369472975e+03
1.728413021385159527e-03 6.217648730312310363e+03
1.731600448143626615e-03 6.227849968166920007e+03
1.734793752946992614e-03 6.238065872680612301e+03
1.737992946635161587e-03 6.248296456584719635e+03
1.741198040068033534e-03 6.258541732594516361e+03
1.744409044125534974e-03 6.268801713409048716e+03
1.747625969707651897e-03 6.279076411711092078e+03
1.750848827734475741e-03 6.289365840166999988e+03
1.754077629146236781e-03 6.299670011426663223e+03
1.757312384903334922e-03 6.309988938123261505e+03
1.760553105986389791e-03 6.320322632873323528e+03
1.763799803396263501e-03 6.330671108276491395e+03
1.767052488154110743e-03 6.341034376915458779e+03
1.770311171301410446e-03 6.351412451355884514e+03
1.773575863899998304e-03 6.361805344146245261e+03
1.776846577032117078e-03 6.372213067817754563e+03
1.780123321800438502e-03 6.382635634884235515e+03
1.783406109328115755e-03 6.393073057841971604e+03
1.786694950758813604e-03 6.403525349169699439e+03
1.789989857256742232e-03 6.413992521328385010e+03
1.793290840006707540e-03 6.424474586761207320e+03
1.796597910214134137e-03 6.434971557888087773e+03
1.799911079105116730e-03 6.445483446989496770e+03
1.803230357926452216e-03 6.456010266205667904e+03
1.806555757945672424e-03 6.466552027651678145e+03
1.809887290451095941e-03 6.477108743422549196e+03
1.813224966751850664e-03 6.487680425593100153e+03
1.816568798177925839e-03 6.498267086217930228e+03
1.819918796080204808e-03 6.508868737331148623e+03
1.823274971830497531e-03 6.519485390946408188e+03
1.826637336821593065e-03 6.530117059056706239e+03
1.830005902467282328e-03 6.540763753634200839e+03
1.833380680202410795e-03 6.551425486630259911e+03
1.836761681482911241e-03 6.562102269975199306e+03
1.840148917785837130e-03 6.572794115578207311e+03
1.843542400609414445e-03 6.583501035327225509e+03
1.846942141473066189e-03 6.594223041088841455e+03
1.850348151917464209e-03 6.604960144708165899e+03
1.853760443504563239e-03 6.615712358008671799e+03
1.857179027817633865e-03 6.626479692792071546e+03
1.860603916461315210e-03 6.637262160838314230e+03
1.864035121061639660e-03 6.648059773905301881e+03
1.867472653266084902e-03 6.658872543728852179e+03
1.870916524743608620e-03 6.669700482022588403e+03
1.874366747184681671e-03 6.680543600477749351e+03
1.877823332301341210e-03 6.691401910763148408e+03
1.881286291827215630e-03 6.702275424524955270e+03
1.884755637517577034e-03 6.713164153386692306e+03
1.888231381149376364e-03 6.724068108949003545e+03
1.891713534521276578e-03 6.734987302789575551e+03
1.895202109453707076e-03 6.745921746463018280e+03
1.898697117788887773e-03 6.756871451447428626e+03
1.902198571390882869e-03 6.767836429015929752e+03
1.905706482145636200e-03 6.778816690378066596e+03
1.909220861961003976e-03 6.789812246718055576e+03
1.912741722766810948e-03 6.800823109194579956e+03
1.916269076514873606e-03 6.811849288940718907e+03
1.919802935179055255e-03 6.822890797063791069e+03
1.923343310755300717e-03 6.833947644645207220e+03
1.926890215261671015e-03 6.845019842740352942e+03
1.930443660738397592e-03 6.856107402378454026e+03
1.934003659247908761e-03 6.867210334562483695e+03
1.937570222874882399e-03 6.878328650268896126e+03
1.941143363726282808e-03 6.889462360447714673e+03
1.944723093931394978e-03 6.900611476022153511e+03
1.948309425641880314e-03 6.911776007888663116e+03
1.951902371031800703e-03 6.922955966916678335e+03
1.955501942297675766e-03 6.934151363948587459e+03
1.959108151658515810e-03 6.945362209799544871e+03
1.962721011355859999e-03 6.956588515257289146e+03
1.966340533653829475e-03 6.967830291082088479e+03
1.969966730839154898e-03 6.979087548006586076e+03
1.973599615221230657e-03 6.990360296735599150e+03
1.977239199132151733e-03 7.001648547946080726e+03
1.980885494926748827e-03 7.012952312286925007e+03
1.984538514982645170e-03 7.024271600378812764e+03
1.988198271700281246e-03 7.035606422814142206e+03
1.991864777502972035e-03 7.046956790156812531e+03
1.995538044836943446e-03 7.058322712942160251e+03
1.999218086171366138e-03 7.069704201672092495e+03
2.002904913998415810e-03 7.081101266702907196e+03
2.006598540833295311e-03 7.092513918238244514e+03
2.010298979214294925e-03 7.103942166445159273e+03
2.014006241702826199e-03 7.115386021459848962e+03
2.017720340883459671e-03 7.126845493387467286e+03
2.021441289363982118e-03 7.138320592301894067e+03
2.025169099775422574e-03 7.149811328245727054e+03
2.028903784772109146e-03 7.161317711230087298e+03
2.032645357031706308e-03 7.172839751234383584e+03
2.036393829255251763e-03 7.184377458206320625e+03
2.040149214167214127e-03 7.195930842061647127e+03
2.043911524515518944e-03 7.207499912684014816e+03
2.047680773071606803e-03 7.219084679924892043e+03
2.051456972630471502e-03 7.230685153603352774e+03
2.055240136010695173e-03 7.242301343505958357e+03
2.059030276054505965e-03 7.253933259386657483e+03
2.062827405627814907e-03 7.265580910966484225e+03
2.066631537620252333e-03 7.277244307933620803e+03
2.070442684945228602e-03 7.288923459943102898e+03
2.074260860539958815e-03 7.300618376616672322e+03
2.078086077365522664e-03 7.312329067542717894e+03
2.081918348406901296e-03 7.324055542276080814e+03
2.085757686673016340e-03 7.335797810337854571e+03
2.089604105196788027e-03 7.347555881215314912e+03
2.093457617035161637e-03 7.359329764361731577e+03
2.097318235269168222e-03 7.371119469196213686e+03
2.101185973003962763e-03 7.382925005103604235e+03
2.105060843368860169e-03 7.394746381412809569e+03
2.108942859517397295e-03 7.406583607247298460e+03
2.112832034627358524e-03 7.418436691613104813e+03
2.116728381900836054e-03 7.430305643478969614e+03
2.120631914564269794e-03 7.442190471776928462e+03
2.124542645868483359e-03 7.454091185401988696e+03
2.128460589088743485e-03 7.466007793212003889e+03
2.132385757524798628e-03 7.477940304027550155e+03
2.136318164500917126e-03 7.489888726631736063e+03
2.140257823365946614e-03 7.501853069770096226e+03
2.144204747493345248e-03 7.513833342150342105e+03
2.148158950281238953e-03 7.525829552442324712e+03
2.152120445152460888e-03 7.537841709277738119e+03
2.156089245554592207e-03 7.549869821250039422e+03
2.160065364960022348e-03 7.561913896914345059e+03
2.164048816865975916e-03 7.573973944787084292e+03
2.168039614794574702e-03 7.586049973346075603e+03
2.172037772292878446e-03 7.598141991030168356e+03
2.176043302932921270e-03 7.610250006239217328e+03
2.180056220311775862e-03 7.622374027333794402e+03
2.184076538051580793e-03 7.634514062635184018e+03
2.188104269799601674e-03 7.646670120425066671e+03
2.192139429228271916e-03 7.658842208945480706e+03
2.196182030035232630e-03 7.671030336398580403e+03
2.200232085943392910e-03 7.683234510946442242e+03
2.204289610700961057e-03 7.695454740711101294e+03
2.208354618081505294e-03 7.707691033774105563e+03
2.212427121883993666e-03 7.719943398140442696e+03
2.216507135932834372e-03 7.732211841596699742e+03
2.220594674077940381e-03 7.744496371832834484e+03
2.224689750194754588e-03 7.756796996496010252e+03
2.228792378184316601e-03 7.769113723190626843e+03
2.232902571973300471e-03 7.781446559477951268e+03
2.237020345514055888e-03 7.793795512876076828e+03
2.241145712784673241e-03 7.806160590859665717e+03
2.245278687789008763e-03 7.818541800859847172e+03
2.249419284556753058e-03 7.830939150264051932e+03
2.253567517143467962e-03 7.843352646415783056e+03
2.257723399630628611e-03 7.855782296614427651e+03
2.261886946125688490e-03 7.868228108115215946e+03
2.266058170762106760e-03 7.880690088128889329e+03
2.270237087699414607e-03 7.893168243821649412e+03
2.274423711123254709e-03 7.905662582314907922e+03
2.278618055245423303e-03 7.918173110685158463e+03
2.282820134303933501e-03 7.930699835963806436e+03
2.287029962563047383e-03 7.943242765136949856e+03
2.291247554313338448e-03 7.955801905145237470e+03
2.295472923871733247e-03 7.968377262883721414e+03
2.299706085581555183e-03 7.980968845201673503e+03
2.303947053812586965e-03 7.993576658902302370e+03
2.308195842961102261e-03 8.006200710742751653e+03
2.312452467449929890e-03 8.018841007433850791e+03
2.316716941728496747e-03 8.031497555639912207e+03
2.320989280272869014e-03 8.044170361933935055e+03
2.325269497585819370e-03 8.056859432619933614e+03
2.329557608196853886e-03 8.069564773884357237e+03
2.333853626662281845e-03 8.082286391864223333e+03
2.338157567565256074e-03 8.095024292647148286e+03
2.342469445515815013e-03 8.107778482270955465e+03
2.346789275150949934e-03 8.120548966723701596e+03
2.351117071134634865e-03 8.133335751943305695e+03
2.355452848157893811e-03 8.146138843817559973e+03
2.359796620938842387e-03 8.158958248183768774e+03
2.364148404222731620e-03 8.171793970828663987e+03
2.368508212782014302e-03 8.184646017488137659e+03
2.372876061416376216e-03 8.197514393847199244e+03
2.377251964952802488e-03 8.210399105539650918e+03
2.381635938245621389e-03 8.223300158148012997e+03
2.386027996176547702e-03 8.236217557203168326e+03
2.390428153654749078e-03 8.249151308184425943e+03
2.394836425616878994e-03 8.262101416519140912e+03
2.399252827027141804e-03 8.275067887582590629e+03
2.403677372877340013e-03 8.288050726697772916e+03
2.408110078186914173e-03 8.301049939135267778e+03
2.412550958003012707e-03 8.314065530113030036e+03
2.417000027400523568e-03 8.327097504796107387e+03
2.421457301482142326e-03 8.340145868296664048e+03
2.425922795378415101e-03 8.353210625673555114e+03
2.430396524247784105e-03 8.366291781920792346e+03
2.434878503276655722e-03 8.379389341876287290e+03
2.439368747679431740e-03 8.392503310269770736e+03
2.443867272698579604e-03 8.405633691775483385e+03
2.448374093604674482e-03 8.418780491012494167e+03
2.452889225696446539e-03 8.431943712544438313e+03
2.457412684300848155e-03 8.445123360879457323e+03
2.461944484773086889e-03 8.458319440469824258e+03
2.466484642496694860e-03 8.471531955711938281e+03
2.471033172883572993e-03 8.484760910946033619e+03
2.475590091374036978e-03 8.498006310455908533e+03
2.480155413436886235e-03 8.511268158468974434e+03
2.484729154569436868e-03 8.524546459155804769e+03
2.489311330297591923e-03 8.537841216630022245e+03
2.493901956175885188e-03 8.551152434948266091e+03
2.498501047787528902e-03 8.564480118109711839e+03
2.503108620744482274e-03 8.577824270056173191e+03
2.507724690687484874e-03 8.591184894671650909e+03
2.512349273286127761e-03 8.604561995782292797e+03
2.516982384238899018e-03 8.617955577156209984e+03
2.521624039273228420e-03 8.631365642503134950e+03
2.526274254145558125e-03 8.644792195474426990e+03
2.530933044641385608e-03 8.658235239662682943e+03
2.535600426575313534e-03 8.671694778601680810e+03
2.540276415791116547e-03 8.685170815762139682e+03
2.544961028161779430e-03 8.698663354347854693e+03
2.549654279589564764e-03 8.712172397198199178e+03
2.554356186006061930e-03 8.725697947065642438e+03
2.559066763372232645e-03 8.739240006639365674e+03
2.563786027678482526e-03 8.752798578545178316e+03
2.568513994944696208e-03 8.766373665345257905e+03
2.573250681220307610e-03 8.779965269537937274e+03
2.577996102584349802e-03 8.793573393557548115e+03
2.582750275145498375e-03 8.807198039774140852e+03
2.587513215042146469e-03 8.820839210493371866e+03
2.592284938442438163e-03 8.834496907956157884e+03
2.597065461544341338e-03 8.848171134338630509e+03
2.601854800575696246e-03 8.861861891751832445e+03
2.606652971794259747e-03 8.875569182241462840e+03
2.611459991487782070e-03 8.889293007787813622e+03
2.616275875974039770e-03 8.903033370305460267e+03
2.621100641600908158e-03 8.916790271643008964e+03
2.625934304746412040e-03 8.930563713583051140e+03
2.630776881818770382e-03 8.944353697841766916e+03
2.635628389256469174e-03 8.958160226068861448e+03
2.640488843528309565e-03 8.971983299847275703e+03
2.645358261133455135e-03 8.985822920692986372e+03
2.650236658601506923e-03 8.999679090054854896e+03
2.655124052492538120e-03 9.013551809309956298e+03
2.660020459397169097e-03 9.027441079728198019e+03
2.664925895936615108e-03 9.041346902490109642e+03
2.669840378762735299e-03 9.055269278707612102e+03
2.674763924558108165e-03 9.069208209424086817e+03
2.679696550036066247e-03 9.083163695614013704e+03
2.684638271940771592e-03 9.097135738182874775e+03
2.689589107047264324e-03 9.111124337966904932e+03
2.694549072161513386e-03 9.125129495732804571e+03
2.699518184120489397e-03 9.139151212177721391e+03
2.704496459792202386e-03 9.153189487928792005e+03
2.709483916075778112e-03 9.167244323543123755e+03
2.714480569901504912e-03 9.181315719507470931e+03
2.719486438230886600e-03 9.195403676238114713e+03
2.724501538056716202e-03 9.209508194080546673e+03
2.729525886403112375e-03 9.223629273309308701e+03
2.734559500325597914e-03 9.237766914127803830e+03
2.739602396911147882e-03 9.251921116668057948e+03
2.744654593278239053e-03 9.266091880990474237e+03
2.749716106576928411e-03 9.280279207083647634e+03
2.754786953988889574e-03 9.294483094864197483e+03
2.759867152727489559e-03 9.308703544176449213e+03
2.764956720037837785e-03 9.322940554792330659e+03
2.770055673196839853e-03 9.337194126361140661e+03
2.775164029513271704e-03 9.351464258150761452e+03
2.780281806327818215e-03 9.365750949236435190e+03
2.785409021013152131e-03 9.380054198616862777e+03
2.790545690973983070e-03 9.394374005214376666e+03
2.795691833647107830e-03 9.408710367874620715e+03
2.800847466501492789e-03 9.423063285366299169e+03
2.806012607038305129e-03 9.437432756381074796e+03
2.811187272790997838e-03 9.451818779533230554e+03
2.816371481325356113e-03 9.466221353359529530e+03
2.821565250239551140e-03 9.480640476318883884e+03
2.826768597164218150e-03 9.495076146792258442e+03
2.831981539762495458e-03 9.509528363082376018e+03
2.837204095730101652e-03 9.523997123413468216e+03
2.842436282795389804e-03 9.538482425931115358e+03
2.847678118719397782e-03 9.552984268702013651e+03
2.852929621295927608e-03 9.567502649713651408e+03
2.858190808351585357e-03 9.582037566874254480e+03
2.863461697745859659e-03 9.596589018012426095e+03
2.868742307371174166e-03 9.611157000877004975e+03
2.874032655152940902e-03 9.625741513136708818e+03
2.879332759049639187e-03 9.640342552380134293e+03
2.884642637052855108e-03 9.654960116097705395e+03
2.889962307187363046e-03 9.669594201511741630e+03
2.895291787511176419e-03 9.684244805648981128e+03
2.900631096115601892e-03 9.698911925451551724e+03
2.905980251125320907e-03 9.713595557778151488e+03
2.911339270698426115e-03 9.728295699404077823e+03
2.916708173026507245e-03 9.743012347020672678e+03
2.922086976334699673e-03 9.757745497235411676e+03
2.927475698881740369e-03 9.772495146571422083e+03
2.932874358960049863e-03 9.787261291467388219e+03
2.938282974895770842e-03 9.802043928277353189e+03
2.943701565048849680e-03 9.816843053270244127e+03
2.949130147813091955e-03 9.831658662630014078e+03
2.954568741616214050e-03 9.846490752455047186e+03
2.960017364919928593e-03 9.861339318758222362e+03
2.965476036219981751e-03 9.876204357466483998e+03
2.970944774046236497e-03 9.891085864420709186e+03
2.976423596962728124e-03 9.905983835375434865e+03
2.981912523567718017e-03 9.920898265998583156e+03
2.987411572493776056e-03 9.935829151871443173e+03
2.992920762407821813e-03 9.950776488488092582e+03
2.998440112011208254e-03 9.965740271254921026e+03
3.003969640039775950e-03 9.980720495392146404e+03
3.009509365263908151e-03 9.995717155815456863e+03
3.015059306488614057e-03 1.001073024732222075e+04
3.020619482553571749e-03 1.002575976461949904e+04
3.026189912333209723e-03 1.004080570232389073e+04
3.031770614736764569e-03 1.005586805496131092e+04
3.037361608708333445e-03 1.007094681696657790e+04
3.042962913226962985e-03 1.008604198268343680e+04
3.048574547306686158e-03 1.010115354636415395e+04
3.054196529996610308e-03 1.011628150216926406e+04
3.059828880380971363e-03 1.013142584416751924e+04
3.065471617579190646e-03 1.014658656633533246e+04
3.071124760745959879e-03 1.016176366255689209e+04
3.076788329071282815e-03 1.017695712662366714e+04
3.082462341780560673e-03 1.019216695223432362e+04
3.088146818134649817e-03 1.020739313299438072e+04
3.093841777429916402e-03 1.022263566241598892e+04
3.099547238998324409e-03 1.023789453391782990e+04
3.105263222207475544e-03 1.025316974082467823e+04
3.110989746460697709e-03 1.026846127636727942e+04
3.116726831197101817e-03 1.028376913367794077e+04
3.122474495891636864e-03 1.029909330560867602e+04
3.128232760055175369e-03 1.031443378465956630e+04
3.134001643234571918e-03 1.032979056321437929e+04
3.139781165012716941e-03 1.034516363355887734e+04
3.145571345008629088e-03 1.036055298788049549e+04
3.151372202877492090e-03 1.037595861826824148e+04
3.157183758310747566e-03 1.039138051671231187e+04
3.163006031036150970e-03 1.040681867510401571e+04
3.168839040817827968e-03 1.042227308523528336e+04
3.174682807456361607e-03 1.043774373879864288e+04
3.180537350788849998e-03 1.045323062738690351e+04
3.186402690688968330e-03 1.046873374249293374e+04
3.192278847067039124e-03 1.048425307550928301e+04
3.198165839870110733e-03 1.049978861772811433e+04
3.204063689082012421e-03 1.051534036034091150e+04
3.209972414723429816e-03 1.053090829443819530e+04
3.215892036851959561e-03 1.054649241100925428e+04
3.221822575562199951e-03 1.056209270094197200e+04
3.227764050985794300e-03 1.057770915502260505e+04
3.233716483291519846e-03 1.059334176393517373e+04
3.239679892685349335e-03 1.060899051819395572e+04
3.245654299410506531e-03 1.062465540804755801e+04
3.251639723747560759e-03 1.064033642361675447e+04
3.257636186014468103e-03 1.065603355491778893e+04
3.263643706566662916e-03 1.067174679186241701e+04
3.269662305797118966e-03 1.068747612425733132e+04
3.275692004136406248e-03 1.070322154180417419e+04
3.281732822052785530e-03 1.071898303409915934e+04
3.287784780052249983e-03 1.073476059063296998e+04
3.293847898678619289e-03 1.075055420079021314e+04
3.299922198513597759e-03 1.076636385384957612e+04
3.306007700176835477e-03 1.078218953898322252e+04
3.312104424326021979e-03 1.079803124525683234e+04
3.318212391656928748e-03 1.081388896162904894e+04
3.324331622903501596e-03 1.082976267695155184e+04
3.330462138837925277e-03 1.084565237996862925e+04
3.336603960270678564e-03 1.086155805931687428e+04
3.342757108050632264e-03 1.087747970352518314e+04
3.348921603065092151e-03 1.089341730101426401e+04
3.355097466239892641e-03 1.090937084007976409e+04
3.361284718539457941e-03 1.092534030862300824e+04
3.367483380966863633e-03 1.094132569419532228e+04
3.373693474563931646e-03 1.095732698422819340e+04
3.379915020411273629e-03 1.097334416604073522e+04
3.386148039628387226e-03 1.098937722683917491e+04
3.392392553373718093e-03 1.100542615371676220e+04
3.398648582844718876e-03 1.102149093365332374e+04
3.404916149277948962e-03 1.103757155351523943e+04
3.411195273949115675e-03 1.105366800005505866e+04
3.417485978173171856e-03 1.106978025991132927e+04
3.423788283304379180e-03 1.108590831960817923e+04
3.430102210736368003e-03 1.110205216555527659e+04
3.436427781902235377e-03 1.111821178404746934e+04
3.442765018274590583e-03 1.113438716126448344e+04
3.449113941365651841e-03 1.115057828327081916e+04
3.455474572727307465e-03 1.116678513601542181e+04
3.461846933951181343e-03 1.118300770533128707e+04
3.468231046668728348e-03 1.119924597693559554e+04
3.474626932551281178e-03 1.121549993642087429e+04
3.481034613310147931e-03 1.123176956910243462e+04
3.487454110696674558e-03 1.124805486003009355e+04
3.493885446502309911e-03 1.126435579412922925e+04
3.500328642558702026e-03 1.128067235620620522e+04
3.506783720737747124e-03 1.129700453094774275e+04
3.513250702951684588e-03 1.131335230292105734e+04
3.519729611153164621e-03 1.132971565657335304e+04
3.526220467335309822e-03 1.134609457623164963e+04
3.532723293531815807e-03 1.136248904610257523e+04
3.539238111816995439e-03 1.137889905027204259e+04
3.545764944305882481e-03 1.139532457270497434e+04
3.552303813154291875e-03 1.141176559724521758e+04
3.558854740558887834e-03 1.142822210761510723e+04
3.565417748757281416e-03 1.144469408741527513e+04
3.571992860028078663e-03 1.146118152012442988e+04
3.578580096690981219e-03 1.147768438909914039e+04
3.585179481106851810e-03 1.149420267757345937e+04
3.591791035677777567e-03 1.151073636865879052e+04
3.598414782847173671e-03 1.152728544525465259e+04
3.605050745099829326e-03 1.154384988982431787e+04
3.611698944962009241e-03 1.156042968463653960e+04
3.618359405001519979e-03 1.157702481183387317e+04
3.625032147827774148e-03 1.159363525343199763e+04
3.631717196091895777e-03 1.161026099131989031e+04
3.638414572486764129e-03 1.162690200725927389e+04
3.645124299747119073e-03 1.164355828288453085e+04
3.651846400649626581e-03 1.166022979970234701e+04
3.658580898012944206e-03 1.167691653909148954e+04
3.665327814697825169e-03 1.169361848230264150e+04
3.672087173607166497e-03 1.171033561045802344e+04
3.678858997686111805e-03 1.172706790455117516e+04
3.685643309922119817e-03 1.174381534544678652e+04
3.692440133345028120e-03 1.176057791388037003e+04
3.699249491027161146e-03 1.177735559045800619e+04
3.706071406083376145e-03 1.179414835565612157e+04
3.712905901671168570e-03 1.181095618982120504e+04
3.719753000990739297e-03 1.182777907307736677e+04
3.726612727285062276e-03 1.184461698512214389e+04
3.733485103839989487e-03 1.186146990546121197e+04
3.740370153984300811e-03 1.187833781346670366e+04
3.747267901089808544e-03 1.189522068837716688e+04
3.754178368571425058e-03 1.191211850929711909e+04
3.761101579887232618e-03 1.192903125519686728e+04
3.768037558538587899e-03 1.194595890491235332e+04
3.774986328070171863e-03 1.196290143714467922e+04
3.781947912070097312e-03 1.197985883046007802e+04
3.788922334169976536e-03 1.199683106328955364e+04
3.795909618044989407e-03 1.201381811392869895e+04
3.802909787413991799e-03 1.203081996053728835e+04
3.809922866039565457e-03 1.204783658113923957e+04
3.816948877728124686e-03 1.206486795362227895e+04
3.823987846329985740e-03 1.208191405573758129e+04
3.831039795739437075e-03 1.209897486509975533e+04
3.838104749894846474e-03 1.211605035918199064e+04
3.845182732778711782e-03 1.213314051525510695e+04
3.852273768417769761e-03 1.215024531040263355e+04
3.859377880883061579e-03 1.216736472156825403e+04
3.866495094290023013e-03 1.218449872555713227e+04
3.873625432798553838e-03 1.220164729903563057e+04
3.880768920613107166e-03 1.221881041853092211e+04
3.887925581982781820e-03 1.223598806043089462e+04
3.895095441201389553e-03 1.225318020098377565e+04
3.902278522607548726e-03 1.227038681629814891e+04
3.909474850584752394e-03 1.228760788234237043e+04
3.916684449561461112e-03 1.230484337494453757e+04
3.923907344011190977e-03 1.232209326979215984e+04
3.931143558452587783e-03 1.233935754243194060e+04
3.938393117449518095e-03 1.235663616826967700e+04
3.945656045611137773e-03 1.237392912256978161e+04
3.952932367591985643e-03 1.239123638045508596e+04
3.960222108092074575e-03 1.240855791686618068e+04
3.967525291856965203e-03 1.242589370600736584e+04
3.974841943677854400e-03 1.244324372148696239e+04
3.982172088391646401e-03 1.246060793675376408e+04
3.989515750881063826e-03 1.247798632510758216e+04
3.996872956074700584e-03 1.249537885969911986e+04
4.004243728947133769e-03 1.251278551352987779e+04
4.011628094518996518e-03 1.253020625945170286e+04
4.019026077857053465e-03 1.254764107016653907e+04
4.026437704074310037e-03 1.256508991822639473e+04
4.033862998330067090e-03 1.258255277603280047e+04
4.041301985830035408e-03 1.260002961583684737e+04
4.048754691826409423e-03 1.261752040973878138e+04
4.056221141617938342e-03 1.263502512968774136e+04
4.063701360550041504e-03 1.265254374748167174e+04
4.071195374014864761e-03 1.267007623476685876e+04
4.078703207451390630e-03 1.268762256303795584e+04
4.086224886345515492e-03 1.270518270367047444e+04
4.093760436230121577e-03 1.272275662799755446e+04
4.101309882685196667e-03 1.274034430722333673e+04
4.108873251337880929e-03 1.275794571240002188e+04
4.116450567862589213e-03 1.277556081442787945e+04
4.124041857981084781e-03 1.279318958405486046e+04
4.131647147462549560e-03 1.281083199187635910e+04
4.139266462123705574e-03 1.282848800833512541e+04
4.146899827828867853e-03 1.284615760372071418e+04
4.154547270490062394e-03 1.286384074816969223e+04
4.162208816067097285e-03 1.288153741166507098e+04
4.169884490567644236e-03 1.289924756403614447e+04
4.177574320047353074e-03 1.291697117495833481e+04
4.185278330609904646e-03 1.293470821395296480e+04
4.192996548407133990e-03 1.295245865038694865e+04
4.200728999639102325e-03 1.297022245347263561e+04
4.208475710554175110e-03 1.298799959221768768e+04
4.216236707449140010e-03 1.300579003524424297e+04
4.224012016669261536e-03 1.302359375095116229e+04
4.231801664608402479e-03 1.304141070757989655e+04
4.239605677709099366e-03 1.305924087321432125e+04
4.247424082462640527e-03 1.307708421578043999e+04
4.255256905409181452e-03 1.309494070304616798e+04
4.263104173137807242e-03 1.311281030262112472e+04
4.270965912286648833e-03 1.313069298195641386e+04
4.278842149542961930e-03 1.314858870834449044e+04
4.286732911643203331e-03 1.316649744891873524e+04
4.294638225373154095e-03 1.318441917065337111e+04
4.302558117567971581e-03 1.320235384036326286e+04
4.310492615112316954e-03 1.322030142470359169e+04
4.318441744940429775e-03 1.323826189016981698e+04
4.326405534036205196e-03 1.325623520309399828e+04
4.334384009433320598e-03 1.327422132928643441e+04
4.342377198215285894e-03 1.329222023370246643e+04
4.350385127515573637e-03 1.331023188105299050e+04
4.358407824517691008e-03 1.332825623588171584e+04
4.366445316455263952e-03 1.334629326256512468e+04
4.374497630612158607e-03 1.336434292531214669e+04
4.382564794322536816e-03 1.338240518816394069e+04
4.390646834970983632e-03 1.340048001499377460e+04
4.398743779992582772e-03 1.341856736950664890e+04
4.406855656873001625e-03 1.343666721523916931e+04
4.414982493148610077e-03 1.345477951555933760e+04
4.423124316406541225e-03 1.347290423366639516e+04
4.431281154284818016e-03 1.349104133259033006e+04
4.439453034472428707e-03 1.350919077519209168e+04
4.447639984709411860e-03 1.352735252416304320e+04
4.455842032786982120e-03 1.354552654217818963e+04
4.464059206547583113e-03 1.356371279244737707e+04
4.472291533885019293e-03 1.358191123821669134e+04
4.480539042744536606e-03 1.360012184256747059e+04
4.488801761122898810e-03 1.361834456841637075e+04
4.497079717068520194e-03 1.363657937851497445e+04
4.505372938681521076e-03 1.365482623544962917e+04
4.513681454113856184e-03 1.367308510164125983e+04
4.522005291569394445e-03 1.369135593934528515e+04
4.530344479304006591e-03 1.370963871065114836e+04
4.538699045625684859e-03 1.372793337748245722e+04
4.547069018894609772e-03 1.374623990159660025e+04
4.555454427523275042e-03 1.376455824458447751e+04
4.563855299976571703e-03 1.378288836787060245e+04
4.572271664771867042e-03 1.380123023271258353e+04
4.580703550479140775e-03 1.381958379901729859e+04
4.589150985721037086e-03 1.383794902221209122e+04
4.597613999173000808e-03 1.385632585654873037e+04
4.606092619563358082e-03 1.387471425607725359e+04
4.614586875673397891e-03 1.389311417464550505e+04
4.623096796337507371e-03 1.391152556589890992e+04
4.631622410443225583e-03 1.392994838328037440e+04
4.640163746931382296e-03 1.394838258002991824e+04
4.648720834796176045e-03 1.396682810918444375e+04
4.657293703085260000e-03 1.398528492357765936e+04
4.665882380899874678e-03 1.400375297583962129e+04
4.674486897394908649e-03 1.402223221839675898e+04
4.683107281779029518e-03 1.404072260347148767e+04
4.691743563314770653e-03 1.405922408308200647e+04
4.700395771318612720e-03 1.407773660927873607e+04
4.709063935161123329e-03 1.409626014015925466e+04
4.717748084267009943e-03 1.411479464039058075e+04
4.726448248115259522e-03 1.413334007483828464e+04
4.735164456239221789e-03 1.415189640823415175e+04
4.743896738226696837e-03 1.417046360517604626e+04
4.752645123720066096e-03 1.418904163012773643e+04
4.761409642416357391e-03 1.420763044741897647e+04
4.770190324067377641e-03 1.422623002124508821e+04
4.778987198479795265e-03 1.424484031566716840e+04
4.787800295515252068e-03 1.426346129461185410e+04
4.796629645090448243e-03 1.428209292187114625e+04
4.805475277177253396e-03 1.430073516110240416e+04
4.814337221802821899e-03 1.431938797582827465e+04
4.823215509049674429e-03 1.433805132938547649e+04
4.832110169055815058e-03 1.435672517924231397e+04
4.841021232014814518e-03 1.437540947178720671e+04
4.849948728175925566e-03 1.439410415196277427e+04
4.858892687844195736e-03 1.441280916448306925e+04
4.867853141380551474e-03 1.443152445383328086e+04
4.876830119201916100e-03 1.445024996426935104e+04
4.885823651781290473e-03 1.446898563981810366e+04
4.894833769647890902e-03 1.448773142427654420e+04
4.903860503387214194e-03 1.450648726121215805e+04
4.912903883641176438e-03 1.452525309396226112e+04
4.921963941108201471e-03 1.454402886563414177e+04
4.931040706543308484e-03 1.456281451910460601e+04
4.940134210758255137e-03 1.458160999701983565e+04
4.949244484621600007e-03 1.460041524199241576e+04
4.958371559058840500e-03 1.461923020529359383e+04
4.967515465052506525e-03 1.463805485032871002e+04
4.976676233642248967e-03 1.465688914128710348e+04
4.985853895924979330e-03 1.467573304224157619e+04
4.995048483054936525e-03 1.469458651714828193e+04
5.004260026243826515e-03 1.471344952984688098e+04
5.013488556760915121e-03 1.473232204406012170e+04
5.022734105933115631e-03 1.475120402339420070e+04
5.031996705145133642e-03 1.477009543133835905e+04
5.041276385839533851e-03 1.478899623126512961e+04
5.050573179516877967e-03 1.480790638643007333e+04
5.059887117735820117e-03 1.482682585997189199e+04
5.069218232113197921e-03 1.484575461491232454e+04
5.078566554324173872e-03 1.486469260803806719e+04
5.087932116102304725e-03 1.488363975248032330e+04
5.097314949239682876e-03 1.490259594214650315e+04
5.106715085587029170e-03 1.492156107040212919e+04
5.116132557053787444e-03 1.494053503014560920e+04
5.125567395608265041e-03 1.495951771380773607e+04
5.135019633277705664e-03 1.497850901335148774e+04
5.144489302148428159e-03 1.499750882027118860e+04
5.153976434365925390e-03 1.501651702559250771e+04
5.163481062134952712e-03 1.503553351987170390e+04
5.173003217719678894e-03 1.505455819319562397e+04
5.182542933443748563e-03 1.507359093518076770e+04
5.192100241690434000e-03 1.509263163497338610e+04
5.201675174902725338e-03 1.511168018519063116e+04
5.211267765583424243e-03 1.513073654927544158e+04
5.220878046295296566e-03 1.514980075253665564e+04
5.230506049661133930e-03 1.516887282256351136e+04
5.240151808363908113e-03 1.518795278717565998e+04
5.249815355146859527e-03 1.520704067442333144e+04
5.259496722813596960e-03 1.522613651258774735e+04
5.269195944228244159e-03 1.524524033018151931e+04
5.278913052315511827e-03 1.526435215594901456e+04
5.288648080060839862e-03 1.528347201886670518e+04
5.298401060510501449e-03 1.530259994814333550e+04
5.308172026771694994e-03 1.532173597322066053e+04
5.317961012012692446e-03 1.534088012377344239e+04
5.327768049462913019e-03 1.536003242321737162e+04
5.337593172413071518e-03 1.537919279341332185e+04
5.347436414215273742e-03 1.539836107512427043e+04
5.357297808283117101e-03 1.541753710618272817e+04
5.367177388091838933e-03 1.543672072370132446e+04
5.377075187178385896e-03 1.545591176407227249e+04
5.386991239141571824e-03 1.547511006296661435e+04
5.396925577642167071e-03 1.549431545533395911e+04
5.406878236403002587e-03 1.551352777540150601e+04
5.416849249209120844e-03 1.553274685667396261e+04
5.426838649907846958e-03 1.555197253193259894e+04
5.436846472408938744e-03 1.557120463323505282e+04
5.446872750684691664e-03 1.559044299191471328e+04
5.456917518770032505e-03 1.560968746891040064e+04
5.466980810762675502e-03 1.562893808662946140e+04
5.477062660823192597e-03 1.564819492159928268e+04
5.487163103175170427e-03 1.566745805087180815e+04
5.497282172105307473e-03 1.568672755198814048e+04
5.507419901963515538e-03 1.570600350297899058e+04
5.517576327163075008e-03 1.572528598236544167e+04
5.527751482180704237e-03 1.574457506915930935e+04
5.537945401556721749e-03 1.576387084286383288e+04
5.548158119895139906e-03 1.578317338347399163e+04
5.558389671863770733e-03 1.580248277147733825e+04
5.568640092194378569e-03 1.582179908785428961e+04
5.578909415682758999e-03 1.584112240798304265e+04
5.589197677188888908e-03 1.586045266068940145e+04
5.599504911637034031e-03 1.587978962356020565e+04
5.609831154015846970e-03 1.589913306631686646e+04
5.620176439378526782e-03 1.591848275765873223e+04
5.630540802842894446e-03 1.593783846526232446e+04
5.640924279591547248e-03 1.595719995578058843e+04
5.651326904871966338e-03 1.597656699484243109e+04
5.661748713996614737e-03 1.599593934705190804e+04
5.672189742343101276e-03 1.601531677598780698e+04
5.682650025354251712e-03 1.603469904420299281e+04
5.693129598538270927e-03 1.605408591322380016e+04
5.703628497468845281e-03 1.607347714571990400e+04
5.714146757785246687e-03 1.609287263154147149e+04
5.724684415192494817e-03 1.611227245785080231e+04
5.735241505461428219e-03 1.613167672924751605e+04
5.745818064428872586e-03 1.615108555096624696e+04
5.756414127997738772e-03 1.617049902887718963e+04
5.767029732137132075e-03 1.618991726948636278e+04
5.777664912882511834e-03 1.620934037993653146e+04
5.788319706335768623e-03 1.622876846800720523e+04
5.798994148665386449e-03 1.624820164211578413e+04
5.809688276106550302e-03 1.626764001131768964e+04
5.820402124961249375e-03 1.628708368530708685e+04
5.831135731598441861e-03 1.630653277023220835e+04
5.841889132454132147e-03 1.632598723605981104e+04
5.852662364031535613e-03 1.634544688859245252e+04
5.863455462901178382e-03 1.636491152312298618e+04
5.874268465701031755e-03 1.638438093408426357e+04
5.885101409136623239e-03 1.640385491504843594e+04
5.895954329981168383e-03 1.642333325872701971e+04
5.906827265075709557e-03 1.644281575697014705e+04
5.917720251329224371e-03 1.646230220076649493e+04
5.928633325718760984e-03 1.648179238024275401e+04
5.939566525289544791e-03 1.650128608466361402e+04
5.950519887155119800e-03 1.652078310243133456e+04
5.961493448497482209e-03 1.654028323347582409e+04
5.972487246567192293e-03 1.655978637930806508e+04
5.983501318683512316e-03 1.657929249161740154e+04
5.994535702234511480e-03 1.659880152236305003e+04
6.005590434677209044e-03 1.661831342342163771e+04
6.016665553537713096e-03 1.663782814658756615e+04
6.027761096411328109e-03 1.665734564357260751e+04
6.038877100962694588e-03 1.667686586600669398e+04
6.050013604925894017e-03 1.669638876543733932e+04
6.061170646104620599e-03 1.671591429333044653e+04
6.072348262372256715e-03 1.673544240106996222e+04
6.083546491672048133e-03 1.675497303979983553e+04
6.094765372017212426e-03 1.677450615101299991e+04
6.106004941491050865e-03 1.679404166119777801e+04
6.117265238247120152e-03 1.681357949536187880e+04
6.128546300509312220e-03 1.683311957831135078e+04
6.139848166572026839e-03 1.685266183465072390e+04
6.151170874800286105e-03 1.687220618878309688e+04
6.162514463629840261e-03 1.689175256491009713e+04
6.173878971567348974e-03 1.691130088703233559e+04
6.185264437190455059e-03 1.693085107894913745e+04
6.196670899147965761e-03 1.695040306425900417e+04
6.208098396159958572e-03 1.696995676635778727e+04
6.219546967017900059e-03 1.698951210717507274e+04
6.231016650584816734e-03 1.700906900490218322e+04
6.242507485795379188e-03 1.702862737689672576e+04
6.254019511656078167e-03 1.704818714029110197e+04
6.265552767245337329e-03 1.706774821199254802e+04
6.277107291713626865e-03 1.708731050868348757e+04
6.288683124283641311e-03 1.710687394682134254e+04
6.300280304250381949e-03 1.712643844263894061e+04
6.311898870981334612e-03 1.714600391214460615e+04
6.323538863916583312e-03 1.716557027112218566e+04
6.335200322568925596e-03 1.718513743513272129e+04
6.346883286524053827e-03 1.720470532051106420e+04
6.358587795440632379e-03 1.722427384612373862e+04
6.370313889050484117e-03 1.724384293110065482e+04
6.382061607158701425e-03 1.726341249436770522e+04
6.393830989643763292e-03 1.728298245464606589e+04
6.405622076457714864e-03 1.730255273045311333e+04
6.417434907626255042e-03 1.732212324010236625e+04
6.429269523248911690e-03 1.734169390170348925e+04
6.441125963499163935e-03 1.736126463316274385e+04
6.453004268624555791e-03 1.738083535218291217e+04
6.464904478946880036e-03 1.740040597618256652e+04
6.476826634862261484e-03 1.741997641762702915e+04
6.488770776841339127e-03 1.743954658146279689e+04
6.500736945429388437e-03 1.745911637176019576e+04
6.512725181246433251e-03 1.747868569232994923e+04
6.524735524987434858e-03 1.749825444672329468e+04
6.536768017422372665e-03 1.751782253823234714e+04
6.548822699396433279e-03 1.753738986989037221e+04
6.560899611830126738e-03 1.755695634447184057e+04
6.572998795719406200e-03 1.757652186449264627e+04
6.585120292135851830e-03 1.759608633221055788e+04
6.597264142226761871e-03 1.761564964986073392e+04
6.609430387215333054e-03 1.763521172148631013e+04
6.621619068400784631e-03 1.765477245195265641e+04
6.633830227158477207e-03 1.767433174589176633e+04
6.646063904940097480e-03 1.769388950769357689e+04
6.658320143273751927e-03 1.771344564150631049e+04
6.670598983764147206e-03 1.773300005123648589e+04
6.682900468092716796e-03 1.775255264054945656e+04
6.695224638017738088e-03 1.777210331286950532e+04
6.707571535374524940e-03 1.779165197138028452e+04
6.719941202075514416e-03 1.781119851916188782e+04
6.732333680110455000e-03 1.783074286628836853e+04
6.744749011546529761e-03 1.785028493330532365e+04
6.757187238528480390e-03 1.786982464145679478e+04
6.769648403278795412e-03 1.788936191183025585e+04
6.782132548097798662e-03 1.790889666535676224e+04
6.794639715363845305e-03 1.792842882281152924e+04
6.807169947533439798e-03 1.794795830481396115e+04
6.819723287141359926e-03 1.796748503182818968e+04
6.832299776800855422e-03 1.798700892416290299e+04
6.844899459203728637e-03 1.800652990194978338e+04
6.857522377120534030e-03 1.802604787365347875e+04
6.870168573400700467e-03 1.804556271722472229e+04
6.882838090972656121e-03 1.806507430535054664e+04
6.895530972844023630e-03 1.808458251036221554e+04
6.908247262101706830e-03 1.810408720423509658e+04
6.920987001912092852e-03 1.812358825858961427e+04
6.933750235521170084e-03 1.814308554469141018e+04
6.946537006254657406e-03 1.816257893345148841e+04
6.959347357518202819e-03 1.818206829542720152e+04
6.972181332797470175e-03 1.820155350083222947e+04
6.985038975658336945e-03 1.822103442934521445e+04
6.997920329747025180e-03 1.824051098852103678e+04
7.010825438790221215e-03 1.825998309075147699e+04
7.023754346595281230e-03 1.827945064826021917e+04
7.036707097050317120e-03 1.829891357310323656e+04
7.049683734124399456e-03 1.831837177716910082e+04
7.062684301867682389e-03 1.833782517217946224e+04
7.075708844411533749e-03 1.835727366968927527e+04
7.088757405968734542e-03 1.837671718108718778e+04
7.101830030833570888e-03 1.839615561754900773e+04
7.114926763382034385e-03 1.841558888473800835e+04
7.128047648071953075e-03 1.843501687790934011e+04
7.141192729443120689e-03 1.845443949093631818e+04
7.154362052117493528e-03 1.847385661745732068e+04
7.167555660799291954e-03 1.849326815087602881e+04
7.180773600275195540e-03 1.851267398436185977e+04
7.194015915414479247e-03 1.853207401085059973e+04
7.207282651169139194e-03 1.855146812304476771e+04
7.220573852574098221e-03 1.857085621341387377e+04
7.233889564747302166e-03 1.859023817414989753e+04
7.247229832889920224e-03 1.860961389644124574e+04
7.260594702286472454e-03 1.862898327059622534e+04
7.273984218304998042e-03 1.864834618666597453e+04
7.287398426397184541e-03 1.866770253446505012e+04
7.300837372098538738e-03 1.868705220357183862e+04
7.314301101028556663e-03 1.870639508332904006e+04
7.327789658890854554e-03 1.872573106284403184e+04
7.341303091473340599e-03 1.874506003098955625e+04
7.354841444648346771e-03 1.876438187640428805e+04
7.368404764372799703e-03 1.878369648824361866e+04
7.381993096688391556e-03 1.880300375806947704e+04
7.395606487721714459e-03 1.882230357780324266e+04
7.409244983684432247e-03 1.884159583915055555e+04
7.422908630873412301e-03 1.886088043360167285e+04
7.436597475670901625e-03 1.888015725243201814e+04
7.450311564544697708e-03 1.889942618670267257e+04
7.464050944048281240e-03 1.891868712726096419e+04
7.477815660820993048e-03 1.893793996474105006e+04
7.491605761588159863e-03 1.895718458841858228e+04
7.505421293161306830e-03 1.897642087449424434e+04
7.519262302438254643e-03 1.899564869081519646e+04
7.533128836403335526e-03 1.901486790480283526e+04
7.547020942127522468e-03 1.903407838357824585e+04
7.560938666768574935e-03 1.905327999396276209e+04
7.574882057571246177e-03 1.907247260247883969e+04
7.588851161867385571e-03 1.909165607535053277e+04
7.602846027076150259e-03 1.911083027850429789e+04
7.616866700704147397e-03 1.912999507831816300e+04
7.630913230345565991e-03 1.914915036159711235e+04
7.644985663682398944e-03 1.916829603782521008e+04
7.659084048484539331e-03 1.918743201755089467e+04
7.673208432609997243e-03 1.920655821121014742e+04
7.687358864005040295e-03 1.922567452912705994e+04
7.701535390704330672e-03 1.924478088151413976e+04
7.715738060831145440e-03 1.926387717847320528e+04
7.729966922597476288e-03 1.928296332999537117e+04
7.744222024304247241e-03 1.930203924522217130e+04
7.758503414341455170e-03 1.932110480365954936e+04
7.772811141188312040e-03 1.934015984576641131e+04
7.787145253413463482e-03 1.935920420898086741e+04
7.801505799675090280e-03 1.937823773035084014e+04
7.815892828721129545e-03 1.939726024653527929e+04
7.830306389389415228e-03 1.941627159380498415e+04
7.844746530607821233e-03 1.943527160804341838e+04
7.859213301394486068e-03 1.945426012474791787e+04
7.873706750857906514e-03 1.947323698010557564e+04
7.888226928197171819e-03 1.949220203815335481e+04
7.902773882702097269e-03 1.951115519300027154e+04
7.917347663753371637e-03 1.953009634010034642e+04
7.931948320822780965e-03 1.954902537476355428e+04
7.946575903473312649e-03 1.956794219215622434e+04
7.961230461359379215e-03 1.958684668730178964e+04
7.975912044226962302e-03 1.960573875508131459e+04
7.990620701913753177e-03 1.962461829023434984e+04
8.005356484349392121e-03 1.964348518604805940e+04
8.020119441555553438e-03 1.966233932156751325e+04
8.034909623646191781e-03 1.968118056705961499e+04
8.049727080827672257e-03 1.970000879243906456e+04
8.064571863398926552e-03 1.971882386739000503e+04
8.079444021751674976e-03 1.973762566136727037e+04
8.094343606370534017e-03 1.975641404359684020e+04
8.109270667833248791e-03 1.977518888307655288e+04
8.124225256810831824e-03 1.979395004857754247e+04
8.139207424067717439e-03 1.981269740814585748e+04
8.154217220461990739e-03 1.983143082782764395e+04
8.169254696945489960e-03 1.985015017304242429e+04
8.184319904564042389e-03 1.986885530897624631e+04
8.199412894457608347e-03 1.988754610058226535e+04
8.214533717860437317e-03 1.990622241258191934e+04
8.229682426101288251e-03 1.992488410946586009e+04
8.244859070603549264e-03 1.994353105549481552e+04
8.260063702885461420e-03 1.996216311504233090e+04
8.275296374560276585e-03 1.998078015938177123e+04
8.290557137336397944e-03 1.999938206632685251e+04
8.305846043017624594e-03 2.001796871378265496e+04
8.321163143503250426e-03 2.003653997948249889e+04
8.336508490788308717e-03 2.005509574098905432e+04
8.351882136963714384e-03 2.007363587569546507e+04
8.367284134216423572e-03 2.009216026082555982e+04
8.382714534829664374e-03 2.011066877341498184e+04
8.398173391183044387e-03 2.012916127719113138e+04
8.413660755752798773e-03 2.014763759993410713e+04
8.429176681111932509e-03 2.016609756306350391e+04
8.444721219930373043e-03 2.018454098763373622e+04
8.460294424975221828e-03 2.020296769433524969e+04
8.475896349110844524e-03 2.022137750349587441e+04
8.491527045299131216e-03 2.023977023508231650e+04
8.507186566599633445e-03 2.025814570870128227e+04
8.522874966169732489e-03 2.027650375286840062e+04
8.538592297264866599e-03 2.029484425191372793e+04
8.554338613238655908e-03 2.031316711107784067e+04
8.570113967543134884e-03 2.033147223559565464e+04
8.585918413728908447e-03 2.034975953065996509e+04
8.601752005445316776e-03 2.036802890142257456e+04
8.617614796440662556e-03 2.038628025299478395e+04
8.633506840562341078e-03 2.040451349044794551e+04
8.649428191757070963e-03 2.042272851732929485e+04
8.665378904071055488e-03 2.044092522262618513e+04
8.681359031650143915e-03 2.045910348702373813e+04
8.697368628740069149e-03 2.047726319099131069e+04
8.713407749686565701e-03 2.049540421487595449e+04
8.729476448935619484e-03 2.051352643890342733e+04
8.745574781033615269e-03 2.053162974317889893e+04
8.761702800627510154e-03 2.054971400768812236e+04
8.777860562465066019e-03 2.056777910704062015e+04
8.794048121394974424e-03 2.058582485849214936e+04
8.810265532367101207e-03 2.060385104381433484e+04
8.826512850432651283e-03 2.062185744381144832e+04
8.842790130744317828e-03 2.063984383883111150e+04
8.859097428556545958e-03 2.065781000876617327e+04
8.875434799225633345e-03 2.067575573305669604e+04
8.891802298209995625e-03 2.069368079069204759e+04
8.908199981070320794e-03 2.071158496526670933e+04
8.924627903469727064e-03 2.072946808142828013e+04
8.941086121174023071e-03 2.074732998388375563e+04
8.957574690051818903e-03 2.076517051726703357e+04
8.974093666074781095e-03 2.078298952600107077e+04
8.990643105317788764e-03 2.080078685429910911e+04
9.007223063959134829e-03 2.081856234616626170e+04
9.023833598280701224e-03 2.083631584540080439e+04
9.040474764668156651e-03 2.085404720904878195e+04
9.057146619611169958e-03 2.087175635454988878e+04
9.073849219703578398e-03 2.088944321642003706e+04
9.090582621643594069e-03 2.090710772928295410e+04
9.107346882233968710e-03 2.092474982786892724e+04
9.124142058382208806e-03 2.094236944701579341e+04
9.140968207100778550e-03 2.095996652166902277e+04
9.157825385507280258e-03 2.097754098641228848e+04
9.174713650824650388e-03 2.099509272491238153e+04
9.191633060381329545e-03 2.101262152463207167e+04
9.208583671611512284e-03 2.103012716200959039e+04
9.225565542055275473e-03 2.104760941306743916e+04
9.242578729358836773e-03 2.106506805341501968e+04
9.259623291274715964e-03 2.108250285825056562e+04
9.276699285661913624e-03 2.109991360236343826e+04
9.293806770486166130e-03 2.111730006434161623e+04
9.310945803820068825e-03 2.113466207139152903e+04
9.328116443843336228e-03 2.115199948217620476e+04
9.345318748842977238e-03 2.116931215576703107e+04
9.362552777213459937e-03 2.118659995111662647e+04
9.379818587456982201e-03 2.120386272705991723e+04
9.397116238183580994e-03 2.122110034231583631e+04
9.414445788111413388e-03 2.123831265551165416e+04
9.431807296066921364e-03 2.125549953235213979e+04
9.449200820984994878e-03 2.127266085579030550e+04
9.466626421909256350e-03 2.128979651130789352e+04
9.484084157992164754e-03 2.130690638436416339e+04
9.501574088495298373e-03 2.132399036039711791e+04
9.519096272789519600e-03 2.134104832482456186e+04
9.536650770355151879e-03 2.135808016304518242e+04
9.554237640782245120e-03 2.137508574971196140e+04
9.571856943770704063e-03 2.139206487435427334e+04
9.589508739130555431e-03 2.140901728565779922e+04
9.607193086782124872e-03 2.142594273161496312e+04
9.624910046756210424e-03 2.144284095977472316e+04
9.642659679194353142e-03 2.145971171724537271e+04
9.660442044348963725e-03 2.147655475069740714e+04
9.678257202583596605e-03 2.149336980793363182e+04
9.696105214373126890e-03 2.151015667589816803e+04
9.713986140303918632e-03 2.152691518288135558e+04
9.731900041074109317e-03 2.154364515898546961e+04
9.749846977493731304e-03 2.156034643415178653e+04
9.767827010484987638e-03 2.157701883816230838e+04
9.785840201082430731e-03 2.159366220064197842e+04
9.803886610433139304e-03 2.161027635147194087e+04
9.821966299796995939e-03 2.162686115911450906e+04
9.840079330546813718e-03 2.164341656193347444e+04
9.858225764168615513e-03 2.165994250581667802e+04
9.876405662261812657e-03 2.167643893685803414e+04
9.894619086539385364e-03 2.169290580135755226e+04
9.912866098828158543e-03 2.170934304582193727e+04
9.931146761068937109e-03 2.172575061676755286e+04
9.949461135316780072e-03 2.174212839229971360e+04
9.967809283741187881e-03 2.175847608139395379e+04
9.986191268626277637e-03 2.177479336692676588e+04
1.000460715237106064e-02 2.179107993119631283e+04
1.002305699748960201e-02 2.180733545592584414e+04
1.004154086661125655e-02 2.182355962226849442e+04
1.006005882248087527e-02 2.183975211099580702e+04
1.007861092795901518e-02 2.185591269710012057e+04
1.009719724602217011e-02 2.187204140446860401e+04
1.011581783976295799e-02 2.188813829790113959e+04
1.013447277239034987e-02 2.190420344277436016e+04
1.015316210722988499e-02 2.192023690503980106e+04
1.017188590772388074e-02 2.193623875122252139e+04
1.019064423743165984e-02 2.195220904746141241e+04
1.020943716002974642e-02 2.196814767455191759e+04
1.022826473931209672e-02 2.198405410648153702e+04
1.024712703919031069e-02 2.199992776226313072e+04
1.026602412369384543e-02 2.201576805961590435e+04
1.028495605697025278e-02 2.203157441497385662e+04
1.030392290328536672e-02 2.204734624349414662e+04
1.032292472702353928e-02 2.206308296598636662e+04
1.034196159268785040e-02 2.207878435465717848e+04
1.036103356490035085e-02 2.209445069503656123e+04
1.038014070840224436e-02 2.211008231439758310e+04
1.039928308805413218e-02 2.212567954134869433e+04
1.041846076883623171e-02 2.214124270582779718e+04
1.043767381584857941e-02 2.215677213909658531e+04
1.045692229431128585e-02 2.217226813849639439e+04
1.047620626956472130e-02 2.218773045329742308e+04
1.049552580706975512e-02 2.220315839795899592e+04
1.051488097240797781e-02 2.221855127355901641e+04
1.053427183128191093e-02 2.223390837963276863e+04
1.055369844951526206e-02 2.224922901418355832e+04
1.057316089305310874e-02 2.226451247369325938e+04
1.059265922796214301e-02 2.227975816696594484e+04
1.061219352043089523e-02 2.229496611037290859e+04
1.063176383676995088e-02 2.231013652342473506e+04
1.065137024341219867e-02 2.232526962679593998e+04
1.067101280691301786e-02 2.234036564218394415e+04
1.069069159395053328e-02 2.235542479230501340e+04
1.071040667132583390e-02 2.237044729835112230e+04
1.073015810596319314e-02 2.238543318136269590e+04
1.074994596491031344e-02 2.240038211900871829e+04
1.076977031533853449e-02 2.241529375484212505e+04
1.078963122454306735e-02 2.243016773187662693e+04
1.080952875994322868e-02 2.244500369259216313e+04
1.082946298908265582e-02 2.245980127893993995e+04
1.084943397962956704e-02 2.247456014685642731e+04
1.086944179937694883e-02 2.248928007095757130e+04
1.088948651624281616e-02 2.250396088416508428e+04
1.090956819827042582e-02 2.251860241979584316e+04
1.092968691362853489e-02 2.253320451116240656e+04
1.094984273061159509e-02 2.254776699157507392e+04
1.097003571764000422e-02 2.256228969426493859e+04
1.099026594326034389e-02 2.257677244693873217e+04
1.101053347614559461e-02 2.259121506826285622e+04
1.103083838509539248e-02 2.260561737603993242e+04
1.105118073903624092e-02 2.261997918804263827e+04
1.107156060702175343e-02 2.263430032201653012e+04
1.109197805823288786e-02 2.264858059568246244e+04
1.111243316197817535e-02 2.266281982567922023e+04
1.113292598769398054e-02 2.267701782344619642e+04
1.115345660494470106e-02 2.269117439881213431e+04
1.117402508342302259e-02 2.270528936157210046e+04
1.119463149295015642e-02 2.271936252149023130e+04
1.121527590347606851e-02 2.273339368830256353e+04
1.123595838507973621e-02 2.274738267065363834e+04
1.125667900796935988e-02 2.276132926272780605e+04
1.127743784248261272e-02 2.277523324827037504e+04
1.129823495908688358e-02 2.278909441071920810e+04
1.131907042837950600e-02 2.280291253343527569e+04
1.133994432108802533e-02 2.281668739970631214e+04
1.136085670807039302e-02 2.283041879324732872e+04
1.138180766031524765e-02 2.284410651840826176e+04
1.140279724894213004e-02 2.285775040724289283e+04
1.142382554520173996e-02 2.287135029379872503e+04
1.144489262047618076e-02 2.288490601218652228e+04
1.146599854627918143e-02 2.289841739658301231e+04
1.148714339425636020e-02 2.291188428117643343e+04
1.150832723618544842e-02 2.292530649081832598e+04
1.152955014397656457e-02 2.293868383057733081e+04
1.155081218967242244e-02 2.295201610301684923e+04
1.157211344544860007e-02 2.296530311070542302e+04
1.159345398361377039e-02 2.297854465621939744e+04
1.161483387660995625e-02 2.299174054212987176e+04
1.163625319701278200e-02 2.300489055742583514e+04
1.165771201753170068e-02 2.301799445292253586e+04
1.167921041101025424e-02 2.303105197269350538e+04
1.170074845042631817e-02 2.304406286070475107e+04
1.172232620889234085e-02 2.305702686081929278e+04
1.174394375965562461e-02 2.306994371683260761e+04
1.176560117609852345e-02 2.308281323667374454e+04
1.178729853173873104e-02 2.309563542783960656e+04
1.180903590022951144e-02 2.310841033695082660e+04
1.183081335535995579e-02 2.312113801120948119e+04
1.185263097105524431e-02 2.313381849839774441e+04
1.187448882137687005e-02 2.314645184667214926e+04
1.189638698052291298e-02 2.315903791968170117e+04
1.191832552282828112e-02 2.317157605452707867e+04
1.194030452276496207e-02 2.318406549427752179e+04
1.196232405494229711e-02 2.319650548085534683e+04
1.198438419410720150e-02 2.320889525505107304e+04
1.200648501514443335e-02 2.322123405832285061e+04
1.202862659307685732e-02 2.323352147296160547e+04
1.205080900306567705e-02 2.324575782697216346e+04
1.207303232041072663e-02 2.325794354795621985e+04
1.209529662055068046e-02 2.327007906492451002e+04
1.211760197906334297e-02 2.328216480828688509e+04
1.213994847166588453e-02 2.329420120133123055e+04
1.216233617421512772e-02 2.330618825267921420e+04
1.218476516270776758e-02 2.331812537564061131e+04
1.220723551328065093e-02 2.333001193689688080e+04
1.222974730221103486e-02 2.334184730233144364e+04
1.225230060591683476e-02 2.335363083704256496e+04
1.227489550095690538e-02 2.336536192806183681e+04
1.229753206403127672e-02 2.337704033161616462e+04
1.232021037198141947e-02 2.338866610504006530e+04
1.234293050179051908e-02 2.340023931504777647e+04
1.236569253058371516e-02 2.341176002900462845e+04
1.238849653562840158e-02 2.342322831492464320e+04
1.241134259433444159e-02 2.343464419959212319e+04
1.243423078425445923e-02 2.344600744933236274e+04
1.245716118308409434e-02 2.345731773012870690e+04
1.248013386866226627e-02 2.346857470762434241e+04
1.250314891897145488e-02 2.347977804733798985e+04
1.252620641213793122e-02 2.349092741479880351e+04
1.254930642643205252e-02 2.350202250759657545e+04
1.257244904026851018e-02 2.351306309768733990e+04
1.259563433220660215e-02 2.352404896761680720e+04
1.261886238095051745e-02 2.353497990005643078e+04
1.264213326534956681e-02 2.354585567780760175e+04
1.266544706439847595e-02 2.355667608514740641e+04
1.268880385723764916e-02 2.356744092847736465e+04
1.271220372315342781e-02 2.357815003233970128e+04
1.273564674157838875e-02 2.358880322202313619e+04
1.275913299209157324e-02 2.359940032304129636e+04
1.278266255441878364e-02 2.360994116113617565e+04
1.280623550843284011e-02 2.362042555884131070e+04
1.282985193415387901e-02 2.363085332609783291e+04
1.285351191174958704e-02 2.364122427007001534e+04
1.287721552153549623e-02 2.365153819813031805e+04
1.290096284397524926e-02 2.366179491786289509e+04
1.292475395968086839e-02 2.367199423712603675e+04
1.294858894941306078e-02 2.368213596520568899e+04
1.297246789408143877e-02 2.369221991274632819e+04
1.299639087474483562e-02 2.370224589066725093e+04
1.302035797261156570e-02 2.371221371012238887e+04
1.304436926903969861e-02 2.372212318249379678e+04
1.306842484553735230e-02 2.373197409346467975e+04
1.309252478376294639e-02 2.374176614690829592e+04
1.311666916552548662e-02 2.375149903060220095e+04
1.314085807278485285e-02 2.376117243237711227e+04
1.316509158765205925e-02 2.377078604012361757e+04
1.318936979238956655e-02 2.378033955637841063e+04
1.321369276941151798e-02 2.378983284190041741e+04
1.323806060128404280e-02 2.379926585468114354e+04
1.326247337072553739e-02 2.380863855461945423e+04
1.328693116060693236e-02 2.381795090212627110e+04
1.331143405395200825e-02 2.382720285596561371e+04
1.333598213393762631e-02 2.383639425589184611e+04
1.336057548389404763e-02 2.384552476222771293e+04
1.338521418730520031e-02 2.385459402051580400e+04
1.340989832780898477e-02 2.386360167634005484e+04
1.343462798919752010e-02 2.387254737533549269e+04
1.345940325541746148e-02 2.388143078029677781e+04
1.348422421057026907e-02 2.389025161233184917e+04
1.350909093891248906e-02 2.389900960511195808e+04
1.353400352485607111e-02 2.390770449251694663e+04
1.355896205296861293e-02 2.391633600864181426e+04
1.358396660797367081e-02 2.392490391722476124e+04
1.360901727475104239e-02 2.393340819100642693e+04
1.363411413833704941e-02 2.394184889355005726e+04
1.365925728392485168e-02 2.395022608947290064e+04
1.368444679686469864e-02 2.395853984408493125e+04
1.370968276266423813e-02 2.396679020033601046e+04
1.373496526698881302e-02 2.397497688331149038e+04
1.376029439566173358e-02 2.398309938592603430e+04
1.378567023466460012e-02 2.399115719573081151e+04
1.381109287013755627e-02 2.399914980019871655e+04
1.383656238837960295e-02 2.400707669379153594e+04
1.386207887584889331e-02 2.401493755323570440e+04
1.388764241916300851e-02 2.402273224970746378e+04
1.391325310509928907e-02 2.403046066428735867e+04
1.393891102059508294e-02 2.403812267853579760e+04
1.396461625274806814e-02 2.404571817414078760e+04
1.399036888881654422e-02 2.405324701750798704e+04
1.401616901621971500e-02 2.406070905380184558e+04
1.404201672253802685e-02 2.406810412704938426e+04
1.406791209551340634e-02 2.407543208172199957e+04
1.409385522304960024e-02 2.408269276254981014e+04
1.411984619321245311e-02 2.408988600274516648e+04
1.414588509423023686e-02 2.409701161705137929e+04
1.417197201449390577e-02 2.410406941896515127e+04
1.419810704255742607e-02 2.411105922240806467e+04
1.422429026713807089e-02 2.411798084092419958e+04
1.425052177711671163e-02 2.412483403498450207e+04
1.427680166153815107e-02 2.413161847940886946e+04
1.430313000961137664e-02 2.413833384153092993e+04
1.432950691070990386e-02 2.414497978897119174e+04
1.435593245437205567e-02 2.415155599201263976e+04
1.438240673030127814e-02 2.415806224133984142e+04
1.440892982836645790e-02 2.416449850264946872e+04
1.443550183860219105e-02 2.417086475600987615e+04
1.446212285120911968e-02 2.417716098213689111e+04
1.448879295655422332e-02 2.418338715698326632e+04
1.451551224517113117e-02 2.418954308811745068e+04
1.454228080776043958e-02 2.419562838527385975e+04
1.456909873518999823e-02 2.420164264715557874e+04
1.459596611849522767e-02 2.420758547274387820e+04
1.462288304887943494e-02 2.421345647075756278e+04
1.464984961771411028e-02 2.421925541458322186e+04
1.467686591653926710e-02 2.422498221751206438e+04
1.470393203706370742e-02 2.423063679786497232e+04
1.473104807116536533e-02 2.423621907458045462e+04
1.475821411089161227e-02 2.424172895498347134e+04
1.478543024845955373e-02 2.424716623280800923e+04
1.481269657625638655e-02 2.425253064004978660e+04
1.484001318683965225e-02 2.425782190854062719e+04
1.486738017293759428e-02 2.426303977058108285e+04
1.489479762744944785e-02 2.426818398891815013e+04
1.492226564344579197e-02 2.427325447184190489e+04
1.494978431416881665e-02 2.427825117209033124e+04
1.497735373303266809e-02 2.428317404308305049e+04
1.500497399362376791e-02 2.428802303843057598e+04
1.503264518970110972e-02 2.429279798722933265e+04
1.506036741519661479e-02 2.429749842755426653e+04
1.508814076421540785e-02 2.430212385640811408e+04
1.511596533103616059e-02 2.430667377113553812e+04
1.514384121011140907e-02 2.431114767801556445e+04
1.517176849606786428e-02 2.431554530885957502e+04
1.519974728370676424e-02 2.431986663787758880e+04
1.522777766800415336e-02 2.432411165192764020e+04
1.525585974411122758e-02 2.432828033860543292e+04
1.528399360735465708e-02 2.433237269323597138e+04
1.531217935323690021e-02 2.433638876360807626e+04
1.534041707743655572e-02 2.434032862148843560e+04
1.536870687580864543e-02 2.434419233954121955e+04
1.539704884438496645e-02 2.434797999065665863e+04
1.542544307937441204e-02 2.435169145494326949e+04
1.545388967716329262e-02 2.435532613680145732e+04
1.548238873431568956e-02 2.435888336905009055e+04
1.551094034757373452e-02 2.436236248487351622e+04
1.553954461385797896e-02 2.436576282146751691e+04
1.556820163026770461e-02 2.436908377801676397e+04
1.559691149408124790e-02 2.437232480562982164e+04
1.562567430275637118e-02 2.437548535750448355e+04
1.565449015393052812e-02 2.437856488736537722e+04
1.568335914542124190e-02 2.438156310828568166e+04
1.571228137522642093e-02 2.438448074048517446e+04
1.574125694152471097e-02 2.438731874997078194e+04
1.577028594267579353e-02 2.439007810399923255e+04
1.579936847722074322e-02 2.439275973120461640e+04
1.582850464388236081e-02 2.439536358503570227e+04
1.585769454156549588e-02 2.439788860871340876e+04
1.588693826935741460e-02 2.440033369903198036e+04
1.591623592652809116e-02 2.440269775313186619e+04
1.594558761253057552e-02 2.440497988733201419e+04
1.597499342700132302e-02 2.440718009388939390e+04
1.600445346976052050e-02 2.440929858481502015e+04
1.603396784081246099e-02 2.441133557302354893e+04
1.606353664034583864e-02 2.441329125778365415e+04
1.609315996873411647e-02 2.441516557026652299e+04
1.612283792653585943e-02 2.441695820547368567e+04
1.615257061449506051e-02 2.441866885103468303e+04
1.618235813354153285e-02 2.442029719532335730e+04
1.621220058479119069e-02 2.442184292923746398e+04
1.624209806954642760e-02 2.442330574923540917e+04
1.627205068929644602e-02 2.442468535335312845e+04
1.630205854571761120e-02 2.442598144041035630e+04
1.633212174067380507e-02 2.442719373009423725e+04
1.636224037621675231e-02 2.442832211778544297e+04
1.639241455458636393e-02 2.442936658983245434e+04
1.642264437821110840e-02 2.443032713419496940e+04
1.645292994970833783e-02 2.443120373807923534e+04
1.648327137188465921e-02 2.443199632705017939e+04
1.651366874773625010e-02 2.443270474656702572e+04
1.654412218044924027e-02 2.443332883755400326e+04
1.657463177340003438e-02 2.443386844177123930e+04
1.660519763015570055e-02 2.443432336074430350e+04
1.663581985447427913e-02 2.443469326949504466e+04
1.666649855030515742e-02 2.443497781931014833e+04
1.669723382178942006e-02 2.443517666235261640e+04
1.672802577326019599e-02 2.443528947587173752e+04
1.675887450924304703e-02 2.443531611525407425e+04
1.678978013445625930e-02 2.443525651561093764e+04
1.682074275381124917e-02 2.443511061332545432e+04
1.685176247241290670e-02 2.443487833992923333e+04
1.688283939555992874e-02 2.443455952279378471e+04
1.691397362874523178e-02 2.443415389849777785e+04
1.694516527765625377e-02 2.443366120148028131e+04
1.697641444817533235e-02 2.443308117150465478e+04
1.700772124638007601e-02 2.443241381245888988e+04
1.703908577854370068e-02 2.443165953750454719e+04
1.707050815113542869e-02 2.443081879586019204e+04
1.710198847082080448e-02 2.442989203650281343e+04
1.713352684446208668e-02 2.442887916999606387e+04
1.716512337911860198e-02 2.442777870107744820e+04
1.719677818204709552e-02 2.442658890917750978e+04
1.722849136070214032e-02 2.442530807503168398e+04
1.726026302273644258e-02 2.442393500470795698e+04
1.729209327600124066e-02 2.442247068171895808e+04
1.732398222854666936e-02 2.442091665524029304e+04
1.735592998862210690e-02 2.441927447505852615e+04
1.738793666467659121e-02 2.441754541757203333e+04
1.742000236535912877e-02 2.441572908506554450e+04
1.745212719951909353e-02 2.441382444822614707e+04
1.748431127620658429e-02 2.441183047784188966e+04
1.751655470467283066e-02 2.440974621541623856e+04
1.754885759437051218e-02 2.440757128313785142e+04
1.758122005495415738e-02 2.440530559250048464e+04
1.761364219628051841e-02 2.440294905814648519e+04
1.764612412840892847e-02 2.440050161424893304e+04
1.767866596160170070e-02 2.439796339069635360e+04
1.771126780632447870e-02 2.439533463500426296e+04
1.774392977324661461e-02 2.439261559718296485e+04
1.777665197324155427e-02 2.438980648283112532e+04
1.780943451738719804e-02 2.438690694778915713e+04
1.784227751696632058e-02 2.438391628214818047e+04
1.787518108346688311e-02 2.438083377071693394e+04
1.790814532858246363e-02 2.437765874323108801e+04
1.794117036421261427e-02 2.437439108222697178e+04
1.797425630246322556e-02 2.437103104997209448e+04
1.800740325564697403e-02 2.436757891708463285e+04
1.804061133628361013e-02 2.436403493585806427e+04
1.807388065710040584e-02 2.436039913024827183e+04
1.810721133103251196e-02 2.435667137465696214e+04
1.814060347122334327e-02 2.435285154199335375e+04
1.817405719102498790e-02 2.434893947870259581e+04
1.820757260399854388e-02 2.434493475127746206e+04
1.824114982391454934e-02 2.434083676351428585e+04
1.827478896475333292e-02 2.433664491865583113e+04
1.830849014070543013e-02 2.433235873153296052e+04
1.834225346617196842e-02 2.432797859998748027e+04
1.837607905576502804e-02 2.432350534611471448e+04
1.840996702430805834e-02 2.431893979520388166e+04
1.844391748683625251e-02 2.431428248840369270e+04
1.847793055859696040e-02 2.430953229541388282e+04
1.851200635505004591e-02 2.430468747925015850e+04
1.854614499186830329e-02 2.429974630457180319e+04
1.858034658493784227e-02 2.429470756029673794e+04
1.861461125035846972e-02 2.428957214194265543e+04
1.864893910444413369e-02 2.428434147603862584e+04
1.868333026372324263e-02 2.427901698789016154e+04
1.871778484493911640e-02 2.427359954877812925e+04
1.875230296505035407e-02 2.426808859491071053e+04
1.878688474123124674e-02 2.426248333467360499e+04
1.882153029087219043e-02 2.425678298404578891e+04
1.885623973158003647e-02 2.425098713125649738e+04
1.889101318117853562e-02 2.424509595659945626e+04
1.892585075770871275e-02 2.423910969415717045e+04
1.896075257942926931e-02 2.423302855871787688e+04
1.899571876481702393e-02 2.422685234771357500e+04
1.903074943256724896e-02 2.422058046647543597e+04
1.906584470159412154e-02 2.421421230686663694e+04
1.910100469103111209e-02 2.420774732693698388e+04
1.913622952023136953e-02 2.420118554851253430e+04
1.917151930876818955e-02 2.419452728486440174e+04
1.920687417643534081e-02 2.418777285258886695e+04
1.924229424324751594e-02 2.418092250997941665e+04
1.927777962944073400e-02 2.417397627863915841e+04
1.931333045547273600e-02 2.416693412175205594e+04
1.934894684202342896e-02 2.415979600164423755e+04
1.938462890999524679e-02 2.415256167291014572e+04
1.942037678051358740e-02 2.414523051017635589e+04
1.945619057492721168e-02 2.413780184948616079e+04
1.949207041480869804e-02 2.413027506945784626e+04
1.952801642195478582e-02 2.412265023378556725e+04
1.956402871838683680e-02 2.411492797572612471e+04
1.960010742635123412e-02 2.410710894634143187e+04
1.963625266831979521e-02 2.409919360808099373e+04
1.967246456699021928e-02 2.409118137409809788e+04
1.970874324528644472e-02 2.408307129722063837e+04
1.974508882635910706e-02 2.407486243883315910e+04
1.978150143358595181e-02 2.406655475017144272e+04
1.981798119057223695e-02 2.405814997758861136e+04
1.985452822115120128e-02 2.404965008263025811e+04
1.989114264938441484e-02 2.404105681984479088e+04
1.992782459956223690e-02 2.403236889364863600e+04
1.996457419620424265e-02 2.402358267818971945e+04
2.000139156405963264e-02 2.401469449498039103e+04
2.003827682810768035e-02 2.400570178916946315e+04
2.007523011355811723e-02 2.399660659552938159e+04
2.011225154585158381e-02 2.398741212339689446e+04
2.014934125066004944e-02 2.397812153690592459e+04
2.018649935388723560e-02 2.396873639880109840e+04
2.022372598166906343e-02 2.395925620933981190e+04
2.026102126037405624e-02 2.394968033451518568e+04
2.029838531660376963e-02 2.394000806238376754e+04
2.033581827719323568e-02 2.393023815364437178e+04
2.037332026921138267e-02 2.392036915765562662e+04
2.041089141996149658e-02 2.391039963688633361e+04
2.044853185698159576e-02 2.390032899021116827e+04
2.048624170804490968e-02 2.389015806847128624e+04
2.052402110116028841e-02 2.387988786788636571e+04
2.056187016457267092e-02 2.386951929899036986e+04
2.059978902676348061e-02 2.385905256624886533e+04
2.063777781645107293e-02 2.384848752714597140e+04
2.067583666259118977e-02 2.383782403848054673e+04
2.071396569437736548e-02 2.382706196577171431e+04
2.075216504124142297e-02 2.381620118940932298e+04
2.079043483285383798e-02 2.380524159292670447e+04
2.082877519912423175e-02 2.379418308549793073e+04
2.086718627020178740e-02 2.378302576718999990e+04
2.090566817647570089e-02 2.377176982924040567e+04
2.094422104857565289e-02 2.376041545715363463e+04
2.098284501737218352e-02 2.374896233382189166e+04
2.102154021397719189e-02 2.373740932774876273e+04
2.106030676974436633e-02 2.372575523658422753e+04
2.109914481626961810e-02 2.371399932978030847e+04
2.113805448539156709e-02 2.370214362069267736e+04
2.117703590919193732e-02 2.369019111523128231e+04
2.121608921999602881e-02 2.367814470044283735e+04
2.125521455037317556e-02 2.366600386765394433e+04
2.129441203313717570e-02 2.365376425743641084e+04
2.133368180134678077e-02 2.364142131236148271e+04
2.137302398830609809e-02 2.362897241040322115e+04
2.141243872756506961e-02 2.361642161198569011e+04
2.145192615291991595e-02 2.360377441710764833e+04
2.149148639841360134e-02 2.359103576560986403e+04
2.153111959833629852e-02 2.357820411564747337e+04
2.157082588722580851e-02 2.356527371706688064e+04
2.161060539986804294e-02 2.355223881002147755e+04
2.165045827129747150e-02 2.353909743879795496e+04
2.169038463679761122e-02 2.352585411282465429e+04
2.173038463190143585e-02 2.351251396334513265e+04
2.177045839239186154e-02 2.349908099610681165e+04
2.181060605430221178e-02 2.348555404360791363e+04
2.185082775391666843e-02 2.347193044835212640e+04
2.189112362777075743e-02 2.345820766083748458e+04
2.193149381265178249e-02 2.344438451328680458e+04
2.197193844559928999e-02 2.343046083795336745e+04
2.201245766390556510e-02 2.341643650028828051e+04
2.205305160511605508e-02 2.340231198313258938e+04
2.209372040702990009e-02 2.338808877746607322e+04
2.213446420770031828e-02 2.337376846565525557e+04
2.217528314543514012e-02 2.335935216847824267e+04
2.221617735879724206e-02 2.334483927801283062e+04
2.225714698660502880e-02 2.333022878347578808e+04
2.229819216793292938e-02 2.331551975237169972e+04
2.233931304211181704e-02 2.330071190968931842e+04
2.238050974872951571e-02 2.328580532299447441e+04
2.242178242763127882e-02 2.327080008007315337e+04
2.246313121892022646e-02 2.325569665131853617e+04
2.250455626295789699e-02 2.324049589996907889e+04
2.254605770036462870e-02 2.322519870210707086e+04
2.258763567202010450e-02 2.320980536669848880e+04
2.262929031906378563e-02 2.319431509984039440e+04
2.267102178289545286e-02 2.317872698417930224e+04
2.271283020517561937e-02 2.316304038230774677e+04
2.275471572782604424e-02 2.314725568114059206e+04
2.279667849303020771e-02 2.313137350455589331e+04
2.283871864323378659e-02 2.311539445629345573e+04
2.288083632114518151e-02 2.309931899962604075e+04
2.292303166973593334e-02 2.308314753867389300e+04
2.296530483224125396e-02 2.306688043537946214e+04
2.300765595216049120e-02 2.305051748367300752e+04
2.305008517325762840e-02 2.303405807490317238e+04
2.309259263956179101e-02 2.301750161139343618e+04
2.313517849536768367e-02 2.300084795926414881e+04
2.317784288523612457e-02 2.298409750316950158e+04
2.322058595399451725e-02 2.296725065463467763e+04
2.326340784673733633e-02 2.295030772623364101e+04
2.330630870882666530e-02 2.293326886188517165e+04
2.334928868589261630e-02 2.291613419083424742e+04
2.339234792383388176e-02 2.289890400605787727e+04
2.343548656881820624e-02 2.288157901085486810e+04
2.347870476728287914e-02 2.286415997182039791e+04
2.352200266593526892e-02 2.284664733161559707e+04
2.356538041175326031e-02 2.282904035203470266e+04
2.360883815198580246e-02 2.281133802939467205e+04
2.365237603415338077e-02 2.279353961891538711e+04
2.369599420604852694e-02 2.277564567410941891e+04
2.373969281573634973e-02 2.275765715993229969e+04
2.378347201155497567e-02 2.273957496508450640e+04
2.382733194211610409e-02 2.272139946138861706e+04
2.387127275630547552e-02 2.270313080517155322e+04
2.391529460328343723e-02 2.268476911848643795e+04
2.395939763248536997e-02 2.266631421358756415e+04
2.400358199362224304e-02 2.264776574193698616e+04
2.404784783668111742e-02 2.262912335647779400e+04
2.409219531192563490e-02 2.261038671134262768e+04
2.413662456989658367e-02 2.259155546260043411e+04
2.418113576141232846e-02 2.257262939194127830e+04
2.422572903756937956e-02 2.255360994246135670e+04
2.427040454974288552e-02 2.253449974747761371e+04
2.431516244958714310e-02 2.251530127763565906e+04
2.436000288903615932e-02 2.249601414619091520e+04
2.440492602030407826e-02 2.247663570829499076e+04
2.444993199588577429e-02 2.245716341254903091e+04
2.449502096855733779e-02 2.243759720796209513e+04
2.454019309137658172e-02 2.241793914321430930e+04
2.458544851768362099e-02 2.239819124115402883e+04
2.463078740110130962e-02 2.237835397565031599e+04
2.467620989553582014e-02 2.235842648897201434e+04
2.472171615517714666e-02 2.233840793639275944e+04
2.476730633449961486e-02 2.231829838421109889e+04
2.481298058826246142e-02 2.229809867264430068e+04
2.485873907151028503e-02 2.227780965030219886e+04
2.490458193957361538e-02 2.225743191495163410e+04
2.495050934806943704e-02 2.223696586123442466e+04
2.499652145290169949e-02 2.221641183006509527e+04
2.504261841026189303e-02 2.219576946871312248e+04
2.508880037662951368e-02 2.217503790847265918e+04
2.513506750877264259e-02 2.215421642556875668e+04
2.518141996374843872e-02 2.213330614265813711e+04
2.522785789890374247e-02 2.211230940378390369e+04
2.527438147187552678e-02 2.209122826148829699e+04
2.532099084059147298e-02 2.207006173794653296e+04
2.536768616327050516e-02 2.204880713986736009e+04
2.541446759842331399e-02 2.202746222917823980e+04
2.546133530485294311e-02 2.200602838342480027e+04
2.550828944165525400e-02 2.198450866779671924e+04
2.555533016821950887e-02 2.196290569663911447e+04
2.560245764422890841e-02 2.194121937552130476e+04
2.564967202966111914e-02 2.191944861127375043e+04
2.569697348478887020e-02 2.189759246670793073e+04
2.574436217018040776e-02 2.187565068822523608e+04
2.579183824670010228e-02 2.185362321526821688e+04
2.583940187550898965e-02 2.183151028866318302e+04
2.588705321806528126e-02 2.180931312149098449e+04
2.593479243612498847e-02 2.178703311922901776e+04
2.598261969174238059e-02 2.176467127847759548e+04
2.603053514727058509e-02 2.174222766234296796e+04
2.607853896536214272e-02 2.171970220549455189e+04
2.612663130896951749e-02 2.169709485271640733e+04
2.617481234134573856e-02 2.167440556353546708e+04
2.622308222604483388e-02 2.165163430593485464e+04
2.627144112692248248e-02 2.162878118796614581e+04
2.631988920813651753e-02 2.160584647069601488e+04
2.636842663414750224e-02 2.158283038616283375e+04
2.641705356971931623e-02 2.155973264103407564e+04
2.646577017991964820e-02 2.153655255965050310e+04
2.651457663012061691e-02 2.151329007191822893e+04
2.656347308599928125e-02 2.148994984184606437e+04
2.661245971353828552e-02 2.146653872855677764e+04
2.666153667902631391e-02 2.144306063511765024e+04
2.671070414905873588e-02 2.141950625662171296e+04
2.675996229053813694e-02 2.139586264936596126e+04
2.680931127067488415e-02 2.137212426167680678e+04
2.685875125698773680e-02 2.134830442608163503e+04
2.690828241730435638e-02 2.132441919404139844e+04
2.695790491976189293e-02 2.130047300877846283e+04
2.700761893280758524e-02 2.127645313151801020e+04
2.705742462519928129e-02 2.125234619469874451e+04
2.710732216600609049e-02 2.122815146522213399e+04
2.715731172460886939e-02 2.120387901397063979e+04
2.720739347070084274e-02 2.117953816853302123e+04
2.725756757428817595e-02 2.115512987541708935e+04
2.730783420569053710e-02 2.113065110508852013e+04
2.735819353554172495e-02 2.110609948121813068e+04
2.740864573479016852e-02 2.108147522262433267e+04
2.745919097469956549e-02 2.105677916879228360e+04
2.750982942684944421e-02 2.103201089928466899e+04
2.756056126313573273e-02 2.100716754438467251e+04
2.761138665577140758e-02 2.098224615904187885e+04
2.766230577728697945e-02 2.095724826618588850e+04
2.771331880053114899e-02 2.093217985039161431e+04
2.776442589867136879e-02 2.090704637914419800e+04
2.781562724519442281e-02 2.088184748982236124e+04
2.786692301390706825e-02 2.085657990420715942e+04
2.791831337893654896e-02 2.083124174988532468e+04
2.796979851473123391e-02 2.080583635057006177e+04
2.802137859606118261e-02 2.078036814646833955e+04
2.807305379801879400e-02 2.075483709304008880e+04
2.812482429601932676e-02 2.072923572156143928e+04
2.817669026580153432e-02 2.070355653176946362e+04
2.822865188342826501e-02 2.067780170108719176e+04
2.828070932528703105e-02 2.065198091240161739e+04
2.833286276809066778e-02 2.062610233592098666e+04
2.838511238887785407e-02 2.060016487987708751e+04
2.843745836501376800e-02 2.057416429335566136e+04
2.848990087419066633e-02 2.054809796588316021e+04
2.854244009442848465e-02 2.052196693189271173e+04
2.859507620407549314e-02 2.049577268177896258e+04
2.864780938180882044e-02 2.046951595317640022e+04
2.870063980663510594e-02 2.044319676039020487e+04
2.875356765789111382e-02 2.041681515219233916e+04
2.880659311524430208e-02 2.039037158629260375e+04
2.885971635869350946e-02 2.036386668639297932e+04
2.891293756856947589e-02 2.033730165958679572e+04
2.896625692553550860e-02 2.031067913282980589e+04
2.901967461058807540e-02 2.028400181007191350e+04
2.907319080505741879e-02 2.025726963363256436e+04
2.912680569060822205e-02 2.023047985967112618e+04
2.918051944924013666e-02 2.020362970755736751e+04
2.923433226328845877e-02 2.017671677848269974e+04
2.928824431542474335e-02 2.014973884468446340e+04
2.934225578865739051e-02 2.012269674567707625e+04
2.939636686633234630e-02 2.009559789427259966e+04
2.945057773213361971e-02 2.006845014602139054e+04
2.950488857008397997e-02 2.004125515296979574e+04
2.955929956454553947e-02 2.001400951090541275e+04
2.961381090022044069e-02 1.998671014397408362e+04
2.966842276215140781e-02 1.995935613592037771e+04
2.972313533572241290e-02 1.993194722041007481e+04
2.977794880665930732e-02 1.990448418136936016e+04
2.983286336103042891e-02 1.987696945457756374e+04
2.988787918524729234e-02 1.984940545424048105e+04
2.994299646606514084e-02 1.982179303397757758e+04
2.999821539058363309e-02 1.979413215905300967e+04
3.005353614624746081e-02 1.976642231232433187e+04
3.010895892084698364e-02 1.973866159155195055e+04
3.016448390251890224e-02 1.971084798652391328e+04
3.022011127974683423e-02 1.968298249557548843e+04
3.027584124136199761e-02 1.965506907504059927e+04
3.033167397654383882e-02 1.962711136877037279e+04
3.038760967482066061e-02 1.959911081056686089e+04
3.044364852607033683e-02 1.957106810823740307e+04
3.049979072052083975e-02 1.954298365821558400e+04
3.055603644875097558e-02 1.951485736516626639e+04
3.061238590169100202e-02 1.948668874071619575e+04
3.066883927062325627e-02 1.945847416389698992e+04
3.072539674718287664e-02 1.943020840027559825e+04
3.078205852335835768e-02 1.940189020327001344e+04
3.083882479149225794e-02 1.937352803195703746e+04
3.089569574428184875e-02 1.934513125154833324e+04
3.095267157477973180e-02 1.931670167603898153e+04
3.100975247639458851e-02 1.928823532767485449e+04
3.106693864289171089e-02 1.925972894767775142e+04
3.112423026839374399e-02 1.923118232459488354e+04
3.118162754738129996e-02 1.920259594818179903e+04
3.123913067469368671e-02 1.917397080844002630e+04
3.129673984552948374e-02 1.914530842069794744e+04
3.135445525544724998e-02 1.911661009397514499e+04
3.141227710036618298e-02 1.908787601350097248e+04
3.147020557656676765e-02 1.905910603769264344e+04
3.152824088069149794e-02 1.903030089540697008e+04
3.158638320974546665e-02 1.900146249942057693e+04
3.164463276109707318e-02 1.897259257106234145e+04
3.170298973247870356e-02 1.894369107790252019e+04
3.176145432198736879e-02 1.891475729877901904e+04
3.182002672808543348e-02 1.888579126440518667e+04
3.187870714960122642e-02 1.885679426629609588e+04
3.193749578572974146e-02 1.882776752804769421e+04
3.199639283603332440e-02 1.879871078048051277e+04
3.205539850044232530e-02 1.876962304494699492e+04
3.211451297925582704e-02 1.874050478203603780e+04
3.217373647314226981e-02 1.871135929601766475e+04
3.223306918314013808e-02 1.868218987063313034e+04
3.229251131065868224e-02 1.865299652527982835e+04
3.235206305747855005e-02 1.862377746878471953e+04
3.241172462575254987e-02 1.859453161186938087e+04
3.247149621800625441e-02 1.856525945330291506e+04
3.253137803713870152e-02 1.853596182541869348e+04
3.259137028642314360e-02 1.850664088056853507e+04
3.265147316950765127e-02 1.847729956638219301e+04
3.271168689041591138e-02 1.844793934649230869e+04
3.277201165354780288e-02 1.841855812567965404e+04
3.283244766368016015e-02 1.838915358966790882e+04
3.289299512596745301e-02 1.835972680446997038e+04
3.295365424594251524e-02 1.833028100289527356e+04
3.301442522951716918e-02 1.830081849661549495e+04
3.307530828298298198e-02 1.827133924738343558e+04
3.313630361301195260e-02 1.824184283638080888e+04
3.319741142665718486e-02 1.821232855610712431e+04
3.325863193135368545e-02 1.818279551602614811e+04
3.331996533491892593e-02 1.815324412935464352e+04
3.338141184555364765e-02 1.812367804808987421e+04
3.344297167184255570e-02 1.809410110283000540e+04
3.350464502275497802e-02 1.806451364040848421e+04
3.356643210764567037e-02 1.803491376599641808e+04
3.362833313625540610e-02 1.800530051933863433e+04
3.369034831871178109e-02 1.797567526926314895e+04
3.375247786552987989e-02 1.794603961352628539e+04
3.381472198761300424e-02 1.791639394450728287e+04
3.387708089625342256e-02 1.788673791064155012e+04
3.393955480313302214e-02 1.785707182503770673e+04
3.400214392032405858e-02 1.782739754247585734e+04
3.406484846028989821e-02 1.779771703686082765e+04
3.412766863588567734e-02 1.776803139810025095e+04
3.419060466035914181e-02 1.773834119687163184e+04
3.425365674735122296e-02 1.770864665046819937e+04
3.431682511089687027e-02 1.767894724200796554e+04
3.438010996542570363e-02 1.764924239303529976e+04
3.444351152576285297e-02 1.761953179161305525e+04
3.450703000712955493e-02 1.758981528198824162e+04
3.457066562514395092e-02 1.756009411626746078e+04
3.463441859582182952e-02 1.753037228686382878e+04
3.469828913557730654e-02 1.750065362851791724e+04
3.476227746122366458e-02 1.747093820994130874e+04
3.482638378997394979e-02 1.744122425860121803e+04
3.489060833944180456e-02 1.741151100716801739e+04
3.495495132764218221e-02 1.738179948668356883e+04
3.501941297299205474e-02 1.735209078545858938e+04
3.508399349431125941e-02 1.732238508242170428e+04
3.514869311082309544e-02 1.729268215942067036e+04
3.521351204215516367e-02 1.726298241558161317e+04
3.527845050834008123e-02 1.723328724807536128e+04
3.534350872981623093e-02 1.720359814662066492e+04
3.540868692742855928e-02 1.717391665771183034e+04
3.547398532242922176e-02 1.714424432982013968e+04
3.553940413647842245e-02 1.711458189912007947e+04
3.560494359164512179e-02 1.708492890954281393e+04
3.567060391040779987e-02 1.705528517432843364e+04
3.573638531565527521e-02 1.702565267743332879e+04
3.580228803068732923e-02 1.699603411566053910e+04
3.586831227921557369e-02 1.696642871903811101e+04
3.593445828536416531e-02 1.693683101200014789e+04
3.600072627367056910e-02 1.690723723521277861e+04
3.606711646908637020e-02 1.687765476390588083e+04
3.613362909697794695e-02 1.684809448881655771e+04
3.620026438312729661e-02 1.681855830366761802e+04
3.626702255373277783e-02 1.678903666387708290e+04
3.633390383540992946e-02 1.675952192110601027e+04
3.640090845519217133e-02 1.673001980635725340e+04
3.646803664053159533e-02 1.670054011677499511e+04
3.653528861929976335e-02 1.667108609099833484e+04
3.660266461978843588e-02 1.664165297757419467e+04
3.667016487071043246e-02 1.661223649765339724e+04
3.673778960120028386e-02 1.658283704396683243e+04
3.680553904081512034e-02 1.655345648746080406e+04
3.687341341953538632e-02 1.652409775572122453e+04
3.694141296776561750e-02 1.649476505099185306e+04
3.700953791633532219e-02 1.646546126071758408e+04
3.707778849649961961e-02 1.643618239614758204e+04
3.714616493994011420e-02 1.640692253386185257e+04
3.721466747876566589e-02 1.637768239756038201e+04
3.728329634551315330e-02 1.634847090109088640e+04
3.735205177314834812e-02 1.631929492544057939e+04
3.742093399506658119e-02 1.629014815666279537e+04
3.748994324509360987e-02 1.626102022182834480e+04
3.755907975748639521e-02 1.623191041751513148e+04
3.762834376693389993e-02 1.620283079915610324e+04
3.769773550855792105e-02 1.617379203363087800e+04
3.776725521791380463e-02 1.614479178852492078e+04
3.783690313099131314e-02 1.611582306150157092e+04
3.790667948421539563e-02 1.608688149247180809e+04
3.797658451444699962e-02 1.605796665807160389e+04
3.804661845898391070e-02 1.602907892261600682e+04
3.811678155556148806e-02 1.600022192590005034e+04
3.818707404235350406e-02 1.597140067501860358e+04
3.825749615797296305e-02 1.594261797275228673e+04
3.832804814147293404e-02 1.591387265710298198e+04
3.839873023234730010e-02 1.588516351554439643e+04
3.846954267053159793e-02 1.585649268323618162e+04
3.854048569640385752e-02 1.582786408717363520e+04
3.861155955078536539e-02 1.579927878536183744e+04
3.868276447494158055e-02 1.577073102754300817e+04
3.875410071058283529e-02 1.574221469353687826e+04
3.882556849986520953e-02 1.571373181285556348e+04
3.889716808539137038e-02 1.568529036721201737e+04
3.896889971021134935e-02 1.565689653788490250e+04
3.904076361782345822e-02 1.562854994500495559e+04
3.911276005217497603e-02 1.560024878438738597e+04
3.918488925766309972e-02 1.557199081554404438e+04
3.925715147913570735e-02 1.554377332900604597e+04
3.932954696189220473e-02 1.551559460529808894e+04
3.940207595168440657e-02 1.548745860153207104e+04
3.947473869471727903e-02 1.545937120741493891e+04
3.954753543764984169e-02 1.543133476330794292e+04
3.962046642759598641e-02 1.540334541485084264e+04
3.969353191212528914e-02 1.537539922230946104e+04
3.976673213926394668e-02 1.534749803463266835e+04
3.984006735749548445e-02 1.531964729306453228e+04
3.991353781576169324e-02 1.529185066831180666e+04
3.998714376346342719e-02 1.526410580331924211e+04
4.006088545046147809e-02 1.523640919965668218e+04
4.013476312707744270e-02 1.520876075259686331e+04
4.020877704409450693e-02 1.518116443533170241e+04
4.028292745275834780e-02 1.515362376322471755e+04
4.035721460477795924e-02 1.512613695995866328e+04
4.043163875232656107e-02 1.509869978717321646e+04
4.050620014804238306e-02 1.507131069298833245e+04
4.058089904502954620e-02 1.504397552226911466e+04
4.065573569685895089e-02 1.501670115968173741e+04
4.073071035756908875e-02 1.498948909423121222e+04
4.080582328166698636e-02 1.496233475373499095e+04
4.088107472412896154e-02 1.493523371139494702e+04
4.095646494040156710e-02 1.490818520457781960e+04
4.103199418640243040e-02 1.488119026936840601e+04
4.110766271852109299e-02 1.485425080638582403e+04
4.118347079361999591e-02 1.482737156037821660e+04
4.125941866903519439e-02 1.480055774938767172e+04
4.133550660257732934e-02 1.477380973528536560e+04
4.141173485253247383e-02 1.474712057612779608e+04
4.148810367766301438e-02 1.472048335311316623e+04
4.156461333720855994e-02 1.469389979763397787e+04
4.164126409088676067e-02 1.466737818270237585e+04
4.171805619889423083e-02 1.464092569941436705e+04
4.179498992190740919e-02 1.461454192421787957e+04
4.187206552108346108e-02 1.458822346850561553e+04
4.194928325806120128e-02 1.456196756845414347e+04
4.202664339496189200e-02 1.453577345238994894e+04
4.210414619439020040e-02 1.450964076550357822e+04
4.218179191943507295e-02 1.448357039799706945e+04
4.225958083367059581e-02 1.445756550306590543e+04
4.233751320115700101e-02 1.443162936669342344e+04
4.241558928644141580e-02 1.440576275592042111e+04
4.249380935455883412e-02 1.437996360892183111e+04
4.257217367103301869e-02 1.435422988026066741e+04
4.265068250187741689e-02 1.432856176644483639e+04
4.272933611359602118e-02 1.430296113512638840e+04
4.280813477318427818e-02 1.427742991394462479e+04
4.288707874813003917e-02 1.425197031426775538e+04
4.296616830641438595e-02 1.422658468817896028e+04
4.304540371651269237e-02 1.420127450871252768e+04
4.312478524739534608e-02 1.417603574382354600e+04
4.320431316852878234e-02 1.415086223506718306e+04
4.328398774987637920e-02 1.412574967383096555e+04
4.336380926189932483e-02 1.410070285255777162e+04
4.344377797555765836e-02 1.407572936167506668e+04
4.352389416231101232e-02 1.405083492946935985e+04
4.360415809411968130e-02 1.402601743452640403e+04
4.368457004344547534e-02 1.400127266284819962e+04
4.376513028325263593e-02 1.397659758003328352e+04
4.384583908700885602e-02 1.395199387502857280e+04
4.392669672868607794e-02 1.392746442534970447e+04
4.400770348276150656e-02 1.390301153363534286e+04
4.408885962421852517e-02 1.387863512228475884e+04
4.417016542854757671e-02 1.385433448329339808e+04
4.425162117174723936e-02 1.383010909126595470e+04
4.433322713032499668e-02 1.380595930576765750e+04
4.441498358129826463e-02 1.378188575516147830e+04
4.449689080219532133e-02 1.375788899328665138e+04
4.457894907105621612e-02 1.373396912292590787e+04
4.466115866643382420e-02 1.371012606883348235e+04
4.474351986739463077e-02 1.368635972373898221e+04
4.482603295351977185e-02 1.366266967816789656e+04
4.490869820490596409e-02 1.363905535587409940e+04
4.499151590216651786e-02 1.361551626846290674e+04
4.507448632643216990e-02 1.359205348890173445e+04
4.515760975935211030e-02 1.356866943301274841e+04
4.524088648309494698e-02 1.354536651562676889e+04
4.532431678034960776e-02 1.352214556582009936e+04
4.540790093432640201e-02 1.349900505517541569e+04
4.549163922875787414e-02 1.347594327206415437e+04
4.557553194789979584e-02 1.345295912057926398e+04
4.565957937653217918e-02 1.343005335857749742e+04
4.574378179996015786e-02 1.340722708948256150e+04
4.582813950401509046e-02 1.338448135134104632e+04
4.591265277505538617e-02 1.336181673229354783e+04
4.599732189996754567e-02 1.333923360985695581e+04
4.608214716616712558e-02 1.331673233614452329e+04
4.616712886159970303e-02 1.329431256682620005e+04
4.625226727474193028e-02 1.327197312538883307e+04
4.633756269460238830e-02 1.324971279306333236e+04
4.642301541072262755e-02 1.322753089038807593e+04
4.650862571317818800e-02 1.320542876518308913e+04
4.659439389257948733e-02 1.318340823682472546e+04
4.668032024007297276e-02 1.316147104009613577e+04
4.676640504734190518e-02 1.313961754368697439e+04
4.685264860660749708e-02 1.311784690797312032e+04
4.693905121062983549e-02 1.309615825615759240e+04
4.702561315270888109e-02 1.307455094430141435e+04
4.711233472668555772e-02 1.305302521914311728e+04
4.719921622694259189e-02 1.303158154125987494e+04
4.728625794840561614e-02 1.301022035396805222e+04
4.737346018654411961e-02 1.298894157941390586e+04
4.746082323737255831e-02 1.296774447612159202e+04
4.754834739745119471e-02 1.294662826343031338e+04
4.763603296388722180e-02 1.292559234379378722e+04
4.772388023433573462e-02 1.290463779402743057e+04
4.781188950700071549e-02 1.288376659577806640e+04
4.790006108063616513e-02 1.286298072668245186e+04
4.798839525454692834e-02 1.284228131657988888e+04
4.807689232858985279e-02 1.282166587819312917e+04
4.816555260317475357e-02 1.280113096423412571e+04
4.825437637926541928e-02 1.278067315201173915e+04
4.834336395838073619e-02 1.276029081402883457e+04
4.843251564259554859e-02 1.273998708476588581e+04
4.852183173454178988e-02 1.271976586585629775e+04
4.861131253740950953e-02 1.269963102296395664e+04
4.870095835494782366e-02 1.267958428713710964e+04
4.879076949146610165e-02 1.265962276357936025e+04
4.888074625183481264e-02 1.263974296492731446e+04
4.897088894148668436e-02 1.261994143193956006e+04
4.906119786641769537e-02 1.260021654266132646e+04
4.915167333318810200e-02 1.258057095577430482e+04
4.924231564892356250e-02 1.256100792658308637e+04
4.933312512131605293e-02 1.254153068967173931e+04
4.942410205862500516e-02 1.252214097566484998e+04
4.951524676967829913e-02 1.250283540058683866e+04
4.960655956387334531e-02 1.248360950441497516e+04
4.969804075117816022e-02 1.246445885421025378e+04
4.978969064213233792e-02 1.244537974849246166e+04
4.988150954784816710e-02 1.242637361957193389e+04
4.997349778001163034e-02 1.240744414414588391e+04
5.006565565088360453e-02 1.238859498611890194e+04
5.015798347330071433e-02 1.236982970073432989e+04
5.025048156067653260e-02 1.235114911307856892e+04
5.034315022700261433e-02 1.233255085847451119e+04
5.043598978684953049e-02 1.231403240379206727e+04
5.052900055536802687e-02 1.229559123086425279e+04
5.062218284828997467e-02 1.227722528024335043e+04
5.071553698192950849e-02 1.225893465841821853e+04
5.080906327318408106e-02 1.224072012333868952e+04
5.090276203953554568e-02 1.222258242835524288e+04
5.099663359905128729e-02 1.220452231614560878e+04
5.109067827038518694e-02 1.218654000909012757e+04
5.118489637277878757e-02 1.216863482350174490e+04
5.127928822606235559e-02 1.215080598791493139e+04
5.137385415065594957e-02 1.213305273518378635e+04
5.146859446757059281e-02 1.211537430887510709e+04
5.156350949840922404e-02 1.209777012068599652e+04
5.165859956536789088e-02 1.208023975875754695e+04
5.175386499123680456e-02 1.206278282173311891e+04
5.184930609940142238e-02 1.204539891038459609e+04
5.194492321384365507e-02 1.202808763054759584e+04
5.204071665914278277e-02 1.201084865976708170e+04
5.213668676047670397e-02 1.199368174783904033e+04
5.223283384362296944e-02 1.197658664896395931e+04
5.232915823495988550e-02 1.195956311857436231e+04
5.242566026146772834e-02 1.194261090993340804e+04
5.252234025072968771e-02 1.192572954796952399e+04
5.261919853093308813e-02 1.190891818892836818e+04
5.271623543087045061e-02 1.189217595983729552e+04
5.281345127994070687e-02 1.187550199246845659e+04
5.291084640815017781e-02 1.185889542329671713e+04
5.300842114611377387e-02 1.184235548553597982e+04
5.310617582505611223e-02 1.182588187531953190e+04
5.320411077681259232e-02 1.180947443292906428e+04
5.330222633383067260e-02 1.179313299941920559e+04
5.340052282917077953e-02 1.177685741657002291e+04
5.349900059650758433e-02 1.176064752317218336e+04
5.359765997013110628e-02 1.174450287126231706e+04
5.369650128494780211e-02 1.172842252820061367e+04
5.379552487648183584e-02 1.171240551915534888e+04
5.389473108087603631e-02 1.169645087446599973e+04
5.399412023489313928e-02 1.168055762959794811e+04
5.409369267591693231e-02 1.166472483175606067e+04
5.419344874195335116e-02 1.164895177677804168e+04
5.429338877163174953e-02 1.163323807187595958e+04
5.439351310420586366e-02 1.161758334594223561e+04
5.449382207955509594e-02 1.160198722970669405e+04
5.459431603818563905e-02 1.158644935572387840e+04
5.469499532123157232e-02 1.157096935709694480e+04
5.479586027045618701e-02 1.155554667482167497e+04
5.489691122825291619e-02 1.154018035210857124e+04
5.499814853764667388e-02 1.152486938752001151e+04
5.509957254229493756e-02 1.150961278476803091e+04
5.520118358648891388e-02 1.149440955267209574e+04
5.530298201515480155e-02 1.147925870511722678e+04
5.540496817385482525e-02 1.146415928220979367e+04
5.550714240878849154e-02 1.144911053630664719e+04
5.560950506679370603e-02 1.143411184080498606e+04
5.571205649534809179e-02 1.141916257354386289e+04
5.581479704256998159e-02 1.140426211543888348e+04
5.591772705721970160e-02 1.138940985045960406e+04
5.602084688870075102e-02 1.137460516560703945e+04
5.612415688706094002e-02 1.135984741542833945e+04
5.622765740299370124e-02 1.134513572172229942e+04
5.633134878783910976e-02 1.133046911436692608e+04
5.643523139358519458e-02 1.131584662778751772e+04
5.653930557286907660e-02 1.130126730120956927e+04
5.664357167897818290e-02 1.128673017862490815e+04
5.674803006585152354e-02 1.127223430875845042e+04
5.685268108808073234e-02 1.125777874429061194e+04
5.695752510091139920e-02 1.124336252775561479e+04
5.706256246024421497e-02 1.122898469277762524e+04
5.716779352263618580e-02 1.121464427723014705e+04
5.727321864530193762e-02 1.120034032371587455e+04
5.737883818611477088e-02 1.118607187953729772e+04
5.748465250360796502e-02 1.117183799666812229e+04
5.759066195697599977e-02 1.115763773172553556e+04
5.769686690607571389e-02 1.114347014715887053e+04
5.780326771142766523e-02 1.112933432038279352e+04
5.790986473421717851e-02 1.111522933857818862e+04
5.801665833629567753e-02 1.110115429342206335e+04
5.812364888018185793e-02 1.108710828102270534e+04
5.823083672906302632e-02 1.107309040189702137e+04
5.833822224679619667e-02 1.105909976094856211e+04
5.844580579790938091e-02 1.104513546744615633e+04
5.855358774760285184e-02 1.103119663111568298e+04
5.866156846175032274e-02 1.101728224411544397e+04
5.876974830690031432e-02 1.100339116036243649e+04
5.887812765027723022e-02 1.098952223122724354e+04
5.898670685978271017e-02 1.097567431373996806e+04
5.909548630399685809e-02 1.096184627056814315e+04
5.920446635217945647e-02 1.094803696999636850e+04
5.931364737427134021e-02 1.093424528590659611e+04
5.942302974089547218e-02 1.092047009775988772e+04
5.953261382335833796e-02 1.090671029054849532e+04
5.964239999365115313e-02 1.089296475411013489e+04
5.975238862445110544e-02 1.087923238312226022e+04
5.986258008912273554e-02 1.086551207775681542e+04
5.997297476171903341e-02 1.085180274369771178e+04
6.008357301698283304e-02 1.083810329212906254e+04
6.019437523034801979e-02 1.082441263972492015e+04
6.030538177794082799e-02 1.081072970863971204e+04
6.041659303658118707e-02 1.079705342649997147e+04
6.052800938378385259e-02 1.078338272639718161e+04
6.063963119775980792e-02 1.076971653276202051e+04
6.075145885741748547e-02 1.075605368933372847e+04
6.086349274236407120e-02 1.074239301327829889e+04
6.097573323290686464e-02 1.072873332782267607e+04
6.108818071005443773e-02 1.071507346231345582e+04
6.120083555551799476e-02 1.070141225221647983e+04
6.131369815171266308e-02 1.068774853911716309e+04
6.142676888175887390e-02 1.067408117072254754e+04
6.154004812948348641e-02 1.066040900086439069e+04
6.165353627942123799e-02 1.064673088950338206e+04
6.176723371681597935e-02 1.063304570218254594e+04
6.188114082762198598e-02 1.061935229038268335e+04
6.199525799850537366e-02 1.060564948632279993e+04
6.210958561684522955e-02 1.059193612698455945e+04
6.222412407073504848e-02 1.057821105576688569e+04
6.233887374898402362e-02 1.056447312249806237e+04
6.245383504111833711e-02 1.055072118344908449e+04
6.256900833738260337e-02 1.053695410134830672e+04
6.268439402874098620e-02 1.052317074539737223e+04
6.279999250687871848e-02 1.050936999128817297e+04
6.291580416420330946e-02 1.049555072122109596e+04
6.303182939384589789e-02 1.048171182392270930e+04
6.314806858966270919e-02 1.046785216504828350e+04
6.326452214623620729e-02 1.045397051249981087e+04
6.338119045887655179e-02 1.044006561846061049e+04
6.349807392362288860e-02 1.042613624257102128e+04
6.361517293724468225e-02 1.041218115195755126e+04
6.373248789724321461e-02 1.039819912126338750e+04
6.385001920185268132e-02 1.038418893268066131e+04
6.396776725004175990e-02 1.037014937598360120e+04
6.408573244151481718e-02 1.035607924856355930e+04
6.420391517671333870e-02 1.034197735546510921e+04
6.432231585681737196e-02 1.032784250942364997e+04
6.444093488374666445e-02 1.031367353090437064e+04
6.455977266016224569e-02 1.029946924916772150e+04
6.467882958946762073e-02 1.028522851452765826e+04
6.479810607581036608e-02 1.027095019429159584e+04
6.491760252408321219e-02 1.025663316372134432e+04
6.503731933992565328e-02 1.024227630588911597e+04
6.515725692972521021e-02 1.022787851172316368e+04
6.527741570061880438e-02 1.021343868005441436e+04
6.539779606049427041e-02 1.019895571766433204e+04
6.551839841799154962e-02 1.018442853933391598e+04
6.563922318250420274e-02 1.016985606789372468e+04
6.576027076418076989e-02 1.015523723427500045e+04
6.588154157392611676e-02 1.014057097756195981e+04
6.600303602340298892e-02 1.012585624504486259e+04
6.612475452503317752e-02 1.011109199226991768e+04
6.624669749199908753e-02 1.009627717434296210e+04
6.636886533824505607e-02 1.008141072789065765e+04
6.649125847847880966e-02 1.006649159303001397e+04
6.661387732817287965e-02 1.005151871860925894e+04
6.673672230356594848e-02 1.003649106226905860e+04
6.685979382166429286e-02 1.002140759050496854e+04
6.698309230024324101e-02 1.000626727873062373e+04
6.710661815784847717e-02 9.991069111341994358e+03
6.723037181379766525e-02 9.975812081782467430e+03
6.735435368818167012e-02 9.960495192608974321e+03
6.747856420186605642e-02 9.945117455558778602e+03
6.760300377649251791e-02 9.929677891617358910e+03
6.772767283448032083e-02 9.914175531086801129e+03
6.785257179902780267e-02 9.898609413655274693e+03
6.797770109411362116e-02 9.882978588717378443e+03
6.810306114449837800e-02 9.867282133498509211e+03
6.822865237572592334e-02 9.851519165122932463e+03
6.835447521412499339e-02 9.835688812943139055e+03
6.848053008681041776e-02 9.819790215718410764e+03
6.860681742168471542e-02 9.803822521684647654e+03
6.873333764743952412e-02 9.787784888625017629e+03
6.886009119355700203e-02 9.771676483940849721e+03
6.898707849031145145e-02 9.755496484723184039e+03
6.911429996877052617e-02 9.739244077824869237e+03
6.924175606079689682e-02 9.722918459932787300e+03
6.936944719904961087e-02 9.706518837640922357e+03
6.949737381698559147e-02 9.690044427523414925e+03
6.962553634886121945e-02 9.673494456208307383e+03
6.975393522973355465e-02 9.656868160451469521e+03
6.988257089546205669e-02 9.640164787210904251e+03
7.001144378270993118e-02 9.623383594073766290e+03
7.014055432894562847e-02 9.606523887477380413e+03
7.026990297244443961e-02 9.589585056565792911e+03
7.039949015228980089e-02 9.572566508230178442e+03
7.052931630837491750e-02 9.555467659080031808e+03
7.065938188140422072e-02 9.538287935508806186e+03
7.078968731289479732e-02 9.521026773759416756e+03
7.092023304517808269e-02 9.503683619989615181e+03
7.105101952140112365e-02 9.486257930337404105e+03
7.118204718552821608e-02 9.468749170986537138e+03
7.131331648234237597e-02 9.451156818231524085e+03
7.144482785744685205e-02 9.433480358542903559e+03
7.157658175726673566e-02 9.415719288632240932e+03
7.170857862905027913e-02 9.397873115516880716e+03
7.184081892087054722e-02 9.379941356584602545e+03
7.197330308162690204e-02 9.361923539658082518e+03
7.210603156104662681e-02 9.343819203059036226e+03
7.223900480968624416e-02 9.325627895672279919e+03
7.237222327893322316e-02 9.307349218311554068e+03
7.250568742100745034e-02 9.288982947388762113e+03
7.263939768896271465e-02 9.270528909740136442e+03
7.277335453668840048e-02 9.251986941024526459e+03
7.290755841891084776e-02 9.233356885762088496e+03
7.304200979119497561e-02 9.214638597372317236e+03
7.317670910994585054e-02 9.195831938211769739e+03
7.331165683241017139e-02 9.176936779610825397e+03
7.344685341667796241e-02 9.157953001910340390e+03
7.358229932168391940e-02 9.138880494497352629e+03
7.371799500720910281e-02 9.119719155840402891e+03
7.385394093388250591e-02 9.100468893524053783e+03
7.399013756318251200e-02 9.081129624283117664e+03
7.412658535743867072e-02 9.061701274035747701e+03
7.426328477983297482e-02 9.042183777916396139e+03
7.440023629440167818e-02 9.022577080307635697e+03
7.453744036603673906e-02 9.002881134871749964e+03
7.467489746048742993e-02 8.983095904581163268e+03
7.481260804436203060e-02 8.963221379513386637e+03
7.495057258512918819e-02 8.943257755399023154e+03
7.508879155111965187e-02 8.923205357486014691e+03
7.522726541152788271e-02 8.903064519243514951e+03
7.536599463641352470e-02 8.882835580498200216e+03
7.550497969670318110e-02 8.862518887427006121e+03
7.564422106419183001e-02 8.842114792549416961e+03
7.578371921154450352e-02 8.821623654718896432e+03
7.592347461229786987e-02 8.801045839113989132e+03
7.606348774086199582e-02 8.780381717228336129e+03
7.620375907252166514e-02 8.759631666860350379e+03
7.634428908343823816e-02 8.738796072102322796e+03
7.648507825065113674e-02 8.717875323328498780e+03
7.662612705207950958e-02 8.696869817182861880e+03
7.676743596652395307e-02 8.675779956565986140e+03
7.690900547366788520e-02 8.654606150621557390e+03
7.705083605407943292e-02 8.633348814721790404e+03
7.719292818921288934e-02 8.612008370452587769e+03
7.733528236141042067e-02 8.590585245597818357e+03
7.747789905390380094e-02 8.569079887197403878e+03
7.762077875081581368e-02 8.547492978771288108e+03
7.776392193716208379e-02 8.525825404406463349e+03
7.790732909885268731e-02 8.504078056164998998e+03
7.805100072269371969e-02 8.482251827610813052e+03
7.819493729638912760e-02 8.460347613749274387e+03
7.833913930854215224e-02 8.438366310966581295e+03
7.848360724865710569e-02 8.416308816969538384e+03
7.862834160714103626e-02 8.394176030725147939e+03
7.877334287530531054e-02 8.371968852400334072e+03
7.891861154536745915e-02 8.349688183301679601e+03
7.906414811045260616e-02 8.327334925815392126e+03
7.920995306459531482e-02 8.304909983347144589e+03
7.935602690274121129e-02 8.282414260262130483e+03
7.950237012074863607e-02 8.259848661825108138e+03
7.964898321539044812e-02 8.237214094140701491e+03
7.979586668435555141e-02 8.214511464093602626e+03
7.994302102625064355e-02 8.191741679289007152e+03
8.009044674060192270e-02 8.168905647993096864e+03
8.023814432785687789e-02 8.146004279073641555e+03
8.038611428938578773e-02 8.123038568885483073e+03
8.053435712748353847e-02 8.100009910319971823e+03
8.068287334537134481e-02 8.076919804438781284e+03
8.083166344719835972e-02 8.053769745823049561e+03
8.098072793804360348e-02 8.030561222462400110e+03
8.113006732391739306e-02 8.007295715655045569e+03
8.127968211176325730e-02 7.983974699909682386e+03
8.142957280945956056e-02 7.960599642849364500e+03
8.157973992582125133e-02 7.937172005117192384e+03
8.173018397060172191e-02 7.913693240284122112e+03
8.188090545449427937e-02 7.890164794758280550e+03
8.203190488913408851e-02 7.866588107696526095e+03
8.218318278709980940e-02 7.842964610917632854e+03
8.233473966191533211e-02 7.819295728817520285e+03
8.248657602805167799e-02 7.795582878286233608e+03
8.263869240092851232e-02 7.771827468626724112e+03
8.279108929691604557e-02 7.748030901475782230e+03
8.294376723333671264e-02 7.724194570726374877e+03
8.309672672846694919e-02 7.700319862452189227e+03
8.324996830153907901e-02 7.676408155449319565e+03
8.340349247274282674e-02 7.652460979040683014e+03
8.355729976322727459e-02 7.628480220095267214e+03
8.371139069510256936e-02 7.604467802739645776e+03
8.386576579144165711e-02 7.580425635622381378e+03
8.402042557628221220e-02 7.556355611828727888e+03
8.417537057462819161e-02 7.532259608799487069e+03
8.433060131245179170e-02 7.508139488254048956e+03
8.448611831669508576e-02 7.483997096117544970e+03
8.464192211527206411e-02 7.459834262451902759e+03
8.479801323707010507e-02 7.435652801391245703e+03
8.495439221195201507e-02 7.411454511080925840e+03
8.511105957075769390e-02 7.387241173620758673e+03
8.526801584530595279e-02 7.363014555011996890e+03
8.542526156839648499e-02 7.338776405108168547e+03
8.558279727381139235e-02 7.314528457569785132e+03
8.574062349631721147e-02 7.290272429822734011e+03
8.589874077166662070e-02 7.266010023020477092e+03
8.605714963660031358e-02 7.241742922009722861e+03
8.621585062884888628e-02 7.217472795299937388e+03
8.637484428713447515e-02 7.193201309194369060e+03
8.653413115117271348e-02 7.168930412390123820e+03
8.669371176167457727e-02 7.144662317395574973e+03
8.685358666034813380e-02 7.120399223514617915e+03
8.701375638990052619e-02 7.096143305363338186e+03
8.717422149403963871e-02 7.071896712869511248e+03
8.733498251747606744e-02 7.047661571278192241e+03
8.749604000592488273e-02 7.023439981163704033e+03
8.765739450610753047e-02 6.999234018447828930e+03
8.781904656575380275e-02 6.975045734423970316e+03
8.798099673360343376e-02 6.950877155787186894e+03
8.814324555940818151e-02 6.926730284670340552e+03
8.830579359393353478e-02 6.902607098685662095e+03
8.846864138896083640e-02 6.878509550972036777e+03
8.863178949728883760e-02 6.854439570247912343e+03
8.879523847273576576e-02 6.830399060869471214e+03
8.895898887014119794e-02 6.806389902894078659e+03
8.912304124536782335e-02 6.782413952149159741e+03
8.928739615530356666e-02 6.758473040305724680e+03
8.945205415786319780e-02 6.734568975213622252e+03
8.961701581199039979e-02 6.710703660754532393e+03
8.978228167765962831e-02 6.686879285211135539e+03
8.994785231587794361e-02 6.663098056338707465e+03
9.011372828868713381e-02 6.639362151391795123e+03
9.027991015916533857e-02 6.615673717261378442e+03
9.044639849142911692e-02 6.592034870618662353e+03
9.061319385063532073e-02 6.568447698066049270e+03
9.078029680298303761e-02 6.544914256294573534e+03
9.094770791571556157e-02 6.521436572247980621e+03
9.111542775712219711e-02 6.498016643293103698e+03
9.128345689654024375e-02 6.474656437396522051e+03
9.145179590435696670e-02 6.451357893307118502e+03
9.162044535201144257e-02 6.428122920744571275e+03
9.178940581199669657e-02 6.404953400593630249e+03
9.195867785786138171e-02 6.381851185103807438e+03
9.212826206421188824e-02 6.358818098094598099e+03
9.229815900671425877e-02 6.335855935165846859e+03
9.246836926209607566e-02 6.312966463913248845e+03
9.263889340814868145e-02 6.290151424465120726e+03
9.280973202372873321e-02 6.267412599662807224e+03
9.298088568876049231e-02 6.244751901956075017e+03
9.315235498423755922e-02 6.222171234968991484e+03
9.332414049222517716e-02 6.199672471891616624e+03
9.349624279586181419e-02 6.177257455757190655e+03
9.366866247936136980e-02 6.154927999724567599e+03
9.384140012801513164e-02 6.132685887366093084e+03
9.401445632819367682e-02 6.110532872960377063e+03
9.418783166734909229e-02 6.088470681790121489e+03
9.436152673401666802e-02 6.066501010444527310e+03
9.453554211781703409e-02 6.044625527126499037e+03
9.470987840945820080e-02 6.022845871963930222e+03
9.488453620073747374e-02 6.001163657325671011e+03
9.505951608454364654e-02 5.979580468141110032e+03
9.523481865485872166e-02 5.958097862224172786e+03
9.541044450676018640e-02 5.936717370600765207e+03
9.558639423642285859e-02 5.915440497840041644e+03
9.576266844112098220e-02 5.894268722389149843e+03
9.593926771923039221e-02 5.873203498361946913e+03
9.611619267023024937e-02 5.852246267797876499e+03
9.629344389470530230e-02 5.831398454653077351e+03
9.647102199434784420e-02 5.810661457892725593e+03
9.664892757195973905e-02 5.790036651773507401e+03
9.682716123145462817e-02 5.769525386200976754e+03
9.700572357785970656e-02 5.749128987089564362e+03
9.718461521731797115e-02 5.728848756725161365e+03
9.736383675709024688e-02 5.708685974130120485e+03
9.754338880555714353e-02 5.688641895430660952e+03
9.772327197222138717e-02 5.668717754226389843e+03
9.790348686770954101e-02 5.648914761962072589e+03
9.808403410377430909e-02 5.629234108301277956e+03
9.826491429329649308e-02 5.609676961501962978e+03
9.844612805028728209e-02 5.590244468793925080e+03
9.862767598989002904e-02 5.570937756757908573e+03
9.880955872838256826e-02 5.551757931706333693e+03
9.899177688317918611e-02 5.532706080065544484e+03
9.917433107283274429e-02 5.513783241674200326e+03
9.935722191703696970e-02 5.494990226025508491e+03
9.954045003662820301e-02 5.476327727667581712e+03
9.972401605358774401e-02 5.457796426748173872e+03
9.990792059104393330e-02 5.439396989912314893e+03
1.000921642732741645e-01 5.421130070608964161e+03
1.002767477257073131e-01 5.402996309397556615e+03
1.004616715749252626e-01 5.384996334254721660e+03
1.006469364486656942e-01 5.367130760880816524e+03
1.008325429758239467e-01 5.349400193006455993e+03
1.010184917864547782e-01 5.331805222698962098e+03
1.012047835117752953e-01 5.314346430668715584e+03
1.013914187841662568e-01 5.297024386575281824e+03
1.015783982371748911e-01 5.279839649333485795e+03
1.017657225055167702e-01 5.262792767419186930e+03
1.019533922250777103e-01 5.245884279175063057e+03
1.021414080329165336e-01 5.229114713115878658e+03
1.023297705672665120e-01 5.212484584400764106e+03
1.025184804675382116e-01 5.195994196631576415e+03
1.027075383743213388e-01 5.179643548877468675e+03
1.028969449293866550e-01 5.163432613916670562e+03
1.030867007756888082e-01 5.147361362656828533e+03
1.032768065573677757e-01 5.131429764295260611e+03
1.034672629197516680e-01 5.115637786478381713e+03
1.036580705093587129e-01 5.099985395460551445e+03
1.038492299738990876e-01 5.084472556262120634e+03
1.040407419622778329e-01 5.069099232826947627e+03
1.042326071245962410e-01 5.053865388179229740e+03
1.044248261121548255e-01 5.038770984579623473e+03
1.046173995774551391e-01 5.023815983680864520e+03
1.048103281742017584e-01 5.009000346682774762e+03
1.050036125573051704e-01 4.994324034486632627e+03
1.051972533828832157e-01 4.979787007849045949e+03
1.053912513082639890e-01 4.965389227535242753e+03
1.055856069919878099e-01 4.951130643346858960e+03
1.057803210938091099e-01 4.937010841565709597e+03
1.059753942746994165e-01 4.923028977243187910e+03
1.061708271968487549e-01 4.909184189346703533e+03
1.063666205236686452e-01 4.895475626717810883e+03
1.065627749197940177e-01 4.881902447990895780e+03
1.067592910510851562e-01 4.868463821512848881e+03
1.069561695846306254e-01 4.855158925263783203e+03
1.071534111887491592e-01 4.841986946778833953e+03
1.073510165329916582e-01 4.828947083070978806e+03
1.075489862881442021e-01 4.816038540554814972e+03
1.077473211262294367e-01 4.803260534971411289e+03
1.079460217205096412e-01 4.790612291314144386e+03
1.081450887454886989e-01 4.778093043755450708e+03
1.083445228769140123e-01 4.765702035574705405e+03
1.085443247917796256e-01 4.753438519086919769e+03
1.087444951683275846e-01 4.741301755572500042e+03
1.089450346860510316e-01 4.729290877890206502e+03
1.091459440256962177e-01 4.717404482037003618e+03
1.093472238692644177e-01 4.705641043348458879e+03
1.095488749000150669e-01 4.693999053824786643e+03
1.097508978024671900e-01 4.682477021855665043e+03
1.099532932624024545e-01 4.671073471949704981e+03
1.101560619668672525e-01 4.659786944468442016e+03
1.103592046041746016e-01 4.648615995364911214e+03
1.105627218639073372e-01 4.637559195926450229e+03
1.107666144369194999e-01 4.626615132522061685e+03
1.109708830153395415e-01 4.615782406353762781e+03
1.111755282925722677e-01 4.605059633212310473e+03
1.113805509633008506e-01 4.594445443236969368e+03
1.115859517234900483e-01 4.583938480679278655e+03
1.117917312703875926e-01 4.573537403670858112e+03
1.119978903025273947e-01 4.563240883984408356e+03
1.122044295197315300e-01 4.553047447856496547e+03
1.124113496231123194e-01 4.542955077082226126e+03
1.126186513150754798e-01 4.532961649899459189e+03
1.128263352993215951e-01 4.523065064533300756e+03
1.130344022808493221e-01 4.513263238811064184e+03
1.132428529659574301e-01 4.503554109786821755e+03
1.134516880622468277e-01 4.493935633375379439e+03
1.136609082786238512e-01 4.484405783995637648e+03
1.138705143253016389e-01 4.474962554222997824e+03
1.140805069138034339e-01 4.465603954450852143e+03
1.142908867569645964e-01 4.456328012560908064e+03
1.145016545689347548e-01 4.447132773602238558e+03
1.147128110651809418e-01 4.438016299478938890e+03
1.149243569624891492e-01 4.428976668646212602e+03
1.151362929789676026e-01 4.420011975814803918e+03
1.153486198340487878e-01 4.411120313977941805e+03
1.155613382484915463e-01 4.402299442481441474e+03
1.157744489443844338e-01 4.393546818932371025e+03
1.159879526451470938e-01 4.384859909648510438e+03
1.162018500755336442e-01 4.376236201233612519e+03
1.164161419616347448e-01 4.367673200235751210e+03
1.166308290308797069e-01 4.359168432819617919e+03
1.168459120120397959e-01 4.350719444453091455e+03
1.170613916352297307e-01 4.342323799607585897e+03
1.172772686319110552e-01 4.333979081471978134e+03
1.174935437348941930e-01 4.325682891680248758e+03
1.177102176783406534e-01 4.317432850052203321e+03
1.179272911977661403e-01 4.309226594347534956e+03
1.181447650300427865e-01 4.301061780032629031e+03
1.183626399134012630e-01 4.292936080060426320e+03
1.185809165874340959e-01 4.284847178421556237e+03
1.187995957930972346e-01 4.276792593104469233e+03
1.190186782727134240e-01 4.268769652345667055e+03
1.192381647699743696e-01 4.260775692797808006e+03
1.194580560299428607e-01 4.252808070711324945e+03
1.196783527990561563e-01 4.244864161767271980e+03
1.198990558251275818e-01 4.236941360926756715e+03
1.201201658573499004e-01 4.229037082296051267e+03
1.203416836462974648e-01 4.221148759007905937e+03
1.205636099439284376e-01 4.213273843118325203e+03
1.207859455035881907e-01 4.205409805518888788e+03
1.210086910800108606e-01 4.197554135864316777e+03
1.212318474293227755e-01 4.189704342515061398e+03
1.214554153090446897e-01 4.181857952494891833e+03
1.216793954780939352e-01 4.174012511463019109e+03
1.219037886967879042e-01 4.166165563363286310e+03
1.221285957268456041e-01 4.158314507273568779e+03
1.223538173313911404e-01 4.150456683414779945e+03
1.225794542749558957e-01 4.142589452157217238e+03
1.228055073234808059e-01 4.134710194586050420e+03
1.230319772443198151e-01 4.126816312569186266e+03
1.232588648062414305e-01 4.118905228841473217e+03
1.234861707794322749e-01 4.110974387105105052e+03
1.237138959354992934e-01 4.103021252145945255e+03
1.239420410474720013e-01 4.095043309965450590e+03
1.241706068898060095e-01 4.087038067928047440e+03
1.243995942383845643e-01 4.079003054923775380e+03
1.246290038705222120e-01 4.070935821545670478e+03
1.248588365649668797e-01 4.062833940281943796e+03
1.250890931019023045e-01 4.054695009944171034e+03
1.253197742629514611e-01 4.046516757747724114e+03
1.255508808311782132e-01 4.038297043843338543e+03
1.257824135910909358e-01 4.030033754637057427e+03
1.260143733286447076e-01 4.021724797712724467e+03
1.262467608312436429e-01 4.013368102077788535e+03
1.264795768877444437e-01 4.004961618419330534e+03
1.267128222884580380e-01 3.996503319370351164e+03
1.269464978251532150e-01 3.987991199785908066e+03
1.271806042910588741e-01 3.979423277028889970e+03
1.274151424808663280e-01 3.970797591265253686e+03
1.276501131907329945e-01 3.962112205768319654e+03
1.278855172182838951e-01 3.953365207232053308e+03
1.281213553626154300e-01 3.944554706092845663e+03
1.283576284242976540e-01 3.935678844592612222e+03
1.285943372053765521e-01 3.926735928336428060e+03
1.288314825093777316e-01 3.917724406588654801e+03
1.290690651413080592e-01 3.908642755209018105e+03
1.293070859076594081e-01 3.899489472952087908e+03
1.295455456164108510e-01 3.890263081782416975e+03
1.297844450770311020e-01 3.880962127193999549e+03
1.300237851004822365e-01 3.871585178533930502e+03
1.302635664992212172e-01 3.862130829330157667e+03
1.305037900872038081e-01 3.852597697622813484e+03
1.307444566798867391e-01 3.842984426299164170e+03
1.309855670942301209e-01 3.833289683431683443e+03
1.312271221487011641e-01 3.823512162619043465e+03
1.314691226632763166e-01 3.813650583329890196e+03
1.317115694594438724e-01 3.803703792821393563e+03
1.319544633602075245e-01 3.793671099056476578e+03
1.321978051900882245e-01 3.783551947710805052e+03
1.324415957751277906e-01 3.773345804606487491e+03
1.326858359428914336e-01 3.763052155909327666e+03
1.329305265224700328e-01 3.752670508325891660e+03
1.331756683444840217e-01 3.742200389298553546e+03
1.334212622410850535e-01 3.731641347198751646e+03
1.336673090459597757e-01 3.720992951518019254e+03
1.339138095943322726e-01 3.710254793056698418e+03
1.341607647229664801e-01 3.699426484110327237e+03
1.344081752701700161e-01 3.688507658653390536e+03
1.346560420757958731e-01 3.677497972520375697e+03
1.349043659812462492e-01 3.666397153604888445e+03
1.351531478294750177e-01 3.655205417523659889e+03
1.354023884649901976e-01 3.643923249431291879e+03
1.356520887338576453e-01 3.632551149916810573e+03
1.359022494837030248e-01 3.621089632392807744e+03
1.361528715637155273e-01 3.609539223065951774e+03
1.364039558246503137e-01 3.597900460904716056e+03
1.366555031188310676e-01 3.586173897604113790e+03
1.369075143001538819e-01 3.574360097547538771e+03
1.371599902240888680e-01 3.562459637765739444e+03
1.374129317476842915e-01 3.550473107892719327e+03
1.376663397295688762e-01 3.538401110118803444e+03
1.379202150299543017e-01 3.526244259140717077e+03
1.381745585106392005e-01 3.514003251311585245e+03
1.384293710350109619e-01 3.501679309207943788e+03
1.386846534680495346e-01 3.489273891396684576e+03
1.389404066763300361e-01 3.476788458117402570e+03
1.391966315280252220e-01 3.464224469882574340e+03
1.394533288929094283e-01 3.451583387229746677e+03
1.397104996423604861e-01 3.438866670475821593e+03
1.399681446493634684e-01 3.426075779473549574e+03
1.402262647885134939e-01 3.413212173370055098e+03
1.404848609360179745e-01 3.400277310367780046e+03
1.407439339697008351e-01 3.387272647487481663e+03
1.410034847690042337e-01 3.374199640333669777e+03
1.412635142149925860e-01 3.361059743533519850e+03
1.415240231903550638e-01 3.347854639688813222e+03
1.417850125794082317e-01 3.334586568320285551e+03
1.420464832681000156e-01 3.321257838463027838e+03
1.423084361440115908e-01 3.307870742400094514e+03
1.425708720963614062e-01 3.294427555295841103e+03
1.428337920160076824e-01 3.280930534841643293e+03
1.430971967954511315e-01 3.267381920913726390e+03
1.433610873288388987e-01 3.253783935242995085e+03
1.436254645119665052e-01 3.240138781097049105e+03
1.438903292422818447e-01 3.226448642973938149e+03
1.441556824188878483e-01 3.212715686307906708e+03
1.444215249425450653e-01 3.198942057186798138e+03
1.446878577156757717e-01 3.185129953943360761e+03
1.449546816423658291e-01 3.171282047017282821e+03
1.452219976283687930e-01 3.157401183800862782e+03
1.454898065811085772e-01 3.143490178451054817e+03
1.457581094096820074e-01 3.129551810863409628e+03
1.460269070248629286e-01 3.115588826403980875e+03
1.462962003391047316e-01 3.101603935663601533e+03
1.465659902665430447e-01 3.087599814234044516e+03
1.468362777229998695e-01 3.073579102505746960e+03
1.471070636259855235e-01 3.059544405486816686e+03
1.473783488947028597e-01 3.045498292642788329e+03
1.476501344500497082e-01 3.031443297756824450e+03
1.479224212146218742e-01 3.017381969381188810e+03
1.481952101127170240e-01 3.003317253903139317e+03
1.484685020703368219e-01 2.989252273970011174e+03
1.487422980151910656e-01 2.975190104714496101e+03
1.490165988767003236e-01 2.961133771914804129e+03
1.492914055859987099e-01 2.947086251997227919e+03
1.495667190759381038e-01 2.933050472068373892e+03
1.498425402810900364e-01 2.919029309976407603e+03
1.501188701377500212e-01 2.905025594400460704e+03
1.503957095839401903e-01 2.891042104967560135e+03
1.506730595594120981e-01 2.877081572396242791e+03
1.509509210056508843e-01 2.863146678666025309e+03
1.512292948658773284e-01 2.849240109156883136e+03
1.515081820850521233e-01 2.835364743555299810e+03
1.517875836098785403e-01 2.821523479069635869e+03
1.520675003888052879e-01 2.807719157980448927e+03
1.523479333720307305e-01 2.793954567972375571e+03
1.526288835115049147e-01 2.780232442504304800e+03
1.529103517609338991e-01 2.766555461206670316e+03
1.531923390757824466e-01 2.752926250304983114e+03
1.534748464132769108e-01 2.739347383068781255e+03
1.537578747324095385e-01 2.725821380284826319e+03
1.540414249939403846e-01 2.712350710754111788e+03
1.543254981604018361e-01 2.698937793658506962e+03
1.546100951961012493e-01 2.685585073191804440e+03
1.548952170671238637e-01 2.672295042529722195e+03
1.551808647413371323e-01 2.659070148533312931e+03
1.554670391883927194e-01 2.645912785273762893e+03
1.557537413797309978e-01 2.632825294702800420e+03
1.560409722885837402e-01 2.619809967343833705e+03
1.563287328899770623e-01 2.606869043002844137e+03
1.566170241607357794e-01 2.594004711498223969e+03
1.569058470794854332e-01 2.581219113408648809e+03
1.571952026266568436e-01 2.568514340838161388e+03
1.574850917844888010e-01 2.555892438182848764e+03
1.577755155370310081e-01 2.543355359425892402e+03
1.580664748701485767e-01 2.530904874844173264e+03
1.583579707715239981e-01 2.518542685513948072e+03
1.586500042306616676e-01 2.506270452106578887e+03
1.589425762388907704e-01 2.494089795663194764e+03
1.592356877893681688e-01 2.482002298378614796e+03
1.595293398770828708e-01 2.470009504394034138e+03
1.598235334988581113e-01 2.458112920597996435e+03
1.601182696533559047e-01 2.446314017434991911e+03
1.604135493410799862e-01 2.434614229721460106e+03
1.607093735643785604e-01 2.423014957468482407e+03
1.610057433274490468e-01 2.411517497539806300e+03
1.613026596363400234e-01 2.400122832338362059e+03
1.616001234989558888e-01 2.388831846386035977e+03
1.618981359250597218e-01 2.377645400542372954e+03
1.621966979262762509e-01 2.366564332665593611e+03
1.624958105160962951e-01 2.355589458274397657e+03
1.627954747098796784e-01 2.344721571210563070e+03
1.630956915248581718e-01 2.333961444302076416e+03
1.633964619801401286e-01 2.323309830026645614e+03
1.636977870967126492e-01 2.312767461175530116e+03
1.639996678974461053e-01 2.302335051218972239e+03
1.643021054070972486e-01 2.292013099087499086e+03
1.646051006523120419e-01 2.281801556804543907e+03
1.649086546616304605e-01 2.271700282615276137e+03
1.652127684654885464e-01 2.261709132454732298e+03
1.655174430962230991e-01 2.251827960209491721e+03
1.658226795880747007e-01 2.242056617977406859e+03
1.661284789771907133e-01 2.232394956325277690e+03
1.664348423016299428e-01 2.222842824544643463e+03
1.667417706013648582e-01 2.213400070905594930e+03
1.670492649182863110e-01 2.204066542908772590e+03
1.673573262962064767e-01 2.194842073057626294e+03
1.676659557808620193e-01 2.185726130002355148e+03
1.679751544199187263e-01 2.176717807502856886e+03
1.682849232629737291e-01 2.167816193775204738e+03
1.685952633615602769e-01 2.159020389697715018e+03
1.689061757691508459e-01 2.150329508675598845e+03
1.692176615411600527e-01 2.141742676507705255e+03
1.695297217349495678e-01 2.133259031255288846e+03
1.698423574098303357e-01 2.124877723112981130e+03
1.701555696270672657e-01 2.116597914281664544e+03
1.704693594498823961e-01 2.108418778835110516e+03
1.707837279434579747e-01 2.100339315799836186e+03
1.710986761749413165e-01 2.092357871857764167e+03
1.714142052134469685e-01 2.084472669276350643e+03
1.717303161300615666e-01 2.076681956359074320e+03
1.720470099978470557e-01 2.068984006882521498e+03
1.723642878918436594e-01 2.061377119547068105e+03
1.726821508890748480e-01 2.053859617440674810e+03
1.730006000685495315e-01 2.046429847515653364e+03
1.733196365112670279e-01 2.039086180078034886e+03
1.736392613002201712e-01 2.031827008289249079e+03
1.739594755203984211e-01 2.024650682482684942e+03
1.742802802587928024e-01 2.017555079902276475e+03
1.746016766043982094e-01 2.010537879230500721e+03
1.749236656482183461e-01 2.003596789634586457e+03
1.752462484832688072e-01 1.996729551265639657e+03
1.755694262045804088e-01 1.989933934553703693e+03
1.758931999092039900e-01 1.983207739527399326e+03
1.762175706962127997e-01 1.976548795157673567e+03
1.765425396667074931e-01 1.969954958725015786e+03
1.768681079238192955e-01 1.963424115209658112e+03
1.771942765727131663e-01 1.956954121554734911e+03
1.775210467205929621e-01 1.950542355583294011e+03
1.778484194767035731e-01 1.944185956236602124e+03
1.781763959523360030e-01 1.937882095983353338e+03
1.785049772608306995e-01 1.931627982775108194e+03
1.788341645175806627e-01 1.925420859371984534e+03
1.791639588400364136e-01 1.919258002707821106e+03
1.794943613477091859e-01 1.913136723293958994e+03
1.798253731621742013e-01 1.907054364660865531e+03
1.801569954070757207e-01 1.901008302836745088e+03
1.804892292081294314e-01 1.894995998080343270e+03
1.808220756931275819e-01 1.889015260779197433e+03
1.811555359919421737e-01 1.883064048363523170e+03
1.814896112365283476e-01 1.877140343119073577e+03
1.818243025609293795e-01 1.871242151668149745e+03
1.821596111012792063e-01 1.865367504702677479e+03
1.824955379958075052e-01 1.859514456738066883e+03
1.828320843848429134e-01 1.853681085887587415e+03
1.831692514108165526e-01 1.847865493656710896e+03
1.835070402182670257e-01 1.842065803825256353e+03
1.838454519538428311e-01 1.836279822169230329e+03
1.841844877663076918e-01 1.830504536230725762e+03
1.845241488065437196e-01 1.824736842461688866e+03
1.848644362275549125e-01 1.818973676487414650e+03
1.852053511844722888e-01 1.813212013002351341e+03
1.855468948345563307e-01 1.807448865716721912e+03
1.858890683372022290e-01 1.801681287352718527e+03
1.862318728539432422e-01 1.795906369689247640e+03
1.865753095484541380e-01 1.790121243653995634e+03
1.869193795865563279e-01 1.784323084245198061e+03
1.872640841362205044e-01 1.778509168344114869e+03
1.876094243675717199e-01 1.772676855429396710e+03
1.879554014528929673e-01 1.766823544385289097e+03
1.883020165666284829e-01 1.760946672877454148e+03
1.886492708853891032e-01 1.755043717685111005e+03
1.889971655879547352e-01 1.749112195069170639e+03
1.893457018552797133e-01 1.743149661175032406e+03
1.896948808704961853e-01 1.737153712469072161e+03
1.900447038189175542e-01 1.731121988199700581e+03
1.903951718880438904e-01 1.725052365078849562e+03
1.907462862675644300e-01 1.718943116973634005e+03
1.910980481493629035e-01 1.712792590301036398e+03
1.914504587275210890e-01 1.706599165764439476e+03
1.918035191983221144e-01 1.700361258800156520e+03
1.921572307602561203e-01 1.694077320036551782e+03
1.925115946140225631e-01 1.687745835764911590e+03
1.928666119625357944e-01 1.681365328421208005e+03
1.932222840109284467e-01 1.674934357101946489e+03
1.935786119665550420e-01 1.668451613835068201e+03
1.939355970389973760e-01 1.661916139086143176e+03
1.942932404400670721e-01 1.655327068533962802e+03
1.946515433838111875e-01 1.648683568902165007e+03
1.950105070865155166e-01 1.641984838325506189e+03
1.953701327667083376e-01 1.635230106715330294e+03
1.957304216451658530e-01 1.628418636123546321e+03
1.960913749449146870e-01 1.621549721104683385e+03
1.964529938912375484e-01 1.614622689075833932e+03
1.968152797116766994e-01 1.607637033088687986e+03
1.971782336360375643e-01 1.600592779368261972e+03
1.975418568963943078e-01 1.593490095676927467e+03
1.979061507270923892e-01 1.586329170385097086e+03
1.982711163647541408e-01 1.579110212527852582e+03
1.986367550482824873e-01 1.571833451854437271e+03
1.990030680188643319e-01 1.564499138870460229e+03
1.993700565199761909e-01 1.557107544872542576e+03
1.997377217973876906e-01 1.549658962172187785e+03
2.001060650991651757e-01 1.542153884944837046e+03
2.004750876756774824e-01 1.534593338189821225e+03
2.008447907795984366e-01 1.526978444398550437e+03
2.012151756659125712e-01 1.519310331033465673e+03
2.015862435919187901e-01 1.511590130244948796e+03
2.019579958172340040e-01 1.503818978587896709e+03
2.023304336037988760e-01 1.495998016737919443e+03
2.027035582158803750e-01 1.488128389207488681e+03
2.030773709200776600e-01 1.480211250151161948e+03
2.034518729853255770e-01 1.472248068170287752e+03
2.038270656828985172e-01 1.464240760223208554e+03
2.042029502864159962e-01 1.456191264673084561e+03
2.045795280718455678e-01 1.448101504347825312e+03
2.049568003175083197e-01 1.439973386048846123e+03
2.053347683040828708e-01 1.431808800077054229e+03
2.057134333146088678e-01 1.423609619776017098e+03
2.060927966344928974e-01 1.415377701092134657e+03
2.064728595515112064e-01 1.407114924659408416e+03
2.068536233558155024e-01 1.398823537273928423e+03
2.072350893399366734e-01 1.390505961863391349e+03
2.076172587987886176e-01 1.382164589123038013e+03
2.080001330296740447e-01 1.373801775093123979e+03
2.083837133322872237e-01 1.365419840742250244e+03
2.087680010087198945e-01 1.357021071584794754e+03
2.091529973634649597e-01 1.348607717332028415e+03
2.095387037034204814e-01 1.340181992815636931e+03
2.099251213378952874e-01 1.331746223564424326e+03
2.103122515786120805e-01 1.323302977619079002e+03
2.107000957397130447e-01 1.314854807310169235e+03
2.110886551377638976e-01 1.306404216073529369e+03
2.114779310917576371e-01 1.297953658296156163e+03
2.118679249231205375e-01 1.289505539206259527e+03
2.122586379557148129e-01 1.281062214806239353e+03
2.126500715158447796e-01 1.272625991847257410e+03
2.130422269322606588e-01 1.264199150833097292e+03
2.134351055361623228e-01 1.255784047080710252e+03
2.138287086612055410e-01 1.247383024881887877e+03
2.142230376435045602e-01 1.238998374547234107e+03
2.146180938216382950e-01 1.230632332566116474e+03
2.150138785366541572e-01 1.222287081842033103e+03
2.154103931320720255e-01 1.213964751966954509e+03
2.158076389538902407e-01 1.205667419533133170e+03
2.162056173505884638e-01 1.197397119305499245e+03
2.166043296731338386e-01 1.189155957144972263e+03
2.170037772749848493e-01 1.180946061969045331e+03
2.174039615120952618e-01 1.172769506712443899e+03
2.178048837429202855e-01 1.164628307560037456e+03
2.182065453284194601e-01 1.156524424525400036e+03
2.186089476320627334e-01 1.148459762063059543e+03
2.190120920198345422e-01 1.140436169712979790e+03
2.194159798602376699e-01 1.132455437423519243e+03
2.198206125242994635e-01 1.124519210023116102e+03
2.202259913855747764e-01 1.116629005364372688e+03
2.206321178201521849e-01 1.108786291697923616e+03
2.210389932066579022e-01 1.100992490838315007e+03
2.214466189262598306e-01 1.093248978884494136e+03
2.218549963626736954e-01 1.085557086957285946e+03
2.222641269021669030e-01 1.077918101952827101e+03
2.226740119335626489e-01 1.070333264144730947e+03
2.230846528482462454e-01 1.062803720121785318e+03
2.234960510401679812e-01 1.055330534887117210e+03
2.239082079058494490e-01 1.047914733838179700e+03
2.243211248443876260e-01 1.040557304748876732e+03
2.247348032574589538e-01 1.033259198540086345e+03
2.251492445493256112e-01 1.026021330057167006e+03
2.255644501268385949e-01 1.018844578853765483e+03
2.259804213994439093e-01 1.011729767884363127e+03
2.263971597791868406e-01 1.004677468033928221e+03
2.268146666807159539e-01 9.976880990190265948e+02
2.272329435212895876e-01 9.907620569789128240e+02
2.276519917207786847e-01 9.838997165646047733e+02
2.280718127016733987e-01 9.771014315043101988e+02
2.284924078890871180e-01 9.703675351670361806e+02
2.289137787107606292e-01 9.636983411241770909e+02
2.293359265970685568e-01 9.570940824056398242e+02
2.297588529810224989e-01 9.505546941797626914e+02
2.301825592982773283e-01 9.440800223932569679e+02
2.306070469871354944e-01 9.376699066420935651e+02
2.310323174885511865e-01 9.313241804370828731e+02
2.314583722461368009e-01 9.250426714583842340e+02
2.318852127061660218e-01 9.188252018066918936e+02
2.323128403175803991e-01 9.126715856160878957e+02
2.327412565319935123e-01 9.065814368952136419e+02
2.331704628036951610e-01 9.005540456221939394e+02
2.336004605896580544e-01 8.945886801666072188e+02
2.340312513495407809e-01 8.886846186911445784e+02
2.344628365456944141e-01 8.828411490082092996e+02
2.348952176431668981e-01 8.770575684387682713e+02
2.353283961097071275e-01 8.713331836734842000e+02
2.357623734157716644e-01 8.656672647864115788e+02
2.361971510345279024e-01 8.600587124056951325e+02
2.366327304418606448e-01 8.545062596612883681e+02
2.370691131163764065e-01 8.490086626813240400e+02
2.375063005394077442e-01 8.435647014602553782e+02
2.379442941950199453e-01 8.381731793590410007e+02
2.383830955700141918e-01 8.328329226199780351e+02
2.388227061539341944e-01 8.275427761724567972e+02
2.392631274390706053e-01 8.223013706036256281e+02
2.397043609204653758e-01 8.171069915032966264e+02
2.401464080959183900e-01 8.119579280057973847e+02
2.405892704659908232e-01 8.068525057207647251e+02
2.410329495340117201e-01 8.017890859996689414e+02
2.414774468060825185e-01 7.967660652346510233e+02
2.419227637910813800e-01 7.917818741885581630e+02
2.423689020006699890e-01 7.868349188692943699e+02
2.428158629492967735e-01 7.819233981342314337e+02
2.432636481542037599e-01 7.770454884009137686e+02
2.437122591354309586e-01 7.721994069703188188e+02
2.441616974158207776e-01 7.673834113625820237e+02
2.446119645210249882e-01 7.625957986920242320e+02
2.450630619795078347e-01 7.578349050802515876e+02
2.455149913225530001e-01 7.530990749860425240e+02
2.459677540842681309e-01 7.483864285594704597e+02
2.464213518015891669e-01 7.436949951234945502e+02
2.468757860142870852e-01 7.390228505373730741e+02
2.473310582649724532e-01 7.343681178567069310e+02
2.477871700990998960e-01 7.297289668673722645e+02
2.482441230649750363e-01 7.251036136659444082e+02
2.487019187137577136e-01 7.204903220904134287e+02
2.491605585994692007e-01 7.158874281075660519e+02
2.496200442789965057e-01 7.112933324523577312e+02
2.500803773120969797e-01 7.067064801794226696e+02
2.505415592614054221e-01 7.021253599282366622e+02
2.510035916924374111e-01 6.975485037421934749e+02
2.514664761735960763e-01 6.929744869185333300e+02
2.519302142761771779e-01 6.884019272763115396e+02
2.523948075743731589e-01 6.838294745734193611e+02
2.528602576452806394e-01 6.792558121836424334e+02
2.533265660689035248e-01 6.746796666577382666e+02
2.537937344281603336e-01 6.700998080359332789e+02
2.542617643088885826e-01 6.655150498481267505e+02
2.547306572998495611e-01 6.609242491333649241e+02
2.552004149927354915e-01 6.563263166794354220e+02
2.556710389821728047e-01 6.517203646070114473e+02
2.561425308657295230e-01 6.471056680722728061e+02
2.566148922439197011e-01 6.424815410061713692e+02
2.570881247202081998e-01 6.378473326879491196e+02
2.575622299010179583e-01 6.332024277859376298e+02
2.580372093957333246e-01 6.285462463992521407e+02
2.585130648167072720e-01 6.238782552707982632e+02
2.589897977792662842e-01 6.191980644351797309e+02
2.594674099017149071e-01 6.145053764036431403e+02
2.599459028053430765e-01 6.097999244532770717e+02
2.604252781144295592e-01 6.050814719191174618e+02
2.609055374562493368e-01 6.003498121765228461e+02
2.613866824610782680e-01 5.956047686155308156e+02
2.618687147621978628e-01 5.908462394109703837e+02
2.623516359959027211e-01 5.860743711525856270e+02
2.628354478015038631e-01 5.812893990231842736e+02
2.633201518213363346e-01 5.764915771172594532e+02
2.638057497007637586e-01 5.716811782703604194e+02
2.642922430881832763e-01 5.668584938980333163e+02
2.647796336350329849e-01 5.620238345262831672e+02
2.652679229957952689e-01 5.571776373214330533e+02
2.657571128280045714e-01 5.523205767950591962e+02
2.662472047922519458e-01 5.474533611091050034e+02
2.667382005521899968e-01 5.425767033078967643e+02
2.672301017745404850e-01 5.376913210350072632e+02
2.677229101290977131e-01 5.327979362464554924e+02
2.682166272887360203e-01 5.278972841671575225e+02
2.687112549294148889e-01 5.229902381594341705e+02
2.692067947301836073e-01 5.180777712041222003e+02
2.697032483731889863e-01 5.131608526579252612e+02
2.702006175436788005e-01 5.082404453149546839e+02
2.706989039300095601e-01 5.033175050930317980e+02
2.711981092236512292e-01 4.983929807439989190e+02
2.716982351191923328e-01 4.934679029196089459e+02
2.721992833143474511e-01 4.885435845569869002e+02
2.727012555099609936e-01 4.836213753282798393e+02
2.732041534100146385e-01 4.787025987186925136e+02
2.737079787216325499e-01 4.737885517938489102e+02
2.742127331550862634e-01 4.688805049928706694e+02
2.747184184238020133e-01 4.639797095976259129e+02
2.752250362443657838e-01 4.590875034706291444e+02
2.757325883365285280e-01 4.542052792372173258e+02
2.762410764232136051e-01 4.493343956788653486e+02
2.767505022305206119e-01 4.444761753786373220e+02
2.772608674877331536e-01 4.396319047292120672e+02
2.777721739273238399e-01 4.348028346117532124e+02
2.782844232849594479e-01 4.299902967736905453e+02
2.787976172995085267e-01 4.251958320758203058e+02
2.793117577130452833e-01 4.204209614331269904e+02
2.798268462708574100e-01 4.156671523546862090e+02
2.803428847214511910e-01 4.109358193487679500e+02
2.808598748165563874e-01 4.062283243758098479e+02
2.813778183111344533e-01 4.015459831206742365e+02
2.818967169633820324e-01 3.968900906070504675e+02
2.824165725347390632e-01 3.922618996457591152e+02
2.829373867898937189e-01 3.876626105718937083e+02
2.834591614967875706e-01 3.830933719285709458e+02
2.839818984266239132e-01 3.785552811952399566e+02
2.845055993538709860e-01 3.740493888374293192e+02
2.850302660562702983e-01 3.695767348498188767e+02
2.855559003148418484e-01 3.651383341731822725e+02
2.860825039138891746e-01 3.607351511268190620e+02
2.866100786410074042e-01 3.563680998713839472e+02
2.871386262870871398e-01 3.520380453732476553e+02
2.876681486463224524e-01 3.477458013596827868e+02
2.881986475162162109e-01 3.434920610759853048e+02
2.887301246975851887e-01 3.392774002177629882e+02
2.892625819945682797e-01 3.351023532672886063e+02
2.897960212146302728e-01 3.309674179691523364e+02
2.903304441685701787e-01 3.268730562051650850e+02
2.908658526705261149e-01 3.228196923363698261e+02
2.914022485379810790e-01 3.188076106912067189e+02
2.919396335917708307e-01 3.148369265933193901e+02
2.924780096560877785e-01 3.109077255063707526e+02
2.930173785584892499e-01 3.070200739301048998e+02
2.935577421299029877e-01 3.031740199399766311e+02
2.940991022046322012e-01 2.993695922902837196e+02
2.946414606203640041e-01 2.956067285156645994e+02
2.951848192181732999e-01 2.918852457702816423e+02
2.957291798425310536e-01 2.882049455235917321e+02
2.962745443413096202e-01 2.845656227271292664e+02
2.968209145657883519e-01 2.809670660590962825e+02
2.973682923706615910e-01 2.774090550214119162e+02
2.979166796140430007e-01 2.738912327215753635e+02
2.984660781574735577e-01 2.704130697941016024e+02
2.990164898659273263e-01 2.669740349013634955e+02
2.995679166078166755e-01 2.635736072116977766e+02
3.001203602550007732e-01 2.602112761715945908e+02
3.006738226827895266e-01 2.568865379279341710e+02
3.012283057699521316e-01 2.535988168319606189e+02
3.017838113987224569e-01 2.503474672505497836e+02
3.023403414548045398e-01 2.471318576577726276e+02
3.028978978273808020e-01 2.439513742556183900e+02
3.034564824091176560e-01 2.408054205394130918e+02
3.040160970961708342e-01 2.376934064534406730e+02
3.045767437881941042e-01 2.346146303687998511e+02
3.051384243883432656e-01 2.315683276179333632e+02
3.057011408032846433e-01 2.285537590713440466e+02
3.062648949432008050e-01 2.255702121695333915e+02
3.068296887217958346e-01 2.226170002588654029e+02
3.073955240563044367e-01 2.196934351430825245e+02
3.079624028674955438e-01 2.167986982513534144e+02
3.085303270796812547e-01 2.139319481558309519e+02
3.090992986207222737e-01 2.110923792002568575e+02
3.096693194220337397e-01 2.082792207215704821e+02
3.102403914185936640e-01 2.054917362475387392e+02
3.108125165489473152e-01 2.027292368817406896e+02
3.113856967552157129e-01 1.999911010251075538e+02
3.119599339831015672e-01 1.972767416453842486e+02
3.125352301818946632e-01 1.945855998434312255e+02
3.131115873044807985e-01 1.919171441936249778e+02
3.136890073073459462e-01 1.892708623699273573e+02
3.142674921505850261e-01 1.866460934280550532e+02
3.148470437979076775e-01 1.840420394521094352e+02
3.154276642166438105e-01 1.814579398070668503e+02
3.160093553777528208e-01 1.788930779937409739e+02
3.165921192558273645e-01 1.763467807057668040e+02
3.171759578291025727e-01 1.738184410677680205e+02
3.177608730794616587e-01 1.713076198547661022e+02
3.183468669924418015e-01 1.688139515448074519e+02
3.189339415572430281e-01 1.663370991856750152e+02
3.195220987667323209e-01 1.638767537088369295e+02
3.201113406174529441e-01 1.614326308932552649e+02
3.207016691096299388e-01 1.590043579335009269e+02
3.212930862471761184e-01 1.565914322828454885e+02
3.218855940377009506e-01 1.541933813251329184e+02
3.224791944925149978e-01 1.518097746168081130e+02
3.230738896266390214e-01 1.494402229842479244e+02
3.236696814588095883e-01 1.470844151965586946e+02
3.242665720114852324e-01 1.447422907322731760e+02
3.248645633108553366e-01 1.424138868798540898e+02
3.254636573868446847e-01 1.400992579518246828e+02
3.260638562731224543e-01 1.377984745893869274e+02
3.266651620071081563e-01 1.355116197216818819e+02
3.272675766299776301e-01 1.332386915268678536e+02
3.278711021866722031e-01 1.309795973170832042e+02
3.284757407259030204e-01 1.287342668724490693e+02
3.290814943001604265e-01 1.265026580349392873e+02
3.296883649657196269e-01 1.242847558663422660e+02
3.302963547826470725e-01 1.220806632086295878e+02
3.309054658148095074e-01 1.198907902822915190e+02
3.315157001298784101e-01 1.177156011754398008e+02
3.321270597993392637e-01 1.155555524570410171e+02
3.327395468984977733e-01 1.134110927976249883e+02
3.333531635064856391e-01 1.112826555687544641e+02
3.339679117062702707e-01 1.091706061622990234e+02
3.345837935846587841e-01 1.070752759226053143e+02
3.352008112323078826e-01 1.049969939808828343e+02
3.358189667437296300e-01 1.029360870249136752e+02
3.364382622172975568e-01 1.008928824732975897e+02
3.370586997552559860e-01 9.886779508692401919e+01
3.376802814637261396e-01 9.686132214623745540e+01
3.383030094527120224e-01 9.487394574705146510e+01
3.389268858361101922e-01 9.290612794309221556e+01
3.395519127317142005e-01 9.095831074754116230e+01
3.401780922612240854e-01 8.903092254819500795e+01
3.408054265502525881e-01 8.712438309806903192e+01
3.414339177283313709e-01 8.523909172787821831e+01
3.420635679289205089e-01 8.337542598695921470e+01
3.426943792894132645e-01 8.153374174120938278e+01
3.433263539511454132e-01 7.971437166153727105e+01
3.439594940594017380e-01 7.791762223838917123e+01
3.445938017634220807e-01 7.614377837477019284e+01
3.452292792164112778e-01 7.439310455188899596e+01
3.458659285755435464e-01 7.266584500781594613e+01
3.465037520019721429e-01 7.096224884912653863e+01
3.471427516608359687e-01 6.928265059850508578e+01
3.477829297212655657e-01 6.762738165417117386e+01
3.484242883563931081e-01 6.599673916848297495e+01
3.490668297433568434e-01 6.439098688963052552e+01
3.497105560633110288e-01 6.281033139123420028e+01
3.503554695014323705e-01 6.125481703899950503e+01
3.510015722469261856e-01 5.972442845920525656e+01
3.516488664930363384e-01 5.821913988042638977e+01
3.522973544370499588e-01 5.673891526548249686e+01
3.529470382803074346e-01 5.528373374646944427e+01
3.535979202282086287e-01 5.385371025498713493e+01
3.542500024902194289e-01 5.244898559336862576e+01
3.549032872798815741e-01 5.106966797276636072e+01
3.555577768148176498e-01 4.971583411443369727e+01
3.562134733167407474e-01 4.838751352997837074e+01
3.568703790114611807e-01 4.708461506259230589e+01
3.575284961288928698e-01 4.580699955194379669e+01
3.581878269030634443e-01 4.455451591434590597e+01
3.588483735721188506e-01 4.332700161762569735e+01
3.595101383783336768e-01 4.212428029800054219e+01
3.601731235681175369e-01 4.094615254717365360e+01
3.608373313920215653e-01 3.979240693689646946e+01
3.615027641047487972e-01 3.866282439184975317e+01
3.621694239651587210e-01 3.755717851033072208e+01
3.628373132362774922e-01 3.647523238925867162e+01
3.635064341853047054e-01 3.541673141882805709e+01
3.641767890836197785e-01 3.438141401229923844e+01
3.648483802067924997e-01 3.336901443526765121e+01
3.655212098345874128e-01 3.237926280036884208e+01
3.661952802509745308e-01 3.141184683157492330e+01
3.668705937441357201e-01 3.046637406753907484e+01
3.675471526064715277e-01 2.954245268819297365e+01
3.682249591346114515e-01 2.863970248276755726e+01
3.689040156294187689e-01 2.775775377110500486e+01
3.695843243960009183e-01 2.689623225618436564e+01
3.702658877437164930e-01 2.605475669227521962e+01
3.709487079861814585e-01 2.523295790644510816e+01
3.716327874412801435e-01 2.443047931144784357e+01
3.723181284311696260e-01 2.364697052697480117e+01
3.730047332822907236e-01 2.288202438757440049e+01
3.736926043253743224e-01 2.213520814744259013e+01
3.743817438954484267e-01 2.140611287477852187e+01
3.750721543318484286e-01 2.069435285151515558e+01
3.757638379782234916e-01 1.999955508458909748e+01
3.764567971825438786e-01 1.932132424961191930e+01
3.771510342971112761e-01 1.865927766651602582e+01
3.778465516785636802e-01 1.801305868402356225e+01
3.785433516878864424e-01 1.738233485937768563e+01
3.792414366904187095e-01 1.676679578073793309e+01
3.799408090558604734e-01 1.616615105003312536e+01
3.806414711582834509e-01 1.558012950138771657e+01
3.813434253761357473e-01 1.500847773318304768e+01
3.820466740922529580e-01 1.445095457216139145e+01
3.827512196938648303e-01 1.390727679090155711e+01
3.834570645726024241e-01 1.337714153367251946e+01
3.841642111245088254e-01 1.286027220714363395e+01
3.848726617500440872e-01 1.235641738988569216e+01
3.855824188540963315e-01 1.186534958607735213e+01
3.862934848459885773e-01 1.138686567517535941e+01
3.870058621394856790e-01 1.092078141926462109e+01
3.877195531528055961e-01 1.046692848232740225e+01
3.884345603086239995e-01 1.002515138972148634e+01
3.891508860340856524e-01 9.595271936162488302e+00
3.898685327608112372e-01 9.177089263308726430e+00
3.905875029249044061e-01 8.770422080829982647e+00
3.913077989669630496e-01 8.375108693763918311e+00
3.920294233320841260e-01 7.991000133661477989e+00
3.927523784698750409e-01 7.617941245398823114e+00
3.934766668344604201e-01 7.255787593965957960e+00
3.942022908844895479e-01 6.904410901110842325e+00
3.949292530831473580e-01 6.563695469603547217e+00
3.956575558981595964e-01 6.233504544463318808e+00
3.963872018018040344e-01 5.913679870265510452e+00
3.971181932709177964e-01 5.604081738340288332e+00
3.978505327869041874e-01 5.304588234982356099e+00
3.985842228357443506e-01 5.015081045682164174e+00
3.993192659080022078e-01 4.735411442883306066e+00
4.000556644988358390e-01 4.465440469222293984e+00
4.007934211080048104e-01 4.205048852955715510e+00
4.015325382398772791e-01 3.954131954427808182e+00
4.022730184034414291e-01 3.712579319200083550e+00
4.030148641123106890e-01 3.480279347807268664e+00
4.037580778847353336e-01 3.257133065731584676e+00
4.045026622436094788e-01 3.043050475420462586e+00
4.052486197164785198e-01 2.837897425874610136e+00
4.059959528355507330e-01 2.641448130075805256e+00
4.067446641377024941e-01 2.453504193887055429e+00
4.074947561644897132e-01 2.273905004922461615e+00
4.082462314621552735e-01 2.102526989301297444e+00
4.089990925816363587e-01 1.939309528539293392e+00
4.097533420785762770e-01 1.784207358323748771e+00
4.105089825133294568e-01 1.637165281773769854e+00
4.112660164509732708e-01 1.498102277142855598e+00
4.120244464613154745e-01 1.366700120247277717e+00
4.127842751189015336e-01 1.242519777294111227e+00
4.135455050030265034e-01 1.125238940153927114e+00
4.143081386977403024e-01 1.014638733095724721e+00
4.150721787918594252e-01 9.107689658838137303e-01
4.158376278789745473e-01 8.139775535872446621e-01
4.166044885574579082e-01 7.244703261615740297e-01
4.173727634304748024e-01 6.422872343771425241e-01
4.181424551059912398e-01 5.669805327968006070e-01
4.189135661967812729e-01 4.969970892353325898e-01
4.196860993204388768e-01 4.311841294443634620e-01
4.204600570993837216e-01 3.690381792783092862e-01
4.212354421608727195e-01 3.108514496377502989e-01
4.220122571370079068e-01 2.587808627639048842e-01
4.227905046647438270e-01 2.144270695478866784e-01
4.235701873858997435e-01 1.781029101979152984e-01
4.243513079471650795e-01 1.490419597532707252e-01
4.251338690001114085e-01 1.229946008257406381e-01
4.259178732012000590e-01 9.615572343578235315e-02
4.267033232117900532e-01 6.838754437361510563e-02
4.274902216981499858e-01 4.259373229443878806e-02
4.282785713314637421e-01 2.371855391197442986e-02
4.290683747878424326e-01 1.280944285020029980e-02
4.298596347483323310e-01 7.297994716493471680e-03
4.306523538989226463e-01 4.767764558032708440e-03
4.314465349305576236e-01 3.753413568232340670e-03
4.322421805391422622e-01 3.571306204905512916e-03
4.330392934255543613e-01 4.105036867083100040e-03
4.338378762956526247e-01 5.695617203522745572e-03
4.346379318602844322e-01 9.257185092595864376e-03
4.354394628352979968e-01 1.626649264773042877e-02
4.362424719415482488e-01 2.837852316077925027e-02
4.370469619049089371e-01 4.515458726319423327e-02
4.378529354562807896e-01 6.261597002046453975e-02
4.386603953315993953e-01 7.818642771396980273e-02
4.394693442718474174e-01 9.167046691993246954e-02
4.402797850230605881e-01 1.052275761320062425e-01
4.410917203363400318e-01 1.215191754003579622e-01
4.419051529678602042e-01 1.406888194613353238e-01
4.427200856788770511e-01 1.620966667666098315e-01
4.435365212357403886e-01 1.845006910650130727e-01
4.443544624098997864e-01 2.066160103408744841e-01
4.451739119779171139e-01 2.282603188199255617e-01
4.459948727214744779e-01 2.496408783551403998e-01
4.468173474273826051e-01 2.712271209966075625e-01
4.476413388875931654e-01 2.934089169409451747e-01
4.484668498992047669e-01 3.160509441230269778e-01
4.492938832644756131e-01 3.389221117803501993e-01
4.501224417908316622e-01 3.617587261967436518e-01
4.509525282908748434e-01 3.843635916533991170e-01
4.517841455823955465e-01 4.066951947023865199e-01
4.526172964883788952e-01 4.287594110352925258e-01
4.534519838370172917e-01 4.505969795281242751e-01
4.542882104617186889e-01 4.722100041777708146e-01
4.551259792011149163e-01 4.935284349879275334e-01
4.559652928990742815e-01 5.144841410801063164e-01
4.568061544047079536e-01 5.350169127991996065e-01
4.576485665723825091e-01 5.550787848880601727e-01
4.584925322617283694e-01 5.746347403133537091e-01
4.593380543376481273e-01 5.936601282881156516e-01
4.601851356703295370e-01 6.121385993293190220e-01
4.610337791352513981e-01 6.300415095005774679e-01
4.618839876131967670e-01 6.473341887036255793e-01
4.627357639902612840e-01 6.639880444421065731e-01
4.635891111578614443e-01 6.799793861268754736e-01
4.644440320127473099e-01 6.952822456002154539e-01
4.653005294570110584e-01 7.098729937823872183e-01
4.661586063980951988e-01 7.237332157796839693e-01
4.670182657488058386e-01 7.368467567867947876e-01
4.678795104273188454e-01 7.491929736693138109e-01
4.687423433571930587e-01 7.607536014062926677e-01
4.696067674673786718e-01 7.715143390753620434e-01
4.704727856922258367e-01 7.814530918310872432e-01
4.713404009714980414e-01 7.905313771735618111e-01
4.722096162503780503e-01 7.987114981055057905e-01
4.730804344794814487e-01 8.059628362288179249e-01
4.739528586148651912e-01 8.123317412072068588e-01
4.748268916180360955e-01 8.179324997426506982e-01
4.757025364559643310e-01 8.228875431980119393e-01
4.765797961010896922e-01 8.273043960400228158e-01
4.774586735313349206e-01 8.311663295945751484e-01
4.783391717301144763e-01 8.344071736165755704e-01
4.792212936863431971e-01 8.369610448504313238e-01
4.801050423944498990e-01 8.387629512788328245e-01
4.809904208543833715e-01 8.397493231202713959e-01
4.818774320716264215e-01 8.398585836116012615e-01
4.827660790572042004e-01 8.390317546408307958e-01
4.836563648276932526e-01 8.372130911883191029e-01
4.845482924052348928e-01 8.343507374132073107e-01
4.854418648175418682e-01 8.303973961135051596e-01
4.863370850979118476e-01 8.253110022230868426e-01
4.872339562852363581e-01 8.190553900204069482e-01
4.881324814240094456e-01 8.116009428474334486e-01
4.890326635643417186e-01 8.029252134098657789e-01
4.899345057619665655e-01 7.930135021886897118e-01
4.908380110782540329e-01 7.818593811740655042e-01
4.917431825802198175e-01 7.694651500702427427e-01
4.926500233405340379e-01 7.558422123441044249e-01
4.935585364375352779e-01 7.410113590254138183e-01
4.944687249552369157e-01 7.250029490323978143e-01
4.953805919833413340e-01 7.078815802368777499e-01
4.962941406172484693e-01 6.898315763839610870e-01
4.972093739580654148e-01 6.710635636908032220e-01
4.981262951126199101e-01 6.517767921455803748e-01
4.990449071934670577e-01 6.321574851648075200e-01
4.999652133189037007e-01 6.123776746461179199e-01
5.008872166129769710e-01 5.925944781675828166e-01
5.018109202054936713e-01 5.729497730788870591e-01
5.027363272320347631e-01 5.535702183282117383e-01
5.036634408339610847e-01 5.345675733305256250e-01
5.045922641584285051e-01 5.160392636372265196e-01
5.055228003583964735e-01 4.980691452358868010e-01
5.064550525926374558e-01 4.807284226183747844e-01
5.073890240257511453e-01 4.640766799613287308e-01
5.083247178281712353e-01 4.481629895564611110e-01
5.092621371761794080e-01 4.330270667421460828e-01
5.102012852519151043e-01 4.187004458069980561e-01
5.111421652433842944e-01 4.052076564878225318e-01
5.120847803444739110e-01 3.925673856453097965e-01
5.130291337549605091e-01 3.807936133892318442e-01
5.139752286805201464e-01 3.698967172967212447e-01
5.149230683327425950e-01 3.598813063467117268e-01
5.158726559291380021e-01 3.506166256241949886e-01
5.168239946931518780e-01 3.418077841271579542e-01
5.177770878541739785e-01 3.331758526347520788e-01
5.187319386475479632e-01 3.244689270537313153e-01
5.196885503145859397e-01 3.154616958170327057e-01
5.206469261025756801e-01 3.059567089392110084e-01
5.216070692647944984e-01 2.957869806370033716e-01
5.225689830605194652e-01 2.848195225276858311e-01
5.235326707550366221e-01 2.729593532670347433e-01
5.244981356196555256e-01 2.601534763677726958e-01
5.254653809317166857e-01 2.463942755015823549e-01
5.264344099746056660e-01 2.317217611124463561e-01
5.274052260377634083e-01 2.162241280926306963e-01
5.283778324166953366e-01 2.000361630930546086e-01
5.293522324129861234e-01 1.833351778782002783e-01
5.303284293343072386e-01 1.663343403660947906e-01
5.313064264944311610e-01 1.492735165085608273e-01
5.322862272132417027e-01 1.324080028795074915e-01
5.332678348167434468e-01 1.159957919225222678e-01
5.342512526370762904e-01 1.002842339439495856e-01
5.352364840125233281e-01 8.549710640044110022e-02
5.362235322875253951e-01 7.182314200445361063e-02
5.372124008126908379e-01 5.943413713464625048e-02
5.382030929448055057e-01 4.851841933668894769e-02
5.391956120468475167e-01 3.914774306156498102e-02
5.401899614879948075e-01 3.127998259305720535e-02
5.411861446436402323e-01 2.479797673202990480e-02
5.421841648954012216e-01 1.954277580003491513e-02
5.431840256311295523e-01 1.533934415499285664e-02
5.441857302449272238e-01 1.201456793430755524e-02
5.451892821371528974e-01 9.408505252916083209e-03
5.461946847144377726e-01 7.380308203794898846e-03
5.472019413896953566e-01 5.810319868324921068e-03
5.482110555821311237e-01 4.599679224102905251e-03
5.492220307172586136e-01 3.668489616193824302e-03
5.502348702269058700e-01 2.953313641566722436e-03
5.512495775492317618e-01 2.404499336704007603e-03
5.522661561287351972e-01 1.983639961101411713e-03
5.532846094162658934e-01 1.661324297558239597e-03
5.543049408690392532e-01 1.415238550637102841e-03
5.553271539506442478e-01 1.228623541570196325e-03
5.563512521310589598e-01 1.089061106156680343e-03
5.573772388866603533e-01 9.875524741206162960e-04
5.584051177002347099e-01 9.178525438889528982e-04
5.594348920609932829e-01 8.760335441301808201e-04
5.604665654645795136e-01 8.601488151610248677e-04
5.615001414130853519e-01 8.686137362153634797e-04
5.625356234150605816e-01 9.005666528068491557e-04
5.635730149855240345e-01 9.568872384754327758e-04
5.646123196459784666e-01 1.040114279745948380e-03
5.656535409244188850e-01 1.154506578786861125e-03
5.666966823553479804e-01 1.306250543664049879e-03
5.677417474797863406e-01 1.503802967349358432e-03
5.687887398452834420e-01 1.758366632481904229e-03
5.698376630059320824e-01 2.084498732049723958e-03
5.708885205223795944e-01 2.500847467872682056e-03
5.719413159618379483e-01 3.030999061446906524e-03
5.729960528980996282e-01 3.704393308882875709e-03
5.740527349115455147e-01 4.557227753752638930e-03
5.751113655891608722e-01 5.633215835636389522e-03
5.761719485245460071e-01 6.983991895934179434e-03
5.772344873179261482e-01 8.668868228468847720e-03
5.782989855761686560e-01 1.075355542180557282e-02
5.793654469127897944e-01 1.330737567653190838e-02
5.804338749479714954e-01 1.639846068046494493e-02
5.815042733085717952e-01 2.008647533559383691e-02
5.825766456281353811e-01 2.441260017963818585e-02
5.836509955469100230e-01 2.938689172551867818e-02
5.847273267118541229e-01 3.497375319491872331e-02
5.858056427766535901e-01 4.107707064161177091e-02
5.868859474017321665e-01 4.754026088199307665e-02
5.879682442542618626e-01 5.421036654624820234e-02
5.890525370081801659e-01 6.092834344281364972e-02
5.901388293441971467e-01 6.751967187908862467e-02
5.912271249498126657e-01 7.380280775957567818e-02
5.923174275193267002e-01 7.959847312726719970e-02
5.934097407538500013e-01 8.473904468102075316e-02
5.945040683613214139e-01 8.907730037316789751e-02
5.956004140565150928e-01 9.249385246776402336e-02
5.966987815610577117e-01 9.490273147478973936e-02
5.977991746034390097e-01 9.625476996202682323e-02
5.989015969190226718e-01 9.653864422543755042e-02
6.000060522500636484e-01 9.577963987113251310e-02
6.011125443457152606e-01 9.403639169224302374e-02
6.022210769620468529e-01 9.139599126701349052e-02
6.033316538620544511e-01 8.796794689993428507e-02
6.044442788156716428e-01 8.387751675445791200e-02
6.055589555997868967e-01 7.925892093255805515e-02
6.066756879982510009e-01 7.424888075629550166e-02
6.077944798018948269e-01 6.898084580445811020e-02
6.089153348085399875e-01 6.358016479022186862e-02
6.100382568230098279e-01 5.816034796667126500e-02
6.111632496571467454e-01 5.282046725533631054e-02
6.122903171298204050e-01 4.764365370463206212e-02
6.134194630669447257e-01 4.269658504450685871e-02
6.145506913014892048e-01 3.802981085377715731e-02
6.156840056734897981e-01 3.367893295124198966e-02
6.168194100300666838e-01 2.966952131118077984e-02
6.179569082254320334e-01 2.601650134282314925e-02
6.190965041209077757e-01 2.272184818449302784e-02
6.202382015849363661e-01 1.977721305354161394e-02
6.213820044930925546e-01 1.716656798753668847e-02
6.225279167281003723e-01 1.486856587035653363e-02
6.236759421798421243e-01 1.285855515711220587e-02
6.248260847453748212e-01 1.111022925993668427e-02
6.259783483289427242e-01 9.596920496804998285e-03
6.271327368419878923e-01 8.292568565633645986e-03
6.282892542031681682e-01 7.172405138027790339e-03
6.294479043383652828e-01 6.213401140082432973e-03
6.306086911807029516e-01 5.394523390046105683e-03
6.317716186705580883e-01 4.696844111841898955e-03
6.329366907555721289e-01 4.103541784011369327e-03
6.341039113906684621e-01 3.599825854545310455e-03
6.352732845380638649e-01 3.172811798398903621e-03
6.364448141672800485e-01 2.811367306252125168e-03
6.376185042551617554e-01 2.505945355503342784e-03
6.387943587858848637e-01 2.248415659673820913e-03
6.399723817509747059e-01 2.031902546432138180e-03
6.411525771493171710e-01 1.850634636802080775e-03
6.423349489871711393e-01 1.699809712341688065e-03
6.435195012781858015e-01 1.575476773852248257e-03
6.447062380434096518e-01 1.474436428521120040e-03
6.458951633113084734e-01 1.394160321349021802e-03
6.470862811177771068e-01 1.332730304023867348e-03
6.482795955061509963e-01 1.288798394456522420e-03
6.494751105272248415e-01 1.261397879544911768e-03
6.506728302392609242e-01 1.249051320659973121e-03
6.518727587080073160e-01 1.250431149083995564e-03
6.530749000067100907e-01 1.264679559317313275e-03
6.542792582161248705e-01 1.291315397863061201e-03
6.554858374245352559e-01 1.330163955434640567e-03
6.566946417277618187e-01 1.381302939808143251e-03
6.579056752291800869e-01 1.445018850489859915e-03
6.591189420397328691e-01 1.521769252120074674e-03
6.603344462779422441e-01 1.612147272951746464e-03
6.615521920699278802e-01 1.716845195049713840e-03
6.627721835494160274e-01 1.836614370546059850e-03
6.639944248577579478e-01 1.972218986856647156e-03
6.652189201439422384e-01 2.124381494936661372e-03
6.664456735646068219e-01 2.293717884958034175e-03
6.676746892840574876e-01 2.480661517163372347e-03
6.689059714742769946e-01 2.685374962392566168e-03
6.701395243149439462e-01 2.907650338734647441e-03
6.713753519934447800e-01 3.146799992526056172e-03
6.726134587048858693e-01 3.401541078377461752e-03
6.738538486521127302e-01 3.669879613551313077e-03
6.750965260457189032e-01 3.949001823860486503e-03
6.763414951040644940e-01 4.235182890111906587e-03
6.775887600532893851e-01 4.523725286075951264e-03
6.788383251273244490e-01 4.808940422780759449e-03
6.800901945679115324e-01 5.084187859651768601e-03
6.813443726246121157e-01 5.341985457487969866e-03
6.826008635548262982e-01 5.574201108479885647e-03
6.838596716238056761e-01 5.772331778467650054e-03
6.851208011046651114e-01 5.927868450847790724e-03
6.863842562784027157e-01 6.032736409007808873e-03
6.876500414339085099e-01 6.079789867529964906e-03
6.889181608679838531e-01 6.064694917408849223e-03
6.901886188853539883e-01 5.989753442907738701e-03
6.914614197986805877e-01 5.860008799437736379e-03
6.927365679285811817e-01 5.681809429807491152e-03
6.940140676036383738e-01 5.462404642450412878e-03
6.952939231604193804e-01 5.209542934788724891e-03
6.965761389434884654e-01 4.931098299158148852e-03
6.978607193054200408e-01 4.634743684743355963e-03
6.991476686068177626e-01 4.327684011820052794e-03
7.004369912163241896e-01 4.016454602733520243e-03
7.017286915106403233e-01 3.706785176282637560e-03
7.030227738745383759e-01 3.403525004364179284e-03
7.043192427008745371e-01 3.110621604412499696e-03
7.056181023906081817e-01 2.831143420621461647e-03
7.069193573528147478e-01 2.567336188448738309e-03
7.082230120046981714e-01 2.320702861067904053e-03
7.095290707716114254e-01 2.092097851239268103e-03
7.108375380870655125e-01 1.881827658239427353e-03
7.121484183927494493e-01 1.689751485309467713e-03
7.134617161385435891e-01 1.515377028871477084e-03
7.147774357825319447e-01 1.357948104218243942e-03
7.160955817910230614e-01 1.216522077348276918e-03
7.174161586385588985e-01 1.090036153240125190e-03
7.187391708079352570e-01 9.773624134547600779e-04
7.200646227902148810e-01 8.773521102694924016e-04
7.213925190847404467e-01 7.888701354323949004e-04
7.227228641991547686e-01 7.108208220962521041e-04
7.240556626494106807e-01 6.421663442299089045e-04
7.253909189597912421e-01 5.819389833219295758e-04
7.267286376629225053e-01 5.292484684109485501e-04
7.280688232997877263e-01 4.832854884472714179e-04
7.294114804197466828e-01 4.433223465390960386e-04
7.307566135805462215e-01 4.087115895785419363e-04
7.321042273483403529e-01 3.788833154889436152e-04
7.334543262977039069e-01 3.533417416963808709e-04
7.348069150116451898e-01 3.316615174658437966e-04
7.361619980816274111e-01 3.134724698925650402e-04
7.375195801075783431e-01 2.983442346916361084e-04
7.388796656979104149e-01 2.858533322269595682e-04
7.402422594695348135e-01 2.756562469092840796e-04
7.416073660478746943e-01 2.674748753312986222e-04
7.429749900668862761e-01 2.610840426626526763e-04
7.443451361690679446e-01 2.563016775553913075e-04
7.457178090054821240e-01 2.529810312978031579e-04
7.470930132357684883e-01 2.510044744965115107e-04
7.484707535281570623e-01 2.502785141195181082e-04
7.498510345594900928e-01 2.507297554659205520e-04
7.512338610152313745e-01 2.523015948765842129e-04
7.526192375894875664e-01 2.549514750911479602e-04
7.540071689850220693e-01 2.586485699865345819e-04
7.553976599132683489e-01 2.633717918725160013e-04
7.567907150943515848e-01 2.691080347079547169e-04
7.581863392570982185e-01 2.758505821448957755e-04
7.595845371390579359e-01 2.835976214337928409e-04
7.609853134865166568e-01 2.923508138830889936e-04
7.623886730545113011e-01 3.021138805140752932e-04
7.637946206068504384e-01 3.128911683966729453e-04
7.652031609161246140e-01 3.246861693980784922e-04
7.666142987637282191e-01 3.374999691499896461e-04
7.680280389398732588e-01 3.513296103029796996e-04
7.694443862436027848e-01 3.661663608971791836e-04
7.708633454828134335e-01 3.819938861898201617e-04
7.722849214742649737e-01 3.987863307373202214e-04
7.737091190436021781e-01 4.165063270591858047e-04
7.751359430253693672e-01 4.351029578538890695e-04
7.765653982630235097e-01 4.545097104346615337e-04
7.779974896089562053e-01 4.746424746242693571e-04
7.794322219245075622e-01 4.953976484685365320e-04
7.808696000799802972e-01 5.166504293189414085e-04
7.823096289546616067e-01 5.382533804400784589e-04
7.837523134368336031e-01 5.600353744917752237e-04
7.851976584237957413e-01 5.818010240266425007e-04
7.866456688218782523e-01 6.033307143987547919e-04
7.880963495464574642e-01 6.243813549759266073e-04
7.895497055219770077e-01 6.446879590358667962e-04
7.910057416819589182e-01 6.639661500244559578e-04
7.924644629690258402e-01 6.819156709641467163e-04
7.939258743349150160e-01 6.982249440364121955e-04
7.953899807404929412e-01 7.125766885027116871e-04
7.968567871557781235e-01 7.246557008612736868e-04
7.983262985599510753e-01 7.342411013340446229e-04
7.997985199413768509e-01 7.412766247367237474e-04
8.012734562976198127e-01 7.457484583299389593e-04
8.027511126354583970e-01 7.476712455139344774e-04
8.042314939709068744e-01 7.470867923101367656e-04
8.057146053292271182e-01 7.440623245409081236e-04
8.072004517449500316e-01 7.386883623138648224e-04
8.086890382618915352e-01 7.310762841270819880e-04
8.101803699331660003e-01 7.213556559149586532e-04
8.116744518212100079e-01 7.096714007855715487e-04
8.131712889977927849e-01 6.961808832826839929e-04
8.146708865440386305e-01 6.810509780306636110e-04
8.161732495504426810e-01 6.644551869305344131e-04
8.176783831168845662e-01 6.465708620391239598e-04
8.191862923526525009e-01 6.275765832604885417e-04
8.206969823764533878e-01 6.076497313819727080e-04
8.222104583164364655e-01 5.869642881444827069e-04
8.237267253102077413e-01 5.656888862661177408e-04
8.252457885048450903e-01 5.439851239122005721e-04
8.267676530569219029e-01 5.220061502502738003e-04
8.282923241325174102e-01 4.998955216226961921e-04
8.298198069072404426e-01 4.777863216361379257e-04
8.313501065662441958e-01 4.558005331879381571e-04
8.328832283042417739e-01 4.340486461554673232e-04
8.344191773255291711e-01 4.126294811637777897e-04
8.359579588439962627e-01 3.916302074820619838e-04
8.374995780831510084e-01 3.711265316154749457e-04
8.390440402761337735e-01 3.511830324758043013e-04
8.405913506657333167e-01 3.318536190322524961e-04
8.421415145044101047e-01 3.131820869599247865e-04
8.436945370543074141e-01 2.952027519106385669e-04
8.452504235872752014e-01 2.779411385210772321e-04
8.468091793848854243e-01 2.614147060486345575e-04
8.483708097384474733e-01 2.456335934898552808e-04
8.499353199490319311e-01 2.306013691081175345e-04
8.515027153274817850e-01 2.163157714029275563e-04
8.530730011944368529e-01 2.027694306305549200e-04
8.546461828803485483e-01 1.899505619861950297e-04
8.562222657254958680e-01 1.778436234405718298e-04
8.578012550800097058e-01 1.664299329613531941e-04
8.593831563038835109e-01 1.556882414220938412e-04
8.609679747669980454e-01 1.455952588967013772e-04
8.625557158491369281e-01 1.361261332528237100e-04
8.641463849400021768e-01 1.272548809931952100e-04
8.657399874392374128e-01 1.189547711571625407e-04
8.673365287564446247e-01 1.111986637949636858e-04
8.689360143111986012e-01 1.039593050770803637e-04
8.705384495330722450e-01 9.720958151445748820e-05
8.721438398616480070e-01 9.092273605802688775e-05
8.737521907465419790e-01 8.507254903241135975e-05
8.753635076474204357e-01 7.963348695507659145e-05
8.769777960340150447e-01 7.458082231243028733e-05
8.785950613861480685e-01 6.989072732246368665e-05
8.802153091937438001e-01 6.554034462227217904e-05
8.818385449568532097e-01 6.150773005990829852e-05
8.834647741856703762e-01 5.776962152997675904e-05
8.850940024005479190e-01 5.430213182139103853e-05
8.867262351320225333e-01 5.108338187947117939e-05
8.883614779208262036e-01 4.809342163307212675e-05
8.899997363179117382e-01 4.531404737934868808e-05
8.916410158844683131e-01 4.272863753999458716e-05
8.932853221919383468e-01 4.032200483986452314e-05
8.949326608220420365e-01 3.808026317567794760e-05
8.965830373667894593e-01 3.599070763419105035e-05
8.982364574285062186e-01 3.404170628864109261e-05
8.998929266198487653e-01 3.222260255237963887e-05
9.015524505638217168e-01 3.052362700144521521e-05
9.032150348938027262e-01 2.893581769562025971e-05
9.048806852535548062e-01 2.745094813200808551e-05
9.065494072972510864e-01 2.606146205782226079e-05
9.082212066894921332e-01 2.476041445146926487e-05
9.098960891053219369e-01 2.354141805413735919e-05
9.115740602302537798e-01 2.239859489917308988e-05
9.132551257602818939e-01 2.132653234444568447e-05
9.149392914019076617e-01 2.032024316440687582e-05
9.166265628721559366e-01 1.937512930452482395e-05
9.183169458985919187e-01 1.848694894168357883e-05
9.200104462193466892e-01 1.765178653067699804e-05
9.217070695831296456e-01 1.686602554954253413e-05
9.234068217492542585e-01 1.612632368557647826e-05
9.251097084876551691e-01 1.542959022993049329e-05
9.268157355789045093e-01 1.477296547194416439e-05
9.285249088142384366e-01 1.415380190520246665e-05
9.302372339955691238e-01 1.356964707596985637e-05
9.319527169355110718e-01 1.301822792133870994e-05
9.336713634573980958e-01 1.249743645943270360e-05
9.353931793953002005e-01 1.200531670742585492e-05
9.371181705940498929e-01 1.154005271519990100e-05
9.388463429092546164e-01 1.109995761330231273e-05
9.405777022073231741e-01 1.068346358358307377e-05
9.423122543654827155e-01 1.028911266965211922e-05
9.440500052717960555e-01 9.915548352162434909e-06
9.457909608251883204e-01 9.561507821009370041e-06
9.475351269354589379e-01 9.225814882924239391e-06
9.492825095233088373e-01 8.907373448680523079e-06
9.510331145203575476e-01 8.605161549326526506e-06
9.527869478691605165e-01 8.318225835529139840e-06
9.545440155232355339e-01 8.045676518335900709e-06
9.563043234470759435e-01 7.786682713482235123e-06
9.580678776161772880e-01 7.540468154807630189e-06
9.598346840170547400e-01 7.306307245468813844e-06
9.616047486472604211e-01 7.083521418451881495e-06
9.633780775154094922e-01 6.871475780435636672e-06
9.651546766411983613e-01 6.669576015373994250e-06
9.669345520554210038e-01 6.477265526254054299e-06
9.687177097999972730e-01 6.294022795384040506e-06
9.705041559279852237e-01 6.119358945292279580e-06
9.722938965036083125e-01 5.952815483872304535e-06
9.740869376022733839e-01 5.793962218835325981e-06
9.758832853105881000e-01 5.642395327815065987e-06
9.776829457263888079e-01 5.497735571641809856e-06
9.794859249587529737e-01 5.359626639370435534e-06
9.812922291280269382e-01 5.227733614611483363e-06
9.831018643658437917e-01 5.101741553600944535e-06
9.849148368151413591e-01 4.981354166244822418e-06
9.867311526301898450e-01 4.866292592106921518e-06
9.885508179766044901e-01 4.756294263977338525e-06
9.903738390313741036e-01 4.651111852264670305e-06
9.922002219828784941e-01 4.550512284013678711e-06
9.940299730309066772e-01 4.454275830854570330e-06
9.958630983866850750e-01 4.362195260653755794e-06
9.976996042728903946e-01 4.274075048060766558e-06
9.995394969236774951e-01 4.189730639529733305e-06
1.001382782584698372e+00 4.108987768751092549e-06
1.003229467513119255e+00 4.031681818750775896e-06
1.005079557977650140e+00 3.957657227210643737e-06
1.006933060258556889e+00 3.886766931837599753e-06
1.008789980647689877e+00 3.818871852854451200e-06
1.010650325448503084e+00 3.753840277258234777e-06
1.012514100976071418e+00 3.691540015262787030e-06
1.014381313557119579e+00 3.631834673357934519e-06
1.016251969530036270e+00 3.574594307494764056e-06
1.018126075244901063e+00 3.519695931907243551e-06
1.020003637063504831e+00 3.467023058716725406e-06
1.021884661359367064e+00 3.416465270223095178e-06
1.023769154517764735e+00 3.367917821380088812e-06
1.025657122935746068e+00 3.321281270164331062e-06
1.027548573022159850e+00 3.276461133738015392e-06
1.029443511197673411e+00 3.233367568482190360e-06
1.031341943894791058e+00 3.191915072136266771e-06
1.033243877557884494e+00 3.152022206425545050e-06
1.035149318643205030e+00 3.113611338692493456e-06
1.037058273618913340e+00 3.076608401168373410e-06
1.038970748965098334e+00 3.040942666633717812e-06
1.040886751173796032e+00 3.006546539318181446e-06
1.042806286749018874e+00 2.973355359982614696e-06
1.044729362206768819e+00 2.941307224212864098e-06
1.046655984075068213e+00 2.910342813031394945e-06
1.048586158893977549e+00 2.880405235005866149e-06
1.050519893215614564e+00 2.851439879098244658e-06
1.052457193604184660e+00 2.823394277558650663e-06
1.054398066635994224e+00 2.796217978223302242e-06
1.056342518899480609e+00 2.769862425626009769e-06
1.058290556995230336e+00 2.744280850379300421e-06
1.060242187536000191e+00 2.719428166323579778e-06
1.062197417146745426e+00 2.695260874981371952e-06
1.064156252464634189e+00 2.671736976889665025e-06
1.066118700139077946e+00 2.648815889415472931e-06
1.068084766831750798e+00 2.626458370690004624e-06
1.070054459216608134e+00 2.604626449323830999e-06
1.072027783979916382e+00 2.583283359589839641e-06
1.074004747820272776e+00 2.562393481784507290e-06
1.075985357448624002e+00 2.541922287497507155e-06
1.077969619588296846e+00 2.521836289538777719e-06
1.079957540975013064e+00 2.502102996289576855e-06
1.081949128356918699e+00 2.482690870258473465e-06
1.083944388494604505e+00 2.463569290637717761e-06
1.085943328161125265e+00 2.444708519667490503e-06
1.087945954142030880e+00 2.426079672626282931e-06
1.089952273235379909e+00 2.407654691276078437e-06
1.091962292251771105e+00 2.389406320598707025e-06
1.093976018014362728e+00 2.371308088668044055e-06
1.095993457358892753e+00 2.353334289508683689e-06
1.098014617133709070e+00 2.335459968797201965e-06
1.100039504199784801e+00 2.317660912267246030e-06
1.102068125430749168e+00 2.299913636682634983e-06
1.104100487712907031e+00 2.282195383246486398e-06
1.106136597945258870e+00 2.264484113316069024e-06
1.108176463039532988e+00 2.246758506294780029e-06
1.110220089920198827e+00 2.228997959573934777e-06
1.112267485524498944e+00 2.211182590396975387e-06
1.114318656802469665e+00 2.193293239519074884e-06
1.116373610716959730e+00 2.175311476534195591e-06
1.118432354243663829e+00 2.157219606740789648e-06
1.120494894371135475e+00 2.139000679416193666e-06
1.122561238100820091e+00 2.120638497367720153e-06
1.124631392447073885e+00 2.102117627626930007e-06
1.126705364437186052e+00 2.083423413151331697e-06
1.128783161111408750e+00 2.064541985395287867e-06
1.130864789522973313e+00 2.045460277610075427e-06
1.132950256738121331e+00 2.026166038730085244e-06
1.135039569836125750e+00 2.006647847700256971e-06
1.137132735909310632e+00 1.986895128097390253e-06
1.139229762063084683e+00 1.966898162895554032e-06
1.141330655415954576e+00 1.946648109224590416e-06
1.143435423099558257e+00 1.926137012968129941e-06
1.145544072258685597e+00 1.905357823046738432e-06
1.147656610051298820e+00 1.884304405230693337e-06
1.149773043648564474e+00 1.862971555325907826e-06
1.151893380234869646e+00 1.841355011577004164e-06
1.154017627007854152e+00 1.819451466131191878e-06
1.156145791178430526e+00 1.797258575408325898e-06
1.158277879970806001e+00 1.774774969223527418e-06
1.160413900622514927e+00 1.752000258511195608e-06
1.162553860384434090e+00 1.728935041502487717e-06
1.164697766520815136e+00 1.705580908211572963e-06
1.166845626309306105e+00 1.681940443090983413e-06
1.168997447040972304e+00 1.658017225721493730e-06
1.171153236020329835e+00 1.633815829407910168e-06
1.173313000565360031e+00 1.609341817559917958e-06
1.175476748007543870e+00 1.584601737744111340e-06
1.177644485691881737e+00 1.559603113302923578e-06
1.179816220976916519e+00 1.534354432445437006e-06
1.181991961234763799e+00 1.508865134725562296e-06
1.184171713851135177e+00 1.483145594834687066e-06
1.186355486225358469e+00 1.457207103648069603e-06
1.188543285770412128e+00 1.431061846476837651e-06
1.190735119912939455e+00 1.404722878491951924e-06
1.192930996093283902e+00 1.378204097300030642e-06
1.195130921765509724e+00 1.351520212666835313e-06
1.197334904397423516e+00 1.324686713399315022e-06
1.199542951470609076e+00 1.297719831413160144e-06
1.201755070480441390e+00 1.270636503030071491e-06
1.203971268936122385e+00 1.243454327564629258e-06
1.206191554360701801e+00 1.216191523278841505e-06
1.208415934291098948e+00 1.188866880798812303e-06
1.210644416278137347e+00 1.161499714105254471e-06
1.212877007886560277e+00 1.134109809226974738e-06
1.215113716695065404e+00 1.106717370782476161e-06
1.217354550296326110e+00 1.079342966531926515e-06
1.219599516297014130e+00 1.052007483329902587e-06
1.221848622317833755e+00 1.024736996931000023e-06
1.224101875993538480e+00 9.975693048274849306e-07
1.226359284972964314e+00 9.705423098413583746e-07
1.228620856919053317e+00 9.436919752762041755e-07
1.230886599508874912e+00 9.170523012676711514e-07
1.233156520433661196e+00 8.906553103806810545e-07
1.235430627398822923e+00 8.645310420025780450e-07
1.237708928123984586e+00 8.387075550562488066e-07
1.239991430343006629e+00 8.132109385386472848e-07
1.242278141804007641e+00 7.880653293745749482e-07
1.244569070269400557e+00 7.632929370653827520e-07
1.246864223515907533e+00 7.389140746063502811e-07
1.249163609334596137e+00 7.149471951435641656e-07
1.251467235530901778e+00 6.914089338432358732e-07
1.253775109924650133e+00 6.683141544508135009e-07
1.256087240350092893e+00 6.456760000250582960e-07
1.258403634655923975e+00 6.235059473436752716e-07
1.260724300705315271e+00 6.018138644894627543e-07
1.263049246375939516e+00 5.806080711424046080e-07
1.265378479559992719e+00 5.598954011200426448e-07
1.267712008164231019e+00 5.396812667277494389e-07
1.270049840109985784e+00 5.199697245015347409e-07
1.272391983333200471e+00 5.007635419470566585e-07
1.274738445784453722e+00 4.820642649018784094e-07
1.277089235428982006e+00 4.638722851708743530e-07
1.279444360246715817e+00 4.461869081084403946e-07
1.281803828232297215e+00 4.290064198455549622e-07
1.284167647395114464e+00 4.123281538831795593e-07
1.286535825759326679e+00 3.961485567979506834e-07
1.288908371363886696e+00 3.804632528293598674e-07
1.291285292262577489e+00 3.652671071408435553e-07
1.293666596524029044e+00 3.505542875700865907e-07
1.296052292231754555e+00 3.363183247053581024e-07
1.298442387484175065e+00 3.225521701462804426e-07
1.300836890394641454e+00 3.092482528275058782e-07
1.303235809091472630e+00 2.963985333031921672e-07
1.305639151717971291e+00 2.839945559088116626e-07
1.308046926432462342e+00 2.720274987338898971e-07
1.310459141408314876e+00 2.604882213559931021e-07
1.312875804833967042e+00 2.493673103013478512e-07
1.315296924912961796e+00 2.386551222117046962e-07
1.317722509863970437e+00 2.283418247103805835e-07
1.320152567920816589e+00 2.184174349722954641e-07
1.322587107332513279e+00 2.088718560138469501e-07
1.325026136363280926e+00 1.996949107286506765e-07
1.327469663292583979e+00 1.908763737038151850e-07
1.329917696415155115e+00 1.824060008597560428e-07
1.332370244041020335e+00 1.742735569633797717e-07
1.334827314495534933e+00 1.664688410706878497e-07
1.337288916119402593e+00 1.589817099602574464e-07
1.339755057268712024e+00 1.518020996233508557e-07
1.342225746314962054e+00 1.449200448803346605e-07
1.344700991645085164e+00 1.383256971959733312e-07
1.347180801661486349e+00 1.320093407684798961e-07
1.349665184782059990e+00 1.259614069690740259e-07
1.352154149440228270e+00 1.201724872097295850e-07
1.354647704084966264e+00 1.146333443175851522e-07
1.357145857180825255e+00 1.093349224945415239e-07
1.359648617207972254e+00 1.042683559402227131e-07
1.362155992662207327e+00 9.942497621592785994e-08
1.364667992055001777e+00 9.479631842596778640e-08
1.367184623913523689e+00 9.037412629159152183e-08
1.369705896780661902e+00 8.615035619097584157e-08
1.372231819215064874e+00 8.211718023690289742e-08
1.374762399791159329e+00 7.826698846174723106e-08
1.377297647099188227e+00 7.459239017705737062e-08
1.379837569745235859e+00 7.108621457274777139e-08
1.382382176351253822e+00 6.774151061835800136e-08
1.384931475555098768e+00 6.455154632627664341e-08
1.387485476010551055e+00 6.150980743424877901e-08
1.390044186387354497e+00 5.860999556171813285e-08
1.392607615371240781e+00 5.584602589195309691e-08
1.395175771663954789e+00 5.321202442915244028e-08
1.397748663983294781e+00 5.070232487703521526e-08
1.400326301063129719e+00 4.831146518282255334e-08
1.402908691653439455e+00 4.603418378781115900e-08
1.405495844520339821e+00 4.386541562325175206e-08
1.408087768446108390e+00 4.180028788768584944e-08
1.410684472229224440e+00 3.983411563945425371e-08
1.413285964684386498e+00 3.796239723576628412e-08
1.415892254642553194e+00 3.618080964736573537e-08
1.418503350950969022e+00 3.448520367568884533e-08
1.421119262473188760e+00 3.287159909725759292e-08
1.423739998089119441e+00 3.133617975802832423e-08
1.426365566695037668e+00 2.987528863851404931e-08
1.428995977203630252e+00 2.848542290861383946e-08
1.431631238544020190e+00 2.716322898938391106e-08
1.434271359661793088e+00 2.590549763729822480e-08
1.436916349519036684e+00 2.470915906499865560e-08
1.439566217094360168e+00 2.357127811107857958e-08
1.442220971382935479e+00 2.248904947003367961e-08
1.444880621396522402e+00 2.145979299225732654e-08
1.447545176163495206e+00 2.048094906272209509e-08
1.450214644728883950e+00 1.955007406587287231e-08
1.452889036154392244e+00 1.866483594322085637e-08
1.455568359518440102e+00 1.782300984913729447e-08
1.458252623916189039e+00 1.702247390947126336e-08
1.460941838459568265e+00 1.626120508677644260e-08
1.463636012277315990e+00 1.553727515516958729e-08
1.466335154515004291e+00 1.484884678716527234e-08
1.469039274335067091e+00 1.419416975417770870e-08
1.471748380916840349e+00 1.357157724180895228e-08
1.474462483456582484e+00 1.297948228052718057e-08
1.477181591167515240e+00 1.241637429184881865e-08
1.479905713279851209e+00 1.188081574972974750e-08
1.482634859040820041e+00 1.137143895647926422e-08
1.485369037714710183e+00 1.088694293217198238e-08
1.488108258582889087e+00 1.042609041624229605e-08
1.490852530943844512e+00 9.987704979666641673e-09
1.493601864113212274e+00 9.570668245924809779e-09
1.496356267423802455e+00 9.173917218721400168e-09
1.499115750225642696e+00 8.796441714279124258e-09
1.501880321885996850e+00 8.437281895880720198e-09
1.504649991789408059e+00 8.095525908201594619e-09
1.507424769337725845e+00 7.770307608893051731e-09
1.510204663950132975e+00 7.460804394788138735e-09
1.512989685063189205e+00 7.166235120045980937e-09
1.515779842130850152e+00 6.885858103512978836e-09
1.518575144624510376e+00 6.618969222544548376e-09
1.521375602033031127e+00 6.364900090524967695e-09
1.524181223862767665e+00 6.123016315317445905e-09
1.526992019637612330e+00 5.892715087073017000e-09
1.529807998899014754e+00 5.673395673853013722e-09
1.532629171206024932e+00 5.464454478593945766e-09
1.535455546135320981e+00 5.265322429036639030e-09
1.538287133281237118e+00 5.075465246614612161e-09
1.541123942255806956e+00 4.894381120649652178e-09
1.543965982688783711e+00 4.721598550101644227e-09
1.546813264227684170e+00 4.556674339991957779e-09
1.549665796537815998e+00 4.399191740671857064e-09
1.552523589302306606e+00 4.248758719062094028e-09
1.555386652222146449e+00 4.105006351868360034e-09
1.558254995016209676e+00 3.967587331580332534e-09
1.561128627421298320e+00 3.836174576793798450e-09
1.564007559192170271e+00 3.710459939071067660e-09
1.566891800101567256e+00 3.590152999169527808e-09
1.569781359940260579e+00 3.474979946031516135e-09
1.572676248517069997e+00 3.364682532451459664e-09
1.575576475658908793e+00 3.259017101805186533e-09
1.578482051210812642e+00 3.157753680667524036e-09
1.581392985035968035e+00 3.060675132541847689e-09
1.584309287015757128e+00 2.967576368292980006e-09
1.587230967049777286e+00 2.878263609214482922e-09
1.590158035055888153e+00 2.792553698968905490e-09
1.593090500970238521e+00 2.710273460928275004e-09
1.596028374747296086e+00 2.631259097702021113e-09
1.598971666359892296e+00 2.555355629882219744e-09
1.601920385799243451e+00 2.482416371259273249e-09
1.604874543074995996e+00 2.412302437963980686e-09
1.607834148215255166e+00 2.344882289182750454e-09
1.610799211266614961e+00 2.280031297265302881e-09
1.613769742294203002e+00 2.217631345204424471e-09
1.616745751381701401e+00 2.157570449616628839e-09
1.619727248631393612e+00 2.099742407486852224e-09
1.622714244164192410e+00 2.044046465068309463e-09
1.625706748119670308e+00 1.990387007443402593e-09
1.628704770656103307e+00 1.938673267359176858e-09
1.631708321950500862e+00 1.888819052051091321e-09
1.634717412198635200e+00 1.840742486858910997e-09
1.637732051615087281e+00 1.794365774524342378e-09
1.640752250433268777e+00 1.749614969138471056e-09
1.643778018905468041e+00 1.706419763778689203e-09
1.646809367302880078e+00 1.664713290943100781e-09
1.649846305915636524e+00 1.624431934951803267e-09
1.652888845052851385e+00 1.585515155541882656e-09
1.655936995042644355e+00 1.547905321937217208e-09
1.658990766232185887e+00 1.511547556722357315e-09
1.662050168987728282e+00 1.476389588896781503e-09
1.665115213694635443e+00 1.442381615527498034e-09
1.668185910757430168e+00 1.409476171457577104e-09
1.671262270599815913e+00 1.377628006565394262e-09
1.674344303664723865e+00 1.346793970102152425e-09
1.677432020414342917e+00 1.316932901668169366e-09
1.680525431330151198e+00 1.288005528416633333e-09
1.683624546912962705e+00 1.259974368101282147e-09
1.686729377682949282e+00 1.232803637609884579e-09
1.689839934179689029e+00 1.206459166648379563e-09
1.692956226962195831e+00 1.180908316263173503e-09
1.696078266608951335e+00 1.156119901908879017e-09
1.699206063717951354e+00 1.132064120787914212e-09
1.702339628906729851e+00 1.108712483206321910e-09
1.705478972812405569e+00 1.086037747705970299e-09
1.708624106091713779e+00 1.064013859749433922e-09
1.711775039421036926e+00 1.042615893747418884e-09
1.714931783496453033e+00 1.021819998232140386e-09
1.718094349033758128e+00 1.001603343992809217e-09
1.721262746768515095e+00 9.819440750002378960e-10
1.724436987456084536e+00 9.628212619591061628e-10
1.727617081871655857e+00 9.442148583360564333e-10
1.730803040810296789e+00 9.261056587211522226e-10
1.733994875086975362e+00 9.084752593895198512e-10
1.737192595536609208e+00 8.913060209374299838e-10
1.740396213014097304e+00 8.745810328754853953e-10
1.743605738394350402e+00 8.582840800682422303e-10
1.746821182572342090e+00 8.423996109164118178e-10
1.750042556463130117e+00 8.269127071842535859e-10
1.753269871001906344e+00 8.118090553802674805e-10
1.756503137144029170e+00 7.970749196050973745e-10
1.759742365865053948e+00 7.826971157855041168e-10
1.762987568160784280e+00 7.686629872180363926e-10
1.766238755047294218e+00 7.549603813507103399e-10
1.769495937560978005e+00 7.415776277349950491e-10
1.772759126758582937e+00 7.285035170844845564e-10
1.776028333717240670e+00 7.157272813803066206e-10
1.779303569534517848e+00 7.032385749666803419e-10
1.782584845328439638e+00 6.910274565834752344e-10
1.785872172237539246e+00 6.790843722854219914e-10
1.789165561420891226e+00 6.674001392007289723e-10
1.792465024058143452e+00 6.559659300843685197e-10
1.795770571349567968e+00 6.447732586237855792e-10
1.799082214516083633e+00 6.338139654573916793e-10
1.802399964799308973e+00 6.230802048680292954e-10
1.805723833461592154e+00 6.125644321160873301e-10
1.809053831786046285e+00 6.022593913785859489e-10
1.812389971076596717e+00 5.921581042625015713e-10
1.815732262658015461e+00 5.822538588624152722e-10
1.819080717875952713e+00 5.725401993340600825e-10
1.822435348096989705e+00 5.630109159568656217e-10
1.825796164708661129e+00 5.536600356602192514e-10
1.829163179119507765e+00 5.444818129892306218e-10
1.832536402759109118e+00 5.354707214873381717e-10
1.835915847078116947e+00 5.266214454741077836e-10
1.839301523548307005e+00 5.179288721977380522e-10
1.842693443662602792e+00 5.093880843429619457e-10
1.846091618935128187e+00 5.009943528758238717e-10
1.849496060901240524e+00 4.927431302080072636e-10
1.852906781117564572e+00 4.846300436640884259e-10
1.856323791162044046e+00 4.766508892359630854e-10
1.859747102633967142e+00 4.688016256096221597e-10
1.863176727154017387e+00 4.610783684500003287e-10
1.866612676364309609e+00 4.534773849304810564e-10
1.870054961928421688e+00 4.459950884942998366e-10
1.873503595531448518e+00 4.386280338355745929e-10
1.876958588880026424e+00 4.313729120885168104e-10
1.880419953702385794e+00 4.242265462137437301e-10
1.883887701748385934e+00 4.171858865712876365e-10
1.887361844789548382e+00 4.102480066703514637e-10
1.890842394619110634e+00 4.034100990862821677e-10
1.894329363052050796e+00 3.966694715358718446e-10
1.897822761925141322e+00 3.900235431023050754e-10
1.901322603096983199e+00 3.834698406016832997e-10
1.904828898448040375e+00 3.770059950833420337e-10
1.908341659880693708e+00 3.706297384565489309e-10
1.911860899319266505e+00 3.643389002366256808e-10
1.915386628710076700e+00 3.581314044037473655e-10
1.918918860021474382e+00 3.520052663681165193e-10
1.922457605243873546e+00 3.459585957636842222e-10
1.926002876389809160e+00 3.399897101566563056e-10
1.929554685493960475e+00 3.340971180748704103e-10
1.933113044613206100e+00 3.282793962588768903e-10
1.936677965826659520e+00 3.225351825416341711e-10
1.940249461235703743e+00 3.168631738514215230e-10
1.943827542964046140e+00 3.112621242659566401e-10
1.947412223157743982e+00 3.057308431152014334e-10
1.951003513985259508e+00 3.002681931303008744e-10
1.954601427637495004e+00 2.948730886363975670e-10
1.958205976327828557e+00 2.895444937871049963e-10
1.961817172292169786e+00 2.842814208385480825e-10
1.965435027788984268e+00 2.790829284610907049e-10
1.969059555099350378e+00 2.739481200868477299e-10
1.972690766526994377e+00 2.688761422913478127e-10
1.976328674398325935e+00 2.638661832077256951e-10
1.979973291062494534e+00 2.589174709719058606e-10
1.983624628891414998e+00 2.540292721975109753e-10
1.987282700279824121e+00 2.492008904790792936e-10
1.990947517645315745e+00 2.444316649225222582e-10
1.994619093428377399e+00 2.397209687016846121e-10
1.998297440092444699e+00 2.350682076399966205e-10
2.001982570123937766e+00 2.304728188163580059e-10
2.005674496032297416e+00 2.259342691944263127e-10
2.009373230350040451e+00 2.214520542745291526e-10
2.013078785632789192e+00 2.170256967676217951e-10
2.016791174459324321e+00 2.126547452906562257e-10
2.020510409431624854e+00 2.083387730828874109e-10
2.024236503174902779e+00 2.040773767426979604e-10
2.027969468337661230e+00 1.998701749845490235e-10
2.031709317591720687e+00 1.957168074158173308e-10
2.035456063632275825e+00 1.916169333332501696e-10
2.039209719177933255e+00 1.875702305388866835e-10
2.042970296970748389e+00 1.835763941753739223e-10
2.046737809776283168e+00 1.796351355805542078e-10
2.050512270383631819e+00 1.757461811614280443e-10
2.054293691605480809e+00 1.719092712874338148e-10
2.058082086278143930e+00 1.681241592032583488e-10
2.061877467261600927e+00 1.643906099612475355e-10
2.065679847439555239e+00 1.607083993736301091e-10
2.069489239719461970e+00 1.570773129847971007e-10
2.073305657032585181e+00 1.534971450638816462e-10
2.077129112334035188e+00 1.499676976179405287e-10
2.080959618602807648e+00 1.464887794260813822e-10
2.084797188841842619e+00 1.430602050948506847e-10
2.088641836078048541e+00 1.396817941353222676e-10
2.092493573362366188e+00 1.363533700622038203e-10
2.096352413769801970e+00 1.330747595154704715e-10
2.100218370399468792e+00 1.298457914048833801e-10
2.104091456374645119e+00 1.266662960778610066e-10
2.107971684842801174e+00 1.235361045111883327e-10
2.111859068975659781e+00 1.204550475269599915e-10
2.115753621969233667e+00 1.174229550332711428e-10
2.119655357043865429e+00 1.144396552900970963e-10
2.123564287444284826e+00 1.115049742008054655e-10
2.127480426439639416e+00 1.086187346297768560e-10
2.131403787323552290e+00 1.057807557465562214e-10
2.135334383414162929e+00 1.029908523969653059e-10
2.139272228054163616e+00 1.002488345016121997e-10
2.143217334610861613e+00 9.755450648215121518e-11
2.147169716476206691e+00 9.490766671571552585e-11
2.151129387066851528e+00 9.230810701783585097e-11
2.155096359824190788e+00 8.975561215419784862e-11
2.159070648214400645e+00 8.724995938152749788e-11
2.163052265728499179e+00 8.479091801785389099e-11
2.167041225882375244e+00 8.237824904242654086e-11
2.171037542216848859e+00 8.001170472543413204e-11
2.175041228297712070e+00 7.769102828772836952e-11
2.179052297715766251e+00 7.541595359066042005e-11
2.183070764086886495e+00 7.318620485609856322e-11
2.187096641052046486e+00 7.100149641670303664e-11
2.191129942277384224e+00 6.886153249640588523e-11
2.195170681454239325e+00 6.676600702109337184e-11
2.199218872299192551e+00 6.471460345936935373e-11
2.203274528554130196e+00 6.270699469324830249e-11
2.207337663986269849e+00 6.074284291862206970e-11
2.211408292388226560e+00 5.882179957521677887e-11
2.215486427578048811e+00 5.694350530578489739e-11
2.219572083399262041e+00 5.510758994417767986e-11
2.223665273720926816e+00 5.331367253190324308e-11
2.227766012437680576e+00 5.156136136274510184e-11
2.231874313469778048e+00 4.985025405494809494e-11
2.235990190763152974e+00 4.817993765042091522e-11
2.240113658289448750e+00 4.654998874039444766e-11
2.244244730046080605e+00 4.495997361687282042e-11
2.248383420056277782e+00 4.340944844921902366e-11
2.252529742369122623e+00 4.189795948514211099e-11
2.256683711059615849e+00 4.042504327530193895e-11
2.260845340228703648e+00 3.899022692074381344e-11
2.265014644003345179e+00 3.759302834227813455e-11
2.269191636536549872e+00 3.623295657093749505e-11
2.273376332007421841e+00 3.490951205856398821e-11
2.277568744621220720e+00 3.362218700756123700e-11
2.281768888609395862e+00 3.237046571881861202e-11
2.285976778229645401e+00 3.115382495676886728e-11
2.290192427765962879e+00 2.997173433052606372e-11
2.294415851528675443e+00 2.882365669001936606e-11
2.298647063854509565e+00 2.770904853601017110e-11
2.302886079106622130e+00 2.662736044287619051e-11
2.307132911674663944e+00 2.557803749300764044e-11
2.311387575974821917e+00 2.456051972166698142e-11
2.315650086449862144e+00 2.357424257114075634e-11
2.319920457569194294e+00 2.261863735300129109e-11
2.324198703828902257e+00 2.169313171730997878e-11
2.328484839751808533e+00 2.079715012756446403e-11
2.332778879887519974e+00 1.993011434022017482e-11
2.337080838812465533e+00 1.909144388760583783e-11
2.341390731129965985e+00 1.828055656306008997e-11
2.345708571470262349e+00 1.749686890714100793e-11
2.350034374490582945e+00 1.673979669375461586e-11
2.354368154875186914e+00 1.600875541508453058e-11
2.358709927335404632e+00 1.530316076421340450e-11
2.363059706609706545e+00 1.462242911434798108e-11
2.367417507463733362e+00 1.396597799360120007e-11
2.371783344690362227e+00 1.333322655428893688e-11
2.376157233109750244e+00 1.272359603575499238e-11
2.380539187569378878e+00 1.213651021975288044e-11
2.384929222944119243e+00 1.157139587745577059e-11
2.389327354136263182e+00 1.102768320720916818e-11
2.393733596075592995e+00 1.050480626216844377e-11
2.398147963719423181e+00 1.000220336701856240e-11
2.402570472052643513e+00 9.519317523010329379e-12
2.407001136087788318e+00 9.055596800588694180e-12
2.411439970865067561e+00 8.610494718949019024e-12
2.415886991452434351e+00 8.183470611888749894e-12
2.420342212945628457e+00 7.773992954595988921e-12
2.424805650468222495e+00 7.381591024048370346e-12
2.429277319171686766e+00 7.005836490103081201e-12
2.433757234235425226e+00 6.646289603868645084e-12
2.438245410866840324e+00 6.302499759379125216e-12
2.442741864301380517e+00 5.974007900234398981e-12
2.447246609802581130e+00 5.660348768259078914e-12
2.451759662662137629e+00 5.361052995556097546e-12
2.456281038199933597e+00 5.075649042229538777e-12
2.460810751764113569e+00 4.803664982824911091e-12
2.465348818731125213e+00 4.544630145234897924e-12
2.469895254505765081e+00 4.298076606402385468e-12
2.474450074521245657e+00 4.063540549656843825e-12
2.479013294239240661e+00 3.840563488939765148e-12
2.483584929149929454e+00 3.628693365507720677e-12
2.488164994772067651e+00 3.427485522964896799e-12
2.492753506653019535e+00 3.236503566673807795e-12
2.497350480368827785e+00 3.055320113718009735e-12
2.501955931524260102e+00 2.883517439668463216e-12
2.506569875752853171e+00 2.720688028423649930e-12
2.511192328716985500e+00 2.566435031366804402e-12
2.515823306107907165e+00 2.420372642020790467e-12
2.520462823645814421e+00 2.282126392271309469e-12
2.525110897079891892e+00 2.151333376100576944e-12
2.529767542188362306e+00 2.027642406606070161e-12
2.534432774778553554e+00 1.910714111896213078e-12
2.539106610686935550e+00 1.800220975251351971e-12
2.543789065779189951e+00 1.695847324716717660e-12
2.548480155950257231e+00 1.597289277065818490e-12
2.553179897124382869e+00 1.504254640830974566e-12
2.557888305255187511e+00 1.416462782852034978e-12
2.562605396325703833e+00 1.333644462547340451e-12
2.567331186348446703e+00 1.255541637857880274e-12
2.572065691365459372e+00 1.181907246569252645e-12
2.576808927448362319e+00 1.112504966468013865e-12
2.581560910698423861e+00 1.047108957547009680e-12
2.586321657246594352e+00 9.855035892390636739e-13
2.591091183253580787e+00 9.274831554263460188e-13
2.595869504909892100e+00 8.728515797531792864e-13
2.600656638435886236e+00 8.214221135541255253e-13
2.605452600081845649e+00 7.730170285053287730e-13
2.610257406128008828e+00 7.274673059123609583e-13
2.615071072884645353e+00 6.846123243605809826e-13
2.619893616692102967e+00 6.442995472802810711e-13
2.624725053920855533e+00 6.063842118119250701e-13
2.629565400971577649e+00 5.707290202016594362e-13
2.634414674275176171e+00 5.372038348122548866e-13
2.639272890292869711e+00 5.056853776977597967e-13
2.644140065516230820e+00 4.760569355652514490e-13
2.649016216467238394e+00 4.482080708293175014e-13
2.653901359698350504e+00 4.220343393574610254e-13
2.658795511792538591e+00 3.974370154059881452e-13
2.663698689363364736e+00 3.743228241544309054e-13
2.668610909055027847e+00 3.526036821646737300e-13
2.673532187542412952e+00 3.321964460153144375e-13
2.678462541531166696e+00 3.130226692938210573e-13
2.683401987757732421e+00 2.950083680683066838e-13
2.688350542989425662e+00 2.780837949052381326e-13
2.693308224024483888e+00 2.621832214511180417e-13
2.698275047692113571e+00 2.472447295525301841e-13
2.703251030852567904e+00 2.332100108506580305e-13
2.708236190397181442e+00 2.200241747535156188e-13
2.713230543248447812e+00 2.076355646595186176e-13
2.718234106360066793e+00 1.959955822817393102e-13
2.723246896716995824e+00 1.850585199006307990e-13
2.728268931335525060e+00 1.747814003554172685e-13
2.733300227263314230e+00 1.651238245698527215e-13
2.738340801579469908e+00 1.560478263959159866e-13
2.743390671394594360e+00 1.475177345501252946e-13
2.748449853850836178e+00 1.395000414099146918e-13
2.753518366121964878e+00 1.319632784326874329e-13
2.758596225413419756e+00 1.248778979571567560e-13
2.763683448962361844e+00 1.182161611450365868e-13
2.768780054037750737e+00 1.119520318211114315e-13
2.773886057940381011e+00 1.060610759711085816e-13
2.779001478002960823e+00 1.005203666588998269e-13
2.784126331590162096e+00 9.530839412806211290e-14
2.789260636098670698e+00 9.040498085678966533e-14
2.794404408957266828e+00 8.579120133992508461e-14
2.799557667626858759e+00 8.144930637735169735e-14
2.804720429600564557e+00 7.736265165363510759e-14
2.809892712403761816e+00 7.351563040018101177e-14
2.815074533594138728e+00 6.989360993756130533e-14
2.820265910761774020e+00 6.648287190240987693e-14
2.825466861529172036e+00 6.327055597024373031e-14
2.830677403551346227e+00 6.024460689242550071e-14
2.835897554515865782e+00 5.739372467264668085e-14
2.841127332142912021e+00 5.470731771525215357e-14
2.846366754185353898e+00 5.217545878476441558e-14
2.851615838428789296e+00 4.978884362291706091e-14
2.856874602691622744e+00 4.753875207629750585e-14
2.862143064825118710e+00 4.541701159445702043e-14
2.867421242713453111e+00 4.341596296488664050e-14
2.872709154273794141e+00 4.152842815766249130e-14
2.878006817456340460e+00 3.974768015884126016e-14
2.883314250244401133e+00 3.806741467767222351e-14
2.888631470654450251e+00 3.648172361861443370e-14
2.893958496736176222e+00 3.498507021476386187e-14
2.899295346572567045e+00 3.357226572475614171e-14
2.904642038279944938e+00 3.223844760048795023e-14
2.909998590008051167e+00 3.097905903799551382e-14
2.915365019940096225e+00 2.978982982871840945e-14
2.920741346292815344e+00 2.866675843297040595e-14
2.926127587316548873e+00 2.760609520188656197e-14
2.931523761295281361e+00 2.660432667836688631e-14
2.936929886546725488e+00 2.565816091154326696e-14
2.942345981422372247e+00 2.476451372319641852e-14
2.947772064307548678e+00 2.392049586818466819e-14
2.953208153621496468e+00 2.312340103446401715e-14
2.958654267817415029e+00 2.237069463160734492e-14
2.964110425382541436e+00 2.166000331987875398e-14
2.969576644838206825e+00 2.098910523495017087e-14
2.975052944739887906e+00 2.035592086618666087e-14
2.980539343677293562e+00 1.975850454915163242e-14
2.986035860274401266e+00 1.919503653557210820e-14
2.991542513189543673e+00 1.866381560644113807e-14
2.997059321115461472e+00 1.816325219628856076e-14
3.002586302779358451e+00 1.769186199885762916e-14
3.008123476942985430e+00 1.724826002654474028e-14
3.013670862402681561e+00 1.683115509798169586e-14
3.019228477989456039e+00 1.643934473005619545e-14
3.024796342569047169e+00 1.607171041251984037e-14
3.030374475041973881e+00 1.572721324509144044e-14
3.035962894343622764e+00 1.540488991866364690e-14
3.041561619444286713e+00 1.510384902386315407e-14
3.047170669349252847e+00 1.482325675340820332e-14
3.052790063098856699e+00 1.456215825422259047e-14
3.058419819768535497e+00 1.431951786675546164e-14
3.064059958468916101e+00 1.409437562152661237e-14
3.069710498345866512e+00 1.388584606513093408e-14
3.075371458580552275e+00 1.369311240923602067e-14
3.081042858389525740e+00 1.351542120192106051e-14
3.086724717024763365e+00 1.335207747089802139e-14
3.092417053773754532e+00 1.320244029333188416e-14
3.098119887959558394e+00 1.306591875159249338e-14
3.103833238940857608e+00 1.294196823837421789e-14
3.109557126112048042e+00 1.283008707827847745e-14
3.115291568903278741e+00 1.272981343622476438e-14
3.121036586780539857e+00 1.264072248596427081e-14
3.126792199245720383e+00 1.256242381458005820e-14
3.132558425836662330e+00 1.249455904118054476e-14
3.138335286127252655e+00 1.243679963007735465e-14
3.144122799727460560e+00 1.238884488060214648e-14
3.149920986283429869e+00 1.235042007738431317e-14
3.155729865477533203e+00 1.232127478640775528e-14
3.161549457028432375e+00 1.230118128350443313e-14
3.167379780691163660e+00 1.228993310314718892e-14
3.173220856257183087e+00 1.228734369647926400e-14
3.179072703554453483e+00 1.229324518849053517e-14
3.184935342447503537e+00 1.230748722511960595e-14
3.190808792837485530e+00 1.232993590183928135e-14
3.196693074662264156e+00 1.236047276599170205e-14
3.202588207896460037e+00 1.239899388576582463e-14
3.208494212551539437e+00 1.244540897928074326e-14
3.214411108675871542e+00 1.249964059774921615e-14
3.220338916354788417e+00 1.256162335715605406e-14
3.226277655710675596e+00 1.263130321329953792e-14
3.232227346903012943e+00 1.270863677541959230e-14
3.238188010128467464e+00 1.279359065396972199e-14
3.244159665620951927e+00 1.288614083839636710e-14
3.250142333651682591e+00 1.298627210106163393e-14
3.256136034529272028e+00 1.309397742369412310e-14
3.262140788599771746e+00 1.320925744297577194e-14
3.268156616246763679e+00 1.333211991207804284e-14
3.274183537891419693e+00 1.346257917514328918e-14
3.280221573992561979e+00 1.360065565187934317e-14
3.286270745046753206e+00 1.374637532958678439e-14
3.292331071588342706e+00 1.389976926008295029e-14
3.298402574189557068e+00 1.406087305911775323e-14
3.304485273460561423e+00 1.422972640599901744e-14
3.310579190049518505e+00 1.440637254126216973e-14
3.316684344642682358e+00 1.459085776032549763e-14
3.322800757964441853e+00 1.478323090118034106e-14
3.328928450777414838e+00 1.498354282426708352e-14
3.335067443882507199e+00 1.519184588278302089e-14
3.341217758118976366e+00 1.540819338177465403e-14
3.347379414364521466e+00 1.563263902445794776e-14
3.353552433535330835e+00 1.586523634431652587e-14
3.359736836586174835e+00 1.610603812162844285e-14
3.365932644510466698e+00 1.635509578317597158e-14
3.372139878340325581e+00 1.661245878400978667e-14
3.378358559146665385e+00 1.687817397024748023e-14
3.384588708039258265e+00 1.715228492201594057e-14
3.390830346166795906e+00 1.743483127576997865e-14
3.397083494716983232e+00 1.772584802536311529e-14
3.403348174916586366e+00 1.802536480138689461e-14
3.409624408031525000e+00 1.833340512845780842e-14
3.415912215366937676e+00 1.864998566028732281e-14
3.422211618267240407e+00 1.897511539255597147e-14
3.428522638116226595e+00 1.930879485379743386e-14
3.434845296337109222e+00 1.965101527469234231e-14
3.441179614392619879e+00 2.000175773639468384e-14
3.447525613785069609e+00 2.036099229872655992e-14
3.453883316056412411e+00 2.072867710931899250e-14
3.460252742788342495e+00 2.110475749502919008e-14
3.466633915602340466e+00 2.148916503721607257e-14
3.473026856159768361e+00 2.188181663274187863e-14
3.479431586161937151e+00 2.228261354284563936e-14
3.485848127350165360e+00 2.269144043233306254e-14
3.492276501505880759e+00 2.310816440184105421e-14
3.498716730450663892e+00 2.353263401624439181e-14
3.505168836046349323e+00 2.396467833260664083e-14
3.511632840195086480e+00 2.440410593140602743e-14
3.518108764839405378e+00 2.485070395511069273e-14
3.524596631962314319e+00 2.530423715852138207e-14
3.531096463587348300e+00 2.576444697564183671e-14
3.537608281778665820e+00 2.623105060819254061e-14
3.544132108641116830e+00 2.670374014121593235e-14
3.550667966320302238e+00 2.718218169156813316e-14
3.557215877002679161e+00 2.766601459542156652e-14
3.563775862915603998e+00 2.815485064121441925e-14
3.570347946327433686e+00 2.864827335479794016e-14
3.576932149547592310e+00 2.914583734380649604e-14
3.583528494926633723e+00 2.964706770854474528e-14
3.590137004856344127e+00 3.015145952692254982e-14
3.596757701769788262e+00 3.065847742116247020e-14
3.603390608141412432e+00 3.116755521419149372e-14
3.610035746487107122e+00 3.167809568373846798e-14
3.616693139364276277e+00 3.218947042225346356e-14
3.623362809371935445e+00 3.270101981080387436e-14
3.630044779150761958e+00 3.321205311506310729e-14
3.636739071383197075e+00 3.372184871145217038e-14
3.643445708793511262e+00 3.422965445133007033e-14
3.650164714147869915e+00 3.473468817093136777e-14
3.656896110254438170e+00 3.523613835445966360e-14
3.663639919963426195e+00 3.573316495737948702e-14
3.670396166167195773e+00 3.622490039651977656e-14
3.677164871800324697e+00 3.671045071306282331e-14
3.683946059839672937e+00 3.718889691388982446e-14
3.690739753304489668e+00 3.765929649605409669e-14
3.697545975256459005e+00 3.812068515835337816e-14
3.704364748799803930e+00 3.857207870310484416e-14
3.711196097081356893e+00 3.901247513023949513e-14
3.718040043290623320e+00 3.944085692478351119e-14
3.724896610659888641e+00 3.985619353763416260e-14
3.731765822464267135e+00 4.025744405830652992e-14
3.738647702021806296e+00 4.064356007701264734e-14
3.745542272693555663e+00 4.101348873203567924e-14
3.752449557883634768e+00 4.136617593690651858e-14
3.759369581039333053e+00 4.170056978036536560e-14
3.766302365651181816e+00 4.201562409050644654e-14
3.773247935253020380e+00 4.231030215289642198e-14
3.780206313422101783e+00 4.258358057079664609e-14
3.787177523779144295e+00 4.283445325395282767e-14
3.794161589988437555e+00 4.306193552074116971e-14
3.801158535757910961e+00 4.326506829679323258e-14
3.808168384839202947e+00 4.344292239158250690e-14
3.815191161027768896e+00 4.359460283286754086e-14
3.822226888162930880e+00 4.371925323733274532e-14
3.829275590127985129e+00 4.381606019433288542e-14
3.836337290850271753e+00 4.388428229738376530e-14
3.843412014301244906e+00 4.392361865116056649e-14
3.850499784496580702e+00 4.393413416719181993e-14
3.857600625496228286e+00 4.391595937844543510e-14
3.864714561404516857e+00 4.386928096035548933e-14
3.871841616370228945e+00 4.379434063138796436e-14
3.878981814586668353e+00 4.369143388313896131e-14
3.886135180291769853e+00 4.356090854788846068e-14
3.893301737768150694e+00 4.340316321214624443e-14
3.900481511343220742e+00 4.321864548530701631e-14
3.907674525389252640e+00 4.300785013301843907e-14
3.914880804323453312e+00 4.277131708531811518e-14
3.922100372608073204e+00 4.250962932996252811e-14
3.929333254750459137e+00 4.222341070168635446e-14
3.936579475303165321e+00 4.191332357836335284e-14
3.943839058864023084e+00 4.158006649522974099e-14
3.951112030076214143e+00 4.122437168843719738e-14
3.958398413628381629e+00 4.084700257924970260e-14
3.965698234254681598e+00 4.044875121019625260e-14
3.973011516734894943e+00 4.003043564440665088e-14
3.980338285894500672e+00 3.959289733923812819e-14
3.987678566604746067e+00 3.913699850511073813e-14
3.995032383782762153e+00 3.866361946022863498e-14
4.002399762391612548e+00 3.817365599159004961e-14
4.009780727440409365e+00 3.766801673233731999e-14
4.017175303984384271e+00 3.714762056514769984e-14
4.024583517124963095e+00 3.661339406093166286e-14
4.032005392009876843e+00 3.606626896166642845e-14
4.039440953833216774e+00 3.550717971572161732e-14
4.046890227835548082e+00 3.493706107350938457e-14
4.054353239303982726e+00 3.435684575078379299e-14
4.061830013572252263e+00 3.376746216635113833e-14
4.069320576020825087e+00 3.316983226039896880e-14
4.076824952076957054e+00 3.256486939907384838e-14
4.084343167214807835e+00 3.195347637035866288e-14
4.091875246955514633e+00 3.133654347571353766e-14
4.099421216867267681e+00 3.071494672136235181e-14
4.106981102565424813e+00 3.008954611251898662e-14
4.114554929712563869e+00 2.946118405328146068e-14
4.122142724018601712e+00 2.883068385433867525e-14
4.129744511240867944e+00 2.819884835010509814e-14
4.137360317184178626e+00 2.756645862633673320e-14
4.144990167700956185e+00 2.693427285876762810e-14
4.152634088691278258e+00 2.630302526281306875e-14
4.160292106103002041e+00 2.567342515388558136e-14
4.167964245931832679e+00 2.504615611743097252e-14
4.175650534221404975e+00 2.442187528734757197e-14
4.183350997063392640e+00 2.380121273104028465e-14
4.191065660597587339e+00 2.318477093899829622e-14
4.198794551011971521e+00 2.257312441641413598e-14
4.206537694542840988e+00 2.196681937404364733e-14
4.214295117474855523e+00 2.136637351522270992e-14
4.222066846141161456e+00 2.077227591566568887e-14
4.229852906923468048e+00 2.018498699246268057e-14
4.237653326252120323e+00 1.960493855846096125e-14
4.245468130606224300e+00 1.903253395804439817e-14
4.253297346513697619e+00 1.846814828018436119e-14
4.261141000551393887e+00 1.791212864448459347e-14
4.268999119345177284e+00 1.736479455587851363e-14
4.276871729569998948e+00 1.682643832353648872e-14
4.284758857950023092e+00 1.629732553950983587e-14
4.292660531258676748e+00 1.577769561261478358e-14
4.300576776318774996e+00 1.526776235304804000e-14
4.308507620002596461e+00 1.476771460325984253e-14
4.316453089231965023e+00 1.427771691064339749e-14
4.324413210978367950e+00 1.379791023765512926e-14
4.332388012263013621e+00 1.332841270507102852e-14
4.340377520156954994e+00 1.286932036415721865e-14
4.348381761781169530e+00 1.242070799365875680e-14
4.356400764306632922e+00 1.198262991761815720e-14
4.364434554954446988e+00 1.155512084016859826e-14
4.372483160995896512e+00 1.113819669359692650e-14
4.380546609752568266e+00 1.073185549611012612e-14
4.388624928596438046e+00 1.033607821590869839e-14
4.396718144949942619e+00 9.950829638328878720e-15
4.404826286286106729e+00 9.576059232984658180e-15
4.412949380128605270e+00 9.211702018022575591e-15
4.421087454051879639e+00 8.857679418767978438e-15
4.429240535681223889e+00 8.513900118229071695e-15
4.437408652692864663e+00 8.180260897098792010e-15
4.445591832814082878e+00 7.856647461074116205e-15
4.453790103823275892e+00 7.542935253493444015e-15
4.462003493550081856e+00 7.238990251461519118e-15
4.470232029875458757e+00 6.944669743812079749e-15
4.478475740731769683e+00 6.659823089422207162e-15
4.486734654102904507e+00 6.384292454557186147e-15
4.495008798024342944e+00 6.117913528091843491e-15
4.503298200583278010e+00 5.860516213600454961e-15
4.511602889918701287e+00 5.611925297465018080e-15
4.519922894221480192e+00 5.371961092292031838e-15
4.528258241734490319e+00 5.140440055064270425e-15
4.536608960752672282e+00 4.917175379589496511e-15
4.544975079623157832e+00 4.701977562927641477e-15
4.553356626745358682e+00 4.494654945598936798e-15
4.561753630571041107e+00 4.295014225485334424e-15
4.570166119604461841e+00 4.102860945437905762e-15
4.578594122402423139e+00 3.917999954706066652e-15
4.587037667574404232e+00 3.740235844385397847e-15
4.595496783782643035e+00 3.569373357171614209e-15
4.603971499742223195e+00 3.405217771777486388e-15
4.612461844221197538e+00 3.247575262441604052e-15
4.620967846040656468e+00 3.096253234020202789e-15
4.629489534074852308e+00 2.951060633206966255e-15
4.638026937251285453e+00 2.811808236478119199e-15
4.646580084550787859e+00 2.678308915402276589e-15
4.655149005007651830e+00 2.550377879991378368e-15
4.663733727709710841e+00 2.427832900804786548e-15
4.672334281798429245e+00 2.310494510542448937e-15
4.680950696469026617e+00 2.198186185886165149e-15
4.689583000970547033e+00 2.090734510366876657e-15
4.698231224605987855e+00 1.987969319046066757e-15
4.706895396732382331e+00 1.889723825811406520e-15
4.715575546760890191e+00 1.795834734088720672e-15
4.724271704156928209e+00 1.706142331774869319e-15
4.732983898440231485e+00 1.620490571195074500e-15
4.741712159184987563e+00 1.538727134880426812e-15
4.750456516019924358e+00 1.460703487955891408e-15
4.759216998628392759e+00 1.386274917917272555e-15
4.767993636748505182e+00 1.315300562561897963e-15
4.776786460173194193e+00 1.247643426825192082e-15
4.785595498750349286e+00 1.183170389255465173e-15
4.794420782382903923e+00 1.121752198843338154e-15
4.803262341028921689e+00 1.063263462900847060e-15
4.812120204701733073e+00 1.007582626664137003e-15
4.820994403469995859e+00 9.545919452728595337e-16
4.829884967457835465e+00 9.041775616757619144e-16
4.838791926844929314e+00 8.562308537513262288e-16
4.847715311866593879e+00 8.106476164614168957e-16
4.856655152813926790e+00 7.673267698535954786e-16
4.865611480033864567e+00 7.261703401725609193e-16
4.874584323929321172e+00 6.870834609452815531e-16
4.883573714959281276e+00 6.499743645806220103e-16
4.892579683638881072e+00 6.147543653056340833e-16
4.901602260539553058e+00 5.813378342264120248e-16
4.910641476289088203e+00 5.496421672673840466e-16
4.919697361571772731e+00 5.195877467062775812e-16
4.928769947128478712e+00 4.910978969869052607e-16
4.937859263756755546e+00 4.640988354555778229e-16
4.946965342310964076e+00 4.385196186308999932e-16
4.956088213702348533e+00 4.142920845818294118e-16
4.965227908899170650e+00 3.913507919528126918e-16
4.974384458926801145e+00 3.696329561413704152e-16
4.983557894867812088e+00 3.490783830990902478e-16
4.992748247862115463e+00 3.296294011944844100e-16
5.001955549107028887e+00 3.112307915445590707e-16
5.011179829857418611e+00 2.938297171905726483e-16
5.020421121425788336e+00 2.773756514646175737e-16
5.029679455182369807e+00 2.618203058645351750e-16
5.038954862555267589e+00 2.471175577276989872e-16
5.048247375030523898e+00 2.332233779683086613e-16
5.057557024152258052e+00 2.200957591177962320e-16
5.066883841522765053e+00 2.076946438847317289e-16
5.076227858802599080e+00 1.959818544282533550e-16
5.085589107710725365e+00 1.849210225180326884e-16
5.094967620024578814e+00 1.744775207343034379e-16
5.104363427580214108e+00 1.646183948426414718e-16
5.113776562272395410e+00 1.553122974611825548e-16
5.123207056054689623e+00 1.465294231216153351e-16
5.132654940939604948e+00 1.382414448103226998e-16
5.142120248998685916e+00 1.304214520621516460e-16
5.151603012362605760e+00 1.230438906663945029e-16
5.161103263221312076e+00 1.160845040326025242e-16
5.170621033824092549e+00 1.095202762531519453e-16
5.180156356479725055e+00 1.033293768892370126e-16
5.189709263556566476e+00 9.749110749812018667e-17
5.199279787482652182e+00 9.198584991100951301e-17
5.208867960745838133e+00 8.679501626349950334e-17
5.218473815893872825e+00 8.190100077385261896e-17
5.228097385534542063e+00 7.728713325820409974e-17
5.237738702335764884e+00 7.293763436652872092e-17
5.247397799025689480e+00 6.883757251835161008e-17
5.257074708392837969e+00 6.497282251297765753e-17
5.266769463286181008e+00 6.133002578543152776e-17
5.276482096615280781e+00 5.789655227600994077e-17
5.286212641350389596e+00 5.466046387874063916e-17
5.295961130522545801e+00 5.161047943168116172e-17
5.305727597223723002e+00 4.873594121009702565e-17
5.315512074606897563e+00 4.602678288206489693e-17
5.325314595886203151e+00 4.347349888473778702e-17
5.335135194337023101e+00 4.106711517867321988e-17
5.344973903296089013e+00 3.879916133692831177e-17
5.354830756161632621e+00 3.666164392519035358e-17
5.364705786393453302e+00 3.464702112911444322e-17
5.374599027513073501e+00 3.274817858493495737e-17
5.384510513103830220e+00 3.095840636969171937e-17
5.394440276810978929e+00 2.927137710771645460e-17
5.404388352341843671e+00 2.768112515048163170e-17
5.414354773465885451e+00 2.618202678758717318e-17
5.424339574014858556e+00 2.476878144726479877e-17
5.434342787882907366e+00 2.343639384567745473e-17
5.444364449026664055e+00 2.218015704509127648e-17
5.454404591465406682e+00 2.099563638196268816e-17
5.464463249281123147e+00 1.987865422699351727e-17
5.474540456618672835e+00 1.882527554020003117e-17
5.484636247685880761e+00 1.783179418515579638e-17
5.494750656753640605e+00 1.689471996763540922e-17
5.504883718156067474e+00 1.601076636500458422e-17
5.515035466290571620e+00 1.517683891384452103e-17
5.525205935618013875e+00 1.439002422440201270e-17
5.535395160662804237e+00 1.364757959161062308e-17
5.545603176013004898e+00 1.294692317354074746e-17
5.555830016320483900e+00 1.228562470925004043e-17
5.566075716300990628e+00 1.166139674912500984e-17
5.576340310734312133e+00 1.107208637186506841e-17
5.586623834464374383e+00 1.051566736335321191e-17
5.596926322399341736e+00 9.990232833687289045e-18
5.607247809511778591e+00 9.493988249667905405e-18
5.617588330838717781e+00 9.025244861050432971e-18
5.627947921481825766e+00 8.582413499816281910e-18
5.638326616607498565e+00 8.163998732683346881e-18
5.648724451446968331e+00 7.768593347974732003e-18
5.659141461296460562e+00 7.394873158853025180e-18
5.669577681517267820e+00 7.041592105789692888e-18
5.680033147535912263e+00 6.707577641951411353e-18
5.690507894844247794e+00 6.391726385995712292e-18
5.701001958999560415e+00 6.093000027523191211e-18
5.711515375624728996e+00 5.810421471172446216e-18
5.722048180408322970e+00 5.543071206056524816e-18
5.732600409104710693e+00 5.290083887911109296e-18
5.743172097534219311e+00 5.050645121977180190e-18
5.753763281583209377e+00 4.823988435266420914e-18
5.764373997204240041e+00 4.609392427446434261e-18
5.775004280416168534e+00 4.406178090158196849e-18
5.785654167304262963e+00 4.213706285117557402e-18
5.796323694020355966e+00 4.031375371869558285e-18
5.807012896782928202e+00 3.858618976563279534e-18
5.817721811877270000e+00 3.694903893578938994e-18
5.828450475655587049e+00 3.539728112291839152e-18
5.839198924537102542e+00 3.392618961681668095e-18
5.849967195008228593e+00 3.253131365898716006e-18
5.860755323622638180e+00 3.120846204288043275e-18
5.871563347001432120e+00 2.995368769732278667e-18
5.882391301833245656e+00 2.876327319524718646e-18
5.893239224874355031e+00 2.763371713311156844e-18
5.904107152948842696e+00 2.656172132949247055e-18
5.914995122948677242e+00 2.554417879433582791e-18
5.925903171833879490e+00 2.457816242308714308e-18
5.936831336632627298e+00 2.366091437262332070e-18
5.947779654441366581e+00 2.278983607837460553e-18
5.958748162424978290e+00 2.196247887440946072e-18
5.969736897816857457e+00 2.117653518050467828e-18
5.980745897919078402e+00 2.042983022231381100e-18
5.991775200102507526e+00 1.972031425277539305e-18
6.002824841806907230e+00 1.904605524477474000e-18
6.013894860541111775e+00 1.840523202685629139e-18
6.024985293883099224e+00 1.779612783548651238e-18
6.036096179480167301e+00 1.721712425892807384e-18
6.047227555049039083e+00 1.666669554931531820e-18
6.058379458375974025e+00 1.614340328091356249e-18
6.069551927316939377e+00 1.564589133388994591e-18
6.080744999797688344e+00 1.517287504360982498e-18
6.091958713813935056e+00 1.472306640280272614e-18
6.103193107431460263e+00 1.429520370286909934e-18
6.114448218786226796e+00 1.388810371641920640e-18
6.125724086084549214e+00 1.350065740768688064e-18
6.137020747603173731e+00 1.313182488053133522e-18
6.148338241689454975e+00 1.278063070091296301e-18
6.159676606761463447e+00 1.244615956424970839e-18
6.171035881308099214e+00 1.212755228053767992e-18
6.182416103889267767e+00 1.182400205238405632e-18
6.193817313135956404e+00 1.153475102317125768e-18
6.205239547750414530e+00 1.125908707444850203e-18
6.216682846506262905e+00 1.099634085337727104e-18
6.228147248248605550e+00 1.074588301261726605e-18
6.239632791894210939e+00 1.050712164648310273e-18
6.251139516431586607e+00 1.027949990851462974e-18
6.262667460921160334e+00 1.006249379679753671e-18
6.274216664495392948e+00 9.855610094475092785e-19
6.285787166358891120e+00 9.658384453897419890e-19
6.297379005788587669e+00 9.470379613767576178e-19
6.308992222133817940e+00 9.291183739497368745e-19
6.320626854816504547e+00 9.120408877749314800e-19
6.332282943331270175e+00 8.957689516857599161e-19
6.343960527245549486e+00 8.802681245463712827e-19
6.355659646199764978e+00 8.655059502304973960e-19
6.367380339907443343e+00 8.514518410637305536e-19
6.379122648155325592e+00 8.380769691280718145e-19
6.390886610803552692e+00 8.253541648733208446e-19
6.402672267785747273e+00 8.132578225229663376e-19
6.414479659109193044e+00 8.017638118007376769e-19
6.426308824854955581e+00 7.908493955403193538e-19
6.438159805177991579e+00 7.804931527737962393e-19
6.450032640307338916e+00 7.706749069245180987e-19
6.461927370546193927e+00 7.613756587587324658e-19
6.473844036272099700e+00 7.525775237757399324e-19
6.485782677937058871e+00 7.442636737403621934e-19
6.497743336067655306e+00 7.364182820836428872e-19
6.509726051265233515e+00 7.290264729178157865e-19
6.521730864205987466e+00 7.220742734305521344e-19
6.533757815641143551e+00 7.155485694406305564e-19
6.545806946397077830e+00 7.094370639134566134e-19
6.557878297375435928e+00 7.037282382493852965e-19
6.569971909553319556e+00 6.984113161718082052e-19
6.582087823983370001e+00 6.934762300544595042e-19
6.594226081793954641e+00 6.889135895392059994e-19
6.606386724189287740e+00 6.847146523066451734e-19
6.618569792449550349e+00 6.808712968716198967e-19
6.630775327931075935e+00 6.773759972855124074e-19
6.643003372066436540e+00 6.742217996356502916e-19
6.655253966364634621e+00 6.714023002402261724e-19
6.667527152411216740e+00 6.689116254449938813e-19
6.679822971868402348e+00 6.667444129344854124e-19
6.692141466475267642e+00 6.648957944775031503e-19
6.704482678047831712e+00 6.633613800324357353e-19
6.716846648479252835e+00 6.621372431437214079e-19
6.729233419739941269e+00 6.612199075660306410e-19
6.741643033877689817e+00 6.606063350577921599e-19
6.754075533017857680e+00 6.602939142901377562e-19
6.766530959363463715e+00 6.602804508218500962e-19
6.779009355195372954e+00 6.605641580949565264e-19
6.791510762872424500e+00 6.611436494092174092e-19
6.804035224831550543e+00 6.620179308377124226e-19
6.816582783587970873e+00 6.631863950487062258e-19
6.829153481735280806e+00 6.646488160026062304e-19
6.841747361945646588e+00 6.664053444953431840e-19
6.854364466969926184e+00 6.684565045228377027e-19
6.867004839637795399e+00 6.708031904436304324e-19
6.879668522857940616e+00 6.734466649193240556e-19
6.892355559618151162e+00 6.763885576151445869e-19
6.905065992985512935e+00 6.796308646450153787e-19
6.917799866106530970e+00 6.831759487479610372e-19
6.930557222207260004e+00 6.870265401846721077e-19
6.943338104593496318e+00 6.911857383452054294e-19
6.956142556650869224e+00 6.956570140606928697e-19
6.968970621845038238e+00 7.004442126139806282e-19
6.981822343721820978e+00 7.055515574458277697e-19
6.994697765907316622e+00 7.109836545551996053e-19
7.007596932108105747e+00 7.167454975939210264e-19
7.020519886111340035e+00 7.228424736576484614e-19
7.033466671784944779e+00 7.292803697768979158e-19
7.046437333077741449e+00 7.360653801133577055e-19
7.059431914019577370e+00 7.432041138685914106e-19
7.072450458721520228e+00 7.507036039135930066e-19
7.085493011375982420e+00 7.585713161494861513e-19
7.098559616256852500e+00 7.668151596110788215e-19
7.111650317719695025e+00 7.754434973268184608e-19
7.124765160201842917e+00 7.844651579499286710e-19
7.137904188222599977e+00 7.938894481775441833e-19
7.151067446383368775e+00 8.037261659759235863e-19
7.164254979367781218e+00 8.139856146315934512e-19
7.177466831941901049e+00 8.246786176499681734e-19
7.190703048954318000e+00 8.358165345245423417e-19
7.203963675336350292e+00 8.474112774015618573e-19
7.217248756102174312e+00 8.594753286666570727e-19
7.230558336348958726e+00 8.720217594817801287e-19
7.243892461257065207e+00 8.850642493026251363e-19
7.257251176090146139e+00 8.986171064083007682e-19
7.270634526195347114e+00 9.126952894773194693e-19
7.284042557003441054e+00 9.273144302452873395e-19
7.297475314028956994e+00 9.424908572821810047e-19
7.310932842870391468e+00 9.582416209290185208e-19
7.324415189210299104e+00 9.745845194353593472e-19
7.337922398815501346e+00 9.915381263419145623e-19
7.351454517537222344e+00 1.009121819154109846e-18
7.365011591311216854e+00 1.027355809355123302e-18
7.378593666157982511e+00 1.046261173809128079e-18
7.392200788182855753e+00 1.065859887607693035e-18
7.405833003576217877e+00 1.086174858415194965e-18
7.419490358613634484e+00 1.107229962371261405e-18
7.433172899655983379e+00 1.129050081611075293e-18
7.446880673149671281e+00 1.151661143467299766e-18
7.460613725626726200e+00 1.175090161419703503e-18
7.474372103705012371e+00 1.199365277862302324e-18
7.488155854088360819e+00 1.224515808759842890e-18
7.501965023566709689e+00 1.250572290269593709e-18
7.515799659016313861e+00 1.277566527406935122e-18
7.529659807399845306e+00 1.305531644836788068e-18
7.543545515766602705e+00 1.334502139876757868e-18
7.557456831252649998e+00 1.364513937800643610e-18
7.571393801080954944e+00 1.395604449535534661e-18
7.585356472561599617e+00 1.427812631849076060e-18
7.599344893091883435e+00 1.461179050127257780e-18
7.613359110156534548e+00 1.495745943847731124e-18
7.627399171327849281e+00 1.531557294857573192e-18
7.641465124265831577e+00 1.568658898568451974e-18
7.655557016718407048e+00 1.607098121697587947e-18
7.669674896521524232e+00 1.646920432186225445e-18
7.683818811599370413e+00 1.688170360388776879e-18
7.697988809964512846e+00 1.730893805774629724e-18
7.712184939718034649e+00 1.775138101733523245e-18
7.726407249049756842e+00 1.820952038617946551e-18
7.740655786238338720e+00 1.868385885914396924e-18
7.754930599651492784e+00 1.917491413404543176e-18
7.769231737746129518e+00 1.968321911167386312e-18
7.783559249068496833e+00 2.020932208265709221e-18
7.797913182254392339e+00 2.075378689951277462e-18
7.812293586029303682e+00 2.131719313212915612e-18
7.826700509208553314e+00 2.190013620482857648e-18
7.841134000697514317e+00 2.250322751307547297e-18
7.855594109491718768e+00 2.312709451777308817e-18
7.870080884677075339e+00 2.377238081501283337e-18
7.884594375430014956e+00 2.443974617901870134e-18
7.899134631017631136e+00 2.512986657593731384e-18
7.913701700797905580e+00 2.584343414601494986e-18
7.928295634219811205e+00 2.658115715158887835e-18
7.942916480823533298e+00 2.734375988823315497e-18
7.957564290240619620e+00 2.813198255627181601e-18
7.972239112194118071e+00 2.894658108978047354e-18
7.986940996498804957e+00 2.978832694009869721e-18
8.001669993061289787e+00 3.065800681075635274e-18
8.016426151880242656e+00 3.155642234064070793e-18
8.031209523046536347e+00 3.248438973211956728e-18
8.046020156743393770e+00 3.344273932075395583e-18
8.060858103246614448e+00 3.443231508315571478e-18
8.075723412924682876e+00 3.545397407944137910e-18
8.090616136238988787e+00 3.650858582670071974e-18
8.105536323743987026e+00 3.759703159979787672e-18
8.120484026087332552e+00 3.872020365579026092e-18
8.135459294010114917e+00 3.987900437820828592e-18
8.150462178346966624e+00 4.107434533738728412e-18
8.165492730026283397e+00 4.230714626305054173e-18
8.180551000070391154e+00 4.357833392531458050e-18
8.195637039595672135e+00 4.488884092030534046e-18
8.210750899812815362e+00 4.623960435662092532e-18
8.225892632026912565e+00 4.763156443887756684e-18
8.241062287637690886e+00 4.906566294469730564e-18
8.256259918139672749e+00 5.054284159153273356e-18
8.271485575122310863e+00 5.206404028986128374e-18
8.286739310270235137e+00 5.363019527943030599e-18
8.302021175363353933e+00 5.524223714533453690e-18
8.317331222277084990e+00 5.690108871098371349e-18
8.332669502982520626e+00 5.860766280515659274e-18
8.348036069546560967e+00 6.036285990062498749e-18
8.363430974132160856e+00 6.216756562212107409e-18
8.378854268998441768e+00 6.402264812170136497e-18
8.394306006500915629e+00 6.592895531994646466e-18
8.409786239091650017e+00 6.788731201179091558e-18
8.425295019319413825e+00 6.989851683623035677e-18
8.440832399829918842e+00 7.196333910960407919e-18
8.456398433365926337e+00 7.408251552263702714e-18
8.471993172767488645e+00 7.625674670201734159e-18
8.487616670972103705e+00 7.848669363780986418e-18
8.503268981014864281e+00 8.077297397868612810e-18
8.518950156028706644e+00 8.311615819760759569e-18
8.534660249244513608e+00 8.551676563128109018e-18
8.550399313991356109e+00 8.797526039752143927e-18
8.566167403696654858e+00 9.049204719539576699e-18
8.581964571886333104e+00 9.306746699390056857e-18
8.597790872185054667e+00 9.570179261578849373e-18
8.613646358316339402e+00 9.839522422407422291e-18
8.629531084102810112e+00 1.011478847197282565e-17
8.645445103466345316e+00 1.039598150600280603e-17
8.661388470428230235e+00 1.068309695080576161e-17
8.677361239109409041e+00 1.097612108249647909e-17
8.693363463730623408e+00 1.127503054175370844e-17
8.709395198612583044e+00 1.157979184548860619e-17
8.725456498176209053e+00 1.189036089690870492e-17
8.741547416942742288e+00 1.220668249556976793e-17
8.757668009533997378e+00 1.252868984913596065e-17
8.773818330672520815e+00 1.285630408866604702e-17
8.789998435181743730e+00 1.318943378936761986e-17
8.806208377986237679e+00 1.352797449887148064e-17
8.822448214111826559e+00 1.387180827518190056e-17
8.838717998685837074e+00 1.422080323657681314e-17
8.855017786937253277e+00 1.457481312582445633e-17
8.871347634196890652e+00 1.493367689118974041e-17
8.887707595897627044e+00 1.529721828679540746e-17
8.904097727574541210e+00 1.566524549498755988e-17
8.920518084865145525e+00 1.603755077344013345e-17
8.936968723509556511e+00 1.641391012979953993e-17
8.953449699350660040e+00 1.679408302673682230e-17
8.969961068334356469e+00 1.717781212032263497e-17
8.986502886509681431e+00 1.756482303468243636e-17
9.003075210029059861e+00 1.795482417591601885e-17
9.019678095148471186e+00 1.834750658827814166e-17
9.036311598227610986e+00 1.874254385561228358e-17
9.052975775730145003e+00 1.913959205102126489e-17
9.069670684223828161e+00 1.953828973770764299e-17
9.086396380380763915e+00 1.993825802388154686e-17
9.103152920977564122e+00 2.033910067454769995e-17
9.119940362895519570e+00 2.074040428289579948e-17
9.136758763120852223e+00 2.114173850391320868e-17
9.153608178744839563e+00 2.154265635268692416e-17
9.170488666964068614e+00 2.194269456973028115e-17
9.187400285080604689e+00 2.234137405546412999e-17
9.204343090502161928e+00 2.273820037580324153e-17
9.221317140742353757e+00 2.313266434056131310e-17
9.238322493420822568e+00 2.352424265614191528e-17
9.255359206263497285e+00 2.391239865371575728e-17
9.272427337102756795e+00 2.429658309378227852e-17
9.289526943877611131e+00 2.467623504770628731e-17
9.306658084633946615e+00 2.505078285647484395e-17
9.323820817524660853e+00 2.541964516655893704e-17
9.341015200809920316e+00 2.578223204239442158e-17
9.358241292857330862e+00 2.613794615458237504e-17
9.375499152142110049e+00 2.648618404250714607e-17
9.392788837247346478e+00 2.682633744963181332e-17
9.410110406864125920e+00 2.715779472928597124e-17
9.427463919791801317e+00 2.747994231830461024e-17
9.444849434938152655e+00 2.779216627540973575e-17
9.462267011319571708e+00 2.809385388075389867e-17
9.479716708061317831e+00 2.838439529257417068e-17
9.497198584397649412e+00 2.866318525641004800e-17
9.514712699672090324e+00 2.892962486189094956e-17
9.532259113337600454e+00 2.918312334159726030e-17
9.549837884956749789e+00 2.942309990607249699e-17
9.567449074201988424e+00 2.964898560858507049e-17
9.585092740855774451e+00 2.986022523283078869e-17
9.602768944810836871e+00 3.005627919634370633e-17
9.620477746070362102e+00 3.023662546200236406e-17
9.638219204748152080e+00 3.040078005017134382e-17
9.655993381068904924e+00 3.054848257895496227e-17
9.673800335368376579e+00 3.067962343704295379e-17
9.691640128093560236e+00 3.079412420913980099e-17
9.709512819802963435e+00 3.089193577764304231e-17
9.727418471166730640e+00 3.097303808433807455e-17
9.745357142966922126e+00 3.103743980910696375e-17
9.763328896097682730e+00 3.108517796842690846e-17
9.781333791565431923e+00 3.111631743672295051e-17
9.799371890489128489e+00 3.113095039389944596e-17
9.817443254100403749e+00 3.112919570260680155e-17
9.835547943743838673e+00 3.111119821901467553e-17
9.853686020877143292e+00 3.107712804104908081e-17
9.871857547071332561e+00 3.102717969821255067e-17
9.890062584011003466e+00 3.096157128724556454e-17
9.908301193494475356e+00 3.088054355799507951e-17
9.926573437434054625e+00 3.078435895395019002e-17
9.944879377856226554e+00 3.067330061196637062e-17
9.963219076901829396e+00 3.054767132572602331e-17
9.981592596826340369e+00 3.040779247752874927e-17
1.000000000000000000e+01 3.025400294296080468e-17
