1.000000000000000000e+00 6.987313073425001164e+01
1.001382782584698150e+00 6.965146129942519337e+01
1.002767477257072715e+00 6.943046596966306083e+01
1.004154086661125600e+00 6.921014279868740005e+01
1.005542613444514011e+00 6.899048984548217334e+01
1.006933060258556889e+00 6.877150517427870113e+01
1.008325429758239133e+00 6.855318685454275851e+01
1.009719724602217150e+00 6.833553296096124541e+01
1.011115947452823294e+00 6.811854157440771473e+01
1.012514100976071640e+00 6.790221078899733698e+01
1.013914187841662651e+00 6.768653870787599658e+01
1.015316210722988277e+00 6.747152343922356010e+01
1.016720172297137736e+00 6.725716309621311950e+01
1.018126075244901507e+00 6.704345579700033397e+01
1.019533922250777325e+00 6.683039966471132232e+01
1.020943716002974622e+00 6.661799282743167794e+01
1.022355459193420524e+00 6.640623341819443226e+01
1.023769154517764068e+00 6.619511957496902710e+01
1.025184804675382422e+00 6.598464944064959070e+01
1.026602412369384654e+00 6.577482116304388171e+01
1.028021980306618177e+00 6.556563289486147994e+01
1.029443511197672967e+00 6.535708279370280138e+01
1.030867007756887554e+00 6.514916902204714688e+01
1.032292472702353692e+00 6.494188974724235663e+01
1.033719908755921457e+00 6.473524314149260306e+01
1.035149318643205030e+00 6.452922738184709317e+01
1.036580705093586907e+00 6.432384065018993624e+01
1.038014070840224345e+00 6.411908113322721192e+01
1.039449418620053800e+00 6.391494702247705817e+01
1.040886751173796254e+00 6.371143651425804677e+01
1.042326071245962327e+00 6.350854780967750202e+01
1.043767381584858045e+00 6.330627911462140389e+01
1.045210684942589507e+00 6.310462863974222358e+01
1.046655984075068657e+00 6.290359460044809481e+01
1.048103281742017723e+00 6.270317521689219120e+01
1.049552580706975435e+00 6.250336871396088867e+01
1.051003883737302136e+00 6.230417332126318541e+01
1.052457193604183994e+00 6.210558727311945404e+01
1.053912513082640334e+00 6.190760880855063419e+01
1.055369844951526304e+00 6.171023617126698468e+01
1.056829191993540862e+00 6.151346760965701321e+01
1.058290556995230114e+00 6.131730137677701009e+01
1.059753942746993527e+00 6.112173573033958718e+01
1.061219352043089259e+00 6.092676893270280658e+01
1.062686787681639045e+00 6.073239925085977120e+01
1.064156252464633967e+00 6.053862495642704999e+01
1.065627749197939789e+00 6.034544432563413352e+01
1.067101280691301834e+00 6.015285563931291790e+01
1.068576849758350766e+00 5.996085718288617983e+01
1.070054459216608134e+00 5.976944724635734474e+01
1.071534111887491481e+00 5.957862412429951604e+01
1.073015810596319453e+00 5.938838611584446880e+01
1.074499558172317792e+00 5.919873152467246058e+01
1.075985357448624224e+00 5.900965865900101903e+01
1.077473211262294450e+00 5.882116583157421985e+01
1.078963122454306589e+00 5.863325135965250468e+01
1.080455093869568062e+00 5.844591356500141188e+01
1.081949128356919143e+00 5.825915077388143004e+01
1.083445228769140511e+00 5.807296131703693476e+01
1.084943397962956579e+00 5.788734352968600660e+01
1.086443638799043043e+00 5.770229575150941770e+01
1.087945954142030436e+00 5.751781632664039989e+01
1.089450346860510788e+00 5.733390360365403637e+01
1.090956819827042956e+00 5.715055593555668167e+01
1.092465375918157289e+00 5.696777167977528222e+01
1.093976018014362728e+00 5.678554919814724400e+01
1.095488749000150364e+00 5.660388685690967492e+01
1.097003571764000540e+00 5.642278302668920986e+01
1.098520489198387295e+00 5.624223608249125306e+01
1.100039504199785023e+00 5.606224440368965389e+01
1.101560619668672247e+00 5.588280637401685880e+01
1.103083838509539394e+00 5.570392038155252123e+01
1.104609163630892343e+00 5.552558481871410834e+01
1.106136597945259092e+00 5.534779808224600117e+01
1.107666144369195083e+00 5.517055857320949031e+01
1.109197805823288530e+00 5.499386469697230950e+01
1.110731585232166196e+00 5.481771486319838260e+01
1.112267485524499389e+00 5.464210748583774802e+01
1.113805509633008617e+00 5.446704098311597164e+01
1.115345660494470037e+00 5.429251377752443375e+01
1.116887941049720334e+00 5.411852429580961399e+01
1.118432354243663385e+00 5.394507096896328591e+01
1.119978903025274475e+00 5.377215223221222828e+01
1.121527590347606962e+00 5.359976652500827043e+01
1.123078419167798270e+00 5.342791229101766248e+01
1.124631392447073663e+00 5.325658797811157541e+01
1.126186513150754243e+00 5.308579203835581239e+01
1.127743784248261161e+00 5.291552292800066226e+01
1.129303208713121176e+00 5.274577910747086662e+01
1.130864789522973313e+00 5.257655904135574332e+01
1.132428529659573968e+00 5.240786119839918200e+01
1.133994432108802464e+00 5.223968405148942651e+01
1.135562499860667263e+00 5.207202607764931912e+01
1.137132735909310854e+00 5.190488575802645954e+01
1.138705143253016416e+00 5.173826157788307256e+01
1.140279724894212698e+00 5.157215202658617414e+01
1.141856483839480907e+00 5.140655559759760962e+01
1.143435423099558701e+00 5.124147078846448267e+01
1.145016545689347742e+00 5.107689610080894482e+01
1.146599854627918136e+00 5.091283004031866000e+01
1.148185352938515091e+00 5.074927111673676450e+01
1.149773043648563808e+00 5.058621784385223918e+01
1.151362929789676359e+00 5.042366873949016082e+01
1.152955014397656575e+00 5.026162232550171183e+01
1.154549300512506038e+00 5.010007712775490774e+01
1.156145791178430082e+00 4.993903167612424454e+01
1.157744489443843783e+00 4.977848450448182405e+01
1.159345398361376844e+00 4.961843415068675966e+01
1.160948520987880928e+00 4.945887915657629463e+01
1.162553860384433868e+00 4.929981806795576205e+01
1.164161419616347226e+00 4.914124943458908490e+01
1.165771201753170061e+00 4.898317181018924060e+01
1.167383209868696925e+00 4.882558375240849102e+01
1.168997447040972304e+00 4.866848382282904595e+01
1.170613916352297279e+00 4.851187058695324339e+01
1.172232620889234411e+00 4.835574261419453279e+01
1.173853563742615069e+00 4.820009847786733559e+01
1.175476748007544092e+00 4.804493675517797868e+01
1.177102176783406673e+00 4.789025602721516606e+01
1.178729853173873021e+00 4.773605487894054278e+01
1.180359780286905469e+00 4.758233189917906714e+01
1.181991961234764243e+00 4.742908568060978070e+01
1.183626399134013019e+00 4.727631481975646466e+01
1.185263097105524466e+00 4.712401791697815412e+01
1.186902058274487359e+00 4.697219357645980153e+01
1.188543285770411684e+00 4.682084040620311782e+01
1.190186782727134851e+00 4.666995701801684504e+01
1.191832552282827695e+00 4.651954202750792433e+01
1.193480597580000691e+00 4.636959405407196755e+01
1.195130921765509502e+00 4.622011172088398467e+01
1.196783527990560980e+00 4.607109365488916808e+01
1.198438419410720046e+00 4.592253848679389705e+01
1.200095599185914352e+00 4.577444485105618099e+01
1.201755070480441390e+00 4.562681138587669949e+01
1.203416836462974482e+00 4.547963673318941602e+01
1.205080900306567893e+00 4.533291953865284540e+01
1.206747265188664153e+00 4.518665845164045436e+01
1.208415934291099170e+00 4.504085212523178683e+01
1.210086910800108662e+00 4.489549921620348272e+01
1.211760197906334158e+00 4.475059838501977083e+01
1.213435798804829435e+00 4.460614829582393526e+01
1.215113716695065849e+00 4.446214761642904989e+01
1.216793954780939657e+00 4.431859501830872006e+01
1.218476516270776688e+00 4.417548917658858443e+01
1.220161404377339665e+00 4.403282876994443740e+01
1.221848622317833311e+00 4.389061247877866379e+01
1.223538173313911903e+00 4.374883898535069449e+01
1.225230060591683712e+00 4.360750697551497979e+01
1.226924287381718548e+00 4.346661513878236605e+01
1.228620856919053095e+00 4.332616216831088707e+01
1.230319772443197568e+00 4.318614676089613624e+01
1.232021037198141711e+00 4.304656761696249134e+01
1.233724654432361012e+00 4.290742344055362167e+01
1.235430627398822923e+00 4.276871293932330076e+01
1.237138959354992629e+00 4.263043482452641086e+01
1.238849653562840381e+00 4.249258781100965621e+01
1.240562713288846375e+00 4.235517061720214826e+01
1.242278141804007863e+00 4.221818196510706400e+01
1.243995942383845588e+00 4.208162058029154196e+01
1.245716118308409115e+00 4.194548519187850388e+01
1.247438672862283715e+00 4.180977453253697718e+01
1.249163609334596803e+00 4.167448733847341913e+01
1.250890931019023267e+00 4.153962234942259357e+01
1.252620641213793240e+00 4.140517830863843329e+01
1.254352743221696986e+00 4.127115396288522220e+01
1.256087240350092227e+00 4.113754806242866380e+01
1.257824135910909913e+00 4.100435936102677204e+01
1.259563433220660444e+00 4.087158661592124531e+01
1.261305135600440552e+00 4.073922858782819389e+01
1.263049246375939072e+00 4.060728404092945709e+01
1.264795768877443827e+00 4.047575174286392041e+01
1.266544706439847401e+00 4.034463046471826431e+01
1.268296062402654023e+00 4.021391898101857265e+01
1.270049840109985562e+00 4.008361606972118807e+01
1.271806042910588408e+00 3.995372051220421383e+01
1.273564674157839027e+00 3.982423109325839761e+01
1.275325737209751287e+00 3.969514660107891757e+01
1.277089235428982006e+00 3.956646582725609562e+01
1.278855172182838729e+00 3.943818756676710535e+01
1.280623550843284164e+00 3.931031061796701920e+01
1.282394374786944624e+00 3.918283378258035299e+01
1.284167647395114908e+00 3.905575586569228363e+01
1.285943372053765632e+00 3.892907567574009420e+01
1.287721552153549442e+00 3.880279202450454790e+01
1.289502191089807903e+00 3.867690372710134028e+01
1.291285292262576823e+00 3.855140960197236666e+01
1.293070859076594470e+00 3.842630847087735901e+01
1.294858894941306238e+00 3.830159915888534528e+01
1.296649403270872414e+00 3.817728049436609439e+01
1.298442387484174620e+00 3.805335130898152585e+01
1.300237851004821588e+00 3.792981043767742477e+01
1.302035797261156258e+00 3.780665671867483724e+01
1.303836229686262671e+00 3.768388899346170007e+01
1.305639151717971291e+00 3.756150610678447066e+01
1.307444566798866781e+00 3.743950690663971415e+01
1.309252478376294659e+00 3.731789024426548451e+01
1.311062889902366191e+00 3.719665497413345179e+01
1.312875804833967042e+00 3.707579995394011974e+01
1.314691226632763055e+00 3.695532404459867593e+01
1.316509158765206244e+00 3.683522611023081339e+01
1.318329604702542346e+00 3.671550501815817569e+01
1.320152567920817033e+00 3.659615963889426382e+01
1.321978051900882356e+00 3.647718884613624368e+01
1.323806060128404072e+00 3.635859151675654033e+01
1.325636596093867414e+00 3.624036653079478754e+01
1.327469663292584645e+00 3.612251277144956418e+01
1.329305265224700605e+00 3.600502912507024433e+01
1.331143405395200929e+00 3.588791448114880467e+01
1.332984087313917154e+00 3.577116773231171010e+01
1.334827314495534489e+00 3.565478777431184199e+01
1.336673090459598257e+00 3.553877350602037666e+01
1.338521418730520329e+00 3.542312382941869942e+01
1.340372302837586460e+00 3.530783764959019067e+01
1.342225746314961832e+00 3.519291387471254495e+01
1.344081752701699717e+00 3.507835141604938656e+01
1.345940325541746141e+00 3.496414918794249616e+01
1.347801468383948098e+00 3.485030610780366089e+01
1.349665184782059990e+00 3.473682109610679447e+01
1.351531478294750066e+00 3.462369307637995774e+01
1.353400352485607305e+00 3.451092097519750723e+01
1.355271810923148745e+00 3.439850372217200203e+01
1.357145857180825477e+00 3.428644024994642336e+01
1.359022494837030415e+00 3.417472949418642258e+01
1.360901727475104073e+00 3.406337039357210728e+01
1.362783558683342111e+00 3.395236188979049530e+01
1.364667992055002443e+00 3.384170292752769171e+01
1.366555031188311009e+00 3.373139245446085255e+01
1.368444679686469767e+00 3.362142942125056067e+01
1.370336941157663135e+00 3.351181278153305954e+01
1.372231819215064430e+00 3.340254149191248700e+01
1.374129317476843637e+00 3.329361451195301669e+01
1.376029439566173629e+00 3.318503080417132622e+01
1.377932189111237715e+00 3.307678933402871024e+01
1.379837569745235637e+00 3.296888906992364099e+01
1.381745585106391561e+00 3.286132898318371787e+01
1.383656238837960073e+00 3.275410804805847675e+01
1.385569534588234175e+00 3.264722524171133955e+01
1.387485476010551055e+00 3.254067954421243059e+01
1.389404066763300083e+00 3.243446993853056171e+01
1.391325310509929025e+00 3.232859541052577868e+01
1.393249210918952041e+00 3.222305494894208522e+01
1.395175771663955011e+00 3.211784754539942810e+01
1.397104996423604639e+00 3.201297219438657038e+01
1.399036888881654006e+00 3.190842789325335005e+01
1.400971452726949895e+00 3.180421364220326197e+01
1.402908691653439899e+00 3.170032844428604335e+01
1.404848609360179745e+00 3.159677130539008161e+01
1.406791209551340405e+00 3.149354123423505314e+01
1.408736495936214528e+00 3.139063724236450525e+01
1.410684472229223774e+00 3.128805834413848785e+01
1.412635142149926359e+00 3.118580355672607141e+01
1.414588509423023721e+00 3.108387190009796441e+01
1.416544577778368064e+00 3.098226239701926588e+01
1.418503350950968578e+00 3.088097407304208275e+01
1.420464832680999434e+00 3.078000595649820781e+01
1.422429026713806888e+00 3.067935707849174420e+01
1.424395936799915940e+00 3.057902647289194675e+01
1.426365566695037446e+00 3.047901317632587137e+01
1.428337920160076546e+00 3.037931622817107424e+01
1.430313000961137782e+00 3.027993467054855614e+01
1.432290812869534191e+00 3.018086754831530172e+01
1.434271359661793310e+00 3.008211390905726290e+01
1.436254645119664941e+00 2.998367280308218596e+01
1.438240673030128036e+00 2.988554328341212951e+01
1.440229447185398692e+00 2.978772440577677472e+01
1.442220971382936145e+00 2.969021522860602502e+01
1.444215249425450764e+00 2.959301481302282610e+01
1.446212285120911600e+00 2.949612222283623453e+01
1.448212082282553492e+00 2.939953652453420219e+01
1.450214644728883062e+00 2.930325678727663785e+01
1.452219976283688485e+00 2.920728208288820937e+01
1.454228080776044152e+00 2.911161148585144431e+01
1.456238962040320217e+00 2.901624407329953570e+01
1.458252623916188595e+00 2.892117892500953857e+01
1.460269070248630063e+00 2.882641512339525036e+01
1.462288304887943147e+00 2.873195175350026176e+01
1.464310331689749889e+00 2.863778790299103960e+01
1.466335154515004069e+00 2.854392266214988894e+01
1.468362777229998084e+00 2.845035512386823129e+01
1.470393203706370722e+00 2.835708438363941752e+01
1.472426437821114265e+00 2.826410953955219796e+01
1.474462483456582484e+00 2.817142969228338245e+01
1.476501344500497082e+00 2.807904394509147039e+01
1.478543024845955678e+00 2.798695140380947777e+01
1.480587528391439367e+00 2.789515117683819767e+01
1.482634859040820485e+00 2.780364237513941816e+01
1.484685020703368385e+00 2.771242411222914725e+01
1.486738017293759206e+00 2.762149550417080945e+01
1.488793852732081646e+00 2.753085566956842811e+01
1.490852530943845178e+00 2.744050372955997474e+01
1.492914055859987377e+00 2.735043880781056558e+01
1.494978431416881692e+00 2.726066003050579667e+01
1.497045661556344109e+00 2.717116652634500085e+01
1.499115750225642252e+00 2.708195742653463967e+01
1.501188701377500934e+00 2.699303186478153904e+01
1.503264518970111263e+00 2.690438897728634871e+01
1.505343206967137748e+00 2.681602790273671388e+01
1.507424769337725401e+00 2.672794778230094082e+01
1.509509210056508399e+00 2.664014775962108672e+01
1.511596533103615858e+00 2.655262698080674255e+01
1.513686742464681600e+00 2.646538459442794178e+01
1.515779842130850152e+00 2.637841975150912788e+01
1.517875836098785181e+00 2.629173160552236155e+01
1.519974728370676598e+00 2.620531931238069134e+01
1.522076522954248778e+00 2.611918203043189735e+01
1.524181223862767887e+00 2.603331892045180851e+01
1.526288835115049203e+00 2.594772914563790422e+01
1.528399360735465562e+00 2.586241187159113863e+01
1.530512804753954237e+00 2.577736626629359407e+01
1.532629171206025376e+00 2.569259150012586446e+01
1.534748464132769552e+00 2.560808674586506228e+01
1.536870687580864425e+00 2.552385117867825670e+01
1.538995845602584289e+00 2.543988397611619590e+01
1.541123942255806289e+00 2.535618431810691220e+01
1.543254981604018861e+00 2.527275138694919221e+01
1.545388967716329498e+00 2.518958436730653361e+01
1.547525904667472307e+00 2.510668244620053358e+01
1.549665796537815776e+00 2.502404481300473194e+01
1.551808647413370545e+00 2.494167065943825889e+01
1.553954461385797625e+00 2.485955917955952899e+01
1.556103242552415944e+00 2.477770956975999894e+01
1.558254995016209676e+00 2.469612102875791493e+01
1.560409722885836903e+00 2.461479275759208818e+01
1.562567430275637159e+00 2.453372395961554631e+01
1.564728121305638764e+00 2.445291384048947947e+01
1.566891800101567478e+00 2.437236160817703023e+01
1.569058470794854276e+00 2.429206647293694132e+01
1.571228137522642454e+00 2.421202764731756929e+01
1.573400804427796507e+00 2.413224434615070280e+01
1.575576475658909237e+00 2.405271578654528852e+01
1.577755155370310414e+00 2.397344118788155143e+01
1.579936847722074100e+00 2.389441977180456433e+01
1.582121556880027091e+00 2.381565076221851029e+01
1.584309287015756240e+00 2.373713338528036587e+01
1.586500042306617120e+00 2.365886686939380823e+01
1.588693826935741571e+00 2.358085044520338869e+01
1.590890645092045697e+00 2.350308334558831191e+01
1.593090500970238077e+00 2.342556480565642829e+01
1.595293398770827764e+00 2.334829406273832220e+01
1.597499342700132052e+00 2.327127035638124042e+01
1.599708336970284472e+00 2.319449292834316267e+01
1.601920385799243229e+00 2.311796102258675489e+01
1.604135493410799418e+00 2.304167388527352855e+01
1.606353664034583906e+00 2.296563076475790055e+01
1.608574901906077104e+00 2.288983091158108607e+01
1.610799211266615183e+00 2.281427357846551374e+01
1.613026596363400067e+00 2.273895802030860480e+01
1.615257061449506315e+00 2.266388349417714920e+01
1.617490610783889338e+00 2.258904925930131924e+01
1.619727248631394056e+00 2.251445457706883957e+01
1.621966979262762454e+00 2.244009871101912879e+01
1.624209806954642454e+00 2.236598092683753336e+01
1.626455735989595253e+00 2.229210049234947988e+01
1.628704770656104195e+00 2.221845667751474807e+01
1.630956915248582106e+00 2.214504875442158038e+01
1.633212174067380840e+00 2.207187599728097993e+01
1.635470551418798157e+00 2.199893768242102610e+01
1.637732051615086615e+00 2.192623308828102324e+01
1.639996678974461775e+00 2.185376149540579505e+01
1.642264437821110645e+00 2.178152218644005700e+01
1.644535332485198564e+00 2.170951444612270009e+01
1.646809367302879856e+00 2.163773756128096082e+01
1.649086546616304050e+00 2.156619082082503880e+01
1.651366874773624982e+00 2.149487351574214600e+01
1.653650356129009458e+00 2.142378493909106396e+01
1.655936995042644355e+00 2.135292438599643816e+01
1.658226795880746618e+00 2.128229115364321800e+01
1.660519763015570360e+00 2.121188454127098311e+01
1.662815900825415305e+00 2.114170385016838694e+01
1.665115213694635887e+00 2.107174838366765002e+01
1.667417706013648582e+00 2.100201744713895735e+01
1.669723382178941673e+00 2.093251034798483445e+01
1.672032246593081917e+00 2.086322639563475079e+01
1.674344303664724531e+00 2.079416490153948160e+01
1.676659557808620526e+00 2.072532517916580375e+01
1.678978013445626027e+00 2.065670654399067629e+01
1.681299675002709604e+00 2.058830831349610335e+01
1.683624546912962039e+00 2.052012980716346746e+01
1.685952633615603435e+00 2.045217034646816856e+01
1.688283939555992985e+00 2.038442925487407820e+01
1.690618469185636741e+00 2.031690585782826020e+01
1.692956226962195609e+00 2.024959948275551724e+01
1.695297217349495122e+00 2.018250945905287352e+01
1.697641444817533207e+00 2.011563511808438420e+01
1.699988913842488625e+00 2.004897579317563583e+01
1.702339628906729851e+00 1.998253081960843858e+01
1.704693594498823517e+00 1.991629953461540126e+01
1.707050815113542841e+00 1.985028127737473014e+01
1.709411295251876739e+00 1.978447538900486080e+01
1.711775039421037148e+00 1.971888121255912196e+01
1.714142052134469685e+00 1.965349809302045259e+01
1.716512337911859865e+00 1.958832537729615808e+01
1.718885901279143757e+00 1.952336241421260965e+01
1.721262746768515761e+00 1.945860855450997207e+01
1.723642878918437038e+00 1.939406315083705223e+01
1.726026302273644175e+00 1.932972555774600210e+01
1.728413021385159176e+00 1.926559513168712456e+01
1.730803040810295901e+00 1.920167123100364748e+01
1.733196365112670945e+00 1.913795321592656151e+01
1.735592998862210745e+00 1.907444044856946164e+01
1.737992946635161573e+00 1.901113229292331752e+01
1.740396213014096860e+00 1.894802811485145355e+01
1.742802802587927191e+00 1.888512728208426594e+01
1.745212719951908964e+00 1.882242916421416723e+01
1.747625969707651938e+00 1.875993313269047746e+01
1.750042556463129895e+00 1.869763856081430475e+01
1.752462484832687739e+00 1.863554482373353238e+01
1.754885759437051052e+00 1.857365129843759277e+01
1.757312384903335412e+00 1.851195736375259315e+01
1.759742365865054170e+00 1.845046240033607887e+01
1.762175706962127775e+00 1.838916579067218393e+01
1.764612412840893096e+00 1.832806691906644403e+01
1.767052488154111645e+00 1.826716517164087250e+01
1.769495937560978671e+00 1.820645993632897230e+01
1.771942765727132052e+00 1.814595060287073025e+01
1.774392977324661169e+00 1.808563656280760767e+01
1.776846577032116459e+00 1.802551720947759861e+01
1.779303569534516960e+00 1.796559193801032706e+01
1.781763959523360308e+00 1.790586014532203762e+01
1.784227751696632280e+00 1.784632123011075322e+01
1.786694950758813238e+00 1.778697459285130122e+01
1.789165561420890782e+00 1.772781963579038234e+01
1.791639588400365080e+00 1.766885576294180993e+01
1.794117036421260858e+00 1.761008238008150784e+01
1.796597910214134508e+00 1.755149889474269642e+01
1.799082214516083411e+00 1.749310471621105378e+01
1.801569954070756374e+00 1.743489925551985209e+01
1.804061133628360958e+00 1.737688192544513655e+01
1.806555757945673024e+00 1.731905214050095765e+01
1.809053831786046507e+00 1.726140931693446134e+01
1.811555359919421404e+00 1.720395287272121365e+01
1.814060347122334438e+00 1.714668222756034410e+01
1.816568798177926825e+00 1.708959680286980998e+01
1.819080717875953157e+00 1.703269602178162856e+01
1.821596111012792063e+00 1.697597930913720887e+01
1.824114982391454642e+00 1.691944609148243472e+01
1.826637336821592239e+00 1.686309579706316342e+01
1.829163179119508653e+00 1.680692785582039761e+01
1.831692514108166137e+00 1.675094169938559219e+01
1.834225346617196717e+00 1.669513676107597178e+01
1.836761681482911079e+00 1.663951247588993354e+01
1.839301523548306339e+00 1.658406828050231496e+01
1.841844877663077584e+00 1.652880361325969361e+01
1.844391748683625654e+00 1.647371791417590714e+01
1.846942141473066235e+00 1.641881062492729981e+01
1.849496060901240302e+00 1.636408118884812168e+01
1.852053511844722333e+00 1.630952905092596694e+01
1.854614499186830079e+00 1.625515365779718735e+01
1.857179027817634331e+00 1.620095445774229148e+01
1.859747102633967142e+00 1.614693090068133685e+01
1.862318728539432255e+00 1.609308243816947126e+01
1.864893910444413549e+00 1.603940852339228940e+01
1.867472653266085691e+00 1.598590861116137418e+01
1.870054961928422133e+00 1.593258215790971022e+01
1.872640841362204878e+00 1.587942862168724290e+01
1.875230296505034921e+00 1.582644746215630782e+01
1.877823332301340464e+00 1.577363814058722724e+01
1.880419953702386460e+00 1.572100011985373769e+01
1.883020165666285273e+00 1.566853286442858639e+01
1.885623973158003785e+00 1.561623584037909929e+01
1.888231381149375832e+00 1.556410851536266016e+01
1.890842394619109967e+00 1.551215035862233727e+01
1.893457018552797910e+00 1.546036084098246377e+01
1.896075257942927195e+00 1.540873943484419151e+01
1.898697117788887834e+00 1.535728561418114957e+01
1.901322603096982533e+00 1.530599885453499276e+01
1.903951718880438237e+00 1.525487863301106195e+01
1.906584470159412126e+00 1.520392442827404622e+01
1.909220861961004267e+00 1.515313572054357216e+01
1.911860899319266505e+00 1.510251199158989621e+01
1.914504587275210223e+00 1.505205272472957567e+01
1.917151930876819010e+00 1.500175740482114151e+01
1.919802935179055980e+00 1.495162551826076403e+01
1.922457605243873768e+00 1.490165655294983438e+01
1.925115946140225631e+00 1.485184999798294747e+01
1.927777962944072998e+00 1.480220534376345398e+01
1.930443660738396794e+00 1.475272208221912962e+01
1.933113044613206766e+00 1.470339970680180919e+01
1.935786119665550586e+00 1.465423771248306117e+01
1.938462890999524291e+00 1.460523559574993691e+01
1.941143363726282267e+00 1.455639285460061672e+01
1.943827542964045252e+00 1.450770898854020174e+01
1.946515433838112541e+00 1.445918349857641338e+01
1.949207041480869984e+00 1.441081588721535489e+01
1.951902371031800421e+00 1.436260565845725523e+01
1.954601427637494337e+00 1.431455231779226445e+01
1.957304216451657419e+00 1.426665537219623658e+01
1.960010742635123204e+00 1.421891433012647532e+01
1.962721011355860190e+00 1.417132870151761814e+01
1.965435027788984046e+00 1.412389799777737664e+01
1.968152797116766495e+00 1.407662173178237452e+01
1.970874324528644417e+00 1.402949941787403887e+01
1.973599615221231174e+00 1.398253057185438308e+01
1.976328674398326157e+00 1.393571471098189640e+01
1.979061507270923448e+00 1.388905135396740498e+01
1.981798119057224250e+00 1.384254002096997205e+01
1.984538514982643997e+00 1.379618023359275547e+01
1.987282700279824565e+00 1.374997151487892566e+01
1.990030680188643597e+00 1.370391338930756397e+01
1.992782459956223384e+00 1.365800538278963927e+01
1.995538044836942637e+00 1.361224702266384057e+01
1.998297440092445809e+00 1.356663783769263887e+01
2.001060650991652423e+00 1.352117735805814469e+01
2.003827682810768618e+00 1.347586511535812548e+01
2.006598540833294919e+00 1.343070064260197860e+01
2.009373230350040007e+00 1.338568347420669546e+01
2.012151756659126711e+00 1.334081314599287182e+01
2.014934125066004444e+00 1.329608919518071275e+01
2.017720340883459862e+00 1.325151116038605004e+01
2.020510409431624854e+00 1.320707858161638804e+01
2.023304336037987650e+00 1.316279100026695303e+01
2.026102126037405693e+00 1.311864795911662185e+01
2.028903784772109642e+00 1.307464900232417904e+01
2.031709317591720687e+00 1.303079367542421885e+01
2.034518729853255437e+00 1.298708152532332072e+01
2.037332026921138795e+00 1.294351210029611821e+01
2.040149214167213287e+00 1.290008494998137500e+01
2.042970296970748834e+00 1.285679962537810717e+01
2.045795280718455622e+00 1.281365567884171774e+01
2.048624170804490774e+00 1.277065266408013500e+01
2.051456972630470776e+00 1.272779013614993637e+01
2.054293691605481698e+00 1.268506765145247961e+01
2.057134333146088956e+00 1.264248476773010843e+01
2.059978902676347978e+00 1.260004104406231384e+01
2.062827405627814414e+00 1.255773604086191142e+01
2.065679847439554795e+00 1.251556931987121324e+01
2.068536233558155857e+00 1.247354044415824958e+01
2.071396569437736979e+00 1.243164897811299596e+01
2.074260860539959062e+00 1.238989448744355748e+01
2.077129112334034300e+00 1.234827653917245627e+01
2.080001330296739503e+00 1.230679470163279277e+01
2.082877519912422759e+00 1.226544854446461663e+01
2.085757686673017197e+00 1.222423763861104007e+01
2.088641836078048541e+00 1.218316155631466735e+01
2.091529973634649320e+00 1.214221987111373480e+01
2.094422104857565525e+00 1.210141215783847635e+01
2.097318235269169051e+00 1.206073799260745538e+01
2.100218370399469237e+00 1.202019695282379352e+01
2.103122515786120861e+00 1.197978861717156285e+01
2.106030676974436133e+00 1.193951256561206087e+01
2.108942859517396684e+00 1.189936837938019920e+01
2.111859068975660669e+00 1.185935564098083894e+01
2.114779310917576982e+00 1.181947393418510828e+01
2.117703590919193690e+00 1.177972284402685332e+01
2.120631914564269138e+00 1.174010195679895396e+01
2.123564287444283938e+00 1.170061086004971429e+01
2.126500715158448518e+00 1.166124914257930811e+01
2.129441203313717779e+00 1.162201639443615342e+01
2.132385757524798642e+00 1.158291220691330814e+01
2.135334383414162041e+00 1.154393617254495652e+01
2.138287086612054466e+00 1.150508788510277824e+01
2.141243872756506406e+00 1.146636693959247211e+01
2.144204747493345664e+00 1.142777293225012158e+01
2.147169716476206691e+00 1.138930546053875048e+01
2.150138785366541239e+00 1.135096412314471337e+01
2.153111959833629907e+00 1.131274851997425834e+01
2.156089245554593248e+00 1.127465825214993522e+01
2.159070648214400645e+00 1.123669292200719205e+01
2.162056173505884527e+00 1.119885213309080640e+01
2.165045827129747469e+00 1.116113549015145168e+01
2.168039614794575964e+00 1.112354259914220123e+01
2.171037542216849747e+00 1.108607306721511065e+01
2.174039615120952895e+00 1.104872650271770951e+01
2.177045839239185820e+00 1.101150251518958889e+01
2.180056220311775483e+00 1.097440071535898554e+01
2.183070764086885163e+00 1.093742071513932324e+01
2.186089476320628222e+00 1.090056212762581467e+01
2.189112362777076104e+00 1.086382456709207389e+01
2.192139429228271652e+00 1.082720764898667021e+01
2.195170681454238881e+00 1.079071098992979927e+01
2.198206125242993636e+00 1.075433420770987958e+01
2.201245766390556025e+00 1.071807692128017031e+01
2.204289610700961521e+00 1.068193875075541932e+01
2.207337663986269849e+00 1.064591931740852537e+01
2.210389932066577856e+00 1.061001824366719681e+01
2.213446420770031953e+00 1.057423515311056406e+01
2.216507135932835215e+00 1.053856967046596438e+01
2.219572083399262041e+00 1.050302142160551178e+01
2.222641269021668808e+00 1.046759003354285333e+01
2.225714698660503199e+00 1.043227513442987942e+01
2.228792378184317524e+00 1.039707635355337345e+01
2.231874313469778937e+00 1.036199332133180739e+01
2.234960510401680089e+00 1.032702566931201993e+01
2.238050974872951571e+00 1.029217303016596397e+01
2.241145712784672117e+00 1.025743503768748965e+01
2.244244730046081937e+00 1.022281132678901372e+01
2.247348032574590260e+00 1.018830153349839485e+01
2.250455626295789546e+00 1.015390529495562255e+01
2.253567517143467480e+00 1.011962224940960731e+01
2.256683711059614961e+00 1.008545203621502395e+01
2.259804213994440314e+00 1.005139429582905386e+01
2.262929031906379063e+00 1.001744866980822479e+01
2.266058170762106805e+00 9.983614800805193923e+00
2.269191636536549872e+00 9.949892332565594799e+00
2.272329435212895099e+00 9.916280909924891418e+00
2.275471572782604035e+00 9.882780178805182558e+00
2.278618055245423601e+00 9.849389786212048747e+00
2.281768888609395862e+00 9.816109380231441861e+00
2.284924078890870902e+00 9.782938610026535642e+00
2.288083632114518373e+00 9.749877125834608194e+00
2.291247554313339041e+00 9.716924578963892500e+00
2.294415851528675887e+00 9.684080621790526422e+00
2.297588529810225211e+00 9.651344907755396108e+00
2.300765595216048620e+00 9.618717091361089544e+00
2.303947053812586354e+00 9.586196828168768391e+00
2.307132911674664832e+00 9.553783774795157058e+00
2.310323174885512643e+00 9.521477588909389667e+00
2.313517849536768534e+00 9.489277929230052422e+00
2.316716941728496071e+00 9.457184455522039457e+00
2.319920457569193406e+00 9.425196828593573883e+00
2.323128403175804824e+00 9.393314710293156011e+00
2.326340784673734063e+00 9.361537763506520449e+00
2.329557608196854090e+00 9.329865652153660704e+00
2.332778879887519530e+00 9.298298041185766749e+00
2.336004605896579545e+00 9.266834596582279815e+00
2.339234792383388051e+00 9.235474985347838839e+00
2.342469445515815263e+00 9.204218875509376119e+00
2.345708571470262349e+00 9.173065936113042440e+00
2.348952176431668537e+00 9.142015837221327601e+00
2.352200266593527100e+00 9.111068249910053041e+00
2.355452848157894685e+00 9.080222846265437298e+00
2.358709927335405077e+00 9.049479299381131270e+00
2.361971510345278968e+00 9.018837283355304990e+00
2.365237603415337730e+00 8.988296473287698873e+00
2.368508212782013178e+00 8.957856545276737137e+00
2.371783344690363116e+00 8.927517176416552402e+00
2.375063005394077553e+00 8.897278044794179053e+00
2.378347201155497359e+00 8.867138829486540530e+00
2.381635938245620920e+00 8.837099210557665785e+00
2.384929222944117910e+00 8.807158869055724537e+00
2.388227061539342611e+00 8.777317487010215302e+00
2.391529460328344125e+00 8.747574747429066377e+00
2.394836425616878373e+00 8.717930334295800776e+00
2.398147963719422293e+00 8.688383932566651424e+00
2.401464080959182734e+00 8.658935228167770504e+00
2.404784783668111547e+00 8.629583907992339320e+00
2.408110078186914471e+00 8.600329659897791856e+00
2.411439970865067117e+00 8.571172172702956615e+00
2.414774468060824741e+00 8.542111136185260634e+00
2.418113576141232901e+00 8.513146241077944154e+00
2.421457301482142999e+00 8.484277179056611828e+00
2.424805650468222495e+00 8.455503642708052325e+00
2.428158629492967346e+00 8.426825325558105817e+00
2.431516244958714879e+00 8.398241922078080179e+00
2.434878503276654449e+00 8.369753127681962113e+00
2.438245410866841212e+00 8.341358638723644248e+00
2.441616974158208109e+00 8.313058152494187780e+00
2.444993199588577415e+00 8.284851367219054907e+00
2.448374093604674062e+00 8.256737982055359026e+00
2.451759662662136297e+00 8.228717697089184213e+00
2.455149913225530778e+00 8.200790213332787459e+00
2.458544851768362349e+00 8.172955232721911045e+00
2.461944484773086472e+00 8.145212458113103793e+00
2.465348818731124325e+00 8.117561593280948173e+00
2.468757860142872129e+00 8.090002342915406430e+00
2.472171615517714027e+00 8.062534412619154267e+00
2.475590091374037183e+00 8.035157508904825718e+00
2.479013294239240217e+00 8.007871339192421445e+00
2.482441230649749198e+00 7.980675611806568703e+00
2.485873907151028739e+00 7.953570035973906549e+00
2.489311330297592217e+00 7.926554321820423077e+00
2.492753506653019535e+00 7.899628180368798880e+00
2.496200442789964669e+00 7.872791323535794028e+00
2.499652145290170324e+00 7.846043464129577316e+00
2.503108620744480817e+00 7.819384315847131894e+00
2.506569875752854060e+00 7.792813593271643136e+00
2.510035916924374000e+00 7.766331011869870515e+00
2.513506750877263940e+00 7.739936287989546138e+00
2.516982384238898085e+00 7.713629138856801681e+00
2.520462823645815309e+00 7.687409282573549163e+00
2.523948075743732034e+00 7.661276438114922982e+00
2.527438147187552442e+00 7.635230325326704204e+00
2.530933044641385354e+00 7.609270664922742178e+00
2.534432774778552222e+00 7.583397178482416123e+00
2.537937344281604446e+00 7.557609588448047866e+00
2.541446759842332259e+00 7.531907618122398063e+00
2.544961028161779382e+00 7.506290991666102030e+00
2.548480155950257231e+00 7.480759434095122451e+00
2.552004149927353804e+00 7.455312671278290004e+00
2.555533016821950554e+00 7.429950429934702782e+00
2.559066763372233044e+00 7.404672437631272253e+00
2.562605396325703833e+00 7.379478422780209712e+00
2.566148922439196234e+00 7.354368114636511855e+00
2.569697348478887200e+00 7.329341243295481867e+00
2.573250681220308866e+00 7.304397539690253183e+00
2.576808927448362763e+00 7.279536735589311469e+00
2.580372093957333135e+00 7.254758563594018383e+00
2.583940187550898049e+00 7.230062757136153984e+00
2.587513215042145376e+00 7.205449050475447592e+00
2.591091183253581676e+00 7.180917178697160175e+00
2.594674099017149516e+00 7.156466877709611651e+00
2.598261969174238128e+00 7.132097884241768604e+00
2.601854800575695403e+00 7.107809935840800897e+00
2.605452600081844761e+00 7.083602770869662280e+00
2.609055374562494478e+00 7.059476128504674541e+00
2.612663130896952346e+00 7.035429748733146305e+00
2.616275875974039877e+00 7.011463372350911882e+00
2.619893616692102079e+00 6.987576740960007804e+00
2.623516359959025657e+00 6.963769596966221442e+00
2.627144112692247901e+00 6.940041683576751552e+00
2.630776881818770896e+00 6.916392744797823511e+00
2.634414674275176171e+00 6.892822525432309000e+00
2.638057497007637142e+00 6.869330771077367892e+00
2.641705356971931540e+00 6.845917228122114118e+00
2.645358261133456068e+00 6.822581643745231794e+00
2.649016216467238838e+00 6.799323765912657969e+00
2.652679229957952689e+00 6.776143343375240491e+00
2.656347308599928958e+00 6.753040125666412763e+00
2.660020459397170356e+00 6.730013863099869376e+00
2.663698689363365624e+00 6.707064306767228423e+00
2.667382005521900634e+00 6.684191208535763096e+00
2.671070414905873047e+00 6.661394321046068434e+00
2.674763924558107409e+00 6.638673397709763613e+00
2.678462541531165364e+00 6.616028192707219979e+00
2.682166272887361202e+00 6.593458460985268665e+00
2.685875125698774291e+00 6.570963958254910864e+00
2.689589107047264172e+00 6.548544440989070736e+00
2.693308224024483000e+00 6.526199666420295031e+00
2.697032483731888419e+00 6.503929392538531751e+00
2.700761893280757775e+00 6.481733378088864406e+00
2.704496459792202767e+00 6.459611382569249827e+00
2.708236190397180998e+00 6.437563166228290612e+00
2.711981092236511959e+00 6.415588490063015570e+00
2.715731172460886800e+00 6.393687115816633515e+00
2.719486438230887426e+00 6.371858805976311046e+00
2.723246896716996268e+00 6.350103323770966313e+00
2.727012555099609603e+00 6.328420433169063664e+00
2.730783420569053987e+00 6.306809898876397646e+00
2.734559500325599579e+00 6.285271486333901869e+00
2.738340801579470352e+00 6.263804961715464970e+00
2.742127331550863190e+00 6.242410091925746585e+00
2.745919097469956327e+00 6.221086644597982662e+00
2.749716106576927555e+00 6.199834388091843174e+00
2.753518366121966210e+00 6.178653091491222327e+00
2.757325883365286057e+00 6.157542524602126477e+00
2.761138665577140827e+00 6.136502457950491873e+00
2.764956720037837545e+00 6.115532662780039708e+00
2.768780054037749849e+00 6.094632911050142710e+00
2.772608674877333090e+00 6.073802975433679308e+00
2.776442589867136324e+00 6.053042629314918877e+00
2.780281806327818295e+00 6.032351646787378563e+00
2.784126331590161652e+00 6.011729802651714749e+00
2.787976172995084045e+00 5.991176872413617183e+00
2.791831337893655007e+00 5.970692632281692447e+00
2.795691833647108826e+00 5.950276859165377630e+00
2.799557667626858759e+00 5.929929330672817578e+00
2.803428847214511244e+00 5.909649825108815868e+00
2.807305379801879663e+00 5.889438121472728049e+00
2.811187272790999003e+00 5.869293999456373534e+00
2.815074533594139616e+00 5.849217239442005223e+00
2.818967169633820546e+00 5.829207622500199193e+00
2.822865188342826404e+00 5.809264930387826098e+00
2.826768597164217134e+00 5.789388945545989706e+00
2.830677403551347115e+00 5.769579451097967215e+00
2.834591614967876705e+00 5.749836230847193086e+00
2.838511238887785559e+00 5.730159069275197581e+00
2.842436282795389069e+00 5.710547751539579053e+00
2.846366754185353010e+00 5.691002063471999328e+00
2.850302660562704204e+00 5.671521791576150662e+00
2.854244009442849173e+00 5.652106723025735135e+00
2.858190808351585677e+00 5.632756645662479578e+00
2.862143064825118266e+00 5.613471347994100746e+00
2.866100786410072931e+00 5.594250619192345120e+00
2.870063980663510428e+00 5.575094249090969178e+00
2.874032655152940929e+00 5.556002028183776531e+00
2.878006817456340460e+00 5.536973747622615072e+00
2.881986475162161554e+00 5.518009199215432758e+00
2.885971635869351459e+00 5.499108175424272105e+00
2.889962307187364132e+00 5.480270469363349051e+00
2.893958496736176667e+00 5.461495874797059891e+00
2.897960212146303061e+00 5.442784186138047708e+00
2.901967461058806652e+00 5.424135198445259043e+00
2.905980251125319658e+00 5.405548707421982790e+00
2.909998590008052499e+00 5.387024509413949502e+00
2.914022485379811567e+00 5.368562401407356965e+00
2.918051944924013430e+00 5.350162181026992592e+00
2.922086976334698605e+00 5.331823646534274985e+00
2.926127587316547540e+00 5.313546596825368340e+00
2.930173785584893498e+00 5.295330831429257756e+00
2.934225578865739426e+00 5.277176150505854757e+00
2.938282974895770838e+00 5.259082354844098361e+00
2.942345981422371803e+00 5.241049245860061490e+00
2.946414606203638709e+00 5.223076625595071576e+00
2.950488857008397581e+00 5.205164296713806316e+00
2.954568741616214300e+00 5.187312062502457799e+00
2.958654267817414585e+00 5.169519726866822928e+00
2.962745443413095536e+00 5.151787094330457784e+00
2.966842276215140739e+00 5.134113970032818663e+00
2.970944774046237580e+00 5.116500159727398689e+00
2.975052944739888350e+00 5.098945469779883943e+00
2.979166796140429341e+00 5.081449707166312280e+00
2.983286336103043723e+00 5.064012679471220579e+00
2.987411572493774425e+00 5.046634194885831981e+00
2.991542513189544561e+00 5.029314062206206692e+00
2.995679166078167199e+00 5.012052090831435436e+00
2.999821539058362685e+00 4.994848090761803583e+00
3.003969640039775513e+00 4.977701872596998811e+00
3.008123476942984098e+00 4.960613247534297443e+00
3.012283057699522093e+00 4.943582027366736575e+00
3.016448390251890377e+00 4.926608024481359038e+00
3.020619482553571267e+00 4.909691051857382860e+00
3.024796342569046725e+00 4.892830923064435567e+00
3.028978978273809464e+00 4.876027452260783157e+00
3.033167397654382924e+00 4.859280454191508447e+00
3.037361608708333716e+00 4.842589744186778233e+00
3.041561619444286269e+00 4.825955138160075819e+00
3.045767437881939710e+00 4.809376452604678498e+00
3.049979072052083851e+00 4.792853504523732155e+00
3.054196529996611176e+00 4.776386111407045831e+00
3.058419819768535941e+00 4.759974091316628630e+00
3.062648949432007495e+00 4.743617262891357100e+00
3.066883927062325821e+00 4.727315445345205980e+00
3.071124760745958415e+00 4.711068458465494047e+00
3.075371458580553163e+00 4.694876122611153058e+00
3.079624028674955660e+00 4.678738258710979814e+00
3.083882479149225642e+00 4.662654688261887337e+00
3.088146818134648530e+00 4.646625233327189797e+00
3.092417053773756308e+00 4.630649716534875004e+00
3.096693194220338174e+00 4.614727961075869800e+00
3.100975247639458754e+00 4.598859790702336525e+00
3.105263222207474971e+00 4.583045029725957953e+00
3.109557126112046710e+00 4.567283503016223101e+00
3.113856967552158572e+00 4.551575035998749463e+00
3.118162754738130538e+00 4.535919454653552840e+00
3.122474495891636614e+00 4.520316585513373120e+00
3.126792199245719939e+00 4.504766255661998287e+00
3.131115873044806541e+00 4.489268292732567112e+00
3.135445525544724887e+00 4.473822524905893161e+00
3.139781165012717867e+00 4.458428780908797684e+00
3.144122799727460560e+00 4.443086890012440726e+00
3.148470437979075776e+00 4.427796682030655795e+00
3.152824088069150488e+00 4.412557987318294295e+00
3.157183758310749155e+00 4.397370636769585062e+00
3.161549457028433263e+00 4.382234461816459259e+00
3.165921192558273756e+00 4.367149294426933004e+00
3.170298973247869689e+00 4.352114967103453580e+00
3.174682807456362887e+00 4.337131312881270517e+00
3.179072703554454815e+00 4.322198165326809338e+00
3.183468669924419014e+00 4.307315358536046190e+00
3.187870714960122420e+00 4.292482727132885145e+00
3.192278847067038239e+00 4.277700106267540825e+00
3.196693074662262823e+00 4.262967331614937017e+00
3.201113406174531217e+00 4.248284239373103510e+00
3.205539850044233141e+00 4.233650666261558726e+00
3.209972414723429868e+00 4.219066449519726980e+00
3.214411108675870654e+00 4.204531426905348646e+00
3.218855940377007840e+00 4.190045436692881431e+00
3.223306918314012837e+00 4.175608317671930969e+00
3.227764050985795219e+00 4.161219909145662754e+00
3.232227346903012943e+00 4.146880050929242501e+00
3.236696814588094995e+00 4.132588583348258737e+00
3.241172462575255153e+00 4.118345347237148069e+00
3.245654299410507093e+00 4.104150183937655960e+00
3.250142333651683479e+00 4.090002935297269993e+00
3.254636573868447069e+00 4.075903443667684201e+00
3.259137028642313361e+00 4.061851551903233215e+00
3.263643706566664804e+00 4.047847103359356602e+00
3.268156616246764568e+00 4.033889941891078301e+00
3.272675766299777411e+00 4.019979911851447874e+00
3.277201165354779899e+00 4.006116858090043031e+00
3.281732822052784826e+00 3.992300625951414883e+00
3.286270745046751429e+00 3.978531061273599345e+00
3.290814943001604931e+00 3.964808010386571269e+00
3.295365424594251635e+00 3.951131320110772283e+00
3.299922198513597582e+00 3.937500837755561367e+00
3.304485273460560979e+00 3.923916411117759573e+00
3.309054658148093075e+00 3.910377888480113473e+00
3.313630361301194593e+00 3.896885118609827892e+00
3.318212391656928606e+00 3.883437950757066659e+00
3.322800757964441853e+00 3.870036234653471574e+00
3.327395468984976734e+00 3.856679820510685808e+00
3.331996533491892176e+00 3.843368559018881303e+00
3.336603960270679181e+00 3.830102301345270632e+00
3.341217758118976366e+00 3.816880899132661042e+00
3.345837935846587730e+00 3.803704204497989405e+00
3.350464502275498635e+00 3.790572070030851837e+00
3.355097466239894466e+00 3.777484348792056412e+00
3.359736836586175723e+00 3.764440894312190533e+00
3.364382622172975346e+00 3.751441560590139446e+00
3.369034831871177804e+00 3.738486202091682475e+00
3.373693474563930650e+00 3.725574673748034193e+00
3.378358559146667162e+00 3.712706830954423776e+00
3.383030094527121001e+00 3.699882529568652600e+00
3.387708089625342645e+00 3.687101625909690039e+00
3.392392553373717146e+00 3.674363976756235495e+00
3.397083494716982788e+00 3.661669439345307531e+00
3.401780922612242630e+00 3.649017871370843213e+00
3.406484846028988933e+00 3.636409130982280580e+00
3.411195273949115592e+00 3.623843076783154871e+00
3.415912215366936788e+00 3.611319567829699650e+00
3.420635679289204312e+00 3.598838463629455475e+00
3.425365674735122212e+00 3.586399624139882558e+00
3.430102210736368562e+00 3.574002909766958780e+00
3.434845296337109222e+00 3.561648181363817667e+00
3.439594940594016492e+00 3.549335300229351287e+00
3.444351152576286434e+00 3.537064128106844230e+00
3.449113941365653524e+00 3.524834527182605814e+00
3.453883316056413300e+00 3.512646360084595187e+00
3.458659285755435242e+00 3.500499489881068182e+00
3.463441859582182314e+00 3.488393780079205087e+00
3.468231046668727391e+00 3.476329094623776594e+00
3.473026856159770137e+00 3.464305297895769353e+00
3.477829297212656545e+00 3.452322254711057248e+00
3.482638378997394923e+00 3.440379830319054477e+00
3.487454110696673659e+00 3.428477890401374850e+00
3.492276501505878983e+00 3.416616301070487527e+00
3.497105560633112287e+00 3.404794928868406068e+00
3.501941297299206557e+00 3.393013640765353944e+00
3.506783720737746801e+00 3.381272304158430053e+00
3.511632840195085592e+00 3.369570786870303536e+00
3.516488664930361274e+00 3.357908957147889506e+00
3.521351204215516173e+00 3.346286683661041650e+00
3.526220467335310804e+00 3.334703835501254598e+00
3.531096463587348300e+00 3.323160282180340097e+00
3.535979202282085510e+00 3.311655893629139591e+00
3.540868692742856094e+00 3.300190540196222599e+00
3.545764944305884292e+00 3.288764092646606851e+00
3.550667966320303126e+00 3.277376422160457548e+00
3.555577768148176165e+00 3.266027400331803943e+00
3.560494359164511291e+00 3.254716899167261257e+00
3.565417748757279792e+00 3.243444791084755696e+00
3.570347946327434574e+00 3.232210948912246806e+00
3.575284961288929697e+00 3.221015245886457379e+00
3.580228803068732812e+00 3.209857555651624672e+00
3.585179481106850918e+00 3.198737752258208111e+00
3.590137004856342351e+00 3.187655710161653833e+00
3.595101383783337656e+00 3.176611304221137910e+00
3.600072627367058242e+00 3.165604409698298927e+00
3.605050745099829257e+00 3.154634902256019391e+00
3.610035746487106234e+00 3.143702657957152091e+00
3.615027641047486195e+00 3.132807553263304623e+00
3.620026438312728967e+00 3.121949465033585724e+00
3.625032147827774942e+00 3.111128270523380923e+00
3.630044779150761958e+00 3.100343847383132623e+00
3.635064341853045722e+00 3.089596073657091768e+00
3.640090845519217133e+00 3.078884827782117473e+00
3.645124299747120045e+00 3.068209988586451775e+00
3.650164714147871248e+00 3.057571435288498396e+00
3.655212098345874239e+00 3.046969047495626359e+00
3.660266461978844532e+00 3.036402705202954966e+00
3.665327814697823428e+00 3.025872288792142761e+00
3.670396166167196661e+00 3.015377679030204927e+00
3.675471526064715277e+00 3.004918757068298252e+00
3.680553904081512506e+00 2.994495404440538966e+00
3.685643309922118860e+00 2.984107503062821465e+00
3.690739753304487891e+00 2.973754935231609053e+00
3.695843243960010405e+00 2.963437583622771765e+00
3.700953791633532219e+00 2.953155331290400198e+00
3.706071406083376374e+00 2.942908061665630903e+00
3.711196097081356005e+00 2.932695658555472651e+00
3.716327874412799215e+00 2.922518006141645142e+00
3.721466747876565506e+00 2.912374988979398616e+00
3.726612727285062210e+00 2.902266491996375208e+00
3.731765822464267135e+00 2.892192400491427673e+00
3.736926043253741891e+00 2.882152600133484732e+00
3.742093399506658091e+00 2.872146976960384013e+00
3.747267901089809339e+00 2.862175417377735620e+00
3.752449557883634768e+00 2.852237808157767063e+00
3.757638379782234139e+00 2.842334036438199707e+00
3.762834376693390936e+00 2.832463989721088815e+00
3.768037558538585685e+00 2.822627555871706662e+00
3.773247935253021268e+00 2.812824623117406997e+00
3.778465516785637135e+00 2.803055080046491732e+00
3.783690313099130176e+00 2.793318815607094940e+00
3.788922334169975592e+00 2.783615719106059760e+00
3.794161589988439331e+00 2.773945680207822395e+00
3.799408090558605622e+00 2.764308588933289901e+00
3.804661845898391181e+00 2.754704335658736625e+00
3.809922866039564759e+00 2.745132811114701088e+00
3.815191161027768008e+00 2.735593906384870433e+00
3.820466740922531468e+00 2.726087512904992405e+00
3.825749615797297221e+00 2.716613522461764241e+00
3.831039795739437093e+00 2.707171827191747315e+00
3.836337290850270865e+00 2.697762319579764423e+00
3.841642111245087143e+00 2.688384892454024122e+00
3.846954267053159793e+00 2.679039438987250499e+00
3.852273768417770583e+00 2.669725852697770740e+00
3.857600625496228286e+00 2.660444027448436888e+00
3.862934848459884662e+00 2.651193857445566238e+00
3.868276447494158443e+00 2.641975237237862206e+00
3.873625432798551760e+00 2.632788061715344519e+00
3.878981814586669241e+00 2.623632226108285170e+00
3.884345603086240217e+00 2.614507625986144834e+00
3.889716808539136483e+00 2.605414157256507490e+00
3.895095441201391839e+00 2.596351716164039480e+00
3.900481511343222962e+00 2.587320199289417033e+00
3.905875029249044950e+00 2.578319503548290204e+00
3.911276005217497520e+00 2.569349526190228605e+00
3.916684449561459669e+00 2.560410164797675137e+00
3.922100372608070984e+00 2.551501317284914361e+00
3.927523784698752518e+00 2.542622881897028009e+00
3.932954696189221444e+00 2.533774757208863804e+00
3.938393117449518144e+00 2.524956842124002510e+00
3.943839058864022196e+00 2.516169035873718318e+00
3.949292530831471471e+00 2.507411238015980537e+00
3.954753543764984336e+00 2.498683348434401985e+00
3.960222108092075644e+00 2.489985267337239350e+00
3.965698234254681598e+00 2.481316895256367339e+00
3.971181932709176632e+00 2.472678133046270155e+00
3.976673213926394723e+00 2.464068881883024975e+00
3.982172088391647602e+00 2.455489043263306304e+00
3.987678566604746955e+00 2.446938519003371226e+00
3.993192659080021745e+00 2.438417211238061100e+00
3.998714376346341748e+00 2.429925022419805902e+00
4.004243728947135317e+00 2.421461855317629031e+00
4.009780727440410253e+00 2.413027613016149875e+00
4.015325382398773790e+00 2.404622198914601938e+00
4.020877704409450359e+00 2.396245516725844737e+00
4.026437704074308677e+00 2.387897470475375705e+00
4.032005392009874178e+00 2.379577964500353637e+00
4.037580778847354779e+00 2.371286903448621697e+00
4.043163875232657745e+00 2.363024192277734414e+00
4.048754691826409235e+00 2.354789736253985133e+00
4.054353239303981837e+00 2.346583440951429900e+00
4.059959528355505221e+00 2.338405212250938892e+00
4.065573569685894562e+00 2.330254956339211425e+00
4.071195374014864754e+00 2.322132579707836264e+00
4.076824952076957054e+00 2.314037989152325281e+00
4.082462314621551513e+00 2.305971091771162218e+00
4.088107472412896293e+00 2.297931794964841234e+00
4.093760436230122757e+00 2.289920006434937427e+00
4.099421216867267681e+00 2.281935634183144934e+00
4.105089825133294568e+00 2.273978586510336797e+00
4.110766271852110521e+00 2.266048772015638590e+00
4.116450567862592003e+00 2.258146099595476741e+00
4.122142724018602600e+00 2.250270478442646827e+00
4.127842751189015225e+00 2.242421818045385429e+00
4.133550660257732545e+00 2.234600028186438880e+00
4.139266462123704748e+00 2.226805018942146219e+00
4.144990167700953521e+00 2.219036700681500385e+00
4.150721787918595140e+00 2.211294984065239611e+00
4.156461333720856466e+00 2.203579780044927272e+00
4.162208816067097139e+00 2.195890999862038839e+00
4.167964245931831790e+00 2.188228555047043944e+00
4.173727634304750467e+00 2.180592357418506655e+00
4.179498992190739948e+00 2.172982319082167546e+00
4.185278330609904174e+00 2.165398352430050188e+00
4.191065660597586451e+00 2.157840370139552988e+00
4.196860993204388102e+00 2.150308285172559675e+00
4.202664339496189783e+00 2.142802010774530697e+00
4.208475710554176352e+00 2.135321460473623034e+00
4.214295117474855523e+00 2.127866548079789144e+00
4.220122571370077402e+00 2.120437187683900770e+00
4.225958083367061136e+00 2.113033293656854994e+00
4.231801664608404678e+00 2.105654780648697155e+00
4.237653326252121211e+00 2.098301563587738894e+00
4.243513079471650684e+00 2.090973557679681960e+00
4.249380935455882913e+00 2.083670678406742027e+00
4.255256905409179780e+00 2.076392841526781829e+00
4.261141000551396552e+00 2.069139963072438526e+00
4.267033232117901420e+00 2.061911959350262169e+00
4.272933611359602146e+00 2.054708746939843067e+00
4.278842149542961160e+00 2.047530242692955138e+00
4.284758857950021316e+00 2.040376363732706810e+00
4.290683747878426324e+00 2.033247027452665723e+00
4.296616830641439400e+00 2.026142151516026946e+00
4.302558117567971685e+00 2.019061653854742122e+00
4.308507620002595573e+00 2.012005452668689909e+00
4.314465349305574016e+00 2.004973466424813999e+00
4.320431316852878290e+00 1.997965613856291789e+00
4.326405534036206646e+00 1.990981813961688829e+00
4.332388012263013621e+00 1.984021986004121496e+00
4.338378762956525136e+00 1.977086049510423882e+00
4.344377797555765142e+00 1.970173924270307797e+00
4.350385127515576045e+00 1.963285530335540097e+00
4.356400764306633810e+00 1.956420788019119339e+00
4.362424719415482599e+00 1.949579617894433126e+00
4.368457004344546313e+00 1.942761940794451192e+00
4.374497630612156129e+00 1.935967677810898291e+00
4.380546609752570930e+00 1.929196750293438178e+00
4.386603953315995064e+00 1.922449079848856490e+00
4.392669672868607655e+00 1.915724588340253387e+00
4.398743779992582148e+00 1.909023197886222656e+00
4.404826286286104953e+00 1.902344830860053904e+00
4.410917203363401207e+00 1.895689409888923427e+00
4.417016542854758754e+00 1.889056857853084859e+00
4.423124316406541467e+00 1.882447097885086906e+00
4.429240535681223001e+00 1.875860053368950453e+00
4.435365212357401887e+00 1.869295647939390514e+00
4.441498358129825519e+00 1.862753805481017322e+00
4.447639984709413241e+00 1.856234450127542956e+00
4.453790103823275892e+00 1.849737506261001752e+00
4.459948727214744224e+00 1.843262898510948045e+00
4.466115866643382226e+00 1.836810551753691678e+00
4.472291533885020876e+00 1.830380391111500193e+00
4.478475740731770571e+00 1.823972341951827669e+00
4.484668498992047780e+00 1.817586329886541785e+00
4.490869820490598130e+00 1.811222280771139337e+00
4.497079717068518612e+00 1.804880120703981072e+00
4.503298200583279787e+00 1.798559776025522083e+00
4.509525282908749766e+00 1.792261173317540202e+00
4.515760975935211086e+00 1.785984239402380824e+00
4.522005291569393570e+00 1.779728901342179093e+00
4.528258241734488543e+00 1.773495086438112045e+00
4.534519838370174583e+00 1.767282722229634562e+00
4.540790093432640617e+00 1.761091736493731963e+00
4.547069018894609904e+00 1.754922057244152400e+00
4.553356626745357794e+00 1.748773612730668781e+00
4.559652928990740151e+00 1.742646331438325369e+00
4.565957937653216447e+00 1.736540142086686833e+00
4.572271664771867528e+00 1.730454973629100168e+00
4.578594122402423139e+00 1.724390755251953955e+00
4.584925322617282362e+00 1.718347416373932068e+00
4.591265277505538478e+00 1.712324886645280042e+00
4.597613999173002064e+00 1.706323095947067436e+00
4.603971499742223195e+00 1.700341974390459754e+00
4.610337791352513648e+00 1.694381452315985248e+00
4.616712886159971774e+00 1.688441460292802621e+00
4.623096796337504699e+00 1.682521929117983595e+00
4.629489534074853196e+00 1.676622789815775949e+00
4.635891111578613888e+00 1.670743973636895419e+00
4.642301541072261450e+00 1.664885412057794278e+00
4.648720834796174373e+00 1.659047036779952133e+00
4.655149005007653606e+00 1.653228779729160047e+00
4.661586063980952765e+00 1.647430573054802228e+00
4.668032024007296776e+00 1.641652349129146149e+00
4.674486897394907636e+00 1.635894040546638006e+00
4.680950696469025729e+00 1.630155580123194836e+00
4.687423433571932918e+00 1.624436900895499747e+00
4.693905121062981856e+00 1.618737936120294263e+00
4.700395771318612859e+00 1.613058619273687322e+00
4.706895396732380554e+00 1.607398884050449395e+00
4.713404009714978748e+00 1.601758664363322149e+00
4.719921622694259078e+00 1.596137894342324781e+00
4.726448248115260320e+00 1.590536508334055243e+00
4.732983898440231485e+00 1.584954440901008788e+00
4.739528586148650469e+00 1.579391626820890515e+00
4.746082323737256914e+00 1.573848001085917048e+00
4.752645123720063758e+00 1.568323498902155722e+00
4.759216998628394535e+00 1.562818055688823815e+00
4.765797961010896699e+00 1.557331607077619084e+00
4.772388023433571824e+00 1.551864088912038309e+00
4.778987198479797804e+00 1.546415437246708047e+00
4.785595498750351950e+00 1.540985588346705404e+00
4.792212936863433193e+00 1.535574478686895006e+00
4.798839525454693167e+00 1.530182044951249321e+00
4.805475277177252202e+00 1.524808224032192960e+00
4.812120204701730408e+00 1.519452953029932774e+00
4.818774320716266324e+00 1.514116169251793931e+00
4.825437637926543566e+00 1.508797810211545798e+00
4.832110169055814808e+00 1.503497813616013978e+00
4.838791926844927538e+00 1.498216117342358267e+00
4.845482924052346263e+00 1.492952659466940890e+00
4.852183173454179155e+00 1.487707378270712422e+00
4.858892687844196701e+00 1.482480212238553863e+00
4.865611480033864567e+00 1.477271100058614950e+00
4.872339562852362249e+00 1.472079980621669559e+00
4.879076949146609721e+00 1.466906793020460009e+00
4.885823651781291410e+00 1.461751476549048245e+00
4.892579683638881960e+00 1.456613970702170580e+00
4.899345057619665766e+00 1.451494215174595537e+00
4.906119786641768066e+00 1.446392149860474596e+00
4.912903883641178915e+00 1.441307714852707145e+00
4.919697361571773619e+00 1.436240850442297212e+00
4.926500233405341156e+00 1.431191497117718425e+00
4.933312512131605487e+00 1.426159595564284288e+00
4.940134210758253985e+00 1.421145086663506030e+00
4.946965342310961411e+00 1.416147911492465772e+00
4.953805919833414784e+00 1.411168011323191251e+00
4.960655956387335586e+00 1.406205327622023216e+00
4.967515465052506407e+00 1.401259802048994141e+00
4.974384458926799368e+00 1.396331376457202511e+00
4.981262951126196548e+00 1.391419992892192203e+00
4.988150954784814850e+00 1.386525593591338090e+00
4.995048483054937982e+00 1.381648120983216765e+00
5.001955549107028887e+00 1.376787517687007245e+00
5.008872166129767933e+00 1.371943726511864359e+00
5.015798347330071572e+00 1.367116690456311678e+00
5.022734105933116311e+00 1.362306352707635337e+00
5.029679455182369807e+00 1.357512656641269633e+00
5.036634408339611291e+00 1.352735545820198171e+00
5.043598978684953771e+00 1.347974963994341913e+00
5.050573179516880451e+00 1.343230855099964760e+00
5.057557024152259828e+00 1.338503163259069817e+00
5.064550525926375002e+00 1.333791832778799202e+00
5.071553698192950321e+00 1.329096808150840747e+00
5.078566554324172699e+00 1.324418034050833137e+00
5.085589107710722701e+00 1.319755455337769279e+00
5.092621371761794968e+00 1.315109017053412765e+00
5.099663359905128424e+00 1.310478664421699913e+00
5.106715085587029357e+00 1.305864342848157111e+00
5.113776562272394521e+00 1.301265997919317741e+00
5.120847803444741331e+00 1.296683575402136190e+00
5.127928822606234505e+00 1.292117021243400554e+00
5.135019633277705609e+00 1.287566281569163973e+00
5.142120248998685916e+00 1.283031302684156216e+00
5.149230683327424174e+00 1.278512031071214805e+00
5.156350949840923015e+00 1.274008413390702144e+00
5.163481062134954058e+00 1.269520396479944635e+00
5.170621033824092549e+00 1.265047927352647816e+00
5.177770878541737787e+00 1.260590953198338138e+00
5.184930609940144208e+00 1.256149421381790532e+00
5.192100241690437379e+00 1.251723279442463754e+00
5.199279787482653070e+00 1.247312475093936834e+00
5.206469261025756801e+00 1.242916956223346414e+00
5.213668676047668704e+00 1.238536670890824753e+00
5.220878046295294617e+00 1.234171567328943286e+00
5.228097385534544728e+00 1.229821593942159064e+00
5.235326707550367331e+00 1.225486699306251648e+00
5.242566026146772806e+00 1.221166832167775329e+00
5.249815355146858487e+00 1.216861941443505790e+00
5.257074708392837081e+00 1.212571976219890546e+00
5.264344099746059769e+00 1.208296885752500049e+00
5.271623543087046393e+00 1.204036619465483682e+00
5.278913052315511223e+00 1.199791126951020415e+00
5.286212641350388708e+00 1.195560357968777243e+00
5.293522324129858347e+00 1.191344262445373836e+00
5.300842114611377554e+00 1.187142790473831422e+00
5.308172026771695862e+00 1.182955892313046098e+00
5.315512074606897563e+00 1.178783518387244378e+00
5.322862272132415917e+00 1.174625619285453171e+00
5.330222633383066899e+00 1.170482145760963766e+00
5.337593172413074072e+00 1.166353048730801367e+00
5.344973903296089901e+00 1.162238279275200625e+00
5.352364840125233947e+00 1.158137788637066734e+00
5.359765997013108851e+00 1.154051528221459177e+00
5.367177388091835866e+00 1.149979449595060599e+00
5.374599027513076166e+00 1.145921504485658993e+00
5.382030929448055723e+00 1.141877644781623014e+00
5.389473108087603492e+00 1.137847822531380393e+00
5.396925577642165628e+00 1.133831989942903906e+00
5.404388352341841006e+00 1.129830099383193565e+00
5.411861446436405210e+00 1.125842103377758363e+00
5.419344874195336281e+00 1.121867954610110907e+00
5.426838649907846701e+00 1.117907605921244718e+00
5.434342787882905590e+00 1.113961010309133082e+00
5.441857302449269795e+00 1.110028120928217010e+00
5.449382207955508761e+00 1.106108891088899204e+00
5.456917518770034725e+00 1.102203274257036458e+00
5.464463249281123147e+00 1.098311224053440727e+00
5.472019413896951789e+00 1.094432694253370864e+00
5.479586027045618479e+00 1.090567638786036797e+00
5.487163103175172196e+00 1.086716011734098819e+00
5.494750656753641493e+00 1.082877767333169539e+00
5.502348702269058478e+00 1.079052859971320721e+00
5.509957254229492563e+00 1.075241244188583467e+00
5.517576327163071781e+00 1.071442874676461710e+00
5.525205935618015651e+00 1.067657706277436835e+00
5.532846094162660044e+00 1.063885693984479408e+00
5.540496817385482942e+00 1.060126792940562224e+00
5.548158119895138185e+00 1.056380958438170703e+00
5.555830016320480347e+00 1.052648145918821054e+00
5.563512521310591374e+00 1.048928310972573330e+00
5.571205649534809012e+00 1.045221409337552254e+00
5.578909415682758777e+00 1.041527396899464941e+00
5.586623834464373495e+00 1.037846229691125055e+00
5.594348920609929721e+00 1.034177863891969862e+00
5.602084688870073492e+00 1.030522255827589051e+00
5.609831154015846977e+00 1.026879361969246673e+00
5.617588330838717781e+00 1.023249138933410407e+00
5.625356234150604706e+00 1.019631543481280600e+00
5.633134878783911503e+00 1.016026532518317982e+00
5.640924279591549073e+00 1.012434063093775816e+00
5.648724451446968331e+00 1.008854092400234714e+00
5.656535409244188628e+00 1.005286577773131462e+00
5.664357167897819956e+00 1.001731476690304268e+00
5.672189742343098473e+00 9.981887467715199191e-01
5.680033147535914040e+00 9.946583457780194815e-01
5.687887398452834198e+00 9.911402316120565548e-01
5.695752510091139698e+00 9.876343623164344221e-01
5.703628497468844039e+00 9.841406960740606280e-01
5.711515375624731661e+00 9.806591912074769102e-01
5.719413159618381037e+00 9.771898061784163314e-01
5.727321864530193984e+00 9.737324995873457567e-01
5.735241505461426748e+00 9.702872301730151028e-01
5.743172097534217535e+00 9.668539568120078087e-01
5.751113655891612275e+00 9.634326385182946373e-01
5.759066195697598367e+00 9.600232344427837017e-01
5.767029732137132214e+00 9.566257038728751549e-01
5.775004280416167646e+00 9.532400062320195433e-01
5.782989855761685227e+00 9.498661010792722736e-01
5.790986473421718017e+00 9.465039481088547424e-01
5.798994148665387982e+00 9.431535071497121336e-01
5.807012896782928202e+00 9.398147381650769905e-01
5.815042733085716620e+00 9.364876012520301218e-01
5.823083672906304464e+00 9.331720566410652840e-01
5.831135731598438454e+00 9.298680646956576368e-01
5.839198924537103430e+00 9.265755859118248727e-01
5.847273267118541007e+00 9.232945809177013352e-01
5.855358774760283325e+00 9.200250104731040324e-01
5.863455462901180582e+00 9.167668354691059784e-01
5.871563347001434785e+00 9.135200169276055382e-01
5.879682442542620180e+00 9.102845160009040981e-01
5.887812765027723216e+00 9.070602939712799628e-01
5.895954329981166531e+00 9.038473122505613633e-01
5.904107152948840032e+00 9.006455323797085688e-01
5.912271249498130210e+00 8.974549160283900040e-01
5.920446635217946785e+00 8.942754249945673584e-01
5.928633325718760894e+00 8.911070212040690386e-01
5.936831336632625522e+00 8.879496667101821616e-01
5.945040683613211030e+00 8.848033236932312251e-01
5.953261382335834462e+00 8.816679544601651042e-01
5.961493448497483527e+00 8.785435214441467133e-01
5.969736897816857457e+00 8.754299872041376718e-01
5.977991746034388321e+00 8.723273144244884092e-01
5.986258008912272999e+00 8.692354659145319351e-01
5.994535702234507824e+00 8.661544046081727233e-01
6.002824841806909006e+00 8.630840935634833677e-01
6.011125443457152606e+00 8.600244959622962426e-01
6.019437523034800286e+00 8.569755751098020458e-01
6.027761096411331287e+00 8.539372944341443450e-01
6.036096179480169077e+00 8.509096174860218964e-01
6.044442788156718649e+00 8.478925079382850782e-01
6.052800938378385176e+00 8.448859295855415397e-01
6.061170646104619308e+00 8.418898463437521906e-01
6.069551927316935824e+00 8.389042222498392931e-01
6.077944798018950046e+00 8.359290214611587722e-01
6.086349274236408924e+00 8.329642082520927193e-01
6.094765372017212357e+00 8.300097470136542643e-01
6.103193107431458486e+00 8.270656022561914122e-01
6.111632496571464124e+00 8.241317386091406849e-01
6.120083555551798504e+00 8.212081208206422067e-01
6.128546300509313483e+00 8.182947137571461305e-01
6.137020747603173731e+00 8.153914824030282782e-01
6.145506913014890493e+00 8.124983918602030064e-01
6.154004812948349112e+00 8.096154073477404012e-01
6.162514463629841899e+00 8.067424942014788103e-01
6.171035881308100990e+00 8.038796178736462572e-01
6.179569082254320556e+00 8.010267439324790795e-01
6.188114082762200319e+00 7.981838380618400119e-01
6.196670899147968647e+00 7.953508660608398229e-01
6.205239547750416307e+00 7.925277938434618363e-01
6.213820044930924880e+00 7.897145874381849007e-01
6.222412407073504959e+00 7.869112129876050243e-01
6.231016650584815686e+00 7.841176367480690024e-01
6.239632791894207386e+00 7.813338250892928327e-01
6.248260847453749989e+00 7.785597444939966749e-01
6.256900833738259671e+00 7.757953615575320372e-01
6.265552767245337940e+00 7.730406429875110730e-01
6.274216664495391171e+00 7.702955556034443152e-01
6.282892542031677685e+00 7.675600663363670861e-01
6.291580416420329058e+00 7.648341422284772317e-01
6.300280304250382102e+00 7.621177504327704133e-01
6.308992222133817940e+00 7.594108582126765095e-01
6.317716186705579773e+00 7.567134329416996819e-01
6.326452214623621728e+00 7.540254421030512244e-01
6.335200322568927511e+00 7.513468532892980667e-01
6.343960527245549486e+00 7.486776342019964003e-01
6.352732845380636206e+00 7.460177526513398494e-01
6.361517293724469724e+00 7.433671765557987587e-01
6.370313889050487788e+00 7.407258739417696969e-01
6.379122648155326480e+00 7.380938129432152994e-01
6.387943587858848637e+00 7.354709618013169914e-01
6.396776725004174047e+00 7.328572888641186056e-01
6.405622076457713199e+00 7.302527625861784388e-01
6.414479659109196596e+00 7.276573515282195315e-01
6.423349489871712947e+00 7.250710243567788371e-01
6.432231585681736696e+00 7.224937498438619432e-01
6.441125963499161777e+00 7.199254968665964594e-01
6.450032640307337140e+00 7.173662344068844066e-01
6.458951633113088064e+00 7.148159315510630440e-01
6.467882958946764127e+00 7.122745574895569254e-01
6.476826634862261400e+00 7.097420815165381702e-01
6.485782677937057095e+00 7.072184730295861810e-01
6.494751105272246861e+00 7.047037015293451390e-01
6.503731933992566105e+00 7.021977366191900494e-01
6.512725181246435291e+00 6.997005480048846815e-01
6.521730864205987466e+00 6.972121054942470586e-01
6.530749000067099352e+00 6.947323789968131713e-01
6.539779606049426874e+00 6.922613385235046879e-01
6.548822699396437130e+00 6.897989541862925567e-01
6.557878297375437704e+00 6.873451961978678248e-01
6.566946417277618409e+00 6.849000348713074615e-01
6.576027076418075268e+00 6.824634406197477299e-01
6.585120292135848707e+00 6.800353839560504543e-01
6.594226081793958194e+00 6.776158354924802785e-01
6.603344462779424440e+00 6.752047659403752622e-01
6.612475452503318252e+00 6.728021461098180334e-01
6.621619068400783625e+00 6.704079469093173760e-01
6.630775327931072383e+00 6.680221393454783829e-01
6.639944248577583252e+00 6.656446945226813794e-01
6.649125847847882298e+00 6.632755836427639551e-01
6.658320143273751768e+00 6.609147780046954468e-01
6.667527152411214963e+00 6.585622490042574162e-01
6.676746892840570879e+00 6.562179681337284576e-01
6.685979382166427953e+00 6.538819069815637874e-01
6.695224638017739593e+00 6.515540372320789420e-01
6.704482678047831712e+00 6.492343306651354728e-01
6.713753519934446246e+00 6.469227591558237567e-01
6.723037181379766913e+00 6.446192946741524654e-01
6.732333680110456520e+00 6.423239092847337073e-01
6.741643033877691593e+00 6.400365751464708319e-01
6.750965260457188144e+00 6.377572645122524531e-01
6.760300377649250514e+00 6.354859497286355907e-01
6.769648403278791804e+00 6.332226032355430245e-01
6.779009355195374731e+00 6.309671975659536525e-01
6.788383251273246266e+00 6.287197053455935158e-01
6.797770109411362505e+00 6.264800992926353729e-01
6.807169947533437515e+00 6.242483522173881694e-01
6.816582783587967320e+00 6.220244370219975005e-01
6.826008635548265424e+00 6.198083267001406327e-01
6.835447521412501892e+00 6.175999943367248557e-01
6.844899459203728220e+00 6.153994131075894991e-01
6.854364466969924408e+00 6.132065562792006208e-01
6.863842562784023826e+00 6.110213972083584633e-01
6.873333764743951413e+00 6.088439093418938075e-01
6.882838090972656531e+00 6.066740662163747633e-01
6.892355559618151162e+00 6.045118414578088961e-01
6.901886188853538329e+00 6.023572087813496845e-01
6.911429996877052950e+00 6.002101419910006452e-01
6.920987001912094705e+00 5.980706149793227899e-01
6.930557222207260004e+00 5.959386017271431912e-01
6.940140676036383738e+00 5.938140763032616620e-01
6.949737381698561478e+00 5.916970128641633186e-01
6.959347357518199217e+00 5.895873856537264812e-01
6.968970621845040014e+00 5.874851690029354589e-01
6.978607193054200408e+00 5.853903373295925583e-01
6.988257089546205947e+00 5.833028651380315344e-01
6.997920329747023160e+00 5.812227270188317085e-01
7.007596932108102195e+00 5.791498976485331962e-01
7.017286915106404344e+00 5.770843517893533559e-01
7.026990297244443795e+00 5.750260642889030160e-01
7.036707097050316939e+00 5.729750100799048118e-01
7.046437333077739673e+00 5.709311641799124093e-01
7.056181023906085592e+00 5.688945016910295083e-01
7.065938188140420628e+00 5.668649977996296219e-01
7.075708844411534137e+00 5.648426277760807412e-01
7.085493011375980643e+00 5.628273669744646712e-01
7.095290707716112699e+00 5.608191908322995856e-01
7.105101952140112864e+00 5.588180748702693545e-01
7.114926763382036334e+00 5.568239946919431027e-01
7.124765160201842917e+00 5.548369259835025380e-01
7.134617161385433448e+00 5.528568445134710574e-01
7.144482785744687092e+00 5.508837261324380785e-01
7.154362052117489768e+00 5.489175467727923641e-01
7.164254979367782994e+00 5.469582824484453543e-01
7.174161586385588762e+00 5.450059092545663786e-01
7.184081892087053056e+00 5.430604033673116504e-01
7.194015915414477824e+00 5.411217410435565922e-01
7.203963675336353845e+00 5.391898986206299371e-01
7.213925190847406022e+00 5.372648525160457211e-01
7.223900480968624471e+00 5.353465792272384949e-01
7.233889564747300049e+00 5.334350553312993126e-01
7.243892461257061655e+00 5.315302574847122763e-01
7.253909189597915308e+00 5.296321624230905245e-01
7.263939768896272575e+00 5.277407469609157742e-01
7.273984218304998528e+00 5.258559879912756418e-01
7.284042557003439278e+00 5.239778624856046285e-01
7.294114804197462831e+00 5.221063474934241055e-01
7.304200979119497283e+00 5.202414201420834106e-01
7.314301101028558350e+00 5.183830576365032750e-01
7.324415189210299104e+00 5.165312372589175860e-01
7.334543262977036626e+00 5.146859363686170363e-01
7.344685341667796408e+00 5.128471324016955490e-01
7.354841444648343440e+00 5.110148028707941492e-01
7.365011591311218631e+00 5.091889253648489433e-01
7.375195801075783208e+00 5.073694775488356568e-01
7.385394093388248926e+00 5.055564371635210552e-01
7.395606487721718025e+00 5.037497820252081482e-01
7.405833003576222318e+00 5.019494900254884984e-01
7.416073660478749829e+00 5.001555391309928655e-01
7.426328477983297205e+00 4.983679073831388529e-01
7.436597475670899904e+00 4.965865728978872684e-01
7.446880673149667729e+00 4.948115138654914924e-01
7.457178090054823016e+00 4.930427085502545048e-01
7.467489746048745047e+00 4.912801352902793073e-01
7.477815660820993138e+00 4.895237724972277271e-01
7.488155854088358154e+00 4.877735986560748360e-01
7.498510345594897153e+00 4.860295923248648120e-01
7.508879155111963577e+00 4.842917321344705206e-01
7.519262302438256995e+00 4.825599967883494879e-01
7.529659807399845306e+00 4.808343650623059795e-01
7.540071689850218917e+00 4.791148158042484728e-01
7.550497969670318277e+00 4.774013279339511806e-01
7.560938666768576510e+00 4.756938804428157419e-01
7.571393801080956720e+00 4.739924523936321910e-01
7.581863392570982185e+00 4.722970229203443671e-01
7.592347461229789651e+00 4.706075712278112166e-01
7.602846027076154201e+00 4.689240765915735909e-01
7.613359110156536325e+00 4.672465183576158254e-01
7.623886730545113011e+00 4.655748759421370897e-01
7.634428908343823927e+00 4.639091288313124672e-01
7.644985663682397181e+00 4.622492565810665255e-01
7.655557016718403496e+00 4.605952388124877617e-01
7.666142987637284634e+00 4.589470551894522798e-01
7.676743596652395141e+00 4.573046854353082780e-01
7.687358864005039649e+00 4.556681093427899509e-01
7.697988809964510182e+00 4.540373067738042168e-01
7.708633454828130560e+00 4.524122576591951828e-01
7.719292818921287491e+00 4.507929419985153840e-01
7.729966922597476753e+00 4.491793398597903608e-01
7.740655786238338720e+00 4.475714313792906740e-01
7.751359430253691229e+00 4.459691967613017005e-01
7.762077875081581091e+00 4.443726162778922073e-01
7.772811141188314288e+00 4.427816702686880879e-01
7.783559249068496833e+00 4.411963391406439339e-01
7.794322219245076511e+00 4.396166033678157725e-01
7.805100072269373079e+00 4.380424434911358578e-01
7.815892828721133334e+00 4.364738401181848526e-01
7.826700509208555090e+00 4.349107739229706726e-01
7.837523134368336031e+00 4.333532256457007792e-01
7.848360724865709237e+00 4.318011760925615783e-01
7.859213301394484041e+00 4.302546061354945994e-01
7.870080884677079780e+00 4.287134967119760609e-01
7.880963495464576418e+00 4.271778288247943256e-01
7.891861154536745637e+00 4.256475835418296882e-01
7.902773882702094355e+00 4.241227419958363831e-01
7.913701700797903804e+00 4.226032853842221493e-01
7.924644629690262398e+00 4.210891949688315705e-01
7.935602690274119020e+00 4.195804520757265288e-01
7.946575903473313218e+00 4.180770380949726528e-01
7.957564290240617844e+00 4.165789344804197714e-01
7.968567871557779903e+00 4.150861227494895278e-01
7.979586668435554309e+00 4.135985844829603297e-01
7.990620701913756285e+00 4.121163013247524098e-01
8.001669993061289787e+00 4.106392549817158844e-01
8.012734562976197239e+00 4.091674272234170906e-01
8.023814432785689732e+00 4.077007998819290324e-01
8.034909623646194987e+00 4.062393548516186059e-01
8.046020156743395546e+00 4.047830740889367118e-01
8.057146053292271404e+00 4.033319396122090894e-01
8.068287334537131983e+00 4.018859335014274836e-01
8.079444021751669425e+00 4.004450378980404235e-01
8.090616136238994116e+00 3.990092350047467762e-01
8.101803699331661335e+00 3.975785070852901892e-01
8.113006732391740528e+00 3.961528364642490918e-01
8.124225256810829521e+00 3.947322055268358554e-01
8.135459294010111364e+00 3.933165967186878498e-01
8.146708865440391634e+00 3.919059925456663263e-01
8.157973992582126854e+00 3.905003755736533022e-01
8.169254696945490224e+00 3.890997284283456703e-01
8.180551000070389378e+00 3.877040337950560800e-01
8.191862923526521456e+00 3.863132744185106549e-01
8.203190488913408629e+00 3.849274331026479867e-01
8.214533717860438955e+00 3.835464927104200727e-01
8.225892632026912565e+00 3.821704361635913649e-01
8.237267253102075415e+00 3.807992464425414836e-01
8.248657602805167244e+00 3.794329065860669314e-01
8.260063702885464210e+00 3.780713996911826968e-01
8.271485575122312639e+00 3.767147089129265214e-01
8.282923241325173436e+00 3.753628174641638338e-01
8.294376723333668266e+00 3.740157086153894084e-01
8.305846043017620417e+00 3.726733656945350748e-01
8.317331222277088543e+00 3.713357720867748180e-01
8.328832283042419959e+00 3.700029112343310445e-01
8.340349247274282618e+00 3.686747666362819031e-01
8.351882136963713066e+00 3.673513218483702159e-01
8.363430974132157303e+00 3.660325604828094104e-01
8.374995780831511638e+00 3.647184662080950046e-01
8.386576579144167098e+00 3.634090227488129266e-01
8.398173391183044956e+00 3.621042138854511094e-01
8.409786239091648241e+00 3.608040234542089775e-01
8.421415145044097272e+00 3.595084353468100957e-01
8.433060131245175839e+00 3.582174335103142648e-01
8.444721219930375611e+00 3.569310019469294493e-01
8.456398433365926337e+00 3.556491247138272027e-01
8.468091793848852689e+00 3.543717859229549849e-01
8.479801323707011562e+00 3.530989697408515315e-01
8.491527045299132936e+00 3.518306603884622241e-01
8.503268981014864281e+00 3.505668421409556257e-01
8.515027153274818517e+00 3.493074993275372964e-01
8.526801584530597111e+00 3.480526163312726018e-01
8.538592297264862907e+00 3.468021775888981417e-01
8.550399313991357886e+00 3.455561675906443919e-01
8.562222657254958236e+00 3.443145708800523508e-01
8.574062349631720537e+00 3.430773720537949600e-01
8.585918413728906629e+00 3.418445557614964714e-01
8.597790872185049338e+00 3.406161067055528124e-01
8.609679747669982675e+00 3.393920096409538401e-01
8.621585062884888018e+00 3.381722493751042613e-01
8.633506840562342077e+00 3.369568107676471636e-01
8.645445103466341763e+00 3.357456787302878776e-01
8.657399874392378791e+00 3.345388382266151761e-01
8.669371176167455673e+00 3.333362742719283567e-01
8.681359031650144331e+00 3.321379719330603275e-01
8.693363463730621632e+00 3.309439163282044682e-01
8.705384495330720895e+00 3.297540926267394368e-01
8.717422149403963871e+00 3.285684860490574732e-01
8.729476448935621136e+00 3.273870818663895954e-01
8.741547416942742288e+00 3.262098654006352905e-01
8.753635076474202137e+00 3.250368220241897643e-01
8.765739450610755767e+00 3.238679371597735779e-01
8.777860562465059857e+00 3.227031962802623388e-01
8.789998435181745506e+00 3.215425849085154497e-01
8.802153091937437779e+00 3.203860886172084643e-01
8.814324555940816097e+00 3.192336930286636121e-01
8.826512850432649770e+00 3.180853838146813217e-01
8.838717998685840627e+00 3.169411466963736324e-01
8.850940024005481632e+00 3.158009674439952175e-01
8.863178949728883538e+00 3.146648318767795716e-01
8.875434799225629945e+00 3.135327258627700342e-01
8.887707595897625268e+00 3.124046353186567537e-01
8.899997363179121379e+00 3.112805462096112641e-01
8.912304124536785110e+00 3.101604445491207840e-01
8.924627903469726675e+00 3.090443163988268460e-01
8.936968723509554735e+00 3.079321478683598179e-01
8.949326608220415480e+00 3.068239251151778091e-01
8.961701581199040589e+00 3.057196343444034681e-01
8.974093666074782760e+00 3.046192618086638881e-01
8.986502886509681431e+00 3.035227938079271270e-01
8.998929266198485877e+00 3.024302166893447774e-01
9.011372828868713825e+00 3.013415168470890970e-01
9.023833598280697643e+00 3.002566807221950795e-01
9.036311598227612762e+00 2.991756948024020812e-01
9.048806852535546952e+00 2.980985456219940599e-01
9.061319385063530518e+00 2.970252197616423118e-01
9.073849219703582492e+00 2.959557038482483748e-01
9.086396380380767468e+00 2.948899845547868770e-01
9.098960891053222255e+00 2.938280486001501046e-01
9.111542775712219822e+00 2.927698827489907951e-01
9.124142058382204823e+00 2.917154738115682600e-01
9.136758763120846893e+00 2.906648086435926204e-01
9.149392914019081502e+00 2.896178741460711525e-01
9.162044535201147255e+00 2.885746572651556874e-01
9.174713650824651623e+00 2.875351449919867353e-01
9.187400285080602913e+00 2.864993243625433839e-01
9.200104462193461785e+00 2.854671824574899763e-01
9.212826206421185660e+00 2.844387064020245659e-01
9.225565542055278456e+00 2.834138833657277590e-01
9.238322493420822568e+00 2.823927005624129460e-01
9.251097084876549914e+00 2.813751452499748673e-01
9.263889340814868589e+00 2.803612047302406207e-01
9.276699285661916150e+00 2.793508663488208366e-01
9.289526943877612908e+00 2.783441174949600194e-01
9.302372339955690350e+00 2.773409456013901098e-01
9.315235498423758642e+00 2.763413381441811589e-01
9.328116443843340377e+00 2.753452826425951683e-01
9.341015200809922092e+00 2.743527666589392067e-01
9.353931793953005780e+00 2.733637777984185280e-01
9.366866247936137313e+00 2.723783037089929637e-01
9.379818587456979273e+00 2.713963320812292079e-01
9.392788837247341149e+00 2.704178506481578759e-01
9.405777022073234406e+00 2.694428471851279538e-01
9.418783166734909784e+00 2.684713095096646907e-01
9.431807296066921253e+00 2.675032254813247135e-01
9.444849434938150878e+00 2.665385830015546964e-01
9.457909608251878097e+00 2.655773700135480309e-01
9.470987840945817027e+00 2.646195745021029389e-01
9.484084157992164421e+00 2.636651844934819744e-01
9.497198584397649412e+00 2.627141880552705810e-01
9.510331145203572589e+00 2.617665732962371483e-01
9.523481865485873499e+00 2.608223283661919023e-01
9.536650770355153739e+00 2.598814414558492381e-01
9.549837884956749789e+00 2.589439007966869433e-01
9.563043234470759657e+00 2.580096946608087527e-01
9.576266844112099719e+00 2.570788113608064585e-01
9.589508739130559789e+00 2.561512392496209101e-01
9.602768944810840424e+00 2.552269667204068448e-01
9.616047486472604433e+00 2.543059822063941655e-01
9.629344389470530174e+00 2.533882741807661487e-01
9.642659679194350630e+00 2.524738311585344452e-01
9.655993381068910253e+00 2.515626416985357050e-01
9.669345520554212925e+00 2.506546943995697774e-01
9.682716123145462817e+00 2.497499778997398223e-01
9.696105214373123005e+00 2.488484808763189449e-01
9.709512819802961658e+00 2.479501920456174957e-01
9.722938965036087566e+00 2.470551001628519816e-01
9.736383675709021190e+00 2.461631940220116999e-01
9.749846977493730193e+00 2.452744624557278152e-01
9.763328896097680953e+00 2.443888943351430754e-01
9.776829457263886525e+00 2.435064785697806933e-01
9.790348686770954600e+00 2.426272041074148678e-01
9.803886610433142579e+00 2.417510599339405541e-01
9.817443254100403749e+00 2.408780350732445119e-01
9.831018643658435252e+00 2.400081185870769351e-01
9.844612805028731373e+00 2.391412995749220283e-01
9.858225764168620842e+00 2.382775671738718848e-01
9.871857547071334338e+00 2.374169105584973405e-01
9.885508179766045345e+00 2.365593189407217689e-01
9.899177688317916335e+00 2.357047815696941828e-01
9.912866098828153838e+00 2.348532877316632517e-01
9.926573437434059954e+00 2.340048267498510692e-01
9.940299730309069659e+00 2.331593879843286976e-01
9.954045003662820079e+00 2.323169608318899071e-01
9.967809283741186022e+00 2.314775347259277472e-01
9.981592596826335040e+00 2.306410991363100627e-01
9.995394969236780724e+00 2.298076435692549824e-01
1.000921642732741645e+01 2.289771575672100712e-01
1.002305699748960244e+01 2.281496307087256536e-01
1.003691670615116927e+01 2.273250526083359646e-01
1.005079557977649785e+01 2.265034129164352483e-01
1.006469364486657447e+01 2.256847013191558005e-01
1.007861092795901570e+01 2.248689075382480640e-01
1.009254745562814648e+01 2.240560213309581716e-01
1.010650325448503040e+01 2.232460324899093185e-01
1.012047835117752470e+01 2.224389308429801371e-01
1.013447277239034960e+01 2.216347062531855427e-01
1.014848654484510604e+01 2.208333486185582450e-01
1.016251969530036270e+01 2.200348478720283441e-01
1.017657225055167736e+01 2.192391939813061741e-01
1.019064423743165904e+01 2.184463769487643703e-01
1.020473568281003551e+01 2.176563868113181865e-01
1.021884661359367108e+01 2.168692136403114479e-01
1.023297705672665181e+01 2.160848475413963410e-01
1.024712703919031043e+01 2.153032786544195332e-01
1.026129658800328848e+01 2.145244971533044609e-01
1.027548573022160383e+01 2.137484932459358944e-01
1.028969449293866489e+01 2.129752571740456402e-01
1.030392290328536653e+01 2.122047792130959121e-01
1.031817098843009894e+01 2.114370496721661441e-01
1.033243877557884005e+01 2.106720588938378047e-01
1.034672629197517146e+01 2.099097972540815427e-01
1.036103356490034955e+01 2.091502551621433059e-01
1.037536062167336937e+01 2.083934230604305438e-01
1.038970748965097890e+01 2.076392914244012122e-01
1.040407419622777851e+01 2.068878507624494489e-01
1.041846076883623162e+01 2.061390916157954667e-01
1.043286723494673573e+01 2.053930045583733377e-01
1.044729362206768997e+01 2.046495801967186667e-01
1.046173995774550924e+01 2.039088091698600391e-01
1.047620626956472201e+01 2.031706821492064163e-01
1.049069258514798264e+01 2.024351898384386950e-01
1.050519893215614431e+01 2.017023229733990453e-01
1.051972533828832113e+01 2.009720723219814709e-01
1.053427183128191125e+01 2.002444286840240062e-01
1.054883843891268569e+01 1.995193828911983047e-01
1.056342518899480964e+01 1.987969258069033907e-01
1.057803210938090999e+01 1.980770483261561909e-01
1.059265922796214277e+01 1.973597413754843988e-01
1.060730657266820742e+01 1.966449959128201974e-01
1.062197417146744804e+01 1.959328029273919858e-01
1.063666205236686935e+01 1.952231534396189072e-01
1.065137024341219885e+01 1.945160385010051562e-01
1.066609877268796325e+01 1.938114491940325368e-01
1.068084766831750265e+01 1.931093766320572391e-01
1.069561695846306826e+01 1.924098119592024259e-01
1.071040667132583479e+01 1.917127463502558415e-01
1.072521683514597512e+01 1.910181710105644248e-01
1.074004747820272776e+01 1.903260771759292258e-01
1.075489862881441461e+01 1.896364561125045978e-01
1.076977031533853513e+01 1.889492991166913383e-01
1.078466256617178587e+01 1.882645975150369078e-01
1.079957540975013153e+01 1.875823426641310965e-01
1.081450887454886889e+01 1.869025259505038283e-01
1.082946298908265526e+01 1.862251387905239919e-01
1.084443778190559371e+01 1.855501726302969112e-01
1.085943328161125265e+01 1.848776189455642316e-01
1.087444951683275818e+01 1.842074692416016402e-01
1.088948651624281538e+01 1.835397150531196953e-01
1.090454430855377765e+01 1.828743479441629072e-01
1.091962292251771771e+01 1.822113595080090964e-01
1.093472238692644183e+01 1.815507413670718329e-01
1.094984273061159463e+01 1.808924851727985172e-01
1.096498398244466976e+01 1.802365826055740694e-01
1.098014617133708448e+01 1.795830253746211469e-01
1.099532932624025072e+01 1.789318052179010576e-01
1.101053347614559463e+01 1.782829139020178089e-01
1.102575865008464540e+01 1.776363432221189642e-01
1.104100487712906897e+01 1.769920850017989156e-01
1.105627218639072673e+01 1.763501310930023214e-01
1.107156060702175360e+01 1.757104733759265458e-01
1.108687016821456872e+01 1.750731037589263184e-01
1.110220089920198738e+01 1.744380141784172555e-01
1.111755282925722632e+01 1.738051965987802983e-01
1.113292598769398190e+01 1.731746430122670932e-01
1.114832040386649936e+01 1.725463454389032092e-01
1.116373610716959774e+01 1.719202959263953501e-01
1.117917312703876043e+01 1.712964865500360978e-01
1.119463149295015647e+01 1.706749094126096544e-01
1.121011123442071700e+01 1.700555566442993605e-01
1.122561238100820624e+01 1.694384204025918828e-01
1.124113496231123221e+01 1.688234928721871753e-01
1.125667900796935861e+01 1.682107662649025837e-01
1.127224454766311901e+01 1.676002328195825564e-01
1.128783161111408262e+01 1.669918848020061630e-01
1.130344022808493776e+01 1.663857145047936137e-01
1.131907042837950605e+01 1.657817142473173300e-01
1.133472224184284372e+01 1.651798763756077149e-01
1.135039569836125573e+01 1.645801932622650288e-01
1.136609082786237934e+01 1.639826573063668524e-01
1.138180766031524627e+01 1.633872609333779091e-01
1.139754622573031106e+01 1.627939965950614964e-01
1.141330655415954531e+01 1.622028567693873935e-01
1.142908867569646070e+01 1.616138339604449581e-01
1.144489262047618006e+01 1.610269206983521717e-01
1.146071841867551733e+01 1.604421095391667940e-01
1.147656610051298642e+01 1.598593930647997097e-01
1.149243569624891492e+01 1.592787638829239183e-01
1.150832723618544762e+01 1.587002146268894354e-01
1.152424075066665488e+01 1.581237379556330036e-01
1.154017627007854685e+01 1.575493265535924392e-01
1.155613382484915519e+01 1.569769731306197291e-01
1.157211344544860054e+01 1.564066704218921855e-01
1.158811516238911388e+01 1.558384111878289013e-01
1.160413900622514305e+01 1.552721882140017939e-01
1.162018500755337058e+01 1.547079943110513944e-01
1.163625319701278116e+01 1.541458223146013329e-01
1.165234360528475221e+01 1.535856650851710747e-01
1.166845626309305395e+01 1.530275155080939031e-01
1.168459120120397365e+01 1.524713664934287671e-01
1.170074845042631750e+01 1.519172109758788747e-01
1.171692804161149759e+01 1.513650419147057336e-01
1.173313000565360120e+01 1.508148522936448299e-01
1.174935437348941392e+01 1.502666351208243323e-01
1.176560117609852441e+01 1.497203834286786051e-01
1.178187044450333865e+01 1.491760902738681061e-01
1.179816220976916519e+01 1.486337487371944266e-01
1.181447650300427910e+01 1.480933519235188844e-01
1.183081335535995571e+01 1.475548929616800342e-01
1.184717279803056300e+01 1.470183650044110668e-01
1.186355486225359179e+01 1.464837612282597068e-01
1.187995957930972324e+01 1.459510748335051122e-01
1.189638698052291232e+01 1.454202990440776333e-01
1.191283709726040563e+01 1.448914271074777937e-01
1.192930996093284612e+01 1.443644522946951614e-01
1.194580560299429095e+01 1.438393679001293557e-01
1.196232405494229667e+01 1.433161672415086962e-01
1.197886534831799032e+01 1.427948436598103776e-01
1.199542951470608365e+01 1.422753905191825319e-01
1.201201658573499564e+01 1.417578012068625715e-01
1.202862659307685789e+01 1.412420691331006950e-01
1.204525956844759804e+01 1.407281877310792573e-01
1.206191554360701801e+01 1.402161504568352479e-01
1.207859455035881346e+01 1.397059507891818819e-01
1.209529662055068222e+01 1.391975822296306342e-01
1.211202178607433311e+01 1.386910383023137738e-01
1.212877007886560321e+01 1.381863125503325629e-01
1.214554153090446853e+01 1.376833984844410552e-01
1.216233617421512747e+01 1.371822895957248711e-01
1.217915404086607900e+01 1.366829793979014995e-01
1.219599516297014041e+01 1.361854614283956599e-01
1.221285957268456102e+01 1.356897292482491801e-01
1.222974730221103457e+01 1.351957764420334829e-01
1.224665838379578808e+01 1.347035966177595467e-01
1.226359284972964936e+01 1.342131834067901708e-01
1.228055073234808070e+01 1.337245304637521559e-01
1.229753206403127663e+01 1.332376314664477368e-01
1.231453687720418877e+01 1.327524801157691781e-01
1.233156520433660397e+01 1.322690701356099285e-01
1.234861707794323316e+01 1.317873952727789955e-01
1.236569253058371487e+01 1.313074492969147355e-01
1.238279159486274139e+01 1.308292260003980079e-01
1.239991430343006584e+01 1.303527191982682409e-01
1.241706068898059456e+01 1.298779227281365856e-01
1.243423078425445816e+01 1.294048304501019264e-01
1.245142462203703992e+01 1.289334362466658390e-01
1.246864223515907533e+01 1.284637340226487956e-01
1.248588365649668752e+01 1.279957177051055384e-01
1.250314891897145486e+01 1.275293812432427842e-01
1.252043805555049794e+01 1.270647186083340430e-01
1.253775109924650089e+01 1.266017237936384321e-01
1.255508808311782154e+01 1.261403908143172159e-01
1.257244904026851096e+01 1.256807137073514824e-01
1.258983400384839335e+01 1.252226865314609860e-01
1.260724300705315848e+01 1.247663033670209920e-01
1.262467608312436518e+01 1.243115583159824095e-01
1.264213326534956749e+01 1.238584455017900238e-01
1.265961458706232712e+01 1.234069590693018387e-01
1.267712008164230397e+01 1.229570931847094456e-01
1.269464978251532905e+01 1.225088420354562002e-01
1.271220372315342750e+01 1.220621998301599231e-01
1.272978193707494121e+01 1.216171607985309516e-01
1.274738445784453056e+01 1.211737191912948680e-01
1.276501131907329167e+01 1.207318692801128412e-01
1.278266255441878307e+01 1.202916053575031480e-01
1.280033819758510205e+01 1.198529217367631655e-01
1.281803828232297171e+01 1.194158127518912954e-01
1.283576284242975873e+01 1.189802727575094837e-01
1.285351191174958707e+01 1.185462961287857969e-01
1.287128552417336813e+01 1.181138772613573723e-01
1.288908371363886829e+01 1.176830105712543817e-01
1.290690651413080658e+01 1.172536904948220521e-01
1.292475395968086893e+01 1.168259114886467942e-01
1.294262608436782713e+01 1.163996680294780844e-01
1.296052292231755310e+01 1.159749546141545379e-01
1.297844450770311120e+01 1.155517657595285519e-01
1.299639087474483645e+01 1.151300960023901171e-01
1.301436205771035937e+01 1.147099398993941394e-01
1.303235809091471964e+01 1.142912920269840982e-01
1.305037900872038747e+01 1.138741469813193269e-01
1.306842484553735240e+01 1.134584993782012940e-01
1.308649563582320141e+01 1.130443438529986910e-01
1.310459141408314032e+01 1.126316750605762806e-01
1.312271221487012163e+01 1.122204876752200819e-01
1.314085807278485341e+01 1.118107763905658580e-01
1.315902902247588457e+01 1.114025359195269793e-01
1.317722509863970437e+01 1.109957609942209406e-01
1.319544633602074768e+01 1.105904463658995557e-01
1.321369276941151760e+01 1.101865868048753222e-01
1.323196443365261388e+01 1.097841771004522821e-01
1.325026136363280926e+01 1.093832120608535935e-01
1.326858359428914191e+01 1.089836865131509763e-01
1.328693116060693313e+01 1.085855953031955590e-01
1.330530409761990462e+01 1.081889332955458805e-01
1.332370244041020868e+01 1.077936953733995284e-01
1.334212622410850457e+01 1.073998764385233201e-01
1.336057548389404914e+01 1.070074714111827474e-01
1.337905025499471812e+01 1.066164752300750029e-01
1.339755057268712868e+01 1.062268828522579950e-01
1.341607647229664835e+01 1.058386892530839007e-01
1.343462798919752110e+01 1.054518894261290973e-01
1.345320515881288337e+01 1.050664783831273957e-01
1.347180801661485638e+01 1.046824511539022340e-01
1.349043659812463147e+01 1.042998027862980792e-01
1.350909093891248780e+01 1.039185283461151188e-01
1.352777107459792205e+01 1.035386229170402184e-01
1.354647704084966264e+01 1.031600816005821958e-01
1.356520887338575854e+01 1.027828995160040976e-01
1.358396660797367161e+01 1.024070718002571684e-01
1.360275028043029444e+01 1.020325936079158891e-01
1.362155992662207282e+01 1.016594601111111273e-01
1.364039558246503070e+01 1.012876664994655229e-01
1.365925728392485183e+01 1.009172079800281785e-01
1.367814506701697752e+01 1.005480797772091012e-01
1.369705896780661902e+01 1.001802771327161279e-01
1.371599902240888724e+01 9.981379530548849244e-02
1.373496526698881404e+01 9.944862957163461137e-02
1.375395773776143571e+01 9.908477522436689999e-02
1.377297647099188893e+01 9.872222757393853132e-02
1.379202150299542851e+01 9.836098194758029212e-02
1.381109287013755527e+01 9.800103368943662019e-02
1.383019060883403384e+01 9.764237816050405638e-02
1.384931475555097968e+01 9.728501073856719861e-02
1.386846534680496212e+01 9.692892681813705669e-02
1.388764241916300790e+01 9.657412181038867172e-02
1.390684600924274505e+01 9.622059114309879091e-02
1.392607615371240648e+01 9.586833026058518004e-02
1.394533288929093651e+01 9.551733462364393745e-02
1.396461625274806906e+01 9.516759970948909797e-02
1.398392628090435608e+01 9.481912101169126528e-02
1.400326301063129719e+01 9.447189404011689662e-02
1.402262647885134861e+01 9.412591432086794829e-02
1.404201672253802613e+01 9.378117739622135463e-02
1.406143377871599398e+01 9.343767882456907592e-02
1.408087768446108434e+01 9.309541418035831295e-02
1.410034847690042525e+01 9.275437905403180472e-02
1.411984619321245304e+01 9.241456905196865357e-02
1.413937087062704556e+01 9.207597979642452579e-02
1.415892254642553993e+01 9.173860692547403106e-02
1.417850125794082317e+01 9.140244609295068712e-02
1.419810704255742628e+01 9.106749296838925756e-02
1.421773993771154920e+01 9.073374323696731247e-02
1.423739998089118686e+01 9.040119259944680297e-02
1.425708720963614695e+01 9.006983677211723160e-02
1.427680166153815122e+01 8.973967148673719918e-02
1.429654337424091715e+01 8.941069249047740863e-02
1.431631238544019524e+01 8.908289554586353021e-02
1.433610873288388277e+01 8.875627643071928863e-02
1.435593245437205567e+01 8.843083093810974460e-02
1.437578358775705922e+01 8.810655487628483995e-02
1.439566217094360212e+01 8.778344406862324811e-02
1.441556824188877606e+01 8.746149435357609969e-02
1.443550183860219072e+01 8.714070158461140192e-02
1.445546299914598976e+01 8.682106163015834710e-02
1.447545176163495384e+01 8.650257037355191247e-02
1.449546816423658235e+01 8.618522371297765439e-02
1.451551224517113070e+01 8.586901756141676612e-02
1.453558404271172755e+01 8.555394784659142715e-02
1.455568359518440857e+01 8.524001051091011083e-02
1.457581094096820173e+01 8.492720151141319729e-02
1.459596611849522851e+01 8.461551681971912764e-02
1.461614916625072347e+01 8.430495242197016958e-02
1.463636012277316745e+01 8.399550431877893242e-02
1.465659902665431069e+01 8.368716852517460447e-02
1.467686591653926698e+01 8.337994107055023141e-02
1.469716083112660954e+01 8.307381799860864835e-02
1.471748380916839416e+01 8.276879536731047982e-02
1.473783488947029241e+01 8.246486924882105718e-02
1.475821411089161117e+01 8.216203572945784961e-02
1.477862151234539390e+01 8.186029090963869992e-02
1.479905713279851298e+01 8.155963090382876979e-02
1.481952101127169463e+01 8.126005184048983032e-02
1.484001318683965209e+01 8.096154986202741544e-02
1.486053369863110696e+01 8.066412112474012630e-02
1.488108258582889043e+01 8.036776179876840842e-02
1.490165988767003213e+01 8.007246806804249606e-02
1.492226564344579209e+01 7.977823613023285465e-02
1.494289989250179040e+01 7.948506219669816686e-02
1.496356267423802500e+01 7.919294249243576111e-02
1.498425402810900309e+01 7.890187325603092994e-02
1.500497399362376783e+01 7.861185073960659520e-02
1.502572261034599421e+01 7.832287120877420850e-02
1.504649991789408858e+01 7.803493094258251439e-02
1.506730595594120992e+01 7.774802623346982466e-02
1.508814076421540662e+01 7.746215338721287869e-02
1.510900438249964139e+01 7.717730872287895116e-02
1.512989685063188361e+01 7.689348857277657212e-02
1.515081820850521943e+01 7.661068928240603870e-02
1.517176849606786426e+01 7.632890721041173110e-02
1.519274775332330130e+01 7.604813872853322110e-02
1.521375602033031171e+01 7.576838022155685248e-02
1.523479333720306528e+01 7.548962808726837614e-02
1.525585974411122869e+01 7.521187873640400312e-02
1.527695528127997804e+01 7.493512860607436099e-02
1.529807998899014621e+01 7.465937420671199531e-02
1.531923390757824421e+01 7.438461207753840898e-02
1.534041707743655536e+01 7.411083876920673830e-02
1.536162953901324357e+01 7.383805084376492134e-02
1.538287133281237118e+01 7.356624487462198880e-02
1.540414249939403923e+01 7.329541744651200952e-02
1.542544307937441239e+01 7.302556515546063109e-02
1.544677311342581838e+01 7.275668460874960830e-02
1.546813264227685103e+01 7.248877242488267758e-02
1.548952170671238626e+01 7.222182523355108463e-02
1.551094034757373485e+01 7.195583967559898708e-02
1.553238860575865488e+01 7.169081240298996738e-02
1.555386652222145649e+01 7.142674007877218567e-02
1.557537413797310677e+01 7.116361937704432372e-02
1.559691149408124922e+01 7.090144698292248637e-02
1.561847863167034589e+01 7.064021959250513238e-02
1.564007559192170227e+01 7.037993391284046163e-02
1.566170241607356850e+01 7.012058666189195655e-02
1.568335914542124243e+01 6.986217456850515872e-02
1.570504582131709270e+01 6.960469437237418178e-02
1.572676248517069908e+01 6.934814282400787733e-02
1.574850917844887199e+01 6.909251668469748586e-02
1.577028594267579287e+01 6.883781272648234473e-02
1.579209281943303722e+01 6.858402773211733083e-02
1.581392985035968124e+01 6.833115849504017847e-02
1.583579707715239948e+01 6.807920181933746484e-02
1.585769454156549507e+01 6.782815451971305198e-02
1.587962228541103649e+01 6.757801342145410006e-02
1.590158035055889130e+01 6.732877536039945376e-02
1.592356877893681677e+01 6.708043718290647439e-02
1.594558761253057710e+01 6.683299574581834379e-02
1.596763689338395764e+01 6.658644791643246463e-02
1.598971666359891408e+01 6.634079057246743127e-02
1.601182696533560090e+01 6.609602060203106921e-02
1.603396784081246196e+01 6.585213490358826638e-02
1.605613933230634771e+01 6.560913038592892932e-02
1.607834148215254544e+01 6.536700396813609204e-02
1.610057433274489824e+01 6.512575257955395547e-02
1.612283792653585834e+01 6.488537315975609343e-02
1.614513230603657590e+01 6.464586265851390845e-02
1.616745751381701623e+01 6.440721803576464344e-02
1.618981359250596341e+01 6.416943626158054526e-02
1.621220058479119075e+01 6.393251431613672375e-02
1.623461853341947858e+01 6.369644918968009328e-02
1.625706748119670308e+01 6.346123788249843911e-02
1.627954747098796773e+01 6.322687740488837360e-02
1.630205854571761037e+01 6.299336477712544347e-02
1.632460074836935959e+01 6.276069702943193329e-02
1.634717412198635955e+01 6.252887120194676462e-02
1.636977870967126591e+01 6.229788434469444441e-02
1.639241455458636310e+01 6.206773351755413837e-02
1.641508169995359268e+01 6.183841579022935492e-02
1.643778018905468841e+01 6.160992824221677572e-02
1.646051006523121174e+01 6.138226796277670982e-02
1.648327137188465841e+01 6.115543205090172990e-02
1.650606415247655789e+01 6.092941761528691130e-02
1.652888845052850542e+01 6.070422177429961319e-02
1.655174430962231824e+01 6.047984165594882944e-02
1.657463177340003568e+01 6.025627439785572609e-02
1.659755088556407898e+01 6.003351714722329063e-02
1.662050168987728327e+01 5.981156706080657109e-02
1.664348423016298639e+01 5.959042130488279715e-02
1.666649855030515681e+01 5.937007705522168166e-02
1.668954469424840781e+01 5.915053149705605529e-02
1.671262270599816091e+01 5.893178182505132146e-02
1.673573262962064945e+01 5.871382524327727059e-02
1.675887450924304645e+01 5.849665896517806940e-02
1.678204838905357121e+01 5.828028021354251381e-02
1.680525431330151065e+01 5.806468622047561423e-02
1.682849232629737202e+01 5.784987422736886237e-02
1.685176247241290426e+01 5.763584148487139319e-02
1.687506479608122234e+01 5.742258525286098730e-02
1.689839934179689962e+01 5.721010280041508717e-02
1.692176615411600338e+01 5.699839140578195212e-02
1.694516527765625469e+01 5.678744835635195221e-02
1.696859675709703197e+01 5.657727094862913253e-02
1.699206063717950599e+01 5.636785648820217404e-02
1.701555696270673579e+01 5.615920228971600647e-02
1.703908577854370066e+01 5.595130567684388628e-02
1.706264712961744934e+01 5.574416398225826713e-02
1.708624106091713912e+01 5.553777454760305127e-02
1.710986761749412466e+01 5.533213472346551476e-02
1.713352684446208940e+01 5.512724186934746251e-02
1.715721878699706338e+01 5.492309335363827066e-02
1.718094349033758306e+01 5.471968655358580569e-02
1.720470099978470557e+01 5.451701885526961944e-02
1.722849136070214016e+01 5.431508765357238172e-02
1.725231461851634762e+01 5.411389035215232596e-02
1.727617081871655813e+01 5.391342436341612504e-02
1.730006000685495238e+01 5.371368710849053207e-02
1.732398222854666869e+01 5.351467601719549910e-02
1.734793752946991674e+01 5.331638852801677542e-02
1.737192595536610185e+01 5.311882208807792993e-02
1.739594755203984278e+01 5.292197415311412911e-02
1.742000236535912805e+01 5.272584218744393730e-02
1.744409044125534081e+01 5.253042366394312934e-02
1.746821182572341158e+01 5.233571606401690030e-02
1.749236656482184316e+01 5.214171687757340051e-02
1.751655470467283138e+01 5.194842360299704864e-02
1.754077629146236816e+01 5.175583374712093565e-02
1.756503137144028059e+01 5.156394482520118561e-02
1.758931999092039078e+01 5.137275436088929725e-02
1.761364219628051941e+01 5.118225988620649092e-02
1.763799803396263499e+01 5.099245894151661906e-02
1.766238755047294262e+01 5.080334907549981238e-02
1.768681079238191955e+01 5.061492784512670873e-02
1.771126780632447861e+01 5.042719281563136369e-02
1.773575863899999305e+01 5.024014156048565993e-02
1.776028333717240670e+01 5.005377166137319617e-02
1.778484194767035476e+01 4.986808070816289851e-02
1.780943451738719929e+01 4.968306629888342985e-02
1.783406109328116429e+01 4.949872603969692614e-02
1.785872172237539957e+01 4.931505754487355841e-02
1.788341645175806605e+01 4.913205843676584500e-02
1.790814532858246366e+01 4.894972634578238085e-02
1.793290840006706688e+01 4.876805891036314206e-02
1.795770571349567035e+01 4.858705377695310412e-02
1.798253731621742801e+01 4.840670859997752568e-02
1.800740325564697386e+01 4.822702104181612187e-02
1.803230357926452143e+01 4.804798877277791785e-02
1.805723833461591354e+01 4.786960947107611608e-02
1.808220756931276796e+01 4.769188082280263752e-02
1.810721133103251290e+01 4.751480052190363429e-02
1.813224966751850786e+01 4.733836627015385046e-02
1.815732262658015372e+01 4.716257577713208610e-02
1.818243025609292829e+01 4.698742676019617565e-02
1.820757260399854616e+01 4.681291694445828544e-02
1.823274971830498359e+01 4.663904406276010023e-02
1.825796164708660996e+01 4.646580585564838439e-02
1.828320843848429078e+01 4.629320007134993947e-02
1.830849014070543035e+01 4.612122446574785234e-02
1.833380680202411739e+01 4.594987680235634170e-02
1.835915847078117125e+01 4.577915485229688136e-02
1.838454519538428400e+01 4.560905639427340758e-02
1.840996702430805954e+01 4.543957921454884474e-02
1.843542400609413434e+01 4.527072110692027807e-02
1.846091618935129119e+01 4.510247987269499353e-02
1.848644362275549113e+01 4.493485332066699672e-02
1.851200635505004399e+01 4.476783926709219236e-02
1.853760443504563327e+01 4.460143553566540270e-02
1.856323791162042980e+01 4.443563995749598428e-02
1.858890683372023034e+01 4.427045037108407605e-02
1.861461125035847175e+01 4.410586462229749288e-02
1.864035121061639444e+01 4.394188056434752271e-02
1.866612676364309564e+01 4.377849605776572284e-02
1.869193795865562535e+01 4.361570897038032774e-02
1.871778484493911421e+01 4.345351717729295515e-02
1.874366747184681614e+01 4.329191856085527756e-02
1.876958588880026468e+01 4.313091101064552707e-02
1.879554014528929429e+01 4.297049242344583297e-02
1.882153029087218954e+01 4.281066070321854627e-02
1.884755637517578108e+01 4.265141376108350091e-02
1.887361844789548471e+01 4.249274951529494193e-02
1.889971655879547541e+01 4.233466589121865492e-02
1.892585075770871228e+01 4.217716082130899824e-02
1.895202109453706285e+01 4.202023224508642102e-02
1.897822761925142387e+01 4.186387810911423174e-02
1.900447038189175331e+01 4.170809636697649092e-02
1.903074943256724794e+01 4.155288497925493235e-02
1.905706482145636116e+01 4.139824191350701538e-02
1.908341659880692731e+01 4.124416514424292246e-02
1.910980481493630023e+01 4.109065265290347269e-02
1.913622952023137103e+01 4.093770242783777158e-02
1.916269076514873504e+01 4.078531246428084012e-02
1.918918860021474160e+01 4.063348076433156292e-02
1.921572307602560059e+01 4.048220533487777162e-02
1.924229424324751747e+01 4.033148406016987680e-02
1.926890215261671102e+01 4.018131462927087422e-02
1.929554685493960520e+01 4.003169472504684856e-02
1.932222840109283624e+01 3.988262204231831504e-02
1.934894684202343029e+01 3.973409428779029612e-02
1.937570222874883186e+01 3.958610917998340445e-02
1.940249461235703876e+01 3.943866444916512004e-02
1.942932404400670876e+01 3.929175783728176136e-02
1.945619057492721282e+01 3.914538709789059517e-02
1.948309425641879145e+01 3.899954999609241135e-02
1.951003513985260440e+01 3.885424430846474986e-02
1.953701327667083376e+01 3.870946782299544697e-02
1.956402871838683666e+01 3.856521833901605661e-02
1.959108151658514885e+01 3.842149366713692310e-02
1.961817172292168721e+01 3.827829162918119227e-02
1.964529938912376394e+01 3.813561005812027283e-02
1.967246456699021806e+01 3.799344679800954749e-02
1.969966730839155034e+01 3.785179970392368864e-02
1.972690766526993400e+01 3.771066664189375722e-02
1.975418568963942079e+01 3.757004548884323308e-02
1.978150143358595159e+01 3.742993413252548168e-02
1.980885494926748791e+01 3.729033047146143587e-02
1.983624628891415043e+01 3.715123241487684747e-02
1.986367550482823674e+01 3.701263788264131521e-02
1.989114264938441323e+01 3.687454480520624411e-02
1.991864777502973283e+01 3.673695112354439379e-02
1.994619093428377354e+01 3.659985478908917012e-02
1.997377217973876995e+01 3.646325376367398619e-02
2.000139156405963448e+01 3.632714601947317767e-02
2.002904913998414571e+01 3.619152953894173158e-02
2.005674496032298393e+01 3.605640231475670809e-02
2.008447907795984477e+01 3.592176234975834326e-02
2.011225154585158492e+01 3.578760765689155410e-02
2.014006241702825051e+01 3.565393625914802661e-02
2.016791174459325475e+01 3.552074618950836621e-02
2.019579958172340994e+01 3.538803549088512940e-02
2.022372598166906599e+01 3.525580221606546688e-02
2.025169099775422765e+01 3.512404442765470342e-02
2.027969468337660430e+01 3.499276019802007032e-02
2.030773709200777688e+01 3.486194760923456287e-02
2.033581827719323698e+01 3.473160475302178307e-02
2.036393829255251831e+01 3.460172973070024804e-02
2.039209719177933167e+01 3.447232065312861443e-02
2.042029502864158985e+01 3.434337564065138154e-02
2.044853185698159592e+01 3.421489282304406021e-02
2.047680773071607163e+01 3.408687033946001393e-02
2.050512270383632085e+01 3.395930633837609958e-02
2.053347683040828642e+01 3.383219897754007055e-02
2.056187016457267092e+01 3.370554642391724448e-02
2.059030276054507169e+01 3.357934685363791333e-02
2.061877467261600927e+01 3.345359845194537801e-02
2.064728595515111920e+01 3.332829941314348343e-02
2.067583666259119113e+01 3.320344794054535392e-02
2.070442684945227896e+01 3.307904224642196217e-02
2.073305657032586069e+01 3.295508055195098263e-02
2.076172587987886331e+01 3.283156108716615146e-02
2.079043483285384042e+01 3.270848209090668895e-02
2.081918348406901487e+01 3.258584181076759623e-02
2.084797188841841376e+01 3.246363850304945231e-02
2.087680010087199989e+01 3.234187043270889128e-02
2.090566817647570375e+01 3.222053587330978713e-02
2.093457617035161533e+01 3.209963310697398764e-02
2.096352413769801615e+01 3.197916042433276984e-02
2.099251213378951775e+01 3.185911612447858698e-02
2.102154021397718964e+01 3.173949851491700974e-02
2.105060843368860191e+01 3.162030591151902825e-02
2.107971684842801352e+01 3.150153663847338192e-02
2.110886551377639009e+01 3.138318902823975659e-02
2.113805448539156728e+01 3.126526142150160698e-02
2.116728381900837164e+01 3.114775216711968692e-02
2.119655357043865251e+01 3.103065962208564899e-02
2.122586379557148106e+01 3.091398215147594594e-02
2.125521455037317509e+01 3.079771812840637404e-02
2.128460589088744825e+01 3.068186593398621043e-02
2.131403787323553445e+01 3.056642395727314845e-02
2.134351055361623395e+01 3.045139059522838920e-02
2.137302398830609818e+01 3.033676425267184742e-02
2.140257823365946876e+01 3.022254334223782243e-02
2.143217334610860547e+01 3.010872628433089795e-02
2.146180938216383893e+01 2.999531150708183158e-02
2.149148639841359909e+01 2.988229744630421791e-02
2.152120445152460704e+01 2.976968254545090536e-02
2.155096359824189634e+01 2.965746525557107910e-02
2.158076389538901196e+01 2.954564403526713581e-02
2.161060539986804230e+01 2.943421735065249178e-02
2.164048816865975766e+01 2.932318367530887399e-02
2.167041225882374889e+01 2.921254149024441610e-02
2.170037772749847349e+01 2.910228928385186209e-02
2.173038463190143332e+01 2.899242555186671427e-02
2.176043302932922430e+01 2.888294879732633894e-02
2.179052297715766429e+01 2.877385753052845788e-02
2.182065453284194589e+01 2.866515026899048996e-02
2.185082775391666843e+01 2.855682553740894122e-02
2.188104269799602619e+01 2.844888186761898238e-02
2.191129942277385467e+01 2.834131779855430730e-02
2.194159798602376554e+01 2.823413187620744252e-02
2.197193844559929232e+01 2.812732265358968212e-02
2.200232085943391880e+01 2.802088869069218474e-02
2.203274528554128864e+01 2.791482855444630401e-02
2.206321178201523026e+01 2.780914081868494231e-02
2.209372040702989892e+01 2.770382406410380055e-02
2.212427121883993308e+01 2.759887687822266261e-02
2.215486427578047923e+01 2.749429785534738754e-02
2.218549963626738020e+01 2.739008559653170055e-02
2.221617735879724265e+01 2.728623870953942113e-02
2.224689750194754723e+01 2.718275580880701037e-02
2.227766012437680843e+01 2.707963551540583727e-02
2.230846528482461366e+01 2.697687645700538525e-02
2.233931304211181512e+01 2.687447726783613600e-02
2.237020345514057240e+01 2.677243658865285578e-02
2.240113658289448750e+01 2.667075306669824258e-02
2.243211248443876116e+01 2.656942535566631999e-02
2.246313121892022835e+01 2.646845211566670880e-02
2.249419284556754306e+01 2.636783201318849620e-02
2.252529742369123866e+01 2.626756372106479540e-02
2.255644501268385937e+01 2.616764591843718374e-02
2.258763567202010236e+01 2.606807729072031093e-02
2.261886946125687103e+01 2.596885652956725313e-02
2.265014644003346334e+01 2.586998233283424597e-02
2.268146666807159662e+01 2.577145340454650366e-02
2.271283020517562079e+01 2.567326845486335093e-02
2.274423711123254677e+01 2.557542620004429196e-02
2.277568744621219921e+01 2.547792536241504438e-02
2.280718127016735153e+01 2.538076467033337225e-02
2.283871864323378631e+01 2.528394285815579318e-02
2.287029962563047647e+01 2.518745866620399759e-02
2.290192427765962790e+01 2.509131084073171203e-02
2.293359265970684646e+01 2.499549813389154856e-02
2.296530483224125163e+01 2.490001930370210406e-02
2.299706085581555115e+01 2.480487311401554859e-02
2.302886079106622219e+01 2.471005833448489120e-02
2.306070469871355044e+01 2.461557374053187364e-02
2.309259263956178998e+01 2.452141811331487453e-02
2.312452467449930893e+01 2.442759023969675800e-02
2.315650086449862144e+01 2.433408891221358963e-02
2.318852127061660440e+01 2.424091292904262049e-02
2.322058595399451875e+01 2.414806109397133263e-02
2.325269497585818002e+01 2.405553221636604413e-02
2.328484839751810043e+01 2.396332511114088182e-02
2.331704628036951732e+01 2.387143859872727092e-02
2.334928868589261697e+01 2.377987150504283151e-02
2.338157567565256301e+01 2.368862266146139900e-02
2.341390731129964919e+01 2.359769090478244097e-02
2.344628365456945573e+01 2.350707507720095624e-02
2.347870476728287770e+01 2.341677402627779375e-02
2.351117071134634884e+01 2.332678660490948921e-02
2.354368154875187003e+01 2.323711167129915642e-02
2.357623734157715489e+01 2.314774808892667776e-02
2.360883815198580393e+01 2.305869472651955743e-02
2.364148404222731870e+01 2.296995045802406252e-02
2.367417507463733273e+01 2.288151416257592011e-02
2.370691131163763998e+01 2.279338472447198227e-02
2.373969281573634760e+01 2.270556103314133600e-02
2.377251964952803576e+01 2.261804198311704109e-02
2.380539187569378967e+01 2.253082647400783678e-02
2.383830955700141985e+01 2.244391341047000457e-02
2.387127275630547629e+01 2.235730170217961957e-02
2.390428153654747945e+01 2.227099026380446531e-02
2.393733596075594150e+01 2.218497801497682290e-02
2.397043609204653691e+01 2.209926388026568073e-02
2.400358199362224099e+01 2.201384678914959300e-02
2.403677372877339025e+01 2.192872567598956948e-02
2.407001136087787074e+01 2.184389948000196174e-02
2.410329495340118555e+01 2.175936714523182477e-02
2.413662456989658267e+01 2.167512762052610162e-02
2.417000027400523621e+01 2.159117985950711333e-02
2.420342212945627480e+01 2.150752284663331321e-02
2.423689020006698769e+01 2.142415584599439635e-02
2.427040454974288508e+01 2.134107828674592158e-02
2.430396524247784029e+01 2.125828959777618238e-02
2.433757234235425315e+01 2.117578920545427901e-02
2.437122591354308199e+01 2.109357653366690510e-02
2.440492602030407809e+01 2.101165100385494339e-02
2.443867272698580706e+01 2.093001203505023486e-02
2.447246609802581219e+01 2.084865904391149105e-02
2.450630619795078147e+01 2.076759144476042832e-02
2.454019309137657956e+01 2.068680864961786048e-02
2.457412684300847161e+01 2.060631006823900394e-02
2.460810751764115167e+01 2.052609510814923377e-02
2.464213518015891680e+01 2.044616317467919803e-02
2.467620989553581978e+01 2.036651367099975504e-02
2.471033172883571538e+01 2.028714599815707037e-02
2.474450074521246989e+01 2.020805955510698512e-02
2.477871700991000381e+01 2.012925373874972779e-02
2.481298058826246233e+01 2.005072794396405705e-02
2.484729154569436815e+01 1.997248156364110627e-02
2.488164994772066407e+01 1.989451398871851934e-02
2.491605585994693328e+01 1.981682460821390310e-02
2.495050934806943843e+01 1.973941280925829711e-02
2.498501047787528861e+01 1.966227797712952544e-02
2.501955931524259924e+01 1.958541949528497597e-02
2.505415592614053111e+01 1.950883674539466428e-02
2.508880037662951423e+01 1.943252910737373884e-02
2.512349273286127627e+01 1.935649595941503834e-02
2.515823306107907342e+01 1.928073667802108690e-02
2.519302142761771535e+01 1.920525063803642934e-02
2.522785789890374275e+01 1.913003721267921703e-02
2.526274254145559084e+01 1.905509577357291859e-02
2.529767542188362128e+01 1.898042569077777741e-02
2.533265660689035315e+01 1.890602633282199158e-02
2.536768616327050552e+01 1.883189706673277231e-02
2.540276415791115383e+01 1.875803725806726718e-02
2.543789065779191105e+01 1.868444627094294555e-02
2.547306572998495611e+01 1.861112346806827189e-02
2.550828944165525414e+01 1.853806821077288655e-02
2.554356186006061691e+01 1.846527985903756441e-02
2.557888305255186268e+01 1.839275777152420480e-02
2.561425308657296540e+01 1.832050130560523848e-02
2.564967202966112225e+01 1.824850981739334008e-02
2.568513994944695966e+01 1.817678266177054011e-02
2.572065691365459372e+01 1.810531919241725740e-02
2.575622299010178295e+01 1.803411876184130708e-02
2.579183824670010239e+01 1.796318072140630842e-02
2.582750275145498264e+01 1.789250442136049515e-02
2.586321657246594441e+01 1.782208921086463754e-02
2.589897977792663042e+01 1.775193443802033574e-02
2.593479243612498664e+01 1.768203944989800089e-02
2.597065461544342924e+01 1.761240359256416310e-02
2.600656638435886592e+01 1.754302621110945259e-02
2.604252781144295881e+01 1.747390664967548093e-02
2.607853896536214222e+01 1.740504425148227050e-02
2.611459991487780741e+01 1.733643835885503512e-02
2.615071072884646597e+01 1.726808831325081506e-02
2.618687147621978539e+01 1.719999345528532356e-02
2.622308222604483419e+01 1.713215312475891219e-02
2.625934304746412096e+01 1.706456666068303582e-02
2.629565400971576139e+01 1.699723340130612076e-02
2.633201518213364878e+01 1.693015268413923871e-02
2.636842663414750021e+01 1.686332384598190556e-02
2.640488843528309459e+01 1.679674622294725916e-02
2.644140065516230820e+01 1.673041915048744180e-02
2.647796336350328517e+01 1.666434196341862878e-02
2.651457663012061516e+01 1.659851399594575519e-02
2.655124052492538311e+01 1.653293458168724611e-02
2.658795511792538591e+01 1.646760305369944152e-02
2.662472047922517859e+01 1.640251874450096223e-02
2.666153667902631241e+01 1.633768098609673924e-02
2.669840378762736677e+01 1.627308911000192176e-02
2.673532187542412686e+01 1.620874244726575042e-02
2.677229101290976843e+01 1.614464032849478176e-02
2.680931127067488262e+01 1.608078208387671987e-02
2.684638271940772825e+01 1.601716704320310311e-02
2.688350542989427083e+01 1.595379453589269858e-02
2.692067947301836028e+01 1.589066389101415067e-02
2.695790491976189429e+01 1.582777443730856021e-02
2.699518184120487874e+01 1.576512550321217468e-02
2.703251030852566217e+01 1.570271641687834632e-02
2.706989039300097133e+01 1.564054650619995865e-02
2.710732216600609235e+01 1.557861509883116426e-02
2.714480569901505191e+01 1.551692152220909490e-02
2.718234106360065638e+01 1.545546510357564615e-02
2.721992833143473334e+01 1.539424516999858897e-02
2.725756757428817778e+01 1.533326104839304906e-02
2.729525886403112622e+01 1.527251206554242416e-02
2.733300227263314142e+01 1.521199754811914870e-02
2.737079787216324434e+01 1.515171682270567352e-02
2.740864573479016997e+01 1.509166921581465287e-02
2.744654593278240284e+01 1.503185405390960148e-02
2.748449853850836178e+01 1.497227066342483696e-02
2.752250362443657750e+01 1.491291837078560084e-02
2.756056126313573174e+01 1.485379650242788993e-02
2.759867152727490947e+01 1.479490438481803269e-02
2.763683448962363443e+01 1.473624134447234016e-02
2.767505022305206097e+01 1.467780670797628681e-02
2.771331880053114816e+01 1.461959980200372954e-02
2.775164029513270236e+01 1.456161995333592196e-02
2.779001478002962244e+01 1.450386648888024425e-02
2.782844232849595656e+01 1.444633873568899711e-02
2.786692301390706916e+01 1.438903602097777942e-02
2.790545690973982929e+01 1.433195767214387462e-02
2.794404408957265318e+01 1.427510301678440625e-02
2.798268462708575655e+01 1.421847138271423519e-02
2.802137859606118298e+01 1.416206209798401283e-02
2.806012607038305262e+01 1.410587449089766195e-02
2.809892712403761905e+01 1.404990789002994594e-02
2.813778183111342912e+01 1.399416162424386642e-02
2.817669026580153613e+01 1.393863502270772763e-02
2.821565250239551048e+01 1.388332741491239870e-02
2.825466861529172391e+01 1.382823813068787856e-02
2.829373867898937078e+01 1.377336650022031005e-02
2.833286276809066706e+01 1.371871185406833143e-02
2.837204095730103148e+01 1.366427352317955111e-02
2.841127332142912110e+01 1.361005083890681408e-02
2.845055993538709771e+01 1.355604313302419782e-02
2.848990087419066697e+01 1.350224973774310014e-02
2.852929621295926310e+01 1.344866998572784821e-02
2.856874602691624432e+01 1.339530321011145157e-02
2.860825039138891768e+01 1.334214874451103254e-02
2.864780938180881975e+01 1.328920592304307091e-02
2.868742307371174149e+01 1.323647408033874762e-02
2.872709154273793075e+01 1.318395255155885293e-02
2.876681486463226278e+01 1.313164067240859927e-02
2.880659311524430066e+01 1.307953777915246349e-02
2.884642637052855108e+01 1.302764320862871000e-02
2.888631470654449984e+01 1.297595629826379590e-02
2.892625819945681087e+01 1.292447638608669805e-02
2.896625692553550735e+01 1.287320281074297301e-02
2.900631096115602148e+01 1.282213491150886731e-02
2.904642038279945027e+01 1.277127202830497313e-02
2.908658526705261238e+01 1.272061350171009401e-02
2.912680569060822222e+01 1.267015867297476873e-02
2.916708173026508533e+01 1.261990688403456448e-02
2.920741346292815521e+01 1.256985747752350883e-02
2.924780096560877496e+01 1.252000979678711233e-02
2.928824431542474116e+01 1.247036318589539450e-02
2.932874358960048511e+01 1.242091698965575725e-02
2.936929886546726820e+01 1.237167055362559109e-02
2.940991022046322101e+01 1.232262322412498029e-02
2.945057773213362040e+01 1.227377434824905578e-02
2.949130147813090375e+01 1.222512327388035336e-02
2.953208153621494958e+01 1.217666934970085268e-02
2.957291798425312024e+01 1.212841192520412205e-02
2.961381090022044305e+01 1.208035035070722726e-02
2.965476036219981637e+01 1.203248397736233349e-02
2.969576644838205226e+01 1.198481215716851525e-02
2.973682923706614289e+01 1.193733424298308241e-02
2.977794880665930677e+01 1.189004958853307273e-02
2.981912523567718054e+01 1.184295754842640096e-02
2.986035860274401088e+01 1.179605747816299226e-02
2.990164898659271842e+01 1.174934873414573006e-02
2.994299646606513932e+01 1.170283067369130153e-02
2.998440112011209990e+01 1.165650265504092516e-02
3.002586302779358363e+01 1.161036403737093076e-02
3.006738226827895488e+01 1.156441418080314705e-02
3.010895892084698389e+01 1.151865244641540192e-02
3.015059306488612734e+01 1.147307819625150056e-02
3.019228477989457815e+01 1.142769079333152450e-02
3.023403414548045376e+01 1.138248960166166404e-02
3.027584124136199861e+01 1.133747398624401770e-02
3.031770614736762681e+01 1.129264331308648707e-02
3.035962894343620988e+01 1.124799694921214607e-02
3.040160970961709808e+01 1.120353426266887560e-02
3.044364852607033356e+01 1.115925462249581744e-02
3.048574547306686355e+01 1.111515715555984503e-02
3.052790063098855100e+01 1.107124018196927601e-02
3.057011408032848010e+01 1.102750187040470869e-02
3.061238590169100249e+01 1.098394040975000062e-02
3.065471617579190777e+01 1.094055400890620380e-02
3.069710498345866156e+01 1.089734089660798592e-02
3.073955240563043034e+01 1.085429932124279927e-02
3.078205852335835857e+01 1.081142755067208278e-02
3.082462341780562198e+01 1.076872387205528477e-02
3.086724717024763365e+01 1.072618659167587710e-02
3.090992986207222870e+01 1.068381403476994715e-02
3.095267157477973541e+01 1.064160454535698595e-02
3.099547238998322740e+01 1.059955648607282738e-02
3.103833238940857697e+01 1.055766823800508188e-02
3.108125165489472863e+01 1.051593820053034478e-02
3.112423026839374174e+01 1.047436479115398077e-02
3.116726831197100367e+01 1.043294644535169499e-02
3.121036586780541455e+01 1.039168161641327269e-02
3.125352301818946543e+01 1.035056877528852358e-02
3.129673984552948696e+01 1.030960641043491069e-02
3.134001643234571688e+01 1.026879302766753668e-02
3.138335286127250967e+01 1.022812715001074693e-02
3.142674921505851771e+01 1.018760731755184376e-02
3.147020557656676942e+01 1.014723208729663428e-02
3.151372202877492157e+01 1.010700003302673552e-02
3.155729865477533380e+01 1.006690974515894212e-02
3.160093553777526409e+01 1.002695983060609454e-02
3.164463276109707479e+01 9.987148912639845152e-03
3.168839040817827879e+01 9.947475630755290774e-03
3.173220856257182731e+01 9.907938640536987848e-03
3.177608730794616676e+01 9.868536613526983359e-03
3.182002672808543409e+01 9.829268237094242189e-03
3.186402690688966644e+01 9.790132214305831762e-03
3.190808792837485441e+01 9.751127263799636707e-03
3.195220987667323342e+01 9.712252119658605284e-03
3.199639283603332274e+01 9.673505531286728798e-03
3.204063689082013866e+01 9.634886263286223176e-03
3.208494212551541125e+01 9.596393095336408843e-03
3.212930862471760918e+01 9.558024822074054697e-03
3.217373647314227014e+01 9.519780252974986701e-03
3.221822575562200086e+01 9.481658212237354874e-03
3.226277655710673997e+01 9.443657538666007031e-03
3.230738896266392146e+01 9.405777085558415102e-03
3.235206305747854572e+01 9.368015720591897286e-03
3.239679892685349216e+01 9.330372325712045847e-03
3.244159665620951927e+01 9.292845797022657173e-03
3.248645633108551323e+01 9.255435044676687054e-03
3.253137803713870113e+01 9.218138992768538237e-03
3.257636186014467938e+01 9.180956579227649017e-03
3.262140788599771923e+01 9.143886755713145215e-03
3.266651620071080231e+01 9.106928487509796666e-03
3.271168689041591193e+01 9.070080753424891382e-03
3.275692004136408286e+01 9.033342545686592895e-03
3.280221573992562156e+01 8.996712869843078234e-03
3.284757407259030515e+01 8.960190744662878057e-03
3.289299512596745245e+01 8.923775202036382526e-03
3.293847898678620822e+01 8.887465286878174636e-03
3.298402574189558578e+01 8.851260057030673270e-03
3.302963547826470858e+01 8.815158583168438908e-03
3.307530828298298786e+01 8.779159948703752631e-03
3.312104424326020080e+01 8.743263249693050340e-03
3.316684344642681026e+01 8.707467594744146278e-03
3.321270597993394347e+01 8.671772104924738503e-03
3.325863193135368334e+01 8.636175913671481630e-03
3.330462138837925323e+01 8.600678166700065699e-03
3.335067443882505955e+01 8.565278021916214457e-03
3.339679117062700442e+01 8.529974649327486808e-03
3.344297167184255670e+01 8.494767230955867568e-03
3.348921603065092256e+01 8.459654960751270686e-03
3.353552433535330835e+01 8.424637044505719000e-03
3.358189667437294190e+01 8.389712699768413912e-03
3.362833313625540654e+01 8.354881155761479869e-03
3.367483380966865525e+01 8.320141653296499878e-03
3.372139878340325936e+01 8.285493444691809095e-03
3.376802814637261463e+01 8.250935793690324441e-03
3.381472198761300518e+01 8.216467975378375158e-03
3.386148039628388773e+01 8.182089276104845613e-03
3.390830346166797682e+01 8.147798993401317302e-03
3.395519127317141539e+01 8.113596435902651477e-03
3.400214392032405897e+01 8.079480923268194531e-03
3.404916149277947568e+01 8.045451786103770958e-03
3.409624408031526599e+01 8.011508365884030189e-03
3.414339177283315507e+01 7.977650014875617424e-03
3.419060466035914203e+01 7.943876096060793757e-03
3.423788283304379121e+01 7.910185983061507331e-03
3.428522638116224641e+01 7.876579060064283280e-03
3.433263539511455775e+01 7.843054721745325308e-03
3.438010996542570297e+01 7.809612373196372741e-03
3.442765018274590716e+01 7.776251429850923602e-03
3.447525613785069254e+01 7.742971317410958162e-03
3.452292792164111290e+01 7.709771471774214124e-03
3.457066562514395258e+01 7.676651338961754112e-03
3.461846933951181171e+01 7.643610375046160262e-03
3.466633915602340466e+01 7.610648046080052340e-03
3.471427516608359554e+01 7.577763828025022193e-03
3.476227746122366824e+01 7.544957206681060860e-03
3.481034613310149695e+01 7.512227677616199924e-03
3.485848127350165271e+01 7.479574746096782564e-03
3.490668297433568057e+01 7.446997927017861250e-03
3.495495132764217772e+01 7.414496744834094162e-03
3.500328642558700665e+01 7.382070733490990293e-03
3.505168836046351544e+01 7.349719436356341902e-03
3.510015722469261590e+01 7.317442406152209478e-03
3.514869311082309622e+01 7.285239204886955269e-03
3.519729611153164939e+01 7.253109403787790302e-03
3.524596631962312898e+01 7.221052583233527819e-03
3.529470382803076234e+01 7.189068332687568313e-03
3.534350872981622871e+01 7.157156250631202879e-03
3.539238111816995769e+01 7.125315944497150750e-03
3.544132108641116474e+01 7.093547030603419498e-03
3.549032872798814253e+01 7.061849134087237224e-03
3.553940413647841723e+01 7.030221888839368119e-03
3.558854740558887642e+01 6.998664937438570273e-03
3.563775862915603909e+01 6.967177931086219154e-03
3.568703790114611962e+01 6.935760529541263285e-03
3.573638531565527643e+01 6.904412401055218945e-03
3.578580096690983225e+01 6.873133222307409480e-03
3.583528494926633812e+01 6.841922678340379808e-03
3.588483735721188594e+01 6.810780462495426291e-03
3.593445828536416542e+01 6.779706276348369462e-03
3.598414782847171978e+01 6.748699829645346711e-03
3.603390608141413765e+01 6.717760840238823535e-03
3.608373313920215963e+01 6.686889034023714082e-03
3.613362909697794834e+01 6.656084144873564146e-03
3.618359405001519491e+01 6.625345914576972681e-03
3.623362809371933224e+01 6.594674092773980360e-03
3.628373132362776232e+01 6.564068436892557881e-03
3.633390383540993440e+01 6.533528712085352741e-03
3.638414572486764342e+01 6.503054691166283360e-03
3.643445708793509397e+01 6.472646154547355250e-03
3.648483802067922710e+01 6.442302890175483250e-03
3.653528861929976301e+01 6.412024693469409176e-03
3.658580898012944260e+01 6.381811367256657631e-03
3.663639919963426195e+01 6.351662721710499629e-03
3.668705937441355758e+01 6.321578574286997737e-03
3.673778960120029069e+01 6.291558749662092866e-03
3.678858997686113952e+01 6.261603079668681508e-03
3.683946059839673381e+01 6.231711403233716404e-03
3.689040156294187511e+01 6.201883566315378321e-03
3.694141296776562200e+01 6.172119421840159374e-03
3.699249491027159564e+01 6.142418829640058225e-03
3.704364748799805795e+01 6.112781656389700696e-03
3.709487079861814607e+01 6.083207775543455174e-03
3.714616493994011392e+01 6.053697067272595725e-03
3.719753000990737490e+01 6.024249418402388874e-03
3.724896610659886420e+01 5.994864722349157841e-03
3.730047332822908857e+01 5.965542879057420499e-03
3.735205177314835367e+01 5.936283794936839109e-03
3.740370153984301282e+01 5.907087382799263743e-03
3.745542272693553798e+01 5.877953561795672480e-03
3.750721543318486084e+01 5.848882257353122879e-03
3.755907975748639416e+01 5.819873401111588102e-03
3.761101579887232305e+01 5.790926930860798225e-03
3.766302365651181816e+01 5.762042790477026055e-03
3.771510342971110674e+01 5.733220929859767119e-03
3.776725521791380658e+01 5.704461304868441336e-03
3.781947912070099704e+01 5.675763877258947245e-03
3.787177523779143939e+01 5.647128614620240510e-03
3.792414366904186807e+01 5.618555490310719013e-03
3.797658451444699779e+01 5.590044483394690338e-03
3.802909787413990017e+01 5.561595578578667522e-03
3.808168384839204634e+01 5.533208766147593681e-03
3.813434253761356985e+01 5.504884041901049289e-03
3.818707404235350822e+01 5.476621407089271240e-03
3.823987846329983853e+01 5.448420868349268184e-03
3.829275590127986817e+01 5.420282437640626221e-03
3.834570645726024196e+01 5.392206155122370760e-03
3.839873023234729743e+01 5.364192830597607452e-03
3.845182732778711454e+01 5.336244185953255802e-03
3.850499784496578570e+01 5.308361967798233202e-03
3.855824188540965025e+01 5.280547891169863617e-03
3.861155955078536550e+01 5.252803639691517104e-03
3.866495094290023360e+01 5.225130865735729338e-03
3.871841616370228678e+01 5.197531190592488866e-03
3.877195531528054318e+01 5.170006204642830887e-03
3.882556849986521286e+01 5.142557467537156417e-03
3.887925581982781864e+01 5.115186508378645469e-03
3.893301737768150872e+01 5.087894825911195261e-03
3.898685327608112061e+01 5.060683888711899926e-03
3.904076361782345828e+01 5.033555135388022295e-03
3.909474850584750527e+01 5.006509974778037934e-03
3.914880804323453134e+01 4.979549786156992584e-03
3.920294233320841215e+01 4.952675919445663835e-03
3.925715147913570746e+01 4.925889695423610326e-03
3.931143558452590270e+01 4.899192405945951463e-03
3.936579475303167186e+01 4.872585314163531585e-03
3.942022908844895568e+01 4.846069654746719239e-03
3.947473869471728136e+01 4.819646634112367128e-03
3.952932367591985496e+01 4.793317430653880676e-03
3.958398413628379586e+01 4.767083194974455068e-03
3.963872018018042809e+01 4.740945050122976831e-03
3.969353191212528742e+01 4.714904091832991528e-03
3.974841943677854061e+01 4.688961388763973441e-03
3.980338285894500672e+01 4.663117982745399424e-03
3.985842228357441286e+01 4.637374889023070101e-03
3.991353781576169268e+01 4.611733096507651501e-03
3.996872956074700767e+01 4.586193568025549901e-03
4.002399762391612370e+01 4.560757240571640218e-03
4.007934211080048215e+01 4.535425025564043117e-03
4.013476312707744142e+01 4.510197809100669787e-03
4.019026077857055412e+01 4.485076452217361814e-03
4.024583517124963095e+01 4.460061791147875050e-03
4.030148641123107467e+01 4.435154637585015346e-03
4.035721460477795830e+01 4.410355778943443952e-03
4.041301985830038035e+01 4.385665978623513352e-03
4.046890227835550036e+01 4.361085976276470044e-03
4.052486197164785153e+01 4.336616488070568071e-03
4.058089904502954681e+01 4.312258206958212089e-03
4.063701360550039254e+01 4.288011802943989502e-03
4.069320576020822955e+01 4.263877923353458915e-03
4.074947561644898997e+01 4.239857193102564842e-03
4.080582328166698858e+01 4.215950214967763635e-03
4.086224886345515017e+01 4.192157569856472948e-03
4.091875246955512324e+01 4.168479817078163049e-03
4.097533420785760683e+01 4.144917494615501900e-03
4.103199418640242868e+01 4.121471119395979897e-03
4.108873251337880816e+01 4.098141187563563229e-03
4.114554929712563336e+01 4.074928174750433972e-03
4.120244464613152502e+01 4.051832536348757945e-03
4.125941866903519184e+01 4.028854707782338930e-03
4.131647147462551573e+01 4.005995104778199180e-03
4.137360317184178626e+01 3.983254123637798225e-03
4.143081386977402758e+01 3.960632141508026172e-03
4.148810367766301255e+01 3.938129516651896027e-03
4.154547270490063937e+01 3.915746588718582027e-03
4.160292106103003817e+01 3.893483679013232893e-03
4.166044885574579126e+01 3.871341090765955447e-03
4.171805619889423156e+01 3.849319109400332027e-03
4.177574320047350653e+01 3.827418002801155541e-03
4.183350997063394772e+01 3.805638021581416418e-03
4.189135661967814883e+01 3.783979399348549703e-03
4.194928325806120029e+01 3.762442352969659100e-03
4.200728999639102312e+01 3.741027082835970789e-03
4.206537694542838324e+01 3.719733773126193514e-03
4.212354421608729638e+01 3.698562592068892034e-03
4.218179191943507078e+01 3.677513692203796328e-03
4.224012016669261271e+01 3.656587210641908635e-03
4.229852906923468225e+01 3.635783269324498104e-03
4.235701873858995015e+01 3.615101975280831693e-03
4.241558928644141702e+01 3.594543420884630490e-03
4.247424082462639916e+01 3.574107684109278319e-03
4.253297346513697619e+01 3.553794828781526357e-03
4.259178732012000523e+01 3.533604904834035908e-03
4.265068250187741938e+01 3.513537948556219419e-03
4.270965912286651189e+01 3.493593982843833361e-03
4.276871729569999303e+01 3.473773017446943941e-03
4.282785713314637377e+01 3.454075049216360181e-03
4.288707874813003684e+01 3.434500062348610269e-03
4.294638225373151386e+01 3.415048028629125067e-03
4.300576776318776950e+01 3.395718907673949283e-03
4.306523538989226552e+01 3.376512647169718339e-03
4.312478524739534436e+01 3.357429183111925244e-03
4.318441744940430027e+01 3.338468440041561167e-03
4.324413210978365640e+01 3.319630331279939308e-03
4.330392934255545612e+01 3.300914759161708168e-03
4.336380926189932694e+01 3.282321615266255415e-03
4.342377198215285716e+01 3.263850780647076059e-03
4.348381761781169530e+01 3.245502126059525167e-03
4.354394628352977747e+01 3.227275512186584747e-03
4.360415809411968269e+01 3.209170789862768412e-03
4.366445316455263992e+01 3.191187800296256625e-03
4.372483160995896156e+01 3.173326375288999281e-03
4.378529354562807896e+01 3.155586337455021113e-03
4.384583908700885502e+01 3.137967500436726533e-03
4.390646834970985424e+01 3.120469669119277194e-03
4.396718144949942086e+01 3.103092639843050074e-03
4.402797850230606258e+01 3.085836200614153983e-03
4.408885962421852156e+01 3.068700131312888674e-03
4.414982493148608000e+01 3.051684203900354754e-03
4.421087454051881593e+01 3.034788182622941144e-03
4.427200856788770267e+01 3.018011824214969843e-03
4.433322713032499962e+01 3.001354878099189195e-03
4.439453034472428783e+01 2.984817086585431385e-03
4.445591832814081101e+01 2.968398185067146634e-03
4.451739119779173137e+01 2.952097902215932487e-03
4.457894907105622195e+01 2.935915960174173989e-03
4.464059206547582903e+01 2.919852074745503748e-03
4.470232029875457158e+01 2.903905955583407136e-03
4.476413388875928945e+01 2.888077306377712442e-03
4.482603295351977124e+01 2.872365825039125548e-03
4.488801761122898881e+01 2.856771203881759268e-03
4.495008798024343122e+01 2.841293129803598369e-03
4.501224417908314734e+01 2.825931284465067229e-03
4.507448632643217223e+01 2.810685344465497625e-03
4.513681454113858393e+01 2.795554981517674436e-03
4.519922894221480192e+01 2.780539862620398130e-03
4.526172964883789263e+01 2.765639650228966882e-03
4.532431678034960498e+01 2.750854002423861952e-03
4.538699045625682515e+01 2.736182573077280272e-03
4.544975079623160497e+01 2.721625012017849041e-03
4.551259792011148875e+01 2.707180965193341487e-03
4.557553194789979756e+01 2.692850074831397260e-03
4.563855299976569313e+01 2.678631979598448259e-03
4.570166119604459709e+01 2.664526314756569727e-03
4.576485665723827623e+01 2.650532712318533300e-03
4.582813950401509118e+01 2.636650801200947965e-03
4.589150985721037301e+01 2.622880207375429071e-03
4.595496783782640904e+01 2.609220554018032608e-03
4.601851356703292595e+01 2.595671461656697161e-03
4.608214716616712536e+01 2.582232548316926429e-03
4.614586875673398225e+01 2.568903429665625980e-03
4.620967846040657179e+01 2.555683719153049177e-03
4.627357639902610487e+01 2.542573028153062575e-03
4.633756269460238286e+01 2.529570966101495760e-03
4.640163746931384736e+01 2.516677140632809367e-03
4.646580084550787859e+01 2.503891157714983277e-03
4.653005294570110806e+01 2.491212621782589419e-03
4.659439389257948960e+01 2.478641135868284683e-03
4.665882380899871862e+01 2.466176301732432921e-03
4.672334281798431022e+01 2.453817719991183057e-03
4.678795104273189054e+01 2.441564990242756517e-03
4.685264860660749520e+01 2.429417711192155636e-03
4.691743563314767584e+01 2.417375480774198917e-03
4.698231224605989809e+01 2.405437896274943439e-03
4.704727856922261253e+01 2.393604554451538632e-03
4.711233472668556033e+01 2.381875051650430772e-03
4.717748084267010000e+01 2.370248983924080812e-03
4.724271704156925722e+01 2.358725947146105787e-03
4.730804344794816529e+01 2.347305537124873276e-03
4.737346018654411495e+01 2.335987349715682934e-03
4.743896738226697352e+01 2.324770980931346875e-03
4.750456516019924180e+01 2.313656027051413065e-03
4.757025364559640934e+01 2.302642084729904226e-03
4.763603296388722441e+01 2.291728751101617355e-03
4.770190324067377929e+01 2.280915623887105718e-03
4.776786460173194371e+01 2.270202301496186334e-03
4.783391717301144297e+01 2.259588383130182836e-03
4.790006108063616352e+01 2.249073468882775359e-03
4.796629645090445138e+01 2.238657159839570199e-03
4.803262341028921867e+01 2.228339058176406155e-03
4.809904208543834159e+01 2.218118767256327308e-03
4.816555260317475273e+01 2.207995891725409582e-03
4.823215509049676797e+01 2.197970037607287989e-03
4.829884967457837774e+01 2.188040539805092589e-03
4.836563648276932526e+01 2.178204685893787070e-03
4.843251564259554698e+01 2.168458871099157061e-03
4.849948728175925794e+01 2.158799544784363329e-03
4.856655152813925014e+01 2.149223214129837144e-03
4.863370850979121229e+01 2.139726442964342504e-03
4.870095835494782222e+01 2.130305850650382471e-03
4.876830119201915892e+01 2.120958111022394014e-03
4.883573714959280920e+01 2.111679951376491896e-03
4.890326635643414477e+01 2.102468151510271908e-03
4.897088894148668459e+01 2.093319542811423583e-03
4.903860503387214465e+01 2.084231007393993161e-03
4.910641476289088558e+01 2.075199477280821863e-03
4.917431825802198375e+01 2.066221933631183245e-03
4.924231564892356516e+01 2.057295406012312096e-03
4.931040706543311103e+01 2.048416971713672586e-03
4.937859263756755013e+01 2.039583755102949980e-03
4.944687249552369224e+01 2.030792927022523429e-03
4.951524676967829919e+01 2.022041704225466599e-03
4.958371559058842593e+01 2.013327348849919089e-03
4.965227908899172604e+01 2.004647167930848073e-03
4.972093739580654415e+01 1.995998512948207477e-03
4.978969064213234219e+01 1.987378779410410492e-03
4.985853895924977053e+01 1.978785406472196012e-03
4.992748247862112265e+01 1.970215876585903244e-03
4.999652133189039205e+01 1.961667715185170038e-03
5.006565565088360614e+01 1.953138490400150272e-03
5.013488556760914605e+01 1.944625812803261718e-03
5.020421121425785316e+01 1.936127335184594867e-03
5.027363272320344834e+01 1.927640752355988703e-03
5.034315022700261721e+01 1.919163800982975031e-03
5.041276385839533702e+01 1.910694259443566998e-03
5.048247375030523898e+01 1.902229947713028786e-03
5.055228003583962249e+01 1.893768727273819610e-03
5.062218284828997383e+01 1.885308501049671624e-03
5.069218232113200884e+01 1.876847213363058622e-03
5.076227858802599258e+01 1.868382849915042236e-03
5.083247178281712308e+01 1.859913437786721952e-03
5.090276203953554557e+01 1.851437045461338518e-03
5.097314949239685689e+01 1.842951782866174022e-03
5.104363427580216950e+01 1.834455801433352868e-03
5.111421652433843121e+01 1.825947294178699269e-03
5.118489637277878757e+01 1.817424495797693692e-03
5.125567395608262444e+01 1.808885682777748279e-03
5.132654940939607258e+01 1.800329173525801185e-03
5.139752286805204307e+01 1.791753328510423170e-03
5.146859446757059686e+01 1.783156550417530932e-03
5.153976434365925030e+01 1.774537284318747875e-03
5.161103263221309589e+01 1.765894017851631472e-03
5.168239946931521445e+01 1.757225281410757390e-03
5.175386499123680295e+01 1.748529648348812323e-03
5.182542933443748723e+01 1.739805735186782630e-03
5.189709263556566299e+01 1.731052201832314601e-03
5.196885503145857399e+01 1.722267751805348426e-03
5.204071665914278810e+01 1.713451132470092137e-03
5.211267765583426836e+01 1.704601135272423938e-03
5.218473815893872825e+01 1.695716595981806548e-03
5.225689830605195141e+01 1.686796394936750576e-03
5.232915823495988406e+01 1.677839457292969096e-03
5.240151808363911101e+01 1.668844753273183903e-03
5.247397799025689125e+01 1.659811298417784809e-03
5.254653809317166235e+01 1.650738153835242406e-03
5.261919853093309030e+01 1.641624426451502965e-03
5.269195944228241757e+01 1.632469269257309482e-03
5.276482096615283979e+01 1.623271881552518833e-03
5.283778324166953411e+01 1.614031509186576079e-03
5.291084640815017792e+01 1.604747444794034405e-03
5.298401060510501281e+01 1.595419028024364343e-03
5.305727597223719982e+01 1.586045645764983057e-03
5.313064264944313919e+01 1.576626732356595532e-03
5.320411077681259115e+01 1.567161769799980345e-03
5.327768049462913069e+01 1.557650287953209938e-03
5.335135194337022568e+01 1.548091864718413547e-03
5.342512526370759929e+01 1.538486126217183773e-03
5.349900059650758521e+01 1.528832746953646873e-03
5.357297808283117035e+01 1.519131449964411171e-03
5.364705786393453479e+01 1.509382006954316981e-03
5.372124008126908734e+01 1.499584238417303247e-03
5.379552487648183501e+01 1.489738013741339013e-03
5.386991239141574539e+01 1.479843251296619148e-03
5.394440276810978929e+01 1.469899918506224843e-03
5.401899614879948075e+01 1.459908031898250746e-03
5.409369267591692676e+01 1.449867657138746713e-03
5.416849249209118256e+01 1.439778909044527218e-03
5.424339574014860688e+01 1.429641951575071719e-03
5.431840256311296145e+01 1.419456997802813177e-03
5.439351310420586572e+01 1.409224309860912907e-03
5.446872750684691766e+01 1.398944198867928257e-03
5.454404591465404195e+01 1.388617024828494272e-03
5.461946847144380968e+01 1.378243196509452506e-03
5.469499532123157337e+01 1.367823171290646813e-03
5.477062660823192886e+01 1.357357454989781319e-03
5.484636247685880761e+01 1.346846601660713939e-03
5.492220307172583205e+01 1.336291213364522315e-03
5.499814853764667788e+01 1.325691939912843455e-03
5.507419901963515940e+01 1.315049478582885336e-03
5.515035466290571975e+01 1.304364573803590711e-03
5.522661561287349485e+01 1.293638016812546964e-03
5.530298201515480372e+01 1.282870645283019050e-03
5.537945401556724789e+01 1.272063342920907959e-03
5.545603176013004543e+01 1.261217039031038841e-03
5.553271539506442878e+01 1.250332708052550017e-03
5.560950506679370164e+01 1.239411369063078651e-03
5.568640092194375768e+01 1.228454085251334989e-03
5.576340310734315153e+01 1.217461963358033947e-03
5.584051177002346833e+01 1.206436153084769871e-03
5.591772705721970027e+01 1.195377846470833602e-03
5.599504911637031057e+01 1.184288277237826367e-03
5.607247809511775216e+01 1.173168720101887014e-03
5.615001414130856006e+01 1.162020490053720413e-03
5.622765740299369952e+01 1.150844941606182607e-03
5.630540802842894266e+01 1.139643468009718299e-03
5.638326616607496078e+01 1.128417500435600343e-03
5.646123196459782179e+01 1.117168507127161859e-03
5.653930557286907543e+01 1.105897992519311746e-03
5.661748713996615123e+01 1.094607496326395609e-03
5.669577681517267820e+01 1.083298592598873518e-03
5.677417474797861274e+01 1.071972888749056800e-03
5.685268108808073606e+01 1.060632024546318258e-03
5.693129598538273939e+01 1.049277671082221846e-03
5.701001958999560060e+01 1.037911529706032811e-03
5.708885205223796078e+01 1.026535330931183359e-03
5.716779352263618819e+01 1.015150833313239196e-03
5.724684415192491826e+01 1.003759822300014657e-03
5.732600409104713890e+01 9.923641090545181568e-04
5.740527349115455280e+01 9.809655292514739017e-04
5.748465250360796830e+01 9.695659418481222033e-04
5.756414127997736330e+01 9.581672278302592188e-04
5.764373997204242528e+01 9.467712889342117400e-04
5.772344873179264368e+01 9.353800463458316651e-04
5.780326771142766518e+01 9.239954393773499794e-04
5.788319706335768444e+01 9.126194241231643618e-04
5.796323694020352946e+01 9.012539720955697019e-04
5.804338749479718018e+01 8.899010688415610491e-04
5.812364888018185383e+01 8.785627125418152055e-04
5.820402124961248802e+01 8.672409125930426090e-04
5.828450475655586871e+01 8.559376881749068992e-04
5.836509955469097122e+01 8.446550668028044275e-04
5.844580579790937946e+01 8.333950828677142222e-04
5.852662364031535702e+01 8.221597761645507490e-04
5.860755323622638002e+01 8.109511904102705265e-04
5.868859474017321531e+01 7.997713717532204487e-04
5.876974830690031126e+01 7.886223672750388314e-04
5.885101409136619566e+01 7.775062234866615424e-04
5.893239224874354676e+01 7.664249848198458233e-04
5.901388293441971911e+01 7.553806921157190605e-04
5.909548630399686431e+01 7.443753811118830740e-04
5.917720251329227921e+01 7.334110809296279102e-04
5.925903171833882510e+01 7.224898125627415802e-04
5.934097407538499880e+01 7.116135873696253144e-04
5.942302974089547263e+01 7.007844055701250956e-04
5.950519887155119392e+01 6.900042547488454206e-04
5.958748162424975447e+01 6.792751083664515721e-04
5.966987815610580270e+01 6.685989242805582969e-04
5.975238862445110044e+01 6.579776432779244370e-04
5.983501318683511982e+01 6.474131876194544810e-04
5.991775200102507171e+01 6.369074595996814794e-04
6.000060522500633198e+01 6.264623401223497114e-04
6.008357301698283237e+01 6.160796872936222506e-04
6.016665553537713151e+01 6.057613350346444667e-04
6.024985293883099757e+01 5.955090917148660960e-04
6.033316538620544378e+01 5.853247388078698307e-04
6.041659303658118318e+01 5.752100295710961585e-04
6.050013604925897681e+01 5.651666877510764424e-04
6.058379458375974025e+01 5.551964063157015586e-04
6.066756879982510497e+01 5.453008462148663813e-04
6.075145885741748941e+01 5.354816365706504449e-04
6.083546491672051104e+01 5.257408962239328671e-04
6.091958713813937720e+01 5.160819580801904267e-04
6.100382568230097746e+01 5.065081795973010300e-04
6.108818071005443784e+01 4.970227354879542441e-04
6.117265238247120607e+01 4.876286201802834718e-04
6.125724086084545661e+01 4.783286504727438430e-04
6.134194630669450987e+01 4.691254683699235526e-04
6.142676888175887484e+01 4.600215440860968880e-04
6.151170874800286015e+01 4.510191792033800941e-04
6.159676606761460249e+01 4.421205099719036297e-04
6.168194100300663507e+01 4.333275107392748813e-04
6.176723371681597996e+01 4.246419974972719179e-04
6.185264437190455311e+01 4.160656315337035553e-04
6.193817313135956226e+01 4.075999231778061442e-04
6.202382015849360641e+01 3.992462356279881147e-04
6.210958561684523005e+01 3.910057888507840530e-04
6.219546967017903683e+01 3.828796635406039504e-04
6.228147248248605905e+01 3.748688051298821873e-04
6.236759421798420533e+01 3.669740278398593786e-04
6.245383504111833872e+01 3.591960187625171420e-04
6.254019511656081676e+01 3.515353419644847116e-04
6.262667460921163354e+01 3.439924426043513314e-04
6.271327368419878923e+01 3.365676510549514512e-04
6.279999250687871637e+01 3.292611870227816107e-04
6.288683124283638648e+01 3.220731636570495324e-04
6.297379005788584294e+01 3.150035916411367504e-04
6.306086911807033601e+01 3.080523832598843978e-04
6.314806858966270653e+01 3.012193564362236121e-04
6.323538863916583352e+01 2.945042387312963531e-04
6.332282943331266978e+01 2.879066713024385415e-04
6.341039113906687419e+01 2.814262128138201539e-04
6.349807392362288283e+01 2.750623432949521070e-04
6.358587795440632817e+01 2.688144679425026498e-04
6.367380339907442988e+01 2.626819208613729011e-04
6.376185042551614401e+01 2.566639687412011002e-04
6.385001920185268887e+01 2.507598144648459648e-04
6.393830989643766571e+01 2.449686006457614572e-04
6.402672267785746385e+01 2.392894130913784652e-04
6.411525771493171533e+01 2.337212841900404179e-04
6.420391517671333759e+01 2.282631962192716859e-04
6.429269523248915164e+01 2.229140845733840767e-04
6.438159805177994599e+01 2.176728409088499302e-04
6.447062380434095985e+01 2.125383162059458304e-04
6.455977266016225258e+01 2.075093237455664149e-04
6.464904478946877475e+01 2.025846420002942185e-04
6.473844036272102187e+01 1.977630174389860432e-04
6.482795955061509119e+01 1.930431672444562141e-04
6.491760252408322174e+01 1.884237819439445801e-04
6.500736945429387958e+01 1.839035279523325316e-04
6.509726051265229785e+01 1.794810500281613535e-04
6.518727587080076091e+01 1.751549736427714793e-04
6.527741570061880338e+01 1.709239072629989843e-04
6.536768017422373589e+01 1.667864445479837502e-04
6.545806946397077297e+01 1.627411664608625832e-04
6.554858374245350205e+01 1.587866432961846936e-04
6.563922318250419607e+01 1.549214366240362457e-04
6.572998795719405507e+01 1.511441011519764450e-04
6.582087823983370356e+01 1.474531865059668925e-04
6.591189420397329002e+01 1.438472389316167676e-04
6.600303602340298426e+01 1.403248029170809600e-04
6.609430387215336111e+01 1.368844227390919816e-04
6.618569792449549993e+01 1.335246439336569026e-04
6.627721835494159563e+01 1.302440146929730296e-04
6.636886533824505818e+01 1.270410871902461175e-04
6.646063904940093892e+01 1.239144188340499412e-04
6.655253966364637108e+01 1.208625734540019991e-04
6.664456735646068353e+01 1.178841224194879971e-04
6.673672230356594071e+01 1.149776456932423299e-04
6.682900468092717006e+01 1.121417328215895394e-04
6.692141466475264622e+01 1.093749838631901913e-04
6.701395243149443104e+01 1.066760102581126304e-04
6.710661815784847306e+01 1.040434356391162180e-04
6.719941202075514752e+01 1.014758965869649903e-04
6.729233419739941269e+01 9.897204333164450667e-05
6.738538486521125037e+01 9.653054040132739142e-05
6.747856420186604964e+01 9.415006722090905368e-05
6.757187238528480577e+01 9.182931866196502463e-05
6.766530959363463182e+01 8.956700554591427797e-05
6.775887600532892918e+01 8.736185510219286298e-05
6.785257179902779967e+01 8.521261138320045114e-05
6.794639715363848609e+01 8.311803563776721854e-05
6.804035224831550011e+01 8.107690664485871137e-05
6.813443726246120491e+01 7.908802100920748850e-05
6.822865237572592889e+01 7.715019342053275558e-05
6.832299776800851987e+01 7.526225687797589330e-05
6.841747361945650141e+01 7.342306288134495208e-05
6.851208011046651336e+01 7.163148159073324053e-05
6.860681742168472397e+01 6.988640195602395457e-05
6.870168573400697198e+01 6.818673181779150681e-05
6.879668522857937774e+01 6.653139798102033543e-05
6.889181608679842839e+01 6.491934626308148721e-05
6.898707849031144690e+01 6.334954151732343386e-05
6.908247262101707520e+01 6.182096763361151677e-05
6.917799866106527418e+01 6.033262751712806081e-05
6.927365679285807687e+01 5.888354304666363855e-05
6.936944719904961687e+01 5.747275501364066595e-05
6.946537006254658309e+01 5.609932304303048292e-05
6.956142556650868869e+01 5.476232549730058281e-05
6.965761389434881323e+01 5.346085936450765524e-05
6.975393522973355687e+01 5.219404013157015433e-05
6.985038975658341087e+01 5.096100164376551596e-05
6.994697765907316978e+01 4.976089595141983709e-05
7.004369912163241452e+01 4.859289314473680339e-05
7.014055432894562614e+01 4.745618117768453007e-05
7.023754346595278264e+01 4.634996568179741840e-05
7.033466671784948687e+01 4.527346977074194465e-05
7.043192427008744971e+01 4.422593383643614137e-05
7.052931630837491639e+01 4.320661533749767746e-05
7.062684301867678016e+01 4.221478858075185177e-05
7.072450458721523603e+01 4.124974449649092294e-05
7.082230120046985178e+01 4.031079040816715886e-05
7.092023304517807958e+01 3.939724979714014205e-05
7.101830030833571072e+01 3.850846206309472706e-05
7.111650317719691827e+01 3.764378228070534084e-05
7.121484183927498179e+01 3.680258095308277762e-05
7.131331648234237264e+01 3.598424376254037851e-05
7.141192729443120868e+01 3.518817131915490316e-05
7.151067446383369486e+01 3.441377890759778052e-05
7.160955817910226529e+01 3.366049623267526456e-05
7.170857862905027957e+01 3.292776716398966786e-05
7.180773600275196600e+01 3.221504948012067997e-05
7.190703048954317467e+01 3.152181461268633932e-05
7.200646227902149121e+01 3.084754739064146569e-05
7.210603156104662048e+01 3.019174578513158708e-05
7.220573852574094076e+01 2.955392065520972888e-05
7.230558336348958903e+01 2.893359549470694663e-05
7.240556626494107206e+01 2.833030618051413080e-05
7.250568742100745112e+01 2.774360072253512967e-05
7.260594702286476831e+01 2.717303901553490839e-05
7.270634526195351555e+01 2.661819259310090288e-05
7.280688232997876241e+01 2.607864438391889800e-05
7.290755841891083833e+01 2.555398847054414279e-05
7.300837372098538935e+01 2.504382985084238137e-05
7.310932842870387560e+01 2.454778420225387178e-05
7.321042273483408280e+01 2.406547764902338229e-05
7.331165683241017916e+01 2.359654653253244572e-05
7.341303091473341169e+01 2.314063718484563639e-05
7.351454517537221989e+01 2.269740570558731612e-05
7.361619980816270470e+01 2.226651774223880099e-05
7.371799500720911169e+01 2.184764827394952556e-05
7.381993096688391631e+01 2.144048139893903388e-05
7.392200788182856286e+01 2.104471012555666546e-05
7.402422594695347868e+01 2.066003616706546547e-05
7.412658535743867105e+01 2.028616974019851549e-05
7.422908630873408242e+01 1.992282936753704978e-05
7.433172899655983201e+01 1.956974168374959168e-05
7.443451361690679846e+01 1.922664124572268118e-05
7.453744036603674772e+01 1.889327034661431723e-05
7.464050944048284464e+01 1.856937883384727543e-05
7.474372103705016457e+01 1.825472393106107488e-05
7.484707535281570756e+01 1.794907006403567920e-05
7.495057258512917997e+01 1.765218869059123112e-05
7.505421293161306551e+01 1.736385813447004469e-05
7.515799659016310841e+01 1.708386342319951015e-05
7.526192375894879660e+01 1.681199612993347178e-05
7.536599463641351804e+01 1.654805421926575665e-05
7.547020942127522858e+01 1.629184189700717719e-05
7.557456831252646623e+01 1.604316946391523335e-05
7.567907150943511851e+01 1.580185317336392403e-05
7.578371921154450774e+01 1.556771509293967479e-05
7.588851161867385997e+01 1.534058296994628877e-05
7.599344893091883080e+01 1.512029010080347934e-05
7.609853134865163327e+01 1.490667520432151696e-05
7.620375907252166314e+01 1.469958229883209700e-05
7.630913230345569787e+01 1.449886058315921430e-05
7.641465124265832287e+01 1.430436432141042077e-05
7.652031609161245740e+01 1.411595098666849694e-05
7.662612705207951080e+01 1.393344781445638844e-05
7.673208432610000784e+01 1.375665619601954260e-05
7.683818811599374499e+01 1.358538426932712411e-05
7.694443862436027359e+01 1.341944784353390416e-05
7.705083605407942571e+01 1.325867004726813683e-05
7.715738060831141354e+01 1.310288099440373723e-05
7.726407249049752579e+01 1.295191746636385409e-05
7.737091190436025556e+01 1.280562261006031162e-05
7.747789905390379772e+01 1.266384565062316806e-05
7.758503414341454629e+01 1.252644161812620794e-05
7.769231737746125077e+01 1.239327108755797304e-05
7.779974896089565561e+01 1.226419993133207598e-05
7.790732909885268498e+01 1.213909908367082692e-05
7.801505799675089747e+01 1.201784431623461858e-05
7.812293586029304038e+01 1.190031602440331634e-05
7.823096289546612070e+01 1.178639902365326472e-05
7.833913930854214414e+01 1.167598235550023833e-05
7.844746530607825719e+01 1.156895910251259616e-05
7.855594109491718768e+01 1.146522621192385824e-05
7.866456688218782745e+01 1.136468432740151502e-05
7.877334287530531753e+01 1.126723762855353180e-05
7.888226928197175880e+01 1.117279367777628773e-05
7.899134631017635400e+01 1.108126327407073453e-05
7.910057416819589093e+01 1.099256031347321013e-05
7.920995306459531093e+01 1.090660165576696088e-05
7.931948320822776566e+01 1.082330699715940659e-05
7.942916480823538450e+01 1.074259874862595605e-05
7.953899807404930300e+01 1.066440191963853641e-05
7.964898321539044446e+01 1.058864400701188706e-05
7.975912044226961939e+01 1.051525488861536836e-05
7.986940996498800871e+01 1.044416672171088317e-05
7.997985199413771795e+01 1.037531384569103969e-05
8.009044674060191937e+01 1.030863268900388975e-05
8.020119441555553408e+01 1.024406168006131566e-05
8.031209523046537413e+01 1.018154116193924135e-05
8.042314939709065413e+01 1.012101331068881266e-05
8.053435712748354547e+01 1.006242205708549132e-05
8.064571863398926155e+01 1.000571301165473831e-05
8.075723412924682520e+01 9.950833392818266528e-06
8.086890382618915396e+01 9.897731958016884124e-06
8.098072793804360003e+01 9.846358937669653119e-06
8.109270667833251878e+01 9.796665971839562181e-06
8.120484026087332552e+01 9.748606049481096459e-06
8.131712889977927716e+01 9.702133450152070193e-06
8.142957280945955745e+01 9.657203688078328825e-06
8.154217220461985960e+01 9.613773458465763337e-06
8.165492730026288370e+01 9.571800585959485352e-06
8.176783831168845040e+01 9.531243975155534169e-06
8.188090545449428248e+01 9.492063563075318379e-06
8.199412894457609013e+01 9.454220273517492451e-06
8.210750899812811099e+01 9.417675973207262648e-06
8.222104583164369274e+01 9.382393429666030410e-06
8.233473966191532156e+01 9.348336270730025926e-06
8.244859070603548901e+01 9.315468945648631050e-06
8.256259918139672038e+01 9.283756687698438867e-06
8.267676530569214322e+01 9.253165478251208062e-06
8.279108929691604146e+01 9.223662012237666581e-06
8.290557137336398341e+01 9.195213664952868105e-06
8.302021175363353223e+01 9.167788460150705569e-06
8.313501065662443068e+01 9.141355039378326746e-06
8.324996830153907013e+01 9.115882632504939141e-06
8.336508490788312997e+01 9.091341029400028422e-06
8.348036069546560611e+01 9.067700552720773274e-06
8.359579588439963516e+01 9.044932031768431087e-06
8.371139069510256547e+01 9.023006777378027592e-06
8.382714534829659669e+01 9.001896557805405782e-06
8.394306006500919182e+01 8.981573575579861895e-06
8.405913506657333301e+01 8.962010445290955398e-06
8.417537057462818950e+01 8.943180172280395702e-06
8.429176681111927394e+01 8.925056132212080115e-06
8.440832399829913868e+01 8.907612051494389252e-06
8.452504235872756055e+01 8.890821988530106464e-06
8.464192211527205245e+01 8.874660315772450067e-06
8.475896349110844596e+01 8.859101702564651696e-06
8.487616670972099087e+01 8.844121098744285136e-06
8.499353199490315092e+01 8.829693718992862172e-06
8.511105957075770334e+01 8.815795027913866607e-06
8.522874966169732147e+01 8.802400725822688985e-06
8.534660249244512897e+01 8.789486735233110383e-06
8.546461828803481353e+01 8.777029188026472736e-06
8.558279727381139423e+01 8.765004413290310124e-06
8.570113967543139211e+01 8.753388925813705032e-06
8.581964571886332749e+01 8.742159415228552968e-06
8.593831563038834531e+01 8.731292735785718941e-06
8.605714963660031458e+01 8.720765896756536330e-06
8.617614796440658154e+01 8.710556053450046196e-06
8.629531084102815441e+01 8.700640498838126734e-06
8.641463849400021502e+01 8.690996655780223784e-06
8.653413115117271559e+01 8.681602069840580897e-06
8.665378904071052091e+01 8.672434402691263835e-06
8.677361239109413305e+01 8.663471426094565767e-06
8.689360143111990453e+01 8.654691016459331498e-06
8.701375638990052153e+01 8.646071149965506978e-06
8.713407749686565751e+01 8.637589898251940305e-06
8.725456498176204434e+01 8.629225424662870418e-06
8.737521907465425386e+01 8.620955981048681959e-06
8.749604000592488262e+01 8.612759905116509882e-06
8.761702800627509191e+01 8.604615618327049868e-06
8.773818330672520460e+01 8.596501624333591801e-06
8.785950613861476199e+01 8.588396507959539190e-06
8.798099673360343331e+01 8.580278934711107729e-06
8.810265532367105834e+01 8.572127650821447241e-06
8.822448214111827269e+01 8.563921483822473622e-06
8.834647741856703362e+01 8.555639343641683334e-06
8.846864138896083318e+01 8.547260224219181652e-06
8.859097428556540876e+01 8.538763205642285314e-06
8.871347634196889942e+01 8.530127456793357675e-06
8.883614779208262746e+01 8.521332238506849584e-06
8.895898887014119794e+01 8.512356907231675027e-06
8.908199981070315232e+01 8.503180919194337406e-06
8.920518084865149433e+01 8.493783835057974974e-06
8.932853221919383202e+01 8.484145325072709091e-06
8.945205415786320202e+01 8.474245174711525331e-06
8.957574690051818322e+01 8.464063290786400231e-06
8.969961068334352206e+01 8.453579708038341288e-06
8.982364574285065828e+01 8.442774596194851927e-06
8.994785231587793817e+01 8.431628267487929971e-06
9.007223063959135345e+01 8.420121184625020366e-06
9.019678095148471186e+01 8.408233969205102361e-06
9.032150348938023399e+01 8.395947410571039311e-06
9.044639849142912169e+01 8.383242475089402285e-06
9.057146619611170024e+01 8.370100315848024927e-06
9.069670684223827095e+01 8.356502282760571183e-06
9.082212066894921065e+01 8.342429933067797371e-06
9.094770791571555435e+01 8.327865042223050410e-06
9.107346882233964891e+01 8.312789615150325027e-06
9.119940362895519570e+01 8.297185897861400245e-06
9.132551257602818851e+01 8.281036389418594120e-06
9.145179590435697037e+01 8.264323854227971440e-06
9.157825385507284466e+01 8.247031334648743738e-06
9.170488666964072877e+01 8.229142163901583847e-06
9.183169458985919675e+01 8.210639979259912137e-06
9.195867785786138882e+01 8.191508735506168544e-06
9.208583671611512500e+01 8.171732718634491560e-06
9.221317140742348784e+01 8.151296559780695132e-06
9.234068217492547603e+01 8.130185249359702556e-06
9.246836926209607554e+01 8.108384151388914278e-06
9.259623291274715484e+01 8.085879017976811486e-06
9.272427337102757861e+01 8.062656003953229354e-06
9.285249088142379037e+01 8.038701681619024662e-06
9.298088568876049465e+01 8.014003055590365466e-06
9.310945803820068534e+01 7.988547577713426146e-06
9.323820817524661209e+01 7.962323162023402607e-06
9.336713634573976606e+01 7.935318199721923341e-06
9.349624279586180364e+01 7.907521574145698782e-06
9.362552777213466015e+01 7.878922675698858352e-06
9.375499152142110404e+01 7.849511416720267575e-06
9.388463429092546164e+01 7.819278246257593630e-06
9.401445632819367404e+01 7.788214164717463541e-06
9.414445788111419233e+01 7.756310738362712589e-06
9.427463919791806291e+01 7.723560113625465740e-06
9.440500052717960955e+01 7.689955031204818596e-06
9.453554211781703032e+01 7.655488839918113067e-06
9.466626421909251121e+01 7.620155510273395218e-06
9.479716708061312147e+01 7.583949647731045049e-06
9.492825095233092725e+01 7.546866505622164812e-06
9.505951608454364532e+01 7.508901997690707673e-06
9.519096272789519730e+01 7.470052710226502157e-06
9.532259113337595124e+01 7.430315913756736962e-06
9.545440155232350321e+01 7.389689574262169649e-06
9.558639423642284783e+01 7.348172363885533159e-06
9.571856943770704618e+01 7.305763671099431116e-06
9.585092740855773741e+01 7.262463610300741009e-06
9.598346840170542293e+01 7.218273030799615820e-06
9.611619267023024804e+01 7.173193525170609701e-06
9.624910046756214399e+01 7.127227436934946628e-06
9.638219204748152436e+01 7.080380750713589528e-06
9.651546766411983924e+01 7.032675980276341245e-06
9.664892757195974582e+01 6.984141300640187575e-06
9.678257202583601781e+01 6.934804972011061307e-06
9.691640128093565920e+01 6.884695311031828062e-06
9.705041559279851526e+01 6.833840667469883836e-06
9.718461521731796893e+01 6.782269401312477780e-06
9.731900041074104024e+01 6.730009860289635847e-06
9.745357142966926745e+01 6.677090357842872799e-06
9.758832853105886329e+01 6.623539151557474331e-06
9.772327197222138295e+01 6.569384422074340456e-06
9.785840201082430667e+01 6.514654252496844253e-06
9.799371890489122450e+01 6.459376608307164850e-06
9.812922291280274578e+01 6.403579317804659510e-06
9.826491429329648497e+01 6.347290053078904092e-06
9.840079330546814163e+01 6.290536311527869515e-06
9.853686020877144358e+01 6.233345397931518905e-06
9.867311526301892854e+01 6.175744407089864957e-06
9.880955872838256937e+01 6.117760207032526350e-06
9.894619086539384512e+01 6.059419422807846132e-06
9.908301193494475001e+01 6.000748420856256166e-06
9.922002219828785030e+01 5.941773293973693187e-06
9.935722191703696637e+01 5.882519846868340273e-06
9.949461135316785487e+01 5.823013582313850607e-06
9.963219076901829396e+01 5.763279687901458260e-06
9.976996042728903547e+01 5.703343023391329211e-06
9.990792059104393275e+01 5.643228108664556985e-06
1.000460715237106513e+02 5.582959112273878436e-06
1.001844134890810096e+02 5.522559840593118175e-06
1.003229467513119317e+02 5.462053727561923501e-06
1.004616715749252620e+02 5.401463825023740044e-06
1.006005882248087602e+02 5.340812793652914064e-06
1.007396969662164281e+02 5.280122894466474488e-06
1.008789980647689930e+02 5.219415980915595503e-06
1.010184917864547742e+02 5.158713491550713048e-06
1.011581783976295696e+02 5.098036443254777660e-06
1.012980581650176219e+02 5.037405425036274955e-06
1.014381313557119739e+02 4.976840592375290029e-06
1.015783982371748806e+02 4.916361662114832368e-06
1.017188590772388039e+02 4.855987907887562666e-06
1.018595141441061855e+02 4.795738156070147473e-06
1.020003637063504982e+02 4.735630782254934986e-06
1.021414080329165301e+02 4.675683708228868045e-06
1.022826473931209108e+02 4.615914399449876524e-06
1.024240820566529493e+02 4.556339863008981277e-06
1.025657122935746060e+02 4.496976646068512771e-06
1.027075383743213450e+02 4.437840834763440742e-06
1.028495605697025894e+02 4.378948053554944062e-06
1.029917791509021470e+02 4.320313465024597825e-06
1.031341943894791058e+02 4.261951770096021540e-06
1.032768065573677774e+02 4.203877208672520454e-06
1.034196159268785635e+02 4.146103560677834085e-06
1.035626227706984395e+02 4.088644147487062015e-06
1.037058273618913375e+02 4.031511833735368070e-06
1.038492299738990852e+02 3.974719029490895963e-06
1.039928308805413337e+02 3.918277692780070126e-06
1.041366303560164113e+02 3.862199332450711062e-06
1.042806286749018909e+02 3.806495011360780667e-06
1.044248261121548182e+02 3.751175349879779261e-06
1.045692229431128624e+02 3.696250529688870390e-06
1.047138194434940317e+02 3.641730297867430247e-06
1.048586158893977398e+02 3.587623971252725825e-06
1.050036125573051748e+02 3.533940441059480993e-06
1.051488097240797259e+02 3.480688177746873604e-06
1.052942076669679352e+02 3.427875236119577538e-06
1.054398066635994269e+02 3.375509260651271607e-06
1.055856069919878166e+02 3.323597491016553287e-06
1.057316089305311380e+02 3.272146767820131929e-06
1.058778127580122970e+02 3.221163538510250790e-06
1.060242187536000245e+02 3.170653863464776312e-06
1.061708271968487480e+02 3.120623422237640466e-06
1.063176383676995727e+02 3.071077519954365569e-06
1.064646525464805649e+02 3.022021093844586080e-06
1.066118700139078044e+02 2.973458719900783816e-06
1.067592910510851567e+02 2.925394619651998574e-06
1.069069159395053390e+02 2.877832667041673407e-06
1.070547449610502895e+02 2.830776395398925512e-06
1.072027783979916506e+02 2.784229004493103755e-06
1.073510165329916646e+02 2.738193367661113525e-06
1.074994596491031444e+02 2.692672038998557895e-06
1.076481080297703983e+02 2.647667260603923802e-06
1.077969619588296979e+02 2.603180969867245074e-06
1.079460217205096342e+02 2.559214806794315014e-06
1.080952875994322255e+02 2.515770121356882559e-06
1.082447598806126763e+02 2.472847980861386181e-06
1.083944388494604425e+02 2.430449177326945017e-06
1.085443247917796299e+02 2.388574234865592935e-06
1.086944179937694344e+02 2.347223417056452500e-06
1.088447187420251367e+02 2.306396734306554635e-06
1.089952273235379892e+02 2.266093951191803805e-06
1.091459440256962097e+02 2.226314593770321481e-06
1.092968691362854088e+02 2.187057956862240730e-06
1.094480029434890014e+02 2.148323111289743202e-06
1.095993457358892726e+02 2.110108911070799838e-06
1.097508978024671933e+02 2.072414000561646178e-06
1.099026594326034427e+02 2.035236821541717871e-06
1.100546309160788780e+02 1.998575620236735002e-06
1.102068125430749177e+02 1.962428454274282961e-06
1.103592046041746073e+02 1.926793199567522578e-06
1.105118073903624207e+02 1.891667557123027065e-06
1.106646211930253401e+02 1.857049059767850134e-06
1.108176463039532962e+02 1.822935078792427833e-06
1.109708830153395525e+02 1.789322830505765894e-06
1.111243316197817563e+02 1.756209382698991873e-06
1.112779924102818256e+02 1.723591661014773559e-06
1.114318656802469576e+02 1.691466455218998671e-06
1.115859517234900409e+02 1.659830425372624948e-06
1.117402508342301672e+02 1.628680107900730721e-06
1.118947633070935552e+02 1.598011921556604971e-06
1.120494894371135501e+02 1.567822173279223472e-06
1.122044295197315336e+02 1.538107063941559747e-06
1.123595838507974207e+02 1.508862693988606617e-06
1.125149527265701437e+02 1.480085068963323864e-06
1.126705364437186034e+02 1.451770104919473524e-06
1.128263352993215989e+02 1.423913633720128400e-06
1.129823495908688358e+02 1.396511408220721091e-06
1.131385796162613815e+02 1.369559107336317588e-06
1.132950256738121340e+02 1.343052340992089474e-06
1.134516880622468307e+02 1.316986654956747141e-06
1.136085670807039349e+02 1.291357535558677570e-06
1.137656630287356592e+02 1.266160414284569635e-06
1.139229762063084621e+02 1.241390672260467637e-06
1.140805069138034327e+02 1.217043644615467779e-06
1.142382554520173983e+02 1.193114624728330769e-06
1.143962221221627544e+02 1.169598868357351038e-06
1.145544072258685731e+02 1.146491597653881762e-06
1.147128110651809436e+02 1.123788005060330288e-06
1.148714339425635416e+02 1.101483257093174150e-06
1.150302761608986515e+02 1.079572498011715082e-06
1.151893380234869824e+02 1.058050853373922693e-06
1.153486198340487761e+02 1.036913433479742413e-06
1.155081218967242904e+02 1.016155336703422201e-06
1.156678445160741830e+02 9.957716527158200655e-07
1.158277879970805913e+02 9.757574655978614898e-07
1.159879526451470895e+02 9.561078568467847215e-07
1.161483387660996129e+02 9.368179082760427720e-07
1.163089466661870119e+02 9.178827048106589960e-07
1.164697766520815065e+02 8.992973371794908219e-07
1.166308290308797098e+02 8.810569045056927202e-07
1.167921041101025423e+02 8.631565167972599901e-07
1.169536021976962701e+02 8.455912973391403288e-07
1.171153236020329729e+02 8.283563849885280535e-07
1.172772686319110562e+02 8.114469363751704596e-07
1.174394375965562460e+02 7.948581280082454925e-07
1.176018308056215318e+02 7.785851582919084092e-07
1.177644485691881897e+02 7.626232494508350488e-07
1.179272911977661380e+02 7.469676493679696075e-07
1.180903590022950596e+02 7.316136333359874981e-07
1.182536522941442030e+02 7.165565057247097758e-07
1.184171713851135195e+02 7.017916015658734071e-07
1.185809165874340891e+02 6.873142880573971978e-07
1.187448882137686326e+02 6.731199659890459224e-07
1.189090865772125909e+02 6.592040710911481806e-07
1.190735119912939410e+02 6.455620753084616339e-07
1.192381647699743752e+02 6.321894880009619587e-07
1.194030452276496845e+02 6.190818570734259726e-07
1.195681536791502992e+02 6.062347700357187852e-07
1.197334904397423543e+02 5.936438549955451049e-07
1.198990558251275758e+02 5.813047815857605816e-07
1.200648501514443325e+02 5.692132618277593711e-07
1.202308737352681760e+02 5.573650509329681565e-07
1.203971268936122385e+02 5.457559480442797095e-07
1.205636099439284408e+02 5.343817969190722009e-07
1.207303232041072647e+02 5.232384865557406255e-07
1.208972669924789045e+02 5.123219517654509235e-07
1.210644416278137356e+02 5.016281736908032416e-07
1.212318474293227695e+02 4.911531776893317552e-07
1.213994847166588471e+02 4.808927568379554062e-07
1.215673538099163977e+02 4.708422568643623718e-07
1.217354550296326039e+02 4.609970806011211320e-07
1.219037886967879132e+02 4.513527461505249911e-07
1.220723551328064502e+02 4.419048836260919580e-07
1.222411546595571963e+02 4.326492319936688718e-07
1.224101875993538471e+02 4.235816360090100389e-07
1.225794542749558929e+02 4.146980432485868812e-07
1.227489550095691300e+02 4.059945012305740347e-07
1.229186901268461440e+02 3.974671546231163178e-07
1.230886599508874895e+02 3.891122425369397984e-07
1.232588648062414194e+02 3.809260958997513048e-07
1.234293050179051789e+02 3.729051349095534543e-07
1.235999809113253605e+02 3.650458665644612627e-07
1.237708928123984577e+02 3.573448822665729384e-07
1.239420410474720029e+02 3.497988554974022026e-07
1.241134259433444100e+02 3.424045395627041004e-07
1.242850478272661121e+02 3.351587654044026043e-07
1.244569070269400584e+02 3.280584394774872850e-07
1.246290038705221974e+02 3.211005416898521538e-07
1.248013386866226568e+02 3.142821234030111866e-07
1.249739118043055583e+02 3.076003054918885723e-07
1.251467235530901831e+02 3.010522764616689122e-07
1.253197742629514551e+02 2.946352906200279163e-07
1.254930642643204521e+02 2.883466663029494736e-07
1.256665938880855862e+02 2.821837841524805598e-07
1.258403634655923895e+02 2.761440854448077369e-07
1.260143733286447230e+02 2.702250704670359828e-07
1.261886238095052448e+02 2.644242969412491641e-07
1.263631152408959366e+02 2.587393784943065835e-07
1.265378479559992826e+02 2.531679831719808008e-07
1.267128222884580424e+02 2.477078319961569682e-07
1.268880385723765016e+02 2.423566975636329188e-07
1.270634971423209123e+02 2.371124026853477398e-07
1.272391983333200471e+02 2.319728190647639412e-07
1.274151424808663364e+02 2.269358660142328584e-07
1.275913299209157401e+02 2.219995092081762089e-07
1.277677609898888704e+02 2.171617594719471923e-07
1.279444360246715888e+02 2.124206716053493981e-07
1.281213553626154180e+02 2.077743432397187862e-07
1.282985193415387926e+02 2.032209137275520869e-07
1.284759282997268599e+02 1.987585630637940378e-07
1.286535825759326599e+02 1.943855108377120382e-07
1.288314825093777074e+02 1.901000152145417357e-07
1.290096284397524187e+02 1.859003719459596849e-07
1.291880207072173050e+02 1.817849134085795091e-07
1.293666596524028876e+02 1.777520076696006029e-07
1.295455456164108341e+02 1.738000575788089559e-07
1.297246789408144423e+02 1.699274998861906390e-07
1.299040599676592649e+02 1.661328043843653401e-07
1.300836890394641330e+02 1.624144730751248174e-07
1.302635664992212412e+02 1.587710393593843222e-07
1.304436926903970573e+02 1.552010672498567657e-07
1.306240679569330609e+02 1.517031506057721626e-07
1.308046926432462271e+02 1.482759123890183524e-07
1.309855670942301344e+02 1.449180039410862006e-07
1.311666916552548514e+02 1.416281042802099433e-07
1.313480666721682439e+02 1.384049194181053342e-07
1.315296924912961742e+02 1.352471816957784209e-07
1.317115694594438651e+02 1.321536491378088763e-07
1.318936979238956724e+02 1.291231048246306638e-07
1.320760782324163074e+02 1.261543562822389221e-07
1.322587107332513483e+02 1.232462348888794114e-07
1.324415957751278086e+02 1.203975952981931353e-07
1.326247337072553023e+02 1.176073148783637064e-07
1.328081248793259306e+02 1.148742931668255122e-07
1.329917696415155035e+02 1.121974513400712117e-07
1.331756683444840235e+02 1.095757316981347906e-07
1.333598213393761966e+02 1.070080971633391027e-07
1.335442289778227689e+02 1.044935307929051314e-07
1.337288916119402700e+02 1.020310353050344481e-07
1.339138095943322639e+02 9.961963261807015094e-08
1.340989832780899178e+02 9.725836340237876942e-08
1.342844130167924561e+02 9.494628664460933165e-08
1.344700991645085253e+02 9.268247922393739221e-08
1.346560420757958809e+02 9.046603550002334036e-08
1.348422421057026952e+02 8.829606691228742569e-08
1.350286996097681254e+02 8.617170159023162874e-08
1.352154149440228252e+02 8.409208397448146140e-08
1.354023884649901959e+02 8.205637444823506271e-08
1.355896205296861297e+02 8.006374897886970188e-08
1.357771114956204315e+02 7.811339876935888171e-08
1.359648617207972165e+02 7.620452991928607380e-08
1.361528715637155074e+02 7.433636309514263629e-08
1.363411413833704842e+02 7.250813320966944948e-08
1.365296715392533144e+02 7.071908910998945637e-08
1.367184623913523751e+02 6.896849327427883803e-08
1.369075143001538777e+02 6.725562151673537949e-08
1.370968276266423231e+02 6.557976270061773623e-08
1.372864027323018377e+02 6.394021845911618196e-08
1.374762399791159453e+02 6.233630292386265396e-08
1.376663397295688753e+02 6.076734246082573446e-08
1.378567023466460739e+02 5.923267541340907171e-08
1.380473281938348293e+02 5.773165185254969434e-08
1.382382176351253804e+02 5.626363333359786361e-08
1.384293710350109734e+02 5.482799265981096241e-08
1.386207887584889420e+02 5.342411365225802752e-08
1.388124711710613042e+02 5.205139092595536712e-08
1.390044186387354443e+02 5.070922967206062129e-08
1.391966315280252218e+02 4.939704544593850115e-08
1.393891102059508285e+02 4.811426396095851904e-08
1.395818550400402103e+02 4.686032088782402921e-08
1.397748663983294648e+02 4.563466165929508828e-08
1.399681446493634667e+02 4.443674128015341724e-08
1.401616901621971465e+02 4.326602414223521459e-08
1.403555033063953204e+02 4.212198384440933826e-08
1.405495844520339688e+02 4.100410301734219641e-08
1.407439339697008336e+02 3.991187315291053300e-08
1.409385522304959295e+02 3.884479443813015632e-08
1.411334396060328515e+02 3.780237559345959927e-08
1.413285964684386329e+02 3.678413371536692960e-08
1.415240231903550523e+02 3.578959412300699262e-08
1.417197201449391173e+02 3.481829020890539110e-08
1.419156877058637178e+02 3.386976329352735525e-08
1.421119262473188769e+02 3.294356248360327672e-08
1.423084361440116083e+02 3.203924453411282266e-08
1.425052177711671959e+02 3.115637371380068750e-08
1.427022715045298185e+02 3.029452167413143746e-08
1.428995977203630048e+02 2.945326732156514776e-08
1.430971967954511399e+02 2.863219669305453437e-08
1.432950691070990388e+02 2.783090283467603496e-08
1.434932150331334810e+02 2.704898568327504324e-08
1.436916349519036658e+02 2.628605195104993418e-08
1.438903292422818367e+02 2.554171501297036058e-08
1.440892982836645615e+02 2.481559479694876419e-08
1.442885424559726175e+02 2.410731767667189779e-08
1.444880621396522429e+02 2.341651636700589804e-08
1.446878577156757615e+02 2.274282982189807733e-08
1.448879295655421799e+02 2.208590313468913313e-08
1.450882780712784097e+02 2.144538744075814235e-08
1.452889036154392386e+02 2.082093982242618886e-08
1.454898065811085814e+02 2.021222321604312922e-08
1.456909873518999063e+02 1.961890632118284819e-08
1.458924463119576274e+02 1.904066351187607873e-08
1.460941838459568203e+02 1.847717474982140102e-08
1.462962003391047290e+02 1.792812549949393299e-08
1.464984961771411918e+02 1.739320664509699892e-08
1.467010717463392950e+02 1.687211440928945719e-08
1.469039274335067091e+02 1.636455027363022178e-08
1.471070636259855462e+02 1.587022090067961997e-08
1.473104807116536676e+02 1.538883805769687442e-08
1.475141790789252809e+02 1.492011854188459834e-08
1.477181591167515364e+02 1.446378410711940326e-08
1.479224212146218633e+02 1.401956139211759572e-08
1.481269657625638558e+02 1.358718184999155985e-08
1.483317931511445238e+02 1.316638167913584754e-08
1.485369037714710032e+02 1.275690175540495095e-08
1.487422980151910679e+02 1.235848756553045956e-08
1.489479762744944651e+02 1.197088914173696069e-08
1.491539389421129158e+02 1.159386099750992975e-08
1.493601864113212230e+02 1.122716206447577132e-08
1.495667190759380958e+02 1.087055563035192928e-08
1.497735373303266044e+02 1.052380927792904205e-08
1.499806415693956581e+02 1.018669482504555572e-08
1.501880321885996921e+02 9.858988265522875874e-09
1.503957095839402029e+02 9.540469711018802366e-09
1.506036741519662314e+02 9.230923333771485287e-09
1.508119262897749877e+02 8.930137310197037884e-09
1.510204663950133011e+02 8.637903765312675763e-09
1.512292948658773355e+02 8.354018717953633489e-09
1.514384121011140962e+02 8.078282026752594474e-09
1.516478185000218843e+02 7.810497336858668305e-09
1.518575144624510358e+02 7.550472027364633205e-09
1.520675003888052856e+02 7.298017159417844923e-09
1.522777766800415407e+02 7.052947424993724735e-09
1.524883437376712720e+02 6.815081096302276368e-09
1.526992019637612259e+02 6.584241089656258994e-09
1.529103517609338780e+02 6.360268204813638447e-09
1.531217935323689971e+02 6.143014649671374895e-09
1.533335276818033321e+02 5.932332874828077554e-09
1.535455546135320901e+02 5.728075540078465855e-09
1.537578747324095332e+02 5.530095714749764836e-09
1.539704884438495753e+02 5.338247066136250343e-09
1.541833961538272320e+02 5.152384036310412733e-09
1.543965982688783924e+02 4.972362007607185733e-09
1.546100951961012413e+02 4.798037457086102814e-09
1.548238873431569687e+02 4.629268100286483970e-09
1.550379751182702250e+02 4.465913024601677039e-09
1.552523589302306561e+02 4.307832812601086712e-09
1.554670391883927039e+02 4.154889655640280109e-09
1.556820163026770274e+02 4.006947458094796626e-09
1.558972906835711001e+02 3.863871932564957141e-09
1.561128627421298347e+02 3.725530686393820123e-09
1.563287328899770614e+02 3.591793299843487376e-09
1.565449015393052719e+02 3.462531396275267809e-09
1.567613691028771257e+02 3.337618704673426013e-09
1.569781359940260472e+02 3.216931114854946103e-09
1.571952026266568510e+02 3.100346725699263067e-09
1.574125694152471056e+02 2.987745886730330235e-09
1.576302367748471340e+02 2.879011233379659668e-09
1.578482051210812642e+02 2.774027716248852101e-09
1.580664748701485962e+02 2.672682624688584208e-09
1.582850464388235139e+02 2.574865605002863272e-09
1.585039202444573050e+02 2.480468673578408442e-09
1.587230967049777348e+02 2.389386225235077072e-09
1.589425762388907799e+02 2.301515037081736536e-09
1.591623592652809975e+02 2.216754268157416327e-09
1.593824462038123499e+02 2.135005455126159696e-09
1.596028374747295970e+02 2.056172504287325830e-09
1.598235334988580973e+02 1.980161680154961072e-09
1.600445346976052861e+02 1.906881590848508829e-09
1.602658414929612718e+02 1.836243170531197932e-09
1.604874543074996041e+02 1.768159659121668149e-09
1.607093735643785806e+02 1.702546579496754425e-09
1.609315996873411621e+02 1.639321712393646916e-09
1.611541331007164786e+02 1.578405069210780248e-09
1.613769742294201421e+02 1.519718862899463560e-09
1.616001234989558952e+02 1.463187477127502757e-09
1.618235813354153549e+02 1.408737433889637916e-09
1.620473481654794625e+02 1.356297359729966255e-09
1.622714244164192507e+02 1.305797950733449827e-09
1.624958105160962987e+02 1.257171936436286584e-09
1.627205068929643801e+02 1.210354042795954913e-09
1.629455139760692646e+02 1.165280954355581580e-09
1.631708321950500817e+02 1.121891275727813818e-09
1.633964619801401454e+02 1.080125492517826571e-09
1.636224037621674370e+02 1.039925931797595831e-09
1.638486579725562251e+02 1.001236722235766229e-09
1.640752250433268671e+02 9.640037539824411412e-10
1.643021054070972582e+02 9.281746384005510581e-10
1.645292994970834570e+02 8.936986677297621687e-10
1.647568077471004528e+02 8.605267747631463760e-10
1.649846305915636435e+02 8.286114926106158397e-10
1.652127684654885513e+02 7.979069146186493653e-10
1.654412218044924145e+02 7.683686545090378147e-10
1.656699910447948980e+02 7.399538067958899738e-10
1.658990766232185763e+02 7.126209075346403862e-10
1.661284789771906958e+02 6.863298954520119094e-10
1.663581985447427769e+02 6.610420735022280601e-10
1.665882357645122340e+02 6.367200708898397002e-10
1.668185910757430293e+02 6.133278055963506244e-10
1.670492649182862976e+02 5.908304474434437939e-10
1.672802577326019673e+02 5.691943817223833334e-10
1.675115699597584467e+02 5.483871734161781883e-10
1.677432020414343015e+02 5.283775320369739771e-10
1.679751544199187094e+02 5.091352770992229961e-10
1.682074275381124266e+02 4.906313042456633035e-10
1.684400218395290381e+02 4.728375520409453639e-10
1.686729377682949291e+02 4.557269694449761118e-10
1.689061757691508490e+02 4.392734839758225902e-10
1.691397362874524219e+02 4.234519705701161510e-10
1.693736197691710004e+02 4.082382211464533140e-10
1.696078266608951139e+02 3.936089148756889441e-10
1.698423574098303561e+02 3.795415891604564645e-10
1.700772124638007767e+02 3.660146113240606362e-10
1.703123922712497347e+02 3.530071510080361834e-10
1.705478972812405516e+02 3.404991532758799686e-10
1.707837279434579898e+02 3.284713124194416645e-10
1.710198847082080533e+02 3.169050464631484972e-10
1.712563680264196933e+02 3.057824723601909203e-10
1.714931783496452908e+02 2.950863818740451606e-10
1.717303161300615670e+02 2.848002181375374381e-10
1.719677818204709752e+02 2.749080528810298867e-10
1.722055758743015019e+02 2.653945643207679999e-10
1.724436987456084580e+02 2.562450156973547626e-10
1.726821508890748476e+02 2.474452344542345342e-10
1.729209327600123345e+02 2.389815920452994861e-10
1.731600448143626636e+02 2.308409843603384093e-10
1.733994875086975469e+02 2.230108127568683130e-10
1.736392613002201699e+02 2.154789656862278784e-10
1.738793666467660159e+02 2.082338009018769193e-10
1.741198040068033492e+02 2.012641282375135293e-10
1.743605738394350340e+02 1.945591929423376959e-10
1.746016766043982216e+02 1.881086595608817488e-10
1.748431127620659140e+02 1.819025963445551171e-10
1.750848827734477595e+02 1.759314601820730217e-10
1.753269871001906495e+02 1.701860820359213611e-10
1.755694262045803953e+02 1.646576528719680920e-10
1.758122005495415863e+02 1.593377100695047028e-10
1.760553105986389824e+02 1.542181242988143057e-10
1.762987568160784235e+02 1.492910868536987070e-10
1.765425396667074835e+02 1.445490974263951364e-10
1.767866596160170332e+02 1.399849523123735719e-10
1.770311171301410411e+02 1.355917330327923402e-10
1.772759126758582795e+02 1.313627953624264102e-10
1.775210467205929774e+02 1.272917587510979366e-10
1.777665197324154462e+02 1.233724961268368016e-10
1.780123321800438703e+02 1.195991240691444064e-10
1.782584845328439656e+02 1.159659933410357696e-10
1.785049772608306853e+02 1.124676797685863028e-10
1.787518108346689303e+02 1.090989754570844836e-10
1.789989857256742312e+02 1.058548803330489330e-10
1.792465024058143399e+02 1.027305940015596465e-10
1.794943613477092015e+02 9.972150790867501835e-11
1.797425630246323465e+02 9.682319779886318161e-11
1.799911079105116869e+02 9.403141645765507106e-11
1.802399964799308805e+02 9.134208672995260813e-11
1.804892292081294158e+02 8.875129480467777252e-11
1.807388065710040621e+02 8.625528375668266386e-11
1.809887290451095794e+02 8.385044733706068642e-11
1.812389971076596566e+02 8.153332400328085162e-11
1.814896112365283329e+02 7.930059118077055062e-11
1.817405719102498836e+02 7.714905974782995780e-11
1.819918796080204686e+02 7.507566873597045116e-11
1.822435348096989571e+02 7.307748023802655970e-11
1.824955379958074957e+02 7.115167451662294572e-11
1.827478896475332419e+02 6.929554530576235303e-11
1.830005902467282226e+02 6.750649529858156386e-11
1.832536402759109251e+02 6.578203181449310380e-11
1.835070402182670080e+02 6.411976263917547343e-11
1.837607905576501821e+02 6.251739203106200322e-11
1.840148917785837170e+02 6.097271688822014528e-11
1.842693443662602704e+02 5.948362306968083072e-11
1.845241488065437068e+02 5.804808186549237417e-11
1.847793055859696949e+02 5.666414660996871938e-11
1.850348151917464463e+02 5.532994943280533785e-11
1.852906781117564492e+02 5.404369814288046189e-11
1.855468948345563263e+02 5.280367323979684384e-11
1.858034658493783979e+02 5.160822504835563409e-11
1.860603916461315350e+02 5.045577097133887129e-11
1.863176727154017556e+02 4.934479285615757150e-11
1.865753095484541291e+02 4.827383447106269405e-11
1.868333026372324355e+02 4.724149908681596169e-11
1.870916524743608704e+02 4.624644715982115528e-11
1.873503595531448411e+02 4.528739411290969564e-11
1.876094243675717053e+02 4.436310821011811864e-11
1.878688474123124763e+02 4.347240852190843801e-11
1.881286291827215678e+02 4.261416297746873220e-11
1.883887701748386121e+02 4.178728650081867551e-11
1.886492708853891145e+02 4.099073922762544687e-11
1.889101318117852486e+02 4.022352479972395128e-11
1.891713534521276756e+02 3.948468873448058874e-11
1.894329363052050894e+02 3.877331686627334959e-11
1.896948808704961777e+02 3.808853385744439254e-11
1.899571876481703327e+02 3.742950177623479427e-11
1.902198571390883046e+02 3.679541873930296335e-11
1.904828898448040206e+02 3.618551761653912467e-11
1.907462862675644431e+02 3.559906479600891970e-11
1.910100469103111038e+02 3.503535900694142717e-11
1.912741722766810994e+02 3.449373019880460446e-11
1.915386628710076877e+02 3.397353847459019156e-11
1.918035191983221068e+02 3.347417307653519662e-11
1.920687417643534047e+02 3.299505142261058345e-11
1.923343310755300593e+02 3.253557787739077712e-11
1.926002876389809160e+02 3.209502274464476998e-11
1.928666119625357851e+02 3.167265138736738609e-11
1.931333045547273457e+02 3.126776545245028342e-11
1.934003659247908615e+02 3.087970086811049374e-11
1.936677965826659431e+02 3.050782596156744248e-11
1.939355970389973720e+02 3.015153968904127942e-11
1.942037678051357545e+02 2.981026997068122858e-11
1.944723093931395113e+02 2.948347212355377627e-11
1.947412223157743938e+02 2.917062738630602636e-11
1.950105070865155312e+02 2.887124152954903590e-11
1.952801642195479417e+02 2.858484354643030452e-11
1.955501942297675555e+02 2.831098441823805933e-11
1.958205976327828637e+02 2.804923595023220130e-11
1.960913749449146906e+02 2.779918967322778354e-11
1.963625266831980696e+02 2.756045580675363998e-11
1.966340533653829539e+02 2.733266227989740408e-11
1.969059555099350405e+02 2.711545380620142971e-11
1.971782336360375609e+02 2.690849100922113356e-11
1.974508882635910538e+02 2.671144959558214529e-11
1.977239199132151555e+02 2.652401957258013851e-11
1.979973291062494525e+02 2.634590450755816496e-11
1.982711163647541639e+02 2.617682082648727357e-11
1.985452822115120171e+02 2.601649714933185782e-11
1.988198271700281339e+02 2.586467365994689854e-11
1.990947517645315656e+02 2.572110150839350385e-11
1.993700565199762025e+02 2.558554224370058922e-11
1.996457419620423366e+02 2.545776727522230128e-11
1.999218086171366338e+02 2.533755736086006417e-11
2.001982570123937819e+02 2.522470212052973236e-11
2.004750876756774858e+02 2.511899957335313314e-11
2.007523011355810922e+02 2.502025569715449243e-11
2.010298979214294661e+02 2.492828400892425732e-11
2.013078785632789049e+02 2.484290516500596108e-11
2.015862435919187874e+02 2.476394657982876513e-11
2.018649935388724543e+02 2.469124206209126624e-11
2.021441289363980331e+02 2.462463146736578564e-11
2.024236503174902850e+02 2.456396036615437255e-11
2.027035582158803777e+02 2.450907972649485335e-11
2.029838531660376759e+02 2.445984561026446495e-11
2.032645357031706510e+02 2.441611888238346355e-11
2.035456063632275630e+02 2.437776493217562595e-11
2.038270656828985068e+02 2.434465340617898547e-11
2.041089141996149863e+02 2.431665795175707171e-11
2.043911524515518749e+02 2.429365597088848160e-11
2.046737809776283257e+02 2.427552838356408233e-11
2.049568003175083390e+02 2.426215940024704079e-11
2.052402110116028666e+02 2.425343630289403999e-11
2.055240136010695267e+02 2.424924923406415695e-11
2.058082086278143947e+02 2.424949099367099281e-11
2.060927966344928848e+02 2.425405684297150889e-11
2.063777781645106302e+02 2.426284431539955290e-11
2.066631537620252459e+02 2.427575303389203241e-11
2.069489239719462148e+02 2.429268453437027495e-11
2.072350893399366782e+02 2.431354209506862123e-11
2.075216504124143455e+02 2.433823057142252838e-11
2.078086077365522613e+02 2.436665623625042226e-11
2.080959618602807950e+02 2.439872662498461825e-11
2.083837133322872148e+02 2.443435038572555481e-11
2.086718627020178758e+02 2.447343713391233142e-11
2.089604105196787884e+02 2.451589731142136722e-11
2.092493573362366135e+02 2.456164204992079737e-11
2.095387037034204525e+02 2.461058303832660594e-11
2.098284501737218193e+02 2.466263239421959369e-11
2.101185973003962886e+02 2.471770253910167555e-11
2.104091456374645190e+02 2.477570607737863965e-11
2.107000957397130492e+02 2.483655567897896621e-11
2.109914481626961731e+02 2.490016396552193298e-11
2.112832034627358269e+02 2.496644339997080062e-11
2.115753621969233791e+02 2.503530617971362783e-11
2.118679249231205404e+02 2.510666413302764278e-11
2.121608921999601876e+02 2.518042861889743786e-11
2.124542645868483248e+02 2.525651043016481520e-11
2.127480426439639132e+02 2.533481970000277387e-11
2.130422269322606610e+02 2.541526581171422024e-11
2.133368180134679335e+02 2.549775731186816473e-11
2.136318164500916907e+02 2.558220182679363213e-11
2.139272228054163349e+02 2.566850598246497035e-11
2.142230376435045685e+02 2.575657532781590357e-11
2.145192615291991842e+02 2.584631426153617423e-11
2.148158950281240891e+02 2.593762596240372606e-11
2.151129387066851564e+02 2.603041232322280657e-11
2.154103931320720164e+02 2.612457388843840596e-11
2.157082588722580851e+02 2.622000979551032552e-11
2.160065364960022407e+02 2.631661772013415296e-11
2.163052265728499037e+02 2.641429382540312000e-11
2.166043296731338614e+02 2.651293271501299585e-11
2.169038463679761151e+02 2.661242739061568890e-11
2.172037772292878230e+02 2.671266921343252160e-11
2.175041228297711768e+02 2.681354787024513256e-11
2.178048837429202820e+02 2.691495134388350112e-11
2.181060605430220107e+02 2.701676588833635417e-11
2.184076538051580485e+02 2.711887600861194515e-11
2.187096641052046664e+02 2.722116444547787391e-11
2.190120920198345402e+02 2.732351216521617376e-11
2.193149381265179159e+02 2.742579835452309991e-11
2.196182030035232344e+02 2.752790042069334524e-11
2.199218872299192640e+02 2.762969399722106761e-11
2.202259913855747868e+02 2.773105295495367404e-11
2.205305160511606744e+02 2.783184941893239400e-11
2.208354618081507681e+02 2.793195379105151259e-11
2.211408292388226471e+02 2.803123477866651869e-11
2.214466189262598448e+02 2.812955942927743902e-11
2.217528314543513943e+02 2.822679317140814282e-11
2.220594674077940169e+02 2.832279986180250495e-11
2.223665273720926905e+02 2.841744183904482520e-11
2.226740119335626389e+02 2.851057998371515864e-11
2.229819216793292753e+02 2.860207378517277307e-11
2.232902571973300212e+02 2.869178141505999672e-11
2.235990190763153009e+02 2.877955980760746144e-11
2.239082079058494514e+02 2.886526474681030881e-11
2.242178242763126548e+02 2.894875096053660600e-11
2.245278687789008814e+02 2.902987222161352121e-11
2.248383420056277942e+02 2.910848145593046899e-11
2.251492445493256298e+02 2.918443085757745259e-11
2.254605770036461649e+02 2.925757201102833871e-11
2.257723399630628478e+02 2.932775602035933901e-11
2.260845340228703719e+02 2.939483364547877774e-11
2.263971597791868362e+02 2.945865544532664139e-11
2.267102178289546544e+02 2.951907192798560992e-11
2.270237087699414644e+02 2.957593370762063211e-11
2.273376332007421752e+02 2.962909166815549915e-11
2.276519917207786818e+02 2.967839713356093725e-11
2.279667849303020830e+02 2.972370204462018999e-11
2.282820134303933628e+02 2.976485914200615036e-11
2.285976778229645561e+02 2.980172215548890275e-11
2.289137787107606243e+02 2.983414599906427553e-11
2.292303166973593420e+02 2.986198697177440429e-11
2.295472923871733428e+02 2.988510296396292349e-11
2.298647063854509724e+02 2.990335366868789411e-11
2.301825592982773401e+02 2.991660079798686941e-11
2.305008517325762796e+02 2.992470830366395680e-11
2.308195842961102073e+02 2.992754260224589574e-11
2.311387575974821971e+02 2.992497280372575706e-11
2.314583722461368041e+02 2.991687094369041177e-11
2.317784288523611451e+02 2.990311221839978763e-11
2.320989280272869166e+02 2.988357522236453416e-11
2.324198703828901955e+02 2.985814218793975948e-11
2.327412565319935140e+02 2.982669922643278555e-11
2.330630870882667409e+02 2.978913657019788502e-11
2.333853626662281897e+02 2.974534881516387901e-11
2.337080838812465515e+02 2.969523516322598693e-11
2.340312513495407529e+02 2.963869966390684270e-11
2.343548656881820591e+02 2.957565145467216644e-11
2.346789275150950118e+02 2.950600499926893808e-11
2.350034374490583104e+02 2.942968032343653580e-11
2.353283961097071142e+02 2.934660324732440963e-11
2.356538041175326157e+02 2.925670561393540427e-11
2.359796620938842580e+02 2.915992551290041637e-11
2.363059706609706723e+02 2.905620749888295641e-11
2.366327304418606445e+02 2.894550280389685696e-11
2.369599420604852753e+02 2.882776954282025222e-11
2.372876061416376388e+02 2.870297291137904111e-11
2.376157233109750280e+02 2.857108537587488097e-11
2.379442941950199497e+02 2.843208685392929862e-11
2.382733194211609202e+02 2.828596488552191627e-11
2.386027996176547674e+02 2.813271479360301240e-11
2.389327354136263182e+02 2.797233983357153372e-11
2.392631274390706153e+02 2.780485133091783930e-11
2.395939763248538270e+02 2.763026880634677193e-11
2.399252827027142132e+02 2.744862008771282440e-11
2.402570472052643424e+02 2.725994140811572088e-11
2.405892704659908361e+02 2.706427748953460019e-11
2.409219531192564716e+02 2.686168161139778913e-11
2.412550958003012909e+02 2.665221566351619343e-11
2.415886991452434245e+02 2.643595018284217986e-11
2.419227637910813939e+02 2.621296564390068707e-11
2.422572903756937706e+02 2.598341429947964554e-11
2.425922795378415060e+02 2.574754523883416817e-11
2.429277319171686997e+02 2.550561728028036738e-11
2.432636481542037643e+02 2.525789127901405251e-11
2.436000288903615854e+02 2.500462970637777061e-11
2.439368747679431806e+02 2.474609623564098992e-11
2.442741864301380303e+02 2.448255533505961804e-11
2.446119645210249871e+02 2.421427186894066397e-11
2.449502096855732418e+02 2.394151070739282316e-11
2.452889225696446545e+02 2.366453634540724966e-11
2.456281038199933846e+02 2.338361253186696083e-11
2.459677540842681367e+02 2.309900190903796148e-11
2.463078740110129843e+02 2.281096566305478092e-11
2.466484642496694732e+02 2.251976318586816125e-11
2.469895254505765081e+02 2.222565174908157033e-11
2.473310582649724552e+02 2.192888619005152351e-11
2.476730633449962795e+02 2.162971861059226711e-11
2.480155413436883691e+02 2.132839808857973927e-11
2.483584929149929508e+02 2.102517040270258121e-11
2.487019187137577205e+02 2.072027777057429308e-11
2.490458193957361743e+02 2.041395860037271715e-11
2.493901956175885175e+02 2.010644725613672518e-11
2.497350480368827732e+02 1.979797383681079628e-11
2.500803773120969709e+02 1.948876396908677673e-11
2.504261841026189188e+02 1.917903861406397300e-11
2.507724690687484781e+02 1.886901388770071087e-11
2.511192328716985571e+02 1.855890089500626594e-11
2.514664761735960781e+02 1.824890557788875452e-11
2.518141996374843927e+02 1.793922857653483330e-11
2.521624039273228561e+02 1.763006510417986664e-11
2.525110897079892140e+02 1.732160483508576432e-11
2.528602576452806261e+02 1.701403180552984031e-11
2.532099084059145753e+02 1.670752432757260072e-11
2.535600426575313406e+02 1.640225491535210292e-11
2.539106610686935426e+02 1.609839022363864989e-11
2.542617643088885586e+02 1.579609099834690072e-11
2.546133530485295751e+02 1.549551203869925603e-11
2.549654279589564680e+02 1.519680217071199554e-11
2.553179897124382762e+02 1.490010423165472569e-11
2.556710389821728029e+02 1.460555506513138855e-11
2.560245764422890602e+02 1.431328552640633400e-11
2.563786027678482355e+02 1.402342049760038208e-11
2.567331186348446295e+02 1.373607891236186442e-11
2.570881247202082136e+02 1.345137378961586463e-11
2.574436217018040907e+02 1.316941227599190489e-11
2.577996102584349956e+02 1.289029569651401983e-11
2.581560910698423754e+02 1.261411961314581011e-11
2.585130648167072991e+02 1.234097389077397429e-11
2.588705321806527877e+02 1.207094277021479474e-11
2.592284938442438147e+02 1.180410494782868986e-11
2.595869504909891816e+02 1.154053366132628119e-11
2.599459028053431098e+02 1.128029678135810405e-11
2.603053514727057518e+02 1.102345690847599028e-11
2.606652971794259770e+02 1.077007147506310364e-11
2.610257406128008597e+02 1.052019285183577173e-11
2.613866824610782373e+02 1.027386845852293868e-11
2.617481234134575061e+02 1.003114087833732330e-11
2.621100641600908148e+02 9.792047975860857229e-12
2.624725053920855657e+02 9.556623017976138258e-12
2.628354478015039035e+02 9.324894797481650046e-12
2.631988920813652157e+02 9.096887759039715227e-12
2.635628389256472133e+02 8.872622127116315573e-12
2.639272890292869533e+02 8.652114035583983012e-12
2.642922430881832838e+02 8.435375658663997841e-12
2.646577017991965022e+02 8.222415342903301029e-12
2.650236658601506861e+02 8.013237739886936488e-12
2.653901359698350007e+02 7.807843939400570071e-12
2.657571128280045514e+02 7.606231602769925058e-12
2.661245971353828281e+02 7.408395096116299193e-12
2.664925895936614779e+02 7.214325623278381394e-12
2.668610909055028060e+02 7.024011358162226553e-12
2.672301017745405147e+02 6.837437576297129675e-12
2.675996229053812385e+02 6.654586785382169220e-12
2.679696550036066469e+02 6.475438854624529581e-12
2.683401987757732172e+02 6.299971142681524096e-12
2.687112549294148494e+02 6.128158624028550713e-12
2.690828241730437185e+02 5.959974013590327033e-12
2.694549072161513550e+02 5.795387889481757534e-12
2.698275047692113162e+02 5.634368813715707178e-12
2.702006175436787885e+02 5.476883450751545241e-12
2.705742462519929177e+02 5.322896683761122199e-12
2.709483916075780598e+02 5.172371728505932212e-12
2.713230543248447475e+02 5.025270244728506593e-12
2.716982351191923044e+02 4.881552444968213215e-12
2.720739347070083909e+02 4.741177200725724768e-12
2.724501538056716186e+02 4.604102145907184010e-12
2.728268931335521756e+02 4.470283777488937157e-12
2.732041534100146123e+02 4.339677553352482387e-12
2.735819353554172721e+02 4.212237987250562921e-12
2.739602396911147935e+02 4.087918740867380271e-12
2.743390671394594165e+02 3.966672712950773095e-12
2.747184184238020066e+02 3.848452125496365559e-12
2.750982942684942714e+02 3.733208606974531261e-12
2.754786953988889877e+02 3.620893272595157965e-12
2.758596225413419916e+02 3.511456801612974966e-12
2.762410764232135989e+02 3.404849511681824365e-12
2.766230577728696289e+02 3.301021430273117692e-12
2.770055673196839621e+02 3.199922363176537726e-12
2.773886057940380852e+02 3.101501960109221831e-12
2.777721739273238768e+02 3.005709777462153575e-12
2.781562724519443464e+02 2.912495338217419333e-12
2.785409021013152255e+02 2.821808189074453309e-12
2.789260636098670716e+02 2.733597954827013689e-12
2.793117577130452673e+02 2.647814390035738638e-12
2.796979851473123517e+02 2.564407428044334547e-12
2.800847466501492704e+02 2.483327227390277820e-12
2.804720429600564557e+02 2.404524215664619293e-12
2.808598748165563848e+02 2.327949130874949216e-12
2.812482429601932381e+02 2.253553060371396476e-12
2.816371481325356285e+02 2.181287477393658385e-12
2.820265910761773966e+02 2.111104275301570952e-12
2.824165725347390890e+02 2.042955799550867998e-12
2.828070932528702883e+02 1.976794877477764684e-12
2.831981539762495004e+02 1.912574845958000689e-12
2.835897554515865977e+02 1.850249577003864698e-12
2.839818984266238999e+02 1.789773501365763198e-12
2.843745836501375379e+02 1.731101630204558107e-12
2.847678118719397844e+02 1.674189574899901367e-12
2.851615838428789402e+02 1.618993565061415039e-12
2.855559003148418924e+02 1.565470464808377410e-12
2.859507620407550803e+02 1.513577787383232061e-12
2.863461697745859738e+02 1.463273708164604446e-12
2.867421242713453466e+02 1.414517076143735365e-12
2.871386262870871633e+02 1.367267423929391217e-12
2.875356765789111364e+02 1.321484976342914985e-12
2.879332759049639208e+02 1.277130657666883252e-12
2.883314250244401364e+02 1.234166097608047468e-12
2.887301246975851541e+02 1.192553636035147632e-12
2.891293756856947539e+02 1.152256326550618598e-12
2.895291787511176267e+02 1.113237938953979782e-12
2.899295346572566814e+02 1.075462960654180226e-12
2.903304441685701818e+02 1.038896597085696897e-12
2.907319080505741908e+02 1.003504771183002574e-12
2.911339270698426276e+02 9.692541219659494689e-13
2.915365019940096545e+02 9.361120022876193598e-13
2.919396335917708143e+02 9.040464757942405627e-13
2.923433226328844512e+02 8.730263131459087662e-13
2.927475698881740414e+02 8.430209875451411616e-13
2.931523761295281361e+02 8.140006696188094940e-13
2.935577421299030334e+02 7.859362216972049605e-13
2.939636686633235740e+02 7.587991915333717372e-13
2.943701565048849602e+02 7.325618055032689556e-13
2.947772064307548590e+02 7.071969613265779804e-13
2.951848192181732884e+02 6.826782203465532524e-13
2.955929956454555168e+02 6.589797994050321396e-13
2.960017364919928582e+02 6.360765623482867620e-13
2.964110425382541507e+02 6.139440111972573813e-13
2.968209145657883141e+02 5.925582770146932625e-13
2.972313533572241226e+02 5.718961105000967909e-13
2.976423596962728197e+02 5.519348723420144781e-13
2.980539343677293687e+02 5.326525233560110470e-13
2.984660781574735324e+02 5.140276144353574851e-13
2.988787918524729434e+02 4.960392763397935463e-13
2.992920762407821940e+02 4.786672093470577376e-13
2.997059321115461330e+02 4.618916727901257239e-13
3.001203602550007759e+02 4.456934745021718485e-13
3.005353614624744409e+02 4.300539601899472694e-13
3.009509365263908194e+02 4.149550027553409655e-13
3.013670862402681223e+02 4.003789915835459001e-13
3.017838113987224347e+02 3.863088218152452109e-13
3.022011127974685110e+02 3.727278836192770170e-13
3.026189912333209691e+02 3.596200514812623880e-13
3.030374475041974165e+02 3.469696735223629532e-13
3.034564824091176547e+02 3.347615608620270107e-13
3.038760967482067485e+02 3.229809770369370148e-13
3.042962913226959927e+02 3.116136274881255011e-13
3.047170669349252989e+02 3.006456283527963085e-13
3.051384243883432532e+02 2.900633306357125565e-13
3.055603644875097302e+02 2.798534251556223113e-13
3.059828880380971441e+02 2.700030433117920340e-13
3.064059958468916420e+02 2.604997445478212586e-13
3.068296887217958329e+02 2.513315030331088973e-13
3.072539674718287870e+02 2.424866947123647343e-13
3.076788329071282533e+02 2.339540847151855624e-13
3.081042858389525350e+02 2.257228151179846379e-13
3.085303270796812853e+02 2.177823930503609045e-13
3.089569574428182932e+02 2.101226791382337457e-13
3.093841777429916533e+02 2.027338762761317549e-13
3.098119887959558696e+02 1.956065187210396377e-13
3.102403914185936742e+02 1.887314615002933170e-13
3.106693864289169369e+02 1.820998701261819618e-13
3.110989746460697916e+02 1.757032106099288632e-13
3.115291568903278971e+02 1.695332397678663396e-13
3.119599339831015641e+02 1.635819958126590553e-13
3.123913067469370617e+02 1.578417892225783658e-13
3.128232760055175277e+02 1.523051938819933290e-13
3.132558425836662650e+02 1.469650384861522577e-13
3.136890073073459462e+02 1.418143982036896735e-13
3.141227710036618532e+02 1.368465865902209721e-13
3.145571345008629009e+02 1.320551477465344320e-13
3.149920986283429443e+02 1.274338487150900989e-13
3.154276642166437910e+02 1.229766721084927753e-13
3.158638320974546900e+02 1.186778089639333699e-13
3.163006031036151171e+02 1.145316518174449629e-13
3.167379780691163660e+02 1.105327879921614867e-13
3.171759578291025718e+02 1.066759930947852113e-13
3.176145432198736671e+02 1.029562247145550757e-13
3.180537350788850404e+02 9.936861631919531783e-14
3.184935342447503785e+02 9.590847134239585812e-14
3.189339415572430312e+02 9.257125745748075796e-14
3.193749578572972609e+02 8.935260103207997957e-14
3.198165839870110858e+02 8.624828175866239978e-14
3.202588207896460517e+02 8.325422745601725388e-14
3.207016691096299610e+02 8.036650903671517036e-14
3.211451297925584640e+02 7.758133563584940693e-14
3.215892036851959688e+02 7.489504989638807696e-14
3.220338916354788239e+02 7.230412340656678204e-14
3.224791944925150347e+02 6.980515228491450552e-14
3.229251131065868208e+02 6.739485290855806565e-14
3.233716483291523218e+02 6.507005778057776777e-14
3.238188010128467340e+02 6.282771153229640171e-14
3.242665720114852093e+02 6.066486705646230097e-14
3.247149621800625141e+02 5.857868176743708915e-14
3.251639723747560993e+02 5.656641398451510944e-14
3.256136034529272365e+02 5.462541943468476346e-14
3.260638562731224397e+02 5.275314787118475441e-14
3.265147316950765344e+02 5.094713980432182557e-14
3.269662305797119188e+02 4.920502334111088889e-14
3.274183537891419746e+02 4.752451113036493594e-14
3.278711021866722035e+02 4.590339741000060354e-14
3.283244766368014780e+02 4.433955515335660620e-14
3.287784780052249971e+02 4.283093331143953525e-14
3.292331071588342866e+02 4.137555414811667666e-14
3.296883649657196429e+02 3.997151066529281021e-14
3.301442522951718956e+02 3.861696411525623969e-14
3.306007700176835442e+02 3.731014159742115747e-14
3.310579190049518843e+02 3.604933373678667776e-14
3.315157001298783825e+02 3.483289244149823445e-14
3.319741142665720304e+02 3.365922873697299743e-14
3.324331622903505377e+02 3.252681067414062634e-14
3.328928450777414696e+02 3.143416130939298903e-14
3.333531635064856573e+02 3.037985675392414872e-14
3.338141184555365157e+02 2.936252429022416796e-14
3.342757108050632269e+02 2.838084055350702926e-14
3.347379414364521608e+02 2.743352977597799103e-14
3.352008112323078990e+02 2.651936209186572535e-14
3.356643210764567016e+02 2.563715190121956016e-14
3.361284718539457685e+02 2.478575629054966225e-14
3.365932644510467071e+02 2.396407350840243664e-14
3.370586997552559865e+02 2.317104149407677720e-14
3.375247786552986327e+02 2.240563645768962126e-14
3.379915020411273190e+02 2.166687150989720897e-14
3.384588708039258336e+02 2.095379533959391636e-14
3.389268858361101593e+02 2.026549093799488529e-14
3.393955480313300654e+02 1.960107436753120026e-14
3.398648582844718931e+02 1.895969357404897571e-14
3.403348174916586686e+02 1.834052724086050245e-14
3.408054265502526050e+02 1.774278368321113018e-14
3.412766863588569777e+02 1.716569978180400073e-14
3.417485978173172043e+02 1.660853995404583792e-14
3.422211618267240283e+02 1.607059516173215686e-14
3.426943792894132912e+02 1.555118195392257697e-14
3.431682511089686614e+02 1.504964154379918356e-14
3.436427781902235665e+02 1.456533891834751423e-14
3.441179614392619897e+02 1.409766197972416299e-14
3.445938017634221069e+02 1.364602071721894098e-14
3.450703000712955486e+02 1.320984640876331590e-14
3.455474572727307532e+02 1.278859085094906559e-14
3.460252742788342744e+02 1.238172561657856366e-14
3.465037520019721455e+02 1.198874133878498440e-14
3.469828913557731198e+02 1.160914702079993440e-14
3.474626932551281584e+02 1.124246937047412587e-14
3.479431586161937275e+02 1.088825215868168778e-14
3.484242883563931059e+02 1.054605560078033335e-14
3.489060833944178626e+02 1.021545576031186562e-14
3.493885446502309833e+02 9.896043974164131510e-15
3.498716730450664159e+02 9.587426298444320094e-15
3.503554695014324238e+02 9.289222974325722088e-15
3.508399349431127803e+02 9.001067913169862151e-15
3.513250702951684730e+02 8.722608200239634132e-15
3.518108764839405467e+02 8.453503616347138501e-15
3.522973544370499894e+02 8.193426176800213913e-15
3.527845050834008021e+02 7.942059687032999843e-15
3.532723293531815898e+02 7.699099314327947442e-15
3.537608281778665855e+02 7.464251175058372095e-15
3.542500024902194014e+02 7.237231936895247702e-15
3.547398532242922329e+02 7.017768435447677704e-15
3.552303813154292129e+02 6.805597304819557219e-15
3.557215877002679463e+02 6.600464621584722880e-15
3.562134733167407603e+02 6.402125561701306113e-15
3.567060391040780019e+02 6.210344069898929476e-15
3.571992860028078667e+02 6.024892541095809351e-15
3.576932149547592417e+02 5.845551513407934550e-15
3.581878269030634101e+02 5.672109372336493883e-15
3.586831227921555296e+02 5.504362065732003551e-15
3.591791035677777586e+02 5.342112829143330809e-15
3.596757701769788582e+02 5.185171921180436720e-15
3.601731235681175463e+02 5.033356368527293789e-15
3.606711646908639182e+02 4.886489720256316982e-15
3.611698944962009250e+02 4.744401811108755847e-15
3.616693139364276135e+02 4.606928533414464095e-15
3.621694239651586713e+02 4.473911617341405297e-15
3.626702255373279513e+02 4.345198419168684151e-15
3.631717196091895516e+02 4.220641717294485931e-15
3.636739071383197484e+02 4.100099515697791443e-15
3.641767890836197807e+02 3.983434854581427285e-15
3.646803664053159650e+02 3.870515627936903540e-15
3.651846400649626503e+02 3.761214407778159287e-15
3.656896110254438099e+02 3.655408274801105571e-15
3.661952802509745197e+02 3.552978655235523738e-15
3.667016487071043116e+02 3.453811163662182028e-15
3.672087173607166619e+02 3.357795451579668210e-15
3.677164871800324590e+02 3.264825061508087426e-15
3.682249591346114244e+02 3.174797286429513713e-15
3.687341341953536471e+02 3.087613034369596342e-15
3.692440133345028244e+02 3.003176697931313865e-15
3.697545975256458632e+02 2.921396028601461265e-15
3.702658877437164620e+02 2.842182015652958709e-15
3.707778849649963604e+02 2.765448769476854097e-15
3.712905901671168749e+02 2.691113409180009695e-15
3.718040043290623089e+02 2.619095954292746201e-15
3.723181284311696686e+02 2.549319220436463644e-15
3.728329634551317326e+02 2.481708718804545672e-15
3.733485103839985868e+02 2.416192559317579164e-15
3.738647702021806367e+02 2.352701357317922129e-15
3.743817438954484373e+02 2.291168143673754870e-15
3.748994324509360467e+02 2.231528278166789127e-15
3.754178368571425040e+02 2.173719366043557531e-15
3.759369581039333070e+02 2.117681177614538180e-15
3.764567971825438804e+02 2.063355570787520704e-15
3.769773550855792337e+02 2.010686416429226431e-15
3.774986328070172021e+02 1.959619526450063376e-15
3.780206313422101516e+02 1.910102584512070937e-15
3.785433516878864566e+02 1.862085079263986415e-15
3.790667948421537972e+02 1.815518240009909954e-15
3.795909618044989315e+02 1.770354974722955950e-15
3.801158535757911068e+02 1.726549810316587883e-15
3.806414711582834229e+02 1.684058835091401574e-15
3.811678155556146521e+02 1.642839643276951426e-15
3.816948877728124785e+02 1.602851281591827796e-15
3.822226888162931004e+02 1.564054197747528062e-15
3.827512196938648117e+02 1.526410190824654140e-15
3.832804814147295360e+02 1.489882363120008416e-15
3.838104749894842485e+02 1.454434542213793197e-15
3.843412014301244994e+02 1.420030241363525642e-15
3.848726617500440739e+02 1.386634047849604884e-15
3.854048569640385722e+02 1.354211885980231289e-15
3.859377880883065473e+02 1.322730961975211193e-15
3.864714561404516644e+02 1.292159711297233569e-15
3.870058621394857141e+02 1.262467748315098215e-15
3.875410071058283279e+02 1.233625818188582538e-15
3.880768920613107298e+02 1.205605750869981106e-15
3.886135180291769871e+02 1.178380417123469545e-15
3.891508860340856586e+02 1.151923686467436016e-15
3.896889971021135466e+02 1.126210386949828626e-15
3.902278522607549007e+02 1.101216266671854469e-15
3.907674525389252835e+02 1.076917956978064901e-15
3.913077989669630483e+02 1.053292937236290965e-15
3.918488925766307602e+02 1.030319501133713459e-15
3.923907344011190617e+02 1.007976724419580068e-15
3.929333254750459332e+02 9.862444340280115618e-16
3.934766668344604454e+02 9.651031785178124628e-16
3.940207595168442367e+02 9.445341997692163952e-16
3.945656045611133891e+02 9.245194058805645967e-16
3.951112030076214410e+02 9.050413452100966981e-16
3.956575558981595577e+02 8.860831815116762188e-16
3.962046642759598285e+02 8.676286701145698214e-16
3.967525291856969147e+02 8.496621351007276725e-16
3.973011516734894712e+02 8.321684474346754684e-16
3.978505327869041821e+02 8.151330040035135134e-16
3.984006735749548511e+02 7.985417075265279557e-16
3.989515750881063809e+02 7.823809472956026208e-16
3.995032383782761940e+02 7.666375807098459456e-16
4.000556644988358244e+02 7.512989155692262506e-16
4.006088545046147260e+02 7.363526930936969466e-16
4.011628094518997045e+02 7.217870716363166977e-16
4.017175303984384414e+02 7.075906110594678205e-16
4.022730184034414265e+02 6.937522577456733444e-16
4.028292745275833227e+02 6.802613302150733520e-16
4.033862998330067171e+02 6.671075053233814612e-16
4.039440953833216668e+02 6.542808050152530267e-16
4.045026622436094499e+02 6.417715836089236502e-16
4.050620014804240441e+02 6.295705155893101561e-16
4.056221141617937747e+02 6.176685838879094474e-16
4.061830013572252369e+02 6.060570686284187519e-16
4.067446641377025003e+02 5.947275363184419195e-16
4.073071035756910874e+02 5.836718294681300018e-16
4.078703207451394519e+02 5.728820566177700867e-16
4.084343167214807409e+02 5.623505827569094655e-16
4.089990925816363756e+02 5.520700201186408461e-16
4.095646494040156540e+02 5.420332193331720963e-16
4.101309882685196158e+02 5.322332609256184996e-16
4.106981102565424635e+02 5.226634471436703136e-16
4.112660164509733249e+02 5.133172941013872641e-16
4.118347079361999477e+02 5.041885242258790434e-16
4.124041857981084718e+02 4.952710589945056293e-16
4.129744511240867837e+02 4.865590119503226503e-16
4.135455050030265056e+02 4.780466819846122756e-16
4.141173485253245303e+02 4.697285468752409062e-16
4.146899827828868297e+02 4.615992570705129456e-16
4.152634088691278293e+02 4.536536297085370201e-16
4.158376278789745584e+02 4.458866428623119284e-16
4.164126409088674450e+02 4.382934300015312207e-16
4.169884490567644093e+02 4.308692746622752068e-16
4.175650534221404655e+02 4.236096053162035212e-16
4.181424551059912460e+02 4.165099904311363373e-16
4.187206552108348205e+02 4.095661337154275527e-16
4.192996548407134014e+02 4.027738695387721375e-16
4.198794551011971521e+02 3.961291585222531877e-16
4.204600570993837323e+02 3.896280832911288633e-16
4.210414619439019930e+02 3.832668443836432433e-16
4.216236707449139658e+02 3.770417563098740383e-16
4.222066846141161705e+02 3.709492437545672886e-16
4.227905046647438212e+02 3.649858379183632605e-16
4.233751320115700310e+02 3.591481729919438782e-16
4.239605677709099609e+02 3.534329827579026030e-16
4.245468130606224122e+02 3.478370973153276403e-16
4.251338690001113605e+02 3.423574399223792651e-16
4.257217367103301626e+02 3.369910239522052076e-16
4.263104173137807038e+02 3.317349499578548248e-16
4.268999119345177178e+02 3.265864028419505980e-16
4.274902216981499805e+02 3.215426491271306945e-16
4.280813477318425839e+02 3.166010343233273608e-16
4.286732911643203465e+02 3.117589803882001255e-16
4.292660531258676997e+02 3.070139832772285655e-16
4.298596347483323257e+02 3.023636105799223553e-16
4.304540371651270902e+02 2.978054992389862527e-16
4.310492615112316912e+02 2.933373533492583476e-16
4.316453089231965237e+02 2.889569420333999409e-16
4.322421805391422254e+02 2.846620973914807360e-16
4.328398774987637694e+02 2.804507125216152536e-16
4.334384009433320557e+02 2.763207396090890368e-16
4.340377520156955029e+02 2.722701880813276745e-16
4.346379318602844251e+02 2.682971228262884175e-16
4.352389416231101222e+02 2.643996624719378299e-16
4.358407824517690869e+02 2.605759777245338448e-16
4.364434554954447094e+02 2.568242897635265850e-16
4.370469619049089260e+02 2.531428686910037392e-16
4.376513028325263122e+02 2.495300320337026209e-16
4.382564794322536841e+02 2.459841432956210479e-16
4.388624928596437940e+02 2.425036105593898832e-16
4.394693442718474330e+02 2.390868851346631168e-16
4.400770348276148525e+02 2.357324602517611491e-16
4.406855656873001976e+02 2.324388697989483387e-16
4.412949380128605412e+02 2.292046871018290166e-16
4.419051529678602037e+02 2.260285237432329207e-16
4.425162117174726291e+02 2.229090284222073246e-16
4.431281154284817489e+02 2.198448858507063151e-16
4.437408652692864734e+02 2.168348156866084943e-16
4.443544624098997815e+02 2.138775715017935590e-16
4.449689080219532116e+02 2.109719397839853312e-16
4.455842032786981690e+02 2.081167389712398994e-16
4.462003493550081998e+02 2.053108185178265533e-16
4.468173474273826287e+02 2.025530579904726157e-16
4.474351986739462745e+02 1.998423661938861318e-16
4.480539042744536573e+02 1.971776803244806325e-16
4.486734654102904756e+02 1.945579651513921666e-16
4.492938832644755962e+02 1.919822122237527061e-16
4.499151590216652039e+02 1.894494391033915461e-16
4.505372938681521191e+02 1.869586886220064546e-16
4.511602889918701180e+02 1.845090281619806820e-16
4.517841455823955812e+02 1.820995489600771578e-16
4.524088648309492555e+02 1.797293654331349068e-16
4.530344479304006313e+02 1.773976145250594573e-16
4.536608960752672033e+02 1.751034550744112224e-16
4.542882104617187338e+02 1.728460672017934017e-16
4.549163922875789581e+02 1.706246517164656563e-16
4.555454427523275172e+02 1.684384295414454537e-16
4.561753630571041640e+02 1.662866411565183552e-16
4.568061544047079678e+02 1.641685460585537912e-16
4.574378179996018048e+02 1.620834222384958521e-16
4.580703550479140631e+02 1.600305656745114307e-16
4.587037667574404054e+02 1.580092898407370518e-16
4.593380543376481455e+02 1.560189252310933907e-16
4.599732189996754528e+02 1.540588188976714319e-16
4.606092619563358426e+02 1.521283340032137484e-16
4.612461844221193132e+02 1.502268493871899992e-16
4.618839876131967799e+02 1.483537591450438396e-16
4.625226727474193353e+02 1.465084722201735757e-16
4.631622410443225704e+02 1.446904120081985378e-16
4.638026937251285062e+02 1.428990159731377227e-16
4.644440320127473001e+02 1.411337352750856640e-16
4.650862571317816219e+02 1.393940344090132628e-16
4.657293703085259722e+02 1.376793908543472192e-16
4.663733727709711161e+02 1.359892947349360509e-16
4.670182657488058453e+02 1.343232484891041381e-16
4.676640504734188539e+02 1.326807665494428270e-16
4.683107281779029449e+02 1.310613750320107949e-16
4.689583000970547459e+02 1.294646114346831309e-16
4.696067674673786883e+02 1.278900243443012452e-16
4.702561315270890532e+02 1.263371731523643661e-16
4.709063935161118479e+02 1.248056277789889166e-16
4.715575546760890120e+02 1.232949684048555755e-16
4.722096162503780192e+02 1.218047852109149087e-16
4.728625794840561412e+02 1.203346781255580163e-16
4.735164456239222091e+02 1.188842565790590471e-16
4.741712159184987740e+02 1.174531392650251154e-16
4.748268916180360861e+02 1.160409539086491814e-16
4.754834739745119236e+02 1.146473370415343160e-16
4.761409642416357428e+02 1.132719337828974339e-16
4.767993636748505537e+02 1.119143976269290264e-16
4.774586735313349095e+02 1.105743902361329775e-16
4.781188950700071700e+02 1.092515812404490629e-16
4.787800295515252174e+02 1.079456480419657495e-16
4.794420782382903781e+02 1.066562756250794991e-16
4.801050423944498675e+02 1.053831563718698366e-16
4.807689232858982677e+02 1.041259898826019396e-16
4.814337221802821887e+02 1.028844828011312954e-16
4.820994403469995859e+02 1.016583486450833837e-16
4.827660790572041947e+02 1.004473080783440315e-16
4.834336395838076328e+02 9.925110043328213291e-17
4.841021232014809357e+02 9.806948417729735944e-17
4.847715311866594448e+02 9.690222349056382662e-17
4.854418648175418980e+02 9.574908743285137774e-17
4.861131253740950342e+02 9.460984983579494221e-17
4.867853141380556394e+02 9.348428919777042596e-17
4.874584323929321386e+02 9.237218858130490378e-17
4.881324814240094270e+02 9.127333551293479500e-17
4.888074625183481317e+02 9.018752188547585804e-17
4.894833769647891017e+02 8.911454386259898853e-17
4.901602260539553413e+02 8.805420178569070638e-17
4.908380110782539987e+02 8.700630008290878404e-17
4.915167333318809710e+02 8.597064718037003012e-17
4.921963941108201084e+02 8.494705541544873200e-17
4.928769947128478748e+02 8.393534095207720280e-17
4.935585364375352810e+02 8.293532369803725300e-17
4.942410205862497605e+02 8.194682722416856943e-17
4.949244484621600009e+02 8.096967868544169028e-17
4.956088213702348639e+02 8.000370874385669999e-17
4.962941406172485017e+02 7.904875149310647055e-17
4.969804075117818343e+02 7.810464438496917201e-17
4.976676233642249372e+02 7.717122815737346408e-17
4.983557894867811910e+02 7.624834676409348657e-17
4.990449071934670542e+02 7.533584730604399265e-17
4.997349778001166101e+02 7.443357996410822645e-17
5.004260026243832158e+02 7.354139793348651495e-17
5.011179829857418895e+02 7.265915735949525465e-17
5.018109202054937441e+02 7.178671727480697450e-17
5.025048156067653053e+02 7.092393953807827634e-17
5.031996705145134001e+02 7.007068877392188343e-17
5.038954862555268051e+02 6.922683231421151873e-17
5.045922641584285202e+02 6.839224014066083053e-17
5.052900055536803166e+02 6.756678482864991397e-17
5.059887117735820539e+02 6.675034149228874178e-17
5.066883841522765124e+02 6.594278773064050399e-17
5.073890240257512119e+02 6.514400357512269247e-17
5.080906327318405715e+02 6.435387143802319084e-17
5.087932116102305145e+02 6.357227606211659140e-17
5.094967620024578423e+02 6.279910447135180958e-17
5.102012852519150670e+02 6.203424592257391986e-17
5.109067827038521159e+02 6.127759185827388971e-17
5.116132557053787195e+02 6.052903586031696944e-17
5.123207056054689019e+02 5.978847360463509470e-17
5.130291337549605259e+02 5.905580281687310819e-17
5.137385415065597272e+02 5.833092322893398686e-17
5.144489302148427896e+02 5.761373653643050736e-17
5.151603012362605796e+02 5.690414635700020878e-17
5.158726559291380909e+02 5.620205818947554221e-17
5.165859956536788786e+02 5.550737937388200386e-17
5.173003217719679014e+02 5.482001905223785554e-17
5.180156356479724309e+02 5.413988813015328794e-17
5.187319386475479632e+02 5.346689923918806745e-17
5.194492321384365141e+02 5.280096669996697022e-17
5.201675174902725303e+02 5.214200648602392031e-17
5.208867960745837991e+02 5.148993618836149517e-17
5.216070692647945179e+02 5.084467498070888748e-17
5.223283384362293873e+02 5.020614358545597612e-17
5.230506049661133829e+02 4.957426424025998743e-17
5.237738702335765311e+02 4.894896066529455421e-17
5.244981356196554998e+02 4.833015803113531769e-17
5.252234025072965551e+02 4.771778292726282549e-17
5.259496722813596534e+02 4.711176333117223617e-17
5.266769463286181008e+02 4.651202857807179754e-17
5.274052260377634411e+02 4.591850933115668799e-17
5.281345127994073891e+02 4.533113755245584212e-17
5.288648080060839902e+02 4.474984647421588578e-17
5.295961130522546227e+02 4.417457057083583166e-17
5.303284293343072022e+02 4.360524553132349544e-17
5.310617582505610699e+02 4.304180823226786387e-17
5.317961012012692663e+02 4.248419671131715979e-17
5.325314595886202369e+02 4.193235014114773879e-17
5.332678348167434024e+02 4.138620880391388286e-17
5.340052282917077946e+02 4.084571406617928616e-17
5.347436414215273999e+02 4.031080835429626238e-17
5.354830756161632053e+02 3.978143513025110734e-17
5.362235322875254724e+02 3.925753886794364321e-17
5.369650128494780574e+02 3.873906502990442649e-17
5.377075187178386386e+02 3.822596004443831675e-17
5.384510513103830363e+02 3.771817128318239463e-17
5.391956120468474865e+02 3.721564703907351434e-17
5.399412023489311423e+02 3.671833650471796564e-17
5.406878236403002802e+02 3.622618975114834947e-17
5.414354773465885273e+02 3.573915770697468682e-17
5.421841648954011816e+02 3.525719213790579297e-17
5.429338877163177131e+02 3.478024562664301882e-17
5.436846472408939235e+02 3.430827155314232237e-17
5.444364449026664943e+02 3.384122407522897959e-17
5.451892821371528726e+02 3.337905810956453398e-17
5.459431603818563872e+02 3.292172931296130095e-17
5.466980810762676128e+02 3.246919406403208889e-17
5.474540456618672124e+02 3.202140944517566055e-17
5.482110555821311664e+02 3.157833322488561515e-17
5.489691122825291814e+02 3.113992384038895266e-17
5.497282172105307154e+02 3.070614038059338474e-17
5.504883718156067971e+02 3.027694256934971544e-17
5.512495775492317307e+02 2.985229074902116895e-17
5.520118358648891217e+02 2.943214586435432102e-17
5.527751482180703988e+02 2.901646944664738167e-17
5.535395160662803846e+02 2.860522359820962920e-17
5.543049408690392283e+02 2.819837097711269191e-17
5.550714240878845658e+02 2.779587478222383529e-17
5.558389671863769763e+02 2.739769873851812688e-17
5.566075716300990734e+02 2.700380708267124158e-17
5.573772388866603933e+02 2.661416454892167213e-17
5.581479704257001231e+02 2.622873635520062846e-17
5.589197677188889202e+02 2.584748818953217123e-17
5.596926322399342553e+02 2.547038619669007025e-17
5.604665654645795030e+02 2.509739696511588065e-17
5.612415688706096262e+02 2.472848751409101996e-17
5.620176439378527675e+02 2.436362528116439603e-17
5.627947921481826370e+02 2.400277810982260967e-17
5.635730149855239688e+02 2.364591423741285783e-17
5.643523139358519529e+02 2.329300228330568746e-17
5.651326904871966690e+02 2.294401123729977861e-17
5.659141461296460420e+02 2.259891044826313633e-17
5.666966823553478889e+02 2.225766961301049081e-17
5.674803006585152616e+02 2.192025876541342698e-17
5.682650025354251966e+02 2.158664826574115730e-17
5.690507894844247403e+02 2.125680879022696421e-17
5.698376630059320860e+02 2.093071132086348621e-17
5.706256246024418033e+02 2.060832713541756616e-17
5.714146757785247246e+02 2.028962779766907743e-17
5.722048180408322651e+02 1.997458514786772848e-17
5.729960528980996060e+02 1.966317129340451758e-17
5.737883818611473998e+02 1.935535859970099334e-17
5.745818064428872276e+02 1.905111968130733846e-17
5.753763281583209164e+02 1.875042739321618221e-17
5.761719485245459964e+02 1.845325482237947988e-17
5.769686690607574064e+02 1.815957527943553443e-17
5.777664912882505632e+02 1.786936229063983062e-17
5.785654167304262501e+02 1.758258958999819677e-17
5.793654469127898210e+02 1.729923111160324286e-17
5.801665833629567715e+02 1.701926098216618974e-17
5.809688276106550120e+02 1.674265351375111194e-17
5.817721811877270284e+02 1.646938319670142227e-17
5.825766456281353385e+02 1.619942469275989846e-17
5.833822224679619239e+02 1.593275282838533644e-17
5.841889132454132323e+02 1.566934258825503591e-17
5.849967195008227918e+02 1.540916910895854765e-17
5.858056427766535990e+02 1.515220767287818980e-17
5.866156846175032342e+02 1.489843370225439180e-17
5.874268465701031801e+02 1.464782275343657782e-17
5.882391301833246189e+02 1.440035051131341741e-17
5.890525370081801384e+02 1.415599278392591011e-17
5.898670685978268011e+02 1.391472549725905759e-17
5.906827265075709192e+02 1.367652469020752910e-17
5.914995122948677135e+02 1.344136650972125019e-17
5.923174275193266567e+02 1.320922720612134699e-17
5.931364737427136333e+02 1.298008312858911753e-17
5.939566525289538959e+02 1.275391072082492865e-17
5.947779654441366119e+02 1.253068651687591523e-17
5.956004140565150919e+02 1.231038713713082405e-17
5.964239999365115636e+02 1.209298928447835199e-17
5.972487246567199008e+02 1.187846974063056897e-17
5.980745897919078971e+02 1.166680536260678456e-17
5.989015969190227224e+02 1.145797307937590949e-17
5.997297476171903554e+02 1.125194988866013761e-17
6.005590434677209259e+02 1.104871285389019087e-17
6.013894860541112166e+02 1.084823910131823630e-17
6.022210769620468227e+02 1.065050581728122280e-17
6.030538177794082912e+02 1.045549024561408136e-17
6.038877100962694158e+02 1.026316968521413405e-17
6.047227555049039438e+02 1.007352148774834368e-17
6.055589555997868274e+02 9.886523055507767796e-18
6.063963119775977475e+02 9.702151839403380495e-18
6.072348262372256613e+02 9.520385337102085022e-18
6.080744999797688024e+02 9.341201905847004085e-18
6.089153348085400239e+02 9.164585322478786240e-18
6.097573323290689586e+02 8.990521155545393682e-18
6.106004941491050886e+02 8.818994396487050421e-18
6.114448218786227471e+02 8.649989473812031154e-18
6.122903171298204370e+02 8.483490274810037646e-18
6.131369815171269693e+02 8.319480167023807742e-18
6.139848166572033961e+02 8.157942019469880475e-18
6.148338241689455117e+02 7.998858223601237251e-18
6.156840056734897644e+02 7.842210714000653358e-18
6.165353627942123467e+02 7.687980988799536654e-18
6.173878971567348799e+02 7.536150129813515893e-18
6.182416103889266878e+02 7.386698822387677393e-18
6.190965041209077526e+02 7.239607374944880310e-18
6.199525799850537169e+02 7.094855738232572975e-18
6.208098396159958838e+02 6.952423524261102988e-18
6.216682846506262194e+02 6.812290024928153112e-18
6.225279167281004220e+02 6.674434230325093668e-18
6.233887374898399685e+02 6.538834846722575134e-18
6.242507485795379125e+02 6.405470314227507040e-18
6.251139516431586571e+02 6.274318824112282091e-18
6.259783483289427295e+02 6.145358335810101052e-18
6.268439402874101916e+02 6.018566593575136513e-18
6.277107291713626864e+02 5.893921142804816907e-18
6.285787166358891227e+02 5.771399346021292563e-18
6.294479043383653334e+02 5.650978398513738566e-18
6.303182939384591918e+02 5.532635343635149637e-18
6.311898870981334539e+02 5.416347087756851042e-18
6.320626854816504192e+02 5.302090414878883560e-18
6.329366907555721582e+02 5.189842000894812688e-18
6.338119045887655147e+02 5.079578427512792474e-18
6.346883286524054029e+02 4.971276195831292384e-18
6.355659646199765120e+02 4.864911739572318342e-18
6.364448141672800148e+02 4.760461437970318318e-18
6.373248789724320886e+02 4.657901628320246846e-18
6.382061607158701690e+02 4.557208618185010354e-18
6.390886610803552230e+02 4.458358697263991949e-18
6.399723817509747050e+02 4.361328148924295039e-18
6.408573244151477866e+02 4.266093261397843493e-18
6.417434907626254699e+02 4.172630338645523185e-18
6.426308824854955901e+02 4.080915710890930252e-18
6.435195012781857713e+02 3.990925744827459295e-18
6.444093488374663821e+02 3.902636853500346221e-18
6.453004268624556516e+02 3.816025505867560727e-18
6.461927370546194425e+02 3.731068236042609878e-18
6.470862811177770482e+02 3.647741652222274188e-18
6.479810607581039221e+02 3.566022445303640355e-18
6.488770776841339512e+02 3.485887397193204763e-18
6.497743336067654809e+02 3.407313388812107603e-18
6.506728302392608612e+02 3.330277407802718824e-18
6.515725692972521301e+02 3.254756555938257232e-18
6.524735524987435156e+02 3.180728056241858419e-18
6.533757815641143907e+02 3.108169259818245008e-18
6.542792582161248447e+02 3.037057652402373805e-18
6.551839841799154556e+02 2.967370860630488643e-18
6.560899611830127469e+02 2.899086658036435088e-18
6.569971909553319165e+02 2.832182970780022820e-18
6.579056752291800194e+02 2.766637883110019520e-18
6.588154157392611978e+02 2.702429642567819061e-18
6.597264142226762260e+02 2.639536664936779480e-18
6.606386724189287634e+02 2.577937538940764041e-18
6.615521920699278553e+02 2.517611030697923563e-18
6.624669749199905482e+02 2.458536087934607643e-18
6.633830227158476873e+02 2.400691843963437284e-18
6.643003372066436896e+02 2.344057621431906816e-18
6.652189201439422277e+02 2.288612935844977177e-18
6.661387732817290726e+02 2.234337498868019956e-18
6.670598983764147079e+02 2.181211221414353111e-18
6.679822971868402419e+02 2.129214216522292957e-18
6.689059714742770666e+02 2.078326802027641195e-18
6.698309230024323142e+02 2.028529503035387962e-18
6.707571535374524956e+02 1.979803054196560082e-18
6.716846648479252053e+02 1.932128401794677270e-18
6.726134587048859430e+02 1.885486705647049046e-18
6.735435368818167490e+02 1.839859340825863156e-18
6.744749011546530255e+02 1.795227899203424266e-18
6.754075533017858106e+02 1.751574190827408145e-18
6.763414951040645064e+02 1.708880245129983212e-18
6.772767283448032458e+02 1.667128311975934932e-18
6.782132548097798690e+02 1.626300862555234388e-18
6.791510762872424039e+02 1.586380590123470716e-18
6.800901945679115670e+02 1.547350410595903423e-18
6.810306114449834922e+02 1.509193462999109909e-18
6.819723287141359833e+02 1.471893109785237726e-18
6.829153481735280593e+02 1.435432937013171986e-18
6.838596716238056388e+02 1.399796754400816468e-18
6.848053008681046094e+02 1.364968595253459039e-18
6.857522377120533292e+02 1.330932716272008539e-18
6.867004839637795612e+02 1.297673597245661625e-18
6.876500414339085410e+02 1.265175940633324620e-18
6.886009119355704797e+02 1.233424671037556345e-18
6.895530972844022699e+02 1.202404934575401471e-18
6.905065992985512366e+02 1.172102098150119755e-18
6.914614197986805948e+02 1.142501748627599655e-18
6.924175606079689942e+02 1.113589691921562599e-18
6.933750235521169998e+02 1.085351951991086791e-18
6.943338104593495927e+02 1.057774769754352868e-18
6.952939231604193537e+02 1.030844601922389513e-18
6.962553634886121472e+02 1.004548119756097334e-18
6.972181332797470077e+02 9.788722077503050382e-19
6.981822343721821653e+02 9.538039622483120530e-19
6.991476686068177742e+02 9.293306899901242648e-19
7.001144378270989819e+02 9.054399065978726677e-19
7.010825438790221824e+02 8.821193350013026563e-19
7.020519886111339929e+02 8.593569038071634819e-19
7.030227738745383022e+02 8.371407456147120200e-19
7.039949015228976350e+02 8.154591952809774022e-19
7.049683734124399734e+02 7.943007881384349564e-19
7.059431914019577334e+02 7.736542581680987216e-19
7.069193573528146999e+02 7.535085361305340290e-19
7.078968731289483003e+02 7.338527476579681291e-19
7.088757405968727880e+02 7.146762113096168079e-19
7.098559616256852678e+02 6.959684365931796366e-19
7.108375380870654681e+02 6.777191219548357705e-19
7.118204718552821078e+02 6.599181527402401535e-19
7.128047648071953972e+02 6.425555991287709638e-19
7.137904188222599942e+02 6.256217140433710969e-19
7.147774357825319385e+02 6.091069310382785291e-19
7.157658175726674017e+02 5.930018621667408756e-19
7.167555660799291672e+02 5.772972958307122001e-19
7.177466831941901546e+02 5.619841946146279693e-19
7.187391708079352384e+02 5.470536931053458598e-19
7.197330308162689789e+02 5.324970956997972055e-19
7.207282651169139172e+02 5.183058744026267880e-19
7.217248756102173957e+02 5.044716666151373418e-19
7.227228641991547420e+02 4.909862729175596524e-19
7.237222327893318834e+02 4.778416548461410372e-19
7.247229832889920544e+02 4.650299326666856851e-19
7.257251176090146600e+02 4.525433831460704583e-19
7.267286376629225515e+02 4.403744373231651009e-19
7.277335453668844139e+02 4.285156782805614340e-19
7.287398426397177218e+02 4.169598389186038442e-19
7.297475314028956745e+02 4.056997997327759468e-19
7.307566135805462864e+02 3.947285865959441540e-19
7.317670910994585256e+02 3.840393685464742230e-19
7.327789658890861801e+02 3.736254555834534266e-19
7.337922398815501310e+02 3.634802964700884876e-19
7.348069150116451738e+02 3.535974765462876969e-19
7.358229932168391088e+02 3.439707155515411707e-19
7.368404764372800173e+02 3.345938654589191646e-19
7.378593666157983080e+02 3.254609083211217012e-19
7.388796656979103545e+02 3.165659541295583665e-19
7.399013756318252035e+02 3.079032386870859341e-19
7.409244983684432100e+02 2.994671214953350534e-19
7.419490358613634271e+02 2.912520836573148104e-19
7.429749900668862210e+02 2.832527257959470884e-19
7.440023629440163404e+02 2.754637659892401933e-19
7.450311564544697376e+02 2.678800377226560251e-19
7.460613725626726591e+02 2.604964878594002437e-19
7.470930132357684670e+02 2.533081746289572008e-19
7.481260804436207081e+02 2.463102656345594608e-19
7.491605761588159567e+02 2.394980358800114725e-19
7.501965023566709760e+02 2.328668658162589818e-19
7.512338610152313549e+02 2.264122394082342506e-19
7.522726541152788968e+02 2.201297422222074696e-19
7.533128836403342348e+02 2.140150595341517756e-19
7.543545515766602421e+02 2.080639744593085702e-19
7.553976599132683987e+02 2.022723661033125391e-19
7.564422106419183365e+02 1.966362077351895792e-19
7.574882057571246605e+02 1.911515649823503142e-19
7.585356472561600185e+02 1.858145940478876355e-19
7.595845371390579430e+02 1.806215399503418060e-19
7.606348774086199001e+02 1.755687347861000304e-19
7.616866700704147206e+02 1.706525960145799221e-19
7.627399171327849672e+02 1.658696247662980967e-19
7.637946206068503443e+02 1.612164041739751512e-19
7.648507825065109955e+02 1.566895980284318037e-19
7.659084048484538698e+02 1.522860172528052961e-19
7.669674896521523806e+02 1.480026936682807621e-19
7.680280389398732268e+02 1.438367307904155501e-19
7.690900547366792352e+02 1.397852812503411124e-19
7.701535390704331121e+02 1.358455470089482985e-19
7.712184939718034684e+02 1.320147795049017878e-19
7.722849214742649337e+02 1.282902797397796990e-19
7.733528236141046364e+02 1.246693983035394394e-19
7.744222024304255001e+02 1.211495353434619880e-19
7.754930599651492003e+02 1.177281404796482291e-19
7.765653982630234395e+02 1.144027126699753197e-19
7.776392193716209249e+02 1.111708000275083963e-19
7.787145253413464161e+02 1.080299995930407970e-19
7.797913182254392268e+02 1.049779570655792810e-19
7.808696000799802732e+02 1.020123664933262456e-19
7.819493729638912782e+02 9.913096992779161577e-20
7.830306389389414790e+02 9.633155704339700415e-20
7.841134000697514921e+02 9.361196472499409478e-20
7.851976584237957013e+02 9.097007662559820740e-20
7.862834160714099880e+02 8.840382269650834757e-20
7.873706750857907082e+02 8.591117869196149167e-20
7.884594375430015134e+02 8.349016565033950534e-20
7.895497055219769891e+02 8.113884935392288757e-20
7.906414811045256101e+02 7.885533976903319144e-20
7.917347663753371307e+02 7.663779046838919293e-20
7.928295634219811063e+02 7.448439803742141144e-20
7.939258743349149654e+02 7.239340146615237523e-20
7.950237012074867380e+02 7.036308152826093047e-20
7.961230461359380115e+02 6.839176014881083955e-20
7.972239112194117752e+02 6.647779976210884407e-20
7.983262985599510557e+02 6.461960266103433683e-20
7.994302102625064208e+02 6.281561033914568913e-20
8.005356484349391621e+02 6.106430282682164804e-20
8.016426151880243651e+02 5.936419802258149302e-20
8.027511126354584121e+02 5.771385102071418399e-20
8.038611428938578456e+02 5.611185343626677046e-20
8.049727080827672125e+02 5.455683272838400008e-20
8.060858103246614519e+02 5.304745152293515251e-20
8.072004517449501009e+02 5.158240693531311762e-20
8.083166344719835479e+02 5.016042989424530318e-20
8.094343606370533735e+02 4.878028446738905498e-20
8.105536323743987168e+02 4.744076718944978044e-20
8.116744518212100274e+02 4.614070639349624228e-20
8.127968211176321347e+02 4.487896154613474171e-20
8.139207424067717511e+02 4.365442258711490258e-20
8.150462178346965629e+02 4.246600927393569322e-20
8.161732495504426197e+02 4.131267053196990570e-20
8.173018397060176312e+02 4.019338381056574652e-20
8.184319904564041508e+02 3.910715444558338672e-20
8.195637039595673059e+02 3.805301502875218671e-20
8.206969823764534340e+02 3.703002478424324923e-20
8.218318278709980405e+02 3.603726895276197639e-20
8.229682426101288684e+02 3.507385818349699442e-20
8.241062287637690815e+02 3.413892793418089090e-20
8.252457885048451089e+02 3.323163787952520210e-20
8.263869240092851669e+02 3.235117132824581243e-20
8.275296374560276718e+02 3.149673464887147297e-20
8.286739310270235137e+02 3.066755670452312732e-20
8.298198069072403769e+02 2.986288829679347896e-20
8.309672672846694468e+02 2.908200161886614742e-20
8.321163143503250694e+02 2.832418971798981852e-20
8.332669502982520271e+02 2.758876596737359845e-20
8.344191773255291764e+02 2.687506354759338336e-20
8.355729976322722905e+02 2.618243493755515676e-20
8.367284134216424718e+02 2.551025141504371847e-20
8.378854268998441057e+02 2.485790256689597160e-20
8.390440402761337282e+02 2.422479580878191273e-20
8.402042557628225268e+02 2.361035591461027638e-20
8.413660755752798650e+02 2.301402455552330646e-20
8.425295019319413541e+02 2.243525984845274676e-20
8.436945370543073750e+02 2.187353591420446909e-20
8.448611831669512640e+02 2.132834244500560754e-20
8.460294424975221546e+02 2.079918428146404343e-20
8.471993172767488431e+02 2.028558099886440436e-20
8.483708097384475195e+02 1.978706650272284509e-20
8.495439221195201753e+02 1.930318863351973327e-20
8.507186566599633579e+02 1.883350878050858989e-20
8.518950156028707852e+02 1.837760150451274303e-20
8.530730011944368698e+02 1.793505416959967000e-20
8.542526156839647911e+02 1.750546658352057761e-20
8.554338613238655853e+02 1.708845064681419371e-20
8.566167403696655356e+02 1.668363001043810696e-20
8.578012550800096960e+02 1.629063974182243603e-20
8.589874077166658708e+02 1.590912599920896075e-20
8.601752005445315490e+02 1.553874571415473675e-20
8.613646358316340184e+02 1.517916628206690113e-20
8.625557158491369592e+02 1.483006526063527753e-20
8.637484428713443094e+02 1.449113007603076400e-20
8.649428191757070863e+02 1.416205773672930511e-20
8.661388470428231585e+02 1.384255455483033760e-20
8.673365287564446362e+02 1.353233587472717859e-20
8.685358666034817361e+02 1.323112580899120571e-20
8.697368628740059648e+02 1.293865698133376040e-20
8.709395198612583044e+02 1.265467027650111479e-20
8.721438398616479617e+02 1.237891459697287179e-20
8.733498251747605536e+02 1.211114662631375498e-20
8.745574781033616318e+02 1.185113059904863310e-20
8.757668009533997520e+02 1.159863807692155992e-20
8.769777960340150003e+02 1.135344773139875877e-20
8.781904656575379704e+02 1.111534513228551071e-20
8.794048121394973805e+02 1.088412254231641236e-20
8.806208377986237110e+02 1.065957871758993420e-20
8.818385449568532977e+02 1.044151871371438293e-20
8.830579359393352661e+02 1.022975369753052481e-20
8.842790130744318731e+02 1.002410076429160838e-20
8.855017786937254414e+02 9.824382760161201713e-21
8.867262351320224525e+02 9.630428109914177751e-21
8.879523847273572983e+02 9.442070649709642080e-21
8.891802298209995570e+02 9.259149464818298997e-21
8.904097727574541068e+02 9.081508732183766297e-21
8.916410158844682883e+02 8.908997567696885889e-21
8.928739615530361107e+02 8.741469878072510458e-21
8.941086121174013215e+02 8.578784217210805959e-21
8.953449699350660467e+02 8.420803646932399701e-21
8.965830373667895401e+02 8.267395601981401215e-21
8.978228167765962553e+02 8.118431759183550787e-21
8.990643105317797108e+02 7.973787910659389401e-21
9.003075210029059008e+02 7.833343840987265756e-21
9.015524505638217079e+02 7.696983208216657900e-21
9.027991015916534252e+02 7.564593428633546456e-21
9.040474764668156240e+02 7.436065565181685860e-21
9.052975775730144505e+02 7.311294219446925744e-21
9.065494072972510367e+02 7.190177427112416187e-21
9.078029680298302537e+02 7.072616556795977654e-21
9.090582621643593484e+02 6.958516212184306405e-21
9.103152920977563554e+02 6.847784137376901648e-21
9.115740602302537354e+02 6.740331125360317220e-21
9.128345689654018997e+02 6.636070929530930917e-21
9.140968207100779637e+02 6.534920178189821697e-21
9.153608178744839279e+02 6.436798291934564506e-21
9.166265628721560006e+02 6.341627403873259524e-21
9.178940581199674398e+02 6.249332282592672822e-21
9.191633060381328733e+02 6.159840257809002591e-21
9.204343090502161431e+02 6.073081148637174324e-21
9.217070695831296234e+02 5.988987194413772401e-21
9.229815900671425197e+02 5.907492988011521669e-21
9.242578729358845067e+02 5.828535411585734801e-21
9.255359206263497072e+02 5.752053574694943773e-21
9.268157355789045369e+02 5.677988754741746543e-21
9.280973202372873629e+02 5.606284339678635367e-21
9.293806770486166897e+02 5.536885772929062083e-21
9.306658084633946828e+02 5.469740500475475511e-21
9.319527169355110345e+02 5.404797920065952510e-21
9.332414049222518315e+02 5.342009332496361606e-21
9.345318748842976220e+02 5.281327894925450246e-21
9.358241292857331928e+02 5.222708576182335927e-21
9.371181705940499569e+02 5.166108114028478418e-21
9.384140012801508419e+02 5.111484974338283711e-21
9.397116238183580208e+02 5.058799312165333323e-21
9.410110406864126844e+02 5.008012934661504143e-21
9.423122543654826586e+02 4.959089265821186019e-21
9.436152673401670654e+02 4.911993313021659976e-21
9.449200820984996199e+02 4.866691635337255658e-21
9.462267011319570429e+02 4.823152313602523239e-21
9.475351269354589476e+02 4.781344922205125898e-21
9.488453620073752290e+02 4.741240502590997621e-21
9.501574088495307251e+02 4.702811538464732362e-21
9.514712699672089684e+02 4.666031932673672339e-21
9.527869478691604854e+02 4.630876985763354426e-21
9.541044450676017732e+02 4.597323376197476874e-21
9.554237640782245080e+02 4.565349142235533486e-21
9.567449074201988424e+02 4.534933665465031515e-21
9.580678776161772703e+02 4.506057655988900400e-21
9.593926771923038359e+02 4.478703139268836883e-21
9.607193086782124283e+02 4.452853444630528303e-21
9.620477746070361036e+02 4.428493195438500675e-21
9.633780775154095863e+02 4.405607809791680245e-21
9.647102199434780232e+02 4.384175357768409905e-21
9.660442044348963009e+02 4.364167985102884683e-21
9.673800335368376864e+02 4.345559133464315623e-21
9.687177097999972375e+02 4.328323727512829733e-21
9.700572357785965778e+02 4.312438123323603236e-21
9.713986140303918546e+02 4.297880059605446183e-21
9.727418471166731706e+02 4.284628611577397596e-21
9.740869376022733377e+02 4.272664147374172699e-21
9.754338880555718561e+02 4.261968286859024845e-21
9.767827010484986658e+02 4.252523862729052378e-21
9.781333791565431284e+02 4.244314883805640039e-21
9.794859249587530030e+02 4.237326500406881794e-21
9.808403410377430873e+02 4.231544971707534030e-21
9.821966299796996509e+02 4.226957634994341853e-21
9.835547943743839596e+02 4.223552876732327103e-21
9.849148368151413706e+02 4.221320105361110638e-21
9.862767598989003091e+02 4.220249725744751564e-21
9.876405662261812495e+02 4.220333115204730208e-21
9.890062584011003537e+02 4.221562601066630790e-21
9.903738390313741320e+02 4.223931439658309459e-21
9.917433107283275149e+02 4.227433796698783124e-21
9.931146761068936257e+02 4.232064729020296641e-21
9.944879377856226483e+02 4.237820167571968482e-21
9.958630983866851238e+02 4.244696901652253439e-21
9.972401605358769530e+02 4.252692564324398015e-21
9.986191268626276951e+02 4.261805618969152183e-21
1.000000000000000000e+03 4.272035346932425725e-21
