1.000000000000000000e+00 2.556519883657878411e-01
1.001382782584698150e+00 2.548408946234104189e-01
1.002767477257072715e+00 2.540322674419681070e-01
1.004154086661125600e+00 2.532260996989830759e-01
1.005542613444514011e+00 2.524223842912411420e-01
1.006933060258556889e+00 2.516211141347422520e-01
1.008325429758239133e+00 2.508222821646542422e-01
1.009719724602217150e+00 2.500258813352647103e-01
1.011115947452823294e+00 2.492319046236204094e-01
1.012514100976071640e+00 2.484403450561246396e-01
1.013914187841662651e+00 2.476511956926650271e-01
1.015316210722988277e+00 2.468644496115457998e-01
1.016720172297137736e+00 2.460800999093391284e-01
1.018126075244901507e+00 2.452981397008436593e-01
1.019533922250777325e+00 2.445185621190416048e-01
1.020943716002974622e+00 2.437413603150574148e-01
1.022355459193420524e+00 2.429665274581150336e-01
1.023769154517764068e+00 2.421940567354964324e-01
1.025184804675382422e+00 2.414239413524998656e-01
1.026602412369384654e+00 2.406561745323980983e-01
1.028021980306618177e+00 2.398907495163963011e-01
1.029443511197672967e+00 2.391276595635911106e-01
1.030867007756887554e+00 2.383668979509285524e-01
1.032292472702353692e+00 2.376084579731629343e-01
1.033719908755921457e+00 2.368523329428153801e-01
1.035149318643205030e+00 2.360985161901321960e-01
1.036580705093586907e+00 2.353470010630446807e-01
1.038014070840224345e+00 2.345977809271264369e-01
1.039449418620053800e+00 2.338508491655536259e-01
1.040886751173796254e+00 2.331061991790631394e-01
1.042326071245962327e+00 2.323638243859122987e-01
1.043767381584858045e+00 2.316237182218374990e-01
1.045210684942589507e+00 2.308858741400137415e-01
1.046655984075068657e+00 2.301502856110135553e-01
1.048103281742017723e+00 2.294169461227671125e-01
1.049552580706975435e+00 2.286858491805208449e-01
1.051003883737302136e+00 2.279569883067972536e-01
1.052457193604183994e+00 2.272303570413549689e-01
1.053912513082640334e+00 2.265059489411475613e-01
1.055369844951526304e+00 2.257837575802841557e-01
1.056829191993540862e+00 2.250637765499884368e-01
1.058290556995230114e+00 2.243459994585592643e-01
1.059753942746993527e+00 2.236304199313303431e-01
1.061219352043089259e+00 2.229170316106297567e-01
1.062686787681639045e+00 2.222058281557411363e-01
1.064156252464633967e+00 2.214968032428628331e-01
1.065627749197939789e+00 2.207899505650689764e-01
1.067101280691301834e+00 2.200852638322692012e-01
1.068576849758350766e+00 2.193827367711694287e-01
1.070054459216608134e+00 2.186823631252320099e-01
1.071534111887491481e+00 2.179841366546367287e-01
1.073015810596319453e+00 2.172880511362410838e-01
1.074499558172317792e+00 2.165941003635409590e-01
1.075985357448624224e+00 2.159022781466319318e-01
1.077473211262294450e+00 2.152125783121691671e-01
1.078963122454306589e+00 2.145249947033293358e-01
1.080455093869568062e+00 2.138395211797708140e-01
1.081949128356919143e+00 2.131561516175955462e-01
1.083445228769140511e+00 2.124748799093091611e-01
1.084943397962956579e+00 2.117956999637832793e-01
1.086443638799043043e+00 2.111186057062157673e-01
1.087945954142030436e+00 2.104435910780929897e-01
1.089450346860510788e+00 2.097706500371506744e-01
1.090956819827042956e+00 2.090997765573356926e-01
1.092465375918157289e+00 2.084309646287673956e-01
1.093976018014362728e+00 2.077642082576993676e-01
1.095488749000150364e+00 2.070995014664813727e-01
1.097003571764000540e+00 2.064368382935207191e-01
1.098520489198387295e+00 2.057762127932444562e-01
1.100039504199785023e+00 2.051176190360610163e-01
1.101560619668672247e+00 2.044610511083228555e-01
1.103083838509539394e+00 2.038065031122875126e-01
1.104609163630892343e+00 2.031539691660807223e-01
1.106136597945259092e+00 2.025034434036579456e-01
1.107666144369195083e+00 2.018549199747672884e-01
1.109197805823288530e+00 2.012083930449112545e-01
1.110731585232166196e+00 2.005638567953098306e-01
1.112267485524499389e+00 1.999213054228620723e-01
1.113805509633008617e+00 1.992807331401097448e-01
1.115345660494470037e+00 1.986421341751991587e-01
1.116887941049720334e+00 1.980055027718446437e-01
1.118432354243663385e+00 1.973708331892902734e-01
1.119978903025274475e+00 1.967381197022740058e-01
1.121527590347606962e+00 1.961073566009897129e-01
1.123078419167798270e+00 1.954785381910501274e-01
1.124631392447073663e+00 1.948516587934510103e-01
1.126186513150754243e+00 1.942267127445328478e-01
1.127743784248261161e+00 1.936036943959451584e-01
1.129303208713121176e+00 1.929825981146093272e-01
1.130864789522973313e+00 1.923634182826820527e-01
1.132428529659573968e+00 1.917461492975186810e-01
1.133994432108802464e+00 1.911307855716368742e-01
1.135562499860667263e+00 1.905173215326800007e-01
1.137132735909310854e+00 1.899057516233811638e-01
1.138705143253016416e+00 1.892960703015263701e-01
1.140279724894212698e+00 1.886882720399188085e-01
1.141856483839480907e+00 1.880823513263421842e-01
1.143435423099558701e+00 1.874783026635252203e-01
1.145016545689347742e+00 1.868761205691053806e-01
1.146599854627918136e+00 1.862757995755927320e-01
1.148185352938515091e+00 1.856773342303345009e-01
1.149773043648563808e+00 1.850807190954789350e-01
1.151362929789676359e+00 1.844859487479398041e-01
1.152955014397656575e+00 1.838930177793605125e-01
1.154549300512506038e+00 1.833019207960787933e-01
1.156145791178430082e+00 1.827126524190909596e-01
1.157744489443843783e+00 1.821252072840166270e-01
1.159345398361376844e+00 1.815395800410632421e-01
1.160948520987880928e+00 1.809557653549907219e-01
1.162553860384433868e+00 1.803737579050764817e-01
1.164161419616347226e+00 1.797935523850796580e-01
1.165771201753170061e+00 1.792151435032069973e-01
1.167383209868696925e+00 1.786385259820768845e-01
1.168997447040972304e+00 1.780636945586847875e-01
1.170613916352297279e+00 1.774906439843682293e-01
1.172232620889234411e+00 1.769193690247724826e-01
1.173853563742615069e+00 1.763498644598149590e-01
1.175476748007544092e+00 1.757821250836511806e-01
1.177102176783406673e+00 1.752161457046396698e-01
1.178729853173873021e+00 1.746519211453080866e-01
1.180359780286905469e+00 1.740894462423181743e-01
1.181991961234764243e+00 1.735287158464312307e-01
1.183626399134013019e+00 1.729697248224743023e-01
1.185263097105524466e+00 1.724124680493056838e-01
1.186902058274487359e+00 1.718569404197805295e-01
1.188543285770411684e+00 1.713031368407168242e-01
1.190186782727134851e+00 1.707510522328616054e-01
1.191832552282827695e+00 1.702006815308563237e-01
1.193480597580000691e+00 1.696520196832034810e-01
1.195130921765509502e+00 1.691050616522325467e-01
1.196783527990560980e+00 1.685598024140661233e-01
1.198438419410720046e+00 1.680162369585862792e-01
1.200095599185914352e+00 1.674743602894009364e-01
1.201755070480441390e+00 1.669341674238099815e-01
1.203416836462974482e+00 1.663956533927721526e-01
1.205080900306567893e+00 1.658588132408714000e-01
1.206747265188664153e+00 1.653236420262831075e-01
1.208415934291099170e+00 1.647901348207414796e-01
1.210086910800108662e+00 1.642582867095059296e-01
1.211760197906334158e+00 1.637280927913275785e-01
1.213435798804829435e+00 1.631995481784165869e-01
1.215113716695065849e+00 1.626726479964089589e-01
1.216793954780939657e+00 1.621473873843334024e-01
1.218476516270776688e+00 1.616237614945785495e-01
1.220161404377339665e+00 1.611017654925075149e-01
1.221848622317833311e+00 1.605813945494972972e-01
1.223538173313911903e+00 1.600626438434397669e-01
1.225230060591683712e+00 1.595455085653760263e-01
1.226924287381718548e+00 1.590299839197316378e-01
1.228620856919053095e+00 1.585160651242827345e-01
1.230319772443197568e+00 1.580037474101222417e-01
1.232021037198141711e+00 1.574930260216255984e-01
1.233724654432361012e+00 1.569838962164174512e-01
1.235430627398822923e+00 1.564763532653377087e-01
1.237138959354992629e+00 1.559703924524078744e-01
1.238849653562840381e+00 1.554660090747978507e-01
1.240562713288846375e+00 1.549631984427917442e-01
1.242278141804007863e+00 1.544619558797553360e-01
1.243995942383845588e+00 1.539622767221019428e-01
1.245716118308409115e+00 1.534641563192597202e-01
1.247438672862283715e+00 1.529675900336382177e-01
1.249163609334596803e+00 1.524725732405953493e-01
1.250890931019023267e+00 1.519791013284044756e-01
1.252620641213793240e+00 1.514871696982209581e-01
1.254352743221696986e+00 1.509967737640499352e-01
1.256087240350092227e+00 1.505079089527129876e-01
1.257824135910909913e+00 1.500205707038156089e-01
1.259563433220660444e+00 1.495347544697145370e-01
1.261305135600440552e+00 1.490504557154850584e-01
1.263049246375939072e+00 1.485676699188885619e-01
1.264795768877443827e+00 1.480863925703400086e-01
1.266544706439847401e+00 1.476066191728757360e-01
1.268296062402654023e+00 1.471283452421207616e-01
1.270049840109985562e+00 1.466515663062569752e-01
1.271806042910588408e+00 1.461762779059907202e-01
1.273564674157839027e+00 1.457024755945206806e-01
1.275325737209751287e+00 1.452301549375060452e-01
1.277089235428982006e+00 1.447593115130343389e-01
1.278855172182838729e+00 1.442899409115896148e-01
1.280623550843284164e+00 1.438220387360207853e-01
1.282394374786944624e+00 1.433556006015095641e-01
1.284167647395114908e+00 1.428906221355392137e-01
1.285943372053765632e+00 1.424270989778625429e-01
1.287721552153549442e+00 1.419650267804707100e-01
1.289502191089807903e+00 1.415044012075614144e-01
1.291285292262576823e+00 1.410452179355079771e-01
1.293070859076594470e+00 1.405874726528273388e-01
1.294858894941306238e+00 1.401311610601496671e-01
1.296649403270872414e+00 1.396762788701866598e-01
1.298442387484174620e+00 1.392228218077002089e-01
1.300237851004821588e+00 1.387707856094720082e-01
1.302035797261156258e+00 1.383201660242721343e-01
1.303836229686262671e+00 1.378709588128282093e-01
1.305639151717971291e+00 1.374231597477947875e-01
1.307444566798866781e+00 1.369767646137223793e-01
1.309252478376294659e+00 1.365317692070265876e-01
1.311062889902366191e+00 1.360881693359581868e-01
1.312875804833967042e+00 1.356459608205718426e-01
1.314691226632763055e+00 1.352051394926958028e-01
1.316509158765206244e+00 1.347657011959018103e-01
1.318329604702542346e+00 1.343276417854743499e-01
1.320152567920817033e+00 1.338909571283806166e-01
1.321978051900882356e+00 1.334556431032404011e-01
1.323806060128404072e+00 1.330216956002955309e-01
1.325636596093867414e+00 1.325891105213802268e-01
1.327469663292584645e+00 1.321578837798907946e-01
1.329305265224700605e+00 1.317280113007561204e-01
1.331143405395200929e+00 1.312994890204071397e-01
1.332984087313917154e+00 1.308723128867477214e-01
1.334827314495534489e+00 1.304464788591244984e-01
1.336673090459598257e+00 1.300219829082973066e-01
1.338521418730520329e+00 1.295988210164096821e-01
1.340372302837586460e+00 1.291769891769591894e-01
1.342225746314961832e+00 1.287564833947681675e-01
1.344081752701699717e+00 1.283372996859540871e-01
1.345940325541746141e+00 1.279194340779002959e-01
1.347801468383948098e+00 1.275028826092270418e-01
1.349665184782059990e+00 1.270876413297616914e-01
1.351531478294750066e+00 1.266737063005101971e-01
1.353400352485607305e+00 1.262610735936277040e-01
1.355271810923148745e+00 1.258497392923896563e-01
1.357145857180825477e+00 1.254396994911628205e-01
1.359022494837030415e+00 1.250309502953763641e-01
1.360901727475104073e+00 1.246234878214932951e-01
1.362783558683342111e+00 1.242173081969815546e-01
1.364667992055002443e+00 1.238124075602852064e-01
1.366555031188311009e+00 1.234087820607961961e-01
1.368444679686469767e+00 1.230064278588254290e-01
1.370336941157663135e+00 1.226053411255746961e-01
1.372231819215064430e+00 1.222055180431079607e-01
1.374129317476843637e+00 1.218069548043231171e-01
1.376029439566173629e+00 1.214096476129237628e-01
1.377932189111237715e+00 1.210135926833908609e-01
1.379837569745235637e+00 1.206187862409548311e-01
1.381745585106391561e+00 1.202252245215671561e-01
1.383656238837960073e+00 1.198329037718726675e-01
1.385569534588234175e+00 1.194418202491813880e-01
1.387485476010551055e+00 1.190519702214407755e-01
1.389404066763300083e+00 1.186633499672077457e-01
1.391325310509929025e+00 1.182759557756210972e-01
1.393249210918952041e+00 1.178897839463736580e-01
1.395175771663955011e+00 1.175048307896848498e-01
1.397104996423604639e+00 1.171210926262728214e-01
1.399036888881654006e+00 1.167385657873272198e-01
1.400971452726949895e+00 1.163572466144816853e-01
1.402908691653439899e+00 1.159771314597863867e-01
1.404848609360179745e+00 1.155982166856807936e-01
1.406791209551340405e+00 1.152204986649662533e-01
1.408736495936214528e+00 1.148439737807791239e-01
1.410684472229223774e+00 1.144686384265634765e-01
1.412635142149926359e+00 1.140944890060438671e-01
1.414588509423023721e+00 1.137215219331986632e-01
1.416544577778368064e+00 1.133497336322327464e-01
1.418503350950968578e+00 1.129791205375510754e-01
1.420464832680999434e+00 1.126096790937314990e-01
1.422429026713806888e+00 1.122414057554980554e-01
1.424395936799915940e+00 1.118742969876945770e-01
1.426365566695037446e+00 1.115083492652577529e-01
1.428337920160076546e+00 1.111435590731905398e-01
1.430313000961137782e+00 1.107799229065360574e-01
1.432290812869534191e+00 1.104174372703506796e-01
1.434271359661793310e+00 1.100560986796779578e-01
1.436254645119664941e+00 1.096959036595221704e-01
1.438240673030128036e+00 1.093368487448221071e-01
1.440229447185398692e+00 1.089789304804248127e-01
1.442220971382936145e+00 1.086221454210595933e-01
1.444215249425450764e+00 1.082664901313119266e-01
1.446212285120911600e+00 1.079119611855971633e-01
1.448212082282553492e+00 1.075585551681349228e-01
1.450214644728883062e+00 1.072062686729231135e-01
1.452219976283688485e+00 1.068550983037120095e-01
1.454228080776044152e+00 1.065050406739786321e-01
1.456238962040320217e+00 1.061560924069007289e-01
1.458252623916188595e+00 1.058082501353315719e-01
1.460269070248630063e+00 1.054615105017740195e-01
1.462288304887943147e+00 1.051158701583551625e-01
1.464310331689749889e+00 1.047713257668007186e-01
1.466335154515004069e+00 1.044278739984097482e-01
1.468362777229998084e+00 1.040855115340292986e-01
1.470393203706370722e+00 1.037442350640290223e-01
1.472426437821114265e+00 1.034040412882760440e-01
1.474462483456582484e+00 1.030649269161095782e-01
1.476501344500497082e+00 1.027268886663162961e-01
1.478543024845955678e+00 1.023899232671046100e-01
1.480587528391439367e+00 1.020540274560802901e-01
1.482634859040820485e+00 1.017191979802210683e-01
1.484685020703368385e+00 1.013854315958521435e-01
1.486738017293759206e+00 1.010527250686209938e-01
1.488793852732081646e+00 1.007210751734728404e-01
1.490852530943845178e+00 1.003904786946260286e-01
1.492914055859987377e+00 1.000609324255471860e-01
1.494978431416881692e+00 9.973243316892654864e-02
1.497045661556344109e+00 9.940497773665388226e-02
1.499115750225642252e+00 9.907856294979347500e-02
1.501188701377500934e+00 9.875318563856010090e-02
1.503264518970111263e+00 9.842884264229459501e-02
1.505343206967137748e+00 9.810553080943931747e-02
1.507424769337725401e+00 9.778324699751421434e-02
1.509509210056508399e+00 9.746198807309255918e-02
1.511596533103615858e+00 9.714175091177681964e-02
1.513686742464681600e+00 9.682253239817431578e-02
1.515779842130850152e+00 9.650432942587372498e-02
1.517875836098785181e+00 9.618713889742068479e-02
1.519974728370676598e+00 9.587095772429424234e-02
1.522076522954248778e+00 9.555578282688266534e-02
1.524181223862767887e+00 9.524161113445996085e-02
1.526288835115049203e+00 9.492843958516149205e-02
1.528399360735465562e+00 9.461626512580766091e-02
1.530512804753954237e+00 9.430508471166537676e-02
1.532629171206025376e+00 9.399489530674469406e-02
1.534748464132769552e+00 9.368569388383059249e-02
1.536870687580864425e+00 9.337747742445993981e-02
1.538995845602584289e+00 9.307024291889733070e-02
1.541123942255806289e+00 9.276398736611246587e-02
1.543254981604018861e+00 9.245870777375622684e-02
1.545388967716329498e+00 9.215440115813769428e-02
1.547525904667472307e+00 9.185106454420076394e-02
1.549665796537815776e+00 9.154869496550120667e-02
1.551808647413370545e+00 9.124728946418335374e-02
1.553954461385797625e+00 9.094684509095683766e-02
1.556103242552415944e+00 9.064735890507420735e-02
1.558254995016209676e+00 9.034882797430737744e-02
1.560409722885836903e+00 9.005124937492510473e-02
1.562567430275637159e+00 8.975462019166978445e-02
1.564728121305638764e+00 8.945893751773519031e-02
1.566891800101567478e+00 8.916419845474325701e-02
1.569058470794854276e+00 8.887040011272151485e-02
1.571228137522642454e+00 8.857753961008080212e-02
1.573400804427796507e+00 8.828561407359228341e-02
1.575576475658909237e+00 8.799462063836509251e-02
1.577755155370310414e+00 8.770455644782398918e-02
1.579936847722074100e+00 8.741541865368677999e-02
1.582121556880027091e+00 8.712720441594203058e-02
1.584309287015756240e+00 8.683991090282687508e-02
1.586500042306617120e+00 8.655353529080456187e-02
1.588693826935741571e+00 8.626807476454245727e-02
1.590890645092045697e+00 8.598352651688993820e-02
1.593090500970238077e+00 8.569988774885596572e-02
1.595293398770827764e+00 8.541715566958756056e-02
1.597499342700132052e+00 8.513532749634747376e-02
1.599708336970284472e+00 8.485440045449244018e-02
1.601920385799243229e+00 8.457437177745112666e-02
1.604135493410799418e+00 8.429523870670242724e-02
1.606353664034583906e+00 8.401699849175391088e-02
1.608574901906077104e+00 8.373964839011976968e-02
1.610799211266615183e+00 8.346318566729929445e-02
1.613026596363400067e+00 8.318760759675528083e-02
1.615257061449506315e+00 8.291291145989254652e-02
1.617490610783889338e+00 8.263909454603629579e-02
1.619727248631394056e+00 8.236615415241081706e-02
1.621966979262762454e+00 8.209408758411800011e-02
1.624209806954642454e+00 8.182289215411588101e-02
1.626455735989595253e+00 8.155256518319771442e-02
1.628704770656104195e+00 8.128310399997026869e-02
1.630956915248582106e+00 8.101450594083299539e-02
1.633212174067380840e+00 8.074676834995676844e-02
1.635470551418798157e+00 8.047988857926277606e-02
1.637732051615086615e+00 8.021386398840152365e-02
1.639996678974461775e+00 7.994869194473179508e-02
1.642264437821110645e+00 7.968436982329987761e-02
1.644535332485198564e+00 7.942089500681843994e-02
1.646809367302879856e+00 7.915826488564593755e-02
1.649086546616304050e+00 7.889647685776569885e-02
1.651366874773624982e+00 7.863552832876530285e-02
1.653650356129009458e+00 7.837541671181569303e-02
1.655936995042644355e+00 7.811613942765090191e-02
1.658226795880746618e+00 7.785769390454705396e-02
1.660519763015570360e+00 7.760007757830217345e-02
1.662815900825415305e+00 7.734328789221567302e-02
1.665115213694635887e+00 7.708732229706767580e-02
1.667417706013648582e+00 7.683217825109900367e-02
1.669723382178941673e+00 7.657785321999044381e-02
1.672032246593081917e+00 7.632434467684295898e-02
1.674344303664724531e+00 7.607165010215698187e-02
1.676659557808620526e+00 7.581976698381263924e-02
1.678978013445626027e+00 7.556869281704928221e-02
1.681299675002709604e+00 7.531842510444573813e-02
1.683624546912962039e+00 7.506896135589991026e-02
1.685952633615603435e+00 7.482029908860932110e-02
1.688283939555992985e+00 7.457243582705053164e-02
1.690618469185636741e+00 7.432536910295987898e-02
1.692956226962195609e+00 7.407909645531325638e-02
1.695297217349495122e+00 7.383361543030643459e-02
1.697641444817533207e+00 7.358892358133536926e-02
1.699988913842488625e+00 7.334501846897649446e-02
1.702339628906729851e+00 7.310189766096711339e-02
1.704693594498823517e+00 7.285955873218567802e-02
1.707050815113542841e+00 7.261799926463251287e-02
1.709411295251876739e+00 7.237721684740996975e-02
1.711775039421037148e+00 7.213720907670340132e-02
1.714142052134469685e+00 7.189797355576131588e-02
1.716512337911859865e+00 7.165950789487644801e-02
1.718885901279143757e+00 7.142180971136619094e-02
1.721262746768515761e+00 7.118487662955336193e-02
1.723642878918437038e+00 7.094870628074717578e-02
1.726026302273644175e+00 7.071329630322395476e-02
1.728413021385159176e+00 7.047864434220797725e-02
1.730803040810295901e+00 7.024474804985250675e-02
1.733196365112670945e+00 7.001160508522084880e-02
1.735592998862210745e+00 6.977921311426708850e-02
1.737992946635161573e+00 6.954756980981749437e-02
1.740396213014096860e+00 6.931667285155154734e-02
1.742802802587927191e+00 6.908651992598308089e-02
1.745212719951908964e+00 6.885710872644133784e-02
1.747625969707651938e+00 6.862843695305266556e-02
1.750042556463129895e+00 6.840050231272135073e-02
1.752462484832687739e+00 6.817330251911131456e-02
1.754885759437051052e+00 6.794683529262739163e-02
1.757312384903335412e+00 6.772109836039677533e-02
1.759742365865054170e+00 6.749608945625050482e-02
1.762175706962127775e+00 6.727180632070511868e-02
1.764612412840893096e+00 6.704824670094408634e-02
1.767052488154111645e+00 6.682540835079960051e-02
1.769495937560978671e+00 6.660328903073410578e-02
1.771942765727132052e+00 6.638188650782217426e-02
1.774392977324661169e+00 6.616119855573221464e-02
1.776846577032116459e+00 6.594122295470819517e-02
1.779303569534516960e+00 6.572195749155165800e-02
1.781763959523360308e+00 6.550339995960365036e-02
1.784227751696632280e+00 6.528554815872641970e-02
1.786694950758813238e+00 6.506839989528580281e-02
1.789165561420890782e+00 6.485195298213282389e-02
1.791639588400365080e+00 6.463620523858626399e-02
1.794117036421260858e+00 6.442115449041441178e-02
1.796597910214134508e+00 6.420679856981735545e-02
1.799082214516083411e+00 6.399313531540939959e-02
1.801569954070756374e+00 6.378016257220103791e-02
1.804061133628360958e+00 6.356787819158131458e-02
1.806555757945673024e+00 6.335628003130049091e-02
1.809053831786046507e+00 6.314536595545205966e-02
1.811555359919421404e+00 6.293513383445545339e-02
1.814060347122334438e+00 6.272558154503825312e-02
1.816568798177926825e+00 6.251670697021913248e-02
1.819080717875953157e+00 6.230850799929001788e-02
1.821596111012792063e+00 6.210098252779901878e-02
1.824114982391454642e+00 6.189412845753283071e-02
1.826637336821592239e+00 6.168794369649976961e-02
1.829163179119508653e+00 6.148242615891216789e-02
1.831692514108166137e+00 6.127757376516941579e-02
1.834225346617196717e+00 6.107338444184069737e-02
1.836761681482911079e+00 6.086985612164789311e-02
1.839301523548306339e+00 6.066698674344853798e-02
1.841844877663077584e+00 6.046477425221868929e-02
1.844391748683625654e+00 6.026321659903609990e-02
1.846942141473066235e+00 6.006231174106308607e-02
1.849496060901240302e+00 5.986205764152978392e-02
1.852053511844722333e+00 5.966245226971715609e-02
1.854614499186830079e+00 5.946349360094029673e-02
1.857179027817634331e+00 5.926517961653154226e-02
1.859747102633967142e+00 5.906750830382383188e-02
1.862318728539432255e+00 5.887047765613397099e-02
1.864893910444413549e+00 5.867408567274595699e-02
1.867472653266085691e+00 5.847833035889440922e-02
1.870054961928422133e+00 5.828320972574802666e-02
1.872640841362204878e+00 5.808872179039297617e-02
1.875230296505034921e+00 5.789486457581648204e-02
1.877823332301340464e+00 5.770163611089045019e-02
1.880419953702386460e+00 5.750903443035486340e-02
1.883020165666285273e+00 5.731705757480159286e-02
1.885623973158003785e+00 5.712570359065816117e-02
1.888231381149375832e+00 5.693497053017120002e-02
1.890842394619109967e+00 5.674485645139037970e-02
1.893457018552797910e+00 5.655535941815232476e-02
1.896075257942927195e+00 5.636647750006420349e-02
1.898697117788887834e+00 5.617820877248784484e-02
1.901322603096982533e+00 5.599055131652357770e-02
1.903951718880438237e+00 5.580350321899415350e-02
1.906584470159412126e+00 5.561706257242890472e-02
1.909220861961004267e+00 5.543122747504763276e-02
1.911860899319266505e+00 5.524599603074480114e-02
1.914504587275210223e+00 5.506136634907369404e-02
1.917151930876819010e+00 5.487733654523050536e-02
1.919802935179055980e+00 5.469390474003856667e-02
1.922457605243873768e+00 5.451106905980764028e-02
1.925115946140225631e+00 5.432882763495263528e-02
1.927777962944072998e+00 5.414717860050970166e-02
1.930443660738396794e+00 5.396612009709675362e-02
1.933113044613206766e+00 5.378565027091505163e-02
1.935786119665550586e+00 5.360576727373333322e-02
1.938462890999524291e+00 5.342646926287215881e-02
1.941143363726282267e+00 5.324775440118797304e-02
1.943827542964045252e+00 5.306962085705761722e-02
1.946515433838112541e+00 5.289206680436252944e-02
1.949207041480869984e+00 5.271509042247314591e-02
1.951902371031800421e+00 5.253868989623339952e-02
1.954601427637494337e+00 5.236286341594498933e-02
1.957304216451657419e+00 5.218760917735216359e-02
1.960010742635123204e+00 5.201292538162605866e-02
1.962721011355860190e+00 5.183881023534933630e-02
1.965435027788984046e+00 5.166526195050080011e-02
1.968152797116766495e+00 5.149227874444007452e-02
1.970874324528644417e+00 5.131985883989237385e-02
1.973599615221231174e+00 5.114800046493309105e-02
1.976328674398326157e+00 5.097670185297274725e-02
1.979061507270923448e+00 5.080596124274167763e-02
1.981798119057224250e+00 5.063577687827503643e-02
1.984538514982643997e+00 5.046614700889765631e-02
1.987282700279824565e+00 5.029706988920884525e-02
1.990030680188643597e+00 5.012854377906759973e-02
1.992782459956223384e+00 4.996056694357752653e-02
1.995538044836942637e+00 4.979313765307186168e-02
1.998297440092445809e+00 4.962625418309862813e-02
2.001060650991652423e+00 4.945991481440577264e-02
2.003827682810768618e+00 4.929411783292639293e-02
2.006598540833294919e+00 4.912886152976388837e-02
2.009373230350040007e+00 4.896414420117715244e-02
2.012151756659126711e+00 4.879996414856609815e-02
2.014934125066004444e+00 4.863631967845677417e-02
2.017720340883459862e+00 4.847320910248682085e-02
2.020510409431624854e+00 4.831063073739095409e-02
2.023304336037987650e+00 4.814858290498642140e-02
2.026102126037405693e+00 4.798706393215811106e-02
2.028903784772109642e+00 4.782607215084481306e-02
2.031709317591720687e+00 4.766560589802409237e-02
2.034518729853255437e+00 4.750566351569833479e-02
2.037332026921138795e+00 4.734624335088011282e-02
2.040149214167213287e+00 4.718734375557804422e-02
2.042970296970748834e+00 4.702896308678253950e-02
2.045795280718455622e+00 4.687109970645134821e-02
2.048624170804490774e+00 4.671375198149556318e-02
2.051456972630470776e+00 4.655691828376539582e-02
2.054293691605481698e+00 4.640059699003602073e-02
2.057134333146088956e+00 4.624478648199342040e-02
2.059978902676347978e+00 4.608948514622052128e-02
2.062827405627814414e+00 4.593469137418301068e-02
2.065679847439554795e+00 4.578040356221542428e-02
2.068536233558155857e+00 4.562662011150719898e-02
2.071396569437736979e+00 4.547333942808870488e-02
2.074260860539959062e+00 4.532055992281751322e-02
2.077129112334034300e+00 4.516828001136446308e-02
2.080001330296739503e+00 4.501649811419981828e-02
2.082877519912422759e+00 4.486521265657971574e-02
2.085757686673017197e+00 4.471442206853214890e-02
2.088641836078048541e+00 4.456412478484363809e-02
2.091529973634649320e+00 4.441431924504519319e-02
2.094422104857565525e+00 4.426500389339901170e-02
2.097318235269169051e+00 4.411617717888480228e-02
2.100218370399469237e+00 4.396783755518614972e-02
2.103122515786120861e+00 4.381998348067716459e-02
2.106030676974436133e+00 4.367261341840889682e-02
2.108942859517396684e+00 4.352572583609599921e-02
2.111859068975660669e+00 4.337931920610323816e-02
2.114779310917576982e+00 4.323339200543221267e-02
2.117703590919193690e+00 4.308794271570796919e-02
2.120631914564269138e+00 4.294296982316581079e-02
2.123564287444283938e+00 4.279847181863786348e-02
2.126500715158448518e+00 4.265444719754009351e-02
2.129441203313717779e+00 4.251089445985890836e-02
2.132385757524798642e+00 4.236781211013812554e-02
2.135334383414162041e+00 4.222519865746585110e-02
2.138287086612054466e+00 4.208305261546139292e-02
2.141243872756506406e+00 4.194137250226220165e-02
2.144204747493345664e+00 4.180015684051082564e-02
2.147169716476206691e+00 4.165940415734212254e-02
2.150138785366541239e+00 4.151911298437001296e-02
2.153111959833629907e+00 4.137928185767491412e-02
2.156089245554593248e+00 4.123990931779059760e-02
2.159070648214400645e+00 4.110099390969152583e-02
2.162056173505884527e+00 4.096253418277991110e-02
2.165045827129747469e+00 4.082452869087312142e-02
2.168039614794575964e+00 4.068697599219082972e-02
2.171037542216849747e+00 4.054987464934230873e-02
2.174039615120952895e+00 4.041322322931387157e-02
2.177045839239185820e+00 4.027702030345611112e-02
2.180056220311775483e+00 4.014126444747138922e-02
2.183070764086885163e+00 4.000595424140129808e-02
2.186089476320628222e+00 3.987108826961399677e-02
2.189112362777076104e+00 3.973666512079188778e-02
2.192139429228271652e+00 3.960268338791905762e-02
2.195170681454238881e+00 3.946914166826880066e-02
2.198206125242993636e+00 3.933603856339142751e-02
2.201245766390556025e+00 3.920337267910169871e-02
2.204289610700961521e+00 3.907114262546652894e-02
2.207337663986269849e+00 3.893934701679275384e-02
2.210389932066577856e+00 3.880798447161493830e-02
2.213446420770031953e+00 3.867705361268292119e-02
2.216507135932835215e+00 3.854655306694983186e-02
2.219572083399262041e+00 3.841648146555991239e-02
2.222641269021668808e+00 3.828683744383618720e-02
2.225714698660503199e+00 3.815761964126863220e-02
2.228792378184317524e+00 3.802882670150189992e-02
2.231874313469778937e+00 3.790045727232343314e-02
2.234960510401680089e+00 3.777251000565137740e-02
2.238050974872951571e+00 3.764498355752265296e-02
2.241145712784672117e+00 3.751787658808100612e-02
2.244244730046081937e+00 3.739118776156508117e-02
2.247348032574590260e+00 3.726491574629666598e-02
2.250455626295789546e+00 3.713905921466872928e-02
2.253567517143467480e+00 3.701361684313352052e-02
2.256683711059614961e+00 3.688858731219112758e-02
2.259804213994440314e+00 3.676396930637743782e-02
2.262929031906379063e+00 3.663976151425252237e-02
2.266058170762106805e+00 3.651596262838897877e-02
2.269191636536549872e+00 3.639257134536019039e-02
2.272329435212895099e+00 3.626958636572889111e-02
2.275471572782604035e+00 3.614700639403541776e-02
2.278618055245423601e+00 3.602483013878616386e-02
2.281768888609395862e+00 3.590305631244219281e-02
2.284924078890870902e+00 3.578168363140756675e-02
2.288083632114518373e+00 3.566071081601809856e-02
2.291247554313339041e+00 3.554013659052965290e-02
2.294415851528675887e+00 3.541995968310699544e-02
2.297588529810225211e+00 3.530017882581227423e-02
2.300765595216048620e+00 3.518079275459382732e-02
2.303947053812586354e+00 3.506180020927462254e-02
2.307132911674664832e+00 3.494319993354132181e-02
2.310323174885512643e+00 3.482499067493272787e-02
2.313517849536768534e+00 3.470717118482880698e-02
2.316716941728496071e+00 3.458974021843931601e-02
2.319920457569193406e+00 3.447269653479280438e-02
2.323128403175804824e+00 3.435603889672539379e-02
2.326340784673734063e+00 3.423976607086966217e-02
2.329557608196854090e+00 3.412387682764374958e-02
2.332778879887519530e+00 3.400836994124011720e-02
2.336004605896579545e+00 3.389324418961469493e-02
2.339234792383388051e+00 3.377849835447579302e-02
2.342469445515815263e+00 3.366413122127329821e-02
2.345708571470262349e+00 3.355014157918756457e-02
2.348952176431668537e+00 3.343652822111878309e-02
2.352200266593527100e+00 3.332328994367593500e-02
2.355452848157894685e+00 3.321042554716600176e-02
2.358709927335405077e+00 3.309793383558323060e-02
2.361971510345278968e+00 3.298581361659829597e-02
2.365237603415337730e+00 3.287406370154763446e-02
2.368508212782013178e+00 3.276268290542275891e-02
2.371783344690363116e+00 3.265167004685935737e-02
2.375063005394077553e+00 3.254102394812704441e-02
2.378347201155497359e+00 3.243074343511830049e-02
2.381635938245620920e+00 3.232082733733826485e-02
2.384929222944117910e+00 3.221127448789389697e-02
2.388227061539342611e+00 3.210208372348357514e-02
2.391529460328344125e+00 3.199325388438661877e-02
2.394836425616878373e+00 3.188478381445272042e-02
2.398147963719422293e+00 3.177667236109153748e-02
2.401464080959182734e+00 3.166891837526230463e-02
2.404784783668111547e+00 3.156152071146341859e-02
2.408110078186914471e+00 3.145447822772208524e-02
2.411439970865067117e+00 3.134778978558394602e-02
2.414774468060824741e+00 3.124145425010283611e-02
2.418113576141232901e+00 3.113547048983051485e-02
2.421457301482142999e+00 3.102983737655816768e-02
2.424805650468222495e+00 3.092455378464275054e-02
2.428158629492967346e+00 3.081961859171323745e-02
2.431516244958714879e+00 3.071503067887430480e-02
2.434878503276654449e+00 3.061078893069572177e-02
2.438245410866841212e+00 3.050689223520244159e-02
2.441616974158208109e+00 3.040333948386406138e-02
2.444993199588577415e+00 3.030012957158479195e-02
2.448374093604674062e+00 3.019726139669327500e-02
2.451759662662136297e+00 3.009473386093240721e-02
2.455149913225530778e+00 2.999254586944915396e-02
2.458544851768362349e+00 2.989069633078461283e-02
2.461944484773086472e+00 2.978918415686382382e-02
2.465348818731124325e+00 2.968800826298575307e-02
2.468757860142872129e+00 2.958716756781336679e-02
2.472171615517714027e+00 2.948666099336355942e-02
2.475590091374037183e+00 2.938648746499729000e-02
2.479013294239240217e+00 2.928664591140957285e-02
2.482441230649749198e+00 2.918713526461965552e-02
2.485873907151028739e+00 2.908795445996109272e-02
2.489311330297592217e+00 2.898910243607200066e-02
2.492753506653019535e+00 2.889057813488511706e-02
2.496200442789964669e+00 2.879238050161815263e-02
2.499652145290170324e+00 2.869450848476390314e-02
2.503108620744480817e+00 2.859696103608065990e-02
2.506569875752854060e+00 2.849973711058238768e-02
2.510035916924374000e+00 2.840283566652913178e-02
2.513506750877263940e+00 2.830625566541731739e-02
2.516982384238898085e+00 2.820999607197019476e-02
2.520462823645815309e+00 2.811405585412818028e-02
2.523948075743732034e+00 2.801843398303924954e-02
2.527438147187552442e+00 2.792312943304961145e-02
2.530933044641385354e+00 2.782814118169392448e-02
2.534432774778552222e+00 2.773346820968602619e-02
2.537937344281604446e+00 2.763910950090934723e-02
2.541446759842332259e+00 2.754506404240750911e-02
2.544961028161779382e+00 2.745133082437497055e-02
2.548480155950257231e+00 2.735790884014755592e-02
2.552004149927353804e+00 2.726479708619322997e-02
2.555533016821950554e+00 2.717199456210260891e-02
2.559066763372233044e+00 2.707950027057983919e-02
2.562605396325703833e+00 2.698731321743313288e-02
2.566148922439196234e+00 2.689543241156575407e-02
2.569697348478887200e+00 2.680385686496652986e-02
2.573250681220308866e+00 2.671258559270088193e-02
2.576808927448362763e+00 2.662161761290153528e-02
2.580372093957333135e+00 2.653095194675942139e-02
2.583940187550898049e+00 2.644058761851450154e-02
2.587513215042145376e+00 2.635052365544675659e-02
2.591091183253581676e+00 2.626075908786708671e-02
2.594674099017149516e+00 2.617129294910822829e-02
2.598261969174238128e+00 2.608212427551579587e-02
2.601854800575695403e+00 2.599325210643932405e-02
2.605452600081844761e+00 2.590467548422313582e-02
2.609055374562494478e+00 2.581639345419762394e-02
2.612663130896952346e+00 2.572840506467020602e-02
2.616275875974039877e+00 2.564070936691639421e-02
2.619893616692102079e+00 2.555330541517110421e-02
2.623516359959025657e+00 2.546619226661961735e-02
2.627144112692247901e+00 2.537936898138894171e-02
2.630776881818770896e+00 2.529283462253887130e-02
2.634414674275176171e+00 2.520658825605335412e-02
2.638057497007637142e+00 2.512062895083164160e-02
2.641705356971931540e+00 2.503495577867965657e-02
2.645358261133456068e+00 2.494956781430126766e-02
2.649016216467238838e+00 2.486446413528958788e-02
2.652679229957952689e+00 2.477964382211844674e-02
2.656347308599928958e+00 2.469510595813367501e-02
2.660020459397170356e+00 2.461084962954450742e-02
2.663698689363365624e+00 2.452687392541506861e-02
2.667382005521900634e+00 2.444317793765582447e-02
2.671070414905873047e+00 2.435976076101504378e-02
2.674763924558107409e+00 2.427662149307024952e-02
2.678462541531165364e+00 2.419375923421988525e-02
2.682166272887361202e+00 2.411117308767476639e-02
2.685875125698774291e+00 2.402886215944967374e-02
2.689589107047264172e+00 2.394682555835496787e-02
2.693308224024483000e+00 2.386506239598815832e-02
2.697032483731888419e+00 2.378357178672566366e-02
2.700761893280757775e+00 2.370235284771441894e-02
2.704496459792202767e+00 2.362140469886354552e-02
2.708236190397180998e+00 2.354072646283609377e-02
2.711981092236511959e+00 2.346031726504081358e-02
2.715731172460886800e+00 2.338017623362390052e-02
2.719486438230887426e+00 2.330030249946077672e-02
2.723246896716996268e+00 2.322069519614791688e-02
2.727012555099609603e+00 2.314135345999466034e-02
2.730783420569053987e+00 2.306227643001512381e-02
2.734559500325599579e+00 2.298346324792001349e-02
2.738340801579470352e+00 2.290491305810861064e-02
2.742127331550863190e+00 2.282662500766060101e-02
2.745919097469956327e+00 2.274859824632816108e-02
2.749716106576927555e+00 2.267083192652779439e-02
2.753518366121966210e+00 2.259332520333239350e-02
2.757325883365286057e+00 2.251607723446329146e-02
2.761138665577140827e+00 2.243908718028226126e-02
2.764956720037837545e+00 2.236235420378355002e-02
2.768780054037749849e+00 2.228587747058608654e-02
2.772608674877333090e+00 2.220965614892543225e-02
2.776442589867136324e+00 2.213368940964604084e-02
2.780281806327818295e+00 2.205797642619340693e-02
2.784126331590161652e+00 2.198251637460609323e-02
2.787976172995084045e+00 2.190730843350818108e-02
2.791831337893655007e+00 2.183235178410125252e-02
2.795691833647108826e+00 2.175764561015680956e-02
2.799557667626858759e+00 2.168318909800842631e-02
2.803428847214511244e+00 2.160898143654410922e-02
2.807305379801879663e+00 2.153502181719857064e-02
2.811187272790999003e+00 2.146130943394557872e-02
2.815074533594139616e+00 2.138784348329030721e-02
2.818967169633820546e+00 2.131462316426168888e-02
2.822865188342826404e+00 2.124164767840487286e-02
2.826768597164217134e+00 2.116891622977360929e-02
2.830677403551347115e+00 2.109642802492265462e-02
2.834591614967876705e+00 2.102418227290032277e-02
2.838511238887785559e+00 2.095217818524085923e-02
2.842436282795389069e+00 2.088041497595707202e-02
2.846366754185353010e+00 2.080889186153272660e-02
2.850302660562704204e+00 2.073760806091521150e-02
2.854244009442849173e+00 2.066656279550805816e-02
2.858190808351585677e+00 2.059575528916350248e-02
2.862143064825118266e+00 2.052518476817519200e-02
2.866100786410072931e+00 2.045485046127068496e-02
2.870063980663510428e+00 2.038475159960422348e-02
2.874032655152940929e+00 2.031488741674937135e-02
2.878006817456340460e+00 2.024525714869164841e-02
2.881986475162161554e+00 2.017586003382141821e-02
2.885971635869351459e+00 2.010669531292639048e-02
2.889962307187364132e+00 2.003776222918458860e-02
2.893958496736176667e+00 1.996906002815699785e-02
2.897960212146303061e+00 1.990058795778044259e-02
2.901967461058806652e+00 1.983234526836039069e-02
2.905980251125319658e+00 1.976433121256375783e-02
2.909998590008052499e+00 1.969654504541181600e-02
2.914022485379811567e+00 1.962898602427305336e-02
2.918051944924013430e+00 1.956165340885608964e-02
2.922086976334698605e+00 1.949454646120261578e-02
2.926127587316547540e+00 1.942766444568026774e-02
2.930173785584893498e+00 1.936100662897568062e-02
2.934225578865739426e+00 1.929457228008741795e-02
2.938282974895770838e+00 1.922836067031901547e-02
2.942345981422371803e+00 1.916237107327194850e-02
2.946414606203638709e+00 1.909660276483878677e-02
2.950488857008397581e+00 1.903105502319608552e-02
2.954568741616214300e+00 1.896572712879763742e-02
2.958654267817414585e+00 1.890061836436750242e-02
2.962745443413095536e+00 1.883572801489310014e-02
2.966842276215140739e+00 1.877105536761848603e-02
2.970944774046237580e+00 1.870659971203732577e-02
2.975052944739888350e+00 1.864236033988627209e-02
2.979166796140429341e+00 1.857833654513799115e-02
2.983286336103043723e+00 1.851452762399451168e-02
2.987411572493774425e+00 1.845093287488042827e-02
2.991542513189544561e+00 1.838755159843616371e-02
2.995679166078167199e+00 1.832438309751124872e-02
2.999821539058362685e+00 1.826142667715759810e-02
3.003969640039775513e+00 1.819868164462286331e-02
3.008123476942984098e+00 1.813614730934380581e-02
3.012283057699522093e+00 1.807382298293957329e-02
3.016448390251890377e+00 1.801170797920508687e-02
3.020619482553571267e+00 1.794980161410457409e-02
3.024796342569046725e+00 1.788810320576473753e-02
3.028978978273809464e+00 1.782661207446849250e-02
3.033167397654382924e+00 1.776532754264812178e-02
3.037361608708333716e+00 1.770424893487894738e-02
3.041561619444286269e+00 1.764337557787277674e-02
3.045767437881939710e+00 1.758270680045994488e-02
3.049979072052083851e+00 1.752224193313179496e-02
3.054196529996611176e+00 1.746198030789269592e-02
3.058419819768535941e+00 1.740192125883056190e-02
3.062648949432007495e+00 1.734206412215286500e-02
3.066883927062325821e+00 1.728240823618010930e-02
3.071124760745958415e+00 1.722295294133921462e-02
3.075371458580553163e+00 1.716369758015718477e-02
3.079624028674955660e+00 1.710464149725454339e-02
3.083882479149225642e+00 1.704578403933884947e-02
3.088146818134648530e+00 1.698712455519841083e-02
3.092417053773756308e+00 1.692866239569572329e-02
3.096693194220338174e+00 1.687039691376115633e-02
3.100975247639458754e+00 1.681232746438660053e-02
3.105263222207474971e+00 1.675445340461900051e-02
3.109557126112046710e+00 1.669677409355416198e-02
3.113856967552158572e+00 1.663928889233038874e-02
3.118162754738130538e+00 1.658199716412212324e-02
3.122474495891636614e+00 1.652489827413370499e-02
3.126792199245719939e+00 1.646799158959317763e-02
3.131115873044806541e+00 1.641127647974593984e-02
3.135445525544724887e+00 1.635475231584860439e-02
3.139781165012717867e+00 1.629841847116272197e-02
3.144122799727460560e+00 1.624227432094867835e-02
3.148470437979075776e+00 1.618631924245947373e-02
3.152824088069150488e+00 1.613055261493455059e-02
3.157183758310749155e+00 1.607497381959372557e-02
3.161549457028433263e+00 1.601958223963104860e-02
3.165921192558273756e+00 1.596437726020869668e-02
3.170298973247869689e+00 1.590935826845089537e-02
3.174682807456362887e+00 1.585452465343789585e-02
3.179072703554454815e+00 1.579987580619984788e-02
3.183468669924419014e+00 1.574541111971096766e-02
3.187870714960122420e+00 1.569112998888327198e-02
3.192278847067038239e+00 1.563703181056078778e-02
3.196693074662262823e+00 1.558311598351350830e-02
3.201113406174531217e+00 1.552938190843145862e-02
3.205539850044233141e+00 1.547582898791874731e-02
3.209972414723429868e+00 1.542245662648765447e-02
3.214411108675870654e+00 1.536926423055277359e-02
3.218855940377007840e+00 1.531625120842504580e-02
3.223306918314012837e+00 1.526341697030599368e-02
3.227764050985795219e+00 1.521076092828175727e-02
3.232227346903012943e+00 1.515828249631743715e-02
3.236696814588094995e+00 1.510598109025112872e-02
3.241172462575255153e+00 1.505385612778816634e-02
3.245654299410507093e+00 1.500190702849537976e-02
3.250142333651683479e+00 1.495013321379532432e-02
3.254636573868447069e+00 1.489853410696052177e-02
3.259137028642313361e+00 1.484710913310778764e-02
3.263643706566664804e+00 1.479585771919241302e-02
3.268156616246764568e+00 1.474477929400260477e-02
3.272675766299777411e+00 1.469387328815366552e-02
3.277201165354779899e+00 1.464313913408253967e-02
3.281732822052784826e+00 1.459257626604195529e-02
3.286270745046751429e+00 1.454218412009494928e-02
3.290814943001604931e+00 1.449196213410916013e-02
3.295365424594251635e+00 1.444190974775136534e-02
3.299922198513597582e+00 1.439202640248175846e-02
3.304485273460560979e+00 1.434231154154849523e-02
3.309054658148093075e+00 1.429276460998212851e-02
3.313630361301194593e+00 1.424338505459006934e-02
3.318212391656928606e+00 1.419417232395107746e-02
3.322800757964441853e+00 1.414512586840981599e-02
3.327395468984976734e+00 1.409624514007131943e-02
3.331996533491892176e+00 1.404752959279557088e-02
3.336603960270679181e+00 1.399897868219202035e-02
3.341217758118976366e+00 1.395059186561424004e-02
3.345837935846587730e+00 1.390236860215441315e-02
3.350464502275498635e+00 1.385430835263803777e-02
3.355097466239894466e+00 1.380641057961845726e-02
3.359736836586175723e+00 1.375867474737159715e-02
3.364382622172975346e+00 1.371110032189052676e-02
3.369034831871177804e+00 1.366368677088017174e-02
3.373693474563930650e+00 1.361643356375203881e-02
3.378358559146667162e+00 1.356934017161887454e-02
3.383030094527121001e+00 1.352240606728933106e-02
3.387708089625342645e+00 1.347563072526283302e-02
3.392392553373717146e+00 1.342901362172425374e-02
3.397083494716982788e+00 1.338255423453861212e-02
3.401780922612242630e+00 1.333625204324599862e-02
3.406484846028988933e+00 1.329010652905627740e-02
3.411195273949115592e+00 1.324411717484391161e-02
3.415912215366936788e+00 1.319828346514280264e-02
3.420635679289204312e+00 1.315260488614113966e-02
3.425365674735122212e+00 1.310708092567624931e-02
3.430102210736368562e+00 1.306171107322945564e-02
3.434845296337109222e+00 1.301649481992103209e-02
3.439594940594016492e+00 1.297143165850500775e-02
3.444351152576286434e+00 1.292652108336418172e-02
3.449113941365653524e+00 1.288176259050499706e-02
3.453883316056413300e+00 1.283715567755252043e-02
3.458659285755435242e+00 1.279269984374540974e-02
3.463441859582182314e+00 1.274839458993086601e-02
3.468231046668727391e+00 1.270423941855967215e-02
3.473026856159770137e+00 1.266023383368117088e-02
3.477829297212656545e+00 1.261637734093830517e-02
3.482638378997394923e+00 1.257266944756266561e-02
3.487454110696673659e+00 1.252910966236952042e-02
3.492276501505878983e+00 1.248569749575289753e-02
3.497105560633112287e+00 1.244243245968069435e-02
3.501941297299206557e+00 1.239931406768977375e-02
3.506783720737746801e+00 1.235634183488102528e-02
3.511632840195085592e+00 1.231351527791454958e-02
3.516488664930361274e+00 1.227083391500479251e-02
3.521351204215516173e+00 1.222829726591569306e-02
3.526220467335310804e+00 1.218590485195587478e-02
3.531096463587348300e+00 1.214365619597378848e-02
3.535979202282085510e+00 1.210155082235299037e-02
3.540868692742856094e+00 1.205958825700725011e-02
3.545764944305884292e+00 1.201776802737592430e-02
3.550667966320303126e+00 1.197608966241909233e-02
3.555577768148176165e+00 1.193455269261282058e-02
3.560494359164511291e+00 1.189315664994448213e-02
3.565417748757279792e+00 1.185190106790803659e-02
3.570347946327434574e+00 1.181078548149931164e-02
3.575284961288929697e+00 1.176980942721132274e-02
3.580228803068732812e+00 1.172897244302963451e-02
3.585179481106850918e+00 1.168827406842765440e-02
3.590137004856342351e+00 1.164771384436202699e-02
3.595101383783337656e+00 1.160729131326799536e-02
3.600072627367058242e+00 1.156700601905478673e-02
3.605050745099829257e+00 1.152685750710102756e-02
3.610035746487106234e+00 1.148684532425012401e-02
3.615027641047486195e+00 1.144696901880573950e-02
3.620026438312728967e+00 1.140722814052715951e-02
3.625032147827774942e+00 1.136762224062483860e-02
3.630044779150761958e+00 1.132815087175581027e-02
3.635064341853045722e+00 1.128881358801917846e-02
3.640090845519217133e+00 1.124960994495162805e-02
3.645124299747120045e+00 1.121053949952291635e-02
3.650164714147871248e+00 1.117160181013141483e-02
3.655212098345874239e+00 1.113279643659963181e-02
3.660266461978844532e+00 1.109412294016978370e-02
3.665327814697823428e+00 1.105558088349930905e-02
3.670396166167196661e+00 1.101716983065651433e-02
3.675471526064715277e+00 1.097888934711610705e-02
3.680553904081512506e+00 1.094073899975480518e-02
3.685643309922118860e+00 1.090271835684703851e-02
3.690739753304487891e+00 1.086482698806042965e-02
3.695843243960010405e+00 1.082706446445156484e-02
3.700953791633532219e+00 1.078943035846158423e-02
3.706071406083376374e+00 1.075192424391188326e-02
3.711196097081356005e+00 1.071454569599976890e-02
3.716327874412799215e+00 1.067729429129417838e-02
3.721466747876565506e+00 1.064016960773136490e-02
3.726612727285062210e+00 1.060317122461065104e-02
3.731765822464267135e+00 1.056629872259010929e-02
3.736926043253741891e+00 1.052955168368240046e-02
3.742093399506658091e+00 1.049292969125041608e-02
3.747267901089809339e+00 1.045643233000315142e-02
3.752449557883634768e+00 1.042005918599143467e-02
3.757638379782234139e+00 1.038380984660374450e-02
3.762834376693390936e+00 1.034768390056201200e-02
3.768037558538585685e+00 1.031168093791748862e-02
3.773247935253021268e+00 1.027580055004648218e-02
3.778465516785637135e+00 1.024004232964632541e-02
3.783690313099130176e+00 1.020440587073113622e-02
3.788922334169975592e+00 1.016889076862776027e-02
3.794161589988439331e+00 1.013349661997163878e-02
3.799408090558605622e+00 1.009822302270269034e-02
3.804661845898391181e+00 1.006306957606122564e-02
3.809922866039564759e+00 1.002803588058387603e-02
3.815191161027768008e+00 9.993121538099556875e-03
3.820466740922531468e+00 9.958326151725370098e-03
3.825749615797297221e+00 9.923649325862583109e-03
3.831039795739437093e+00 9.889090666192614648e-03
3.836337290850270865e+00 9.854649779424604766e-03
3.841642111245087143e+00 9.820326271454439537e-03
3.846954267053159793e+00 9.786119748433989504e-03
3.852273768417770583e+00 9.752029817818278976e-03
3.857600625496228286e+00 9.718056088369014453e-03
3.862934848459884662e+00 9.684198170150277313e-03
3.868276447494158443e+00 9.650455674524157507e-03
3.873625432798551760e+00 9.616828214146442774e-03
3.878981814586669241e+00 9.583315402962307855e-03
3.884345603086240217e+00 9.549916856202019314e-03
3.889716808539136483e+00 9.516632190376636893e-03
3.895095441201391839e+00 9.483461023273796406e-03
3.900481511343222962e+00 9.450402973953419758e-03
3.905875029249044950e+00 9.417457662743463145e-03
3.911276005217497520e+00 9.384624711235750247e-03
3.916684449561459669e+00 9.351903742281708273e-03
3.922100372608070984e+00 9.319294379988206367e-03
3.927523784698752518e+00 9.286796249713352366e-03
3.932954696189221444e+00 9.254408978062372837e-03
3.938393117449518144e+00 9.222132192883397694e-03
3.943839058864022196e+00 9.189965523263348909e-03
3.949292530831471471e+00 9.157908599523851764e-03
3.954753543764984336e+00 9.125961053217055904e-03
3.960222108092075644e+00 9.094122517121602106e-03
3.965698234254681598e+00 9.062392625238491900e-03
3.971181932709176632e+00 9.030771012787047400e-03
3.976673213926394723e+00 8.999257316200845111e-03
3.982172088391647602e+00 8.967851173123682698e-03
3.987678566604746955e+00 8.936552222405530141e-03
3.993192659080021745e+00 8.905360104098529461e-03
3.998714376346341748e+00 8.874274459453017003e-03
4.004243728947135317e+00 8.843294930913481525e-03
4.009780727440410253e+00 8.812421162114621176e-03
4.015325382398773790e+00 8.781652797877391795e-03
4.020877704409450359e+00 8.750989484205060412e-03
4.026437704074308677e+00 8.720430868279220593e-03
4.032005392009874178e+00 8.689976598455924003e-03
4.037580778847354779e+00 8.659626324261775546e-03
4.043163875232657745e+00 8.629379696389978191e-03
4.048754691826409235e+00 8.599236366696546077e-03
4.054353239303981837e+00 8.569195988196326788e-03
4.059959528355505221e+00 8.539258215059235269e-03
4.065573569685894562e+00 8.509422702606347227e-03
4.071195374014864754e+00 8.479689107306108767e-03
4.076824952076957054e+00 8.450057086770516521e-03
4.082462314621551513e+00 8.420526299751302998e-03
4.088107472412896293e+00 8.391096406136106314e-03
4.093760436230122757e+00 8.361767066944792576e-03
4.099421216867267681e+00 8.332537944325568366e-03
4.105089825133294568e+00 8.303408701551304866e-03
4.110766271852110521e+00 8.274379003015792586e-03
4.116450567862592003e+00 8.245448514229987425e-03
4.122142724018602600e+00 8.216616901818294891e-03
4.127842751189015225e+00 8.187883833514869938e-03
4.133550660257732545e+00 8.159248978159965374e-03
4.139266462123704748e+00 8.130712005696177913e-03
4.144990167700953521e+00 8.102272587164850368e-03
4.150721787918595140e+00 8.073930394702368007e-03
4.156461333720856466e+00 8.045685101536555542e-03
4.162208816067097139e+00 8.017536381983027260e-03
4.167964245931831790e+00 7.989483911441554523e-03
4.173727634304750467e+00 7.961527366392506105e-03
4.179498992190739948e+00 7.933666424393201813e-03
4.185278330609904174e+00 7.905900764074358031e-03
4.191065660597586451e+00 7.878230065136524601e-03
4.196860993204388102e+00 7.850654008346528642e-03
4.202664339496189783e+00 7.823172275533894077e-03
4.208475710554176352e+00 7.795784549587347900e-03
4.214295117474855523e+00 7.768490514451280478e-03
4.220122571370077402e+00 7.741289855122229259e-03
4.225958083367061136e+00 7.714182257645408464e-03
4.231801664608404678e+00 7.687167409111190196e-03
4.237653326252121211e+00 7.660244997651643670e-03
4.243513079471650684e+00 7.633414712437087447e-03
4.249380935455882913e+00 7.606676243672592236e-03
4.255256905409179780e+00 7.580029282594592972e-03
4.261141000551396552e+00 7.553473521467425449e-03
4.267033232117901420e+00 7.527008653579956611e-03
4.272933611359602146e+00 7.500634373242091694e-03
4.278842149542961160e+00 7.474350375781450492e-03
4.284758857950021316e+00 7.448156357540001125e-03
4.290683747878426324e+00 7.422052015870594065e-03
4.296616830641439400e+00 7.396037049133714729e-03
4.302558117567971685e+00 7.370111156694050467e-03
4.308507620002595573e+00 7.344274038917201521e-03
4.314465349305574016e+00 7.318525397166324338e-03
4.320431316852878290e+00 7.292864933798832126e-03
4.326405534036206646e+00 7.267292352163091072e-03
4.332388012263013621e+00 7.241807356595126102e-03
4.338378762956525136e+00 7.216409652415329244e-03
4.344377797555765142e+00 7.191098945925187072e-03
4.350385127515576045e+00 7.165874944404033303e-03
4.356400764306633810e+00 7.140737356105821346e-03
4.362424719415482599e+00 7.115685890255817915e-03
4.368457004344546313e+00 7.090720257047432827e-03
4.374497630612156129e+00 7.065840167638993280e-03
4.380546609752570930e+00 7.041045334150523340e-03
4.386603953315995064e+00 7.016335469660539906e-03
4.392669672868607655e+00 6.991710288202915465e-03
4.398743779992582148e+00 6.967169504763644564e-03
4.404826286286104953e+00 6.942712835277720443e-03
4.410917203363401207e+00 6.918339996625959623e-03
4.417016542854758754e+00 6.894050706631875934e-03
4.423124316406541467e+00 6.869844684058545869e-03
4.429240535681223001e+00 6.845721648605474809e-03
4.435365212357401887e+00 6.821681320905495331e-03
4.441498358129825519e+00 6.797723422521676807e-03
4.447639984709413241e+00 6.773847675944208099e-03
4.453790103823275892e+00 6.750053804587350520e-03
4.459948727214744224e+00 6.726341532786332678e-03
4.466115866643382226e+00 6.702710585794338996e-03
4.472291533885020876e+00 6.679160689779400223e-03
4.478475740731770571e+00 6.655691571821405368e-03
4.484668498992047780e+00 6.632302959909059867e-03
4.490869820490598130e+00 6.608994582936845476e-03
4.497079717068518612e+00 6.585766170702033080e-03
4.503298200583279787e+00 6.562617453901691163e-03
4.509525282908749766e+00 6.539548164129665650e-03
4.515760975935211086e+00 6.516558033873640424e-03
4.522005291569393570e+00 6.493646796512137984e-03
4.528258241734488543e+00 6.470814186311572153e-03
4.534519838370174583e+00 6.448059938423301649e-03
4.540790093432640617e+00 6.425383788880700137e-03
4.547069018894609904e+00 6.402785474596208067e-03
4.553356626745357794e+00 6.380264733358417470e-03
4.559652928990740151e+00 6.357821303829184513e-03
4.565957937653216447e+00 6.335454925540691742e-03
4.572271664771867528e+00 6.313165338892592730e-03
4.578594122402423139e+00 6.290952285149113352e-03
4.584925322617282362e+00 6.268815506436190357e-03
4.591265277505538478e+00 6.246754745738609949e-03
4.597613999173002064e+00 6.224769746897134207e-03
4.603971499742223195e+00 6.202860254605686505e-03
4.610337791352513648e+00 6.181026014408524775e-03
4.616712886159971774e+00 6.159266772697374014e-03
4.623096796337504699e+00 6.137582276708673269e-03
4.629489534074853196e+00 6.115972274520709018e-03
4.635891111578613888e+00 6.094436515050877766e-03
4.642301541072261450e+00 6.072974748052853249e-03
4.648720834796174373e+00 6.051586724113829953e-03
4.655149005007653606e+00 6.030272194651788327e-03
4.661586063980952765e+00 6.009030911912671517e-03
4.668032024007296776e+00 5.987862628967678333e-03
4.674486897394907636e+00 5.966767099710521514e-03
4.680950696469025729e+00 5.945744078854694678e-03
4.687423433571932918e+00 5.924793321930749666e-03
4.693905121062981856e+00 5.903914585283569563e-03
4.700395771318612859e+00 5.883107626069699822e-03
4.706895396732380554e+00 5.862372202254610871e-03
4.713404009714978748e+00 5.841708072610050061e-03
4.719921622694259078e+00 5.821114996711366715e-03
4.726448248115260320e+00 5.800592734934801632e-03
4.732983898440231485e+00 5.780141048454876321e-03
4.739528586148650469e+00 5.759759699241721528e-03
4.746082323737256914e+00 5.739448450058427451e-03
4.752645123720063758e+00 5.719207064458451187e-03
4.759216998628394535e+00 5.699035306782944399e-03
4.765797961010896699e+00 5.678932942158175512e-03
4.772388023433571824e+00 5.658899736492902476e-03
4.778987198479797804e+00 5.638935456475785424e-03
4.785595498750351950e+00 5.619039869572794998e-03
4.792212936863433193e+00 5.599212744024660571e-03
4.798839525454693167e+00 5.579453848844241268e-03
4.805475277177252202e+00 5.559762953814012358e-03
4.812120204701730408e+00 5.540139829483495260e-03
4.818774320716266324e+00 5.520584247166716169e-03
4.825437637926543566e+00 5.501095978939874592e-03
4.832110169055814808e+00 5.481674797793070937e-03
4.838791926844927538e+00 5.462320477895145875e-03
4.845482924052346263e+00 5.443032794233316693e-03
4.852183173454179155e+00 5.423811522537626620e-03
4.858892687844196701e+00 5.404656439278468505e-03
4.865611480033864567e+00 5.385567321664237739e-03
4.872339562852362249e+00 5.366543947638889762e-03
4.879076949146609721e+00 5.347586095879571302e-03
4.885823651781291410e+00 5.328693545794213442e-03
4.892579683638881960e+00 5.309866077519170662e-03
4.899345057619665766e+00 5.291103471916846004e-03
4.906119786641768066e+00 5.272405510573341392e-03
4.912903883641178915e+00 5.253771975796071511e-03
4.919697361571773619e+00 5.235202650611436685e-03
4.926500233405341156e+00 5.216697318762508750e-03
4.933312512131605487e+00 5.198255764706644078e-03
4.940134210758253985e+00 5.179877773613198941e-03
4.946965342310961411e+00 5.161563131361211060e-03
4.953805919833414784e+00 5.143311624537059458e-03
4.960655956387335586e+00 5.125123040432214526e-03
4.967515465052506407e+00 5.106997167040877930e-03
4.974384458926799368e+00 5.088933793057773443e-03
4.981262951126196548e+00 5.070932707875784248e-03
4.988150954784814850e+00 5.052993701583735967e-03
4.995048483054937982e+00 5.035116564964120696e-03
5.001955549107028887e+00 5.017301089490834066e-03
5.008872166129767933e+00 4.999547067326918365e-03
5.015798347330071572e+00 4.981854291322342955e-03
5.022734105933116311e+00 4.964222555011724852e-03
5.029679455182369807e+00 4.946651652612149910e-03
5.036634408339611291e+00 4.929141379020916813e-03
5.043598978684953771e+00 4.911691529813345253e-03
5.050573179516880451e+00 4.894301901240535532e-03
5.057557024152259828e+00 4.876972290227208837e-03
5.064550525926375002e+00 4.859702494369497194e-03
5.071553698192950321e+00 4.842492311932733440e-03
5.078566554324172699e+00 4.825341541849315768e-03
5.085589107710722701e+00 4.808249983716509843e-03
5.092621371761794968e+00 4.791217437794282989e-03
5.099663359905128424e+00 4.774243705003147938e-03
5.106715085587029357e+00 4.757328586922027376e-03
5.113776562272394521e+00 4.740471885786082078e-03
5.120847803444741331e+00 4.723673404484611885e-03
5.127928822606234505e+00 4.706932946558869957e-03
5.135019633277705609e+00 4.690250316200012329e-03
5.142120248998685916e+00 4.673625318246899148e-03
5.149230683327424174e+00 4.657057758184059842e-03
5.156350949840923015e+00 4.640547442139535128e-03
5.163481062134954058e+00 4.624094176882824828e-03
5.170621033824092549e+00 4.607697769822756764e-03
5.177770878541737787e+00 4.591358029005422441e-03
5.184930609940144208e+00 4.575074763112111850e-03
5.192100241690437379e+00 4.558847781457250892e-03
5.199279787482653070e+00 4.542676893986287608e-03
5.206469261025756801e+00 4.526561911273694651e-03
5.213668676047668704e+00 4.510502644520894555e-03
5.220878046295294617e+00 4.494498905554203221e-03
5.228097385534544728e+00 4.478550506822821971e-03
5.235326707550367331e+00 4.462657261396807060e-03
5.242566026146772806e+00 4.446818982965018360e-03
5.249815355146858487e+00 4.431035485833114025e-03
5.257074708392837081e+00 4.415306584921562492e-03
5.264344099746059769e+00 4.399632095763614595e-03
5.271623543087046393e+00 4.384011834503317301e-03
5.278913052315511223e+00 4.368445617893518783e-03
5.286212641350388708e+00 4.352933263293883026e-03
5.293522324129858347e+00 4.337474588668920050e-03
5.300842114611377554e+00 4.322069412585996181e-03
5.308172026771695862e+00 4.306717554213404173e-03
5.315512074606897563e+00 4.291418833318363067e-03
5.322862272132415917e+00 4.276173070265095258e-03
5.330222633383066899e+00 4.260980086012866250e-03
5.337593172413074072e+00 4.245839702114042637e-03
5.344973903296089901e+00 4.230751740712183039e-03
5.352364840125233947e+00 4.215716024540074394e-03
5.359765997013108851e+00 4.200732376917837643e-03
5.367177388091835866e+00 4.185800621750992642e-03
5.374599027513076166e+00 4.170920583528575122e-03
5.382030929448055723e+00 4.156092087321212880e-03
5.389473108087603492e+00 4.141314958779240135e-03
5.396925577642165628e+00 4.126589024130798006e-03
5.404388352341841006e+00 4.111914110179957539e-03
5.411861446436405210e+00 4.097290044304837536e-03
5.419344874195336281e+00 4.082716654455740592e-03
5.426838649907846701e+00 4.068193769153276990e-03
5.434342787882905590e+00 4.053721217486501611e-03
5.441857302449269795e+00 4.039298829111079465e-03
5.449382207955508761e+00 4.024926434247420859e-03
5.456917518770034725e+00 4.010603863678831316e-03
5.464463249281123147e+00 3.996330948749713535e-03
5.472019413896951789e+00 3.982107521363685218e-03
5.479586027045618479e+00 3.967933413981794902e-03
5.487163103175172196e+00 3.953808459620679686e-03
5.494750656753641493e+00 3.939732491850777597e-03
5.502348702269058478e+00 3.925705344794494858e-03
5.509957254229492563e+00 3.911726853124405240e-03
5.517576327163071781e+00 3.897796852061494524e-03
5.525205935618015651e+00 3.883915177373313890e-03
5.532846094162660044e+00 3.870081665372240853e-03
5.540496817385482942e+00 3.856296152913677756e-03
5.548158119895138185e+00 3.842558477394294927e-03
5.555830016320480347e+00 3.828868476750247381e-03
5.563512521310591374e+00 3.815225989455434466e-03
5.571205649534809012e+00 3.801630854519720461e-03
5.578909415682758777e+00 3.788082911487204631e-03
5.586623834464373495e+00 3.774582000434480427e-03
5.594348920609929721e+00 3.761127961968888187e-03
5.602084688870073492e+00 3.747720637226770006e-03
5.609831154015846977e+00 3.734359867871760164e-03
5.617588330838717781e+00 3.721045496093069917e-03
5.625356234150604706e+00 3.707777364603759285e-03
5.633134878783911503e+00 3.694555316639023569e-03
5.640924279591549073e+00 3.681379195954505041e-03
5.648724451446968331e+00 3.668248846824569490e-03
5.656535409244188628e+00 3.655164114040640889e-03
5.664357167897819956e+00 3.642124842909493128e-03
5.672189742343098473e+00 3.629130879251570366e-03
5.680033147535914040e+00 3.616182069399324732e-03
5.687887398452834198e+00 3.603278260195518033e-03
5.695752510091139698e+00 3.590419298991574630e-03
5.703628497468844039e+00 3.577605033645926951e-03
5.711515375624731661e+00 3.564835312522331504e-03
5.719413159618381037e+00 3.552109984488245609e-03
5.727321864530193984e+00 3.539428898913172042e-03
5.735241505461426748e+00 3.526791905667008443e-03
5.743172097534217535e+00 3.514198855118443564e-03
5.751113655891612275e+00 3.501649598133291068e-03
5.759066195697598367e+00 3.489143986072890113e-03
5.767029732137132214e+00 3.476681870792483822e-03
5.775004280416167646e+00 3.464263104639591674e-03
5.782989855761685227e+00 3.451887540452417032e-03
5.790986473421718017e+00 3.439555031558235582e-03
5.798994148665387982e+00 3.427265431771809798e-03
5.807012896782928202e+00 3.415018595393772612e-03
5.815042733085716620e+00 3.402814377209060093e-03
5.823083672906304464e+00 3.390652632485323306e-03
5.831135731598438454e+00 3.378533216971353614e-03
5.839198924537103430e+00 3.366455986895501920e-03
5.847273267118541007e+00 3.354420798964114804e-03
5.855358774760283325e+00 3.342427510359981518e-03
5.863455462901180582e+00 3.330475978740776635e-03
5.871563347001434785e+00 3.318566062237471043e-03
5.879682442542620180e+00 3.306697619452848760e-03
5.887812765027723216e+00 3.294870509459917919e-03
5.895954329981166531e+00 3.283084591800390292e-03
5.904107152948840032e+00 3.271339726483136513e-03
5.912271249498130210e+00 3.259635773982676871e-03
5.920446635217946785e+00 3.247972595237658654e-03
5.928633325718760894e+00 3.236350051649311815e-03
5.936831336632625522e+00 3.224768005079967949e-03
5.945040683613211030e+00 3.213226317851543713e-03
5.953261382335834462e+00 3.201724852744021639e-03
5.961493448497483527e+00 3.190263472993984297e-03
5.969736897816857457e+00 3.178842042293089469e-03
5.977991746034388321e+00 3.167460424786598672e-03
5.986258008912272999e+00 3.156118485071888330e-03
5.994535702234507824e+00 3.144816088196980899e-03
6.002824841806909006e+00 3.133553099659061245e-03
6.011125443457152606e+00 3.122329385403004292e-03
6.019437523034800286e+00 3.111144811819926970e-03
6.027761096411331287e+00 3.099999245745708055e-03
6.036096179480169077e+00 3.088892554459549654e-03
6.044442788156718649e+00 3.077824605682521770e-03
6.052800938378385176e+00 3.066795267576120747e-03
6.061170646104619308e+00 3.055804408740817307e-03
6.069551927316935824e+00 3.044851898214616728e-03
6.077944798018950046e+00 3.033937605252124900e-03
6.086349274236408924e+00 3.023061394336232135e-03
6.094765372017212357e+00 3.012223125169463840e-03
6.103193107431458486e+00 3.001422657801988778e-03
6.111632496571464124e+00 2.990659852869511671e-03
6.120083555551798504e+00 2.979934571590528002e-03
6.128546300509313483e+00 2.969246675763554961e-03
6.137020747603173731e+00 2.958596027764400123e-03
6.145506913014890493e+00 2.947982490543434465e-03
6.154004812948349112e+00 2.937405927622900939e-03
6.162514463629841899e+00 2.926866203094199634e-03
6.171035881308100990e+00 2.916363181615209358e-03
6.179569082254320556e+00 2.905896728407647827e-03
6.188114082762200319e+00 2.895466709254373300e-03
6.196670899147968647e+00 2.885072990496773820e-03
6.205239547750416307e+00 2.874715439032146051e-03
6.213820044930924880e+00 2.864393922311064128e-03
6.222412407073504959e+00 2.854108308334776713e-03
6.231016650584815686e+00 2.843858465652655647e-03
6.239632791894207386e+00 2.833644263359576948e-03
6.248260847453749989e+00 2.823465571093389422e-03
6.256900833738259671e+00 2.813322259032358975e-03
6.265552767245337940e+00 2.803214197892631588e-03
6.274216664495391171e+00 2.793141258925727500e-03
6.282892542031677685e+00 2.783103313916018492e-03
6.291580416420329058e+00 2.773100235178223381e-03
6.300280304250382102e+00 2.763131895554955548e-03
6.308992222133817940e+00 2.753198168414214969e-03
6.317716186705579773e+00 2.743298927646969573e-03
6.326452214623621728e+00 2.733434047664677624e-03
6.335200322568927511e+00 2.723603403396869949e-03
6.343960527245549486e+00 2.713806870288732170e-03
6.352732845380636206e+00 2.704044324298686928e-03
6.361517293724469724e+00 2.694315641896006912e-03
6.370313889050487788e+00 2.684620700058427002e-03
6.379122648155326480e+00 2.674959376269767271e-03
6.387943587858848637e+00 2.665331548517587204e-03
6.396776725004174047e+00 2.655737095290823004e-03
6.405622076457713199e+00 2.646175895577460024e-03
6.414479659109196596e+00 2.636647828862212148e-03
6.423349489871712947e+00 2.627152775124195951e-03
6.432231585681736696e+00 2.617690614834648245e-03
6.441125963499161777e+00 2.608261228954622361e-03
6.450032640307337140e+00 2.598864498932715664e-03
6.458951633113088064e+00 2.589500306702810072e-03
6.467882958946764127e+00 2.580168534681808248e-03
6.476826634862261400e+00 2.570869065767390597e-03
6.485782677937057095e+00 2.561601783335797425e-03
6.494751105272246861e+00 2.552366571239592877e-03
6.503731933992566105e+00 2.543163313805460544e-03
6.512725181246435291e+00 2.533991895832011631e-03
6.521730864205987466e+00 2.524852202587585335e-03
6.530749000067099352e+00 2.515744119808082605e-03
6.539779606049426874e+00 2.506667533694805546e-03
6.548822699396437130e+00 2.497622330912291182e-03
6.557878297375437704e+00 2.488608398586172540e-03
6.566946417277618409e+00 2.479625624301057089e-03
6.576027076418075268e+00 2.470673896098376978e-03
6.585120292135848707e+00 2.461753102474312574e-03
6.594226081793958194e+00 2.452863132377669595e-03
6.603344462779424440e+00 2.444003875207797008e-03
6.612475452503318252e+00 2.435175220812506227e-03
6.621619068400783625e+00 2.426377059485999420e-03
6.630775327931072383e+00 2.417609281966819502e-03
6.639944248577583252e+00 2.408871779435778002e-03
6.649125847847882298e+00 2.400164443513962739e-03
6.658320143273751768e+00 2.391487166260663089e-03
6.667527152411214963e+00 2.382839840171370287e-03
6.676746892840570879e+00 2.374222358175783355e-03
6.685979382166427953e+00 2.365634613635785987e-03
6.695224638017739593e+00 2.357076500343479805e-03
6.704482678047831712e+00 2.348547912519206773e-03
6.713753519934446246e+00 2.340048744809555131e-03
6.723037181379766913e+00 2.331578892285436459e-03
6.732333680110456520e+00 2.323138250440119363e-03
6.741643033877691593e+00 2.314726715187281816e-03
6.750965260457188144e+00 2.306344182859117707e-03
6.760300377649250514e+00 2.297990550204372703e-03
6.769648403278791804e+00 2.289665714386460767e-03
6.779009355195374731e+00 2.281369572981575052e-03
6.788383251273246266e+00 2.273102023976765387e-03
6.797770109411362505e+00 2.264862965768085160e-03
6.807169947533437515e+00 2.256652297158704811e-03
6.816582783587967320e+00 2.248469917357057840e-03
6.826008635548265424e+00 2.240315725974981187e-03
6.835447521412501892e+00 2.232189623025869919e-03
6.844899459203728220e+00 2.224091508922860540e-03
6.854364466969924408e+00 2.216021284476976574e-03
6.863842562784023826e+00 2.207978850895340062e-03
6.873333764743951413e+00 2.199964109779343167e-03
6.882838090972656531e+00 2.191976963122861406e-03
6.892355559618151162e+00 2.184017313310464715e-03
6.901886188853538329e+00 2.176085063115634158e-03
6.911429996877052950e+00 2.168180115698980798e-03
6.920987001912094705e+00 2.160302374606498394e-03
6.930557222207260004e+00 2.152451743767805695e-03
6.940140676036383738e+00 2.144628127494386995e-03
6.949737381698561478e+00 2.136831430477878664e-03
6.959347357518199217e+00 2.129061557788317072e-03
6.968970621845040014e+00 2.121318414872438562e-03
6.978607193054200408e+00 2.113601907551955570e-03
6.988257089546205947e+00 2.105911942021862233e-03
6.997920329747023160e+00 2.098248424848726985e-03
7.007596932108102195e+00 2.090611262969033733e-03
7.017286915106404344e+00 2.083000363687467077e-03
7.026990297244443795e+00 2.075415634675276035e-03
7.036707097050316939e+00 2.067856983968593965e-03
7.046437333077739673e+00 2.060324319966790572e-03
7.056181023906085592e+00 2.052817551430839108e-03
7.065938188140420628e+00 2.045336587481650596e-03
7.075708844411534137e+00 2.037881337598480922e-03
7.085493011375980643e+00 2.030451711617285888e-03
7.095290707716112699e+00 2.023047619729116588e-03
7.105101952140112864e+00 2.015668972478519994e-03
7.114926763382036334e+00 2.008315680761933036e-03
7.124765160201842917e+00 2.000987655826093597e-03
7.134617161385433448e+00 1.993684809266477523e-03
7.144482785744687092e+00 1.986407053025697044e-03
7.154362052117489768e+00 1.979154299391968144e-03
7.164254979367782994e+00 1.971926460997520687e-03
7.174161586385588762e+00 1.964723450817068822e-03
7.184081892087053056e+00 1.957545182166269687e-03
7.194015915414477824e+00 1.950391568700171911e-03
7.203963675336353845e+00 1.943262524411708356e-03
7.213925190847406022e+00 1.936157963630161542e-03
7.223900480968624471e+00 1.929077801019658551e-03
7.233889564747300049e+00 1.922021951577665292e-03
7.243892461257061655e+00 1.914990330633489432e-03
7.253909189597915308e+00 1.907982853846785067e-03
7.263939768896272575e+00 1.900999437206083624e-03
7.273984218304998528e+00 1.894039997027297450e-03
7.284042557003439278e+00 1.887104449952273265e-03
7.294114804197462831e+00 1.880192712947312663e-03
7.304200979119497283e+00 1.873304703301734890e-03
7.314301101028558350e+00 1.866440338626419032e-03
7.324415189210299104e+00 1.859599536852365705e-03
7.334543262977036626e+00 1.852782216229261793e-03
7.344685341667796408e+00 1.845988295324069682e-03
7.354841444648343440e+00 1.839217693019587442e-03
7.365011591311218631e+00 1.832470328513058008e-03
7.375195801075783208e+00 1.825746121314742159e-03
7.385394093388248926e+00 1.819044991246541792e-03
7.395606487721718025e+00 1.812366858440594801e-03
7.405833003576222318e+00 1.805711643337891631e-03
7.416073660478749829e+00 1.799079266686914825e-03
7.426328477983297205e+00 1.792469649542236497e-03
7.436597475670899904e+00 1.785882713263189751e-03
7.446880673149667729e+00 1.779318379512478303e-03
7.457178090054823016e+00 1.772776570254853317e-03
7.467489746048745047e+00 1.766257207755745576e-03
7.477815660820993138e+00 1.759760214579949049e-03
7.488155854088358154e+00 1.753285513590274302e-03
7.498510345594897153e+00 1.746833027946232070e-03
7.508879155111963577e+00 1.740402681102706838e-03
7.519262302438256995e+00 1.733994396808653631e-03
7.529659807399845306e+00 1.727608099105786563e-03
7.540071689850218917e+00 1.721243712327286688e-03
7.550497969670318277e+00 1.714901161096495314e-03
7.560938666768576510e+00 1.708580370325645708e-03
7.571393801080956720e+00 1.702281265214567905e-03
7.581863392570982185e+00 1.696003771249424098e-03
7.592347461229789651e+00 1.689747814201429058e-03
7.602846027076154201e+00 1.683513320125607643e-03
7.613359110156536325e+00 1.677300215359516303e-03
7.623886730545113011e+00 1.671108426522014898e-03
7.634428908343823927e+00 1.664937880512000782e-03
7.644985663682397181e+00 1.658788504507197753e-03
7.655557016718403496e+00 1.652660226925749048e-03
7.666142987637284634e+00 1.646552982328329051e-03
7.676743596652395141e+00 1.640466707668556279e-03
7.687358864005039649e+00 1.634401340045139135e-03
7.697988809964510182e+00 1.628356816697586803e-03
7.708633454828130560e+00 1.622333075006130105e-03
7.719292818921287491e+00 1.616330052491667070e-03
7.729966922597476753e+00 1.610347686815681188e-03
7.740655786238338720e+00 1.604385915780186115e-03
7.751359430253691229e+00 1.598444677327645006e-03
7.762077875081581091e+00 1.592523909540902866e-03
7.772811141188314288e+00 1.586623550643104577e-03
7.783559249068496833e+00 1.580743538997634624e-03
7.794322219245076511e+00 1.574883813108023632e-03
7.805100072269373079e+00 1.569044311617886784e-03
7.815892828721133334e+00 1.563224973310824509e-03
7.826700509208555090e+00 1.557425737110359597e-03
7.837523134368336031e+00 1.551646542079841359e-03
7.848360724865709237e+00 1.545887327422371246e-03
7.859213301394484041e+00 1.540148032480711561e-03
7.870080884677079780e+00 1.534428596737208699e-03
7.880963495464576418e+00 1.528728959813686243e-03
7.891861154536745637e+00 1.523049061471371890e-03
7.902773882702094355e+00 1.517388841610802690e-03
7.913701700797903804e+00 1.511748240271727035e-03
7.924644629690262398e+00 1.506127197633028983e-03
7.935602690274119020e+00 1.500525654012605523e-03
7.946575903473313218e+00 1.494943549867296323e-03
7.957564290240617844e+00 1.489380825792771404e-03
7.968567871557779903e+00 1.483837422523436598e-03
7.979586668435554309e+00 1.478313280932340955e-03
7.990620701913756285e+00 1.472808342031059871e-03
8.001669993061289787e+00 1.467322546969612035e-03
8.012734562976197239e+00 1.461855837036333226e-03
8.023814432785689732e+00 1.456408153657797388e-03
8.034909623646194987e+00 1.450979438398687605e-03
8.046020156743395546e+00 1.445569632961702430e-03
8.057146053292271404e+00 1.440178679187439871e-03
8.068287334537131983e+00 1.434806519054295047e-03
8.079444021751669425e+00 1.429453094678339621e-03
8.090616136238994116e+00 1.424118348313218587e-03
8.101803699331661335e+00 1.418802222350033825e-03
8.113006732391740528e+00 1.413504659317225487e-03
8.124225256810829521e+00 1.408225601880464233e-03
8.135459294010111364e+00 1.402964992842526109e-03
8.146708865440391634e+00 1.397722775143175021e-03
8.157973992582126854e+00 1.392498891859059304e-03
8.169254696945490224e+00 1.387293286203566869e-03
8.180551000070389378e+00 1.382105901526720689e-03
8.191862923526521456e+00 1.376936681315049562e-03
8.203190488913408629e+00 1.371785569191468846e-03
8.214533717860438955e+00 1.366652508915152308e-03
8.225892632026912565e+00 1.361537444381405275e-03
8.237267253102075415e+00 1.356440319621541029e-03
8.248657602805167244e+00 1.351361078802752226e-03
8.260063702885464210e+00 1.346299666227979705e-03
8.271485575122312639e+00 1.341256026335780650e-03
8.282923241325173436e+00 1.336230103700211279e-03
8.294376723333668266e+00 1.331221843030667464e-03
8.305846043017620417e+00 1.326231189171781085e-03
8.317331222277088543e+00 1.321258087103263038e-03
8.328832283042419959e+00 1.316302481939784618e-03
8.340349247274282618e+00 1.311364318930827687e-03
8.351882136963713066e+00 1.306443543460558904e-03
8.363430974132157303e+00 1.301540101047679024e-03
8.374995780831511638e+00 1.296653937345296692e-03
8.386576579144167098e+00 1.291784998140777527e-03
8.398173391183044956e+00 1.286933229355610763e-03
8.409786239091648241e+00 1.282098577045260495e-03
8.421415145044097272e+00 1.277280987399026903e-03
8.433060131245175839e+00 1.272480406739899452e-03
8.444721219930375611e+00 1.267696781524410305e-03
8.456398433365926337e+00 1.262930058342499016e-03
8.468091793848852689e+00 1.258180183917348167e-03
8.479801323707011562e+00 1.253447105105251740e-03
8.491527045299132936e+00 1.248730768895453579e-03
8.503268981014864281e+00 1.244031122410010556e-03
8.515027153274818517e+00 1.239348112903623875e-03
8.526801584530597111e+00 1.234681687763515253e-03
8.538592297264862907e+00 1.230031794509238484e-03
8.550399313991357886e+00 1.225398380792558882e-03
8.562222657254958236e+00 1.220781394397284138e-03
8.574062349631720537e+00 1.216180783239103431e-03
8.585918413728906629e+00 1.211596495365453849e-03
8.597790872185049338e+00 1.207028478955333691e-03
8.609679747669982675e+00 1.202476682319170631e-03
8.621585062884888018e+00 1.197941053898649542e-03
8.633506840562342077e+00 1.193421542266554858e-03
8.645445103466341763e+00 1.188918096126619214e-03
8.657399874392378791e+00 1.184430664313351495e-03
8.669371176167455673e+00 1.179959195791880928e-03
8.681359031650144331e+00 1.175503639657794665e-03
8.693363463730621632e+00 1.171063945136972774e-03
8.705384495330720895e+00 1.166640061585427985e-03
8.717422149403963871e+00 1.162231938489133309e-03
8.729476448935621136e+00 1.157839525463867864e-03
8.741547416942742288e+00 1.153462772255039927e-03
8.753635076474202137e+00 1.149101628737525830e-03
8.765739450610755767e+00 1.144756044915501252e-03
8.777860562465059857e+00 1.140425970922273385e-03
8.789998435181745506e+00 1.136111357020107467e-03
8.802153091937437779e+00 1.131812153600063276e-03
8.814324555940816097e+00 1.127528311181819716e-03
8.826512850432649770e+00 1.123259780413504803e-03
8.838717998685840627e+00 1.119006512071528707e-03
8.850940024005481632e+00 1.114768457060397048e-03
8.863178949728883538e+00 1.110545566412557807e-03
8.875434799225629945e+00 1.106337791288206172e-03
8.887707595897625268e+00 1.102145082975121686e-03
8.899997363179121379e+00 1.097967392888499335e-03
8.912304124536785110e+00 1.093804672570753301e-03
8.924627903469726675e+00 1.089656873691359756e-03
8.936968723509554735e+00 1.085523948046666692e-03
8.949326608220415480e+00 1.081405847559721101e-03
8.961701581199040589e+00 1.077302524280090946e-03
8.974093666074782760e+00 1.073213930383687571e-03
8.986502886509681431e+00 1.069140018172575965e-03
8.998929266198485877e+00 1.065080740074807143e-03
9.011372828868713825e+00 1.061036048644225811e-03
9.023833598280697643e+00 1.057005896560296457e-03
9.036311598227612762e+00 1.052990236627918390e-03
9.048806852535546952e+00 1.048989021777239688e-03
9.061319385063530518e+00 1.045002205063479172e-03
9.073849219703582492e+00 1.041029739666737104e-03
9.086396380380767468e+00 1.037071578891813695e-03
9.098960891053222255e+00 1.033127676168021534e-03
9.111542775712219822e+00 1.029197985049003661e-03
9.124142058382204823e+00 1.025282459212543615e-03
9.136758763120846893e+00 1.021381052460376346e-03
9.149392914019081502e+00 1.017493718718005856e-03
9.162044535201147255e+00 1.013620412034516331e-03
9.174713650824651623e+00 1.009761086582379149e-03
9.187400285080602913e+00 1.005915696657270738e-03
9.200104462193461785e+00 1.002084196677873731e-03
9.212826206421185660e+00 9.982665411856980753e-04
9.225565542055278456e+00 9.944626848448798011e-04
9.238322493420822568e+00 9.906725824419962759e-04
9.251097084876549914e+00 9.868961888858716978e-04
9.263889340814868589e+00 9.831334592073884444e-04
9.276699285661916150e+00 9.793843485592921335e-04
9.289526943877612908e+00 9.756488122159923462e-04
9.302372339955690350e+00 9.719268055733833005e-04
9.315235498423758642e+00 9.682182841486378522e-04
9.328116443843340377e+00 9.645232035800154835e-04
9.341015200809922092e+00 9.608415196266714827e-04
9.353931793953005780e+00 9.571731881684572346e-04
9.366866247936137313e+00 9.535181652057274490e-04
9.379818587456979273e+00 9.498764068591403426e-04
9.392788837247341149e+00 9.462478693694648677e-04
9.405777022073234406e+00 9.426325090973792674e-04
9.418783166734909784e+00 9.390302825232765696e-04
9.431807296066921253e+00 9.354411462470687806e-04
9.444849434938150878e+00 9.318650569879827292e-04
9.457909608251878097e+00 9.283019715843656696e-04
9.470987840945817027e+00 9.247518469934830777e-04
9.484084157992164421e+00 9.212146402913202418e-04
9.497198584397649412e+00 9.176903086723858056e-04
9.510331145203572589e+00 9.141788094495067454e-04
9.523481865485873499e+00 9.106801000536263830e-04
9.536650770355153739e+00 9.071941380336118318e-04
9.549837884956749789e+00 9.037208810560413844e-04
9.563043234470759657e+00 9.002602869050107658e-04
9.576266844112099719e+00 8.968123134819259426e-04
9.589508739130559789e+00 8.933769188053064482e-04
9.602768944810840424e+00 8.899540610105769996e-04
9.616047486472604433e+00 8.865436983498651852e-04
9.629344389470530174e+00 8.831457891204140889e-04
9.642659679194350630e+00 8.797602806659462604e-04
9.655993381068910253e+00 8.763870977300190204e-04
9.669345520554212925e+00 8.730261628566092199e-04
9.682716123145462817e+00 8.696773992645529666e-04
9.696105214373123005e+00 8.663407308422514663e-04
9.709512819802961658e+00 8.630160821424296639e-04
9.722938965036087566e+00 8.597033783769493119e-04
9.736383675709021190e+00 8.564025454116489270e-04
9.749846977493730193e+00 8.531135097612504254e-04
9.763328896097680953e+00 8.498361985843096676e-04
9.776829457263886525e+00 8.465705396781961689e-04
9.790348686770954600e+00 8.433164614741406806e-04
9.803886610433142579e+00 8.400738930323066239e-04
9.817443254100403749e+00 8.368427640369211547e-04
9.831018643658435252e+00 8.336230047914415736e-04
9.844612805028731373e+00 8.304145462137622847e-04
9.858225764168620842e+00 8.272173198314787838e-04
9.871857547071334338e+00 8.240312577771711621e-04
9.885508179766045345e+00 8.208562927837464822e-04
9.899177688317916335e+00 8.176923581798223534e-04
9.912866098828153838e+00 8.145393878851326253e-04
9.926573437434059954e+00 8.113973164059993257e-04
9.940299730309069659e+00 8.082660788308246563e-04
9.954045003662820079e+00 8.051456108256245135e-04
9.967809283741186022e+00 8.020358486296106900e-04
9.981592596826335040e+00 7.989367290508052766e-04
9.995394969236780724e+00 7.958481894616856395e-04
1.000921642732741645e+01 7.927701677948826306e-04
1.002305699748960244e+01 7.897026025388954960e-04
1.003691670615116927e+01 7.866454327338694499e-04
1.005079557977649785e+01 7.835985979673797553e-04
1.006469364486657447e+01 7.805620383702691458e-04
1.007861092795901570e+01 7.775356946125267735e-04
1.009254745562814648e+01 7.745195078991771315e-04
1.010650325448503040e+01 7.715134199662305580e-04
1.012047835117752470e+01 7.685173730766480535e-04
1.013447277239034960e+01 7.655313100163493563e-04
1.014848654484510604e+01 7.625551740902560384e-04
1.016251969530036270e+01 7.595889091183515148e-04
1.017657225055167736e+01 7.566324594317981904e-04
1.019064423743165904e+01 7.536857698690645809e-04
1.020473568281003551e+01 7.507487857720936348e-04
1.021884661359367108e+01 7.478214529825083501e-04
1.023297705672665181e+01 7.449037178378291020e-04
1.024712703919031043e+01 7.419955271677485410e-04
1.026129658800328848e+01 7.390968282904048642e-04
1.027548573022160383e+01 7.362075690087137433e-04
1.028969449293866489e+01 7.333276976067160807e-04
1.030392290328536653e+01 7.304571628459494018e-04
1.031817098843009894e+01 7.275959139618629404e-04
1.033243877557884005e+01 7.247439006602437832e-04
1.034672629197517146e+01 7.219010731136914780e-04
1.036103356490034955e+01 7.190673819580990387e-04
1.037536062167336937e+01 7.162427782891749332e-04
1.038970748965097890e+01 7.134272136589903330e-04
1.040407419622777851e+01 7.106206400725446860e-04
1.041846076883623162e+01 7.078230099843732482e-04
1.043286723494673573e+01 7.050342762951633969e-04
1.044729362206768997e+01 7.022543923484055300e-04
1.046173995774550924e+01 6.994833119270761667e-04
1.047620626956472201e+01 6.967209892503280948e-04
1.049069258514798264e+01 6.939673789702236698e-04
1.050519893215614431e+01 6.912224361684817745e-04
1.051972533828832113e+01 6.884861163532475471e-04
1.053427183128191125e+01 6.857583754559025500e-04
1.054883843891268569e+01 6.830391698278717944e-04
1.056342518899480964e+01 6.803284562374819393e-04
1.057803210938090999e+01 6.776261918668184062e-04
1.059265922796214277e+01 6.749323343086238020e-04
1.060730657266820742e+01 6.722468415632123877e-04
1.062197417146744804e+01 6.695696720353940890e-04
1.063666205236686935e+01 6.669007845314468613e-04
1.065137024341219885e+01 6.642401382560912237e-04
1.066609877268796325e+01 6.615876928094836578e-04
1.068084766831750265e+01 6.589434081842505562e-04
1.069561695846306826e+01 6.563072447625187007e-04
1.071040667132583479e+01 6.536791633129907355e-04
1.072521683514597512e+01 6.510591249880244352e-04
1.074004747820272776e+01 6.484470913207305122e-04
1.075489862881441461e+01 6.458430242221095642e-04
1.076977031533853513e+01 6.432468859781818654e-04
1.078466256617178587e+01 6.406586392471632372e-04
1.079957540975013153e+01 6.380782470566403759e-04
1.081450887454886889e+01 6.355056728007726355e-04
1.082946298908265526e+01 6.329408802375135427e-04
1.084443778190559371e+01 6.303838334858491172e-04
1.085943328161125265e+01 6.278344970230561413e-04
1.087444951683275818e+01 6.252928356819746321e-04
1.088948651624281538e+01 6.227588146483029746e-04
1.090454430855377765e+01 6.202323994579063892e-04
1.091962292251771771e+01 6.177135559941477347e-04
1.093472238692644183e+01 6.152022504852275265e-04
1.094984273061159463e+01 6.126984495015500845e-04
1.096498398244466976e+01 6.102021199531030161e-04
1.098014617133708448e+01 6.077132290868504693e-04
1.099532932624025072e+01 6.052317444841423229e-04
1.101053347614559463e+01 6.027576340581496149e-04
1.102575865008464540e+01 6.002908660512987779e-04
1.104100487712906897e+01 5.978314090327418702e-04
1.105627218639072673e+01 5.953792318958220364e-04
1.107156060702175360e+01 5.929343038555710604e-04
1.108687016821456872e+01 5.904965944462096288e-04
1.110220089920198738e+01 5.880660735186735068e-04
1.111755282925722632e+01 5.856427112381463280e-04
1.113292598769398190e+01 5.832264780816110317e-04
1.114832040386649936e+01 5.808173448354116012e-04
1.116373610716959774e+01 5.784152825928352924e-04
1.117917312703876043e+01 5.760202627517090664e-04
1.119463149295015647e+01 5.736322570119965639e-04
1.121011123442071700e+01 5.712512373734310745e-04
1.122561238100820624e+01 5.688771761331403755e-04
1.124113496231123221e+01 5.665100458833017107e-04
1.125667900796935861e+01 5.641498195087979624e-04
1.127224454766311901e+01 5.617964701848947480e-04
1.128783161111408262e+01 5.594499713749307443e-04
1.130344022808493776e+01 5.571102968280085537e-04
1.131907042837950605e+01 5.547774205767211321e-04
1.133472224184284372e+01 5.524513169348632549e-04
1.135039569836125573e+01 5.501319604951807139e-04
1.136609082786237934e+01 5.478193261271134410e-04
1.138180766031524627e+01 5.455133889745583664e-04
1.139754622573031106e+01 5.432141244536484300e-04
1.141330655415954531e+01 5.409215082505290997e-04
1.142908867569646070e+01 5.386355163191688250e-04
1.144489262047618006e+01 5.363561248791542035e-04
1.146071841867551733e+01 5.340833104135166978e-04
1.147656610051298642e+01 5.318170496665700856e-04
1.149243569624891492e+01 5.295573196417389114e-04
1.150832723618544762e+01 5.273040975994273787e-04
1.152424075066665488e+01 5.250573610548704608e-04
1.154017627007854685e+01 5.228170877760198159e-04
1.155613382484915519e+01 5.205832557814237373e-04
1.157211344544860054e+01 5.183558433381214164e-04
1.158811516238911388e+01 5.161348289595599735e-04
1.160413900622514305e+01 5.139201914034965263e-04
1.162018500755337058e+01 5.117119096699359292e-04
1.163625319701278116e+01 5.095099629990665607e-04
1.165234360528475221e+01 5.073143308692014235e-04
1.166845626309305395e+01 5.051249929947420128e-04
1.168459120120397365e+01 5.029419293241361132e-04
1.170074845042631750e+01 5.007651200378661696e-04
1.171692804161149759e+01 4.985945455464216129e-04
1.173313000565360120e+01 4.964301864882986149e-04
1.174935437348941392e+01 4.942720237280093850e-04
1.176560117609852441e+01 4.921200383540856116e-04
1.178187044450333865e+01 4.899742116771087924e-04
1.179816220976916519e+01 4.878345252277363898e-04
1.181447650300427910e+01 4.857009607547438704e-04
1.183081335535995571e+01 4.835735002230726531e-04
1.184717279803056300e+01 4.814521258118867851e-04
1.186355486225359179e+01 4.793368199126432248e-04
1.187995957930972324e+01 4.772275651271604981e-04
1.189638698052291232e+01 4.751243442657048107e-04
1.191283709726040563e+01 4.730271403450816894e-04
1.192930996093284612e+01 4.709359365867320148e-04
1.194580560299429095e+01 4.688507164148457808e-04
1.196232405494229667e+01 4.667714634544721129e-04
1.197886534831799032e+01 4.646981615296430566e-04
1.199542951470608365e+01 4.626307946615117856e-04
1.201201658573499564e+01 4.605693470664818105e-04
1.202862659307685789e+01 4.585138031543648657e-04
1.204525956844759804e+01 4.564641475265289829e-04
1.206191554360701801e+01 4.544203649740615825e-04
1.207859455035881346e+01 4.523824404759412910e-04
1.209529662055068222e+01 4.503503591972166445e-04
1.211202178607433311e+01 4.483241064871888574e-04
1.212877007886560321e+01 4.463036693925889926e-04
1.214554153090446853e+01 4.442890583508599524e-04
1.216233617421512747e+01 4.422803016861604560e-04
1.217915404086607900e+01 4.402774276120220037e-04
1.219599516297014041e+01 4.382804637410454406e-04
1.221285957268456102e+01 4.362894370888571022e-04
1.222974730221103457e+01 4.343043740780871314e-04
1.224665838379578808e+01 4.323253005423535419e-04
1.226359284972964936e+01 4.303522417302744173e-04
1.228055073234808070e+01 4.283852223094957216e-04
1.229753206403127663e+01 4.264242663707283262e-04
1.231453687720418877e+01 4.244693974318138768e-04
1.233156520433660397e+01 4.225206384417869187e-04
1.234861707794323316e+01 4.205780117849727481e-04
1.236569253058371487e+01 4.186415392850771850e-04
1.238279159486274139e+01 4.167112422093020960e-04
1.239991430343006584e+01 4.147871412724750124e-04
1.241706068898059456e+01 4.128692566411756035e-04
1.243423078425445816e+01 4.109576079378867612e-04
1.245142462203703992e+01 4.090522142451473659e-04
1.246864223515907533e+01 4.071530941097219105e-04
1.248588365649668752e+01 4.052602655467668191e-04
1.250314891897145486e+01 4.033737460440169303e-04
1.252043805555049794e+01 4.014935525659701931e-04
1.253775109924650089e+01 3.996197015580840706e-04
1.255508808311782154e+01 3.977522089509754146e-04
1.257244904026851096e+01 3.958910901646258145e-04
1.258983400384839335e+01 3.940363601125948610e-04
1.260724300705315848e+01 3.921880332062293445e-04
1.262467608312436518e+01 3.903461233588853010e-04
1.264213326534956749e+01 3.885106439901489734e-04
1.265961458706232712e+01 3.866816080300544667e-04
1.267712008164230397e+01 3.848590279233177203e-04
1.269464978251532905e+01 3.830429156335512348e-04
1.271220372315342750e+01 3.812332826474998338e-04
1.272978193707494121e+01 3.794301399792594028e-04
1.274738445784453056e+01 3.776334981745093971e-04
1.276501131907329167e+01 3.758433673147316360e-04
1.278266255441878307e+01 3.740597570214366846e-04
1.280033819758510205e+01 3.722826764603830271e-04
1.281803828232297171e+01 3.705121343457960228e-04
1.283576284242975873e+01 3.687481389445823078e-04
1.285351191174958707e+01 3.669906980805405115e-04
1.287128552417336813e+01 3.652398191385694787e-04
1.288908371363886829e+01 3.634955090688704203e-04
1.290690651413080658e+01 3.617577743911398486e-04
1.292475395968086893e+01 3.600266211987716738e-04
1.294262608436782713e+01 3.583020551630279127e-04
1.296052292231755310e+01 3.565840815372307024e-04
1.297844450770311120e+01 3.548727051609267750e-04
1.299639087474483645e+01 3.531679304640539924e-04
1.301436205771035937e+01 3.514697614711001289e-04
1.303235809091471964e+01 3.497782018052441439e-04
1.305037900872038747e+01 3.480932546925043398e-04
1.306842484553735240e+01 3.464149229658659195e-04
1.308649563582320141e+01 3.447432090693958043e-04
1.310459141408314032e+01 3.430781150623632533e-04
1.312271221487012163e+01 3.414196426233340274e-04
1.314085807278485341e+01 3.397677930542612463e-04
1.315902902247588457e+01 3.381225672845675190e-04
1.317722509863970437e+01 3.364839658752052801e-04
1.319544633602074768e+01 3.348519890227231988e-04
1.321369276941151760e+01 3.332266365632964296e-04
1.323196443365261388e+01 3.316079079767685176e-04
1.325026136363280926e+01 3.299958023906631637e-04
1.326858359428914191e+01 3.283903185841906226e-04
1.328693116060693313e+01 3.267914549922405483e-04
1.330530409761990462e+01 3.251992097093551613e-04
1.332370244041020868e+01 3.236135804936959110e-04
1.334212622410850457e+01 3.220345647709943623e-04
1.336057548389404914e+01 3.204621596384781457e-04
1.337905025499471812e+01 3.188963618687986430e-04
1.339755057268712868e+01 3.173371679139280429e-04
1.341607647229664835e+01 3.157845739090528740e-04
1.343462798919752110e+01 3.142385756764386434e-04
1.345320515881288337e+01 3.126991687292922525e-04
1.347180801661485638e+01 3.111663482756008860e-04
1.349043659812463147e+01 3.096401092219477533e-04
1.350909093891248780e+01 3.081204461773266365e-04
1.352777107459792205e+01 3.066073534569239674e-04
1.354647704084966264e+01 3.051008250858933688e-04
1.356520887338575854e+01 3.036008548031084576e-04
1.358396660797367161e+01 3.021074360648940186e-04
1.360275028043029444e+01 3.006205620487520272e-04
1.362155992662207282e+01 2.991402256570524368e-04
1.364039558246503070e+01 2.976664195207171350e-04
1.365925728392485183e+01 2.961991360028819447e-04
1.367814506701697752e+01 2.947383672025380799e-04
1.369705896780661902e+01 2.932841049581588018e-04
1.371599902240888724e+01 2.918363408512979402e-04
1.373496526698881404e+01 2.903950662101818553e-04
1.375395773776143571e+01 2.889602721132698490e-04
1.377297647099188893e+01 2.875319493928009157e-04
1.379202150299542851e+01 2.861100886383200013e-04
1.381109287013755527e+01 2.846946802001800846e-04
1.383019060883403384e+01 2.832857141930328207e-04
1.384931475555097968e+01 2.818831804992875793e-04
1.386846534680496212e+01 2.804870687725583944e-04
1.388764241916300790e+01 2.790973684410863573e-04
1.390684600924274505e+01 2.777140687111399452e-04
1.392607615371240648e+01 2.763371585704007139e-04
1.394533288929093651e+01 2.749666267913200958e-04
1.396461625274806906e+01 2.736024619344591766e-04
1.398392628090435608e+01 2.722446523518068416e-04
1.400326301063129719e+01 2.708931861900752084e-04
1.402262647885134861e+01 2.695480513939754893e-04
1.404201672253802613e+01 2.682092357094700559e-04
1.406143377871599398e+01 2.668767266870038495e-04
1.408087768446108434e+01 2.655505116847136195e-04
1.410034847690042525e+01 2.642305778716171581e-04
1.411984619321245304e+01 2.629169122307771110e-04
1.413937087062704556e+01 2.616095015624438623e-04
1.415892254642553993e+01 2.603083324871792296e-04
1.417850125794082317e+01 2.590133914489549513e-04
1.419810704255742628e+01 2.577246647182282967e-04
1.421773993771154920e+01 2.564421383949975651e-04
1.423739998089118686e+01 2.551657984118339481e-04
1.425708720963614695e+01 2.538956305368933897e-04
1.427680166153815122e+01 2.526316203769005272e-04
1.429654337424091715e+01 2.513737533801156101e-04
1.431631238544019524e+01 2.501220148392773509e-04
1.433610873288388277e+01 2.488763898945207291e-04
1.435593245437205567e+01 2.476368635362753896e-04
1.437578358775705922e+01 2.464034206081405125e-04
1.439566217094360212e+01 2.451760458097349102e-04
1.441556824188877606e+01 2.439547236995276891e-04
1.443550183860219072e+01 2.427394386976446257e-04
1.445546299914598976e+01 2.415301750886511241e-04
1.447545176163495384e+01 2.403269170243128655e-04
1.449546816423658235e+01 2.391296485263359934e-04
1.451551224517113070e+01 2.379383534890813063e-04
1.453558404271172755e+01 2.367530156822567099e-04
1.455568359518440857e+01 2.355736187535888821e-04
1.457581094096820173e+01 2.344001462314689965e-04
1.459596611849522851e+01 2.332325815275794467e-04
1.461614916625072347e+01 2.320709079394935189e-04
1.463636012277316745e+01 2.309151086532569856e-04
1.465659902665431069e+01 2.297651667459431367e-04
1.467686591653926698e+01 2.286210651881892704e-04
1.469716083112660954e+01 2.274827868467051031e-04
1.471748380916839416e+01 2.263503144867642393e-04
1.473783488947029241e+01 2.252236307746692675e-04
1.475821411089161117e+01 2.241027182801960942e-04
1.477862151234539390e+01 2.229875594790172984e-04
1.479905713279851298e+01 2.218781367550963480e-04
1.481952101127169463e+01 2.207744324030709473e-04
1.484001318683965209e+01 2.196764286306008499e-04
1.486053369863110696e+01 2.185841075607044767e-04
1.488108258582889043e+01 2.174974512340674805e-04
1.490165988767003213e+01 2.164164416113287324e-04
1.492226564344579209e+01 2.153410605753495024e-04
1.494289989250179040e+01 2.142712899334523098e-04
1.496356267423802500e+01 2.132071114196460587e-04
1.498425402810900309e+01 2.121485066968243933e-04
1.500497399362376783e+01 2.110954573589423418e-04
1.502572261034599421e+01 2.100479449331742860e-04
1.504649991789408858e+01 2.090059508820448517e-04
1.506730595594120992e+01 2.079694566055451360e-04
1.508814076421540662e+01 2.069384434432190104e-04
1.510900438249964139e+01 2.059128926762360343e-04
1.512989685063188361e+01 2.048927855294384553e-04
1.515081820850521943e+01 2.038781031733655777e-04
1.517176849606786426e+01 2.028688267262604037e-04
1.519274775332330130e+01 2.018649372560544825e-04
1.521375602033031171e+01 2.008664157823274426e-04
1.523479333720306528e+01 1.998732432782531897e-04
1.525585974411122869e+01 1.988854006725146884e-04
1.527695528127997804e+01 1.979028529838243781e-04
1.529807998899014621e+01 1.969254941388621008e-04
1.531923390757824421e+01 1.959531996901597384e-04
1.534041707743655536e+01 1.949858472438688436e-04
1.536162953901324357e+01 1.940233164357584646e-04
1.538287133281237118e+01 1.930654889067286552e-04
1.540414249939403923e+01 1.921122482790133218e-04
1.542544307937441239e+01 1.911634801330811873e-04
1.544677311342581838e+01 1.902190719851962761e-04
1.546813264227685103e+01 1.892789132656345029e-04
1.548952170671238626e+01 1.883428952975286933e-04
1.551094034757373485e+01 1.874109112763355832e-04
1.553238860575865488e+01 1.864828562499001331e-04
1.555386652222145649e+01 1.855586270991039556e-04
1.557537413797310677e+01 1.846381225190812144e-04
1.559691149408124922e+01 1.837212430009915330e-04
1.561847863167034589e+01 1.828078908143223995e-04
1.564007559192170227e+01 1.818979699897214214e-04
1.566170241607356850e+01 1.809913863023295639e-04
1.568335914542124243e+01 1.800880472556084578e-04
1.570504582131709270e+01 1.791878620656474407e-04
1.572676248517069908e+01 1.782907416459300013e-04
1.574850917844887199e+01 1.773965985925549658e-04
1.577028594267579287e+01 1.765053471698857534e-04
1.579209281943303722e+01 1.756169032966296275e-04
1.581392985035968124e+01 1.747311845323196730e-04
1.583579707715239948e+01 1.738481100641911796e-04
1.585769454156549507e+01 1.729676006944465760e-04
1.587962228541103649e+01 1.720895788278791535e-04
1.590158035055889130e+01 1.712139684598632233e-04
1.592356877893681677e+01 1.703406951646792376e-04
1.594558761253057710e+01 1.694696860841734144e-04
1.596763689338395764e+01 1.686008699167386112e-04
1.598971666359891408e+01 1.677341769065957672e-04
1.601182696533560090e+01 1.668695388333742591e-04
1.603396784081246196e+01 1.660068890019723885e-04
1.605613933230634771e+01 1.651461622326896514e-04
1.607834148215254544e+01 1.642872948516188906e-04
1.610057433274489824e+01 1.634302246812833158e-04
1.612283792653585834e+01 1.625748910315124543e-04
1.614513230603657590e+01 1.617212346905423420e-04
1.616745751381701623e+01 1.608691979163286514e-04
1.618981359250596341e+01 1.600187244280651953e-04
1.621220058479119075e+01 1.591697593978904843e-04
1.623461853341947858e+01 1.583222494427810394e-04
1.625706748119670308e+01 1.574761426166096379e-04
1.627954747098796773e+01 1.566313884023680868e-04
1.630205854571761037e+01 1.557879377045390755e-04
1.632460074836935959e+01 1.549457428416040126e-04
1.634717412198635955e+01 1.541047575386861454e-04
1.636977870967126591e+01 1.532649369203082518e-04
1.639241455458636310e+01 1.524262375032615718e-04
1.641508169995359268e+01 1.515886171895743496e-04
1.643778018905468841e+01 1.507520352595682781e-04
1.646051006523121174e+01 1.499164523649995640e-04
1.648327137188465841e+01 1.490818305222658328e-04
1.650606415247655789e+01 1.482481331056753203e-04
1.652888845052850542e+01 1.474153248407735807e-04
1.655174430962231824e+01 1.465833717977019083e-04
1.657463177340003568e+01 1.457522413846020274e-04
1.659755088556407898e+01 1.449219023410369092e-04
1.662050168987728327e+01 1.440923247314305361e-04
1.664348423016298639e+01 1.432634799385156877e-04
1.666649855030515681e+01 1.424353406567789907e-04
1.668954469424840781e+01 1.416078808858981344e-04
1.671262270599816091e+01 1.407810759241556677e-04
1.673573262962064945e+01 1.399549023618348257e-04
1.675887450924304645e+01 1.391293380745739126e-04
1.678204838905357121e+01 1.383043622166799178e-04
1.680525431330151065e+01 1.374799552143926129e-04
1.682849232629737202e+01 1.366560987590903161e-04
1.685176247241290426e+01 1.358327758004289267e-04
1.687506479608122234e+01 1.350099705394075024e-04
1.689839934179689962e+01 1.341876684213550981e-04
1.692176615411600338e+01 1.333658561288263145e-04
1.694516527765625469e+01 1.325445215744051224e-04
1.696859675709703197e+01 1.317236538934047675e-04
1.699206063717950599e+01 1.309032434364585220e-04
1.701555696270673579e+01 1.300832817619951591e-04
1.703908577854370066e+01 1.292637616285959511e-04
1.706264712961744934e+01 1.284446769872150853e-04
1.708624106091713912e+01 1.276260229732737426e-04
1.710986761749412466e+01 1.268077958986103847e-04
1.713352684446208940e+01 1.259899932432798487e-04
1.715721878699706338e+01 1.251726136472092188e-04
1.718094349033758306e+01 1.243556569016855652e-04
1.720470099978470557e+01 1.235391239406893741e-04
1.722849136070214016e+01 1.227230168320516323e-04
1.725231461851634762e+01 1.219073387684401632e-04
1.727617081871655813e+01 1.210920940581705797e-04
1.730006000685495238e+01 1.202772881158254824e-04
1.732398222854666869e+01 1.194629274526935042e-04
1.734793752946991674e+01 1.186490196670119242e-04
1.737192595536610185e+01 1.178355734340111576e-04
1.739594755203984278e+01 1.170225984957635063e-04
1.742000236535912805e+01 1.162101056508203274e-04
1.744409044125534081e+01 1.153981067436485699e-04
1.746821182572341158e+01 1.145866146538483302e-04
1.749236656482184316e+01 1.137756432851598823e-04
1.751655470467283138e+01 1.129652075542540978e-04
1.754077629146236816e+01 1.121553233792940316e-04
1.756503137144028059e+01 1.113460076682840452e-04
1.758931999092039078e+01 1.105372783071827353e-04
1.761364219628051941e+01 1.097291541477957031e-04
1.763799803396263499e+01 1.089216549954320881e-04
1.766238755047294262e+01 1.081148015963325669e-04
1.768681079238191955e+01 1.073086156248644101e-04
1.771126780632447861e+01 1.065031196704767819e-04
1.773575863899999305e+01 1.056983372244262704e-04
1.776028333717240670e+01 1.048942926662617381e-04
1.778484194767035476e+01 1.040910112500714751e-04
1.780943451738719929e+01 1.032885190904937652e-04
1.783406109328116429e+01 1.024868431484873967e-04
1.785872172237539957e+01 1.016860112168662100e-04
1.788341645175806605e+01 1.008860519055945510e-04
1.790814532858246366e+01 1.000869946268413414e-04
1.793290840006706688e+01 9.928886957980624889e-05
1.795770571349567035e+01 9.849170773529780567e-05
1.798253731621742801e+01 9.769554082008930634e-05
1.800740325564697386e+01 9.690040130103070594e-05
1.803230357926452143e+01 9.610632236893583067e-05
1.805723833461591354e+01 9.531333792223617343e-05
1.808220756931276796e+01 9.452148255040791498e-05
1.810721133103251290e+01 9.373079151717570779e-05
1.813224966751850786e+01 9.294130074348873685e-05
1.815732262658015372e+01 9.215304679028321969e-05
1.818243025609292829e+01 9.136606684102176407e-05
1.820757260399854616e+01 9.058039868402565666e-05
1.823274971830498359e+01 8.979608069459184261e-05
1.825796164708660996e+01 8.901315181690752534e-05
1.828320843848429078e+01 8.823165154575981139e-05
1.830849014070543035e+01 8.745161990805155417e-05
1.833380680202411739e+01 8.667309744411988643e-05
1.835915847078117125e+01 8.589612518886844620e-05
1.838454519538428400e+01 8.512074465271470556e-05
1.840996702430805954e+01 8.434699780236298676e-05
1.843542400609413434e+01 8.357492704139884261e-05
1.846091618935129119e+01 8.280457519071862443e-05
1.848644362275549113e+01 8.203598546880178663e-05
1.851200635505004399e+01 8.126920147181936819e-05
1.853760443504563327e+01 8.050426715360316785e-05
1.856323791162042980e+01 7.974122680546478429e-05
1.858890683372023034e+01 7.898012503588166546e-05
1.861461125035847175e+01 7.822100675005789182e-05
1.864035121061639444e+01 7.746391712935741679e-05
1.866612676364309564e+01 7.670890161062694898e-05
1.869193795865562535e+01 7.595600586541030575e-05
1.871778484493911421e+01 7.520527577906587977e-05
1.874366747184681614e+01 7.445675742979056602e-05
1.876958588880026468e+01 7.371049706756073385e-05
1.879554014528929429e+01 7.296654109300260377e-05
1.882153029087218954e+01 7.222493603618930524e-05
1.884755637517578108e+01 7.148572853538629921e-05
1.887361844789548471e+01 7.074896531574490811e-05
1.889971655879547541e+01 7.001469316795566253e-05
1.892585075770871228e+01 6.928295892687196791e-05
1.895202109453706285e+01 6.855380945011153155e-05
1.897822761925142387e+01 6.782729159664300372e-05
1.900447038189175331e+01 6.710345220537401484e-05
1.903074943256724794e+01 6.638233807373995787e-05
1.905706482145636116e+01 6.566399593631563393e-05
1.908341659880692731e+01 6.494847244344629155e-05
1.910980481493630023e+01 6.423581413991914736e-05
1.913622952023137103e+01 6.352606744367782752e-05
1.916269076514873504e+01 6.281927862459508517e-05
1.918918860021474160e+01 6.211549378330951277e-05
1.921572307602560059e+01 6.141475926931311735e-05
1.924229424324751747e+01 6.071714868741148546e-05
1.926890215261671102e+01 6.002277708683143563e-05
1.929554685493960520e+01 5.933175977399158982e-05
1.932222840109283624e+01 5.864420840678581643e-05
1.934894684202343029e+01 5.796023101770514271e-05
1.937570222874883186e+01 5.727993203889506288e-05
1.940249461235703876e+01 5.660341232906938657e-05
1.942932404400670876e+01 5.593076920221060180e-05
1.945619057492721282e+01 5.526209645797971982e-05
1.948309425641879145e+01 5.459748441376563010e-05
1.951003513985260440e+01 5.393701993829762422e-05
1.953701327667083376e+01 5.328078648675457269e-05
1.956402871838683666e+01 5.262886413729075426e-05
1.959108151658514885e+01 5.198132962891917406e-05
1.961817172292168721e+01 5.133825640067052700e-05
1.964529938912376394e+01 5.069971463196772110e-05
1.967246456699021806e+01 5.006577128414470176e-05
1.969966730839155034e+01 4.943649014303804661e-05
1.972690766526993400e+01 4.881193186259605700e-05
1.975418568963942079e+01 4.819215400942518970e-05
1.978150143358595159e+01 4.757721110822441630e-05
1.980885494926748791e+01 4.696715468803525502e-05
1.983624628891415043e+01 4.636203332924597351e-05
1.986367550482823674e+01 4.576189271129638283e-05
1.989114264938441323e+01 4.516677566101272903e-05
1.991864777502973283e+01 4.457672220152689515e-05
1.994619093428377354e+01 4.399176960171175129e-05
1.997377217973876995e+01 4.341195242608292834e-05
2.000139156405963448e+01 4.283730258511400489e-05
2.002904913998414571e+01 4.226784938590532692e-05
2.005674496032298393e+01 4.170361958316277386e-05
2.008447907795984477e+01 4.114463743043082419e-05
2.011225154585158492e+01 4.059092473153121295e-05
2.014006241702825051e+01 4.004250089216370454e-05
2.016791174459325475e+01 3.949938297161610564e-05
2.019579958172340994e+01 3.896158573454758386e-05
2.022372598166906599e+01 3.842912170279113595e-05
2.025169099775422765e+01 3.790200120714255105e-05
2.027969468337660430e+01 3.738023243909038650e-05
2.030773709200777688e+01 3.686382150244755910e-05
2.033581827719323698e+01 3.635277246485024358e-05
2.036393829255251831e+01 3.584708740908277690e-05
2.039209719177933167e+01 3.534676648419604248e-05
2.042029502864158985e+01 3.485180795638762795e-05
2.044853185698159592e+01 3.436220825960508460e-05
2.047680773071607163e+01 3.387796204584893046e-05
2.050512270383632085e+01 3.339906223513808715e-05
2.053347683040828642e+01 3.292550006511670317e-05
2.056187016457267092e+01 3.245726514026773721e-05
2.059030276054507169e+01 3.199434548071302667e-05
2.061877467261600927e+01 3.153672757057372571e-05
2.064728595515111920e+01 3.108439640586516670e-05
2.067583666259119113e+01 3.063733554190793695e-05
2.070442684945227896e+01 3.019552714023138290e-05
2.073305657032586069e+01 2.975895201495059523e-05
2.076172587987886331e+01 2.932758967859829436e-05
2.079043483285384042e+01 2.890141838739389304e-05
2.081918348406901487e+01 2.848041518593503503e-05
2.084797188841841376e+01 2.806455595129230066e-05
2.087680010087199989e+01 2.765381543649677288e-05
2.090566817647570375e+01 2.724816731340694488e-05
2.093457617035161533e+01 2.684758421493965510e-05
2.096352413769801615e+01 2.645203777665714847e-05
2.099251213378951775e+01 2.606149867769905250e-05
2.102154021397718964e+01 2.567593668104937828e-05
2.105060843368860191e+01 2.529532067313142797e-05
2.107971684842801352e+01 2.491961870272097634e-05
2.110886551377639009e+01 2.454879801917543919e-05
2.113805448539156728e+01 2.418282510996745506e-05
2.116728381900837164e+01 2.382166573752348652e-05
2.119655357043865251e+01 2.346528497535950943e-05
2.122586379557148106e+01 2.311364724351214707e-05
2.125521455037317509e+01 2.276671634326386999e-05
2.128460589088744825e+01 2.242445549115637646e-05
2.131403787323553445e+01 2.208682735229547403e-05
2.134351055361623395e+01 2.175379407294438549e-05
2.137302398830609818e+01 2.142531731240596065e-05
2.140257823365946876e+01 2.110135827419497951e-05
2.143217334610860547e+01 2.078187773650241733e-05
2.146180938216383893e+01 2.046683608195067186e-05
2.149148639841359909e+01 2.015619332664713229e-05
2.152120445152460704e+01 1.984990914853439228e-05
2.155096359824189634e+01 1.954794291504327703e-05
2.158076389538901196e+01 1.925025371005105931e-05
2.161060539986804230e+01 1.895680036015175607e-05
2.164048816865975766e+01 1.866754146023938299e-05
2.167041225882374889e+01 1.838243539841333539e-05
2.170037772749847349e+01 1.810144038020915824e-05
2.173038463190143332e+01 1.782451445216127813e-05
2.176043302932922430e+01 1.755161552470522248e-05
2.179052297715766429e+01 1.728270139442314411e-05
2.182065453284194589e+01 1.701772976564313095e-05
2.185082775391666843e+01 1.675665827139705087e-05
2.188104269799602619e+01 1.649944449374547993e-05
2.191129942277385467e+01 1.624604598347732383e-05
2.194159798602376554e+01 1.599642027919279257e-05
2.197193844559929232e+01 1.575052492577600321e-05
2.200232085943391880e+01 1.550831749226903858e-05
2.203274528554128864e+01 1.526975558915210387e-05
2.206321178201523026e+01 1.503479688504229496e-05
2.209372040702989892e+01 1.480339912281763794e-05
2.212427121883993308e+01 1.457552013517538021e-05
2.215486427578047923e+01 1.435111785963634388e-05
2.218549963626738020e+01 1.413015035300102030e-05
2.221617735879724265e+01 1.391257580526996190e-05
2.224689750194754723e+01 1.369835255303652167e-05
2.227766012437680843e+01 1.348743909236081884e-05
2.230846528482461366e+01 1.327979409113718562e-05
2.233931304211181512e+01 1.307537640096196276e-05
2.237020345514057240e+01 1.287414506851280276e-05
2.240113658289448750e+01 1.267605934644951126e-05
2.243211248443876116e+01 1.248107870384502565e-05
2.246313121892022835e+01 1.228916283615775595e-05
2.249419284556754306e+01 1.210027167475394949e-05
2.252529742369123866e+01 1.191436539599058614e-05
2.255644501268385937e+01 1.173140442986774365e-05
2.258763567202010236e+01 1.155134946826112769e-05
2.261886946125687103e+01 1.137416147274435507e-05
2.265014644003346334e+01 1.119980168200895893e-05
2.268146666807159662e+01 1.102823161889496215e-05
2.271283020517562079e+01 1.085941309703770919e-05
2.274423711123254677e+01 1.069330822714384489e-05
2.277568744621219921e+01 1.052987942290369762e-05
2.280718127016735153e+01 1.036908940654982631e-05
2.283871864323378631e+01 1.021090121407181939e-05
2.287029962563047647e+01 1.005527820009536385e-05
2.290192427765962790e+01 9.902184042435616508e-06
2.293359265970684646e+01 9.751582746332712671e-06
2.296530483224125163e+01 9.603438648379498545e-06
2.299706085581555115e+01 9.457716420149585117e-06
2.302886079106622219e+01 9.314381071534383528e-06
2.306070469871355044e+01 9.173397953797660039e-06
2.309259263956178998e+01 9.034732762356438370e-06
2.312452467449930893e+01 8.898351539295581332e-06
2.315650086449862144e+01 8.764220675625994213e-06
2.318852127061660440e+01 8.632306913292003077e-06
2.322058595399451875e+01 8.502577346938595840e-06
2.325269497585818002e+01 8.374999425443986080e-06
2.328484839751810043e+01 8.249540953226566247e-06
2.331704628036951732e+01 8.126170091333717685e-06
2.334928868589261697e+01 8.004855358318708279e-06
2.338157567565256301e+01 7.885565630915032314e-06
2.341390731129964919e+01 7.768270144513059639e-06
2.344628365456945573e+01 7.652938493447623676e-06
2.347870476728287770e+01 7.539540631103220374e-06
2.351117071134634884e+01 7.428046869842371245e-06
2.354368154875187003e+01 7.318427880765806312e-06
2.357623734157715489e+01 7.210654693308774136e-06
2.360883815198580393e+01 7.104698694681374961e-06
2.364148404222731870e+01 7.000531629158764890e-06
2.367417507463733273e+01 6.898125597226529292e-06
2.370691131163763998e+01 6.797453054588571740e-06
2.373969281573634760e+01 6.698486811041742653e-06
2.377251964952803576e+01 6.601200029224348114e-06
2.380539187569378967e+01 6.505566223243056101e-06
2.383830955700141985e+01 6.411559257183927764e-06
2.387127275630547629e+01 6.319153343513335258e-06
2.390428153654747945e+01 6.228323041372735348e-06
2.393733596075594150e+01 6.139043254774021670e-06
2.397043609204653691e+01 6.051289230698416871e-06
2.400358199362224099e+01 5.965036557105470856e-06
2.403677372877339025e+01 5.880261160855509186e-06
2.407001136087787074e+01 5.796939305550718899e-06
2.410329495340118555e+01 5.715047589299268667e-06
2.413662456989658267e+01 5.634562942406251245e-06
2.417000027400523621e+01 5.555462624996239019e-06
2.420342212945627480e+01 5.477723612684154207e-06
2.423689020006698769e+01 5.401316848267474776e-06
2.427040454974288508e+01 5.326210192105361212e-06
2.430396524247784029e+01 5.252372354789092695e-06
2.433757234235425315e+01 5.179772923712861316e-06
2.437122591354308199e+01 5.108382336376771647e-06
2.440492602030407809e+01 5.038171854611169070e-06
2.443867272698580706e+01 4.969113539688313033e-06
2.447246609802581219e+01 4.901180228286788029e-06
2.450630619795078147e+01 4.834345509277593286e-06
2.454019309137657956e+01 4.768583701300980903e-06
2.457412684300847161e+01 4.703869831103654296e-06
2.460810751764115167e+01 4.640179612609280334e-06
2.464213518015891680e+01 4.577489426693835370e-06
2.467620989553581978e+01 4.515776301640070965e-06
2.471033172883571538e+01 4.455017894246349814e-06
2.474450074521246989e+01 4.395192471564717900e-06
2.477871700991000381e+01 4.336278893246046001e-06
2.481298058826246233e+01 4.278256594468986965e-06
2.484729154569436815e+01 4.221105569431649999e-06
2.488164994772066407e+01 4.164806355385721647e-06
2.491605585994693328e+01 4.109340017192456458e-06
2.495050934806943843e+01 4.054688132381992430e-06
2.498501047787528861e+01 4.000832776697553844e-06
2.501955931524259924e+01 3.947756510106430246e-06
2.505415592614053111e+01 3.895442363261664196e-06
2.508880037662951423e+01 3.843873824397014159e-06
2.512349273286127627e+01 3.793034826640551998e-06
2.515823306107907342e+01 3.742909735730657438e-06
2.519302142761771535e+01 3.693483338120964559e-06
2.522785789890374275e+01 3.644740829459302981e-06
2.526274254145559084e+01 3.596667803427739783e-06
2.529767542188362128e+01 3.549250240930488528e-06
2.533265660689035315e+01 3.502474499617193373e-06
2.536768616327050552e+01 3.456327303729579432e-06
2.540276415791115383e+01 3.410795734259912489e-06
2.543789065779191105e+01 3.365867219409880117e-06
2.547306572998495611e+01 3.321529525339536269e-06
2.550828944165525414e+01 3.277770747195460540e-06
2.554356186006061691e+01 3.234579300408529283e-06
2.557888305255186268e+01 3.191943912251520858e-06
2.561425308657296540e+01 3.149853613647092390e-06
2.564967202966112225e+01 3.108297731217691155e-06
2.568513994944695966e+01 3.067265879568228925e-06
2.572065691365459372e+01 3.026747953793570723e-06
2.575622299010178295e+01 2.986734122202751346e-06
2.579183824670010239e+01 2.947214819252057519e-06
2.582750275145498264e+01 2.908180738679912674e-06
2.586321657246594441e+01 2.869622826835835195e-06
2.589897977792663042e+01 2.831532276197195724e-06
2.593479243612498664e+01 2.793900519066622027e-06
2.597065461544342924e+01 2.756719221443735532e-06
2.600656638435886592e+01 2.719980277065392353e-06
2.604252781144295881e+01 2.683675801607725409e-06
2.607853896536214222e+01 2.647798127045156135e-06
2.611459991487780741e+01 2.612339796159922262e-06
2.615071072884646597e+01 2.577293557197424855e-06
2.618687147621978539e+01 2.542652358661998598e-06
2.622308222604483419e+01 2.508409344247998544e-06
2.625934304746412096e+01 2.474557847901709847e-06
2.629565400971576139e+01 2.441091389009264647e-06
2.633201518213364878e+01 2.408003667706016709e-06
2.636842663414750021e+01 2.375288560303508793e-06
2.640488843528309459e+01 2.342940114829289385e-06
2.644140065516230820e+01 2.310952546676186403e-06
2.647796336350328517e+01 2.279320234356809512e-06
2.651457663012061516e+01 2.248037715359716286e-06
2.655124052492538311e+01 2.217099682103725357e-06
2.658795511792538591e+01 2.186500977986846953e-06
2.662472047922517859e+01 2.156236593526713323e-06
2.666153667902631241e+01 2.126301662589070938e-06
2.669840378762736677e+01 2.096691458701515133e-06
2.673532187542412686e+01 2.067401391449460206e-06
2.677229101290976843e+01 2.038427002951388412e-06
2.680931127067488262e+01 2.009763964410966355e-06
2.684638271940772825e+01 1.981408072742998931e-06
2.688350542989427083e+01 1.953355247271198542e-06
2.692067947301836028e+01 1.925601526494954876e-06
2.695790491976189429e+01 1.898143064922920984e-06
2.699518184120487874e+01 1.870976129971443323e-06
2.703251030852566217e+01 1.844097098925261003e-06
2.706989039300097133e+01 1.817502455958911257e-06
2.710732216600609235e+01 1.791188789216469422e-06
2.714480569901505191e+01 1.765152787948047978e-06
2.718234106360065638e+01 1.739391239701255726e-06
2.721992833143473334e+01 1.713901027565647578e-06
2.725756757428817778e+01 1.688679127468914277e-06
2.729525886403112622e+01 1.663722605522906682e-06
2.733300227263314142e+01 1.639028615418261308e-06
2.737079787216324434e+01 1.614594395866164737e-06
2.740864573479016997e+01 1.590417268085692642e-06
2.744654593278240284e+01 1.566494633335900092e-06
2.748449853850836178e+01 1.542823970490883329e-06
2.752250362443657750e+01 1.519402833657184720e-06
2.756056126313573174e+01 1.496228849832088009e-06
2.759867152727490947e+01 1.473299716601933978e-06
2.763683448962363443e+01 1.450613199879534291e-06
2.767505022305206097e+01 1.428167131679529460e-06
2.771331880053114816e+01 1.405959407931090794e-06
2.775164029513270236e+01 1.383987986327036079e-06
2.779001478002962244e+01 1.362250884208498420e-06
2.782844232849595656e+01 1.340746176484725970e-06
2.786692301390706916e+01 1.319471993586926466e-06
2.790545690973982929e+01 1.298426519455945222e-06
2.794404408957265318e+01 1.277607989562931877e-06
2.798268462708575655e+01 1.257014688962564975e-06
2.802137859606118298e+01 1.236644950378366386e-06
2.806012607038305262e+01 1.216497152319536786e-06
2.809892712403761905e+01 1.196569717229051744e-06
2.813778183111342912e+01 1.176861109662509325e-06
2.817669026580153613e+01 1.157369834497453953e-06
2.821565250239551048e+01 1.138094435172927483e-06
2.825466861529172391e+01 1.119033491958731017e-06
2.829373867898937078e+01 1.100185620254543565e-06
2.833286276809066706e+01 1.081549468918284534e-06
2.837204095730103148e+01 1.063123718623808737e-06
2.841127332142912110e+01 1.044907080247648928e-06
2.845055993538709771e+01 1.026898293284729403e-06
2.848990087419066697e+01 1.009096124292893113e-06
2.852929621295926310e+01 9.914993653662130839e-07
2.856874602691624432e+01 9.741068326369824627e-07
2.860825039138891768e+01 9.569173648063478259e-07
2.864780938180881975e+01 9.399298217035826889e-07
2.868742307371174149e+01 9.231430828739989851e-07
2.872709154273793075e+01 9.065560461954870942e-07
2.876681486463226278e+01 8.901676265236427036e-07
2.880659311524430066e+01 8.739767543657303763e-07
2.884642637052855108e+01 8.579823745832940914e-07
2.888631470654449984e+01 8.421834451236212204e-07
2.892625819945681087e+01 8.265789357801080092e-07
2.896625692553550735e+01 8.111678269815750572e-07
2.900631096115602148e+01 7.959491086106902381e-07
2.904642038279945027e+01 7.809217788514772481e-07
2.908658526705261238e+01 7.660848430661806232e-07
2.912680569060822222e+01 7.514373127014614953e-07
2.916708173026508533e+01 7.369782042240208608e-07
2.920741346292815521e+01 7.227065380858996022e-07
2.924780096560877496e+01 7.086213377194280504e-07
2.928824431542474116e+01 6.947216285619669661e-07
2.932874358960048511e+01 6.810064371106298885e-07
2.936929886546726820e+01 6.674747900069205691e-07
2.940991022046322101e+01 6.541257131516005886e-07
2.945057773213362040e+01 6.409582308496891119e-07
2.949130147813090375e+01 6.279713649858233743e-07
2.953208153621494958e+01 6.151641342299192304e-07
2.957291798425312024e+01 6.025355532733907457e-07
2.961381090022044305e+01 5.900846320958229527e-07
2.965476036219981637e+01 5.778103752621966608e-07
2.969576644838205226e+01 5.657117812508191644e-07
2.973682923706614289e+01 5.537878418117724888e-07
2.977794880665930677e+01 5.420375413561282020e-07
2.981912523567718054e+01 5.304598563757667982e-07
2.986035860274401088e+01 5.190537548938595669e-07
2.990164898659271842e+01 5.078181959459763158e-07
2.994299646606513932e+01 4.967521290917752174e-07
2.998440112011209990e+01 4.858544939572015124e-07
3.002586302779358363e+01 4.751242198071602877e-07
3.006738226827895488e+01 4.645602251484741234e-07
3.010895892084698389e+01 4.541614173631655780e-07
3.015059306488612734e+01 4.439266923717389342e-07
3.019228477989457815e+01 4.338549343265188546e-07
3.023403414548045376e+01 4.239450153346730442e-07
3.027584124136199861e+01 4.141957952108588296e-07
3.031770614736762681e+01 4.046061212592780878e-07
3.035962894343620988e+01 3.951748280847815407e-07
3.040160970961709808e+01 3.859007374329535402e-07
3.044364852607033356e+01 3.767826581147648347e-07
3.048574547306686355e+01 3.678196973372937939e-07
3.052790063098855100e+01 3.590119378709384094e-07
3.057011408032848010e+01 3.503595304326451704e-07
3.061238590169100249e+01 3.418624711985325408e-07
3.065471617579190777e+01 3.335206083029559118e-07
3.069710498345866156e+01 3.253336482918852908e-07
3.073955240563043034e+01 3.173011625194259569e-07
3.078205852335835857e+01 3.094225934768380017e-07
3.082462341780562198e+01 3.016972610444217152e-07
3.086724717024763365e+01 2.941243686570445213e-07
3.090992986207222870e+01 2.867030093750609507e-07
3.095267157477973541e+01 2.794321718528445945e-07
3.099547238998322740e+01 2.723107461979365525e-07
3.103833238940857697e+01 2.653375297144557230e-07
3.108125165489472863e+01 2.585112325249372067e-07
3.112423026839374174e+01 2.518304830655772420e-07
3.116726831197100367e+01 2.452938334501915817e-07
3.121036586780541455e+01 2.388997646990141442e-07
3.125352301818946543e+01 2.326466918288407403e-07
3.129673984552948696e+01 2.265329688015733216e-07
3.134001643234571688e+01 2.205568933288170419e-07
3.138335286127250967e+01 2.147167115305002157e-07
3.142674921505851771e+01 2.090106224460961981e-07
3.147020557656676942e+01 2.034367823973551204e-07
3.151372202877492157e+01 1.979933092018993829e-07
3.155729865477533380e+01 1.926782862374432454e-07
3.160093553777526409e+01 1.874897663566945125e-07
3.164463276109707479e+01 1.824257756534179175e-07
3.168839040817827879e+01 1.774843170804219019e-07
3.173220856257182731e+01 1.726633739204796692e-07
3.177608730794616676e+01 1.679609131116022352e-07
3.182002672808543409e+01 1.633748884281679910e-07
3.186402690688966644e+01 1.589032435198143109e-07
3.190808792837485441e+01 1.545439148100881657e-07
3.195220987667323342e+01 1.502948342571186678e-07
3.199639283603332274e+01 1.461539319787550020e-07
3.204063689082013866e+01 1.421191387447134066e-07
3.208494212551541125e+01 1.381883883385058889e-07
3.212930862471760918e+01 1.343596197920118983e-07
3.217373647314227014e+01 1.306307794956266839e-07
3.221822575562200086e+01 1.269998231871307329e-07
3.226277655710673997e+01 1.234647178223706631e-07
3.230738896266392146e+01 1.200234433310358624e-07
3.235206305747854572e+01 1.166739942607905599e-07
3.239679892685349216e+01 1.134143813131049527e-07
3.244159665620951927e+01 1.102426327741693914e-07
3.248645633108551323e+01 1.071567958442624832e-07
3.253137803713870113e+01 1.041549378689909447e-07
3.257636186014467938e+01 1.012351474758322031e-07
3.262140788599771923e+01 9.839553561935284397e-08
3.266651620071080231e+01 9.563423653853739732e-08
3.271168689041591193e+01 9.294940862955627692e-08
3.275692004136408286e+01 9.033923523737160452e-08
3.280221573992562156e+01 8.780192536945037409e-08
3.284757407259030515e+01 8.533571433487544063e-08
3.289299512596745245e+01 8.293886431209037010e-08
3.293847898678620822e+01 8.060966484843631272e-08
3.298402574189558578e+01 7.834643329461883911e-08
3.302963547826470858e+01 7.614751517714945220e-08
3.307530828298298786e+01 7.401128451178159285e-08
3.312104424326020080e+01 7.193614406086533515e-08
3.316684344642681026e+01 6.992052553747559022e-08
3.321270597993394347e+01 6.796288975914138629e-08
3.325863193135368334e+01 6.606172675386019480e-08
3.330462138837925323e+01 6.421555582106507225e-08
3.335067443882505955e+01 6.242292555012366130e-08
3.339679117062700442e+01 6.068241379884457087e-08
3.344297167184255670e+01 5.899262763442296699e-08
3.348921603065092256e+01 5.735220323915863249e-08
3.353552433535330835e+01 5.575980578321056157e-08
3.358189667437294190e+01 5.421412926656874922e-08
3.362833313625540654e+01 5.271389633234764870e-08
3.367483380966865525e+01 5.125785805342891515e-08
3.372139878340325936e+01 4.984479369440662065e-08
3.376802814637261463e+01 4.847351045069436330e-08
3.381472198761300518e+01 4.714284316661576173e-08
3.386148039628388773e+01 4.585165403417330747e-08
3.390830346166797682e+01 4.459883227416929916e-08
3.395519127317141539e+01 4.338329380124238867e-08
3.400214392032405897e+01 4.220398087432679611e-08
3.404916149277947568e+01 4.105986173398388398e-08
3.409624408031526599e+01 3.994993022795592337e-08
3.414339177283315507e+01 3.887320542626521721e-08
3.419060466035914203e+01 3.782873122708489870e-08
3.423788283304379121e+01 3.681557595455776177e-08
3.428522638116224641e+01 3.583283194968828114e-08
3.433263539511455775e+01 3.487961515534728349e-08
3.438010996542570297e+01 3.395506469640281759e-08
3.442765018274590716e+01 3.305834245590683531e-08
3.447525613785069254e+01 3.218863264823352017e-08
3.452292792164111290e+01 3.134514139000155279e-08
3.457066562514395258e+01 3.052709626956471844e-08
3.461846933951181171e+01 2.973374591581213329e-08
3.466633915602340466e+01 2.896435956696412618e-08
3.471427516608359554e+01 2.821822664000988025e-08
3.476227746122366824e+01 2.749465630139146370e-08
3.481034613310149695e+01 2.679297703948808346e-08
3.485848127350165271e+01 2.611253623943280295e-08
3.490668297433568057e+01 2.545269976073023894e-08
3.495495132764217772e+01 2.481285151813423678e-08
3.500328642558700665e+01 2.419239306619029651e-08
3.505168836046351544e+01 2.359074318782002040e-08
3.510015722469261590e+01 2.300733748730258788e-08
3.514869311082309622e+01 2.244162798795761406e-08
3.519729611153164939e+01 2.189308273483016796e-08
3.524596631962312898e+01 2.136118540263003866e-08
3.529470382803076234e+01 2.084543490916247819e-08
3.534350872981622871e+01 2.034534503446404876e-08
3.539238111816995769e+01 1.986044404582634500e-08
3.544132108641116474e+01 1.939027432887848323e-08
3.549032872798814253e+01 1.893439202486774439e-08
3.553940413647841723e+01 1.849236667426858218e-08
3.558854740558887642e+01 1.806378086682500845e-08
3.563775862915603909e+01 1.764822989811668091e-08
3.568703790114611962e+01 1.724532143272449897e-08
3.573638531565527643e+01 1.685467517405071891e-08
3.578580096690983225e+01 1.647592254084273580e-08
3.583528494926633812e+01 1.610870635044916607e-08
3.588483735721188594e+01 1.575268050882875799e-08
3.593445828536416542e+01 1.540750970732085177e-08
3.598414782847171978e+01 1.507286912617184073e-08
3.603390608141413765e+01 1.474844414480898761e-08
3.608373313920215963e+01 1.443393005883765105e-08
3.613362909697794834e+01 1.412903180373271757e-08
3.618359405001519491e+01 1.383346368518844880e-08
3.623362809371933224e+01 1.354694911607965571e-08
3.628373132362776232e+01 1.326922035998629461e-08
3.633390383540993440e+01 1.300001828122484287e-08
3.638414572486764342e+01 1.273909210132327262e-08
3.643445708793509397e+01 1.248619916187605529e-08
3.648483802067922710e+01 1.224110469370752013e-08
3.653528861929976301e+01 1.200358159227117355e-08
3.658580898012944260e+01 1.177341019920746072e-08
3.663639919963426195e+01 1.155037808998084658e-08
3.668705937441355758e+01 1.133427986751422911e-08
3.673778960120029069e+01 1.112491696173859570e-08
3.678858997686113952e+01 1.092209743497113636e-08
3.683946059839673381e+01 1.072563579303676144e-08
3.689040156294187511e+01 1.053535280204618808e-08
3.694141296776562200e+01 1.035107531074308301e-08
3.699249491027159564e+01 1.017263607833261032e-08
3.704364748799805795e+01 9.999873607704698991e-09
3.709487079861814607e+01 9.832631983964524393e-09
3.714616493994011392e+01 9.670760718184327504e-09
3.719753000990737490e+01 9.514114596291397097e-09
3.724896610659886420e+01 9.362553533007349435e-09
3.730047332822908857e+01 9.215942430758186090e-09
3.735205177314835367e+01 9.074151043470739236e-09
3.740370153984301282e+01 8.937053845179511358e-09
3.745542272693553798e+01 8.804529903364680353e-09
3.750721543318486084e+01 8.676462756947698919e-09
3.755907975748639416e+01 8.552740298870417531e-09
3.761101579887232305e+01 8.433254663190014677e-09
3.766302365651181816e+01 8.317902116620729304e-09
3.771510342971110674e+01 8.206582954459197212e-09
3.776725521791380658e+01 8.099201400832595277e-09
3.781947912070099704e+01 7.995665513211821564e-09
3.787177523779143939e+01 7.895887091135795681e-09
3.792414366904186807e+01 7.799781589095812569e-09
3.797658451444699779e+01 7.707268033535129759e-09
3.802909787413990017e+01 7.618268943919677876e-09
3.808168384839204634e+01 7.532710257842578603e-09
3.813434253761356985e+01 7.450521260128999087e-09
3.818707404235350822e+01 7.371634515911364088e-09
3.823987846329983853e+01 7.295985807652156914e-09
3.829275590127986817e+01 7.223514076093454254e-09
3.834570645726024196e+01 7.154160607970772580e-09
3.839873023234729743e+01 7.087844630569268952e-09
3.845182732778711454e+01 7.024459067860374252e-09
3.850499784496578570e+01 6.963899859567684505e-09
3.855824188540965025e+01 6.906067563109510686e-09
3.861155955078536550e+01 6.850867099888177844e-09
3.866495094290023360e+01 6.798207515709988592e-09
3.871841616370228678e+01 6.748001754435641887e-09
3.877195531528054318e+01 6.700166444020798292e-09
3.882556849986521286e+01 6.654621694165189601e-09
3.887925581982781864e+01 6.611290904841303358e-09
3.893301737768150872e+01 6.570100585022342467e-09
3.898685327608112061e+01 6.530980180977121675e-09
3.904076361782345828e+01 6.493861913539302953e-09
3.909474850584750527e+01 6.458680623801055951e-09
3.914880804323453134e+01 6.425373626716238501e-09
3.920294233320841215e+01 6.393880572133228185e-09
3.925715147913570746e+01 6.364143312810004472e-09
3.931143558452590270e+01 6.336105778993137324e-09
3.936579475303167186e+01 6.309713859171325861e-09
3.942022908844895568e+01 6.284915286639508610e-09
3.947473869471728136e+01 6.261659531533510386e-09
3.952932367591985496e+01 6.239897698019465351e-09
3.958398413628379586e+01 6.219582426341875643e-09
3.963872018018042809e+01 6.200667799454667506e-09
3.969353191212528742e+01 6.183109253979323492e-09
3.974841943677854061e+01 6.166863495249536712e-09
3.980338285894500672e+01 6.151888416220239482e-09
3.985842228357441286e+01 6.138143020033326976e-09
3.991353781576169268e+01 6.125587346046461024e-09
3.996872956074700767e+01 6.114182399146215205e-09
4.002399762391612370e+01 6.103890082178196970e-09
4.007934211080048215e+01 6.094673131339619510e-09
4.013476312707744142e+01 6.086495054391373345e-09
4.019026077857055412e+01 6.079320071556090673e-09
4.024583517124963095e+01 6.073113058980620161e-09
4.030148641123107467e+01 6.067839494648747194e-09
4.035721460477795830e+01 6.063465406641050704e-09
4.041301985830038035e+01 6.059957323645668148e-09
4.046890227835550036e+01 6.057282227632581998e-09
4.052486197164785153e+01 6.055407508611304529e-09
4.058089904502954681e+01 6.054300921399704196e-09
4.063701360550039254e+01 6.053930544337091096e-09
4.069320576020822955e+01 6.054264739882770474e-09
4.074947561644898997e+01 6.055272117046233832e-09
4.080582328166698858e+01 6.056921495601544713e-09
4.086224886345515017e+01 6.059181872043240766e-09
4.091875246955512324e+01 6.062022387247399158e-09
4.097533420785760683e+01 6.065412295805029578e-09
4.103199418640242868e+01 6.069320937000770832e-09
4.108873251337880816e+01 6.073717707413091405e-09
4.114554929712563336e+01 6.078572035117832393e-09
4.120244464613152502e+01 6.083853355478559957e-09
4.125941866903519184e+01 6.089531088513400782e-09
4.131647147462551573e+01 6.095574617829258226e-09
4.137360317184178626e+01 6.101953271118365863e-09
4.143081386977402758e+01 6.108636302215479369e-09
4.148810367766301255e+01 6.115592874715687744e-09
4.154547270490063937e+01 6.122792047155987143e-09
4.160292106103003817e+01 6.130202759765915411e-09
4.166044885574579126e+01 6.137793822794175801e-09
4.171805619889423156e+01 6.145533906420829421e-09
4.177574320047350653e+01 6.153391532264936300e-09
4.183350997063394772e+01 6.161335066500025435e-09
4.189135661967814883e+01 6.169332714590397151e-09
4.194928325806120029e+01 6.177352517662014563e-09
4.200728999639102312e+01 6.185362350522662502e-09
4.206537694542838324e+01 6.193329921346264788e-09
4.212354421608729638e+01 6.201222773036494777e-09
4.218179191943507078e+01 6.209008286284923295e-09
4.224012016669261271e+01 6.216653684338110969e-09
4.229852906923468225e+01 6.224126039488051127e-09
4.235701873858995015e+01 6.231392281299374337e-09
4.241558928644141702e+01 6.238419206585115998e-09
4.247424082462639916e+01 6.245173491142466179e-09
4.253297346513697619e+01 6.251621703257670198e-09
4.259178732012000523e+01 6.257730318987225120e-09
4.265068250187741938e+01 6.263465739221260045e-09
4.270965912286651189e+01 6.268794308531517208e-09
4.276871729569999303e+01 6.273682335804469905e-09
4.282785713314637377e+01 6.278096116656944329e-09
4.288707874813003684e+01 6.282001957628458361e-09
4.294638225373151386e+01 6.285366202141006270e-09
4.300576776318776950e+01 6.288155258213123102e-09
4.306523538989226552e+01 6.290335627911985396e-09
4.312478524739534436e+01 6.291873938521725553e-09
4.318441744940430027e+01 6.292736975403175061e-09
4.324413210978365640e+01 6.292891716514485458e-09
4.330392934255545612e+01 6.292305368557542193e-09
4.336380926189932694e+01 6.290945404710484075e-09
4.342377198215285716e+01 6.288779603900780435e-09
4.348381761781169530e+01 6.285776091567625481e-09
4.354394628352977747e+01 6.281903381857662111e-09
4.360415809411968269e+01 6.277130421191668262e-09
4.366445316455263992e+01 6.271426633133421584e-09
4.372483160995896156e+01 6.264761964487398812e-09
4.378529354562807896e+01 6.257106932543712618e-09
4.384583908700885502e+01 6.248432673384825759e-09
4.390646834970985424e+01 6.238710991160093018e-09
4.396718144949942086e+01 6.227914408229405271e-09
4.402797850230606258e+01 6.216016216070478418e-09
4.408885962421852156e+01 6.202990526837591721e-09
4.414982493148608000e+01 6.188812325454147148e-09
4.421087454051881593e+01 6.173457522114595435e-09
4.427200856788770267e+01 6.156903005066094785e-09
4.433322713032499962e+01 6.139126693533442209e-09
4.439453034472428783e+01 6.120107590646200205e-09
4.445591832814081101e+01 6.099825836220525852e-09
4.451739119779173137e+01 6.078262759244093352e-09
4.457894907105622195e+01 6.055400929907038344e-09
4.464059206547582903e+01 6.031224211016909087e-09
4.470232029875457158e+01 6.005717808633040387e-09
4.476413388875928945e+01 5.978868321749958504e-09
4.482603295351977124e+01 5.950663790858158870e-09
4.488801761122898881e+01 5.921093745206268142e-09
4.495008798024343122e+01 5.890149248587186000e-09
4.501224417908314734e+01 5.857822943469259398e-09
4.507448632643217223e+01 5.824109093291154728e-09
4.513681454113858393e+01 5.789003622740699759e-09
4.519922894221480192e+01 5.752504155836216877e-09
4.526172964883789263e+01 5.714610051630423438e-09
4.532431678034960498e+01 5.675322437359698953e-09
4.538699045625682515e+01 5.634644238861224339e-09
4.544975079623160497e+01 5.592580208086608035e-09
4.551259792011148875e+01 5.549136947542359121e-09
4.557553194789979756e+01 5.504322931492766422e-09
4.563855299976569313e+01 5.458148523767348439e-09
4.570166119604459709e+01 5.410625992018844799e-09
4.576485665723827623e+01 5.361769518288290463e-09
4.582813950401509118e+01 5.311595205738406537e-09
4.589150985721037301e+01 5.260121081427110393e-09
4.595496783782640904e+01 5.207367095002915361e-09
4.601851356703292595e+01 5.153355113212490335e-09
4.608214716616712536e+01 5.098108910124162488e-09
4.614586875673398225e+01 5.041654152981638213e-09
4.620967846040657179e+01 4.984018383614815405e-09
4.627357639902610487e+01 4.925230995349759618e-09
4.633756269460238286e+01 4.865323205371384672e-09
4.640163746931384736e+01 4.804328022509446324e-09
4.646580084550787859e+01 4.742280210432594151e-09
4.653005294570110806e+01 4.679216246250577580e-09
4.659439389257948960e+01 4.615174274543166362e-09
4.665882380899871862e+01 4.550194056847807286e-09
4.672334281798431022e+01 4.484316916658343777e-09
4.678795104273189054e+01 4.417585680002010081e-09
4.685264860660749520e+01 4.350044611680803775e-09
4.691743563314767584e+01 4.281739347280495197e-09
4.698231224605989809e+01 4.212716821067760103e-09
4.704727856922261253e+01 4.143025189915036339e-09
4.711233472668556033e+01 4.072713753407364614e-09
4.717748084267010000e+01 4.001832870306452414e-09
4.724271704156925722e+01 3.930433871560158708e-09
4.730804344794816529e+01 3.858568970065250082e-09
4.737346018654411495e+01 3.786291167405660301e-09
4.743896738226697352e+01 3.713654157803228545e-09
4.750456516019924180e+01 3.640712229535161451e-09
4.757025364559640934e+01 3.567520164082760007e-09
4.763603296388722441e+01 3.494133133292055892e-09
4.770190324067377929e+01 3.420606594837264280e-09
4.776786460173194371e+01 3.346996186289195711e-09
4.783391717301144297e+01 3.273357618101264085e-09
4.790006108063616352e+01 3.199746565833413149e-09
4.796629645090445138e+01 3.126218561942129276e-09
4.803262341028921867e+01 3.052828887471259145e-09
4.809904208543834159e+01 2.979632463981117486e-09
4.816555260317475273e+01 2.906683746059235557e-09
4.823215509049676797e+01 2.834036614754800695e-09
4.829884967457837774e+01 2.761746917416653148e-09
4.836563648276932526e+01 2.689888940415017541e-09
4.843251564259554698e+01 2.618542429131223996e-09
4.849948728175925794e+01 2.547782954411192260e-09
4.856655152813925014e+01 2.477681842861993631e-09
4.863370850979121229e+01 2.408306171617201407e-09
4.870095835494782222e+01 2.339718778163296534e-09
4.876830119201915892e+01 2.271978284386306388e-09
4.883573714959280920e+01 2.205139133974593485e-09
4.890326635643414477e+01 2.139251642296325238e-09
4.897088894148668459e+01 2.074362057859284632e-09
4.903860503387214465e+01 2.010512634456756754e-09
4.910641476289088558e+01 1.947741713101041494e-09
4.917431825802198375e+01 1.886083812855049018e-09
4.924231564892356516e+01 1.825569729679559299e-09
4.931040706543311103e+01 1.766226642430159171e-09
4.937859263756755013e+01 1.708078225156182259e-09
4.944687249552369224e+01 1.651144764874913103e-09
4.951524676967829919e+01 1.595443284021389373e-09
4.958371559058842593e+01 1.540987666800320667e-09
4.965227908899172604e+01 1.487788788698350527e-09
4.972093739580654415e+01 1.435854648447413209e-09
4.978969064213234219e+01 1.385190501763038701e-09
4.985853895924977053e+01 1.335798996218310741e-09
4.992748247862112265e+01 1.287680306650137494e-09
4.999652133189039205e+01 1.240832270532110321e-09
5.006565565088360614e+01 1.195250522785689556e-09
5.013488556760914605e+01 1.150928629540079073e-09
5.020421121425785316e+01 1.107858220388540040e-09
5.027363272320344834e+01 1.066029118726767306e-09
5.034315022700261721e+01 1.025429469796285434e-09
5.041276385839533702e+01 9.860458660918579431e-10
5.048247375030523898e+01 9.478634698278984790e-10
5.055228003583962249e+01 9.108661321935243786e-10
5.062218284828997383e+01 8.750365091588934644e-10
5.069218232113200884e+01 8.403561736284039555e-10
5.076227858802599258e+01 8.068057237663674539e-10
5.083247178281712308e+01 7.743648873512200986e-10
5.090276203953554557e+01 7.430126220414269400e-10
5.097314949239685689e+01 7.127272114633029334e-10
5.104363427580216950e+01 6.834863570555203308e-10
5.111421652433843121e+01 6.552672656286684008e-10
5.118489637277878757e+01 6.280467326195500256e-10
5.125567395608262444e+01 6.018012210406652645e-10
5.132654940939607258e+01 5.765069361431744660e-10
5.139752286805204307e+01 5.521398958292301238e-10
5.146859446757059686e+01 5.286759968647830726e-10
5.153976434365925030e+01 5.060910769578953455e-10
5.161103263221309589e+01 4.843609727806040761e-10
5.168239946931521445e+01 4.634615740229507583e-10
5.175386499123680295e+01 4.433688735781402131e-10
5.182542933443748723e+01 4.240590139661113344e-10
5.189709263556566299e+01 4.055083301102570585e-10
5.196885503145857399e+01 3.876933885881199341e-10
5.204071665914278810e+01 3.705910234821713718e-10
5.211267765583426836e+01 3.541783689606375707e-10
5.218473815893872825e+01 3.384328887217385051e-10
5.225689830605195141e+01 3.233324024365591863e-10
5.232915823495988406e+01 3.088551093276997433e-10
5.240151808363911101e+01 2.949796090208451833e-10
5.247397799025689125e+01 2.816849198070219168e-10
5.254653809317166235e+01 2.689504944519570370e-10
5.261919853093309030e+01 2.567562336882662178e-10
5.269195944228241757e+01 2.450824975239714413e-10
5.276482096615283979e+01 2.339101144987529168e-10
5.283778324166953411e+01 2.232203890168351329e-10
5.291084640815017792e+01 2.129951068819818904e-10
5.298401060510501281e+01 2.032165391572037329e-10
5.305727597223719982e+01 1.938674444678005922e-10
5.313064264944313919e+01 1.849310698626982663e-10
5.320411077681259115e+01 1.763911503451114897e-10
5.327768049462913069e+01 1.682319071791700536e-10
5.335135194337022568e+01 1.604380450751097248e-10
5.342512526370759929e+01 1.529947483511582879e-10
5.349900059650758521e+01 1.458876761658459412e-10
5.357297808283117035e+01 1.391029569101690489e-10
5.364705786393453479e+01 1.326271818444032945e-10
5.372124008126908734e+01 1.264473980602123354e-10
5.379552487648183501e+01 1.205511008441589098e-10
5.386991239141574539e+01 1.149262255144827755e-10
5.394440276810978929e+01 1.095611387988926175e-10
5.401899614879948075e+01 1.044446298167963100e-10
5.409369267591692676e+01 9.956590072558481314e-11
5.416849249209118256e+01 9.491455708650787860e-11
5.424339574014860688e+01 9.048059800194224922e-11
5.431840256311296145e+01 8.625440607225234912e-11
5.439351310420586572e+01 8.222673721675782645e-11
5.446872750684691766e+01 7.838871040010974900e-11
5.454404591465404195e+01 7.473179730193843027e-11
5.461946847144380968e+01 7.124781196467455710e-11
5.469499532123157337e+01 6.792890045136988393e-11
5.477062660823192886e+01 6.476753054255791813e-11
5.484636247685880761e+01 6.175648149852311089e-11
5.492220307172583205e+01 5.888883391074513294e-11
5.499814853764667788e+01 5.615795966395651416e-11
5.507419901963515940e+01 5.355751202792289562e-11
5.515035466290571975e+01 5.108141589594895354e-11
5.522661561287349485e+01 4.872385818512391129e-11
5.530298201515480372e+01 4.647927841139504072e-11
5.537945401556724789e+01 4.434235945088839418e-11
5.545603176013004543e+01 4.230801849717276497e-11
5.553271539506442878e+01 4.037139822271884953e-11
5.560950506679370164e+01 3.852785815136901736e-11
5.568640092194375768e+01 3.677296624731582236e-11
5.576340310734315153e+01 3.510249072493691720e-11
5.584051177002346833e+01 3.351239208267518386e-11
5.591772705721970027e+01 3.199881536318553897e-11
5.599504911637031057e+01 3.055808264103011049e-11
5.607247809511775216e+01 2.918668573834640112e-11
5.615001414130856006e+01 2.788127916819223333e-11
5.622765740299369952e+01 2.663867330452763237e-11
5.630540802842894266e+01 2.545582777722546938e-11
5.638326616607496078e+01 2.432984508990920046e-11
5.646123196459782179e+01 2.325796445794193083e-11
5.653930557286907543e+01 2.223755586345276307e-11
5.661748713996615123e+01 2.126611432388449829e-11
5.669577681517267820e+01 2.034125437024039517e-11
5.677417474797861274e+01 1.946070473089196425e-11
5.685268108808073606e+01 1.862230321657985730e-11
5.693129598538273939e+01 1.782399180202272488e-11
5.701001958999560060e+01 1.706381189938594164e-11
5.708885205223796078e+01 1.633989981871472767e-11
5.716779352263618819e+01 1.565048241033655833e-11
5.724684415192491826e+01 1.499387288415264872e-11
5.732600409104713890e+01 1.436846680068498455e-11
5.740527349115455280e+01 1.377273822871712624e-11
5.748465250360796830e+01 1.320523606434550430e-11
5.756414127997736330e+01 1.266458050628526810e-11
5.764373997204242528e+01 1.214945968227422028e-11
5.772344873179264368e+01 1.165862642148261430e-11
5.780326771142766518e+01 1.119089516787215028e-11
5.788319706335768444e+01 1.074513902952054956e-11
5.796323694020352946e+01 1.032028695900313607e-11
5.804338749479718018e+01 9.915321060003986954e-12
5.812364888018185383e+01 9.529274015424164790e-12
5.820402124961248802e+01 9.161226632352968612e-12
5.828450475655586871e+01 8.810305499369898476e-12
5.836509955469097122e+01 8.475680751759874128e-12
5.844580579790937946e+01 8.156563940328550550e-12
5.852662364031535702e+01 7.852205999630933089e-12
5.860755323622638002e+01 7.561895311534012220e-12
5.868859474017321531e+01 7.284955860162808171e-12
5.876974830690031126e+01 7.020745474392544247e-12
5.885101409136619566e+01 6.768654154176977563e-12
5.893239224874354676e+01 6.528102477119724472e-12
5.901388293441971911e+01 6.298540081818181583e-12
5.909548630399686431e+01 6.079444224628587634e-12
5.917720251329227921e+01 5.870318406620907363e-12
5.925903171833882510e+01 5.670691067606036632e-12
5.934097407538499880e+01 5.480114344239179634e-12
5.942302974089547263e+01 5.298162889309166951e-12
5.950519887155119392e+01 5.124432749442594750e-12
5.958748162424975447e+01 4.958540298555172111e-12
5.966987815610580270e+01 4.800121224490993368e-12
5.975238862445110044e+01 4.648829566397205560e-12
5.983501318683511982e+01 4.504336800478082061e-12
5.991775200102507171e+01 4.366330971875885232e-12
6.000060522500633198e+01 4.234515870519760850e-12
6.008357301698283237e+01 4.108610248876528726e-12
6.016665553537713151e+01 3.988347079631203700e-12
6.024985293883099757e+01 3.873472851407368732e-12
6.033316538620544378e+01 3.763746900728770172e-12
6.041659303658118318e+01 3.658940778499980704e-12
6.050013604925897681e+01 3.558837649367478317e-12
6.058379458375974025e+01 3.463231722397947643e-12
6.066756879982510497e+01 3.371927711583381336e-12
6.075145885741748941e+01 3.284740297622815567e-12
6.083546491672051104e+01 3.201483587462302149e-12
6.091958713813937720e+01 3.121957122185278974e-12
6.100382568230097746e+01 3.045968649161217678e-12
6.108818071005443784e+01 2.973337390303913709e-12
6.117265238247120607e+01 2.903893277037882558e-12
6.125724086084545661e+01 2.837476240821387029e-12
6.134194630669450987e+01 2.773935554868994353e-12
6.142676888175887484e+01 2.713129223081353487e-12
6.151170874800286015e+01 2.654923412520739808e-12
6.159676606761460249e+01 2.599191926076406592e-12
6.168194100300663507e+01 2.545815712237560895e-12
6.176723371681597996e+01 2.494682409146607583e-12
6.185264437190455311e+01 2.445685920333722625e-12
6.193817313135956226e+01 2.398726019745121443e-12
6.202382015849360641e+01 2.353707983870453170e-12
6.210958561684523005e+01 2.310542248949200372e-12
6.219546967017903683e+01 2.269144091398373888e-12
6.228147248248605905e+01 2.229433329750152546e-12
6.236759421798420533e+01 2.191334046523708074e-12
6.245383504111833872e+01 2.154774328578973210e-12
6.254019511656081676e+01 2.119686024612990904e-12
6.262667460921163354e+01 2.086004518564292480e-12
6.271327368419878923e+01 2.053668517785297607e-12
6.279999250687871637e+01 2.022619854930923831e-12
6.288683124283638648e+01 1.992803302591841240e-12
6.297379005788584294e+01 1.964166399774220125e-12
6.306086911807033601e+01 1.936659289396760629e-12
6.314806858966270653e+01 1.910234566037224065e-12
6.323538863916583352e+01 1.884847133218850761e-12
6.332282943331266978e+01 1.860454069579760241e-12
6.341039113906687419e+01 1.837014503317026000e-12
6.349807392362288283e+01 1.814489494342395803e-12
6.358587795440632817e+01 1.792841923627460545e-12
6.367380339907442988e+01 1.772036389254950230e-12
6.376185042551614401e+01 1.752039108727414985e-12
6.385001920185268887e+01 1.732817827117453564e-12
6.393830989643766571e+01 1.714341730673616806e-12
6.402672267785746385e+01 1.696581365523635142e-12
6.411525771493171533e+01 1.679508561142693507e-12
6.420391517671333759e+01 1.663096358277775483e-12
6.429269523248915164e+01 1.647318941041134641e-12
6.438159805177994599e+01 1.632151572906637068e-12
6.447062380434095985e+01 1.617570536360859660e-12
6.455977266016225258e+01 1.603553075978933041e-12
6.464904478946877475e+01 1.590077344710832388e-12
6.473844036272102187e+01 1.577122353178826006e-12
6.482795955061509119e+01 1.564667921801132679e-12
6.491760252408322174e+01 1.552694635568950467e-12
6.500736945429387958e+01 1.541183801316937850e-12
6.509726051265229785e+01 1.530117407337489327e-12
6.518727587080076091e+01 1.519478085200031386e-12
6.527741570061880338e+01 1.509249073646232420e-12
6.536768017422373589e+01 1.499414184440330973e-12
6.545806946397077297e+01 1.489957770063015703e-12
6.554858374245350205e+01 1.480864693144311028e-12
6.563922318250419607e+01 1.472120297538546134e-12
6.572998795719405507e+01 1.463710380951074222e-12
6.582087823983370356e+01 1.455621169032686429e-12
6.591189420397329002e+01 1.447839290863633037e-12
6.600303602340298426e+01 1.440351755754359295e-12
6.609430387215336111e+01 1.433145931295545099e-12
6.618569792449549993e+01 1.426209522594400014e-12
6.627721835494159563e+01 1.419530552638856227e-12
6.636886533824505818e+01 1.413097343735353883e-12
6.646063904940093892e+01 1.406898499969778560e-12
6.655253966364637108e+01 1.400922890644737229e-12
6.664456735646068353e+01 1.395159634649697246e-12
6.673672230356594071e+01 1.389598085723719262e-12
6.682900468092717006e+01 1.384227818573354533e-12
6.692141466475264622e+01 1.379038615811137910e-12
6.701395243149443104e+01 1.374020455682475034e-12
6.710661815784847306e+01 1.369163500551353840e-12
6.719941202075514752e+01 1.364458086117141556e-12
6.729233419739941269e+01 1.359894711337304216e-12
6.738538486521125037e+01 1.355464029032209898e-12
6.747856420186604964e+01 1.351156837150326221e-12
6.757187238528480577e+01 1.346964070673710775e-12
6.766530959363463182e+01 1.342876794144990856e-12
6.775887600532892918e+01 1.338886194798623877e-12
6.785257179902779967e+01 1.334983576280381557e-12
6.794639715363848609e+01 1.331160352940131854e-12
6.804035224831550011e+01 1.327408044684201120e-12
6.813443726246120491e+01 1.323718272374216879e-12
6.822865237572592889e+01 1.320082753760558084e-12
6.832299776800851987e+01 1.316493299938973886e-12
6.841747361945650141e+01 1.312941812319737123e-12
6.851208011046651336e+01 1.309420280099197543e-12
6.860681742168472397e+01 1.305920778224068306e-12
6.870168573400697198e+01 1.302435465839280935e-12
6.879668522857937774e+01 1.298956585210273187e-12
6.889181608679842839e+01 1.295476461111138737e-12
6.898707849031144690e+01 1.291987500669891292e-12
6.908247262101707520e+01 1.288482193662432585e-12
6.917799866106527418e+01 1.284953113246561676e-12
6.927365679285807687e+01 1.281392917127450013e-12
6.936944719904961687e+01 1.277794349145770256e-12
6.946537006254658309e+01 1.274150241279503041e-12
6.956142556650868869e+01 1.270453516050037967e-12
6.965761389434881323e+01 1.266697189323028357e-12
6.975393522973355687e+01 1.262874373493791095e-12
6.985038975658341087e+01 1.258978281046832820e-12
6.994697765907316978e+01 1.255002228478308487e-12
7.004369912163241452e+01 1.250939640569811153e-12
7.014055432894562614e+01 1.246784055001175161e-12
7.023754346595278264e+01 1.242529127289300759e-12
7.033466671784948687e+01 1.238168636039209928e-12
7.043192427008744971e+01 1.233696488492947199e-12
7.052931630837491639e+01 1.229106726360904492e-12
7.062684301867678016e+01 1.224393531919553244e-12
7.072450458721523603e+01 1.219551234358305325e-12
7.082230120046985178e+01 1.214574316357958067e-12
7.092023304517807958e+01 1.209457420881456932e-12
7.101830030833571072e+01 1.204195358157506163e-12
7.111650317719691827e+01 1.198783112836193430e-12
7.121484183927498179e+01 1.193215851294857006e-12
7.131331648234237264e+01 1.187488929071793543e-12
7.141192729443120868e+01 1.181597898403952517e-12
7.151067446383369486e+01 1.175538515844424308e-12
7.160955817910226529e+01 1.169306749934000776e-12
7.170857862905027957e+01 1.162898788900836758e-12
7.180773600275196600e+01 1.156311048360744866e-12
7.190703048954317467e+01 1.149540178990430414e-12
7.200646227902149121e+01 1.142583074144770293e-12
7.210603156104662048e+01 1.135436877388770452e-12
7.220573852574094076e+01 1.128098989914067680e-12
7.230558336348958903e+01 1.120567077809313234e-12
7.240556626494107206e+01 1.112839079153257097e-12
7.250568742100745112e+01 1.104913210898794844e-12
7.260594702286476831e+01 1.096787975516230028e-12
7.270634526195351555e+01 1.088462167363197805e-12
7.280688232997876241e+01 1.079934878749282773e-12
7.290755841891083833e+01 1.071205505662514829e-12
7.300837372098538935e+01 1.062273753125730772e-12
7.310932842870387560e+01 1.053139640150532541e-12
7.321042273483408280e+01 1.043803504256980066e-12
7.331165683241017916e+01 1.034266005527827009e-12
7.341303091473341169e+01 1.024528130166272238e-12
7.351454517537221989e+01 1.014591193527523255e-12
7.361619980816270470e+01 1.004456842594654401e-12
7.371799500720911169e+01 9.941270578708093607e-13
7.381993096688391631e+01 9.836041546607941372e-13
7.392200788182856286e+01 9.728907837161214160e-13
7.402422594695347868e+01 9.619899312196426979e-13
7.412658535743867105e+01 9.509049180868571479e-13
7.422908630873408242e+01 9.396393985632826762e-13
7.433172899655983201e+01 9.281973580988079527e-13
7.443451361690679846e+01 9.165831104822533412e-13
7.453744036603674772e+01 9.048012942214007410e-13
7.464050944048284464e+01 8.928568681561775235e-13
7.474372103705016457e+01 8.807551062950236644e-13
7.484707535281570756e+01 8.685015918672995615e-13
7.495057258512917997e+01 8.561022105869256409e-13
7.505421293161306551e+01 8.435631431256033301e-13
7.515799659016310841e+01 8.308908567966123954e-13
7.526192375894879660e+01 8.180920964533636654e-13
7.536599463641351804e+01 8.051738746097495828e-13
7.547020942127522858e+01 7.921434607926788944e-13
7.557456831252646623e+01 7.790083701401708215e-13
7.567907150943511851e+01 7.657763512616320946e-13
7.578371921154450774e+01 7.524553733804093024e-13
7.588851161867385997e+01 7.390536127813982530e-13
7.599344893091883080e+01 7.255794385903678372e-13
7.609853134865163327e+01 7.120413979143595703e-13
7.620375907252166314e+01 6.984482003758561367e-13
7.630913230345569787e+01 6.848087020765214577e-13
7.641465124265832287e+01 6.711318890292089276e-13
7.652031609161245740e+01 6.574270539037591155e-13
7.662612705207951080e+01 6.437074434401793897e-13
7.673208432610000784e+01 6.299895789141956178e-13
7.683818811599374499e+01 6.162895190247008221e-13
7.694443862436027359e+01 6.026226998797297914e-13
7.705083605407942571e+01 5.890039224726520851e-13
7.715738060831141354e+01 5.754473427431772236e-13
7.726407249049752579e+01 5.619664641322426812e-13
7.737091190436025556e+01 5.485741325338897438e-13
7.747789905390379772e+01 5.352825335408320398e-13
7.758503414341454629e+01 5.221031918762647539e-13
7.769231737746125077e+01 5.090469729001625417e-13
7.779974896089565561e+01 4.961240860753397701e-13
7.790732909885268498e+01 4.833440902761599794e-13
7.801505799675089747e+01 4.707159008213636847e-13
7.812293586029304038e+01 4.582477981113157674e-13
7.823096289546612070e+01 4.459474377502913210e-13
7.833913930854214414e+01 4.338218620342446350e-13
7.844746530607825719e+01 4.218775126861513762e-13
7.855594109491718768e+01 4.101202447221352934e-13
7.866456688218782745e+01 3.985553413338648118e-13
7.877334287530531753e+01 3.871875296752552902e-13
7.888226928197175880e+01 3.760209974442327569e-13
7.899134631017635400e+01 3.650594101538894245e-13
7.910057416819589093e+01 3.543059289906471404e-13
7.920995306459531093e+01 3.437632291611619447e-13
7.931948320822776566e+01 3.334335186336747836e-13
7.942916480823538450e+01 3.233185571838457689e-13
7.953899807404930300e+01 3.134196756595427533e-13
7.964898321539044446e+01 3.037377953836294202e-13
7.975912044226961939e+01 2.942734476184996995e-13
7.986940996498800871e+01 2.850267930207004561e-13
7.997985199413771795e+01 2.759976410187727435e-13
8.009044674060191937e+01 2.671854690522367254e-13
8.020119441555553408e+01 2.585894416141556849e-13
8.031209523046537413e+01 2.502084290445053613e-13
8.042314939709065413e+01 2.420410260260864322e-13
8.053435712748354547e+01 2.340855697390937270e-13
8.064571863398926155e+01 2.263401576350060066e-13
8.075723412924682520e+01 2.188026647944059402e-13
8.086890382618915396e+01 2.114707608377259497e-13
8.098072793804360003e+01 2.043419263615508662e-13
8.109270667833251878e+01 1.974134688771294883e-13
8.120484026087332552e+01 1.906825382311947207e-13
8.131712889977927716e+01 1.841461414926248387e-13
8.142957280945955745e+01 1.778011572918370064e-13
8.154217220461985960e+01 1.716443496027502474e-13
8.165492730026288370e+01 1.656723809600516890e-13
8.176783831168845040e+01 1.598818251073162485e-13
8.188090545449428248e+01 1.542691790738530677e-13
8.199412894457609013e+01 1.488308746806363225e-13
8.210750899812811099e+01 1.435632894777999272e-13
8.222104583164369274e+01 1.384627571180447923e-13
8.233473966191532156e+01 1.335255771723157418e-13
8.244859070603548901e+01 1.287480243954962948e-13
8.256259918139672038e+01 1.241263574515927683e-13
8.267676530569214322e+01 1.196568271089927729e-13
8.279108929691604146e+01 1.153356839176715839e-13
8.290557137336398341e+01 1.111591853812350735e-13
8.302021175363353223e+01 1.071236026375431939e-13
8.313501065662443068e+01 1.032252266624070010e-13
8.324996830153907013e+01 9.946037401159233811e-14
8.336508490788312997e+01 9.582539211672911456e-14
8.348036069546560611e+01 9.231666415131231823e-14
8.359579588439963516e+01 8.893061348312541903e-14
8.371139069510256547e+01 8.566370772979844072e-14
8.382714534829659669e+01 8.251246243421107211e-14
8.394306006500919182e+01 7.947344437658043577e-14
8.405913506657333301e+01 7.654327454005951345e-14
8.417537057462818950e+01 7.371863074649803426e-14
8.429176681111927394e+01 7.099624997898841239e-14
8.440832399829913868e+01 6.837293040751836745e-14
8.452504235872756055e+01 6.584553313382551421e-14
8.464192211527205245e+01 6.341098367129784591e-14
8.475896349110844596e+01 6.106627317532964448e-14
8.487616670972099087e+01 5.880845943928968795e-14
8.499353199490315092e+01 5.663466767073570564e-14
8.511105957075770334e+01 5.454209106220162180e-14
8.522874966169732147e+01 5.252799117034340536e-14
8.534660249244512897e+01 5.058969811681687641e-14
8.546461828803481353e+01 4.872461062379097464e-14
8.558279727381139423e+01 4.693019589646643442e-14
8.570113967543139211e+01 4.520398936453808373e-14
8.581964571886332749e+01 4.354359429399720675e-14
8.593831563038834531e+01 4.194668128018476230e-14
8.605714963660031458e+01 4.041098763253117261e-14
8.617614796440658154e+01 3.893431666087682853e-14
8.629531084102815441e+01 3.751453687283730683e-14
8.641463849400021502e+01 3.614958109113674915e-14
8.653413115117271559e+01 3.483744549939649827e-14
8.665378904071052091e+01 3.357618862439470195e-14
8.677361239109413305e+01 3.236393026233164846e-14
8.689360143111990453e+01 3.119885035623180161e-14
8.701375638990052153e+01 3.007918783115161620e-14
8.713407749686565751e+01 2.900323939344996802e-14
8.725456498176204434e+01 2.796935829999317012e-14
8.737521907465425386e+01 2.697595310273989565e-14
8.749604000592488262e+01 2.602148637381796194e-14
8.761702800627509191e+01 2.510447341580246880e-14
8.773818330672520460e+01 2.422348096158658028e-14
8.785950613861476199e+01 2.337712586789881104e-14
8.798099673360343331e+01 2.256407380618613910e-14
8.810265532367105834e+01 2.178303795430930754e-14
8.822448214111827269e+01 2.103277769218539378e-14
8.834647741856703362e+01 2.031209730424894540e-14
8.846864138896083318e+01 1.961984469134303616e-14
8.859097428556540876e+01 1.895491009441206292e-14
8.871347634196889942e+01 1.831622483212736930e-14
8.883614779208262746e+01 1.770276005436079127e-14
8.895898887014119794e+01 1.711352551322745425e-14
8.908199981070315232e+01 1.654756835320926001e-14
8.920518084865149433e+01 1.600397192170118096e-14
8.932853221919383202e+01 1.548185460115532276e-14
8.945205415786320202e+01 1.498036866382730022e-14
8.957574690051818322e+01 1.449869915000101966e-14
8.969961068334352206e+01 1.403606277041120463e-14
8.982364574285065828e+01 1.359170683347775080e-14
8.994785231587793817e+01 1.316490819782744779e-14
9.007223063959135345e+01 1.275497225048970459e-14
9.019678095148471186e+01 1.236123191104048658e-14
9.032150348938023399e+01 1.198304666188176966e-14
9.044639849142912169e+01 1.161980160476028776e-14
9.057146619611170024e+01 1.127090654355650977e-14
9.069670684223827095e+01 1.093579509329438572e-14
9.082212066894921065e+01 1.061392381527563709e-14
9.094770791571555435e+01 1.030477137816909975e-14
9.107346882233964891e+01 1.000783774485006608e-14
9.119940362895519570e+01 9.722643384724447667e-15
9.132551257602818851e+01 9.448728511247296650e-15
9.145179590435697037e+01 9.185652344294670837e-15
9.157825385507284466e+01 8.932992397030868357e-15
9.170488666964072877e+01 8.690343786873463428e-15
9.183169458985919675e+01 8.457318570147200849e-15
9.195867785786138882e+01 8.233545099987435757e-15
9.208583671611512500e+01 8.018667407048559230e-15
9.221317140742348784e+01 7.812344602549690954e-15
9.234068217492547603e+01 7.614250303189918587e-15
9.246836926209607554e+01 7.424072077448379288e-15
9.259623291274715484e+01 7.241510912789313000e-15
9.272427337102757861e+01 7.066280703280994766e-15
9.285249088142379037e+01 6.898107757144513634e-15
9.298088568876049465e+01 6.736730323744191081e-15
9.310945803820068534e+01 6.581898139540044652e-15
9.323820817524661209e+01 6.433371992522767205e-15
9.336713634573976606e+01 6.290923304663757773e-15
9.349624279586180364e+01 6.154333731915534214e-15
9.362552777213466015e+01 6.023394781312778311e-15
9.375499152142110404e+01 5.897907444729496530e-15
9.388463429092546164e+01 5.777681848865162948e-15
9.401445632819367404e+01 5.662536921040699691e-15
9.414445788111419233e+01 5.552300070402860913e-15
9.427463919791806291e+01 5.446806884148725623e-15
9.440500052717960955e+01 5.345900838397817388e-15
9.453554211781703032e+01 5.249433023356478546e-15
9.466626421909251121e+01 5.157261882437761010e-15
9.479716708061312147e+01 5.069252965015215099e-15
9.492825095233092725e+01 4.985278692512977020e-15
9.505951608454364532e+01 4.905218137549244248e-15
9.519096272789519730e+01 4.828956815875595433e-15
9.532259113337595124e+01 4.756386490873410826e-15
9.545440155232350321e+01 4.687404990392897195e-15
9.558639423642284783e+01 4.621916035741682187e-15
9.571856943770704618e+01 4.559829082657263711e-15
9.585092740855773741e+01 4.501059174119829990e-15
9.598346840170542293e+01 4.445526804891435446e-15
9.611619267023024804e+01 4.393157797692428202e-15
9.624910046756214399e+01 4.343883190957711170e-15
9.638219204748152436e+01 4.297632225514773526e-15
9.651546766411983924e+01 4.254301592764721047e-15
9.664892757195974582e+01 4.213781711379750163e-15
9.678257202583601781e+01 4.175969711546639849e-15
9.691640128093565920e+01 4.140769032695849915e-15
9.705041559279851526e+01 4.108089037674280514e-15
9.718461521731796893e+01 4.077844653315105878e-15
9.731900041074104024e+01 4.049956035380614310e-15
9.745357142966926745e+01 4.024348256015088390e-15
9.758832853105886329e+01 4.000951011994041059e-15
9.772327197222138295e+01 3.979698352189307390e-15
9.785840201082430667e+01 3.960528422794839500e-15
9.799371890489122450e+01 3.943383228969794205e-15
9.812922291280274578e+01 3.928208411659420463e-15
9.826491429329648497e+01 3.914953038448441243e-15
9.840079330546814163e+01 3.903569407388373177e-15
9.853686020877144358e+01 3.894012862819839927e-15
9.867311526301892854e+01 3.886241622282925911e-15
9.880955872838256937e+01 3.880216613676037770e-15
9.894619086539384512e+01 3.875901321884428060e-15
9.908301193494475001e+01 3.873261644156118266e-15
9.922002219828785030e+01 3.872265753553747464e-15
9.935722191703696637e+01 3.872883969859250656e-15
9.949461135316785487e+01 3.875088637351052285e-15
9.963219076901829396e+01 3.878854008913994496e-15
9.976996042728903547e+01 3.884156135978534124e-15
9.990792059104393275e+01 3.890972763820640021e-15
1.000460715237106513e+02 3.899283231783994676e-15
1.001844134890810096e+02 3.909068378016158130e-15
1.003229467513119317e+02 3.920310448336009854e-15
1.004616715749252620e+02 3.932993008874987603e-15
1.006005882248087602e+02 3.947100862157553929e-15
1.007396969662164281e+02 3.962619966307128018e-15
1.008789980647689930e+02 3.979537357083292960e-15
1.010184917864547742e+02 3.997841072474911561e-15
1.011581783976295696e+02 4.017520079589975185e-15
1.012980581650176219e+02 4.038564203599313493e-15
1.014381313557119739e+02 4.060964058506170867e-15
1.015783982371748806e+02 4.084710979527001256e-15
1.017188590772388039e+02 4.109796956882764462e-15
1.018595141441061855e+02 4.136214570811184268e-15
1.020003637063504982e+02 4.163956927622881733e-15
1.021414080329165301e+02 4.193017596635525675e-15
1.022826473931209108e+02 4.223390547829475333e-15
1.024240820566529493e+02 4.255070090080250741e-15
1.025657122935746060e+02 4.288050809830677893e-15
1.027075383743213450e+02 4.322327510077323183e-15
1.028495605697025894e+02 4.357895149553256393e-15
1.029917791509021470e+02 4.394748781997825044e-15
1.031341943894791058e+02 4.432883495415244274e-15
1.032768065573677774e+02 4.472294351228758095e-15
1.034196159268785635e+02 4.512976323248810133e-15
1.035626227706984395e+02 4.554924236380271005e-15
1.037058273618913375e+02 4.598132705002926615e-15
1.038492299738990852e+02 4.642596070967914248e-15
1.039928308805413337e+02 4.688308341159904940e-15
1.041366303560164113e+02 4.735263124586629574e-15
1.042806286749018909e+02 4.783453568962257624e-15
1.044248261121548182e+02 4.832872296762300628e-15
1.045692229431128624e+02 4.883511340736905839e-15
1.047138194434940317e+02 4.935362078876696991e-15
1.048586158893977398e+02 4.988415168836740969e-15
1.050036125573051748e+02 5.042660481832698708e-15
1.051488097240797259e+02 5.098087036033376742e-15
1.052942076669679352e+02 5.154682929484126620e-15
1.054398066635994269e+02 5.212435272604922064e-15
1.055856069919878166e+02 5.271330120319510346e-15
1.057316089305311380e+02 5.331352403880288174e-15
1.058778127580122970e+02 5.392485862467040349e-15
1.060242187536000245e+02 5.454712974646725306e-15
1.061708271968487480e+02 5.518014889795422149e-15
1.063176383676995727e+02 5.582371359592247837e-15
1.064646525464805649e+02 5.647760669710908481e-15
1.066118700139078044e+02 5.714159571842709482e-15
1.067592910510851567e+02 5.781543216199656950e-15
1.069069159395053390e+02 5.849885084657926426e-15
1.070547449610502895e+02 5.919156924714180988e-15
1.072027783979916506e+02 5.989328684440332454e-15
1.073510165329916646e+02 6.060368448634704812e-15
1.074994596491031444e+02 6.132242376378618834e-15
1.076481080297703983e+02 6.204914640223215329e-15
1.077969619588296979e+02 6.278347367239781639e-15
1.079460217205096342e+02 6.352500582180942914e-15
1.080952875994322255e+02 6.427332153012482958e-15
1.082447598806126763e+02 6.502797739084104377e-15
1.083944388494604425e+02 6.578850742222439553e-15
1.085443247917796299e+02 6.655442261035871711e-15
1.086944179937694344e+02 6.732521048734438141e-15
1.088447187420251367e+02 6.810033474774796885e-15
1.089952273235379892e+02 6.887923490648470757e-15
1.091459440256962097e+02 6.966132600142470430e-15
1.092968691362854088e+02 7.044599834403325487e-15
1.094480029434890014e+02 7.123261732144455450e-15
1.095993457358892726e+02 7.202052325340157539e-15
1.097508978024671933e+02 7.280903130751760648e-15
1.099026594326034427e+02 7.359743147635025161e-15
1.100546309160788780e+02 7.438498861975332838e-15
1.102068125430749177e+02 7.517094257598727975e-15
1.103592046041746073e+02 7.595450834501700076e-15
1.105118073903624207e+02 7.673487634737605543e-15
1.106646211930253401e+02 7.751121276192167014e-15
1.108176463039532962e+02 7.828265994570601345e-15
1.109708830153395525e+02 7.904833693906559534e-15
1.111243316197817563e+02 7.980734005893013307e-15
1.112779924102818256e+02 8.055874358315829785e-15
1.114318656802469576e+02 8.130160052855831439e-15
1.115859517234900409e+02 8.203494352502654433e-15
1.117402508342301672e+02 8.275778578801873330e-15
1.118947633070935552e+02 8.346912219131626033e-15
1.120494894371135501e+02 8.416793044174283009e-15
1.122044295197315336e+02 8.485317235722609310e-15
1.123595838507974207e+02 8.552379524921679160e-15
1.125149527265701437e+02 8.617873341015604714e-15
1.126705364437186034e+02 8.681690970626853224e-15
1.128263352993215989e+02 8.743723727556712525e-15
1.129823495908688358e+02 8.803862133051862883e-15
1.131385796162613815e+02 8.861996106434022066e-15
1.132950256738121340e+02 8.918015165944461933e-15
1.134516880622468307e+02 8.971808639603106316e-15
1.136085670807039349e+02 9.023265885828659275e-15
1.137656630287356592e+02 9.072276523514951012e-15
1.139229762063084621e+02 9.118730671199970683e-15
1.140805069138034327e+02 9.162519194909160086e-15
1.142382554520173983e+02 9.203533964193888246e-15
1.143962221221627544e+02 9.241668115829522439e-15
1.145544072258685731e+02 9.276816324575432507e-15
1.147128110651809436e+02 9.308875080340315393e-15
1.148714339425635416e+02 9.337742971036651985e-15
1.150302761608986515e+02 9.363320970346839152e-15
1.151893380234869824e+02 9.385512729567062128e-15
1.153486198340487761e+02 9.404224872635541202e-15
1.155081218967242904e+02 9.419367293397470439e-15
1.156678445160741830e+02 9.430853454103734862e-15
1.158277879970805913e+02 9.438600684089984902e-15
1.159879526451470895e+02 9.442530477534690490e-15
1.161483387660996129e+02 9.442568789148355372e-15
1.163089466661870119e+02 9.438646326606891045e-15
1.164697766520815065e+02 9.430698838503399319e-15
1.166308290308797098e+02 9.418667396562776192e-15
1.167921041101025423e+02 9.402498670834705838e-15
1.169536021976962701e+02 9.382145196560937704e-15
1.171153236020329729e+02 9.357565631397442163e-15
1.172772686319110562e+02 9.328725001663002941e-15
1.174394375965562460e+02 9.295594936284564478e-15
1.176018308056215318e+02 9.258153887115494663e-15
1.177644485691881897e+02 9.216387334315160214e-15
1.179272911977661380e+02 9.170287975499564836e-15
1.180903590022950596e+02 9.119855897401287663e-15
1.182536522941442030e+02 9.065098728814892639e-15
1.184171713851135195e+02 9.006031773647482010e-15
1.185809165874340891e+02 8.942678122949427803e-15
1.187448882137686326e+02 8.875068744862352743e-15
1.189090865772125909e+02 8.803242551490129237e-15
1.190735119912939410e+02 8.727246441780007652e-15
1.192381647699743752e+02 8.647135319586100051e-15
1.194030452276496845e+02 8.562972086182045751e-15
1.195681536791502992e+02 8.474827606593197816e-15
1.197334904397423543e+02 8.382780649226513197e-15
1.198990558251275758e+02 8.286917798394327041e-15
1.200648501514443325e+02 8.187333339447497451e-15
1.202308737352681760e+02 8.084129116363982355e-15
1.203971268936122385e+02 7.977414361771157995e-15
1.205636099439284408e+02 7.867305499514804454e-15
1.207303232041072647e+02 7.753925920031447252e-15
1.208972669924789045e+02 7.637405728921765557e-15
1.210644416278137356e+02 7.517881469266593186e-15
1.212318474293227695e+02 7.395496133294919234e-15
1.213994847166588471e+02 7.270432720070583717e-15
1.215673538099163977e+02 7.142940911422108640e-15
1.217354550296326039e+02 7.013275267336207929e-15
1.219037886967879132e+02 6.881687072383106732e-15
1.220723551328064502e+02 6.748423684001845857e-15
1.222411546595571963e+02 6.613727922940631933e-15
1.224101875993538471e+02 6.477837506839937616e-15
1.225794542749558929e+02 6.340984527653014874e-15
1.227489550095691300e+02 6.203394973317237319e-15
1.229186901268461440e+02 6.065288293823150388e-15
1.230886599508874895e+02 5.926877011572121219e-15
1.232588648062414194e+02 5.788366375677386660e-15
1.234293050179051789e+02 5.649954059634354582e-15
1.235999809113253605e+02 5.511829901582901756e-15
1.237708928123984577e+02 5.374175686194535860e-15
1.239420410474720029e+02 5.237164967038516744e-15
1.241134259433444100e+02 5.100962928133420427e-15
1.242850478272661121e+02 4.965726283244966919e-15
1.244569070269400584e+02 4.831603211374280966e-15
1.246290038705221974e+02 4.698733326775384246e-15
1.248013386866226568e+02 4.567247681753047563e-15
1.249739118043055583e+02 4.437268800423466685e-15
1.251467235530901831e+02 4.308910741560362832e-15
1.253197742629514551e+02 4.182279188613206134e-15
1.254930642643204521e+02 4.057471564955451994e-15
1.256665938880855862e+02 3.934577172409113211e-15
1.258403634655923895e+02 3.813677351091425903e-15
1.260143733286447230e+02 3.694845658639923798e-15
1.261886238095052448e+02 3.578148066898501376e-15
1.263631152408959366e+02 3.463643174174007642e-15
1.265378479559992826e+02 3.351382431218832298e-15
1.267128222884580424e+02 3.241410379143745011e-15
1.268880385723765016e+02 3.133764897518830278e-15
1.270634971423209123e+02 3.028477460987639971e-15
1.272391983333200471e+02 2.925573402784945736e-15
1.274151424808663364e+02 2.825072183623378529e-15
1.275913299209157401e+02 2.726987664489014353e-15
1.277677609898888704e+02 2.631328381966556872e-15
1.279444360246715888e+02 2.538097824797127026e-15
1.281213553626154180e+02 2.447294710453193800e-15
1.282985193415387926e+02 2.358913260599619200e-15
1.284759282997268599e+02 2.272943474396850340e-15
1.286535825759326599e+02 2.189371398680528433e-15
1.288314825093777074e+02 2.108179394140853543e-15
1.290096284397524187e+02 2.029346396702347229e-15
1.291880207072173050e+02 1.952848173387625605e-15
1.293666596524028876e+02 1.878657572024761481e-15
1.295455456164108341e+02 1.806744764233686494e-15
1.297246789408144423e+02 1.737077481201209226e-15
1.299040599676592649e+02 1.669621241821804126e-15
1.300836890394641330e+02 1.604339572849885086e-15
1.302635664992212412e+02 1.541194220771886721e-15
1.304436926903970573e+02 1.480145355166328807e-15
1.306240679569330609e+02 1.421151763376847598e-15
1.308046926432462271e+02 1.364171036375671309e-15
1.309855670942301344e+02 1.309159745745271019e-15
1.311666916552548514e+02 1.256073611750407661e-15
1.313480666721682439e+02 1.204867662515724384e-15
1.315296924912961742e+02 1.155496384363117291e-15
1.317115694594438651e+02 1.107913863397083536e-15
1.318936979238956724e+02 1.062073918459843750e-15
1.320760782324163074e+02 1.017930225604938888e-15
1.322587107332513483e+02 9.754364342651401549e-16
1.324415957751278086e+02 9.345462753117369746e-16
1.326247337072553023e+02 8.952136612224663262e-16
1.328081248793259306e+02 8.573927785923198272e-16
1.329917696415155035e+02 8.210381732354642510e-16
1.331756683444840235e+02 7.861048281381425336e-16
1.333598213393761966e+02 7.525482345323972685e-16
1.335442289778227689e+02 7.203244563675617954e-16
1.337288916119402700e+02 6.893901884617887925e-16
1.339138095943322639e+02 6.597028086193239469e-16
1.340989832780899178e+02 6.312204240010980277e-16
1.342844130167924561e+02 6.039019120368377359e-16
1.344700991645085253e+02 5.777069561645773387e-16
1.346560420757958809e+02 5.525960766826184819e-16
1.348422421057026952e+02 5.285306569937147030e-16
1.350286996097681254e+02 5.054729655177673427e-16
1.352154149440228252e+02 4.833861735432827965e-16
1.354023884649901959e+02 4.622343692814630085e-16
1.355896205296861297e+02 4.419825683801647181e-16
1.357771114956204315e+02 4.225967211466339804e-16
1.359648617207972165e+02 4.040437167206989306e-16
1.361528715637155074e+02 3.862913844308908038e-16
1.363411413833704842e+02 3.693084925574774952e-16
1.365296715392533144e+02 3.530647447174592073e-16
1.367184623913523751e+02 3.375307740770599000e-16
1.369075143001538777e+02 3.226781355880918506e-16
1.370968276266423231e+02 3.084792964352745483e-16
1.372864027323018377e+02 2.949076248720436821e-16
1.374762399791159453e+02 2.819373776134411375e-16
1.376663397295688753e+02 2.695436859449494745e-16
1.378567023466460739e+02 2.577025406975155582e-16
1.380473281938348293e+02 2.463907762300930995e-16
1.382382176351253804e+02 2.355860535519634401e-16
1.384293710350109734e+02 2.252668427091093621e-16
1.386207887584889420e+02 2.154124045503790089e-16
1.388124711710613042e+02 2.060027719812737521e-16
1.390044186387354443e+02 1.970187308056330757e-16
1.391966315280252218e+02 1.884418002478628403e-16
1.393891102059508285e+02 1.802542132416124276e-16
1.395818550400402103e+02 1.724388965635158794e-16
1.397748663983294648e+02 1.649794508845538460e-16
1.399681446493634667e+02 1.578601308052159803e-16
1.401616901621971465e+02 1.510658249347158138e-16
1.403555033063953204e+02 1.445820360690519264e-16
1.405495844520339688e+02 1.383948615173721310e-16
1.407439339697008336e+02 1.324909736210971270e-16
1.409385522304959295e+02 1.268576005056246301e-16
1.411334396060328515e+02 1.214825070999638486e-16
1.413285964684386329e+02 1.163539764556706381e-16
1.415240231903550523e+02 1.114607913923178745e-16
1.417197201449391173e+02 1.067922164934231494e-16
1.419156877058637178e+02 1.023379804732699597e-16
1.421119262473188769e+02 9.808825893187959807e-17
1.423084361440116083e+02 9.403365751269552430e-17
1.425052177711671959e+02 9.016519547467140800e-17
1.427022715045298185e+02 8.647428968819389654e-17
1.428995977203630048e+02 8.295273906186435985e-17
1.430971967954511399e+02 7.959270940519304260e-17
1.432950691070990388e+02 7.638671873039794682e-17
1.434932150331334810e+02 7.332762299466148923e-17
1.436916349519036658e+02 7.040860228281413070e-17
1.438903292422818367e+02 6.762314742888254030e-17
1.440892982836645615e+02 6.496504707376773216e-17
1.442885424559726175e+02 6.242837515514321084e-17
1.444880621396522429e+02 6.000747882466574457e-17
1.446878577156757615e+02 5.769696678676590492e-17
1.448879295655421799e+02 5.549169805240657192e-17
1.450882780712784097e+02 5.338677110061655874e-17
1.452889036154392386e+02 5.137751343997293737e-17
1.454898065811085814e+02 4.945947156171932651e-17
1.456909873518999063e+02 4.762840127577763372e-17
1.458924463119576274e+02 4.588025842058090782e-17
1.460941838459568203e+02 4.421118993739103392e-17
1.462962003391047290e+02 4.261752529948585193e-17
1.464984961771411918e+02 4.109576828650799451e-17
1.467010717463392950e+02 3.964258909411647667e-17
1.469039274335067091e+02 3.825481676903194564e-17
1.471070636259855462e+02 3.692943195953752756e-17
1.473104807116536676e+02 3.566355997150130564e-17
1.475141790789252809e+02 3.445446412006855573e-17
1.477181591167515364e+02 3.329953936720523739e-17
1.479224212146218633e+02 3.219630623540865311e-17
1.481269657625638558e+02 3.114240498803026593e-17
1.483317931511445238e+02 3.013559006677803741e-17
1.485369037714710032e+02 2.917372477716882919e-17
1.487422980151910679e+02 2.825477621285313133e-17
1.489479762744944651e+02 2.737681040995617693e-17
1.491539389421129158e+02 2.653798772276861659e-17
1.493601864113212230e+02 2.573655841235027350e-17
1.495667190759380958e+02 2.497085843982754790e-17
1.497735373303266044e+02 2.423930545640541066e-17
1.499806415693956581e+02 2.354039498234095659e-17
1.501880321885996921e+02 2.287269676738946613e-17
1.503957095839402029e+02 2.223485132543788528e-17
1.506036741519662314e+02 2.162556663633220978e-17
1.508119262897749877e+02 2.104361500811518302e-17
1.510204663950133011e+02 2.048783009315819023e-17
1.512292948658773355e+02 1.995710405190822265e-17
1.514384121011140962e+02 1.945038485821482066e-17
1.516478185000218843e+02 1.896667374045186591e-17
1.518575144624510358e+02 1.850502275288294669e-17
1.520675003888052856e+02 1.806453247195877893e-17
1.522777766800415407e+02 1.764434981248204477e-17
1.524883437376712720e+02 1.724366595878790469e-17
1.526992019637612259e+02 1.686170599604800134e-17
1.529103517609338780e+02 1.649762489636084640e-17
1.531217935323689971e+02 1.615054801825802093e-17
1.533335276818033321e+02 1.581965131640556392e-17
1.535455546135320901e+02 1.550415975183159048e-17
1.537578747324095332e+02 1.520334411342385376e-17
1.539704884438495753e+02 1.491651806639740204e-17
1.541833961538272320e+02 1.464303541025650119e-17
1.543965982688783924e+02 1.438228753022393607e-17
1.546100951961012413e+02 1.413370102740777812e-17
1.548238873431569687e+02 1.389673551418099329e-17
1.550379751182702250e+02 1.367088156233717769e-17
1.552523589302306561e+02 1.345565879258773727e-17
1.554670391883927039e+02 1.325061409488037818e-17
1.556820163026770274e+02 1.305531996985083748e-17
1.558972906835711001e+02 1.286937298249157690e-17
1.561128627421298347e+02 1.269239231981812815e-17
1.563287328899770614e+02 1.252401844495781118e-17
1.565449015393052719e+02 1.236391184067430498e-17
1.567613691028771257e+02 1.221175183588306186e-17
1.569781359940260472e+02 1.206723550920657878e-17
1.571952026266568510e+02 1.193007666407402036e-17
1.574125694152471056e+02 1.180000487028715864e-17
1.576302367748471340e+02 1.167676456736287933e-17
1.578482051210812642e+02 1.156011422530604384e-17
1.580664748701485962e+02 1.144982555880063916e-17
1.582850464388235139e+02 1.134568279110046820e-17
1.585039202444573050e+02 1.124748196417568078e-17
1.587230967049777348e+02 1.115503029192549098e-17
1.589425762388907799e+02 1.106814555349988003e-17
1.591623592652809975e+02 1.098665552398758035e-17
1.593824462038123499e+02 1.091039743992386385e-17
1.596028374747295970e+02 1.083921749725919831e-17
1.598235334988580973e+02 1.077297037958942636e-17
1.600445346976052861e+02 1.071151881461289126e-17
1.602658414929612718e+02 1.065473315691473708e-17
1.604874543074996041e+02 1.060249099531785956e-17
1.607093735643785806e+02 1.055467678315714268e-17
1.609315996873411621e+02 1.051118148994977393e-17
1.611541331007164786e+02 1.047190227303557175e-17
1.613769742294201421e+02 1.043674216786313452e-17
1.616001234989558952e+02 1.040560979567955827e-17
1.618235813354153549e+02 1.037841908747189253e-17
1.620473481654794625e+02 1.035508902307809079e-17
1.622714244164192507e+02 1.033554338446179994e-17
1.624958105160962987e+02 1.031971052220567118e-17
1.627205068929643801e+02 1.030752313434336921e-17
1.629455139760692646e+02 1.029891805670360423e-17
1.631708321950500817e+02 1.029383606399280110e-17
1.633964619801401454e+02 1.029222168089143941e-17
1.636224037621674370e+02 1.029402300248450704e-17
1.638486579725562251e+02 1.029919152338666300e-17
1.640752250433268671e+02 1.030768197496347365e-17
1.643021054070972582e+02 1.031945217008353413e-17
1.645292994970834570e+02 1.033446285487313402e-17
1.647568077471004528e+02 1.035267756697215366e-17
1.649846305915636435e+02 1.037406249982162803e-17
1.652127684654885513e+02 1.039858637253949795e-17
1.654412218044924145e+02 1.042622030496493953e-17
1.656699910447948980e+02 1.045693769747718627e-17
1.658990766232185763e+02 1.049071411521409977e-17
1.661284789771906958e+02 1.052752717633734562e-17
1.663581985447427769e+02 1.056735644400919224e-17
1.665882357645122340e+02 1.061018332176495846e-17
1.668185910757430293e+02 1.065599095197931490e-17
1.670492649182862976e+02 1.070476411714234009e-17
1.672802577326019673e+02 1.075648914367408621e-17
1.675115699597584467e+02 1.081115380802121623e-17
1.677432020414343015e+02 1.086874724479099143e-17
1.679751544199187094e+02 1.092925985669059638e-17
1.682074275381124266e+02 1.099268322605100506e-17
1.684400218395290381e+02 1.105901002772615354e-17
1.686729377682949291e+02 1.112823394316439852e-17
1.689061757691508490e+02 1.120034957546751261e-17
1.691397362874524219e+02 1.127535236525012685e-17
1.693736197691710004e+02 1.135323850713253467e-17
1.696078266608951139e+02 1.143400486670099599e-17
1.698423574098303561e+02 1.151764889777940565e-17
1.700772124638007767e+02 1.160416855986731605e-17
1.703123922712497347e+02 1.169356223560245442e-17
1.705478972812405516e+02 1.178582864811691497e-17
1.707837279434579898e+02 1.188096677816184344e-17
1.710198847082080533e+02 1.197897578088124190e-17
1.712563680264196933e+02 1.207985490212953611e-17
1.714931783496452908e+02 1.218360339422296573e-17
1.717303161300615670e+02 1.229022043103380561e-17
1.719677818204709752e+02 1.239970502233766064e-17
1.722055758743015019e+02 1.251205592732924570e-17
1.724436987456084580e+02 1.262727156723461328e-17
1.726821508890748476e+02 1.274534993695247359e-17
1.729209327600123345e+02 1.286628851566407905e-17
1.731600448143626636e+02 1.299008417635804137e-17
1.733994875086975469e+02 1.311673309422881706e-17
1.736392613002201699e+02 1.324623065390813328e-17
1.738793666467660159e+02 1.337857135550501192e-17
1.741198040068033492e+02 1.351374871942880771e-17
1.743605738394350340e+02 1.365175518998937024e-17
1.746016766043982216e+02 1.379258203776577869e-17
1.748431127620659140e+02 1.393621926075276740e-17
1.750848827734477595e+02 1.408265548429899552e-17
1.753269871001906495e+02 1.423187785986212087e-17
1.755694262045803953e+02 1.438387196261507509e-17
1.758122005495415863e+02 1.453862168794683646e-17
1.760553105986389824e+02 1.469610914691522108e-17
1.762987568160784235e+02 1.485631456071645134e-17
1.765425396667074835e+02 1.501921615424609843e-17
1.767866596160170332e+02 1.518479004884226570e-17
1.770311171301410411e+02 1.535301015431060047e-17
1.772759126758582795e+02 1.552384806033876755e-17
1.775210467205929774e+02 1.569727292742899038e-17
1.777665197324154462e+02 1.587325137748057829e-17
1.780123321800438703e+02 1.605174738417593804e-17
1.782584845328439656e+02 1.623272216332316716e-17
1.785049772608306853e+02 1.641613406334020472e-17
1.787518108346689303e+02 1.660193845606070481e-17
1.789989857256742312e+02 1.679008762806658872e-17
1.792465024058143399e+02 1.698053067276103246e-17
1.794943613477092015e+02 1.717321338341094885e-17
1.797425630246323465e+02 1.736807814740119698e-17
1.799911079105116869e+02 1.756506384195686805e-17
1.802399964799308805e+02 1.776410573160471355e-17
1.804892292081294158e+02 1.796513536765402970e-17
1.807388065710040621e+02 1.816808048999884216e-17
1.809887290451095794e+02 1.837286493154876012e-17
1.812389971076596566e+02 1.857940852561419457e-17
1.814896112365283329e+02 1.878762701658270441e-17
1.817405719102498836e+02 1.899743197423414201e-17
1.819918796080204686e+02 1.920873071206075639e-17
1.822435348096989571e+02 1.942142620996009098e-17
1.824955379958074957e+02 1.963541704168959988e-17
1.827478896475332419e+02 1.985059730747693858e-17
1.830005902467282226e+02 2.006685657218947759e-17
1.832536402759109251e+02 2.028407980947868865e-17
1.835070402182670080e+02 2.050214735232076308e-17
1.837607905576501821e+02 2.072093485038438061e-17
1.840148917785837170e+02 2.094031323465618035e-17
1.842693443662602704e+02 2.116014868977105774e-17
1.845241488065437068e+02 2.138030263448565703e-17
1.847793055859696949e+02 2.160063171074532298e-17
1.850348151917464463e+02 2.182098778178785803e-17
1.852906781117564492e+02 2.204121793973588628e-17
1.855468948345563263e+02 2.226116452311767306e-17
1.858034658493783979e+02 2.248066514475884598e-17
1.860603916461315350e+02 2.269955273048176015e-17
1.863176727154017556e+02 2.291765556903623029e-17
1.865753095484541291e+02 2.313479737368205599e-17
1.868333026372324355e+02 2.335079735582725814e-17
1.870916524743608704e+02 2.356547031111515685e-17
1.873503595531448411e+02 2.377862671833774830e-17
1.876094243675717053e+02 2.399007285152933570e-17
1.878688474123124763e+02 2.419961090558107290e-17
1.881286291827215678e+02 2.440703913568790044e-17
1.883887701748386121e+02 2.461215201091784208e-17
1.886492708853891145e+02 2.481474038216172409e-17
1.889101318117852486e+02 2.501459166469457076e-17
1.891713534521276756e+02 2.521149003554667070e-17
1.894329363052050894e+02 2.540521664583853966e-17
1.896948808704961777e+02 2.559554984820913118e-17
1.899571876481703327e+02 2.578226543941649265e-17
1.902198571390883046e+02 2.596513691814626663e-17
1.904828898448040206e+02 2.614393575802442319e-17
1.907462862675644431e+02 2.631843169577325265e-17
1.910100469103111038e+02 2.648839303441255353e-17
1.912741722766810994e+02 2.665358696133413050e-17
1.915386628710076877e+02 2.681377988104661209e-17
1.918035191983221068e+02 2.696873776231378447e-17
1.920687417643534047e+02 2.711822649935499648e-17
1.923343310755300593e+02 2.726204023709837040e-17
1.926002876389809160e+02 2.740008925030393847e-17
1.928666119625357851e+02 2.753231712148928372e-17
1.931333045547273457e+02 2.765867187016746070e-17
1.934003659247908615e+02 2.777910597403580245e-17
1.936677965826659431e+02 2.789357638431599257e-17
1.939355970389973720e+02 2.800204453527960687e-17
1.942037678051357545e+02 2.810447634801658206e-17
1.944723093931395113e+02 2.820084222851372001e-17
1.947412223157743938e+02 2.829111706011397258e-17
1.950105070865155312e+02 2.837528019044562035e-17
1.952801642195479417e+02 2.845331541291286562e-17
1.955501942297675555e+02 2.852521094284667517e-17
1.958205976327828637e+02 2.859095938843269831e-17
1.960913749449146906e+02 2.865055771652636779e-17
1.963625266831980696e+02 2.870400721348411930e-17
1.966340533653829539e+02 2.875131344114498995e-17
1.969059555099350405e+02 2.879248618809291795e-17
1.971782336360375609e+02 2.882753941635578407e-17
1.974508882635910538e+02 2.885649120368020669e-17
1.977239199132151555e+02 2.887936368154532323e-17
1.979973291062494525e+02 2.889618296907346567e-17
1.982711163647541639e+02 2.890697910300210900e-17
1.985452822115120171e+02 2.891178596388595817e-17
1.988198271700281339e+02 2.891064119870243334e-17
1.990947517645315656e+02 2.890358614003524903e-17
1.993700565199762025e+02 2.889066572201436364e-17
1.996457419620423366e+02 2.887192839319267731e-17
1.999218086171366338e+02 2.884742602654161873e-17
2.001982570123937819e+02 2.881721382674978285e-17
2.004750876756774858e+02 2.878135023500684034e-17
2.007523011355810922e+02 2.873989683146378322e-17
2.010298979214294661e+02 2.869291823554552754e-17
2.013078785632789049e+02 2.864048200431284796e-17
2.015862435919187874e+02 2.858265852904671278e-17
2.018649935388724543e+02 2.851952093024872197e-17
2.021441289363980331e+02 2.845114495123275666e-17
2.024236503174902850e+02 2.837760885049454750e-17
2.027035582158803777e+02 2.829899329303421513e-17
2.029838531660376759e+02 2.821538124081101423e-17
2.032645357031706510e+02 2.812685784250441625e-17
2.035456063632275630e+02 2.803351032275271965e-17
2.038270656828985068e+02 2.793542787103561276e-17
2.041089141996149863e+02 2.783270153037174252e-17
2.043911524515518749e+02 2.772542408598649141e-17
2.046737809776283257e+02 2.761368995411089951e-17
2.049568003175083390e+02 2.749759507106616639e-17
2.052402110116028666e+02 2.737723678278200198e-17
2.055240136010695267e+02 2.725271373489289809e-17
2.058082086278143947e+02 2.712412576355809973e-17
2.060927966344928848e+02 2.699157378713364170e-17
2.063777781645106302e+02 2.685515969883464907e-17
2.066631537620252459e+02 2.671498626051022741e-17
2.069489239719462148e+02 2.657115699765218376e-17
2.072350893399366782e+02 2.642377609575658867e-17
2.075216504124143455e+02 2.627294829814437034e-17
2.078086077365522613e+02 2.611877880534935999e-17
2.080959618602807950e+02 2.596137317617457156e-17
2.083837133322872148e+02 2.580083723050932991e-17
2.086718627020178758e+02 2.563727695399534415e-17
2.089604105196787884e+02 2.547079840463177025e-17
2.092493573362366135e+02 2.530150762139009708e-17
2.095387037034204525e+02 2.512951053491545253e-17
2.098284501737218193e+02 2.495491288038481854e-17
2.101185973003962886e+02 2.477782011257751419e-17
2.104091456374645190e+02 2.459833732322231904e-17
2.107000957397130492e+02 2.441656916066770854e-17
2.109914481626961731e+02 2.423261975192343008e-17
2.112832034627358269e+02 2.404659262711758956e-17
2.115753621969233791e+02 2.385859064639984160e-17
2.118679249231205404e+02 2.366871592932731289e-17
2.121608921999601876e+02 2.347706978675917425e-17
2.124542645868483248e+02 2.328375265527689245e-17
2.127480426439639132e+02 2.308886403415686323e-17
2.130422269322606610e+02 2.289250242489636813e-17
2.133368180134679335e+02 2.269476527331228728e-17
2.136318164500916907e+02 2.249574891420987470e-17
2.139272228054163349e+02 2.229554851862228341e-17
2.142230376435045685e+02 2.209425804362031035e-17
2.145192615291991842e+02 2.189197018468169901e-17
2.148158950281240891e+02 2.168877633060713171e-17
2.151129387066851564e+02 2.148476652097225549e-17
2.154103931320720164e+02 2.128002940609278167e-17
2.157082588722580851e+02 2.107465220948250909e-17
2.160065364960022407e+02 2.086872069278134783e-17
2.163052265728499037e+02 2.066231912312115435e-17
2.166043296731338614e+02 2.045553024290180777e-17
2.169038463679761151e+02 2.024843524194428126e-17
2.172037772292878230e+02 2.004111373198104357e-17
2.175041228297711768e+02 1.983364372345337643e-17
2.178048837429202820e+02 1.962610160456309924e-17
2.181060605430220107e+02 1.941856212255015418e-17
2.184076538051580485e+02 1.921109836713907813e-17
2.187096641052046664e+02 1.900378175611664083e-17
2.190120920198345402e+02 1.879668202298887109e-17
2.193149381265179159e+02 1.858986720666863254e-17
2.196182030035232344e+02 1.838340364314459615e-17
2.199218872299192640e+02 1.817735595907669419e-17
2.202259913855747868e+02 1.797178706727000002e-17
2.205305160511606744e+02 1.776675816396731738e-17
2.208354618081507681e+02 1.756232872790927113e-17
2.211408292388226471e+02 1.735855652110769595e-17
2.214466189262598448e+02 1.715549759127138372e-17
2.217528314543513943e+02 1.695320627583489775e-17
2.220594674077940169e+02 1.675173520752548413e-17
2.223665273720926905e+02 1.655113532141803352e-17
2.226740119335626389e+02 1.635145586341785037e-17
2.229819216793292753e+02 1.615274440011320208e-17
2.232902571973300212e+02 1.595504682994395929e-17
2.235990190763153009e+02 1.575840739562547723e-17
2.239082079058494514e+02 1.556286869777371805e-17
2.242178242763126548e+02 1.536847170967375624e-17
2.245278687789008814e+02 1.517525579313881632e-17
2.248383420056277942e+02 1.498325871539919940e-17
2.251492445493256298e+02 1.479251666697056199e-17
2.254605770036461649e+02 1.460306428044688460e-17
2.257723399630628478e+02 1.441493465016157262e-17
2.260845340228703719e+02 1.422815935266933909e-17
2.263971597791868362e+02 1.404276846799065729e-17
2.267102178289546544e+02 1.385879060157243881e-17
2.270237087699414644e+02 1.367625290691428069e-17
2.273376332007421752e+02 1.349518110880694724e-17
2.276519917207786818e+02 1.331559952714221824e-17
2.279667849303020830e+02 1.313753110123970601e-17
2.282820134303933628e+02 1.296099741464934024e-17
2.285976778229645561e+02 1.278601872038245390e-17
2.289137787107606243e+02 1.261261396652863903e-17
2.292303166973593420e+02 1.244080082221604210e-17
2.295472923871733428e+02 1.227059570387076247e-17
2.298647063854509724e+02 1.210201380174035586e-17
2.301825592982773401e+02 1.193506910663741932e-17
2.305008517325762796e+02 1.176977443686689446e-17
2.308195842961102073e+02 1.160614146530328041e-17
2.311387575974821971e+02 1.144418074657779899e-17
2.314583722461368041e+02 1.128390174434534875e-17
2.317784288523611451e+02 1.112531285859546425e-17
2.320989280272869166e+02 1.096842145297699255e-17
2.324198703828901955e+02 1.081323388210717126e-17
2.327412565319935140e+02 1.065975551883391106e-17
2.330630870882667409e+02 1.050799078142320887e-17
2.333853626662281897e+02 1.035794316064835864e-17
2.337080838812465515e+02 1.020961524675030352e-17
2.340312513495407529e+02 1.006300875624930166e-17
2.343548656881820591e+02 9.918124558582808395e-18
2.346789275150950118e+02 9.774962702546805709e-18
2.350034374490583104e+02 9.633522442521416798e-18
2.353283961097071142e+02 9.493802264460504821e-18
2.356538041175326157e+02 9.355799911625563632e-18
2.359796620938842580e+02 9.219512410049363561e-18
2.363059706609706723e+02 9.084936093707712498e-18
2.366327304418606445e+02 8.952066629390765745e-18
2.369599420604852753e+02 8.820899041252932053e-18
2.372876061416376388e+02 8.691427735032325518e-18
2.376157233109750280e+02 8.563646521926563783e-18
2.379442941950199497e+02 8.437548642111079749e-18
2.382733194211609202e+02 8.313126787893384757e-18
2.386027996176547674e+02 8.190373126489106868e-18
2.389327354136263182e+02 8.069279322416456196e-18
2.392631274390706153e+02 7.949836559495809892e-18
2.395939763248538270e+02 7.832035562450783702e-18
2.399252827027142132e+02 7.715866618103710386e-18
2.402570472052643424e+02 7.601319596159445217e-18
2.405892704659908361e+02 7.488383969573238403e-18
2.409219531192564716e+02 7.377048834499050606e-18
2.412550958003012909e+02 7.267302929813786392e-18
2.415886991452434245e+02 7.159134656215401040e-18
2.419227637910813939e+02 7.052531988860562764e-18
2.422572903756937706e+02 6.947477370210328824e-18
2.425922795378415060e+02 6.843945814255403787e-18
2.429277319171686997e+02 6.741912245805329311e-18
2.432636481542037643e+02 6.641352098753390153e-18
2.436000288903615854e+02 6.542241304392091173e-18
2.439368747679431806e+02 6.444556280015267426e-18
2.442741864301380303e+02 6.348273917797819355e-18
2.446119645210249871e+02 6.253371573948804472e-18
2.449502096855732418e+02 6.159827058127204310e-18
2.452889225696446545e+02 6.067618623114851559e-18
2.456281038199933846e+02 5.976724954740677188e-18
2.459677540842681367e+02 5.887125162047637841e-18
2.463078740110129843e+02 5.798798767697014870e-18
2.466484642496694732e+02 5.711725698603218670e-18
2.469895254505765081e+02 5.625886276794436044e-18
2.473310582649724552e+02 5.541261210490962342e-18
2.476730633449962795e+02 5.457831585397115381e-18
2.480155413436883691e+02 5.375578856201181383e-18
2.483584929149929508e+02 5.294484838276604413e-18
2.487019187137577205e+02 5.214531699580763912e-18
2.490458193957361743e+02 5.135701952745299045e-18
2.493901956175885175e+02 5.057978447353155820e-18
2.497350480368827732e+02 4.981344362398064454e-18
2.500803773120969709e+02 4.905783198920314815e-18
2.504261841026189188e+02 4.831278772816914820e-18
2.507724690687484781e+02 4.757815207818623720e-18
2.511192328716985571e+02 4.685376928631810321e-18
2.514664761735960781e+02 4.613948654240204227e-18
2.518141996374843927e+02 4.543515391362186718e-18
2.521624039273228561e+02 4.474062428060383408e-18
2.525110897079892140e+02 4.405575327499012691e-18
2.528602576452806261e+02 4.338039921845813770e-18
2.532099084059145753e+02 4.271442306314899579e-18
2.535600426575313406e+02 4.205768833346316084e-18
2.539106610686935426e+02 4.141006106920148579e-18
2.542617643088885586e+02 4.077140977000897887e-18
2.546133530485295751e+02 4.014160534108724498e-18
2.549654279589564680e+02 3.952052104015755670e-18
2.553179897124382762e+02 3.890803242562721542e-18
2.556710389821728029e+02 3.830401730594377993e-18
2.560245764422890602e+02 3.770835569009870536e-18
2.563786027678482355e+02 3.712092973925586386e-18
2.567331186348446295e+02 3.654162371948312244e-18
2.570881247202082136e+02 3.597032395554604805e-18
2.574436217018040907e+02 3.540691878575847822e-18
2.577996102584349956e+02 3.485129851784546073e-18
2.581560910698423754e+02 3.430335538580627853e-18
2.585130648167072991e+02 3.376298350774859406e-18
2.588705321806527877e+02 3.323007884467386047e-18
2.592284938442438147e+02 3.270453916019155484e-18
2.595869504909891816e+02 3.218626398113346407e-18
2.599459028053431098e+02 3.167515455906023087e-18
2.603053514727057518e+02 3.117111383262487322e-18
2.606652971794259770e+02 3.067404639078503406e-18
2.610257406128008597e+02 3.018385843683606246e-18
2.613866824610782373e+02 2.970045775325375563e-18
2.617481234134575061e+02 2.922375366732008779e-18
2.621100641600908148e+02 2.875365701751902988e-18
2.624725053920855657e+02 2.829008012068553102e-18
2.628354478015039035e+02 2.783293673988844119e-18
2.631988920813652157e+02 2.738214205303076951e-18
2.635628389256472133e+02 2.693761262214999505e-18
2.639272890292869533e+02 2.649926636341018702e-18
2.642922430881832838e+02 2.606702251775924484e-18
2.646577017991965022e+02 2.564080162224415923e-18
2.650236658601506861e+02 2.522052548197043517e-18
2.653901359698350007e+02 2.480611714268539289e-18
2.657571128280045514e+02 2.439750086397587525e-18
2.661245971353828281e+02 2.399460209306736134e-18
2.664925895936614779e+02 2.359734743921170207e-18
2.668610909055028060e+02 2.320566464864502349e-18
2.672301017745405147e+02 2.281948258011281647e-18
2.675996229053812385e+02 2.243873118094229092e-18
2.679696550036066469e+02 2.206334146365241111e-18
2.683401987757732172e+02 2.169324548309551853e-18
2.687112549294148494e+02 2.132837631410762745e-18
2.690828241730437185e+02 2.096866802967112960e-18
2.694549072161513550e+02 2.061405567956663881e-18
2.698275047692113162e+02 2.026447526950860227e-18
2.702006175436787885e+02 1.991986374076032586e-18
2.705742462519929177e+02 1.958015895020618061e-18
2.709483916075780598e+02 1.924529965088201088e-18
2.713230543248447475e+02 1.891522547294966601e-18
2.716982351191923044e+02 1.858987690510747377e-18
2.720739347070083909e+02 1.826919527642708013e-18
2.724501538056716186e+02 1.795312273860964864e-18
2.728268931335521756e+02 1.764160224865011825e-18
2.732041534100146123e+02 1.733457755190338137e-18
2.735819353554172721e+02 1.703199316554487522e-18
2.739602396911147935e+02 1.673379436241504173e-18
2.743390671394594165e+02 1.643992715524155856e-18
2.747184184238020066e+02 1.615033828123103875e-18
2.750982942684942714e+02 1.586497518702509881e-18
2.754786953988889877e+02 1.558378601400912441e-18
2.758596225413419916e+02 1.530671958397171125e-18
2.762410764232135989e+02 1.503372538510254960e-18
2.766230577728696289e+02 1.476475355832827882e-18
2.770055673196839621e+02 1.449975488397190377e-18
2.773886057940380852e+02 1.423868076873794378e-18
2.777721739273238768e+02 1.398148323300878890e-18
2.781562724519443464e+02 1.372811489845259823e-18
2.785409021013152255e+02 1.347852897593146442e-18
2.789260636098670716e+02 1.323267925370764260e-18
2.793117577130452673e+02 1.299052008594100129e-18
2.796979851473123517e+02 1.275200638147012408e-18
2.800847466501492704e+02 1.251709359287289088e-18
2.804720429600564557e+02 1.228573770580256142e-18
2.808598748165563848e+02 1.205789522859013784e-18
2.812482429601932381e+02 1.183352318211226298e-18
2.816371481325356285e+02 1.161257908991391144e-18
2.820265910761773966e+02 1.139502096858760497e-18
2.824165725347390890e+02 1.118080731839745772e-18
2.828070932528702883e+02 1.096989711414689224e-18
2.831981539762495004e+02 1.076224979628535551e-18
2.835897554515865977e+02 1.055782526224697482e-18
2.839818984266238999e+02 1.035658385801816242e-18
2.843745836501375379e+02 1.015848636992964103e-18
2.847678118719397844e+02 9.963494016666854475e-19
2.851615838428789402e+02 9.771568441496207539e-19
2.855559003148418924e+02 9.582671704701667583e-19
2.859507620407550803e+02 9.396766276227430943e-19
2.863461697745859738e+02 9.213815028522627116e-19
2.867421242713453466e+02 9.033781229583078320e-19
2.871386262870871633e+02 8.856628536189365227e-19
2.875356765789111364e+02 8.682320987330671773e-19
2.879332759049639208e+02 8.510822997817846785e-19
2.883314250244401364e+02 8.342099352075563625e-19
2.887301246975851541e+02 8.176115198113868646e-19
2.891293756856947539e+02 8.012836041673472611e-19
2.895291787511176267e+02 7.852227740540335196e-19
2.899295346572566814e+02 7.694256499028107773e-19
2.903304441685701818e+02 7.538888862622759723e-19
2.907319080505741908e+02 7.386091712785692402e-19
2.911339270698426276e+02 7.235832261914247814e-19
2.915365019940096545e+02 7.088078048452668040e-19
2.919396335917708143e+02 6.942796932152982533e-19
2.923433226328844512e+02 6.799957089480028161e-19
2.927475698881740414e+02 6.659527009158887919e-19
2.931523761295281361e+02 6.521475487861323997e-19
2.935577421299030334e+02 6.385771626025784696e-19
2.939636686633235740e+02 6.252384823811630350e-19
2.943701565048849602e+02 6.121284777179874560e-19
2.947772064307548590e+02 5.992441474100317462e-19
2.951848192181732884e+02 5.865825190882079112e-19
2.955929956454555168e+02 5.741406488621473034e-19
2.960017364919928582e+02 5.619156209767466460e-19
2.964110425382541507e+02 5.499045474799902812e-19
2.968209145657883141e+02 5.381045679017844996e-19
2.972313533572241226e+02 5.265128489435222853e-19
2.976423596962728197e+02 5.151265841781024899e-19
2.980539343677293687e+02 5.039429937600192126e-19
2.984660781574735324e+02 4.929593241454246093e-19
2.988787918524729434e+02 4.821728478216284681e-19
2.992920762407821940e+02 4.715808630460258876e-19
2.997059321115461330e+02 4.611806935939599206e-19
3.001203602550007759e+02 4.509696885153967926e-19
3.005353614624744409e+02 4.409452219000077080e-19
3.009509365263908194e+02 4.311046926505623919e-19
3.013670862402681223e+02 4.214455242642336783e-19
3.017838113987224347e+02 4.119651646215953699e-19
3.022011127974685110e+02 4.026610857830630466e-19
3.026189912333209691e+02 3.935307837926074746e-19
3.030374475041974165e+02 3.845717784882609629e-19
3.034564824091176547e+02 3.757816133195234599e-19
3.038760967482067485e+02 3.671578551710563782e-19
3.042962913226959927e+02 3.586980941927194697e-19
3.047170669349252989e+02 3.504000047655822314e-19
3.051384243883432532e+02 3.422618420884132278e-19
3.055603644875097302e+02 3.342821288275305179e-19
3.059828880380971441e+02 3.264593298814050167e-19
3.064059958468916420e+02 3.187918530420995643e-19
3.068296887217958329e+02 3.112780529193127650e-19
3.072539674718287870e+02 3.039162347601652577e-19
3.076788329071282533e+02 2.967046581635281284e-19
3.081042858389525350e+02 2.896415406881198205e-19
3.085303270796812853e+02 2.827250613535380946e-19
3.089569574428182932e+02 2.759533640339450362e-19
3.093841777429916533e+02 2.693245607441510298e-19
3.098119887959558696e+02 2.628367348181246174e-19
3.102403914185936742e+02 2.564879439801511655e-19
3.106693864289169369e+02 2.502762233090281278e-19
3.110989746460697916e+02 2.441995880959190746e-19
3.115291568903278971e+02 2.382560365966382096e-19
3.119599339831015641e+02 2.324435526792025757e-19
3.123913067469370617e+02 2.267601083677714444e-19
3.128232760055175277e+02 2.212036662842107318e-19
3.132558425836662650e+02 2.157721819884760382e-19
3.136890073073459462e+02 2.104636062193810286e-19
3.141227710036618532e+02 2.052758870372429088e-19
3.145571345008629009e+02 2.002069718700196966e-19
3.149920986283429443e+02 1.952548094647277548e-19
3.154276642166437910e+02 1.904173517458804094e-19
3.158638320974546900e+02 1.856925555829314817e-19
3.163006031036151171e+02 1.810783844685487938e-19
3.167379780691163660e+02 1.765728101097745407e-19
3.171759578291025718e+02 1.721738139341623546e-19
3.176145432198736671e+02 1.678793885128851467e-19
3.180537350788850404e+02 1.636875389030169896e-19
3.184935342447503785e+02 1.595962839111083810e-19
3.189339415572430312e+02 1.556036572802314320e-19
3.193749578572972609e+02 1.517077088026725553e-19
3.198165839870110858e+02 1.479065053604873769e-19
3.202588207896460517e+02 1.441981318961587154e-19
3.207016691096299610e+02 1.405806923154805562e-19
3.211451297925584640e+02 1.370523103249356603e-19
3.215892036851959688e+02 1.336111302057641233e-19
3.220338916354788239e+02 1.302553175268633894e-19
3.224791944925150347e+02 1.269830597987226930e-19
3.229251131065868208e+02 1.237925670705368865e-19
3.233716483291523218e+02 1.206820724726085699e-19
3.238188010128467340e+02 1.176498327061473445e-19
3.242665720114852093e+02 1.146941284825467237e-19
3.247149621800625141e+02 1.118132649141880596e-19
3.251639723747560993e+02 1.090055718587461171e-19
3.256136034529272365e+02 1.062694042190129119e-19
3.260638562731224397e+02 1.036031422001520583e-19
3.265147316950765344e+02 1.010051915262861297e-19
3.269662305797119188e+02 9.847398361830958517e-20
3.274183537891419746e+02 9.600797573468569620e-20
3.278711021866722035e+02 9.360565107707191096e-20
3.283244766368014780e+02 9.126551886246363747e-20
3.287784780052249971e+02 8.898611436355394724e-20
3.292331071588342866e+02 8.676599891899488185e-20
3.296883649657196429e+02 8.460375991509995088e-20
3.301442522951718956e+02 8.249801074059685140e-20
3.306007700176835442e+02 8.044739071591457874e-20
3.310579190049518843e+02 7.845056499848706414e-20
3.315157001298783825e+02 7.650622446548343277e-20
3.319741142665720304e+02 7.461308557534073062e-20
3.324331622903505377e+02 7.276989020944069878e-20
3.328928450777414696e+02 7.097540549520083019e-20
3.333531635064856573e+02 6.922842361181887645e-20
3.338141184555365157e+02 6.752776157990544585e-20
3.342757108050632269e+02 6.587226103609142292e-20
3.347379414364521608e+02 6.426078799377327853e-20
3.352008112323078990e+02 6.269223259104745498e-20
3.356643210764567016e+02 6.116550882684084700e-20
3.361284718539457685e+02 5.967955428626173236e-20
3.365932644510467071e+02 5.823332985605863279e-20
3.370586997552559865e+02 5.682581943115335630e-20
3.375247786552986327e+02 5.545602961304820405e-20
3.379915020411273190e+02 5.412298940099654953e-20
3.384588708039258336e+02 5.282574987667310936e-20
3.389268858361101593e+02 5.156338388313607067e-20
3.393955480313300654e+02 5.033498569877777421e-20
3.398648582844718931e+02 4.913967070694284954e-20
3.403348174916586686e+02 4.797657506189766392e-20
3.408054265502526050e+02 4.684485535172140688e-20
3.412766863588569777e+02 4.574368825873930303e-20
3.417485978173172043e+02 4.467227021803833286e-20
3.422211618267240283e+02 4.362981707459653078e-20
3.426943792894132912e+02 4.261556373951981322e-20
3.431682511089686614e+02 4.162876384585114797e-20
3.436427781902235665e+02 4.066868940440226295e-20
3.441179614392619897e+02 3.973463046002294426e-20
3.445938017634221069e+02 3.882589474868151188e-20
3.450703000712955486e+02 3.794180735575750581e-20
3.455474572727307532e+02 3.708171037585375632e-20
3.460252742788342744e+02 3.624496257447040721e-20
3.465037520019721455e+02 3.543093905183692550e-20
3.469828913557731198e+02 3.463903090917396667e-20
3.474626932551281584e+02 3.386864491765822838e-20
3.479431586161937275e+02 3.311920319031146776e-20
3.484242883563931059e+02 3.239014285705346038e-20
3.489060833944178626e+02 3.168091574311590568e-20
3.493885446502309833e+02 3.099098805099664303e-20
3.498716730450664159e+02 3.031984004615147177e-20
3.503554695014324238e+02 2.966696574655051234e-20
3.508399349431127803e+02 2.903187261626139191e-20
3.513250702951684730e+02 2.841408126318360952e-20
3.518108764839405467e+02 2.781312514104577868e-20
3.522973544370499894e+02 2.722855025577800497e-20
3.527845050834008021e+02 2.665991487633939702e-20
3.532723293531815898e+02 2.610678925009054352e-20
3.537608281778665855e+02 2.556875532278017218e-20
3.542500024902194014e+02 2.504540646319855077e-20
3.547398532242922329e+02 2.453634719255919044e-20
3.552303813154292129e+02 2.404119291864262163e-20
3.557215877002679463e+02 2.355956967473604542e-20
3.562134733167407603e+02 2.309111386340228127e-20
3.567060391040780019e+02 2.263547200508054507e-20
3.571992860028078667e+02 2.219230049155256551e-20
3.576932149547592417e+02 2.176126534425682286e-20
3.581878269030634101e+02 2.134204197746087682e-20
3.586831227921555296e+02 2.093431496628769686e-20
3.591791035677777586e+02 2.053777781957211351e-20
3.596757701769788582e+02 2.015213275754471235e-20
3.601731235681175463e+02 1.977709049431012605e-20
3.606711646908639182e+02 1.941237002509930333e-20
3.611698944962009250e+02 1.905769841826782320e-20
3.616693139364276135e+02 1.871281061200118188e-20
3.621694239651586713e+02 1.837744921570051676e-20
3.626702255373279513e+02 1.805136431600004454e-20
3.631717196091895516e+02 1.773431328737968388e-20
3.636739071383197484e+02 1.742606060733226765e-20
3.641767890836197807e+02 1.712637767603047385e-20
3.646803664053159650e+02 1.683504264045469176e-20
3.651846400649626503e+02 1.655184022292865558e-20
3.656896110254438099e+02 1.627656155401048447e-20
3.661952802509745197e+02 1.600900400969211504e-20
3.667016487071043116e+02 1.574897105284819000e-20
3.672087173607166619e+02 1.549627207889027802e-20
3.677164871800324590e+02 1.525072226556075056e-20
3.682249591346114244e+02 1.501214242682106851e-20
3.687341341953536471e+02 1.478035887077738663e-20
3.692440133345028244e+02 1.455520326158651054e-20
3.697545975256458632e+02 1.433651248529052820e-20
3.702658877437164620e+02 1.412412851952533496e-20
3.707778849649963604e+02 1.391789830704865097e-20
3.712905901671168749e+02 1.371767363303474828e-20
3.718040043290623089e+02 1.352331100608240540e-20
3.723181284311696686e+02 1.333467154288670594e-20
3.728329634551317326e+02 1.315162085652240873e-20
3.733485103839985868e+02 1.297402894828711815e-20
3.738647702021806367e+02 1.280177010305986178e-20
3.743817438954484373e+02 1.263472278812556572e-20
3.748994324509360467e+02 1.247276955541924408e-20
3.754178368571425040e+02 1.231579694714599619e-20
3.759369581039333070e+02 1.216369540473520677e-20
3.764567971825438804e+02 1.201635918108540059e-20
3.769773550855792337e+02 1.187368625606428428e-20
3.774986328070172021e+02 1.173557825522308410e-20
3.780206313422101516e+02 1.160194037169096702e-20
3.785433516878864566e+02 1.147268129121950546e-20
3.790667948421537972e+02 1.134771312034066048e-20
3.795909618044989315e+02 1.122695131761578472e-20
3.801158535757911068e+02 1.111031462794505445e-20
3.806414711582834229e+02 1.099772501991590469e-20
3.811678155556146521e+02 1.088910762616965540e-20
3.816948877728124785e+02 1.078439068676764558e-20
3.822226888162931004e+02 1.068350549554284023e-20
3.827512196938648117e+02 1.058638634942253328e-20
3.832804814147295360e+02 1.049297049317785314e-20
3.838104749894842485e+02 1.040318584982423297e-20
3.843412014301244994e+02 1.031692678469888411e-20
3.848726617500440739e+02 1.023408513133062484e-20
3.854048569640385722e+02 1.015455711781008866e-20
3.859377880883065473e+02 1.007824315807512839e-20
3.864714561404516644e+02 1.000504765355318994e-20
3.870058621394857141e+02 9.934878804574692945e-21
3.875410071058283279e+02 9.867648431009319901e-21
3.880768920613107298e+02 9.803271801605457728e-21
3.886135180291769871e+02 9.741667471549640792e-21
3.891508860340856586e+02 9.682757127785920757e-21
3.896889971021135466e+02 9.626465441666209020e-21
3.902278522607549007e+02 9.572719928525866009e-21
3.907674525389252835e+02 9.521450813803484573e-21
3.913077989669630483e+02 9.472590905345674006e-21
3.918488925766307602e+02 9.426075471557865995e-21
3.923907344011190617e+02 9.381842125084065205e-21
3.929333254750459332e+02 9.339830711713946879e-21
3.934766668344604454e+02 9.299983204235124137e-21
3.940207595168442367e+02 9.262243600963723292e-21
3.945656045611133891e+02 9.226557828702264361e-21
3.951112030076214410e+02 9.192873649887549618e-21
3.956575558981595577e+02 9.161140573704986818e-21
3.962046642759598285e+02 9.131309770959965390e-21
3.967525291856969147e+02 9.103333992505179409e-21
3.973011516734894712e+02 9.077167491039847649e-21
3.978505327869041821e+02 9.052765946100306378e-21
3.984006735749548511e+02 9.030086392079358709e-21
3.989515750881063809e+02 9.009087149113407363e-21
3.995032383782761940e+02 8.989727756692411516e-21
4.000556644988358244e+02 8.971968909850914772e-21
4.006088545046147260e+02 8.955772397808317369e-21
4.011628094518997045e+02 8.941101044936673839e-21
4.017175303984384414e+02 8.927918653935209164e-21
4.022730184034414265e+02 8.916189951104607138e-21
4.028292745275833227e+02 8.905880533616184488e-21
4.033862998330067171e+02 8.896956818676632952e-21
4.039440953833216668e+02 8.889385994499459690e-21
4.045026622436094499e+02 8.883135972993684634e-21
4.050620014804240441e+02 8.878175344090542759e-21
4.056221141617937747e+02 8.874473331631306049e-21
4.061830013572252369e+02 8.871999750744071991e-21
4.067446641377025003e+02 8.870724966643253078e-21
4.073071035756910874e+02 8.870619854788508027e-21
4.078703207451394519e+02 8.871655762344662755e-21
4.084343167214807409e+02 8.873804470887884074e-21
4.089990925816363756e+02 8.877038160305755405e-21
4.095646494040156540e+02 8.881329373846708368e-21
4.101309882685196158e+02 8.886650984270218132e-21
4.106981102565424635e+02 8.892976161062195996e-21
4.112660164509733249e+02 8.900278338672351133e-21
4.118347079361999477e+02 8.908531185743720714e-21
4.124041857981084718e+02 8.917708575298746239e-21
4.129744511240867837e+02 8.927784555854985730e-21
4.135455050030265056e+02 8.938733323443653721e-21
4.141173485253245303e+02 8.950529194505374200e-21
4.146899827828868297e+02 8.963146579645096911e-21
4.152634088691278293e+02 8.976559958223202788e-21
4.158376278789745584e+02 8.990743853769168050e-21
4.164126409088674450e+02 9.005672810201056941e-21
4.169884490567644093e+02 9.021321368839623080e-21
4.175650534221404655e+02 9.037664046205727134e-21
4.181424551059912460e+02 9.054675312593111329e-21
4.187206552108348205e+02 9.072329571409618495e-21
4.192996548407134014e+02 9.090601139281207263e-21
4.198794551011971521e+02 9.109464226917949418e-21
4.204600570993837323e+02 9.128892920738581830e-21
4.210414619439019930e+02 9.148861165252935899e-21
4.216236707449139658e+02 9.169342746207977161e-21
4.222066846141161705e+02 9.190311274495941386e-21
4.227905046647438212e+02 9.211740170832358164e-21
4.233751320115700310e+02 9.233602651209134905e-21
4.239605677709099609e+02 9.255871713128912377e-21
4.245468130606224122e+02 9.278520122631060203e-21
4.251338690001113605e+02 9.301520402117183060e-21
4.257217367103301626e+02 9.324844818988200207e-21
4.263104173137807038e+02 9.348465375103944557e-21
4.268999119345177178e+02 9.372353797078317432e-21
4.274902216981499805e+02 9.396481527423803995e-21
4.280813477318425839e+02 9.420819716559041527e-21
4.286732911643203465e+02 9.445339215695872644e-21
4.292660531258676997e+02 9.470010570619963798e-21
4.298596347483323257e+02 9.494804016383298952e-21
4.304540371651270902e+02 9.519689472924070206e-21
4.310492615112316912e+02 9.544636541631936722e-21
4.316453089231965237e+02 9.569614502876302781e-21
4.322421805391422254e+02 9.594592314515396735e-21
4.328398774987637694e+02 9.619538611405056552e-21
4.334384009433320557e+02 9.644421705923920387e-21
4.340377520156955029e+02 9.669209589535289553e-21
4.346379318602844251e+02 9.693869935401954589e-21
4.352389416231101222e+02 9.718370102073305376e-21
4.358407824517690869e+02 9.742677138261455342e-21
4.364434554954447094e+02 9.766757788724733250e-21
4.370469619049089260e+02 9.790578501273488097e-21
4.376513028325263122e+02 9.814105434916620806e-21
4.382564794322536841e+02 9.837304469162914053e-21
4.388624928596437940e+02 9.860141214491842426e-21
4.394693442718474330e+02 9.882581024008089213e-21
4.400770348276148525e+02 9.904589006292369635e-21
4.406855656873001976e+02 9.926130039459693275e-21
4.412949380128605412e+02 9.947168786435905098e-21
4.419051529678602037e+02 9.967669711460589444e-21
4.425162117174726291e+02 9.987597097824627524e-21
4.431281154284817489e+02 1.000691506684733459e-20
4.437408652692864734e+02 1.002558759809788475e-20
4.443544624098997815e+02 1.004357855086221666e-20
4.449689080219532116e+02 1.006085168685697732e-20
4.455842032786981690e+02 1.007737069418703883e-20
4.462003493550081998e+02 1.009309921254350817e-20
4.468173474273826287e+02 1.010800085963563360e-20
4.474351986739462745e+02 1.012203925884695403e-20
4.480539042744536573e+02 1.013517806810597445e-20
4.486734654102904756e+02 1.014738100995461473e-20
4.492938832644755962e+02 1.015861190280081204e-20
4.499151590216652039e+02 1.016883469333260337e-20
4.505372938681521191e+02 1.017801349007319821e-20
4.511602889918701180e+02 1.018611259805052070e-20
4.517841455823955812e+02 1.019309655455203885e-20
4.524088648309492555e+02 1.019893016593414272e-20
4.530344479304006313e+02 1.020357854544935705e-20
4.536608960752672033e+02 1.020700715205362198e-20
4.542882104617187338e+02 1.020918183015239544e-20
4.549163922875789581e+02 1.021006885023761849e-20
4.555454427523275172e+02 1.020963495036963728e-20
4.561753630571041640e+02 1.020784737845006534e-20
4.568061544047079678e+02 1.020467393522938211e-20
4.574378179996018048e+02 1.020008301799025301e-20
4.580703550479140631e+02 1.019404366484365485e-20
4.587037667574404054e+02 1.018652559957087149e-20
4.593380543376481455e+02 1.017749927694107682e-20
4.599732189996754528e+02 1.016693592843110005e-20
4.606092619563358426e+02 1.015480760827015709e-20
4.612461844221193132e+02 1.014108723972927583e-20
4.618839876131967799e+02 1.012574866157164343e-20
4.625226727474193353e+02 1.010876667457612987e-20
4.631622410443225704e+02 1.009011708804513475e-20
4.638026937251285062e+02 1.006977676620282014e-20
4.644440320127473001e+02 1.004772367438825587e-20
4.650862571317816219e+02 1.002393692494348857e-20
4.657293703085259722e+02 9.998396822697604733e-21
4.663733727709711161e+02 9.971084909941319122e-21
4.670182657488058453e+02 9.941984010786270674e-21
4.676640504734188539e+02 9.911078274802871079e-21
4.683107281779029449e+02 9.878353219824496519e-21
4.689583000970547459e+02 9.843795773810447355e-21
4.696067674673786883e+02 9.807394315651688129e-21
4.702561315270890532e+02 9.769138714808393693e-21
4.709063935161118479e+02 9.729020369664728197e-21
4.715575546760890120e+02 9.687032244485344766e-21
4.722096162503780192e+02 9.643168904860969063e-21
4.728625794840561412e+02 9.597426551526495318e-21
4.735164456239222091e+02 9.549803052438974550e-21
4.741712159184987740e+02 9.500297973002567798e-21
4.748268916180360861e+02 9.448912604327813992e-21
4.754834739745119236e+02 9.395649989415028222e-21
4.761409642416357428e+02 9.340514947155562697e-21
4.767993636748505537e+02 9.283514094041584214e-21
4.774586735313349095e+02 9.224655863484115974e-21
4.781188950700071700e+02 9.163950522637610996e-21
4.787800295515252174e+02 9.101410186635097675e-21
4.794420782382903781e+02 9.037048830140689994e-21
4.801050423944498675e+02 8.970882296131202151e-21
4.807689232858982677e+02 8.902928301822961726e-21
4.814337221802821887e+02 8.833206441664569407e-21
4.820994403469995859e+02 8.761738187323620597e-21
4.827660790572041947e+02 8.688547965183010451e-21
4.834336395838076328e+02 8.613692105369096099e-21
4.841021232014809357e+02 8.537260834723275942e-21
4.847715311866594448e+02 8.459345565920076330e-21
4.854418648175418980e+02 8.380036990361217867e-21
4.861131253740950342e+02 8.299424954840087924e-21
4.867853141380556394e+02 8.217598344421383197e-21
4.874584323929321386e+02 8.134644971592315915e-21
4.881324814240094270e+02 8.050651471717990617e-21
4.888074625183481317e+02 7.965703204814523272e-21
4.894833769647891017e+02 7.879884163630617668e-21
4.901602260539553413e+02 7.793276888012706405e-21
4.908380110782539987e+02 7.705962385508458846e-21
4.915167333318809710e+02 7.618020058146331124e-21
4.921963941108201084e+02 7.529527635315330718e-21
4.928769947128478748e+02 7.440561112650539292e-21
4.935585364375352810e+02 7.351194696819854895e-21
4.942410205862497605e+02 7.261500756093213938e-21
4.949244484621600009e+02 7.171549776562049272e-21
4.956088213702348639e+02 7.081410323870974922e-21
4.962941406172485017e+02 6.991149010307766029e-21
4.969804075117818343e+02 6.900830467096064005e-21
4.976676233642249372e+02 6.810517321721853181e-21
4.983557894867811910e+02 6.720270180120945516e-21
4.990449071934670542e+02 6.630147613551318484e-21
4.997349778001166101e+02 6.540206149962594175e-21
5.004260026243832158e+02 6.450500269680585497e-21
5.011179829857418895e+02 6.361082405212240095e-21
5.018109202054937441e+02 6.272002944982168641e-21
5.025048156067653053e+02 6.183310240805936114e-21
5.031996705145134001e+02 6.095050618904891499e-21
5.038954862555268051e+02 6.007268394270202445e-21
5.045922641584285202e+02 5.920005888181296852e-21
5.052900055536803166e+02 5.833303448686370416e-21
5.059887117735820539e+02 5.747199473855496030e-21
5.066883841522765124e+02 5.661730437617672137e-21
5.073890240257512119e+02 5.576930917996300101e-21
5.080906327318405715e+02 5.492833627561659728e-21
5.087932116102305145e+02 5.409469445922016236e-21
5.094967620024578423e+02 5.326867454079958030e-21
5.102012852519150670e+02 5.245054970482309244e-21
5.109067827038521159e+02 5.164057588600633731e-21
5.116132557053787195e+02 5.083899215881264831e-21
5.123207056054689019e+02 5.004602113909283383e-21
5.130291337549605259e+02 4.926186939638576961e-21
5.137385415065597272e+02 4.848672787542075328e-21
5.144489302148427896e+02 4.772077232544592798e-21
5.151603012362605796e+02 4.696416373605165638e-21
5.158726559291380909e+02 4.621704877823143111e-21
5.165859956536788786e+02 4.547956024944642493e-21
5.173003217719679014e+02 4.475181752156719968e-21
5.180156356479724309e+02 4.403392699058243335e-21
5.187319386475479632e+02 4.332598252704596295e-21
5.194492321384365141e+02 4.262806592629258040e-21
5.201675174902725303e+02 4.194024735748542833e-21
5.208867960745837991e+02 4.126258581065970661e-21
5.216070692647945179e+02 4.059512954093499848e-21
5.223283384362293873e+02 3.993791650915281498e-21
5.230506049661133829e+02 3.929097481825296661e-21
5.237738702335765311e+02 3.865432314472857473e-21
5.244981356196554998e+02 3.802797116457800892e-21
5.252234025072965551e+02 3.741191997320742570e-21
5.259496722813596534e+02 3.680616249879211191e-21
5.266769463286181008e+02 3.621068390864727419e-21
5.274052260377634411e+02 3.562546200820461910e-21
5.281345127994073891e+02 3.505046763224382857e-21
5.288648080060839902e+02 3.448566502805278648e-21
5.295961130522546227e+02 3.393101223024463152e-21
5.303284293343072022e+02 3.338646142699691371e-21
5.310617582505610699e+02 3.285195931750891665e-21
5.317961012012692663e+02 3.232744746050749056e-21
5.325314595886202369e+02 3.181286261368048765e-21
5.332678348167434024e+02 3.130813706391765114e-21
5.340052282917077946e+02 3.081319894831411601e-21
5.347436414215273999e+02 3.032797256586980621e-21
5.354830756161632053e+02 2.985237867988300542e-21
5.362235322875254724e+02 2.938633481104271308e-21
5.369650128494780574e+02 2.892975552125579908e-21
5.377075187178386386e+02 2.848255268826022378e-21
5.384510513103830363e+02 2.804463577110268448e-21
5.391956120468474865e+02 2.761591206657719188e-21
5.399412023489311423e+02 2.719628695673046495e-21
5.406878236403002802e+02 2.678566414757338679e-21
5.414354773465885273e+02 2.638394589913599215e-21
5.421841648954011816e+02 2.599103324702653472e-21
5.429338877163177131e+02 2.560682621566568845e-21
5.436846472408939235e+02 2.523122402338133630e-21
5.444364449026664943e+02 2.486412527955537711e-21
5.451892821371528726e+02 2.450542817402733867e-21
5.459431603818563872e+02 2.415503065896795833e-21
5.466980810762676128e+02 2.381283062344153101e-21
5.474540456618672124e+02 2.347872606088689491e-21
5.482110555821311664e+02 2.315261522974631587e-21
5.489691122825291814e+02 2.283439680749144882e-21
5.497282172105307154e+02 2.252397003827743516e-21
5.504883718156067971e+02 2.222123487448566341e-21
5.512495775492317307e+02 2.192609211240179851e-21
5.520118358648891217e+02 2.163844352228508565e-21
5.527751482180703988e+02 2.135819197309044872e-21
5.535395160662803846e+02 2.108524155210387306e-21
5.543049408690392283e+02 2.081949767975173876e-21
5.550714240878845658e+02 2.056086721985240309e-21
5.558389671863769763e+02 2.030925858557496043e-21
5.566075716300990734e+02 2.006458184137588919e-21
5.573772388866603933e+02 1.982674880117967284e-21
5.581479704257001231e+02 1.959567312307454834e-21
5.589197677188889202e+02 1.937127040079912129e-21
5.596926322399342553e+02 1.915345825228580639e-21
5.604665654645795030e+02 1.894215640554071822e-21
5.612415688706096262e+02 1.873728678213129734e-21
5.620176439378527675e+02 1.853877357856019829e-21
5.627947921481826370e+02 1.834654334580193815e-21
5.635730149855239688e+02 1.816052506728120830e-21
5.643523139358519529e+02 1.798065023557651013e-21
5.651326904871966690e+02 1.780685292813119956e-21
5.659141461296460420e+02 1.763906988225661698e-21
5.666966823553478889e+02 1.747724056972004751e-21
5.674803006585152616e+02 1.732130727120919988e-21
5.682650025354251966e+02 1.717121515096709626e-21
5.690507894844247403e+02 1.702691233190294510e-21
5.698376630059320860e+02 1.688834997148243823e-21
5.706256246024418033e+02 1.675548233870980385e-21
5.714146757785247246e+02 1.662826689252381746e-21
5.722048180408322651e+02 1.650666436192804127e-21
5.729960528980996060e+02 1.639063882819338485e-21
5.737883818611473998e+02 1.628015780947672617e-21
5.745818064428872276e+02 1.617519234820367463e-21
5.753763281583209164e+02 1.607571710158731044e-21
5.761719485245459964e+02 1.598171043565164816e-21
5.769686690607574064e+02 1.589315452315525881e-21
5.777664912882505632e+02 1.581003544581587918e-21
5.785654167304262501e+02 1.573234330125896425e-21
5.793654469127898210e+02 1.566007231512786726e-21
5.801665833629567715e+02 1.559322095881092683e-21
5.809688276106550120e+02 1.553179207326696604e-21
5.817721811877270284e+02 1.547579299944816986e-21
5.825766456281353385e+02 1.542523571584627598e-21
5.833822224679619239e+02 1.538013698371656614e-21
5.841889132454132323e+02 1.534051850055828160e-21
5.849967195008227918e+02 1.530640706246897331e-21
5.858056427766535990e+02 1.527783473601724549e-21
5.866156846175032342e+02 1.525483904032129168e-21
5.874268465701031801e+02 1.523746314005691576e-21
5.882391301833246189e+02 1.522575605016361200e-21
5.890525370081801384e+02 1.521977285306720741e-21
5.898670685978268011e+02 1.521957492928151619e-21
5.906827265075709192e+02 1.522523020231362577e-21
5.914995122948677135e+02 1.523681339885253719e-21
5.923174275193266567e+02 1.525440632528777867e-21
5.931364737427136333e+02 1.527809816167115164e-21
5.939566525289538959e+02 1.530798577431262760e-21
5.947779654441366119e+02 1.534417404827941066e-21
5.956004140565150919e+02 1.538677624115999009e-21
5.964239999365115636e+02 1.543591435954264062e-21
5.972487246567199008e+02 1.549171955976632581e-21
5.980745897919078971e+02 1.555433257460813934e-21
5.989015969190227224e+02 1.562390416769661071e-21
5.997297476171903554e+02 1.570059561756069416e-21
6.005590434677209259e+02 1.578457923337465761e-21
6.013894860541112166e+02 1.587603890460176101e-21
6.022210769620468227e+02 1.597517068691012632e-21
6.030538177794082912e+02 1.608218342690507467e-21
6.038877100962694158e+02 1.619729942842066013e-21
6.047227555049039438e+02 1.632075516331573555e-21
6.055589555997868274e+02 1.645280202995008357e-21
6.063963119775977475e+02 1.659370716275639632e-21
6.072348262372256613e+02 1.674375429658900728e-21
6.080744999797688024e+02 1.690322828118488643e-21
6.089153348085400239e+02 1.707231905734950744e-21
6.097573323290689586e+02 1.725118317948607642e-21
6.106004941491050886e+02 1.743998938921439546e-21
6.114448218786227471e+02 1.763891886409040204e-21
6.122903171298204370e+02 1.784816533396818935e-21
6.131369815171269693e+02 1.806793521646069895e-21
6.139848166572033961e+02 1.829844777096524580e-21
6.148338241689455117e+02 1.853993527076298188e-21
6.156840056734897644e+02 1.879264319273550665e-21
6.165353627942123467e+02 1.905683042425548396e-21
6.173878971567348799e+02 1.933276948684219697e-21
6.182416103889266878e+02 1.962074677618689066e-21
6.190965041209077526e+02 1.992106281816674091e-21
6.199525799850537169e+02 2.023403254047615562e-21
6.208098396159958838e+02 2.055998555951454813e-21
6.216682846506262194e+02 2.089926648217179176e-21
6.225279167281004220e+02 2.125223522214862262e-21
6.233887374898399685e+02 2.161926733045167237e-21
6.242507485795379125e+02 2.200075433969100516e-21
6.251139516431586571e+02 2.239710412179845224e-21
6.259783483289427295e+02 2.280874125877045040e-21
6.268439402874101916e+02 2.323610742602013920e-21
6.277107291713626864e+02 2.367966178790589089e-21
6.285787166358891227e+02 2.413988140497016760e-21
6.294479043383653334e+02 2.461726165239797751e-21
6.303182939384591918e+02 2.511231664917161488e-21
6.311898870981334539e+02 2.562557969736372483e-21
6.320626854816504192e+02 2.615760373095812779e-21
6.329366907555721582e+02 2.670896177355574124e-21
6.338119045887655147e+02 2.728024740427055239e-21
6.346883286524054029e+02 2.787207523106223078e-21
6.355659646199765120e+02 2.848508137069426716e-21
6.364448141672800148e+02 2.911992393445593168e-21
6.373248789724320886e+02 2.977728351870489871e-21
6.382061607158701690e+02 3.045786369921888331e-21
6.390886610803552230e+02 3.116239152828543854e-21
6.399723817509747050e+02 3.189161803335194034e-21
6.408573244151477866e+02 3.264631871599328319e-21
6.417434907626254699e+02 3.342729404985294965e-21
6.426308824854955901e+02 3.423536997612695081e-21
6.435195012781857713e+02 3.507139839505504299e-21
6.444093488374663821e+02 3.593625765177063620e-21
6.453004268624556516e+02 3.683085301477317957e-21
6.461927370546194425e+02 3.775611714514105186e-21
6.470862811177770482e+02 3.871301055451765709e-21
6.479810607581039221e+02 3.970252204974052645e-21
6.488770776841339512e+02 4.072566916188873666e-21
6.497743336067654809e+02 4.178349855736628445e-21
6.506728302392608612e+02 4.287708642850048029e-21
6.515725692972521301e+02 4.400753886100601140e-21
6.524735524987435156e+02 4.517599217550836842e-21
6.533757815641143907e+02 4.638361324014258045e-21
6.542792582161248447e+02 4.763159975114528137e-21
6.551839841799154556e+02 4.892118047812746294e-21
6.560899611830127469e+02 5.025361547060826051e-21
6.569971909553319165e+02 5.163019622218887999e-21
6.579056752291800194e+02 5.305224578858618622e-21
6.588154157392611978e+02 5.452111885559371506e-21
6.597264142226762260e+02 5.603820175280628660e-21
6.606386724189287634e+02 5.760491240884778378e-21
6.615521920699278553e+02 5.922270024361832865e-21
6.624669749199905482e+02 6.089304599288311833e-21
6.633830227158476873e+02 6.261746146042671226e-21
6.643003372066436896e+02 6.439748919273454556e-21
6.652189201439422277e+02 6.623470207107091587e-21
6.661387732817290726e+02 6.813070281560051700e-21
6.670598983764147079e+02 7.008712339607698705e-21
6.679822971868402419e+02 7.210562434346067992e-21
6.689059714742770666e+02 7.418789395664407780e-21
6.698309230024323142e+02 7.633564739839771332e-21
6.707571535374524956e+02 7.855062567444278593e-21
6.716846648479252053e+02 8.083459448949890926e-21
6.726134587048859430e+02 8.318934297400138961e-21
6.735435368818167490e+02 8.561668227514021558e-21
6.744749011546530255e+02 8.811844400576480080e-21
6.754075533017858106e+02 9.069647854465389466e-21
6.763414951040645064e+02 9.335265318161534864e-21
6.772767283448032458e+02 9.608885010088429288e-21
6.782132548097798690e+02 9.890696419622576025e-21
6.791510762872424039e+02 1.018089007113151855e-20
6.800901945679115670e+02 1.047965726988922368e-20
6.810306114449834922e+02 1.078718982923850282e-20
6.819723287141359833e+02 1.110367977837682202e-20
6.829153481735280593e+02 1.142931905015891879e-20
6.838596716238056388e+02 1.176429914833572917e-20
6.848053008681046094e+02 1.210881079366224468e-20
6.857522377120533292e+02 1.246304354834416596e-20
6.867004839637795612e+02 1.282718541832629741e-20
6.876500414339085410e+02 1.320142243294775325e-20
6.886009119355704797e+02 1.358593820155926934e-20
6.895530972844022699e+02 1.398091344671560812e-20
6.905065992985512366e+02 1.438652551362864711e-20
6.914614197986805948e+02 1.480294785561816524e-20
6.924175606079689942e+02 1.523034949535904180e-20
6.933750235521169998e+02 1.566889446180044081e-20
6.943338104593495927e+02 1.611874120270443460e-20
6.952939231604193537e+02 1.658004197282826103e-20
6.962553634886121472e+02 1.705294219788136420e-20
6.972181332797470077e+02 1.753757981445965501e-20
6.981822343721821653e+02 1.803408458628191679e-20
6.991476686068177742e+02 1.854257739715083617e-20
7.001144378270989819e+02 1.906316952118033570e-20
7.010825438790221824e+02 1.959596187095367223e-20
7.020519886111339929e+02 2.014104422439658795e-20
7.030227738745383022e+02 2.069849443130257513e-20
7.039949015228976350e+02 2.126837760057328978e-20
7.049683734124399734e+02 2.185074526938555428e-20
7.059431914019577334e+02 2.244563455566240400e-20
7.069193573528146999e+02 2.305306729537039999e-20
7.078968731289483003e+02 2.367304916633745436e-20
7.088757405968727880e+02 2.430556880045337689e-20
7.098559616256852678e+02 2.495059688628989225e-20
7.108375380870654681e+02 2.560808526434827563e-20
7.118204718552821078e+02 2.627796601733139947e-20
7.128047648071953972e+02 2.696015055801429603e-20
7.137904188222599942e+02 2.765452871747770363e-20
7.147774357825319385e+02 2.836096783664427273e-20
7.157658175726674017e+02 2.907931186425320101e-20
7.167555660799291672e+02 2.980938046459036857e-20
7.177466831941901546e+02 3.055096813847400511e-20
7.187391708079352384e+02 3.130384336116419250e-20
7.197330308162689789e+02 3.206774774106953998e-20
7.207282651169139172e+02 3.284239520324882316e-20
7.217248756102173957e+02 3.362747120191469642e-20
7.227228641991547420e+02 3.442263196626643557e-20
7.237222327893318834e+02 3.522750378414211259e-20
7.247229832889920544e+02 3.604168232810157708e-20
7.257251176090146600e+02 3.686473202868152253e-20
7.267286376629225515e+02 3.769618549966824740e-20
7.277335453668844139e+02 3.853554302031666781e-20
7.287398426397177218e+02 3.938227207952457662e-20
7.297475314028956745e+02 4.023580698702160304e-20
7.307566135805462864e+02 4.109554855666430320e-20
7.317670910994585256e+02 4.196086386693582384e-20
7.327789658890861801e+02 4.283108610374164190e-20
7.337922398815501310e+02 4.370551449054566139e-20
7.348069150116451738e+02 4.458341431082998101e-20
7.358229932168391088e+02 4.546401702774976793e-20
7.368404764372800173e+02 4.634652050575972439e-20
7.378593666157983080e+02 4.723008933879787658e-20
7.388796656979103545e+02 4.811385528944153127e-20
7.399013756318252035e+02 4.899691784322399068e-20
7.409244983684432100e+02 4.987834488203683025e-20
7.419490358613634271e+02 5.075717348025884820e-20
7.429749900668862210e+02 5.163241082691276088e-20
7.440023629440163404e+02 5.250303527679669599e-20
7.450311564544697376e+02 5.336799753313611758e-20
7.460613725626726591e+02 5.422622196383828769e-20
7.470930132357684670e+02 5.507660805301196212e-20
7.481260804436207081e+02 5.591803198885236322e-20
7.491605761588159567e+02 5.674934838847790568e-20
7.501965023566709760e+02 5.756939215972765477e-20
7.512338610152313549e+02 5.837698049931204270e-20
7.522726541152788968e+02 5.917091502608474747e-20
7.533128836403342348e+02 5.994998404751792934e-20
7.543545515766602421e+02 6.071296495680666289e-20
7.553976599132683987e+02 6.145862675728403112e-20
7.564422106419183365e+02 6.218573271009613315e-20
7.574882057571246605e+02 6.289304310037285678e-20
7.585356472561600185e+02 6.357931811633178853e-20
7.595845371390579430e+02 6.424332083498911092e-20
7.606348774086199001e+02 6.488382030739398890e-20
7.616866700704147206e+02 6.549959473551118552e-20
7.627399171327849672e+02 6.608943473212108029e-20
7.637946206068503443e+02 6.665214665432438483e-20
7.648507825065109955e+02 6.718655682589234445e-20
7.659084048484538698e+02 6.769170818485828218e-20
7.669674896521523806e+02 6.816712018865776699e-20
7.680280389398732268e+02 6.861242011003491570e-20
7.690900547366792352e+02 6.902728302772792405e-20
7.701535390704331121e+02 6.941143196080925251e-20
7.712184939718034684e+02 6.976463787436194373e-20
7.722849214742649337e+02 7.008671955889648663e-20
7.733528236141046364e+02 7.037754338636991850e-20
7.744222024304255001e+02 7.063702294603525220e-20
7.754930599651492003e+02 7.086511856378713992e-20
7.765653982630234395e+02 7.106183670896737351e-20
7.776392193716209249e+02 7.122722929297042464e-20
7.787145253413464161e+02 7.136139286427120881e-20
7.797913182254392268e+02 7.146446770475642664e-20
7.808696000799802732e+02 7.153663683250374986e-20
7.819493729638912782e+02 7.157812491635582322e-20
7.830306389389414790e+02 7.158919710782219484e-20
7.841134000697514921e+02 7.157015779598023221e-20
7.851976584237957013e+02 7.152134929119689334e-20
7.862834160714099880e+02 7.144315044356378396e-20
7.873706750857907082e+02 7.133597520200586864e-20
7.884594375430015134e+02 7.120027112008981803e-20
7.895497055219769891e+02 7.103651781452200727e-20
7.906414811045256101e+02 7.084522538235691167e-20
7.917347663753371307e+02 7.062693278286938232e-20
7.928295634219811063e+02 7.038220618999382509e-20
7.939258743349149654e+02 7.011163732113705820e-20
7.950237012074867380e+02 6.981584174807407486e-20
7.961230461359380115e+02 6.949545719550867009e-20
7.972239112194117752e+02 6.915114183272670777e-20
7.983262985599510557e+02 6.878357256361058969e-20
7.994302102625064208e+02 6.839344332011980889e-20
8.005356484349391621e+02 6.798146336411706281e-20
8.016426151880243651e+02 6.754835560225540954e-20
8.027511126354584121e+02 6.709485491839450416e-20
8.038611428938578456e+02 6.662170652779941568e-20
8.049727080827672125e+02 6.612966435714974599e-20
8.060858103246614519e+02 6.561948945413005777e-20
8.072004517449501009e+02 6.509194843014231315e-20
8.083166344719835479e+02 6.454781193942085597e-20
8.094343606370533735e+02 6.398785319758350587e-20
8.105536323743987168e+02 6.341284654240072201e-20
8.116744518212100274e+02 6.282356603930539533e-20
8.127968211176321347e+02 6.222078413391329071e-20
8.139207424067717511e+02 6.160527035358335907e-20
8.150462178346965629e+02 6.097779005979461386e-20
8.161732495504426197e+02 6.033910325286052684e-20
8.173018397060176312e+02 5.968996343028759054e-20
8.184319904564041508e+02 5.903111649983634573e-20
8.195637039595673059e+02 5.836329974811936731e-20
8.206969823764534340e+02 5.768724086536199155e-20
8.218318278709980405e+02 5.700365702672223721e-20
8.229682426101288684e+02 5.631325403038882660e-20
8.241062287637690815e+02 5.561672549246315668e-20
8.252457885048451089e+02 5.491475209845150111e-20
8.263869240092851669e+02 5.420800091103346920e-20
8.275296374560276718e+02 5.349712473358084039e-20
8.286739310270235137e+02 5.278276152877915625e-20
8.298198069072403769e+02 5.206553389153050453e-20
8.309672672846694468e+02 5.134604857519302508e-20
8.321163143503250694e+02 5.062489607010886008e-20
8.332669502982520271e+02 4.990265023321377288e-20
8.344191773255291764e+02 4.917986796745969303e-20
8.355729976322722905e+02 4.845708894967546461e-20
8.367284134216424718e+02 4.773483540538561257e-20
8.378854268998441057e+02 4.701361192907757691e-20
8.390440402761337282e+02 4.629390534828687450e-20
8.402042557628225268e+02 4.557618462987751417e-20
8.413660755752798650e+02 4.486090082678387079e-20
8.425295019319413541e+02 4.414848706349691931e-20
8.436945370543073750e+02 4.343935855851760477e-20
8.448611831669512640e+02 4.273391268197967921e-20
8.460294424975221546e+02 4.203252904664795957e-20
8.471993172767488431e+02 4.133556963046564730e-20
8.483708097384475195e+02 4.064337892885195722e-20
8.495439221195201753e+02 3.995628413493445747e-20
8.507186566599633579e+02 3.927459534591660982e-20
8.518950156028707852e+02 3.859860579381345759e-20
8.530730011944368698e+02 3.792859209879559452e-20
8.542526156839647911e+02 3.726481454340642860e-20
8.554338613238655853e+02 3.660751736597165677e-20
8.566167403696655356e+02 3.595692907152744374e-20
8.578012550800096960e+02 3.531326275865078175e-20
8.589874077166658708e+02 3.467671646061601255e-20
8.601752005445315490e+02 3.404747349934137794e-20
8.613646358316340184e+02 3.342570285064086938e-20
8.625557158491369592e+02 3.281155951934758801e-20
8.637484428713443094e+02 3.220518492292199967e-20
8.649428191757070863e+02 3.160670728221692153e-20
8.661388470428231585e+02 3.101624201812436498e-20
8.673365287564446362e+02 3.043389215288505489e-20
8.685358666034817361e+02 2.985974871488967795e-20
8.697368628740059648e+02 2.929389114587344202e-20
8.709395198612583044e+02 2.873638770944789886e-20
8.721438398616479617e+02 2.818729589997826072e-20
8.733498251747605536e+02 2.764666285086562256e-20
8.745574781033616318e+02 2.711452574135550490e-20
8.757668009533997520e+02 2.659091220104589427e-20
8.769777960340150003e+02 2.607584071131867391e-20
8.781904656575379704e+02 2.556932100298272313e-20
8.794048121394973805e+02 2.507135444945936753e-20
8.806208377986237110e+02 2.458193445489291358e-20
8.818385449568532977e+02 2.410104683662759133e-20
8.830579359393352661e+02 2.362867020152979678e-20
8.842790130744318731e+02 2.316477631569184591e-20
8.855017786937254414e+02 2.270933046709001796e-20
8.867262351320224525e+02 2.226229182081865330e-20
8.879523847273572983e+02 2.182361376656423727e-20
8.891802298209995570e+02 2.139324425802541347e-20
8.904097727574541068e+02 2.097112614401784866e-20
8.916410158844682883e+02 2.055719749104587689e-20
8.928739615530361107e+02 2.015139189715785714e-20
8.941086121174013215e+02 1.975363879693414625e-20
8.953449699350660467e+02 1.936386375748418387e-20
8.965830373667895401e+02 1.898198876537516780e-20
8.978228167765962553e+02 1.860793250442143931e-20
8.990643105317797108e+02 1.824161062430780528e-20
9.003075210029059008e+02 1.788293600003737785e-20
9.015524505638217079e+02 1.753181898222102748e-20
9.027991015916534252e+02 1.718816763824636901e-20
9.040474764668156240e+02 1.685188798438169340e-20
9.052975775730144505e+02 1.652288420889736822e-20
9.065494072972510367e+02 1.620105888629561381e-20
9.078029680298302537e+02 1.588631318275928173e-20
9.090582621643593484e+02 1.557854705295111930e-20
9.103152920977563554e+02 1.527765942829293376e-20
9.115740602302537354e+02 1.498354839688480909e-20
9.128345689654018997e+02 1.469611137522007796e-20
9.140968207100779637e+02 1.441524527187114591e-20
9.153608178744839279e+02 1.414084664332601949e-20
9.166265628721560006e+02 1.387281184216101451e-20
9.178940581199674398e+02 1.361103715774842441e-20
9.191633060381328733e+02 1.335541894969439285e-20
9.204343090502161431e+02 1.310585377421576450e-20
9.217070695831296234e+02 1.286223850366272103e-20
9.229815900671425197e+02 1.262447043939992308e-20
9.242578729358845067e+02 1.239244741825972400e-20
9.255359206263497072e+02 1.216606791278365017e-20
9.268157355789045369e+02 1.194523112546967572e-20
9.280973202372873629e+02 1.172983707724319686e-20
9.293806770486166897e+02 1.151978669036664291e-20
9.306658084633946828e+02 1.131498186600923277e-20
9.319527169355110345e+02 1.111532555668694635e-20
9.332414049222518315e+02 1.092072183379292887e-20
9.345318748842976220e+02 1.073107595042682211e-20
9.358241292857331928e+02 1.054629439973549920e-20
9.371181705940499569e+02 1.036628496897298073e-20
9.384140012801508419e+02 1.019095678948343565e-20
9.397116238183580208e+02 1.002022038281292742e-20
9.410110406864126844e+02 9.853987703145005339e-21
9.423122543654826586e+02 9.692172176260327872e-21
9.436152673401670654e+02 9.534688735207846317e-21
9.449200820984996199e+02 9.381453852883020238e-21
9.462267011319570429e+02 9.232385571691184566e-21
9.475351269354589476e+02 9.087403530483408699e-21
9.488453620073752290e+02 8.946428988940531516e-21
9.501574088495307251e+02 8.809384849578343406e-21
9.514712699672089684e+02 8.676195677547176770e-21
9.527869478691604854e+02 8.546787718389031264e-21
9.541044450676017732e+02 8.421088913920730088e-21
9.554237640782245080e+02 8.299028916396286458e-21
9.567449074201988424e+02 8.180539101109379667e-21
9.580678776161772703e+02 8.065552577587070575e-21
9.593926771923038359e+02 7.954004199523510525e-21
9.607193086782124283e+02 7.845830573601496444e-21
9.620477746070361036e+02 7.740970067344905508e-21
9.633780775154095863e+02 7.639361498026223787e-21
9.647102199434780232e+02 7.540922535043201679e-21
9.660442044348963009e+02 7.445554410167073077e-21
9.673800335368376864e+02 7.353161611376370940e-21
9.687177097999972375e+02 7.263652368665906680e-21
9.700572357785965778e+02 7.176938494444757054e-21
9.713986140303918546e+02 7.092935231466736112e-21
9.727418471166731706e+02 7.011561107909439112e-21
9.740869376022733377e+02 6.932737799237236242e-21
9.754338880555718561e+02 6.856389996504700957e-21
9.767827010484986658e+02 6.782445280775467750e-21
9.781333791565431284e+02 6.710834003348524021e-21
9.794859249587530030e+02 6.641489171500814448e-21
9.808403410377430873e+02 6.574346339470959009e-21
9.821966299796996509e+02 6.509343504422593779e-21
9.835547943743839596e+02 6.446421007141226986e-21
9.849148368151413706e+02 6.385521437230176503e-21
9.862767598989003091e+02 6.326589542584427321e-21
9.876405662261812495e+02 6.269572142932762493e-21
9.890062584011003537e+02 6.214418047248155975e-21
9.903738390313741320e+02 6.161077974840557058e-21
9.917433107283275149e+02 6.109504479949935119e-21
9.931146761068936257e+02 6.059651879673420552e-21
9.944879377856226483e+02 6.011476185064114545e-21
9.958630983866851238e+02 5.964935035249428229e-21
9.972401605358769530e+02 5.919987634425240749e-21
9.986191268626276951e+02 5.876594691587540291e-21
1.000000000000000000e+03 5.834718362872021021e-21
