1.000000000000000021e-03 3.775786393128066265e+03
1.001844134890810109e-03 3.782253070722000757e+03
1.003691670615116955e-03 3.788730185534444900e+03
1.005542613444513830e-03 3.795217751756698362e+03
1.007396969662164177e-03 3.801715783591387208e+03
1.009254745562814621e-03 3.808224295252422962e+03
1.011115947452822942e-03 3.814743300965039452e+03
1.012980581650176288e-03 3.821272814965694124e+03
1.014848654484510476e-03 3.827812851502140802e+03
1.016720172297138182e-03 3.834363424833347381e+03
1.018595141441061948e-03 3.840924549229521290e+03
1.020473568281003024e-03 3.847496238972084484e+03
1.022355459193420666e-03 3.854078508353627512e+03
1.024240820566529485e-03 3.860671371677952720e+03
1.026129658800329367e-03 3.867274843260011494e+03
1.028021980306618273e-03 3.873888937425865606e+03
1.029917791509021505e-03 3.880513668512778167e+03
1.031817098843010360e-03 3.887149050869077200e+03
1.033719908755921426e-03 3.893795098853116542e+03
1.035626227706984339e-03 3.900451826782671105e+03
1.037536062167336961e-03 3.907119248912369130e+03
1.039449418620053568e-03 3.913797379501358591e+03
1.041366303560164151e-03 3.920486232818933331e+03
1.043286723494673499e-03 3.927185823144447113e+03
1.045210684942590035e-03 3.933896164767377741e+03
1.047138194434940345e-03 3.940617271987236563e+03
1.049069258514797806e-03 3.947349159113590758e+03
1.051003883737302311e-03 3.954091840466025133e+03
1.052942076669679356e-03 3.960845330374105288e+03
1.054883843891269097e-03 3.967609643177415819e+03
1.056829191993540872e-03 3.974384793225456178e+03
1.058778127580122918e-03 3.981170794877676144e+03
1.060730657266821227e-03 3.987967662503453994e+03
1.062686787681639067e-03 3.994775410482054212e+03
1.064646525464805604e-03 4.001594053202584746e+03
1.066609877268796282e-03 4.008423605064060212e+03
1.068576849758350392e-03 4.015264080475258652e+03
1.070547449610502943e-03 4.022115493854830220e+03
1.072521683514597460e-03 4.028977859631151205e+03
1.074499558172317204e-03 4.035851192242389061e+03
1.076481080297704042e-03 4.042735506136445565e+03
1.078466256617178175e-03 4.049630815770952267e+03
1.080455093869568282e-03 4.056537135613217288e+03
1.082447598806126916e-03 4.063454480140242140e+03
1.084443778190558906e-03 4.070382863838656704e+03
1.086443638799043264e-03 4.077322301204741962e+03
1.088447187420251393e-03 4.084272806744352238e+03
1.090454430855378317e-03 4.091234394972962946e+03
1.092465375918157209e-03 4.098207080415576456e+03
1.094480029434889961e-03 4.105190877606741196e+03
1.096498398244466922e-03 4.112185801090523455e+03
1.098520489198387060e-03 4.119191865420471913e+03
1.100546309160788756e-03 4.126209085159614006e+03
1.102575865008464549e-03 4.133237474880398622e+03
1.104609163630891925e-03 4.140277049159097260e+03
1.106646211930253487e-03 4.147327822500701586e+03
1.108687016821456898e-03 4.154389809358438470e+03
1.110731585232166765e-03 4.161463024192405101e+03
1.112779924102818294e-03 4.168547481471030551e+03
1.114832040386649382e-03 4.175643195670989371e+03
1.116887941049720572e-03 4.182750181277235242e+03
1.118947633070935645e-03 4.189868452782930035e+03
1.121011123442072419e-03 4.196998024689424710e+03
1.123078419167798138e-03 4.204138911506228396e+03
1.125149527265701353e-03 4.211291127751005661e+03
1.127224454766311869e-03 4.218454687949512845e+03
1.129303208713120909e-03 4.225629606635581695e+03
1.131385796162613861e-03 4.232815898351097530e+03
1.133472224184284369e-03 4.240013577645948317e+03
1.135562499860666864e-03 4.247222659078020115e+03
1.137656630287356722e-03 4.254443157213152517e+03
1.139754622573031090e-03 4.261675086625133190e+03
1.141856483839481405e-03 4.268918461895630571e+03
1.143962221221627709e-03 4.276173297614165676e+03
1.146071841867551174e-03 4.283439608378131197e+03
1.148185352938515353e-03 4.290717408792717833e+03
1.150302761608986346e-03 4.298006713470878822e+03
1.152424075066665974e-03 4.305307537033321751e+03
1.154549300512506095e-03 4.312619894108471271e+03
1.156678445160741779e-03 4.319943799332444542e+03
1.158811516238911904e-03 4.327279267349022120e+03
1.160948520987880846e-03 4.334626312809574301e+03
1.163089466661869050e-03 4.341984950373074753e+03
1.165234360528475148e-03 4.349355194706085058e+03
1.167383209868696559e-03 4.356737060482661946e+03
1.169536021976962667e-03 4.364130562384387304e+03
1.171692804161149782e-03 4.371535715100287234e+03
1.173853563742614532e-03 4.378952533326837511e+03
1.176018308056215331e-03 4.386381031767917193e+03
1.178187044450333416e-03 4.393821225134124688e+03
1.180359780286906017e-03 4.401273128088949306e+03
1.182536522941441976e-03 4.408736755206678026e+03
1.184717279803055787e-03 4.416212121058109005e+03
1.186902058274487545e-03 4.423699240220162210e+03
1.189090865772125935e-03 4.431198127275867591e+03
1.191283709726041187e-03 4.438708796814310517e+03
1.193480597580000692e-03 4.446231263430599029e+03
1.195681536791503045e-03 4.453765541725874755e+03
1.197886534831798860e-03 4.461311646307204683e+03
1.200095599185913974e-03 4.468869591787588433e+03
1.202308737352681756e-03 4.476439392785882774e+03
1.204525956844759802e-03 4.484021063926819807e+03
1.206747265188663765e-03 4.491614619840919659e+03
1.208972669924789035e-03 4.499220075164473201e+03
1.211202178607433295e-03 4.506837444539480202e+03
1.213435798804829912e-03 4.514466742613640236e+03
1.215673538099163982e-03 4.522107984040321753e+03
1.217915404086607244e-03 4.529761183478478415e+03
1.220161404377339762e-03 4.537426355592644541e+03
1.222411546595572043e-03 4.545103515052910552e+03
1.224665838379579300e-03 4.552792676534789280e+03
1.226924287381718362e-03 4.560493854719341471e+03
1.229186901268461505e-03 4.568207064292970244e+03
1.231453687720418782e-03 4.575932319947495671e+03
1.233724654432360795e-03 4.583669636380035627e+03
1.235999809113253606e-03 4.591419028293030351e+03
1.238279159486274129e-03 4.599180510394171506e+03
1.240562713288845698e-03 4.606954097396347606e+03
1.242850478272661263e-03 4.614739804017639472e+03
1.245142462203703993e-03 4.622537644981240192e+03
1.247438672862284355e-03 4.630347635015460583e+03
1.249739118043055727e-03 4.638169788853629143e+03
1.252043805555049091e-03 4.646004121234091144e+03
1.254352743221697321e-03 4.653850646900201355e+03
1.256665938880855782e-03 4.661709380597053496e+03
1.258983400384840060e-03 4.669580336995023572e+03
1.261305135600440707e-03 4.677463530685051410e+03
1.263631152408959454e-03 4.685358976257757604e+03
1.265961458706232846e-03 4.693266688307364348e+03
1.268296062402653928e-03 4.701186681431657234e+03
1.270634971423209103e-03 4.709118970231913408e+03
1.272978193707494186e-03 4.717063569312879736e+03
1.275325737209750824e-03 4.725020493282723692e+03
1.277677609898888837e-03 4.732989756752972426e+03
1.280033819758510287e-03 4.740971374338462738e+03
1.282394374786945254e-03 4.748965360657330166e+03
1.284759282997268532e-03 4.756971730330880746e+03
1.287128552417336064e-03 4.764990497983674686e+03
1.289502191089808136e-03 4.773021678243328097e+03
1.291880207072173018e-03 4.781065285740593026e+03
1.294262608436783394e-03 4.789121335109194661e+03
1.296649403270872620e-03 4.797189840985872252e+03
1.299040599676592675e-03 4.805270818010309085e+03
1.301436205771036494e-03 4.813364280825051537e+03
1.303836229686262472e-03 4.821470244075506344e+03
1.306240679569330675e-03 4.829588722409821457e+03
1.308649563582319972e-03 4.837719730478926067e+03
1.311062889902365764e-03 4.845863282936408723e+03
1.313480666721682536e-03 4.854019394438513700e+03
1.315902902247588577e-03 4.862188079644061872e+03
1.318329604702541758e-03 4.870369353214413422e+03
1.320760782324162949e-03 4.878563229813414182e+03
1.323196443365260745e-03 4.886769724107352886e+03
1.325636596093867888e-03 4.894988850764872950e+03
1.328081248793259485e-03 4.903220624457001577e+03
1.330530409761989871e-03 4.911465059857034248e+03
1.332984087313917329e-03 4.919722171640454690e+03
1.335442289778227725e-03 4.927991974484979437e+03
1.337905025499472452e-03 4.936274483069825692e+03
1.340372302837586219e-03 4.944569712016435005e+03
1.342844130167924772e-03 4.952877675840302800e+03
1.345320515881288318e-03 4.961198389046427110e+03
1.347801468383947763e-03 4.969531866140577222e+03
1.350286996097681139e-03 4.977878121629125417e+03
1.352777107459792252e-03 4.986237170019060613e+03
1.355271810923148199e-03 4.994609025817925613e+03
1.357771114956204299e-03 5.002993703533756161e+03
1.360275028043029470e-03 5.011391217674952713e+03
1.362783558683342651e-03 5.019801582750352281e+03
1.365296715392533191e-03 5.028224813269054721e+03
1.367814506701697059e-03 5.036660923740430007e+03
1.370336941157663298e-03 5.045109928674042749e+03
1.372864027323018312e-03 5.053571842579570330e+03
1.375395773776144246e-03 5.062046679966793818e+03
1.377932189111237635e-03 5.070534455345509741e+03
1.380473281938348219e-03 5.079035183225437322e+03
1.383019060883403442e-03 5.087548878116234846e+03
1.385569534588234047e-03 5.096075554527357781e+03
1.388124711710613099e-03 5.104615226968076058e+03
1.390684600924274638e-03 5.113167909947357657e+03
1.393249210918951408e-03 5.121733617973848595e+03
1.395818550400402180e-03 5.130312365555786528e+03
1.398392628090435602e-03 5.138904167200919801e+03
1.400971452726950534e-03 5.147509037416515639e+03
1.403555033063953175e-03 5.156126990709216443e+03
1.406143377871598701e-03 5.164758041585067076e+03
1.408736495936214897e-03 5.173402204549385715e+03
1.411334396060328396e-03 5.182059494106691091e+03
1.413937087062705229e-03 5.190729924760741596e+03
1.416544577778368168e-03 5.199413511014357937e+03
1.419156877058637281e-03 5.208110267369414032e+03
1.421773993771155735e-03 5.216820208326778811e+03
1.424395936799915593e-03 5.225543348372743822e+03
1.427022715045296640e-03 5.234279701875438150e+03
1.429654337424091743e-03 5.243029283140843290e+03
1.432290812869533745e-03 5.251792106471957595e+03
1.434932150331334711e-03 5.260568186169125511e+03
1.437578358775706095e-03 5.269357536530003927e+03
1.440229447185397988e-03 5.278160171849539438e+03
1.442885424559726222e-03 5.286976106419859207e+03
1.445546299914598392e-03 5.295805354530181830e+03
1.448212082282553754e-03 5.304647930466766411e+03
1.450882780712784044e-03 5.313503848512891636e+03
1.453558404271172071e-03 5.322373122948693890e+03
1.456238962040320344e-03 5.331255768051177256e+03
1.458924463119576223e-03 5.340151798094111655e+03
1.461614916625072905e-03 5.349061227347961903e+03
1.464310331689749802e-03 5.357984070079807680e+03
1.467010717463392878e-03 5.366920340553317146e+03
1.469716083112661102e-03 5.375870053028630537e+03
1.472426437821113985e-03 5.384833221762310131e+03
1.475141790789252783e-03 5.393809861007250220e+03
1.477862151234539357e-03 5.402799985012638899e+03
1.480587528391438899e-03 5.411803608023849847e+03
1.483317931511445292e-03 5.420820744282407759e+03
1.486053369863109958e-03 5.429851408025921046e+03
1.488793852732082186e-03 5.438895613487929040e+03
1.491539389421129083e-03 5.447953374897926551e+03
1.494289989250178292e-03 5.457024706481253816e+03
1.497045661556344444e-03 5.466109622459019192e+03
1.499806415693956483e-03 5.475208137048025492e+03
1.502572261034600164e-03 5.484320264460727230e+03
1.505343206967137788e-03 5.493446018905102392e+03
1.508119262897749833e-03 5.502585414584602404e+03
1.510900438249964013e-03 5.511738465698152140e+03
1.513686742464681297e-03 5.520905186409252565e+03
1.516478185000218843e-03 5.530085590739692634e+03
1.519274775332330168e-03 5.539279692667199924e+03
1.522076522954248293e-03 5.548487506163270155e+03
1.524883437376712853e-03 5.557709045193058046e+03
1.527695528127997852e-03 5.566944323715263636e+03
1.530512804753954813e-03 5.576193355682103174e+03
1.533335276818033376e-03 5.585456155039258192e+03
1.536162953901323586e-03 5.594732735725709063e+03
1.538995845602584515e-03 5.604023111673673156e+03
1.541833961538272230e-03 5.613327296808602114e+03
1.544677311342582734e-03 5.622645305049011768e+03
1.547525904667472344e-03 5.631977150306436670e+03
1.550379751182702145e-03 5.641322846485347327e+03
1.553238860575865531e-03 5.650682407483104726e+03
1.556103242552415739e-03 5.660055847189782980e+03
1.558972906835710956e-03 5.669443179488178430e+03
1.561847863167034481e-03 5.678844418253682306e+03
1.564728121305638099e-03 5.688259577354209796e+03
1.567613691028771350e-03 5.697688670650160930e+03
1.570504582131709284e-03 5.707131711994243233e+03
1.573400804427797133e-03 5.716588715231427159e+03
1.576302367748471343e-03 5.726059694198941543e+03
1.579209281943302944e-03 5.735544662726079878e+03
1.582121556880027469e-03 5.745043634634161208e+03
1.585039202444572934e-03 5.754556623736446454e+03
1.587962228541104498e-03 5.764083643838062017e+03
1.590890645092045939e-03 5.773624708735927925e+03
1.593824462038123668e-03 5.783179832218580486e+03
1.596763689338396436e-03 5.792749028066247774e+03
1.599708336970284174e-03 5.802332310050618617e+03
1.602658414929612665e-03 5.811929691934819857e+03
1.605613933230635006e-03 5.821541187439283021e+03
1.608574901906076500e-03 5.831166810124855147e+03
1.611541331007164792e-03 5.840806573500776722e+03
1.614513230603657626e-03 5.850460491065826318e+03
1.617490610783890335e-03 5.860128576308305128e+03
1.620473481654794703e-03 5.869810842705871437e+03
1.623461853341946889e-03 5.879507303725556085e+03
1.626455735989595832e-03 5.889217972823580567e+03
1.629455139760692525e-03 5.898942863445286093e+03
1.632460074836935334e-03 5.908681989025049916e+03
1.635470551418798405e-03 5.918435362986184373e+03
1.638486579725562239e-03 5.928202998740838666e+03
1.641508169995360093e-03 5.937984909689954293e+03
1.644535332485198582e-03 5.947781109223076783e+03
1.647568077471004517e-03 5.957591610718324773e+03
1.650606415247655697e-03 5.967416427542349993e+03
1.653650356129008877e-03 5.977255573050071689e+03
1.656699910447948778e-03 5.987109060584772124e+03
1.659755088556408038e-03 5.996976903477885571e+03
1.662815900825414693e-03 6.006859115048922831e+03
1.665882357645122325e-03 6.016755708605401196e+03
1.668954469424840849e-03 6.026666697442751683e+03
1.672032246593082487e-03 6.036592094844165331e+03
1.675115699597584532e-03 6.046531914080582283e+03
1.678204838905356404e-03 6.056486168410527171e+03
1.681299675002710008e-03 6.066454871080022713e+03
1.684400218395290310e-03 6.076438035322519681e+03
1.687506479608123040e-03 6.086435674358805954e+03
1.690618469185636592e-03 6.096447801396857358e+03
1.693736197691709947e-03 6.106474429631781277e+03
1.696859675709703249e-03 6.116515572245695694e+03
1.699988913842488160e-03 6.126571242387157326e+03
1.703123922712497518e-03 6.136641453038208056e+03
1.706264712961745068e-03 6.146726217097408153e+03
1.709411295251875990e-03 6.156825547448050202e+03
1.712563680264196815e-03 6.166939456958249139e+03
1.715721878699706226e-03 6.177067958481027745e+03
1.718885901279144490e-03 6.187211064854075630e+03
1.722055758743015145e-03 6.197368788899687388e+03
1.725231461851633790e-03 6.207541143424689835e+03
1.728413021385159527e-03 6.217728141220274665e+03
1.731600448143626615e-03 6.227929795061932055e+03
1.734793752946992614e-03 6.238146117709339705e+03
1.737992946635161587e-03 6.248377121906212778e+03
1.741198040068033534e-03 6.258622820380296616e+03
1.744409044125534974e-03 6.268883225843150285e+03
1.747625969707651897e-03 6.279158350990103827e+03
1.750848827734475741e-03 6.289448208500135479e+03
1.754077629146236781e-03 6.299752811035710693e+03
1.757312384903334922e-03 6.310072171242821241e+03
1.760553105986389791e-03 6.320406301750703278e+03
1.763799803396263501e-03 6.330755215171823693e+03
1.767052488154110743e-03 6.341118924101746416e+03
1.770311171301410446e-03 6.351497441119054201e+03
1.773575863899998304e-03 6.361890778785177645e+03
1.776846577032117078e-03 6.372298949644349705e+03
1.780123321800438502e-03 6.382721966223470190e+03
1.783406109328115755e-03 6.393159841031947508e+03
1.786694950758813604e-03 6.403612586561701391e+03
1.789989857256742232e-03 6.414080215286930070e+03
1.793290840006707540e-03 6.424562739664084802e+03
1.796597910214134137e-03 6.435060172126849466e+03
1.799911079105116730e-03 6.445572524969534243e+03
1.803230357926452216e-03 6.456099810340288968e+03
1.806555757945672424e-03 6.466642040361472027e+03
1.809887290451095941e-03 6.477199227135387446e+03
1.813224966751850664e-03 6.487771382744148468e+03
1.816568798177925839e-03 6.498358519249604797e+03
1.819918796080204808e-03 6.508960648693267103e+03
1.823274971830497531e-03 6.519577783096030544e+03
1.826637336821593065e-03 6.530209934458270254e+03
1.830005902467282328e-03 6.540857114759506658e+03
1.833380680202410795e-03 6.551519335958443662e+03
1.836761681482911241e-03 6.562196609992804952e+03
1.840148917785837130e-03 6.572888948779130260e+03
1.843542400609414445e-03 6.583596364212819935e+03
1.846942141473066189e-03 6.594318868167824803e+03
1.850348151917464209e-03 6.605056472496725291e+03
1.853760443504563239e-03 6.615809189030402194e+03
1.857179027817633865e-03 6.626577029578071233e+03
1.860603916461315210e-03 6.637360005927088423e+03
1.864035121061639660e-03 6.648158129842866401e+03
1.867472653266084902e-03 6.658971413068725269e+03
1.870916524743608620e-03 6.669799867325772539e+03
1.874366747184681671e-03 6.680643504312789446e+03
1.877823332301341210e-03 6.691502335706099984e+03
1.881286291827215630e-03 6.702376373159443574e+03
1.884755637517577034e-03 6.713265628303865924e+03
1.888231381149376364e-03 6.724170112747615349e+03
1.891713534521276578e-03 6.735089838075917214e+03
1.895202109453707076e-03 6.746024815851033964e+03
1.898697117788887773e-03 6.756975057563741757e+03
1.902198571390882869e-03 6.767940574508384998e+03
1.905706482145636200e-03 6.778921377915579797e+03
1.909220861961003976e-03 6.789917478990687414e+03
1.912741722766810948e-03 6.800928888913708761e+03
1.916269076514873606e-03 6.811955618839030649e+03
1.919802935179055255e-03 6.822997679895476722e+03
1.923343310755300717e-03 6.834055083186005504e+03
1.926890215261671015e-03 6.845127839787684024e+03
1.930443660738397592e-03 6.856215960751550483e+03
1.934003659247908761e-03 6.867319457102361412e+03
1.937570222874882399e-03 6.878438339838635329e+03
1.941143363726282808e-03 6.889572619932398993e+03
1.944723093931394978e-03 6.900722308329070074e+03
1.948309425641880314e-03 6.911887415947384397e+03
1.951902371031800703e-03 6.923067953679197672e+03
1.955501942297675766e-03 6.934263932389339061e+03
1.959108151658515810e-03 6.945475362915569349e+03
1.962721011355859999e-03 6.956702256068307179e+03
1.966340533653829475e-03 6.967944622630663616e+03
1.969966730839154898e-03 6.979202473358133830e+03
1.973599615221230657e-03 6.990475818978585266e+03
1.977239199132151733e-03 7.001764670192084850e+03
1.980885494926748827e-03 7.013069037670698890e+03
1.984538514982645170e-03 7.024388932058470346e+03
1.988198271700281246e-03 7.035724363971218736e+03
1.991864777502972035e-03 7.047075343996380070e+03
1.995538044836943446e-03 7.058441882692950458e+03
1.999218086171366138e-03 7.069823990586853142e+03
2.002904913998415810e-03 7.081221678054770564e+03
2.006598540833295311e-03 7.092634955310974874e+03
2.010298979214294925e-03 7.104063832532250672e+03
2.014006241702826199e-03 7.115508319864489749e+03
2.017720340883459671e-03 7.126968427422509194e+03
2.021441289363982118e-03 7.138444165289976809e+03
2.025169099775422574e-03 7.149935543519207386e+03
2.028903784772109146e-03 7.161442572131055385e+03
2.032645357031706308e-03 7.172965261114767600e+03
2.036393829255251763e-03 7.184503620427783062e+03
2.040149214167214127e-03 7.196057659995670292e+03
2.043911524515518944e-03 7.207627389711925389e+03
2.047680773071606803e-03 7.219212819437814687e+03
2.051456972630471502e-03 7.230813959002298361e+03
2.055240136010695173e-03 7.242430818201819420e+03
2.059030276054505965e-03 7.254063406800128178e+03
2.062827405627814907e-03 7.265711734528260422e+03
2.066631537620252333e-03 7.277375811084245470e+03
2.070442684945228602e-03 7.289055646133057053e+03
2.074260860539958815e-03 7.300751249306394129e+03
2.078086077365522664e-03 7.312462630202605396e+03
2.081918348406901296e-03 7.324189798386501025e+03
2.085757686673016340e-03 7.335932763389181673e+03
2.089604105196788027e-03 7.347691534707893879e+03
2.093457617035161637e-03 7.359466121805969124e+03
2.097318235269168222e-03 7.371256534112522786e+03
2.101185973003962763e-03 7.383062781022448689e+03
2.105060843368860169e-03 7.394884871876345642e+03
2.108942859517397295e-03 7.406722815813132911e+03
2.112832034627358524e-03 7.418576621852012067e+03
2.116728381900836054e-03 7.430446298974951787e+03
2.120631914564269794e-03 7.442331856127158972e+03
2.124542645868483359e-03 7.454233302216827724e+03
2.128460589088743485e-03 7.466150646115082054e+03
2.132385757524798628e-03 7.478083896655834906e+03
2.136318164500917126e-03 7.490033062635500755e+03
2.140257823365946614e-03 7.501998152812984699e+03
2.144204747493345248e-03 7.513979175909415062e+03
2.148158950281238953e-03 7.525976140608026071e+03
2.152120445152460888e-03 7.537989055554008701e+03
2.156089245554592207e-03 7.550017929354344233e+03
2.160065364960022348e-03 7.562062770577636002e+03
2.164048816865975916e-03 7.574123587753954780e+03
2.168039614794574702e-03 7.586200389374651422e+03
2.172037772292878446e-03 7.598293183892262277e+03
2.176043302932921270e-03 7.610401979720307281e+03
2.180056220311775862e-03 7.622526785233102601e+03
2.184076538051580793e-03 7.634667608765616023e+03
2.188104269799601674e-03 7.646824458613366005e+03
2.192139429228271916e-03 7.658997343032173376e+03
2.196182030035232630e-03 7.671186270238019461e+03
2.200232085943392910e-03 7.683391248406956038e+03
2.204289610700961057e-03 7.695612285674857958e+03
2.208354618081505294e-03 7.707849390137264891e+03
2.212427121883993666e-03 7.720102569817740914e+03
2.216507135932834372e-03 7.732371832535628528e+03
2.220594674077940381e-03 7.744657186015499065e+03
2.224689750194754588e-03 7.756958637939384971e+03
2.228792378184316601e-03 7.769276195946576081e+03
2.232902571973300471e-03 7.781609867633494105e+03
2.237020345514055888e-03 7.793959660553538924e+03
2.241145712784673241e-03 7.806325582216850307e+03
2.245278687789008763e-03 7.818707640090131463e+03
2.249419284556753058e-03 7.831105841596681785e+03
2.253567517143467962e-03 7.843520194115884806e+03
2.257723399630628611e-03 7.855950704983361902e+03
2.261886946125688490e-03 7.868397381490534826e+03
2.266058170762106760e-03 7.880860230884724842e+03
2.270237087699414607e-03 7.893339260368732539e+03
2.274423711123254709e-03 7.905834477100786899e+03
2.278618055245423303e-03 7.918345888194399777e+03
2.282820134303933501e-03 7.930873500718094874e+03
2.287029962563047383e-03 7.943417321695316787e+03
2.291247554313338448e-03 7.955977358104278210e+03
2.295472923871733247e-03 7.968553616877638888e+03
2.299706085581555183e-03 7.981146104902521984e+03
2.303947053812586965e-03 7.993754829020211218e+03
2.308195842961102261e-03 8.006379796026048098e+03
2.312452467449929890e-03 8.019021012669184529e+03
2.316716941728496747e-03 8.031678485652541895e+03
2.320989280272869014e-03 8.044352221586922496e+03
2.325269497585819370e-03 8.057042226798072079e+03
2.329557608196853886e-03 8.069748507485082882e+03
2.333853626662281845e-03 8.082471069797798918e+03
2.338157567565256074e-03 8.095209919836546760e+03
2.342469445515815013e-03 8.107965063652010031e+03
2.346789275150949934e-03 8.120736507245007488e+03
2.351117071134634865e-03 8.133524256566261101e+03
2.355452848157893811e-03 8.146328317516385141e+03
2.359796620938842387e-03 8.159148695945507825e+03
2.364148404222731620e-03 8.171985397653153996e+03
2.368508212782014302e-03 8.184838428388188731e+03
2.372876061416376216e-03 8.197707793848392612e+03
2.377251964952802488e-03 8.210593499680462628e+03
2.381635938245621389e-03 8.223495551479783899e+03
2.386027996176547702e-03 8.236413954790188654e+03
2.390428153654749078e-03 8.249348715103851646e+03
2.394836425616878994e-03 8.262299837861040942e+03
2.399252827027141804e-03 8.275267328449941488e+03
2.403677372877340013e-03 8.288251192206558699e+03
2.408110078186914173e-03 8.301251434414381947e+03
2.412550958003012707e-03 8.314268060304289975e+03
2.417000027400523568e-03 8.327301075054367175e+03
2.421457301482142326e-03 8.340350483789707141e+03
2.425922795378415101e-03 8.353416291582178019e+03
2.430396524247784105e-03 8.366498503441533103e+03
2.434878503276655722e-03 8.379597124241401616e+03
2.439368747679431740e-03 8.392712158755768542e+03
2.443867272698579604e-03 8.405843611703321585e+03
2.448374093604674482e-03 8.418991487747802239e+03
2.452889225696446539e-03 8.432155791497776590e+03
2.457412684300848155e-03 8.445336527506420680e+03
2.461944484773086889e-03 8.458533700271340422e+03
2.466484642496694860e-03 8.471747314234418809e+03
2.471033172883572993e-03 8.484977373781559436e+03
2.475590091374036978e-03 8.498223883242580996e+03
2.480155413436886235e-03 8.511486846890924426e+03
2.484729154569436868e-03 8.524766268943554678e+03
2.489311330297591923e-03 8.538062153560620573e+03
2.493901956175885188e-03 8.551374504845540287e+03
2.498501047787528902e-03 8.564703326844459298e+03
2.503108620744482274e-03 8.578048623546330418e+03
2.507724690687484874e-03 8.591410398882591835e+03
2.512349273286127761e-03 8.604788656726999761e+03
2.516982384238899018e-03 8.618183400895459272e+03
2.521624039273228420e-03 8.631594635145753273e+03
2.526274254145558125e-03 8.645022363177453371e+03
2.530933044641385608e-03 8.658466588631708873e+03
2.535600426575313534e-03 8.671927315090892080e+03
2.540276415791116547e-03 8.685404546074656537e+03
2.544961028161779430e-03 8.698898284810000405e+03
2.549654279589564764e-03 8.712408534106323714e+03
2.554356186006061930e-03 8.725935296679674138e+03
2.559066763372232645e-03 8.739478575182674831e+03
2.563786027678482526e-03 8.753038372204104235e+03
2.568513994944696208e-03 8.766614690268859704e+03
2.573250681220307610e-03 8.780207531837697388e+03
2.577996102584349802e-03 8.793816899307063068e+03
2.582750275145498375e-03 8.807442795008730172e+03
2.587513215042146469e-03 8.821085221209836163e+03
2.592284938442438163e-03 8.834744180112407776e+03
2.597065461544341338e-03 8.848419673853377390e+03
2.601854800575696246e-03 8.862111704504279260e+03
2.606652971794259747e-03 8.875820274070963933e+03
2.611459991487782070e-03 8.889545384493580059e+03
2.616275875974039770e-03 8.903287037646143290e+03
2.621100641600908158e-03 8.917045235336494443e+03
2.625934304746412040e-03 8.930819979306066671e+03
2.630776881818770382e-03 8.944611271229512568e+03
2.635628389256469174e-03 8.958419112714795119e+03
2.640488843528309565e-03 8.972243505302672929e+03
2.645358261133455135e-03 8.986084450466643830e+03
2.650236658601506923e-03 8.999941949612755707e+03
2.655124052492538120e-03 9.013816004086951580e+03
2.660020459397169097e-03 9.027706615240964311e+03
2.664925895936615108e-03 9.041613784400211443e+03
2.669840378762735299e-03 9.055537512822942517e+03
2.674763924558108165e-03 9.069477801699669726e+03
2.679696550036066247e-03 9.083434652152820490e+03
2.684638271940771592e-03 9.097408065236673792e+03
2.689589107047264324e-03 9.111398041937116432e+03
2.694549072161513386e-03 9.125404583171357444e+03
2.699518184120489397e-03 9.139427689787793497e+03
2.704496459792202386e-03 9.153467362565750591e+03
2.709483916075778112e-03 9.167523602215334904e+03
2.714480569901504912e-03 9.181596409377167220e+03
2.719486438230886600e-03 9.195685784622155552e+03
2.724501538056716202e-03 9.209791728451386007e+03
2.729525886403112375e-03 9.223914241295800821e+03
2.734559500325597914e-03 9.238053323516005548e+03
2.739602396911147882e-03 9.252208975402209035e+03
2.744654593278239053e-03 9.266381197173717737e+03
2.749716106576928411e-03 9.280569988978992114e+03
2.754786953988889574e-03 9.294775350895359225e+03
2.759867152727489559e-03 9.308997282928707136e+03
2.764956720037837785e-03 9.323235785013364875e+03
2.770055673196839853e-03 9.337490856939901278e+03
2.775164029513271704e-03 9.351762497958878157e+03
2.780281806327818215e-03 9.366050707058802800e+03
2.785409021013152131e-03 9.380355483150813598e+03
2.790545690973983070e-03 9.394676825068943799e+03
2.795691833647107830e-03 9.409014731569843207e+03
2.800847466501492789e-03 9.423369201332696321e+03
2.806012607038305129e-03 9.437740232958874913e+03
2.811187272790997838e-03 9.452127824971747032e+03
2.816371481325356113e-03 9.466531975816395061e+03
2.821565250239551140e-03 9.480952683859552053e+03
2.826768597164218150e-03 9.495389947389125155e+03
2.831981539762495458e-03 9.509843764614293832e+03
2.837204095730101652e-03 9.524314133664956898e+03
2.842436282795389804e-03 9.538801052591723419e+03
2.847678118719397782e-03 9.553304519365570741e+03
2.852929621295927608e-03 9.567824531877686240e+03
2.858190808351585357e-03 9.582361087939227218e+03
2.863461697745859659e-03 9.596914185281075333e+03
2.868742307371174166e-03 9.611483821553643793e+03
2.874032655152940902e-03 9.626069994326535380e+03
2.879332759049639187e-03 9.640672701088557005e+03
2.884642637052855108e-03 9.655291939242051740e+03
2.889962307187363046e-03 9.669927706050310007e+03
2.895291787511176419e-03 9.684579998658091426e+03
2.900631096115601892e-03 9.699248814127182413e+03
2.905980251125320907e-03 9.713934149436609005e+03
2.911339270698426115e-03 9.728636001482444044e+03
2.916708173026507245e-03 9.743354367077745337e+03
2.922086976334699673e-03 9.758089242952109998e+03
2.927475698881740369e-03 9.772840625751488915e+03
2.932874358960049863e-03 9.787608512038090339e+03
2.938282974895770842e-03 9.802392898289979712e+03
2.943701565048849680e-03 9.817193780900928687e+03
2.949130147813091955e-03 9.832011156180273247e+03
2.954568741616214050e-03 9.846845020352488064e+03
2.960017364919928593e-03 9.861695369557099184e+03
2.965476036219981751e-03 9.876562199848485761e+03
2.970944774046236497e-03 9.891445507195452592e+03
2.976423596962728124e-03 9.906345287481226478e+03
2.981912523567718017e-03 9.921261536503154275e+03
2.987411572493776056e-03 9.936194249972337275e+03
2.992920762407821813e-03 9.951143423513600283e+03
2.998440112011208254e-03 9.966109052664627598e+03
3.003969640039775950e-03 9.981091132744761126e+03
3.009509365263908151e-03 9.996089658684868482e+03
3.015059306488614057e-03 1.001110462528418611e+04
3.020619482553571749e-03 1.002613602725151031e+04
3.026189912333209723e-03 1.004118385920502078e+04
3.031770614736764569e-03 1.005624811567211327e+04
3.037361608708333445e-03 1.007132879108905399e+04
3.042962913226962985e-03 1.008642587980076678e+04
3.048574547306686158e-03 1.010153937606065483e+04
3.054196529996610308e-03 1.011666927403031332e+04
3.059828880380971363e-03 1.013181556777930928e+04
3.065471617579190646e-03 1.014697825128483601e+04
3.071124760745959879e-03 1.016215731843171852e+04
3.076788329071282815e-03 1.017735276301192607e+04
3.082462341780560673e-03 1.019256457872452302e+04
3.088146818134649817e-03 1.020779275917527957e+04
3.093841777429916402e-03 1.022303729787646262e+04
3.099547238998324409e-03 1.023829818824677750e+04
3.105263222207475544e-03 1.025357542361088599e+04
3.110989746460697709e-03 1.026886899719920802e+04
3.116726831197101817e-03 1.028417890214504951e+04
3.122474495891636864e-03 1.029950513134356697e+04
3.128232760055175369e-03 1.031484767738846494e+04
3.134001643234571918e-03 1.033020653276024859e+04
3.139781165012716941e-03 1.034558168984184340e+04
3.145571345008629088e-03 1.036097314091843327e+04
3.151372202877492090e-03 1.037638087817707492e+04
3.157183758310747566e-03 1.039180489370652867e+04
3.163006031036150970e-03 1.040724517949708206e+04
3.168839040817827968e-03 1.042270172744017873e+04
3.174682807456361607e-03 1.043817452932819651e+04
3.180537350788849998e-03 1.045366357685432922e+04
3.186402690688968330e-03 1.046916886161229195e+04
3.192278847067039124e-03 1.048469037509586997e+04
3.198165839870110733e-03 1.050022810869896421e+04
3.204063689082012421e-03 1.051578205371527110e+04
3.209972414723429816e-03 1.053135220133790426e+04
3.215892036851959561e-03 1.054693854265928712e+04
3.221822575562199951e-03 1.056254106867090377e+04
3.227764050985794300e-03 1.057815977026301698e+04
3.233716483291519846e-03 1.059379463822411526e+04
3.239679892685349335e-03 1.060944566314663825e+04
3.245654299410506531e-03 1.062511283528317472e+04
3.251639723747560759e-03 1.064079614474563277e+04
3.257636186014468103e-03 1.065649558154115584e+04
3.263643706566662916e-03 1.067221113557217359e+04
3.269662305797118966e-03 1.068794279663597626e+04
3.275692004136406248e-03 1.070369055442441822e+04
3.281732822052785530e-03 1.071945439852384516e+04
3.287784780052249983e-03 1.073523431841471393e+04
3.293847898678619289e-03 1.075103030347141066e+04
3.299922198513597759e-03 1.076684234296194154e+04
3.306007700176835477e-03 1.078267042604777453e+04
3.312104424326021979e-03 1.079851454178351560e+04
3.318212391656928748e-03 1.081437467911663953e+04
3.324331622903501596e-03 1.083025082688741531e+04
3.330462138837925277e-03 1.084614297382841141e+04
3.336603960270678564e-03 1.086205110856442661e+04
3.342757108050632264e-03 1.087797521961227540e+04
3.348921603065092151e-03 1.089391529538021859e+04
3.355097466239892641e-03 1.090987132415527230e+04
3.361284718539457941e-03 1.092584329387953949e+04
3.367483380966863633e-03 1.094183119217869717e+04
3.373693474563931646e-03 1.095783500655964781e+04
3.379915020411273629e-03 1.097385472441704587e+04
3.386148039628387226e-03 1.098989033303295764e+04
3.392392553373718093e-03 1.100594181957675573e+04
3.398648582844718876e-03 1.102200917110483897e+04
3.404916149277948962e-03 1.103809237456023038e+04
3.411195273949115675e-03 1.105419141677256448e+04
3.417485978173171856e-03 1.107030628445765433e+04
3.423788283304379180e-03 1.108643696421729146e+04
3.430102210736368003e-03 1.110258344253898395e+04
3.436427781902235377e-03 1.111874570579586543e+04
3.442765018274590583e-03 1.113492374024614401e+04
3.449113941365651841e-03 1.115111753203306398e+04
3.455474572727307465e-03 1.116732706718467671e+04
3.461846933951181343e-03 1.118355233161341312e+04
3.468231046668728348e-03 1.119979331111605279e+04
3.474626932551281178e-03 1.121604999136534752e+04
3.481034613310147931e-03 1.123232235775068693e+04
3.487454110696674558e-03 1.124861039538406294e+04
3.493885446502309911e-03 1.126491408925240648e+04
3.500328642558702026e-03 1.128123342422371934e+04
3.506783720737747124e-03 1.129756838504667576e+04
3.513250702951684588e-03 1.131391895635054607e+04
3.519729611153164621e-03 1.133028512264480742e+04
3.526220467335309822e-03 1.134666686831890001e+04
3.532723293531815807e-03 1.136306417764211801e+04
3.539238111816995439e-03 1.137947703476311290e+04
3.545764944305882481e-03 1.139590542370996263e+04
3.552303813154291875e-03 1.141234932838958775e+04
3.558854740558887834e-03 1.142880873258769316e+04
3.565417748757281416e-03 1.144528361996856074e+04
3.571992860028078663e-03 1.146177397407464559e+04
3.578580096690981219e-03 1.147827977832639226e+04
3.585179481106851810e-03 1.149480101602202194e+04
3.591791035677777567e-03 1.151133767033729418e+04
3.598414782847173671e-03 1.152788972424300118e+04
3.605050745099829326e-03 1.154445716028462448e+04
3.611698944962009241e-03 1.156103996081283913e+04
3.618359405001519979e-03 1.157763810805226240e+04
3.625032147827774148e-03 1.159425158410114636e+04
3.631717196091895777e-03 1.161088037093112143e+04
3.638414572486764129e-03 1.162752445038691076e+04
3.645124299747119073e-03 1.164418380418622655e+04
3.651846400649626581e-03 1.166085841391928807e+04
3.658580898012944206e-03 1.167754826104886524e+04
3.665327814697825169e-03 1.169425332690962932e+04
3.672087173607166497e-03 1.171097359270833840e+04
3.678858997686111805e-03 1.172770903952329172e+04
3.685643309922119817e-03 1.174445964830413868e+04
3.692440133345028120e-03 1.176122539987172786e+04
3.699249491027161146e-03 1.177800627491777414e+04
3.706071406083376145e-03 1.179480225400455674e+04
3.712905901671168570e-03 1.181161331756476284e+04
3.719753000990739297e-03 1.182843944581405231e+04
3.726612727285062276e-03 1.184528061854557018e+04
3.733485103839989487e-03 1.186213681535904107e+04
3.740370153984300811e-03 1.187900801572105411e+04
3.747267901089808544e-03 1.189589419896480649e+04
3.754178368571425058e-03 1.191279534428994884e+04
3.761101579887232618e-03 1.192971143076218868e+04
3.768037558538587899e-03 1.194664243731311581e+04
3.774986328070171863e-03 1.196358834273995126e+04
3.781947912070097312e-03 1.198054912570529086e+04
3.788922334169976536e-03 1.199752476473685783e+04
3.795909618044989407e-03 1.201451523822730815e+04
3.802909787413991799e-03 1.203152052443380489e+04
3.809922866039565457e-03 1.204854060147799646e+04
3.816948877728124686e-03 1.206557544734561816e+04
3.823987846329985740e-03 1.208262503988629214e+04
3.831039795739437075e-03 1.209968935681326002e+04
3.838104749894846474e-03 1.211676837569023155e+04
3.845182732778711782e-03 1.213386207374038349e+04
3.852273768417769761e-03 1.215097042788704130e+04
3.859377880883061579e-03 1.216809341490963016e+04
3.866495094290023013e-03 1.218523101144782049e+04
3.873625432798553838e-03 1.220238319400124055e+04
3.880768920613107166e-03 1.221954993892922721e+04
3.887925581982781820e-03 1.223673122245083505e+04
3.895095441201389553e-03 1.225392702064410150e+04
3.902278522607548726e-03 1.227113730944629060e+04
3.909474850584752394e-03 1.228836206465332180e+04
3.916684449561461112e-03 1.230560126191963718e+04
3.923907344011190977e-03 1.232285487675800323e+04
3.931143558452587783e-03 1.234012288453919791e+04
3.938393117449518095e-03 1.235740526049182336e+04
3.945656045611137773e-03 1.237470197970195113e+04
3.952932367591985643e-03 1.239201301711297856e+04
3.960222108092074575e-03 1.240933834751050745e+04
3.967525291856965203e-03 1.242667794530493848e+04
3.974841943677854400e-03 1.244403178457972172e+04
3.982172088391646401e-03 1.246139983926723653e+04
3.989515750881063826e-03 1.247878208315358461e+04
3.996872956074700584e-03 1.249617848987822254e+04
4.004243728947133769e-03 1.251358903293388721e+04
4.011628094518996518e-03 1.253101368566616657e+04
4.019026077857053465e-03 1.254845242127337406e+04
4.026437704074310037e-03 1.256590521280637040e+04
4.033862998330067090e-03 1.258337203316812520e+04
4.041301985830035408e-03 1.260085285511359143e+04
4.048754691826409423e-03 1.261834765124957084e+04
4.056221141617938342e-03 1.263585639403428104e+04
4.063701360550041504e-03 1.265337905577725178e+04
4.071195374014864761e-03 1.267091560863890300e+04
4.078703207451390630e-03 1.268846602463067393e+04
4.086224886345515492e-03 1.270603027553411994e+04
4.093760436230121577e-03 1.272360833270290095e+04
4.101309882685196667e-03 1.274120016727884467e+04
4.108873251337880929e-03 1.275880575025109829e+04
4.116450567862589213e-03 1.277642505245628126e+04
4.124041857981084781e-03 1.279405804457797058e+04
4.131647147462549560e-03 1.281170469714663159e+04
4.139266462123705574e-03 1.282936498053932883e+04
4.146899827828867853e-03 1.284703886497938583e+04
4.154547270490062394e-03 1.286472632053639609e+04
4.162208816067097285e-03 1.288242731712577006e+04
4.169884490567644236e-03 1.290014182450853332e+04
4.177574320047353074e-03 1.291786981229121011e+04
4.185278330609904646e-03 1.293561124992549776e+04
4.192996548407133990e-03 1.295336610670809023e+04
4.200728999639102325e-03 1.297113435178036889e+04
4.208475710554175110e-03 1.298891595408076682e+04
4.216236707449140010e-03 1.300671088216298995e+04
4.224012016669261536e-03 1.302451910435433274e+04
4.231801664608402479e-03 1.304234058882419413e+04
4.239605677709099366e-03 1.306017530358345357e+04
4.247424082462640527e-03 1.307802321648464022e+04
4.255256905409181452e-03 1.309588429522150545e+04
4.263104173137807242e-03 1.311375850732879553e+04
4.270965912286648833e-03 1.313164582018205692e+04
4.278842149542961930e-03 1.314954620099746535e+04
4.286732911643203331e-03 1.316745961683153291e+04
4.294638225373154095e-03 1.318538603458090984e+04
4.302558117567971581e-03 1.320332542098218437e+04
4.310492615112316954e-03 1.322127774261156628e+04
4.318441744940429775e-03 1.323924296588485959e+04
4.326405534036205196e-03 1.325722105705472677e+04
4.334384009433320598e-03 1.327521198191989424e+04
4.342377198215285894e-03 1.329321570553311540e+04
4.350385127515573637e-03 1.331123219271225571e+04
4.358407824517691008e-03 1.332926140810834113e+04
4.366445316455263952e-03 1.334730331620545621e+04
4.374497630612158607e-03 1.336535788132047128e+04
4.382564794322536816e-03 1.338342506760281867e+04
4.390646834970983632e-03 1.340150483903430359e+04
4.398743779992582772e-03 1.341959715942893126e+04
4.406855656873001625e-03 1.343770199243241586e+04
4.414982493148610077e-03 1.345581930152243331e+04
4.423124316406541225e-03 1.347394905000803556e+04
4.431281154284818016e-03 1.349209120102946690e+04
4.439453034472428707e-03 1.351024571755822581e+04
4.447639984709411860e-03 1.352841256239643553e+04
4.455842032786982120e-03 1.354659169835832290e+04
4.464059206547583113e-03 1.356478308895635564e+04
4.472291533885019293e-03 1.358298669779779448e+04
4.480539042744536606e-03 1.360120248832689867e+04
4.488801761122898810e-03 1.361943042382479507e+04
4.497079717068520194e-03 1.363767046740929800e+04
4.505372938681521076e-03 1.365592258203454548e+04
4.513681454113856184e-03 1.367418673049105746e+04
4.522005291569394445e-03 1.369246287540531739e+04
4.530344479304006591e-03 1.371075097923977228e+04
4.538699045625684859e-03 1.372905100429251252e+04
4.547069018894609772e-03 1.374736291269711728e+04
4.555454427523275042e-03 1.376568666642240169e+04
4.563855299976571703e-03 1.378402222727246408e+04
4.572271664771867042e-03 1.380236955688622584e+04
4.580703550479140775e-03 1.382072861550116068e+04
4.589150985721037086e-03 1.383909935849963949e+04
4.597613999173000808e-03 1.385748173995830439e+04
4.606092619563358082e-03 1.387587571375040716e+04
4.614586875673397891e-03 1.389428123354585659e+04
4.623096796337507371e-03 1.391269825281093836e+04
4.631622410443225583e-03 1.393112672480791116e+04
4.640163746931382296e-03 1.394956660259498130e+04
4.648720834796176045e-03 1.396801783902596253e+04
4.657293703085260000e-03 1.398648038675001408e+04
4.665882380899874678e-03 1.400495419821155156e+04
4.674486897394908649e-03 1.402343922564979039e+04
4.683107281779029518e-03 1.404193542109884947e+04
4.691743563314770653e-03 1.406044273638714549e+04
4.700395771318612720e-03 1.407896112336110309e+04
4.709063935161123329e-03 1.409749053998370619e+04
4.717748084267009943e-03 1.411603095110618779e+04
4.726448248115259522e-03 1.413458232181618223e+04
4.735164456239221789e-03 1.415314461706831571e+04
4.743896738226696837e-03 1.417171780168428268e+04
4.752645123720066096e-03 1.419030184035243110e+04
4.761409642416357391e-03 1.420889669762802805e+04
4.770190324067377641e-03 1.422750233793276493e+04
4.778987198479795265e-03 1.424611872555499940e+04
4.787800295515252068e-03 1.426474582464947707e+04
4.796629645090448243e-03 1.428338359923717871e+04
4.805475277177253396e-03 1.430203201320531662e+04
4.814337221802821899e-03 1.432069103030731458e+04
4.823215509049674429e-03 1.433936061411836454e+04
4.832110169055815058e-03 1.435804072243592236e+04
4.841021232014814518e-03 1.437673130174905054e+04
4.849948728175925566e-03 1.439543229701925156e+04
4.858892687844195736e-03 1.441414365297884433e+04
4.867853141380551474e-03 1.443286531413111334e+04
4.876830119201916100e-03 1.445159722474996488e+04
4.885823651781290473e-03 1.447033932887953961e+04
4.894833769647890902e-03 1.448909157033442170e+04
4.903860503387214194e-03 1.450785389269889492e+04
4.912903883641176438e-03 1.452662623932717179e+04
4.921963941108201471e-03 1.454540855334289336e+04
4.931040706543308484e-03 1.456420077763910922e+04
4.940134210758255137e-03 1.458300285487792462e+04
4.949244484621600007e-03 1.460181472767247215e+04
4.958371559058840500e-03 1.462063634734109291e+04
4.967515465052506525e-03 1.463946767784060285e+04
4.976676233642248967e-03 1.465830868399978317e+04
4.985853895924979330e-03 1.467715933053385925e+04
4.995048483054936525e-03 1.469601958204427683e+04
5.004260026243826515e-03 1.471488940301890034e+04
5.013488556760915121e-03 1.473376875783184187e+04
5.022734105933115631e-03 1.475265761074344118e+04
5.031996705145133642e-03 1.477155592590015658e+04
5.041276385839533851e-03 1.479046366733454852e+04
5.050573179516877967e-03 1.480938079896545423e+04
5.059887117735820117e-03 1.482830728459752572e+04
5.069218232113197921e-03 1.484724308792160264e+04
5.078566554324173872e-03 1.486618816658424112e+04
5.087932116102304725e-03 1.488514243411808275e+04
5.097314949239682876e-03 1.490410578392080970e+04
5.106715085587029170e-03 1.492307810882671947e+04
5.116132557053787444e-03 1.494205930119951336e+04
5.125567395608265041e-03 1.496104925293231645e+04
5.135019633277705664e-03 1.498004785544680090e+04
5.144489302148428159e-03 1.499905499969302582e+04
5.153976434365925390e-03 1.501807057614892437e+04
5.163481062134952712e-03 1.503709447481990173e+04
5.173003217719678894e-03 1.505612658523841310e+04
5.182542933443748563e-03 1.507516679646345619e+04
5.192100241690434000e-03 1.509421499708054216e+04
5.201675174902725338e-03 1.511327107889548461e+04
5.211267765583424243e-03 1.513233500389217807e+04
5.220878046295296566e-03 1.515140679746599562e+04
5.230506049661133930e-03 1.517048648749133645e+04
5.240151808363908113e-03 1.518957410207417524e+04
5.249815355146859527e-03 1.520866966955237694e+04
5.259496722813596960e-03 1.522777321849605141e+04
5.269195944228244159e-03 1.524688477770777172e+04
5.278913052315511827e-03 1.526600437622321806e+04
5.288648080060839862e-03 1.528513204331121597e+04
5.298401060510501449e-03 1.530426780847434929e+04
5.308172026771694994e-03 1.532341170144921853e+04
5.317961012012692446e-03 1.534256375220674454e+04
5.327768049462913019e-03 1.536172398488795261e+04
5.337593172413071518e-03 1.538089232369960155e+04
5.347436414215273742e-03 1.540006861032386951e+04
5.357297808283117101e-03 1.541925268330715153e+04
5.367177388091838933e-03 1.543844438047892254e+04
5.377075187178385896e-03 1.545764353895110980e+04
5.386991239141571824e-03 1.547684999511760907e+04
5.396925577642167071e-03 1.549606358465354606e+04
5.406878236403002587e-03 1.551528414251483264e+04
5.416849249209120844e-03 1.553451150293760838e+04
5.426838649907846958e-03 1.555374549943770035e+04
5.436846472408938744e-03 1.557298596481012282e+04
5.446872750684691664e-03 1.559223273112869356e+04
5.456917518770032505e-03 1.561148565858760048e+04
5.466980810762675502e-03 1.563074476699952538e+04
5.477062660823192597e-03 1.565001013168938880e+04
5.487163103175170427e-03 1.566928182851616111e+04
5.497282172105307473e-03 1.568855993382201996e+04
5.507419901963515538e-03 1.570784452443249938e+04
5.517576327163075008e-03 1.572713567765750304e+04
5.527751482180704237e-03 1.574643347129140420e+04
5.537945401556721749e-03 1.576573798361389527e+04
5.548158119895139906e-03 1.578504929339030059e+04
5.558389671863770733e-03 1.580436747987227682e+04
5.568640092194378569e-03 1.582369262279833674e+04
5.578909415682758999e-03 1.584302479681671502e+04
5.589197677188888908e-03 1.586236393403051625e+04
5.599504911637034031e-03 1.588170981452403612e+04
5.609831154015846970e-03 1.590106221008279135e+04
5.620176439378526782e-03 1.592042089147959086e+04
5.630540802842894446e-03 1.593978562847373360e+04
5.640924279591547248e-03 1.595915618981053376e+04
5.651326904871966338e-03 1.597853234322051685e+04
5.661748713996614737e-03 1.599791385541878662e+04
5.672189742343101276e-03 1.601730049210458492e+04
5.682650025354251712e-03 1.603669201796053676e+04
5.693129598538270927e-03 1.605608819665233932e+04
5.703628497468845281e-03 1.607548879274355204e+04
5.714146757785246687e-03 1.609489369375369643e+04
5.724684415192494817e-03 1.611430298447965288e+04
5.735241505461428219e-03 1.613371676792276958e+04
5.745818064428872586e-03 1.615313514771121663e+04
5.756414127997738772e-03 1.617255822810072641e+04
5.767029732137132075e-03 1.619198611397490458e+04
5.777664912882511834e-03 1.621141891084600684e+04
5.788319706335768623e-03 1.623085672485510986e+04
5.798994148665386449e-03 1.625029966277293352e+04
5.809688276106550302e-03 1.626974783200043566e+04
5.820402124961249375e-03 1.628920134056905954e+04
5.831135731598441861e-03 1.630866029334518134e+04
5.841889132454132147e-03 1.632812466286666677e+04
5.852662364031535613e-03 1.634759425687209841e+04
5.863455462901178382e-03 1.636706887205102248e+04
5.874268465701031755e-03 1.638654830423892054e+04
5.885101409136623239e-03 1.640603234841670928e+04
5.895954329981168383e-03 1.642552079871048045e+04
5.906827265075709557e-03 1.644501344839091689e+04
5.917720251329224371e-03 1.646451008987327077e+04
5.928633325718760984e-03 1.648401051471675237e+04
5.939566525289544791e-03 1.650351451362449006e+04
5.950519887155119800e-03 1.652302187644309743e+04
5.961493448497482209e-03 1.654253240382501826e+04
5.972487246567192293e-03 1.656204599600175061e+04
5.983501318683512316e-03 1.658156260409859897e+04
5.994535702234511480e-03 1.660108217956171939e+04
6.005590434677209044e-03 1.662060467375167718e+04
6.016665553537713096e-03 1.664013003794361430e+04
6.027761096411328109e-03 1.665965822332735479e+04
6.038877100962694588e-03 1.667918918100760129e+04
6.050013604925894017e-03 1.669872286200396775e+04
6.061170646104620599e-03 1.671825921725124499e+04
6.072348262372256715e-03 1.673779819759924067e+04
6.083546491672048133e-03 1.675733975367702078e+04
6.094765372017212426e-03 1.677688382701621958e+04
6.106004941491050865e-03 1.679643034454277949e+04
6.117265238247120152e-03 1.681597923168171837e+04
6.128546300509312220e-03 1.683553041365777608e+04
6.139848166572026839e-03 1.685508381549566184e+04
6.151170874800286105e-03 1.687463936201991237e+04
6.162514463629840261e-03 1.689419697785510652e+04
6.173878971567348974e-03 1.691375658742620362e+04
6.185264437190455059e-03 1.693331811495815418e+04
6.196670899147965761e-03 1.695288148447659114e+04
6.208098396159958572e-03 1.697244661980617093e+04
6.219546967017900059e-03 1.699201344320222415e+04
6.231016650584816734e-03 1.701158187275410455e+04
6.242507485795379188e-03 1.703115182561623806e+04
6.254019511656078167e-03 1.705072321871614258e+04
6.265552767245337329e-03 1.707029596875479547e+04
6.277107291713626865e-03 1.708986999220666621e+04
6.288683124283641311e-03 1.710944520531979288e+04
6.300280304250381949e-03 1.712902152411604038e+04
6.311898870981334612e-03 1.714859886439120237e+04
6.323538863916583312e-03 1.716817714171505577e+04
6.335200322568925596e-03 1.718775627143313613e+04
6.346883286524053827e-03 1.720733617004709231e+04
6.358587795440632379e-03 1.722691675778490026e+04
6.370313889050484117e-03 1.724649795537320460e+04
6.382061607158701425e-03 1.726607968334095858e+04
6.393830989643763292e-03 1.728566186201954042e+04
6.405622076457714864e-03 1.730524441154287706e+04
6.417434907626255042e-03 1.732482725184768060e+04
6.429269523248911690e-03 1.734441030267373208e+04
6.441125963499163935e-03 1.736399348356381233e+04
6.453004268624555791e-03 1.738357671386408038e+04
6.464904478946880036e-03 1.740315991263480464e+04
6.476826634862261484e-03 1.742274299304102533e+04
6.488770776841339127e-03 1.744232585898972684e+04
6.500736945429388437e-03 1.746190841332426498e+04
6.512725181246433251e-03 1.748149055862208479e+04
6.524735524987434858e-03 1.750107219719493514e+04
6.536768017422372665e-03 1.752065323108910161e+04
6.548822699396433279e-03 1.754023356208547557e+04
6.560899611830126738e-03 1.755981309170004897e+04
6.572998795719406200e-03 1.757939172118391798e+04
6.585120292135851830e-03 1.759896935152352671e+04
6.597264142226761871e-03 1.761854588379734196e+04
6.609430387215333054e-03 1.763812122207205539e+04
6.621619068400784631e-03 1.765769527190648660e+04
6.633830227158477207e-03 1.767726793863591229e+04
6.646063904940097480e-03 1.769683912735582999e+04
6.658320143273751927e-03 1.771640874292274384e+04
6.670598983764147206e-03 1.773597668995374988e+04
6.682900468092716796e-03 1.775554287282735459e+04
6.695224638017738088e-03 1.777510719568339482e+04
6.707571535374524940e-03 1.779466956242340166e+04
6.719941202075514416e-03 1.781422987682577877e+04
6.732333680110455000e-03 1.783378804900245450e+04
6.744749011546529761e-03 1.785334399886852043e+04
6.757187238528480390e-03 1.787289764701592139e+04
6.769648403278795412e-03 1.789244891387655298e+04
6.782132548097798662e-03 1.791199771972251983e+04
6.794639715363845305e-03 1.793154398466647763e+04
6.807169947533439798e-03 1.795108762866173129e+04
6.819723287141359926e-03 1.797062857150266427e+04
6.832299776800855422e-03 1.799016673282501870e+04
6.844899459203728637e-03 1.800970203208936800e+04
6.857522377120534030e-03 1.802923437773695332e+04
6.870168573400700467e-03 1.804876364842512703e+04
6.882838090972656121e-03 1.806828971749080301e+04
6.895530972844023630e-03 1.808781245791677065e+04
6.908247262101706830e-03 1.810733174233256796e+04
6.920987001912092852e-03 1.812684744301447063e+04
6.933750235521170084e-03 1.814635943188621968e+04
6.946537006254657406e-03 1.816586758051899596e+04
6.959347357518202819e-03 1.818537176013246062e+04
6.972181332797470175e-03 1.820487184160230390e+04
6.985038975658336945e-03 1.822436770575391347e+04
6.997920329747025180e-03 1.824385926370287416e+04
7.010825438790221215e-03 1.826334643204405074e+04
7.023754346595281230e-03 1.828282912722166657e+04
7.036707097050317120e-03 1.830230726552913984e+04
7.049683734124399456e-03 1.832178076310991673e+04
7.062684301867682389e-03 1.834124953595742045e+04
7.075708844411533749e-03 1.836071349991558964e+04
7.088757405968734542e-03 1.838017257067937317e+04
7.101830030833570888e-03 1.839962666372180320e+04
7.114926763382034385e-03 1.841907568505602831e+04
7.128047648071953075e-03 1.843851952213413824e+04
7.141192729443120689e-03 1.845795805999196818e+04
7.154362052117493528e-03 1.847739118339192646e+04
7.167555660799291954e-03 1.849681877682334380e+04
7.180773600275195540e-03 1.851624072450323001e+04
7.194015915414479247e-03 1.853565691037631768e+04
7.207282651169139194e-03 1.855506721811573516e+04
7.220573852574098221e-03 1.857447153112365777e+04
7.233889564747302166e-03 1.859386973303558625e+04
7.247229832889920224e-03 1.861326171621874528e+04
7.260594702286472454e-03 1.863264738057316936e+04
7.273984218304998042e-03 1.865202662605555088e+04
7.287398426397184541e-03 1.867139935242702268e+04
7.300837372098538738e-03 1.869076545925308528e+04
7.314301101028556663e-03 1.871012484590470194e+04
7.327789658890854554e-03 1.872947741155804033e+04
7.341303091473340599e-03 1.874882305519556394e+04
7.354841444648346771e-03 1.876816167560605754e+04
7.368404764372799703e-03 1.878749316923338120e+04
7.381993096688391556e-03 1.880681742449911690e+04
7.395606487721714459e-03 1.882613432781578376e+04
7.409244983684432247e-03 1.884544376535582342e+04
7.422908630873412301e-03 1.886474562305257132e+04
7.436597475670901625e-03 1.888403978660049324e+04
7.450311564544697708e-03 1.890332614145572734e+04
7.464050944048281240e-03 1.892260457283701544e+04
7.477815660820993048e-03 1.894187496572569216e+04
7.491605761588159863e-03 1.896113720411077884e+04
7.505421293161306830e-03 1.898039116290112725e+04
7.519262302438254643e-03 1.899963671100019928e+04
7.533128836403335526e-03 1.901887371691800217e+04
7.547020942127522468e-03 1.903810204886772772e+04
7.560938666768574935e-03 1.905732157476671273e+04
7.574882057571246177e-03 1.907653216223685013e+04
7.588851161867385571e-03 1.909573367860528015e+04
7.602846027076150259e-03 1.911492599090523072e+04
7.616866700704147397e-03 1.913410896661209699e+04
7.630913230345565991e-03 1.915328249449981740e+04
7.644985663682398944e-03 1.917244648770343701e+04
7.659084048484539331e-03 1.919160086058670277e+04
7.673208432609997243e-03 1.921074552741530715e+04
7.687358864005040295e-03 1.922988040235746666e+04
7.701535390704330672e-03 1.924900539948424921e+04
7.715738060831145440e-03 1.926812043277013800e+04
7.729966922597476288e-03 1.928722541609344989e+04
7.744222024304247241e-03 1.930632026246027817e+04
7.758503414341455170e-03 1.932540485158982483e+04
7.772811141188312040e-03 1.934447901801874468e+04
7.787145253413463482e-03 1.936354259268263922e+04
7.801505799675090280e-03 1.938259540610030672e+04
7.815892828721129545e-03 1.940163728837464441e+04
7.830306389389415228e-03 1.942066806919336886e+04
7.844746530607821233e-03 1.943968757783017645e+04
7.859213301394486068e-03 1.945869564314579111e+04
7.873706750857906514e-03 1.947769209483440864e+04
7.888226928197171819e-03 1.949667679678981222e+04
7.902773882702097269e-03 1.951564965093419232e+04
7.917347663753371637e-03 1.953461056105306488e+04
7.931948320822780965e-03 1.955355943081948135e+04
7.946575903473312649e-03 1.957249616379455983e+04
7.961230461359379215e-03 1.959142066342808175e+04
7.975912044226962302e-03 1.961033283305923396e+04
7.990620701913753177e-03 1.962923257591703441e+04
8.005356484349392121e-03 1.964811979308456648e+04
8.020119441555553438e-03 1.966699436275119297e+04
8.034909623646191781e-03 1.968585614861852810e+04
8.049727080827672257e-03 1.970470501391087237e+04
8.064571863398926552e-03 1.972354082159507743e+04
8.079444021751674976e-03 1.974236343438140102e+04
8.094343606370534017e-03 1.976117271472451466e+04
8.109270667833248791e-03 1.977996852482431132e+04
8.124225256810831824e-03 1.979875072662673847e+04
8.139207424067717439e-03 1.981751918354721784e+04
8.154217220461990739e-03 1.983627376508357338e+04
8.169254696945489960e-03 1.985501434196605987e+04
8.184319904564042389e-03 1.987374078471042594e+04
8.199412894457608347e-03 1.989245296361903092e+04
8.214533717860437317e-03 1.991115074878148152e+04
8.229682426101288251e-03 1.992983401007581051e+04
8.244859070603549264e-03 1.994850261716897512e+04
8.260063702885461420e-03 1.996715643963488765e+04
8.275296374560276585e-03 1.998579534939541554e+04
8.290557137336397944e-03 2.000441922066322513e+04
8.305846043017624594e-03 2.002302792756590134e+04
8.321163143503250426e-03 2.004162134404419339e+04
8.336508490788308717e-03 2.006019934385300439e+04
8.351882136963714384e-03 2.007876180056213707e+04
8.367284134216423572e-03 2.009730858755729059e+04
8.382714534829664374e-03 2.011583957802713485e+04
8.398173391183044387e-03 2.013435463373202947e+04
8.413660755752798773e-03 2.015285358464106321e+04
8.429176681111932509e-03 2.017133625488753751e+04
8.444721219930373043e-03 2.018980246824838832e+04
8.460294424975221828e-03 2.020825204814540484e+04
8.475896349110844524e-03 2.022668481764655371e+04
8.491527045299131216e-03 2.024510059946731781e+04
8.507186566599633445e-03 2.026349921597211505e+04
8.522874966169732489e-03 2.028188049783522729e+04
8.538592297264866599e-03 2.030024432968427573e+04
8.554338613238655908e-03 2.031859061700772145e+04
8.570113967543134884e-03 2.033691926529604098e+04
8.585918413728908447e-03 2.035523017999775766e+04
8.601752005445316776e-03 2.037352326651986004e+04
8.617614796440662556e-03 2.039179843022893328e+04
8.633506840562341078e-03 2.041005557645141744e+04
8.649428191757070963e-03 2.042829460904245207e+04
8.665378904071055488e-03 2.044651541727982476e+04
8.681359031650143915e-03 2.046471788188299251e+04
8.697368628740069149e-03 2.048290188334243794e+04
8.713407749686565701e-03 2.050106730202534891e+04
8.729476448935619484e-03 2.051921401817630249e+04
8.745574781033615269e-03 2.053734191191829450e+04
8.761702800627510154e-03 2.055545086325381271e+04
8.777860562465066019e-03 2.057354074708559710e+04
8.794048121394974424e-03 2.059161138184458832e+04
8.810265532367101207e-03 2.060966255000127057e+04
8.826512850432651283e-03 2.062769403300858175e+04
8.842790130744317828e-03 2.064570561186351915e+04
8.859097428556545958e-03 2.066369706710891114e+04
8.875434799225633345e-03 2.068166817883547265e+04
8.891802298209995625e-03 2.069961872668380602e+04
8.908199981070320794e-03 2.071754849449821268e+04
8.924627903469727064e-03 2.073545730526150874e+04
8.941086121174023071e-03 2.075334500165712598e+04
8.957574690051818903e-03 2.077121142630088798e+04
8.974093666074781095e-03 2.078905642158951741e+04
8.990643105317788764e-03 2.080687982970169833e+04
9.007223063959134829e-03 2.082468149259977872e+04
9.023833598280701224e-03 2.084246125203092743e+04
9.040474764668156651e-03 2.086021896347438815e+04
9.057146619611169958e-03 2.087795454707678800e+04
9.073849219703578398e-03 2.089566794186731931e+04
9.090582621643594069e-03 2.091335908699791617e+04
9.107346882233968710e-03 2.093102792174190836e+04
9.124142058382208806e-03 2.094867438549418875e+04
9.140968207100778550e-03 2.096629841777182810e+04
9.157825385507280258e-03 2.098389995778109733e+04
9.174713650824650388e-03 2.100147889269920779e+04
9.191633060381329545e-03 2.101903500846312818e+04
9.208583671611512284e-03 2.103656807901008142e+04
9.225565542055275473e-03 2.105407787785157052e+04
9.242578729358836773e-03 2.107156417807550679e+04
9.259623291274715964e-03 2.108902675234841809e+04
9.276699285661913624e-03 2.110646537291783170e+04
9.293806770486166130e-03 2.112387981563579524e+04
9.310945803820068825e-03 2.114126990467887663e+04
9.328116443843336228e-03 2.115863549639406119e+04
9.345318748842977238e-03 2.117597644758257957e+04
9.362552777213459937e-03 2.119329261491782745e+04
9.379818587456982201e-03 2.121058385494718095e+04
9.397116238183580994e-03 2.122785002409312074e+04
9.414445788111413388e-03 2.124509097869133620e+04
9.431807296066921364e-03 2.126230658831743858e+04
9.449200820984994878e-03 2.127949675567271333e+04
9.466626421909256350e-03 2.129666138855906320e+04
9.484084157992164754e-03 2.131380039482664506e+04
9.501574088495298373e-03 2.133091368237444112e+04
9.519096272789519600e-03 2.134800115915130300e+04
9.536650770355151879e-03 2.136506273315638100e+04
9.554237640782245120e-03 2.138209829322545920e+04
9.571856943770704063e-03 2.139910757043623380e+04
9.589508739130555431e-03 2.141609021797988316e+04
9.607193086782124872e-03 2.143304588776450692e+04
9.624910046756210424e-03 2.144997423094969054e+04
9.642659679194353142e-03 2.146687489795053625e+04
9.660442044348963725e-03 2.148374753844171573e+04
9.678257202583596605e-03 2.150059180807160010e+04
9.696105214373126890e-03 2.151740754024867783e+04
9.713986140303918632e-03 2.153419476131216288e+04
9.731900041074109317e-03 2.155095350768213393e+04
9.749846977493731304e-03 2.156768381626058181e+04
9.767827010484987638e-03 2.158438572443085286e+04
9.785840201082430731e-03 2.160105927005629928e+04
9.803886610433139304e-03 2.161770449048199225e+04
9.821966299796995939e-03 2.163432132032950176e+04
9.840079330546813718e-03 2.165090950264980347e+04
9.858225764168615513e-03 2.166746875920865932e+04
9.876405662261812657e-03 2.168399881128309789e+04
9.894619086539385364e-03 2.170049937966469588e+04
9.912866098828158543e-03 2.171697018466297959e+04
9.931146761068937109e-03 2.173341094617295312e+04
9.949461135316780072e-03 2.174982141014687659e+04
9.967809283741187881e-03 2.176620138952204070e+04
9.986191268626277637e-03 2.178255070758462534e+04
1.000460715237106064e-02 2.179886918746850279e+04
1.002305699748960201e-02 2.181515665215728222e+04
1.004154086661125655e-02 2.183141292448625973e+04
1.006005882248087527e-02 2.184763782721137613e+04
1.007861092795901518e-02 2.186383122499218007e+04
1.009719724602217011e-02 2.187999309637530314e+04
1.011581783976295799e-02 2.189612343932678777e+04
1.013447277239034987e-02 2.191222225218850872e+04
1.015316210722988499e-02 2.192828953367762006e+04
1.017188590772388074e-02 2.194432528288624235e+04
1.019064423743165984e-02 2.196032949858354550e+04
1.020943716002974642e-02 2.197630202576873853e+04
1.022826473931209672e-02 2.199224236210186064e+04
1.024712703919031069e-02 2.200814995665836250e+04
1.026602412369384543e-02 2.202402425730473988e+04
1.028495605697025278e-02 2.203986471070637708e+04
1.030392290328536672e-02 2.205567076233559419e+04
1.032292472702353928e-02 2.207144186259763228e+04
1.034196159268785040e-02 2.208717779514339418e+04
1.036103356490035085e-02 2.210287884399865652e+04
1.038014070840224436e-02 2.211854533544923470e+04
1.039928308805413218e-02 2.213417759711373219e+04
1.041846076883623171e-02 2.214977595793734872e+04
1.043767381584857941e-02 2.216534074818666704e+04
1.045692229431128585e-02 2.218087226589314378e+04
1.047620626956472130e-02 2.219637026502556182e+04
1.049552580706975512e-02 2.221183405609293914e+04
1.051488097240797781e-02 2.222726293524152425e+04
1.053427183128191093e-02 2.224265619705562131e+04
1.055369844951526206e-02 2.225801313456868957e+04
1.057316089305310874e-02 2.227333303927411907e+04
1.059265922796214301e-02 2.228861531160794402e+04
1.061219352043089523e-02 2.230385996039528982e+04
1.063176383676995088e-02 2.231906720405216038e+04
1.065137024341219867e-02 2.233423726220517710e+04
1.067101280691301786e-02 2.234937035550129440e+04
1.069069159395053328e-02 2.236446670560380153e+04
1.071040667132583390e-02 2.237952653288732472e+04
1.073015810596319314e-02 2.239454986018280761e+04
1.074994596491031344e-02 2.240953636188509336e+04
1.076977031533853449e-02 2.242448567653046121e+04
1.078963122454306735e-02 2.243939744209979108e+04
1.080952875994322868e-02 2.245427129602388595e+04
1.082946298908265582e-02 2.246910687518882332e+04
1.084943397962956704e-02 2.248390383099914470e+04
1.086944179937694883e-02 2.249866194227119922e+04
1.088948651624281616e-02 2.251338105222102240e+04
1.090956819827042582e-02 2.252806100457742650e+04
1.092968691362853489e-02 2.254270164309028405e+04
1.094984273061159509e-02 2.255730281153273245e+04
1.097003571764000422e-02 2.257186435355080903e+04
1.099026594326034389e-02 2.258638610138631338e+04
1.101053347614559461e-02 2.260086786808284523e+04
1.103083838509539248e-02 2.261530946479984050e+04
1.105118073903624092e-02 2.262971070264764421e+04
1.107156060702175343e-02 2.264407139269015170e+04
1.109197805823288786e-02 2.265839134594758798e+04
1.111243316197817535e-02 2.267267037451855140e+04
1.113292598769398054e-02 2.268690829610344372e+04
1.115345660494470106e-02 2.270110493015451721e+04
1.117402508342302259e-02 2.271526009611332120e+04
1.119463149295015642e-02 2.272937361341214273e+04
1.121527590347606851e-02 2.274344530147695332e+04
1.123595838507973621e-02 2.275747497825079336e+04
1.125667900796935988e-02 2.277146244086083243e+04
1.127743784248261272e-02 2.278540747100866429e+04
1.129823495908688358e-02 2.279930984994879327e+04
1.131907042837950600e-02 2.281316935885050407e+04
1.133994432108802533e-02 2.282698577880153971e+04
1.136085670807039302e-02 2.284075889124919922e+04
1.138180766031524765e-02 2.285448849696883917e+04
1.140279724894213004e-02 2.286817442338977708e+04
1.142382554520173996e-02 2.288181649992288658e+04
1.144489262047618076e-02 2.289541455602900533e+04
1.146599854627918143e-02 2.290896842122141970e+04
1.148714339425636020e-02 2.292247792503558594e+04
1.150832723618544842e-02 2.293594289093905536e+04
1.152955014397656457e-02 2.294936312916437237e+04
1.155081218967242244e-02 2.296273844822277169e+04
1.157211344544860007e-02 2.297606865664206998e+04
1.159345398361377039e-02 2.298935356296927421e+04
1.161483387660995625e-02 2.300259297575646633e+04
1.163625319701278200e-02 2.301578668582356840e+04
1.165771201753170068e-02 2.302893443266406030e+04
1.167921041101025424e-02 2.304203594643127872e+04
1.170074845042631817e-02 2.305509095713664283e+04
1.172232620889234085e-02 2.306809919465403073e+04
1.174394375965562461e-02 2.308106038874810838e+04
1.176560117609852345e-02 2.309397433818193167e+04
1.178729853173873104e-02 2.310684106290103591e+04
1.180903590022951144e-02 2.311966062750781566e+04
1.183081335535995579e-02 2.313243309722602862e+04
1.185263097105524431e-02 2.314515853789830362e+04
1.187448882137687005e-02 2.315783701582415961e+04
1.189638698052291298e-02 2.317046841185740777e+04
1.191832552282828112e-02 2.318305206195759820e+04
1.194030452276496207e-02 2.319558720181187164e+04
1.196232405494229711e-02 2.320807306593723843e+04
1.198438419410720150e-02 2.322050888769579251e+04
1.200648501514443335e-02 2.323289390085892228e+04
1.202862659307685732e-02 2.324522767411740278e+04
1.205080900306567705e-02 2.325751052967255600e+04
1.207303232041072663e-02 2.326974289357331872e+04
1.209529662055068046e-02 2.328192519327631453e+04
1.211760197906334297e-02 2.329405785763564927e+04
1.213994847166588453e-02 2.330614130940489486e+04
1.216233617421512772e-02 2.331817558172877034e+04
1.218476516270776758e-02 2.333016013345438114e+04
1.220723551328065093e-02 2.334209437683068609e+04
1.222974730221103486e-02 2.335397772339429139e+04
1.225230060591683476e-02 2.336580958398188159e+04
1.227489550095690538e-02 2.337758938584706630e+04
1.229753206403127672e-02 2.338931684585013863e+04
1.232021037198141947e-02 2.340099192323669558e+04
1.234293050179051908e-02 2.341261458512551326e+04
1.236569253058371516e-02 2.342418479908695008e+04
1.238849653562840158e-02 2.343570253314305592e+04
1.241134259433444159e-02 2.344716773035199003e+04
1.243423078425445923e-02 2.345858017081044818e+04
1.245716118308409434e-02 2.346993957006542769e+04
1.248013386866226627e-02 2.348124564346930129e+04
1.250314891897145488e-02 2.349249810634481400e+04
1.252620641213793122e-02 2.350369667409328758e+04
1.254930642643205252e-02 2.351484109147839627e+04
1.257244904026851018e-02 2.352593117317630822e+04
1.259563433220660215e-02 2.353696674420265117e+04
1.261886238095051745e-02 2.354794762977476421e+04
1.264213326534956681e-02 2.355887365531450996e+04
1.266544706439847595e-02 2.356974464530341720e+04
1.268880385723764916e-02 2.358056040484404002e+04
1.271220372315342781e-02 2.359132072279958084e+04
1.273564674157838875e-02 2.360202538767686201e+04
1.275913299209157324e-02 2.361267418813581753e+04
1.278266255441878364e-02 2.362326691299391314e+04
1.280623550843284011e-02 2.363380334998607213e+04
1.282985193415387901e-02 2.364428328223495555e+04
1.285351191174958704e-02 2.365470649187698291e+04
1.287721552153549623e-02 2.366507276121020550e+04
1.290096284397524926e-02 2.367538187269858827e+04
1.292475395968086839e-02 2.368563361107439778e+04
1.294858894941306078e-02 2.369582780633116636e+04
1.297246789408143877e-02 2.370596433211705153e+04
1.299639087474483562e-02 2.371604306417622865e+04
1.302035797261156570e-02 2.372606387859462120e+04
1.304436926903969861e-02 2.373602665179194810e+04
1.306842484553735230e-02 2.374593122278897499e+04
1.309252478376294639e-02 2.375577730807806438e+04
1.311666916552548662e-02 2.376556459930108394e+04
1.314085807278485285e-02 2.377529278815126236e+04
1.316509158765205925e-02 2.378496156638034154e+04
1.318936979238956655e-02 2.379457063184941944e+04
1.321369276941151798e-02 2.380411975037027150e+04
1.323806060128404280e-02 2.381360873062977771e+04
1.326247337072553739e-02 2.382303738224634799e+04
1.328693116060693236e-02 2.383240551511261947e+04
1.331143405395200825e-02 2.384171293947945014e+04
1.333598213393762631e-02 2.385095947064542997e+04
1.336057548389404763e-02 2.386014493155742821e+04
1.338521418730520031e-02 2.386926914609974847e+04
1.340989832780898477e-02 2.387833193846950599e+04
1.343462798919752010e-02 2.388733313317830107e+04
1.345940325541746148e-02 2.389627252951235641e+04
1.348422421057026907e-02 2.390514983753546039e+04
1.350909093891248906e-02 2.391396474787609623e+04
1.353400352485607111e-02 2.392271695129918953e+04
1.355896205296861293e-02 2.393140613871234382e+04
1.358396660797367081e-02 2.394003202832757233e+04
1.360901727475104239e-02 2.394859453721798491e+04
1.363411413833704941e-02 2.395709367120433308e+04
1.365925728392485168e-02 2.396552943711721309e+04
1.368444679686469864e-02 2.397390184239775772e+04
1.370968276266423813e-02 2.398221087645588705e+04
1.373496526698881302e-02 2.399045626192558848e+04
1.376029439566173358e-02 2.399863752157596537e+04
1.378567023466460012e-02 2.400675417330437631e+04
1.381109287013755627e-02 2.401480573496670331e+04
1.383656238837960295e-02 2.402279173081307090e+04
1.386207887584889331e-02 2.403071185926669932e+04
1.388764241916300851e-02 2.403856600927783074e+04
1.391325310509928907e-02 2.404635407993253466e+04
1.393891102059508294e-02 2.405407597081631684e+04
1.396461625274806814e-02 2.406173158062491711e+04
1.399036888881654422e-02 2.406932074283091788e+04
1.401616901621971500e-02 2.407684319851314649e+04
1.404201672253802685e-02 2.408429868204920786e+04
1.406791209551340634e-02 2.409168692812471636e+04
1.409385522304960024e-02 2.409900767483469463e+04
1.411984619321245311e-02 2.410626087065746469e+04
1.414588509423023686e-02 2.411344680512665218e+04
1.417197201449390577e-02 2.412056579985626013e+04
1.419810704255742607e-02 2.412761817747170790e+04
1.422429026713807089e-02 2.413460425327588018e+04
1.425052177711671163e-02 2.414152374948158831e+04
1.427680166153815107e-02 2.414837540864316543e+04
1.430313000961137664e-02 2.415515788091713694e+04
1.432950691070990386e-02 2.416186981559710694e+04
1.435593245437205567e-02 2.416850987693657589e+04
1.438240673030127814e-02 2.417507758273509171e+04
1.440892982836645790e-02 2.418157372462981220e+04
1.443550183860219105e-02 2.418799919966217203e+04
1.446212285120911968e-02 2.419435490651396685e+04
1.448879295655422332e-02 2.420064172421601324e+04
1.451551224517113117e-02 2.420685983391861737e+04
1.454228080776043958e-02 2.421300857631362305e+04
1.456909873518999823e-02 2.421908724214692120e+04
1.459596611849522767e-02 2.422509512211090623e+04
1.462288304887943494e-02 2.423103152441472048e+04
1.464984961771411028e-02 2.423689607505993627e+04
1.467686591653926710e-02 2.424268867673685236e+04
1.470393203706370742e-02 2.424840924194344552e+04
1.473104807116536533e-02 2.425405768378597713e+04
1.475821411089161227e-02 2.425963390354706280e+04
1.478543024845955373e-02 2.426513768321927637e+04
1.481269657625638655e-02 2.427056873823545902e+04
1.484001318683965225e-02 2.427592678373689705e+04
1.486738017293759428e-02 2.428121153531414529e+04
1.489479762744944785e-02 2.428642273072750322e+04
1.492226564344579197e-02 2.429156021633961063e+04
1.494978431416881665e-02 2.429662387268180464e+04
1.497735373303266809e-02 2.430161358090850626e+04
1.500497399362376791e-02 2.430652922263476648e+04
1.503264518970110972e-02 2.431137063406093512e+04
1.506036741519661479e-02 2.431613754185097787e+04
1.508814076421540785e-02 2.432082965705189781e+04
1.511596533103616059e-02 2.432544669121043262e+04
1.514384121011140907e-02 2.432998836006021520e+04
1.517176849606786428e-02 2.433445448110346842e+04
1.519974728370676424e-02 2.433884498390410954e+04
1.522777766800415336e-02 2.434315980443633089e+04
1.525585974411122758e-02 2.434739887936400191e+04
1.528399360735465708e-02 2.435156211157312282e+04
1.531217935323690021e-02 2.435564914177900573e+04
1.534041707743655572e-02 2.435965949014450962e+04
1.536870687580864543e-02 2.436359267661960985e+04
1.539704884438496645e-02 2.436744822225670214e+04
1.542544307937441204e-02 2.437122591372102761e+04
1.545388967716329262e-02 2.437492620855871064e+04
1.548238873431568956e-02 2.437854966963688639e+04
1.551094034757373452e-02 2.438209686090885225e+04
1.553954461385797896e-02 2.438556828222621334e+04
1.556820163026770461e-02 2.438896328329561948e+04
1.559691149408124790e-02 2.439228022832718852e+04
1.562567430275637118e-02 2.439551744954561946e+04
1.565449015393052812e-02 2.439867327907871731e+04
1.568335914542124190e-02 2.440174654204928083e+04
1.571228137522642093e-02 2.440473803571204189e+04
1.574125694152471097e-02 2.440764905145451849e+04
1.577028594267579353e-02 2.441048088209965499e+04
1.579936847722074322e-02 2.441323478118842831e+04
1.582850464388236081e-02 2.441591096046614985e+04
1.585769454156549588e-02 2.441850852580838546e+04
1.588693826935741460e-02 2.442102653007639674e+04
1.591623592652809116e-02 2.442346402652280085e+04
1.594558761253057552e-02 2.442582022451145895e+04
1.597499342700132302e-02 2.442809497450505660e+04
1.600445346976052050e-02 2.443028829246466194e+04
1.603396784081246099e-02 2.443240019517986730e+04
1.606353664034583864e-02 2.443443069559859941e+04
1.609315996873411647e-02 2.443637971757602281e+04
1.612283792653585943e-02 2.443824710459983908e+04
1.615257061449506051e-02 2.444003269802097566e+04
1.618235813354153285e-02 2.444173633990763847e+04
1.621220058479119069e-02 2.444335782593960903e+04
1.624209806954642760e-02 2.444489682138297940e+04
1.627205068929644602e-02 2.444635296963289147e+04
1.630205854571761120e-02 2.444772591484326767e+04
1.633212174067380507e-02 2.444901531255723967e+04
1.636224037621675231e-02 2.445022091453166286e+04
1.639241455458636393e-02 2.445134252377807934e+04
1.642264437821110840e-02 2.445237994459587208e+04
1.645292994970833783e-02 2.445333299013680880e+04
1.648327137188465921e-02 2.445420180153532783e+04
1.651366874773625010e-02 2.445498695500480972e+04
1.654412218044924027e-02 2.445568905766006719e+04
1.657463177340003438e-02 2.445630871735546316e+04
1.660519763015570055e-02 2.445684603769199748e+04
1.663581985447427913e-02 2.445729951430720757e+04
1.666649855030515742e-02 2.445766732401560876e+04
1.669723382178942006e-02 2.445794764440993094e+04
1.672802577326019599e-02 2.445813891634616084e+04
1.675887450924304703e-02 2.445824156149456758e+04
1.678978013445625930e-02 2.445825690597329594e+04
1.682074275381124917e-02 2.445818628146579067e+04
1.685176247241290670e-02 2.445803096186037874e+04
1.688283939555992874e-02 2.445779110922685140e+04
1.691397362874523178e-02 2.445746589161413067e+04
1.694516527765625377e-02 2.445705444295605048e+04
1.697641444817533235e-02 2.445655590609812498e+04
1.700772124638007601e-02 2.445596993639964785e+04
1.703908577854370068e-02 2.445529700364266682e+04
1.707050815113542869e-02 2.445453765092814501e+04
1.710198847082080448e-02 2.445369242125361416e+04
1.713352684446208668e-02 2.445276130137479413e+04
1.716512337911860198e-02 2.445174278682422664e+04
1.719677818204709552e-02 2.445063512711468138e+04
1.722849136070214032e-02 2.444943657304059161e+04
1.726026302273644258e-02 2.444814590795587719e+04
1.729209327600124066e-02 2.444676418429616388e+04
1.732398222854666936e-02 2.444529306033820467e+04
1.735592998862210690e-02 2.444373419496207134e+04
1.738793666467659121e-02 2.444208894283650807e+04
1.742000236535912877e-02 2.444035674239886794e+04
1.745212719951909353e-02 2.443853628977059634e+04
1.748431127620658429e-02 2.443662628077878253e+04
1.751655470467283066e-02 2.443462553699518685e+04
1.754885759437051218e-02 2.443253395145020841e+04
1.758122005495415738e-02 2.443035196402137808e+04
1.761364219628051841e-02 2.442808001980344125e+04
1.764612412840892847e-02 2.442571851336433974e+04
1.767866596160170070e-02 2.442326728111026750e+04
1.771126780632447870e-02 2.442072581719188383e+04
1.774392977324661461e-02 2.441809361198539409e+04
1.777665197324155427e-02 2.441537018048851678e+04
1.780943451738719804e-02 2.441255533282901888e+04
1.784227751696632058e-02 2.440964908088662924e+04
1.787518108346688311e-02 2.440665144145377781e+04
1.790814532858246363e-02 2.440356242341406323e+04
1.794117036421261427e-02 2.440038191943527272e+04
1.797425630246322556e-02 2.439710974081075619e+04
1.800740325564697403e-02 2.439374569826859806e+04
1.804061133628361013e-02 2.439028961146615620e+04
1.807388065710040584e-02 2.438674139693991674e+04
1.810721133103251196e-02 2.438310103675851497e+04
1.814060347122334327e-02 2.437936851526985993e+04
1.817405719102498790e-02 2.437554380061099073e+04
1.820757260399854388e-02 2.437162668029956330e+04
1.824114982391454934e-02 2.436761683439148692e+04
1.827478896475333292e-02 2.436351394277498548e+04
1.830849014070543013e-02 2.435931769619848637e+04
1.834225346617196842e-02 2.435502786552852558e+04
1.837607905576502804e-02 2.435064426171582090e+04
1.840996702430805834e-02 2.434616669723562882e+04
1.844391748683625251e-02 2.434159503551216403e+04
1.847793055859696040e-02 2.433692944139567771e+04
1.851200635505004591e-02 2.433217019290700046e+04
1.854614499186830329e-02 2.432731756916891754e+04
1.858034658493784227e-02 2.432237170754745239e+04
1.861461125035846972e-02 2.431733215513148389e+04
1.864893910444413369e-02 2.431219830733897834e+04
1.868333026372324263e-02 2.430696956158918329e+04
1.871778484493911640e-02 2.430164551098240190e+04
1.875230296505035407e-02 2.429622626610313819e+04
1.878688474123124674e-02 2.429071202343934056e+04
1.882153029087219043e-02 2.428510297889347567e+04
1.885623973158003647e-02 2.427939921959057028e+04
1.889101318117853562e-02 2.427360065444154316e+04
1.892585075770871275e-02 2.426770717706976575e+04
1.896075257942926931e-02 2.426171867751238824e+04
1.899571876481702393e-02 2.425563494236136466e+04
1.903074943256724896e-02 2.424945565874860768e+04
1.906584470159412154e-02 2.424318051123041369e+04
1.910100469103111209e-02 2.423680921348793709e+04
1.913622952023136953e-02 2.423034172912251961e+04
1.917151930876818955e-02 2.422377815448736874e+04
1.920687417643534081e-02 2.421711858825798117e+04
1.924229424324751594e-02 2.421036306818883895e+04
1.927777962944073400e-02 2.420351137732857751e+04
1.931333045547273600e-02 2.419656323424127913e+04
1.934894684202342896e-02 2.418951836085280956e+04
1.938462890999524679e-02 2.418237667096151563e+04
1.942037678051358740e-02 2.417513843567063668e+04
1.945619057492721168e-02 2.416780396607713919e+04
1.949207041480869804e-02 2.416037354350604801e+04
1.952801642195478582e-02 2.415284691321393620e+04
1.956402871838683680e-02 2.414522336459659709e+04
1.960010742635123412e-02 2.413750217459614578e+04
1.963625266831979521e-02 2.412968275714034098e+04
1.967246456699021928e-02 2.412176529749547262e+04
1.970874324528644472e-02 2.411375025452774571e+04
1.974508882635910706e-02 2.410563808718352084e+04
1.978150143358595181e-02 2.409742910838343960e+04
1.981798119057223695e-02 2.408912332787854029e+04
1.985452822115120128e-02 2.408072071895277622e+04
1.989114264938441484e-02 2.407222122652809412e+04
1.992782459956223690e-02 2.406362434026604387e+04
1.996457419620424265e-02 2.405492919408547459e+04
2.000139156405963264e-02 2.404613491492900721e+04
2.003827682810768035e-02 2.403724105700318614e+04
2.007523011355811723e-02 2.402824896688749504e+04
2.011225154585158381e-02 2.401916046230333086e+04
2.014934125066004944e-02 2.400997731650590140e+04
2.018649935388723560e-02 2.400069956259016180e+04
2.022372598166906343e-02 2.399132493851881736e+04
2.026102126037405624e-02 2.398185102976976850e+04
2.029838531660376963e-02 2.397227576986075655e+04
2.033581827719323568e-02 2.396259942425592453e+04
2.037332026921138267e-02 2.395282322680644211e+04
2.041089141996149658e-02 2.394294840924819073e+04
2.044853185698159576e-02 2.393297577445309435e+04
2.048624170804490968e-02 2.392290536156381131e+04
2.052402110116028841e-02 2.391273713209437483e+04
2.056187016457267092e-02 2.390247101480497804e+04
2.059978902676348061e-02 2.389210664873445421e+04
2.063777781645107293e-02 2.388164352780835907e+04
2.067583666259118977e-02 2.387108115063744117e+04
2.071396569437736548e-02 2.386041942688070776e+04
2.075216504124142297e-02 2.384965905431468855e+04
2.079043483285383798e-02 2.383880082029456753e+04
2.082877519912423175e-02 2.382784532746149489e+04
2.086718627020178740e-02 2.381679167578893248e+04
2.090566817647570089e-02 2.380563823687105833e+04
2.094422104857565289e-02 2.379438339926821936e+04
2.098284501737218352e-02 2.378302681580540957e+04
2.102154021397719189e-02 2.377157023244250013e+04
2.106030676974436633e-02 2.376001559043682937e+04
2.109914481626961810e-02 2.374836461581473486e+04
2.113805448539156709e-02 2.373661775049636344e+04
2.117703590919193732e-02 2.372477495946026102e+04
2.121608921999602881e-02 2.371283617092623535e+04
2.125521455037317556e-02 2.370080016426483053e+04
2.129441203313717570e-02 2.368866438508792635e+04
2.133368180134678077e-02 2.367642621061043246e+04
2.137302398830609809e-02 2.366408412885379585e+04
2.141243872756506961e-02 2.365164056376957160e+04
2.145192615291991595e-02 2.363909881067677998e+04
2.149148639841360134e-02 2.362646188159416488e+04
2.153111959833629852e-02 2.361372940549573468e+04
2.157082588722580851e-02 2.360089876244385596e+04
2.161060539986804294e-02 2.358796731834704769e+04
2.165045827129747150e-02 2.357493409974960014e+04
2.169038463679761122e-02 2.356180102266929316e+04
2.173038463190143585e-02 2.354857029082465306e+04
2.177045839239186154e-02 2.353524366227965220e+04
2.181060605430221178e-02 2.352182078929647105e+04
2.185082775391666843e-02 2.350830070193319989e+04
2.189112362777075743e-02 2.349468245522408324e+04
2.193149381265178249e-02 2.348096540895389990e+04
2.197193844559928999e-02 2.346714914921349555e+04
2.201245766390556510e-02 2.345323327599711047e+04
2.205305160511605508e-02 2.343921784018658582e+04
2.209372040702990009e-02 2.342510364578318331e+04
2.213446420770031828e-02 2.341089156833376910e+04
2.217528314543514012e-02 2.339658226302580806e+04
2.221617735879724206e-02 2.338217553604398199e+04
2.225714698660502880e-02 2.336767099084252186e+04
2.229819216793292938e-02 2.335306830155393982e+04
2.233931304211181704e-02 2.333836776268351969e+04
2.238050974872951571e-02 2.332356999914660264e+04
2.242178242763127882e-02 2.330867561274506079e+04
2.246313121892022646e-02 2.329368453913307530e+04
2.250455626295789699e-02 2.327859601401226973e+04
2.254605770036462870e-02 2.326340924635085321e+04
2.258763567202010450e-02 2.324812385388932671e+04
2.262929031906378563e-02 2.323274026535389203e+04
2.267102178289545286e-02 2.321725900609675591e+04
2.271283020517561937e-02 2.320168057797033180e+04
2.275471572782604424e-02 2.318600539249245412e+04
2.279667849303020771e-02 2.317023384027726206e+04
2.283871864323378659e-02 2.315436624119971748e+04
2.288083632114518151e-02 2.313840240575449207e+04
2.292303166973593334e-02 2.312234192480420097e+04
2.296530483224125396e-02 2.310618442068633522e+04
2.300765595216049120e-02 2.308992992509302712e+04
2.305008517325762840e-02 2.307357876762591695e+04
2.309259263956179101e-02 2.305713128737332227e+04
2.313517849536768367e-02 2.304058788033803648e+04
2.317784288523612457e-02 2.302394900754289120e+04
2.322058595399451725e-02 2.300721512746770532e+04
2.326340784673733633e-02 2.299038614418069847e+04
2.330630870882666530e-02 2.297346099658200183e+04
2.334928868589261630e-02 2.295643853319347545e+04
2.339234792383388176e-02 2.293931844377911693e+04
2.343548656881820624e-02 2.292210258323171729e+04
2.347870476728287914e-02 2.290479314777392574e+04
2.352200266593526892e-02 2.288739163637889214e+04
2.356538041175326031e-02 2.286989694944539951e+04
2.360883815198580246e-02 2.285230738440720233e+04
2.365237603415338077e-02 2.283462155751883984e+04
2.369599420604852694e-02 2.281683972256896959e+04
2.373969281573634973e-02 2.279896266636564542e+04
2.378347201155497567e-02 2.278099120082115041e+04
2.382733194211610409e-02 2.276292631556650304e+04
2.387127275630547552e-02 2.274476907560326072e+04
2.391529460328343723e-02 2.272652039958240130e+04
2.395939763248536997e-02 2.270817987389340851e+04
2.400358199362224304e-02 2.268974637293459818e+04
2.404784783668111742e-02 2.267121881487631617e+04
2.409219531192563490e-02 2.265259664409260222e+04
2.413662456989658367e-02 2.263387964308411392e+04
2.418113576141232846e-02 2.261506771096933517e+04
2.422572903756937956e-02 2.259616226672971607e+04
2.427040454974288552e-02 2.257716584344626972e+04
2.431516244958714310e-02 2.255808083571130919e+04
2.436000288903615932e-02 2.253890707001314513e+04
2.440492602030407826e-02 2.251964229646086460e+04
2.444993199588577429e-02 2.250028432612959659e+04
2.449502096855733779e-02 2.248083296899935522e+04
2.454019309137658172e-02 2.246128975219956192e+04
2.458544851768362099e-02 2.244165621143823591e+04
2.463078740110130962e-02 2.242193305651047922e+04
2.467620989553582014e-02 2.240212027083982321e+04
2.472171615517714666e-02 2.238221780426591067e+04
2.476730633449961486e-02 2.236222541423149596e+04
2.481298058826246142e-02 2.234214269144635546e+04
2.485873907151028503e-02 2.232196926064985746e+04
2.490458193957361538e-02 2.230170536005279791e+04
2.495050934806943704e-02 2.228135173612725339e+04
2.499652145290169949e-02 2.226090916986579396e+04
2.504261841026189303e-02 2.224037873443961871e+04
2.508880037662951368e-02 2.221976172525671427e+04
2.513506750877264259e-02 2.219905929917782487e+04
2.518141996374843872e-02 2.217827084281385032e+04
2.522785789890374247e-02 2.215739454524154644e+04
2.527438147187552678e-02 2.213642876007644736e+04
2.532099084059147298e-02 2.211537366442014172e+04
2.536768616327050516e-02 2.209423049420178722e+04
2.541446759842331399e-02 2.207300048125563990e+04
2.546133530485294311e-02 2.205168473712363993e+04
2.550828944165525400e-02 2.203028431460744468e+04
2.555533016821950887e-02 2.200880003623035009e+04
2.560245764422890841e-02 2.198723132111048471e+04
2.564967202966111914e-02 2.196557705980339961e+04
2.569697348478887020e-02 2.194383640297252350e+04
2.574436217018040776e-02 2.192200967816386765e+04
2.579183824670010228e-02 2.190009755035172566e+04
2.583940187550898965e-02 2.187810076961436789e+04
2.588705321806528126e-02 2.185602037030364227e+04
2.593479243612498847e-02 2.183385744277026242e+04
2.598261969174238059e-02 2.181161272623446348e+04
2.603053514727058509e-02 2.178928613757407220e+04
2.607853896536214272e-02 2.176687747946822492e+04
2.612663130896951749e-02 2.174438666631778688e+04
2.617481234134573856e-02 2.172181379340378771e+04
2.622308222604483388e-02 2.169915898120950806e+04
2.627144112692248248e-02 2.167642254989993671e+04
2.631988920813651753e-02 2.165360504286174546e+04
2.636842663414750224e-02 2.163070697071942413e+04
2.641705356971931623e-02 2.160772820486455748e+04
2.646577017991964820e-02 2.158466814035227071e+04
2.651457663012061691e-02 2.156152657989644649e+04
2.656347308599928125e-02 2.153830663931683375e+04
2.661245971353828552e-02 2.151501300878442999e+04
2.666153667902631391e-02 2.149164849746003893e+04
2.671070414905873588e-02 2.146820728346709438e+04
2.675996229053813694e-02 2.144468110141858051e+04
2.680931127067488415e-02 2.142106595284757714e+04
2.685875125698773680e-02 2.139736900451527617e+04
2.690828241730435638e-02 2.137359912057516340e+04
2.695790491976189293e-02 2.134976008645121692e+04
2.700761893280758524e-02 2.132584800036729212e+04
2.705742462519928129e-02 2.130185850978285816e+04
2.710732216600609049e-02 2.127779048346578929e+04
2.715731172460886939e-02 2.125364560792432530e+04
2.720739347070084274e-02 2.122942573313801404e+04
2.725756757428817595e-02 2.120513330014907115e+04
2.730783420569053710e-02 2.118077103235813047e+04
2.735819353554172495e-02 2.115634021514864071e+04
2.740864573479016852e-02 2.113183640659512093e+04
2.745919097469956549e-02 2.110725378726069175e+04
2.750982942684944421e-02 2.108259086583093813e+04
2.756056126313573273e-02 2.105785474251701089e+04
2.761138665577140758e-02 2.103305323238066194e+04
2.766230577728697945e-02 2.100818751226505265e+04
2.771331880053114899e-02 2.098325198066970552e+04
2.776442589867136879e-02 2.095824147482167973e+04
2.781562724519442281e-02 2.093315711390025172e+04
2.786692301390706825e-02 2.090800323395106534e+04
2.791831337893654896e-02 2.088278318133336870e+04
2.796979851473123391e-02 2.085749652470241926e+04
2.802137859606118261e-02 2.083214195766181001e+04
2.807305379801879400e-02 2.080671881678692807e+04
2.812482429601932676e-02 2.078122752391219547e+04
2.817669026580153432e-02 2.075566864266693301e+04
2.822865188342826501e-02 2.073004331254468343e+04
2.828070932528703105e-02 2.070435312914277165e+04
2.833286276809066778e-02 2.067859937175457890e+04
2.838511238887785407e-02 2.065278147798463760e+04
2.843745836501376800e-02 2.062689824502152260e+04
2.848990087419066633e-02 2.060094917933157558e+04
2.854244009442848465e-02 2.057493540267035860e+04
2.859507620407549314e-02 2.054885824112327464e+04
2.864780938180882044e-02 2.052271862816637440e+04
2.870063980663510594e-02 2.049651711150963092e+04
2.875356765789111382e-02 2.047025421474831091e+04
2.880659311524430208e-02 2.044393041277819793e+04
2.885971635869350946e-02 2.041754616042644193e+04
2.891293756856947589e-02 2.039110198721354027e+04
2.896625692553550860e-02 2.036459860940338331e+04
2.901967461058807540e-02 2.033803673470240028e+04
2.907319080505741879e-02 2.031141624787807814e+04
2.912680569060822205e-02 2.028473621528124932e+04
2.918051944924013666e-02 2.025799603119115272e+04
2.923433226328845877e-02 2.023119735907403447e+04
2.928824431542474335e-02 2.020434273556076005e+04
2.934225578865739051e-02 2.017743357796114651e+04
2.939636686633234630e-02 2.015046884983150085e+04
2.945057773213361971e-02 2.012344730472713127e+04
2.950488857008397997e-02 2.009636957238221657e+04
2.955929956454553947e-02 2.006923784553007135e+04
2.961381090022044069e-02 2.004205399148205106e+04
2.966842276215140781e-02 2.001481812009029454e+04
2.972313533572241290e-02 1.998752981813452425e+04
2.977794880665930732e-02 1.996018870454085481e+04
2.983286336103042891e-02 1.993279444762131970e+04
2.988787918524729234e-02 1.990534695443468445e+04
2.994299646606514084e-02 1.987784849005020078e+04
2.999821539058363309e-02 1.985030268486103159e+04
3.005353614624746081e-02 1.982271138146568774e+04
3.010895892084698364e-02 1.979507104388702282e+04
3.016448390251890224e-02 1.976737737143441336e+04
3.022011127974683423e-02 1.973963121702672652e+04
3.027584124136199761e-02 1.971183861413529667e+04
3.033167397654383882e-02 1.968400448620058887e+04
3.038760967482066061e-02 1.965612670112783235e+04
3.044364852607033683e-02 1.962820085071345238e+04
3.049979072052083975e-02 1.960022675847660867e+04
3.055603644875097558e-02 1.957221109852308291e+04
3.061238590169100202e-02 1.954415995368385484e+04
3.066883927062325627e-02 1.951606849933965714e+04
3.072539674718287664e-02 1.948792610884405076e+04
3.078205852335835768e-02 1.945972801458611866e+04
3.083882479149225794e-02 1.943148412039064351e+04
3.089569574428184875e-02 1.940320591309132215e+04
3.095267157477973180e-02 1.937489527022136463e+04
3.100975247639458851e-02 1.934654653377689465e+04
3.106693864289171089e-02 1.931815541731078702e+04
3.112423026839374399e-02 1.928972333282884574e+04
3.118162754738129996e-02 1.926125294516980284e+04
3.123913067469368671e-02 1.923274571523522536e+04
3.129673984552948374e-02 1.920420181230205708e+04
3.135445525544724998e-02 1.917562145560682256e+04
3.141227710036618298e-02 1.914700544301346599e+04
3.147020557656676765e-02 1.911835474820600575e+04
3.152824088069149794e-02 1.908967009491952194e+04
3.158638320974546665e-02 1.906095186045763694e+04
3.164463276109707318e-02 1.903220038347479203e+04
3.170298973247870356e-02 1.900341591880933993e+04
3.176145432198736879e-02 1.897459869052316208e+04
3.182002672808543348e-02 1.894574920022657898e+04
3.187870714960122642e-02 1.891686842601917670e+04
3.193749578572974146e-02 1.888795736141432280e+04
3.199639283603332440e-02 1.885901676472790859e+04
3.205539850044232530e-02 1.883004727778594679e+04
3.211451297925582704e-02 1.880104975666779865e+04
3.217373647314226981e-02 1.877202549457654823e+04
3.223306918314013808e-02 1.874297569734491844e+04
3.229251131065868224e-02 1.871390023130263216e+04
3.235206305747855005e-02 1.868479820450133411e+04
3.241172462575254987e-02 1.865566932644255576e+04
3.247149621800625441e-02 1.862651468632347314e+04
3.253137803713870152e-02 1.859733554832184018e+04
3.259137028642314360e-02 1.856813304946182689e+04
3.265147316950765127e-02 1.853890824487053760e+04
3.271168689041591138e-02 1.850966202649488332e+04
3.277201165354780288e-02 1.848039489635268183e+04
3.283244766368016015e-02 1.845110726641181827e+04
3.289299512596745301e-02 1.842179918633891430e+04
3.295365424594251524e-02 1.839247046984273402e+04
3.301442522951716918e-02 1.836312165389156144e+04
3.307530828298298198e-02 1.833375512237097428e+04
3.313630361301195260e-02 1.830437336905037591e+04
3.319741142665718486e-02 1.827497681992192520e+04
3.325863193135368545e-02 1.824556451965328961e+04
3.331996533491892593e-02 1.821613571618574497e+04
3.338141184555364765e-02 1.818669022935010071e+04
3.344297167184255570e-02 1.815722816523515939e+04
3.350464502275497802e-02 1.812775198326371174e+04
3.356643210764567037e-02 1.809826568213601786e+04
3.362833313625540610e-02 1.806877099380619256e+04
3.369034831871178109e-02 1.803926401165245989e+04
3.375247786552987989e-02 1.800974060632676265e+04
3.381472198761300424e-02 1.798020363476294006e+04
3.387708089625342256e-02 1.795066035844714133e+04
3.393955480313302214e-02 1.792111463546131927e+04
3.400214392032405858e-02 1.789156224616610780e+04
3.406484846028989821e-02 1.786199848687614212e+04
3.412766863588567734e-02 1.783242546351607598e+04
3.419060466035914181e-02 1.780284931327203958e+04
3.425365674735122296e-02 1.777327246639551959e+04
3.431682511089687027e-02 1.774368921115319608e+04
3.438010996542570363e-02 1.771409382829011520e+04
3.444351152576285297e-02 1.768449043224728666e+04
3.450703000712955493e-02 1.765488850630349043e+04
3.457066562514395092e-02 1.762529255428503166e+04
3.463441859582182952e-02 1.759569708809465374e+04
3.469828913557730654e-02 1.756609636208446318e+04
3.476227746122366458e-02 1.753649229826928058e+04
3.482638378997394979e-02 1.750689064212037192e+04
3.489060833944180456e-02 1.747729410048030695e+04
3.495495132764218221e-02 1.744769983562561902e+04
3.501941297299205474e-02 1.741810505442914291e+04
3.508399349431125941e-02 1.738851164985428113e+04
3.514869311082309544e-02 1.735892361957696630e+04
3.521351204215516367e-02 1.732934274230842129e+04
3.527845050834008123e-02 1.729976713114207814e+04
3.534350872981623093e-02 1.727019508454248717e+04
3.540868692742855928e-02 1.724062843026035625e+04
3.547398532242922176e-02 1.721107042105292203e+04
3.553940413647842245e-02 1.718152257175578052e+04
3.560494359164512179e-02 1.715198378155839600e+04
3.567060391040779987e-02 1.712245328701821927e+04
3.573638531565527521e-02 1.709293369518555119e+04
3.580228803068732923e-02 1.706342879379964143e+04
3.586831227921557369e-02 1.703393859672138569e+04
3.593445828536416531e-02 1.700445788053874276e+04
3.600072627367056910e-02 1.697498257516960803e+04
3.606711646908637020e-02 1.694551715215976219e+04
3.613362909697794695e-02 1.691606892853497266e+04
3.620026438312729661e-02 1.688664076742580437e+04
3.626702255373277783e-02 1.685722974435099968e+04
3.633390383540992946e-02 1.682783325525497639e+04
3.640090845519217133e-02 1.679845237555872882e+04
3.646803664053159533e-02 1.676908936679847830e+04
3.653528861929976335e-02 1.673974588922136900e+04
3.660266461978843588e-02 1.671042285572039327e+04
3.667016487071043246e-02 1.668112087174317276e+04
3.673778960120028386e-02 1.665183923156411038e+04
3.680553904081512034e-02 1.662257686758460841e+04
3.687341341953538632e-02 1.659333451638462429e+04
3.694141296776561750e-02 1.656411513483733870e+04
3.700953791633532219e-02 1.653492110269939076e+04
3.707778849649961961e-02 1.650575119703152814e+04
3.714616493994011420e-02 1.647660315937892665e+04
3.721466747876566589e-02 1.644747877447932478e+04
3.728329634551315330e-02 1.641838492330277586e+04
3.735205177314834812e-02 1.638932656920000227e+04
3.742093399506658119e-02 1.636029668479645443e+04
3.748994324509360987e-02 1.633128446399473069e+04
3.755907975748639521e-02 1.630228848048178588e+04
3.762834376693389993e-02 1.627331996256210732e+04
3.769773550855792105e-02 1.624438935045738617e+04
3.776725521791380463e-02 1.621549721995553773e+04
3.783690313099131314e-02 1.618664046774762210e+04
3.790667948421539563e-02 1.615781597641166991e+04
3.797658451444699962e-02 1.612902060543674452e+04
3.804661845898391070e-02 1.610025206968553357e+04
3.811678155556148806e-02 1.607151419499527765e+04
3.818707404235350406e-02 1.604281343745011327e+04
3.825749615797296305e-02 1.601415221266953267e+04
3.832804814147293404e-02 1.598552548003630363e+04
3.839873023234730010e-02 1.595692827272659270e+04
3.846954267053159793e-02 1.592836378683680050e+04
3.854048569640385752e-02 1.589983971360135547e+04
3.861155955078536539e-02 1.587136108304301524e+04
3.868276447494158055e-02 1.584292641953481871e+04
3.875410071058283529e-02 1.581453328099983082e+04
3.882556849986520953e-02 1.578617910028403639e+04
3.889716808539137038e-02 1.575786122137359780e+04
3.896889971021134935e-02 1.572957872924782350e+04
3.904076361782345822e-02 1.570133684159329096e+04
3.911276005217497603e-02 1.567314192217299751e+04
3.918488925766309972e-02 1.564499541179047992e+04
3.925715147913570735e-02 1.561689335598457728e+04
3.932954696189220473e-02 1.558883240130369995e+04
3.940207595168440657e-02 1.556081419368035313e+04
3.947473869471727903e-02 1.553284215332376516e+04
3.954753543764984169e-02 1.550491820458952134e+04
3.962046642759598641e-02 1.547704160301974844e+04
3.969353191212528914e-02 1.544921158225066938e+04
3.976673213926394668e-02 1.542143027468162109e+04
3.984006735749548445e-02 1.539370164989383375e+04
3.991353781576169324e-02 1.536602747231786634e+04
3.998714376346342719e-02 1.533840189094490779e+04
4.006088545046147809e-02 1.531081767632145056e+04
4.013476312707744270e-02 1.528327522025445069e+04
4.020877704409450693e-02 1.525578428010699463e+04
4.028292745275834780e-02 1.522835382909012878e+04
4.035721460477795924e-02 1.520098235608797040e+04
4.043163875232656107e-02 1.517366334307644502e+04
4.050620014804238306e-02 1.514639314533108700e+04
4.058089904502954620e-02 1.511917624923034782e+04
4.065573569685895089e-02 1.509201838868730556e+04
4.073071035756908875e-02 1.506492080596387314e+04
4.080582328166698636e-02 1.503787958393506779e+04
4.088107472412896154e-02 1.501089114450962188e+04
4.095646494040156710e-02 1.498395703695023076e+04
4.103199418640243040e-02 1.495708137773316230e+04
4.110766271852109299e-02 1.493026700151005025e+04
4.118347079361999591e-02 1.490351238570886017e+04
4.125941866903519439e-02 1.487681512533361820e+04
4.133550660257732934e-02 1.485017468456361894e+04
4.141173485253247383e-02 1.482359340276321382e+04
4.148810367766301438e-02 1.479707375769715873e+04
4.156461333720855994e-02 1.477061681241958468e+04
4.164126409088676067e-02 1.474422253336739232e+04
4.171805619889423083e-02 1.471789087312782794e+04
4.179498992190740919e-02 1.469162188507591600e+04
4.187206552108346108e-02 1.466541566225068163e+04
4.194928325806120128e-02 1.463927265686104693e+04
4.202664339496189200e-02 1.461319451636509075e+04
4.210414619439020040e-02 1.458718311416999495e+04
4.218179191943507295e-02 1.456123917185315986e+04
4.225958083367059581e-02 1.453536127829165162e+04
4.233751320115700101e-02 1.450954784933239898e+04
4.241558928644141580e-02 1.448379886264793276e+04
4.249380935455883412e-02 1.445811609045988553e+04
4.257217367103301869e-02 1.443250127459624127e+04
4.265068250187741689e-02 1.440695439151153005e+04
4.272933611359602118e-02 1.438147407096589086e+04
4.280813477318427818e-02 1.435605942020753719e+04
4.288707874813003917e-02 1.433071419419329322e+04
4.296616830641438595e-02 1.430544462646663123e+04
4.304540371651269237e-02 1.428025549669263637e+04
4.312478524739534608e-02 1.425514217285511040e+04
4.320431316852878234e-02 1.423009628603089550e+04
4.328398774987637920e-02 1.420511137030578720e+04
4.336380926189932483e-02 1.418019053900294784e+04
4.344377797555765836e-02 1.415533993706545152e+04
4.352389416231101232e-02 1.413056464178974238e+04
4.360415809411968130e-02 1.410586515109212814e+04
4.368457004344547534e-02 1.408124070077466240e+04
4.376513028325263593e-02 1.405669051963524907e+04
4.384583908700885602e-02 1.403221379276084372e+04
4.392669672868607794e-02 1.400780969748851203e+04
4.400770348276150656e-02 1.398347799439432674e+04
4.408885962421852517e-02 1.395922097736791693e+04
4.417016542854757671e-02 1.393504161669696987e+04
4.425162117174723936e-02 1.391094207111297328e+04
4.433322713032499668e-02 1.388692047274745892e+04
4.441498358129826463e-02 1.386297369654524300e+04
4.449689080219532133e-02 1.383909929902174372e+04
4.457894907105621612e-02 1.381529922000940314e+04
4.466115866643382420e-02 1.379157715595041191e+04
4.474351986739463077e-02 1.376793637510049484e+04
4.482603295351977185e-02 1.374437607903609933e+04
4.490869820490596409e-02 1.372089316043813233e+04
4.499151590216651786e-02 1.369748466496855690e+04
4.507448632643216990e-02 1.367415064934943621e+04
4.515760975935211030e-02 1.365089382211674092e+04
4.524088648309494698e-02 1.362771694369530451e+04
4.532431678034960776e-02 1.360462151807803275e+04
4.540790093432640201e-02 1.358160714024683148e+04
4.549163922875787414e-02 1.355867324615199504e+04
4.557553194789979584e-02 1.353581940366511481e+04
4.565957937653217918e-02 1.351304558654566972e+04
4.574378179996015786e-02 1.349035184695224234e+04
4.582813950401509046e-02 1.346773823669886588e+04
4.591265277505538617e-02 1.344520481178233422e+04
4.599732189996754567e-02 1.342275162966098287e+04
4.608214716616712558e-02 1.340037875585143775e+04
4.616712886159970303e-02 1.337808656799266646e+04
4.625226727474193028e-02 1.335587582604109048e+04
4.633756269460238830e-02 1.333374730805089530e+04
4.642301541072262755e-02 1.331170154740685211e+04
4.650862571317818800e-02 1.328973813976438942e+04
4.659439389257948733e-02 1.326785645485924579e+04
4.668032024007297276e-02 1.324605590140596360e+04
4.676640504734190518e-02 1.322433658474925869e+04
4.685264860660749708e-02 1.320269924068585715e+04
4.693905121062983549e-02 1.318114462278029168e+04
4.702561315270888109e-02 1.315967324568041658e+04
4.711233472668555772e-02 1.313828468572897873e+04
4.719921622694259189e-02 1.311697828775599919e+04
4.728625794840561614e-02 1.309575341637840938e+04
4.737346018654411961e-02 1.307461007970082210e+04
4.746082323737255831e-02 1.305354912503003470e+04
4.754834739745119471e-02 1.303257145076933557e+04
4.763603296388722180e-02 1.301167784530050631e+04
4.772388023433573462e-02 1.299086808990266036e+04
4.781188950700071549e-02 1.297014140641800441e+04
4.790006108063616513e-02 1.294949701503911638e+04
4.798839525454692834e-02 1.292893430884374720e+04
4.807689232858985279e-02 1.290845343251287341e+04
4.816555260317475357e-02 1.288805473713877109e+04
4.825437637926541928e-02 1.286773857105339994e+04
4.834336395838073619e-02 1.284750518277524861e+04
4.843251564259554859e-02 1.282735455150139569e+04
4.852183173454178988e-02 1.280728661060790364e+04
4.861131253740950953e-02 1.278730129307862262e+04
4.870095835494782366e-02 1.276739843669564107e+04
4.879076949146610165e-02 1.274757766615801847e+04
4.888074625183481264e-02 1.272783857902734781e+04
4.897088894148668436e-02 1.270818077632019413e+04
4.906119786641769537e-02 1.268860427247875305e+04
4.915167333318810200e-02 1.266911007427595177e+04
4.924231564892356250e-02 1.264969932880801935e+04
4.933312512131605293e-02 1.263037317581604111e+04
4.942410205862500516e-02 1.261113202227420516e+04
4.951524676967829913e-02 1.259197370701301770e+04
4.960655956387334531e-02 1.257289551497545835e+04
4.969804075117816022e-02 1.255389474725933724e+04
4.978969064213233792e-02 1.253496912224727021e+04
4.988150954784816710e-02 1.251611937070969361e+04
4.997349778001163034e-02 1.249734757570293368e+04
5.006565565088360453e-02 1.247865581424191259e+04
5.015798347330071433e-02 1.246004610837145992e+04
5.025048156067653260e-02 1.244151906823550598e+04
5.034315022700261433e-02 1.242307361370172293e+04
5.043598978684953049e-02 1.240470857038726899e+04
5.052900055536802687e-02 1.238642277065151757e+04
5.062218284828997467e-02 1.236821517043426684e+04
5.071553698192950849e-02 1.235008531520356883e+04
5.080906327318408106e-02 1.233203293463291993e+04
5.090276203953554568e-02 1.231405775983975036e+04
5.099663359905128729e-02 1.229615952393278712e+04
5.109067827038518694e-02 1.227833801885631874e+04
5.118489637277878757e-02 1.226059314101118616e+04
5.127928822606235559e-02 1.224292479804681170e+04
5.137385415065594957e-02 1.222533289798270562e+04
5.146859446757059281e-02 1.220781733752526998e+04
5.156350949840922404e-02 1.219037770148532400e+04
5.165859956536789088e-02 1.217301323850361950e+04
5.175386499123680456e-02 1.215572318441416610e+04
5.184930609940142238e-02 1.213850677924514639e+04
5.194492321384365507e-02 1.212136328199763011e+04
5.204071665914278277e-02 1.210429232192461313e+04
5.213668676047670397e-02 1.208729391091582511e+04
5.223283384362296944e-02 1.207036807840910114e+04
5.232915823495988550e-02 1.205351485355131990e+04
5.242566026146772834e-02 1.203673425962665533e+04
5.252234025072968771e-02 1.202002591273427606e+04
5.261919853093308813e-02 1.200338875553958496e+04
5.271623543087045061e-02 1.198682167275862776e+04
5.281345127994070687e-02 1.197032355514320079e+04
5.291084640815017781e-02 1.195389329942464610e+04
5.300842114611377387e-02 1.193752994165995733e+04
5.310617582505611223e-02 1.192123320790030266e+04
5.320411077681259232e-02 1.190500304472186326e+04
5.330222633383067260e-02 1.188883939896784068e+04
5.340052282917077953e-02 1.187274221765237053e+04
5.349900059650758433e-02 1.185671144459541210e+04
5.359765997013110628e-02 1.184074674060478355e+04
5.369650128494780211e-02 1.182484727539425694e+04
5.379552487648183584e-02 1.180901217363278192e+04
5.389473108087603631e-02 1.179324056456566905e+04
5.399412023489313928e-02 1.177753158197420998e+04
5.409369267591693231e-02 1.176188436739666577e+04
5.419344874195335116e-02 1.174629819335723005e+04
5.429338877163174953e-02 1.173077250024894965e+04
5.439351310420586366e-02 1.171530674225159055e+04
5.449382207955509594e-02 1.169990037629959807e+04
5.459431603818563905e-02 1.168455286206025630e+04
5.469499532123157232e-02 1.166926366131606301e+04
5.479586027045618701e-02 1.165403213581550699e+04
5.489691122825291619e-02 1.163885743216891569e+04
5.499814853764667388e-02 1.162373867336366493e+04
5.509957254229493756e-02 1.160867498681125289e+04
5.520118358648891388e-02 1.159366550431024370e+04
5.530298201515480155e-02 1.157870936201031145e+04
5.540496817385482525e-02 1.156380571347750447e+04
5.550714240878849154e-02 1.154895384936176197e+04
5.560950506679370603e-02 1.153415314110801955e+04
5.571205649534809179e-02 1.151940296419740116e+04
5.581479704256998159e-02 1.150470269715881659e+04
5.591772705721970160e-02 1.149005172154565298e+04
5.602084688870075102e-02 1.147544942191324117e+04
5.612415688706094002e-02 1.146089514469235655e+04
5.622765740299370124e-02 1.144638795674934590e+04
5.633134878783910976e-02 1.143192681061002440e+04
5.643523139358519458e-02 1.141751066352145426e+04
5.653930557286907660e-02 1.140313847783049823e+04
5.664357167897818290e-02 1.138880922094638117e+04
5.674803006585152354e-02 1.137452186530427389e+04
5.685268108808073234e-02 1.136027539249230904e+04
5.695752510091139920e-02 1.134606887590138103e+04
5.706256246024421497e-02 1.133190147555696240e+04
5.716779352263618580e-02 1.131777235874128746e+04
5.727321864530193762e-02 1.130368069672251477e+04
5.737883818611477088e-02 1.128962566472909202e+04
5.748465250360796502e-02 1.127560644192487598e+04
5.759066195697599977e-02 1.126162221138472523e+04
5.769686690607571389e-02 1.124767214306903588e+04
5.780326771142766523e-02 1.123375526027571505e+04
5.790986473421717851e-02 1.121987051231171608e+04
5.801665833629567753e-02 1.120601685282923427e+04
5.812364888018185793e-02 1.119219324048747512e+04
5.823083672906302632e-02 1.117839863892551148e+04
5.833822224679619667e-02 1.116463201673622098e+04
5.844580579790938091e-02 1.115089234744118949e+04
5.855358774760285184e-02 1.113717860880900844e+04
5.866156846175032274e-02 1.112348976156651406e+04
5.876974830690031432e-02 1.110982474488539265e+04
5.887812765027723022e-02 1.109618250142595389e+04
5.898670685978271017e-02 1.108256197891303236e+04
5.909548630399685809e-02 1.106896213011597501e+04
5.920446635217945647e-02 1.105538191282886510e+04
5.931364737427134021e-02 1.104182028985209217e+04
5.942302974089547218e-02 1.102827622897505353e+04
5.953261382335833796e-02 1.101474870080955043e+04
5.964239999365115313e-02 1.100123662936324399e+04
5.975238862445110544e-02 1.098773889109725314e+04
5.986258008912273554e-02 1.097425436553264262e+04
5.997297476171903341e-02 1.096078193763872332e+04
6.008357301698283304e-02 1.094732049782030663e+04
6.019437523034801979e-02 1.093386894190599196e+04
6.030538177794082799e-02 1.092042617113780216e+04
6.041659303658118707e-02 1.090699109216154466e+04
6.052800938378385259e-02 1.089356261701870790e+04
6.063963119775980792e-02 1.088013965250384535e+04
6.075145885741748547e-02 1.086672104344279069e+04
6.086349274236407120e-02 1.085330561410166229e+04
6.097573323290686464e-02 1.083989219457410763e+04
6.108818071005443773e-02 1.082647962083960010e+04
6.120083555551799476e-02 1.081306673476154174e+04
6.131369815171266308e-02 1.079965238408686673e+04
6.142676888175887390e-02 1.078623542244685996e+04
6.154004812948348641e-02 1.077281470935899233e+04
6.165353627942123799e-02 1.075938911023024411e+04
6.176723371681597935e-02 1.074595749536567382e+04
6.188114082762198598e-02 1.073251870182980747e+04
6.199525799850537366e-02 1.071907152172335918e+04
6.210958561684522955e-02 1.070561475008159505e+04
6.222412407073504848e-02 1.069214718833911320e+04
6.233887374898402362e-02 1.067866764434125434e+04
6.245383504111833711e-02 1.066517493235677466e+04
6.256900833738260337e-02 1.065166787309193387e+04
6.268439402874098620e-02 1.063814529370574746e+04
6.279999250687871848e-02 1.062460602782661226e+04
6.291580416420330946e-02 1.061104891557033079e+04
6.303182939384589789e-02 1.059747280355881958e+04
6.314806858966270919e-02 1.058387653303915613e+04
6.326452214623620729e-02 1.057025890824519956e+04
6.338119045887655179e-02 1.055661873027745423e+04
6.349807392362288860e-02 1.054295480717131977e+04
6.361517293724468225e-02 1.052926595392434319e+04
6.373248789724321461e-02 1.051555099252416949e+04
6.385001920185268132e-02 1.050180875197813111e+04
6.396776725004175990e-02 1.048803806834408533e+04
6.408573244151481718e-02 1.047423778476240113e+04
6.420391517671333870e-02 1.046040675148933042e+04
6.432231585681737196e-02 1.044654382593153241e+04
6.444093488374666445e-02 1.043264787268184773e+04
6.455977266016224569e-02 1.041871776103666343e+04
6.467882958946762073e-02 1.040475233332374955e+04
6.479810607581036608e-02 1.039075041468413474e+04
6.491760252408321219e-02 1.037671083738648304e+04
6.503731933992565328e-02 1.036263244142048825e+04
6.515725692972521021e-02 1.034851407454204127e+04
6.527741570061880438e-02 1.033435459231991808e+04
6.539779606049427041e-02 1.032015285818335906e+04
6.551839841799154962e-02 1.030590774347118713e+04
6.563922318250420274e-02 1.029161812748192096e+04
6.576027076418076989e-02 1.027728289752502860e+04
6.588154157392611676e-02 1.026290094897346899e+04
6.600303602340298892e-02 1.024847118531721571e+04
6.612475452503317752e-02 1.023399251821845974e+04
6.624669749199908753e-02 1.021946386896238255e+04
6.636886533824505607e-02 1.020488417157749609e+04
6.649125847847880966e-02 1.019025236929291168e+04
6.661387732817287965e-02 1.017556741369993506e+04
6.673672230356594848e-02 1.016082826481149095e+04
6.685979382166429286e-02 1.014603389112286459e+04
6.698309230024324101e-02 1.013118326967311259e+04
6.710661815784847717e-02 1.011627538610750344e+04
6.723037181379766525e-02 1.010130923474085466e+04
6.735435368818167012e-02 1.008628381862180686e+04
6.747856420186605642e-02 1.007119814959797077e+04
6.760300377649251791e-02 1.005605124838179108e+04
6.772767283448032083e-02 1.004084214461739248e+04
6.785257179902780267e-02 1.002556987694815871e+04
6.797770109411362116e-02 1.001023349328330369e+04
6.810306114449837800e-02 9.994832066977518480e+03
6.822865237572592334e-02 9.979364708673971109e+03
6.835447521412499339e-02 9.963830540814045889e+03
6.848053008681041776e-02 9.948228694888313839e+03
6.860681742168471542e-02 9.932558311504933954e+03
6.873333764743952412e-02 9.916818540458942152e+03
6.886009119355700203e-02 9.901008540802018615e+03
6.898707849031145145e-02 9.885127480912566170e+03
6.911429996877052617e-02 9.869174538566598130e+03
6.924175606079689682e-02 9.853148901008844405e+03
6.936944719904961087e-02 9.837049765024401495e+03
6.949737381698559147e-02 9.820876337010831776e+03
6.962553634886121945e-02 9.804627833050628396e+03
6.975393522973355465e-02 9.788303478984120375e+03
6.988257089546205669e-02 9.771902510482626894e+03
7.001144378270993118e-02 9.755424173415512996e+03
7.014055432894562847e-02 9.738867760803430428e+03
7.026990297244443961e-02 9.722232648478404371e+03
7.039949015228980089e-02 9.705518230145175039e+03
7.052931630837491750e-02 9.688723908880820090e+03
7.065938188140422072e-02 9.671849097199787138e+03
7.078968731289479732e-02 9.654893217118675238e+03
7.092023304517808269e-02 9.637855700221125517e+03
7.105101952140112365e-02 9.620735987722951904e+03
7.118204718552821608e-02 9.603533530536724356e+03
7.131331648234237597e-02 9.586247789336855931e+03
7.144482785744685205e-02 9.568878234624195102e+03
7.157658175726673566e-02 9.551424346790816344e+03
7.170857862905027913e-02 9.533885616184503306e+03
7.184081892087054722e-02 9.516261543173230166e+03
7.197330308162690204e-02 9.498551638209333760e+03
7.210603156104662681e-02 9.480755421893778475e+03
7.223900480968624416e-02 9.462872425039849986e+03
7.237222327893322316e-02 9.444902228371691308e+03
7.250568742100745034e-02 9.426844588825089886e+03
7.263939768896271465e-02 9.408699315695494079e+03
7.277335453668840048e-02 9.390466226801057928e+03
7.290755841891084776e-02 9.372145148521414740e+03
7.304200979119497561e-02 9.353735915836379718e+03
7.317670910994585054e-02 9.335238372364079623e+03
7.331165683241017139e-02 9.316652370398458515e+03
7.344685341667796241e-02 9.297977770946472447e+03
7.358229932168391940e-02 9.279214443764565658e+03
7.371799500720910281e-02 9.260362267394728406e+03
7.385394093388250591e-02 9.241421129199903589e+03
7.399013756318251200e-02 9.222390925398973195e+03
7.412658535743867072e-02 9.203271561100893450e+03
7.426328477983297482e-02 9.184062950338500741e+03
7.440023629440167818e-02 9.164765016101528090e+03
7.453744036603673906e-02 9.145377690369152333e+03
7.467489746048742993e-02 9.125900914141719113e+03
7.481260804436203060e-02 9.106334654485288411e+03
7.495057258512918819e-02 9.086679086760916107e+03
7.508879155111965187e-02 9.066934522857221964e+03
7.522726541152788271e-02 9.047101282964082202e+03
7.536599463641352470e-02 9.027179693354702977e+03
7.550497969670318110e-02 9.007170086379226632e+03
7.564422106419183001e-02 8.987072800457859557e+03
7.578371921154450352e-02 8.966888180073678086e+03
7.592347461229786987e-02 8.946616575764548543e+03
7.606348774086199582e-02 8.926258344114421561e+03
7.620375907252166514e-02 8.905813847744329905e+03
7.634428908343823816e-02 8.885283455302542279e+03
7.648507825065113674e-02 8.864667541454078673e+03
7.662612705207950958e-02 8.843966486869780056e+03
7.676743596652395307e-02 8.823180678214675936e+03
7.690900547366788520e-02 8.802310508135760756e+03
7.705083605407943292e-02 8.781356375249166376e+03
7.719292818921288934e-02 8.760318684126676089e+03
7.733528236141042067e-02 8.739197845281672926e+03
7.747789905390380094e-02 8.717994287649613398e+03
7.762077875081581368e-02 8.696708682166297876e+03
7.776392193716208379e-02 8.675341913866133837e+03
7.790732909885268731e-02 8.653894876511298207e+03
7.805100072269371969e-02 8.632368465059136724e+03
7.819493729638912760e-02 8.610763575602184574e+03
7.833913930854215224e-02 8.589081105308487167e+03
7.848360724865710569e-02 8.567321952361588046e+03
7.862834160714103626e-02 8.545487015901026098e+03
7.877334287530531054e-02 8.523577195962803671e+03
7.891861154536745915e-02 8.501593393419827407e+03
7.906414811045260616e-02 8.479536509922896585e+03
7.920995306459531482e-02 8.457407447841243993e+03
7.935602690274121129e-02 8.435207110203798948e+03
7.950237012074863607e-02 8.412936400640151987e+03
7.964898321539044812e-02 8.390596223321943398e+03
7.979586668435555141e-02 8.368187482904198987e+03
7.994302102625064355e-02 8.345711084467020555e+03
8.009044674060192270e-02 8.323167933457363688e+03
8.023814432785687789e-02 8.300558935630850101e+03
8.038611428938578773e-02 8.277885077462795380e+03
8.053435712748353847e-02 8.255147730985476301e+03
8.068287334537134481e-02 8.232348378951313862e+03
8.083166344719835972e-02 8.209488497736037971e+03
8.098072793804360348e-02 8.186569557216747853e+03
8.113006732391739306e-02 8.163593020675230036e+03
8.127968211176325730e-02 8.140560344702703333e+03
8.142957280945956056e-02 8.117472979106570165e+03
8.157973992582125133e-02 8.094332366819082381e+03
8.173018397060172191e-02 8.071139943807751479e+03
8.188090545449427937e-02 8.047897138987691505e+03
8.203190488913408851e-02 8.024605374135685452e+03
8.218318278709980940e-02 8.001266063806242528e+03
8.233473966191533211e-02 7.977880615249315269e+03
8.248657602805167799e-02 7.954450428329997521e+03
8.263869240092851232e-02 7.930976895449881340e+03
8.279108929691604557e-02 7.907461401470363853e+03
8.294376723333671264e-02 7.883905323637656693e+03
8.309672672846694919e-02 7.860310031509614419e+03
8.324996830153907901e-02 7.836676887369856559e+03
8.340349247274282674e-02 7.813007404855784443e+03
8.355729976322727459e-02 7.789303474654958336e+03
8.371139069510256936e-02 7.765567030493843959e+03
8.386576579144165711e-02 7.741799990682928183e+03
8.402042557628221220e-02 7.718004258032423422e+03
8.417537057462819161e-02 7.694181719772144788e+03
8.433060131245179170e-02 7.670334247475514530e+03
8.448611831669508576e-02 7.646463696987743788e+03
8.464192211527206411e-02 7.622571908357983375e+03
8.479801323707010507e-02 7.598660705775597307e+03
8.495439221195201507e-02 7.574731897510406270e+03
8.511105957075769390e-02 7.550787275856756423e+03
8.526801584530595279e-02 7.526828617081761877e+03
8.542526156839648499e-02 7.502857681376970504e+03
8.558279727381139235e-02 7.478876212814227983e+03
8.574062349631721147e-02 7.454885939305134343e+03
8.589874077166662070e-02 7.430888572564197602e+03
8.605714963660031358e-02 7.406885808075635396e+03
8.621585062884888628e-02 7.382879325063880970e+03
8.637484428713447515e-02 7.358870799311464907e+03
8.653413115117271348e-02 7.334862182694711009e+03
8.669371176167457727e-02 7.310855697343463362e+03
8.685358666034813380e-02 7.286853553744236706e+03
8.701375638990052619e-02 7.262857938056708008e+03
8.717422149403963871e-02 7.238871012113127108e+03
8.733498251747606744e-02 7.214894913424411243e+03
8.749604000592488273e-02 7.190931755192299534e+03
8.765739450610753047e-02 7.166983626327630191e+03
8.781904656575380275e-02 7.143052591474570363e+03
8.798099673360343376e-02 7.119140691040930506e+03
8.814324555940818151e-02 7.095249941234009384e+03
8.830579359393353478e-02 7.071382334102399909e+03
8.846864138896083640e-02 7.047539837583115514e+03
8.863178949728883760e-02 7.023724395554364492e+03
8.879523847273576576e-02 6.999937927893621236e+03
8.895898887014119794e-02 6.976182330540981638e+03
8.912304124536782335e-02 6.952459475567649861e+03
8.928739615530356666e-02 6.928771211249428234e+03
8.945205415786319780e-02 6.905119362326294322e+03
8.961701581199039979e-02 6.881505845487201441e+03
8.978228167765962831e-02 6.857932865154839419e+03
8.994785231587794361e-02 6.834402648857136228e+03
9.011372828868713381e-02 6.810917394200566378e+03
9.027991015916533857e-02 6.787479269005711103e+03
9.044639849142911692e-02 6.764090411449850762e+03
9.061319385063532073e-02 6.740752930216273853e+03
9.078029680298303761e-02 6.717468904650309014e+03
9.094770791571556157e-02 6.694240384921927216e+03
9.111542775712219711e-02 6.671069392194458487e+03
9.128345689654024375e-02 6.647957918799674189e+03
9.145179590435696670e-02 6.624907928418793745e+03
9.162044535201144257e-02 6.601921356269450371e+03
9.178940581199669657e-02 6.579000109298094685e+03
9.195867785786138171e-02 6.556146066378341857e+03
9.212826206421188824e-02 6.533361078514399196e+03
9.229815900671425877e-02 6.510646969049858853e+03
9.246836926209607566e-02 6.488005533881618248e+03
9.263889340814868145e-02 6.465438541937632181e+03
9.280973202372873321e-02 6.442947806756162208e+03
9.298088568876049231e-02 6.420535282532146994e+03
9.315235498423755922e-02 6.398202917785936734e+03
9.332414049222517716e-02 6.375952631091435251e+03
9.349624279586181419e-02 6.353786311353002020e+03
9.366866247936136980e-02 6.331705818087527405e+03
9.384140012801513164e-02 6.309712981712157671e+03
9.401445632819367682e-02 6.287809603837000395e+03
9.418783166734909229e-02 6.265997457562979434e+03
9.436152673401666802e-02 6.244278287784538406e+03
9.453554211781703409e-02 6.222653811497014431e+03
9.470987840945820080e-02 6.201125718108565707e+03
9.488453620073747374e-02 6.179695669756520147e+03
9.505951608454364654e-02 6.158365301627879489e+03
9.523481865485872166e-02 6.137136222283990719e+03
9.541044450676018640e-02 6.116010013989210165e+03
9.558639423642285859e-02 6.094988233043202854e+03
9.576266844112098220e-02 6.074072410117057188e+03
9.593926771923039221e-02 6.053264050276031412e+03
9.611619267023024937e-02 6.032564630557024429e+03
9.629344389470530230e-02 6.011975601704267319e+03
9.647102199434784420e-02 5.991498390261475834e+03
9.664892757195973905e-02 5.971134398943096130e+03
9.682716123145462817e-02 5.950885006988583882e+03
9.700572357785970656e-02 5.930751570519470079e+03
9.718461521731797115e-02 5.910735422899018886e+03
9.736383675709024688e-02 5.890837875094400260e+03
9.754338880555714353e-02 5.871060216041247259e+03
9.772327197222138717e-02 5.851403713010627143e+03
9.790348686770954101e-02 5.831869611978121611e+03
9.808403410377430909e-02 5.812459137995100718e+03
9.826491429329649308e-02 5.793173495561909476e+03
9.844612805028728209e-02 5.774013869003083528e+03
9.862767598989002904e-02 5.754981422844282861e+03
9.880955872838256826e-02 5.736077302191155468e+03
9.899177688317918611e-02 5.717302633109677117e+03
9.917433107283274429e-02 5.698658499743371976e+03
9.935722191703696970e-02 5.680145776999600457e+03
9.954045003662820301e-02 5.661765230799644087e+03
9.972401605358774401e-02 5.643517612839924368e+03
9.990792059104393330e-02 5.625403661568919233e+03
1.000921642732741645e-01 5.607424102501607194e+03
1.002767477257073131e-01 5.589579648534207081e+03
1.004616715749252626e-01 5.571871000259136963e+03
1.006469364486656942e-01 5.554298846280137695e+03
1.008325429758239467e-01 5.536863863527598369e+03
1.010184917864547782e-01 5.519566717573979076e+03
1.012047835117752953e-01 5.502408062949454688e+03
1.013914187841662568e-01 5.485388543457617743e+03
1.015783982371748911e-01 5.468508792491214081e+03
1.017657225055167702e-01 5.451769433348009443e+03
1.019533922250777103e-01 5.435171079546727924e+03
1.021414080329165336e-01 5.418714335142937671e+03
1.023297705672665120e-01 5.402399791209712930e+03
1.025184804675382116e-01 5.386227804701826244e+03
1.027075383743213388e-01 5.370198380889755754e+03
1.028969449293866550e-01 5.354311494207256146e+03
1.030867007756888082e-01 5.338567118156154720e+03
1.032768065573677757e-01 5.322965225460214242e+03
1.034672629197516680e-01 5.307505788218606540e+03
1.036580705093587129e-01 5.292188778058696698e+03
1.038492299738990876e-01 5.277014166288412525e+03
1.040407419622778329e-01 5.261981924047858229e+03
1.042326071245962410e-01 5.247092022460798034e+03
1.044248261121548255e-01 5.232344432785273057e+03
1.046173995774551391e-01 5.217739126563983518e+03
1.048103281742017584e-01 5.203276075774184392e+03
1.050036125573051704e-01 5.188955252977068085e+03
1.051972533828832157e-01 5.174776631466877006e+03
1.053912513082639890e-01 5.160740185419426780e+03
1.055856069919878099e-01 5.146845880768503775e+03
1.057803210938091099e-01 5.133093354723835546e+03
1.059753942746994165e-01 5.119481838145221445e+03
1.061708271968487549e-01 5.106010545357084084e+03
1.063666205236686452e-01 5.092678700199310697e+03
1.065627749197940177e-01 5.079485535962217909e+03
1.067592910510851562e-01 5.066430295322476013e+03
1.069561695846306254e-01 5.053512230279850883e+03
1.071534111887491592e-01 5.040730602095015456e+03
1.073510165329916582e-01 5.028084681228117006e+03
1.075489862881442021e-01 5.015573747278246628e+03
1.077473211262294367e-01 5.003197088924002855e+03
1.079460217205096412e-01 4.990954003864581864e+03
1.081450887454886989e-01 4.978843798762071856e+03
1.083445228769140123e-01 4.966865789184456844e+03
1.085443247917796256e-01 4.955019299549545394e+03
1.087444951683275846e-01 4.943303663069685172e+03
1.089450346860510316e-01 4.931718079347369894e+03
1.091459440256962177e-01 4.920261164937577632e+03
1.093472238692644177e-01 4.908931397352080239e+03
1.095488749000150669e-01 4.897727270651979779e+03
1.097508978024671900e-01 4.886647295171468613e+03
1.099532932624024545e-01 4.875689997245526683e+03
1.101560619668672525e-01 4.864853918942166274e+03
1.103592046041746016e-01 4.854137617799156033e+03
1.105627218639073372e-01 4.843539666564987783e+03
1.107666144369194999e-01 4.833058652944178903e+03
1.109708830153395415e-01 4.822693179346713805e+03
1.111755282925722677e-01 4.812441862641658190e+03
1.113805509633008506e-01 4.802303333914788709e+03
1.115859517234900483e-01 4.792276238230190756e+03
1.117917312703875926e-01 4.782359234395795283e+03
1.119978903025273947e-01 4.772550994729795093e+03
1.122044295197315300e-01 4.762850054139052190e+03
1.124113496231123194e-01 4.753254408031940329e+03
1.126186513150754798e-01 4.743761943089904889e+03
1.128263352993215951e-01 4.734370565082464054e+03
1.130344022808493221e-01 4.725078198481726758e+03
1.132428529659574301e-01 4.715882786086105625e+03
1.134516880622468277e-01 4.706782288653126670e+03
1.136609082786238512e-01 4.697774684541150236e+03
1.138705143253016389e-01 4.688857969359930394e+03
1.140805069138034339e-01 4.680030155629707224e+03
1.142908867569645964e-01 4.671289272448941119e+03
1.145016545689347548e-01 4.662633365170371690e+03
1.147128110651809418e-01 4.654060495085368530e+03
1.149243569624891492e-01 4.645568739116352845e+03
1.151362929789676026e-01 4.637156189517342682e+03
1.153486198340487878e-01 4.628820937546451205e+03
1.155613382484915463e-01 4.620560751272215384e+03
1.157744489443844338e-01 4.612373094187527386e+03
1.159879526451470938e-01 4.604255435939205199e+03
1.162018500755336442e-01 4.596205264831934983e+03
1.164161419616347448e-01 4.588220087480291113e+03
1.166308290308797069e-01 4.580297428474225853e+03
1.168459120120397959e-01 4.572434830058025000e+03
1.170613916352297307e-01 4.564629851822573983e+03
1.172772686319110552e-01 4.556880070410538792e+03
1.174935437348941930e-01 4.549183079234748220e+03
1.177102176783406534e-01 4.541536488209067102e+03
1.179272911977661403e-01 4.533937923491983383e+03
1.181447650300427865e-01 4.526385027242742581e+03
1.183626399134012630e-01 4.518875457389597614e+03
1.185809165874340959e-01 4.511406881028014141e+03
1.187995957930972346e-01 4.503976778632439164e+03
1.190186782727134240e-01 4.496582408917712200e+03
1.192381647699743696e-01 4.489221034751098159e+03
1.194580560299428607e-01 4.481889936762971956e+03
1.196783527990561563e-01 4.474586413160473057e+03
1.198990558251275818e-01 4.467307779557586400e+03
1.201201658573499004e-01 4.460051368821206779e+03
1.203416836462974648e-01 4.452814530933434980e+03
1.205636099439284376e-01 4.445594632869561792e+03
1.207859455035881907e-01 4.438389058491632568e+03
1.210086910800108606e-01 4.431195208457621447e+03
1.212318474293227755e-01 4.424010500145835067e+03
1.214554153090446897e-01 4.416832367594380230e+03
1.216793954780939352e-01 4.409658261455719185e+03
1.219037886967879042e-01 4.402485637561834665e+03
1.221285957268456041e-01 4.395311872260415839e+03
1.223538173313911404e-01 4.388134310982427451e+03
1.225794542749558957e-01 4.380950316394268157e+03
1.228055073234808059e-01 4.373757268793156982e+03
1.230319772443198151e-01 4.366552566153304724e+03
1.232588648062414305e-01 4.359333624187787791e+03
1.234861707794322749e-01 4.352097876425676986e+03
1.237138959354992934e-01 4.344842774304450359e+03
1.239420410474720013e-01 4.337565787277226264e+03
1.241706068898060095e-01 4.330264402934908503e+03
1.243995942383845643e-01 4.322936127142816076e+03
1.246290038705222120e-01 4.315578484191724783e+03
1.248588365649668797e-01 4.308189016963115137e+03
1.250890931019023045e-01 4.300765289366328034e+03
1.253197742629514611e-01 4.293304945065397987e+03
1.255508808311782132e-01 4.285805712586025038e+03
1.257824135910909358e-01 4.278265342263955972e+03
1.260143733286447076e-01 4.270681603107870615e+03
1.262467608312436429e-01 4.263052283030046965e+03
1.264795768877444437e-01 4.255375189088376828e+03
1.267128222884580380e-01 4.247648147739474553e+03
1.269464978251532150e-01 4.239869005102681513e+03
1.271806042910588741e-01 4.232035627234694402e+03
1.274151424808663280e-01 4.224145900414749121e+03
1.276501131907329945e-01 4.216197731439923700e+03
1.278855172182838951e-01 4.208189047930532979e+03
1.281213553626154300e-01 4.200117798645239418e+03
1.283576284242976540e-01 4.191981964677006545e+03
1.285943372053765521e-01 4.183779756200083284e+03
1.288314825093777316e-01 4.175509589768380465e+03
1.290690651413080592e-01 4.167169907780228641e+03
1.293070859076594081e-01 4.158759172113554087e+03
1.295455456164108510e-01 4.150275864419781101e+03
1.297844450770311020e-01 4.141718486422378191e+03
1.300237851004822365e-01 4.133085560220064508e+03
1.302635664992212172e-01 4.124375628594327281e+03
1.305037900872038081e-01 4.115587255321007433e+03
1.307444566798867391e-01 4.106719025486027931e+03
1.309855670942301209e-01 4.097769545804693735e+03
1.312271221487011641e-01 4.088737444944588333e+03
1.314691226632763166e-01 4.079621373851846329e+03
1.317115694594438724e-01 4.070420102878325906e+03
1.319544633602075245e-01 4.061132856563880978e+03
1.321978051900882245e-01 4.051758998365624393e+03
1.324415957751277906e-01 4.042297909223062106e+03
1.326858359428914336e-01 4.032748987747931551e+03
1.329305265224700328e-01 4.023111650419066336e+03
1.331756683444840217e-01 4.013385331776104977e+03
1.334212622410850535e-01 4.003569484612285123e+03
1.336673090459597757e-01 3.993663580165866279e+03
1.339138095943322726e-01 3.983667108310423373e+03
1.341607647229664801e-01 3.973579577743573282e+03
1.344081752701700161e-01 3.963400516174140193e+03
1.346560420757958731e-01 3.953129470507830774e+03
1.349043659812462492e-01 3.942766056557141383e+03
1.351531478294750177e-01 3.932310392509046324e+03
1.354023884649901976e-01 3.921762883318915101e+03
1.356520887338576453e-01 3.911123948144424048e+03
1.359022494837030248e-01 3.900394017206081116e+03
1.361528715637155273e-01 3.889573531769981400e+03
1.364039558246503137e-01 3.878662944128517211e+03
1.366555031188310676e-01 3.867662717579063155e+03
1.369075143001538819e-01 3.856573326400131918e+03
1.371599902240888680e-01 3.845395255825648292e+03
1.374129317476842915e-01 3.834129002016795766e+03
1.376663397295688762e-01 3.822775072031801756e+03
1.379202150299543017e-01 3.811333983793412244e+03
1.381745585106392005e-01 3.799806338550753480e+03
1.384293710350109619e-01 3.788193310602136535e+03
1.386846534680495346e-01 3.776496340532724389e+03
1.389404066763300361e-01 3.764716869865918852e+03
1.391966315280252220e-01 3.752856339294127793e+03
1.394533288929094283e-01 3.740916188442739895e+03
1.397104996423604861e-01 3.728897855636594159e+03
1.399681446493634684e-01 3.716802777669161514e+03
1.402262647885134939e-01 3.704632389574360332e+03
1.404848609360179745e-01 3.692388124401067671e+03
1.407439339697008351e-01 3.680071412990389945e+03
1.410034847690042337e-01 3.667683683755652055e+03
1.412635142149925860e-01 3.655226363005548137e+03
1.415240231903550638e-01 3.642701103841311578e+03
1.417850125794082317e-01 3.630110137009086429e+03
1.420464832681000156e-01 3.617455770060088980e+03
1.423084361440115908e-01 3.604740294268663092e+03
1.425708720963614062e-01 3.591965984283360285e+03
1.428337920160076824e-01 3.579135097790055170e+03
1.430971967954511315e-01 3.566249875186977533e+03
1.433610873288388987e-01 3.553312539271601054e+03
1.436254645119665052e-01 3.540325294939327250e+03
1.438903292422818447e-01 3.527290328893812330e+03
1.441556824188878483e-01 3.514209809368889182e+03
1.444215249425450653e-01 3.501085885862040413e+03
1.446878577156757717e-01 3.487920763157317651e+03
1.449546816423658291e-01 3.474717157260951808e+03
1.452219976283687930e-01 3.461477986988708381e+03
1.454898065811085772e-01 3.448206139590834482e+03
1.457581094096820074e-01 3.434904469486550170e+03
1.460269070248629286e-01 3.421575798004796070e+03
1.462962003391047316e-01 3.408222913147002146e+03
1.465659902665430447e-01 3.394848569371790290e+03
1.468362777229998695e-01 3.381455487400936818e+03
1.471070636259855235e-01 3.368046354046392025e+03
1.473783488947028597e-01 3.354623822058032147e+03
1.476501344500497082e-01 3.341190509991598901e+03
1.479224212146218742e-01 3.327749046916051157e+03
1.481952101127170240e-01 3.314302429201783525e+03
1.484685020703368219e-01 3.300853823877027480e+03
1.487422980151910656e-01 3.287406354660849956e+03
1.490165988767003236e-01 3.273963099970145322e+03
1.492914055859987099e-01 3.260527092922374322e+03
1.495667190759381038e-01 3.247101321366262255e+03
1.498425402810900364e-01 3.233688727940186254e+03
1.501188701377500212e-01 3.220292210157171212e+03
1.503957095839401903e-01 3.206914620516165542e+03
1.506730595594120981e-01 3.193558766638714133e+03
1.509509210056508843e-01 3.180227411430447319e+03
1.512292948658773284e-01 3.166923333375704715e+03
1.515081820850521233e-01 3.153649558813086514e+03
1.517875836098785403e-01 3.140409153312256421e+03
1.520675003888052879e-01 3.127205131244537370e+03
1.523479333720307305e-01 3.114040456093699504e+03
1.526288835115049147e-01 3.100918040817898145e+03
1.529103517609338991e-01 3.087840748239238110e+03
1.531923390757824466e-01 3.074811391460101731e+03
1.534748464132769108e-01 3.061832734305390204e+03
1.537578747324095385e-01 3.048907491789895175e+03
1.540414249939403846e-01 3.036038330609998411e+03
1.543254981604018361e-01 3.023227870563192937e+03
1.546100951961012493e-01 3.010478724406050787e+03
1.548952170671238637e-01 2.997793512779936918e+03
1.551808647413371323e-01 2.985174812608302091e+03
1.554670391883927194e-01 2.972625153631610374e+03
1.557537413797309978e-01 2.960147019053507847e+03
1.560409722885837402e-01 2.947742846207754610e+03
1.563287328899770623e-01 2.935415027244985140e+03
1.566170241607357794e-01 2.923165909838530752e+03
1.569058470794854332e-01 2.910997797908818939e+03
1.571952026266568436e-01 2.898912952365376896e+03
1.574850917844888010e-01 2.886913591858127802e+03
1.577755155370310081e-01 2.875001855197602254e+03
1.580664748701485767e-01 2.863179714363581752e+03
1.583579707715239981e-01 2.851449077999946894e+03
1.586500042306616676e-01 2.839811818762672374e+03
1.589425762388907704e-01 2.828269774089863859e+03
1.592356877893681688e-01 2.816824746982708348e+03
1.595293398770828708e-01 2.805478506797019691e+03
1.598235334988581113e-01 2.794232790044874491e+03
1.601182696533559047e-01 2.783089301205970060e+03
1.604135493410799862e-01 2.772049713548342424e+03
1.607093735643785604e-01 2.761115669957993759e+03
1.610057433274490468e-01 2.750288695404044574e+03
1.613026596363400234e-01 2.739569912452999233e+03
1.616001234989558888e-01 2.728960323485056506e+03
1.618981359250597218e-01 2.718460912394017214e+03
1.621966979262762509e-01 2.708072645224470762e+03
1.624958105160962951e-01 2.697796470810355004e+03
1.627954747098796784e-01 2.687633321415543378e+03
1.630956915248581718e-01 2.677584113376543428e+03
1.633964619801401286e-01 2.667649747746998855e+03
1.636977870967126492e-01 2.657831110944158354e+03
1.639996678974461053e-01 2.648129075177605955e+03
1.643021054070972486e-01 2.638544310508098988e+03
1.646051006523120419e-01 2.629076945266745497e+03
1.649086546616304605e-01 2.619727012988326805e+03
1.652127684654885464e-01 2.610494547005781897e+03
1.655174430962230991e-01 2.601379580736914249e+03
1.658226795880747007e-01 2.592382147970352435e+03
1.661284789771907133e-01 2.583502283150625317e+03
1.664348423016299428e-01 2.574740021662497384e+03
1.667417706013648582e-01 2.566095400114690619e+03
1.670492649182863110e-01 2.557568456622865597e+03
1.673573262962064767e-01 2.549159214896164485e+03
1.676659557808620193e-01 2.540867268224192685e+03
1.679751544199187263e-01 2.532691749689994140e+03
1.682849232629737291e-01 2.524631783100039229e+03
1.685952633615602769e-01 2.516686506577061209e+03
1.689061757691508459e-01 2.508855072413272865e+03
1.692176615411600527e-01 2.501136646926293906e+03
1.695297217349495678e-01 2.493530410317742280e+03
1.698423574098303357e-01 2.486035556534498028e+03
1.701555696270672657e-01 2.478651293132548744e+03
1.704693594498823961e-01 2.471376841140929628e+03
1.707837279434579747e-01 2.464211253393939842e+03
1.710986761749413165e-01 2.457152925484924708e+03
1.714142052134469685e-01 2.450200119996775811e+03
1.717303161300615666e-01 2.443351123465925866e+03
1.720470099978470557e-01 2.436604245838562747e+03
1.723642878918436594e-01 2.429957819938800640e+03
1.726821508890748480e-01 2.423410200948620059e+03
1.730006000685495315e-01 2.416959765899320701e+03
1.733196365112670279e-01 2.410604913174165631e+03
1.736392613002201712e-01 2.404344062022052640e+03
1.739594755203984211e-01 2.398175586154006396e+03
1.742802802587928024e-01 2.392097357964487855e+03
1.746016766043982094e-01 2.386107027066372666e+03
1.749236656482183461e-01 2.380202268690393794e+03
1.752462484832688072e-01 2.374380784494431282e+03
1.755694262045804088e-01 2.368640301859077681e+03
1.758931999092039900e-01 2.362978573205391058e+03
1.762175706962127997e-01 2.357393375334347638e+03
1.765425396667074931e-01 2.351882508787524785e+03
1.768681079238192955e-01 2.346443797228665971e+03
1.771942765727131663e-01 2.341075027805131867e+03
1.775210467205929621e-01 2.335773444989870768e+03
1.778484194767035731e-01 2.330536006105091019e+03
1.781763959523360030e-01 2.325359694142491207e+03
1.785049772608306995e-01 2.320241520428867261e+03
1.788341645175806627e-01 2.315178523910677086e+03
1.791639588400364136e-01 2.310167770476674377e+03
1.794943613477091859e-01 2.305206352317995425e+03
1.798253731621742013e-01 2.300291387325134565e+03
1.801569954070757207e-01 2.295420018521136626e+03
1.804892292081294314e-01 2.290589479289613337e+03
1.808220756931275819e-01 2.285797444110260130e+03
1.811555359919421737e-01 2.281041770417949465e+03
1.814896112365283476e-01 2.276320333948305688e+03
1.818243025609293795e-01 2.271631028040293586e+03
1.821596111012792063e-01 2.266971763343935891e+03
1.824955379958075052e-01 2.262340467547258413e+03
1.828320843848429134e-01 2.257735085122368673e+03
1.831692514108165526e-01 2.253153577090198723e+03
1.835070402182670257e-01 2.248593920002369487e+03
1.838454519538428311e-01 2.244053748566932882e+03
1.841844877663076918e-01 2.239529797579823025e+03
1.845241488065437196e-01 2.235018682530641399e+03
1.848644362275549125e-01 2.230517045929823325e+03
1.852053511844722888e-01 2.226021557142387337e+03
1.855468948345563307e-01 2.221528912271703120e+03
1.858890683372022290e-01 2.217035834092575897e+03
1.862318728539432422e-01 2.212539072033010143e+03
1.865753095484541380e-01 2.208035402203901867e+03
1.869193795865563279e-01 2.203521634567768615e+03
1.872640841362205044e-01 2.198994702860788038e+03
1.876094243675717199e-01 2.194451637171032871e+03
1.879554014528929673e-01 2.189889494969851967e+03
1.883020165666284829e-01 2.185305359769838105e+03
1.886492708853891032e-01 2.180696341403357110e+03
1.889971655879547352e-01 2.176059576339593150e+03
1.893457018552797133e-01 2.171392228039103429e+03
1.896948808704961853e-01 2.166691487345457517e+03
1.900447038189175542e-01 2.161954575177976949e+03
1.903951718880438904e-01 2.157178989421586721e+03
1.907462862675644300e-01 2.152362723715829816e+03
1.910980481493629035e-01 2.147503846532164062e+03
1.914504587275210890e-01 2.142600449050711177e+03
1.918035191983221144e-01 2.137650645576197803e+03
1.921572307602561203e-01 2.132652573969774039e+03
1.925115946140225631e-01 2.127604396096397977e+03
1.928666119625357944e-01 2.122504298287066376e+03
1.932222840109284467e-01 2.117350491832408352e+03
1.935786119665550420e-01 2.112141327585351064e+03
1.939355970389973760e-01 2.106875566763468214e+03
1.942932404400670721e-01 2.101552073311252116e+03
1.946515433838111875e-01 2.096169732114249200e+03
1.950105070865155166e-01 2.090727449367930149e+03
1.953701327667083376e-01 2.085224152950447660e+03
1.957304216451658530e-01 2.079658792798947161e+03
1.960913749449146870e-01 2.074030341289174885e+03
1.964529938912375484e-01 2.068337793617930856e+03
1.968152797116766994e-01 2.062580321898572493e+03
1.971782336360375643e-01 2.056757724055997642e+03
1.975418568963943078e-01 2.050869961603519641e+03
1.979061507270923892e-01 2.044917009756562720e+03
1.982711163647541408e-01 2.038898857527008659e+03
1.986367550482824873e-01 2.032815507814676948e+03
1.990030680188643319e-01 2.026666977495698575e+03
1.993700565199761909e-01 2.020453297507749312e+03
1.997377217973876906e-01 2.014174513107923985e+03
2.001060650991651757e-01 2.007830899409657150e+03
2.004750876756774824e-01 2.001423376517188672e+03
2.008447907795984366e-01 1.994952983623370528e+03
2.012151756659125712e-01 1.988420761557088781e+03
2.015862435919187901e-01 1.981827752548737408e+03
2.019579958172340040e-01 1.975174999997732129e+03
2.023304336037988760e-01 1.968463548242051047e+03
2.027035582158803750e-01 1.961694442329966932e+03
2.030773709200776600e-01 1.954868734215698623e+03
2.034518729853255770e-01 1.947987831388275481e+03
2.038270656828985172e-01 1.941053669298107707e+03
2.042029502864159962e-01 1.934068214190783692e+03
2.045795280718455678e-01 1.927033418118344116e+03
2.049568003175083197e-01 1.919951218495928288e+03
2.053347683040828708e-01 1.912823537675127227e+03
2.057134333146088678e-01 1.905652282533938660e+03
2.060927966344928974e-01 1.898439344083221158e+03
2.064728595515112064e-01 1.891186641954834840e+03
2.068536233558155024e-01 1.883896501968470375e+03
2.072350893399366734e-01 1.876571458388058318e+03
2.076172587987886176e-01 1.869214019605581370e+03
2.080001330296740447e-01 1.861826665252453040e+03
2.083837133322872237e-01 1.854411845807037253e+03
2.087680010087198945e-01 1.846971982233036215e+03
2.091529973634649597e-01 1.839509465648286323e+03
2.095387037034204814e-01 1.832026658228960059e+03
2.099251213378952874e-01 1.824526052324282546e+03
2.103122515786120805e-01 1.817010426183390791e+03
2.107000957397130447e-01 1.809482556956778581e+03
2.110886551377638976e-01 1.801945182108230711e+03
2.114779310917576371e-01 1.794400999241212958e+03
2.118679249231205375e-01 1.786852665965485812e+03
2.122586379557148129e-01 1.779302799803120706e+03
2.126500715158447796e-01 1.771753978132830980e+03
2.130422269322606588e-01 1.764208767929098030e+03
2.134351055361623228e-01 1.756669862804197464e+03
2.138287086612055410e-01 1.749139971307083442e+03
2.142230376435045602e-01 1.741621757682131374e+03
2.146180938216382950e-01 1.734117841951107948e+03
2.150138785366541572e-01 1.726630800098762165e+03
2.154103931320720255e-01 1.719163164297182675e+03
2.158076389538902407e-01 1.711717423167731795e+03
2.162056173505884638e-01 1.704296022847998074e+03
2.166043296731338386e-01 1.696901375707900115e+03
2.170037772749848493e-01 1.689535857411416828e+03
2.174039615120952618e-01 1.682201801304673154e+03
2.178048837429202855e-01 1.674901498745182607e+03
2.182065453284194601e-01 1.667637199570395978e+03
2.186089476320627334e-01 1.660411112596659677e+03
2.190120920198345422e-01 1.653225406147754939e+03
2.194159798602376699e-01 1.646082204482497673e+03
2.198206125242994635e-01 1.638983518230081927e+03
2.202259913855747764e-01 1.631931256308669617e+03
2.206321178201521849e-01 1.624927289832849283e+03
2.210389932066579022e-01 1.617973454897507281e+03
2.214466189262598306e-01 1.611071553214213509e+03
2.218549963626736954e-01 1.604223352767416145e+03
2.222641269021669030e-01 1.597430588489728507e+03
2.226740119335626489e-01 1.590694954416680048e+03
2.230846528482462454e-01 1.584017968478194234e+03
2.234960510401679812e-01 1.577400999819677509e+03
2.239082079058494490e-01 1.570845388221399389e+03
2.243211248443876260e-01 1.564352448499057346e+03
2.247348032574589538e-01 1.557923471162497890e+03
2.251492445493256112e-01 1.551559723084360030e+03
2.255644501268385949e-01 1.545262448178248405e+03
2.259804213994439093e-01 1.539032838390297684e+03
2.263971597791868406e-01 1.532871757967794792e+03
2.268146666807159539e-01 1.526779874892719363e+03
2.272329435212895876e-01 1.520757842671715252e+03
2.276519917207786847e-01 1.514806303199339482e+03
2.280718127016733987e-01 1.508925887236362769e+03
2.284924078890871180e-01 1.503117214889921343e+03
2.289137787107606292e-01 1.497380896095305843e+03
2.293359265970685568e-01 1.491717458642303427e+03
2.297588529810224989e-01 1.486127078130310338e+03
2.301825592982773283e-01 1.480609825578052778e+03
2.306070469871354944e-01 1.475165771210940420e+03
2.310323174885511865e-01 1.469794984707984895e+03
2.314583722461368009e-01 1.464497535430786911e+03
2.318852127061660218e-01 1.459273492652061577e+03
2.323128403175803991e-01 1.454122922399792742e+03
2.327412565319935123e-01 1.449045616703951282e+03
2.331704628036951610e-01 1.444040900689382397e+03
2.336004605896580544e-01 1.439108063946086986e+03
2.340312513495407809e-01 1.434246407498959798e+03
2.344628365456944141e-01 1.429455243639055652e+03
2.348952176431668981e-01 1.424733895757986602e+03
2.353283961097071275e-01 1.420081698185329287e+03
2.357623734157716644e-01 1.415497942391546758e+03
2.361971510345279024e-01 1.410981469260318363e+03
2.366327304418606448e-01 1.406530901007963166e+03
2.370691131163764065e-01 1.402144877453495383e+03
2.375063005394077442e-01 1.397822057451900719e+03
2.379442941950199453e-01 1.393561118417719854e+03
2.383830955700141918e-01 1.389360755861224561e+03
2.388227061539341944e-01 1.385219679152993422e+03
2.392631274390706053e-01 1.381136353540045775e+03
2.397043609204653758e-01 1.377108838729939635e+03
2.401464080959183900e-01 1.373135179575914890e+03
2.405892704659908232e-01 1.369213444965004783e+03
2.410329495340117201e-01 1.365341727161729523e+03
2.414774468060825185e-01 1.361518141178627729e+03
2.419227637910813800e-01 1.357740824172968814e+03
2.423689020006699890e-01 1.354007847280591477e+03
2.428158629492967735e-01 1.350316928485060089e+03
2.432636481542037599e-01 1.346665710836511380e+03
2.437122591354309586e-01 1.343051863299819615e+03
2.441616974158207776e-01 1.339473080133252097e+03
2.446119645210249882e-01 1.335927080305605614e+03
2.450630619795078347e-01 1.332411606952496413e+03
2.455149913225530001e-01 1.328924411929212056e+03
2.459677540842681309e-01 1.325463134731045329e+03
2.464213518015891669e-01 1.322025366861913426e+03
2.468757860142870852e-01 1.318608723799689187e+03
2.473310582649724532e-01 1.315210845293635202e+03
2.477871700990998960e-01 1.311829395018589594e+03
2.482441230649750363e-01 1.308462060270898974e+03
2.487019187137577136e-01 1.305106548819788259e+03
2.491605585994692007e-01 1.301760547141649795e+03
2.496200442789965057e-01 1.298421730291250924e+03
2.500803773120969797e-01 1.295087796036858435e+03
2.505415592614054221e-01 1.291756465700304489e+03
2.510035916924374111e-01 1.288425484090714008e+03
2.514664761735960763e-01 1.285092619477869903e+03
2.519302142761771779e-01 1.281755672403253129e+03
2.523948075743731589e-01 1.278412635036260326e+03
2.528602576452806394e-01 1.275061672293765469e+03
2.533265660689035248e-01 1.271700974740883112e+03
2.537937344281603336e-01 1.268328753286675237e+03
2.542617643088885826e-01 1.264943239335987073e+03
2.547306572998495611e-01 1.261542684966005481e+03
2.552004149927354915e-01 1.258125374811971824e+03
2.556710389821728047e-01 1.254689804139357875e+03
2.561425308657295230e-01 1.251234641157339638e+03
2.566148922439197011e-01 1.247758576176735687e+03
2.570881247202081998e-01 1.244260317335106265e+03
2.575622299010179583e-01 1.240738590833722355e+03
2.580372093957333246e-01 1.237192141187275411e+03
2.585130648167072720e-01 1.233619761772950824e+03
2.589897977792662842e-01 1.230020569765626988e+03
2.594674099017149071e-01 1.226393874205389920e+03
2.599459028053430765e-01 1.222738999582943279e+03
2.604252781144295592e-01 1.219055283825597826e+03
2.609055374562493368e-01 1.215342078479370002e+03
2.613866824610782680e-01 1.211598748893567517e+03
2.618687147621978628e-01 1.207824741115400911e+03
2.623516359959027211e-01 1.204019854145670024e+03
2.628354478015038631e-01 1.200184003961165899e+03
2.633201518213363346e-01 1.196317114462635345e+03
2.638057497007637586e-01 1.192419117484193748e+03
2.642922430881832763e-01 1.188489952847516406e+03
2.647796336350329849e-01 1.184529569278423651e+03
2.652679229957952689e-01 1.180538074569585206e+03
2.657571128280045714e-01 1.176515904049932942e+03
2.662472047922519458e-01 1.172463535925116048e+03
2.667382005521899968e-01 1.168381449401084183e+03
2.672301017745404850e-01 1.164270124597936274e+03
2.677229101290977131e-01 1.160130042464233838e+03
2.682166272887360203e-01 1.155961705871209233e+03
2.687112549294148889e-01 1.151765941441057521e+03
2.692067947301836073e-01 1.147543823309260915e+03
2.697032483731889863e-01 1.143296423926250100e+03
2.702006175436788005e-01 1.139024807055554447e+03
2.706989039300095601e-01 1.134730027568869900e+03
2.711981092236512292e-01 1.130413131260470436e+03
2.716982351191923328e-01 1.126075242687865284e+03
2.721992833143474511e-01 1.121717775628200570e+03
2.727012555099609936e-01 1.117342192033066112e+03
2.732041534100146385e-01 1.112949936940547332e+03
2.737079787216325499e-01 1.108542438260415565e+03
2.742127331550862634e-01 1.104121106576919829e+03
2.747184184238020133e-01 1.099687354367994203e+03
2.752250362443657838e-01 1.095242878917300004e+03
2.757325883365285280e-01 1.090789593770786723e+03
2.762410764232136051e-01 1.086329391910630420e+03
2.767505022305206119e-01 1.081864138949212247e+03
2.772608674877331536e-01 1.077395673020947925e+03
2.777721739273238399e-01 1.072925805050537292e+03
2.782844232849594479e-01 1.068456390602905913e+03
2.787976172995085267e-01 1.063989416636802844e+03
2.793117577130452833e-01 1.059526860149736649e+03
2.798268462708574100e-01 1.055070666327163735e+03
2.803428847214511910e-01 1.050622748634520349e+03
2.808598748165563874e-01 1.046184988944390852e+03
2.813778183111344533e-01 1.041759254533295689e+03
2.818967169633820324e-01 1.037347475451867922e+03
2.824165725347390632e-01 1.032951581663350680e+03
2.829373867898937189e-01 1.028573469994265679e+03
2.834591614967875706e-01 1.024215004416903639e+03
2.839818984266239132e-01 1.019878016400713818e+03
2.845055993538709860e-01 1.015564298973101586e+03
2.850302660562702983e-01 1.011275534684132253e+03
2.855559003148418484e-01 1.007013322766033184e+03
2.860825039138891746e-01 1.002779232962362698e+03
2.866100786410074042e-01 9.985748070325071239e+02
2.871386262870871398e-01 9.944015592393805036e+02
2.876681486463224524e-01 9.902609709377237550e+02
2.881986475162162109e-01 9.861543451768761770e+02
2.887301246975851887e-01 9.820828007810300733e+02
2.892625819945682797e-01 9.780474286768929915e+02
2.897960212146302728e-01 9.740493002567703797e+02
2.903304441685701787e-01 9.700894678577610648e+02
2.908658526705261149e-01 9.661689604828568463e+02
2.914022485379810790e-01 9.622885751182207059e+02
2.919396335917708307e-01 9.584487995401473199e+02
2.924780096560877785e-01 9.546500909808530650e+02
2.930173785584892499e-01 9.508928983556920684e+02
2.935577421299029877e-01 9.471776625574648278e+02
2.940991022046322012e-01 9.435048129454465879e+02
2.946414606203640041e-01 9.398745591407259781e+02
2.951848192181732999e-01 9.362867874211029857e+02
2.957291798425310536e-01 9.327413588465091152e+02
2.962745443413096202e-01 9.292381361359849734e+02
2.968209145657883519e-01 9.257769837100177028e+02
2.973682923706615910e-01 9.223577635297228881e+02
2.979166796140430007e-01 9.189801516476990173e+02
2.984660781574735577e-01 9.156435702553262672e+02
2.990164898659273263e-01 9.123474309797835531e+02
2.995679166078166755e-01 9.090911538492617865e+02
3.001203602550007732e-01 9.058741671302283294e+02
3.006738226827895266e-01 9.026958996309195982e+02
3.012283057699521316e-01 8.995555933658979484e+02
3.017838113987224569e-01 8.964522936927166938e+02
3.023403414548045398e-01 8.933850490640595581e+02
3.028978978273808020e-01 8.903529209230783863e+02
3.034564824091176560e-01 8.873549834003925980e+02
3.040160970961708342e-01 8.843903095953716047e+02
3.045767437881941042e-01 8.814578112824226537e+02
3.051384243883432656e-01 8.785562937006242237e+02
3.057011408032846433e-01 8.756845751696868092e+02
3.062648949432008050e-01 8.728414892264655691e+02
3.068296887217958346e-01 8.700258842822211136e+02
3.073955240563044367e-01 8.672365997254673857e+02
3.079624028674955438e-01 8.644723461980694310e+02
3.085303270796812547e-01 8.617317965530229458e+02
3.090992986207222737e-01 8.590136399432096823e+02
3.096693194220337397e-01 8.563165815985285008e+02
3.102403914185936640e-01 8.536393424483175068e+02
3.108125165489473152e-01 8.509806230704069776e+02
3.113856967552157129e-01 8.483390467465414986e+02
3.119599339831015672e-01 8.457132384471474325e+02
3.125352301818946632e-01 8.431018396454353478e+02
3.131115873044807985e-01 8.405035080863960957e+02
3.136890073073459462e-01 8.379169154666878967e+02
3.142674921505850261e-01 8.353406986886618597e+02
3.148470437979076775e-01 8.327734591644161810e+02
3.154276642166438105e-01 8.302138127941797165e+02
3.160093553777528208e-01 8.276603922121965979e+02
3.165921192558273645e-01 8.251118466743490671e+02
3.171759578291025727e-01 8.225668491464089129e+02
3.177608730794616587e-01 8.200241285194215379e+02
3.183468669924418015e-01 8.174824430676393376e+02
3.189339415572430281e-01 8.149405667195881051e+02
3.195220987667323209e-01 8.123972890378900047e+02
3.201113406174529441e-01 8.098514160517753453e+02
3.207016691096299388e-01 8.073018123821372001e+02
3.212930862471761184e-01 8.047474207932889385e+02
3.218855940377009506e-01 8.021872034991574765e+02
3.224791944925149978e-01 7.996201371397469302e+02
3.230738896266390214e-01 7.970452128626203603e+02
3.236696814588095883e-01 7.944614759825248029e+02
3.242665720114852324e-01 7.918682208734297774e+02
3.248645633108553366e-01 7.892648394341662197e+02
3.254636573868446847e-01 7.866507338619699112e+02
3.260638562731224543e-01 7.840253165989140598e+02
3.266651620071081563e-01 7.813880161061840681e+02
3.272675766299776301e-01 7.787384478168377200e+02
3.278711021866722031e-01 7.760764414363889045e+02
3.284757407259030204e-01 7.734018436216289274e+02
3.290814943001604265e-01 7.707145061528289034e+02
3.296883649657196269e-01 7.680142859856181303e+02
3.302963547826470725e-01 7.653011339472042209e+02
3.309054658148095074e-01 7.625752969637642309e+02
3.315157001298784101e-01 7.598370818106883462e+02
3.321270597993392637e-01 7.570867941382385879e+02
3.327395468984977733e-01 7.543247384303000445e+02
3.333531635064856391e-01 7.515512436764504400e+02
3.339679117062702707e-01 7.487668670548262071e+02
3.345837935846587841e-01 7.459722814879405632e+02
3.352008112323078826e-01 7.431681539925682500e+02
3.358189667437296300e-01 7.403551444930087655e+02
3.364382622172975568e-01 7.375339120941463307e+02
3.370586997552559860e-01 7.347052769729690453e+02
3.376802814637261396e-01 7.318702307973844654e+02
3.383030094527120224e-01 7.290297613509043231e+02
3.389268858361101922e-01 7.261848432912905764e+02
3.395519127317142005e-01 7.233364382726066424e+02
3.401780922612240854e-01 7.204855177168894897e+02
3.408054265502525881e-01 7.176330839898338354e+02
3.414339177283313709e-01 7.147801301721143545e+02
3.420635679289205089e-01 7.119276348453321361e+02
3.426943792894132645e-01 7.090765620939589553e+02
3.433263539511454132e-01 7.062278786226894454e+02
3.439594940594017380e-01 7.033825903073324071e+02
3.445938017634220807e-01 7.005416980300133218e+02
3.452292792164112778e-01 6.977061869661372384e+02
3.458659285755435464e-01 6.948770266504645861e+02
3.465037520019721429e-01 6.920551746752098552e+02
3.471427516608359687e-01 6.892415895165340771e+02
3.477829297212655657e-01 6.864372186129588727e+02
3.484242883563931081e-01 6.836429937614000210e+02
3.490668297433568434e-01 6.808598312516404576e+02
3.497105560633110288e-01 6.780886215231721508e+02
3.503554695014323705e-01 6.753301804211787385e+02
3.510015722469261856e-01 6.725852889064151441e+02
3.516488664930363384e-01 6.698547145306241646e+02
3.522973544370499588e-01 6.671392116329208193e+02
3.529470382803074346e-01 6.644395174509572826e+02
3.535979202282086287e-01 6.617563313278111536e+02
3.542500024902194289e-01 6.590903308579348732e+02
3.549032872798815741e-01 6.564421817886836834e+02
3.555577768148176498e-01 6.538125382403582080e+02
3.562134733167407474e-01 6.512020250572597888e+02
3.568703790114611807e-01 6.486111522675008700e+02
3.575284961288928698e-01 6.460403833687795441e+02
3.581878269030634443e-01 6.434901735223360220e+02
3.588483735721188506e-01 6.409609697825530930e+02
3.595101383783336768e-01 6.384531836080850553e+02
3.601731235681175369e-01 6.359670868247602584e+02
3.608373313920215653e-01 6.335029066646876572e+02
3.615027641047487972e-01 6.310608660070317910e+02
3.621694239651587210e-01 6.286411834982604887e+02
3.628373132362774922e-01 6.262440145525168873e+02
3.635064341853047054e-01 6.238693075188126613e+02
3.641767890836197785e-01 6.215169668717355762e+02
3.648483802067924997e-01 6.191868978521539475e+02
3.655212098345874128e-01 6.168790059624329842e+02
3.661952802509745308e-01 6.145930900866095499e+02
3.668705937441357201e-01 6.123287132189234399e+02
3.675471526064715277e-01 6.100854121502576390e+02
3.682249591346114515e-01 6.078627298698597770e+02
3.689040156294187689e-01 6.056602130055047155e+02
3.695843243960009183e-01 6.034773174890862038e+02
3.702658877437164930e-01 6.013133801084733250e+02
3.709487079861814585e-01 5.991677380410956175e+02
3.716327874412801435e-01 5.970397373474065716e+02
3.723181284311696260e-01 5.949287211350847429e+02
3.730047332822907236e-01 5.928338886094236386e+02
3.736926043253743224e-01 5.907543426029818647e+02
3.743817438954484267e-01 5.886891957285996568e+02
3.750721543318484286e-01 5.866375724318860421e+02
3.757638379782234916e-01 5.845986002599468065e+02
3.764567971825438786e-01 5.825713740833930387e+02
3.771510342971112761e-01 5.805549865054656493e+02
3.778465516785636802e-01 5.785485421812469440e+02
3.785433516878864424e-01 5.765511578483461790e+02
3.792414366904187095e-01 5.745619873029808105e+02
3.799408090558604734e-01 5.725802469837911985e+02
3.806414711582834509e-01 5.706051700309761827e+02
3.813434253761357473e-01 5.686359998808129603e+02
3.820466740922529580e-01 5.666719932959343851e+02
3.827512196938648303e-01 5.647124649596498784e+02
3.834570645726024241e-01 5.627567763551111284e+02
3.841642111245088254e-01 5.608042987755691229e+02
3.848726617500440872e-01 5.588544122676568122e+02
3.855824188540963315e-01 5.569065373940861718e+02
3.862934848459885773e-01 5.549602329696646166e+02
3.870058621394856790e-01 5.530150974376380191e+02
3.877195531528055961e-01 5.510707351695706393e+02
3.884345603086239995e-01 5.491267577868901526e+02
3.891508860340856524e-01 5.471828264198760507e+02
3.898685327608112372e-01 5.452386597451752550e+02
3.905875029249044061e-01 5.432939840561193705e+02
3.913077989669630496e-01 5.413485301267909335e+02
3.920294233320841260e-01 5.394020521418092358e+02
3.927523784698750409e-01 5.374544089295523008e+02
3.934766668344604201e-01 5.355054952530781520e+02
3.942022908844895479e-01 5.335552081726730194e+02
3.949292530831473580e-01 5.316034478203205254e+02
3.956575558981595964e-01 5.296501443209855324e+02
3.963872018018040344e-01 5.276952638564507652e+02
3.971181932709177964e-01 5.257387760737910867e+02
3.978505327869041874e-01 5.237806519371944205e+02
3.985842228357443506e-01 5.218208914812101966e+02
3.993192659080022078e-01 5.198596172744209980e+02
4.000556644988358390e-01 5.178969842557492029e+02
4.007934211080048104e-01 5.159331459127801054e+02
4.015325382398772791e-01 5.139682582444352192e+02
4.022730184034414291e-01 5.120025470364971625e+02
4.030148641123106890e-01 5.100362970656277071e+02
4.037580778847353336e-01 5.080697915622325240e+02
4.045026622436094788e-01 5.061033103044404129e+02
4.052486197164785198e-01 5.041371777516415023e+02
4.059959528355507330e-01 5.021718287587897294e+02
4.067446641377024941e-01 5.002077086902389169e+02
4.074947561644897132e-01 4.982452564804534632e+02
4.082462314621552735e-01 4.962849187086035272e+02
4.089990925816363587e-01 4.943272285257244789e+02
4.097533420785762770e-01 4.923727488941643173e+02
4.105089825133294568e-01 4.904220342330422113e+02
4.112660164509732708e-01 4.884756315665454167e+02
4.120244464613154745e-01 4.865341043967233645e+02
4.127842751189015336e-01 4.845980307143613004e+02
4.135455050030265034e-01 4.826679801545136570e+02
4.143081386977403024e-01 4.807445130146241468e+02
4.150721787918594252e-01 4.788281643145988369e+02
4.158376278789745473e-01 4.769194290130352556e+02
4.166044885574579082e-01 4.750187902806520697e+02
4.173727634304748024e-01 4.731267232253560451e+02
4.181424551059912398e-01 4.712436751763869438e+02
4.189135661967812729e-01 4.693700089270416811e+02
4.196860993204388768e-01 4.675060623255155292e+02
4.204600570993837216e-01 4.656521673492137552e+02
4.212354421608727195e-01 4.638086355533736196e+02
4.220122571370079068e-01 4.619756652395799961e+02
4.227905046647438270e-01 4.601534028702081969e+02
4.235701873858997435e-01 4.583419917986677206e+02
4.243513079471650795e-01 4.565415677946223241e+02
4.251338690001114085e-01 4.547521993493518266e+02
4.259178732012000590e-01 4.529739067880143466e+02
4.267033232117900532e-01 4.512067085029808595e+02
4.274902216981499858e-01 4.494506202910375237e+02
4.282785713314637421e-01 4.477056134425219511e+02
4.290683747878424326e-01 4.459716132130728852e+02
4.298596347483323310e-01 4.442485432604103721e+02
4.306523538989226463e-01 4.425363276133430759e+02
4.314465349305576236e-01 4.408348792625740771e+02
4.322421805391422622e-01 4.391440955217726128e+02
4.330392934255543613e-01 4.374638734892091065e+02
4.338378762956526247e-01 4.357941112778044612e+02
4.346379318602844322e-01 4.341347059323281883e+02
4.354394628352979968e-01 4.324855518582397735e+02
4.362424719415482488e-01 4.308465441763908643e+02
4.370469619049089371e-01 4.292175788139185215e+02
4.378529354562807896e-01 4.275985131918845354e+02
4.386603953315993953e-01 4.259891262244501604e+02
4.394693442718474174e-01 4.243891899715627005e+02
4.402797850230605881e-01 4.227984794593663196e+02
4.410917203363400318e-01 4.212167761680821059e+02
4.419051529678602042e-01 4.196438720175970047e+02
4.427200856788770511e-01 4.180795625810825413e+02
4.435365212357403886e-01 4.165236457303013822e+02
4.443544624098997864e-01 4.149758694562793835e+02
4.451739119779171139e-01 4.134358748509852148e+02
4.459948727214744779e-01 4.119032940132572094e+02
4.468173474273826051e-01 4.103777639241406519e+02
4.476413388875931654e-01 4.088589050859685017e+02
4.484668498992047669e-01 4.073463025369179036e+02
4.492938832644756131e-01 4.058395425964266110e+02
4.501224417908316622e-01 4.043382173050838446e+02
4.509525282908748434e-01 4.028419169189623403e+02
4.517841455823955465e-01 4.013502255422767462e+02
4.526172964883788952e-01 3.998627321942013850e+02
4.534519838370172917e-01 3.983790331238691351e+02
4.542882104617186889e-01 3.968987750922040050e+02
4.551259792011149163e-01 3.954216651386377634e+02
4.559652928990742815e-01 3.939474180583238194e+02
4.568061544047079536e-01 3.924757536187680103e+02
4.576485665723825091e-01 3.910064092519285168e+02
4.584925322617283694e-01 3.895391384516764219e+02
4.593380543376481273e-01 3.880736989630395328e+02
4.601851356703295370e-01 3.866098672303365902e+02
4.610337791352513981e-01 3.851475819575146033e+02
4.618839876131967670e-01 3.836868788123086347e+02
4.627357639902612840e-01 3.822277944845631623e+02
4.635891111578614443e-01 3.807703662542206189e+02
4.644440320127473099e-01 3.793146365659191019e+02
4.653005294570110584e-01 3.778606494668230198e+02
4.661586063980951988e-01 3.764084485508216744e+02
4.670182657488058386e-01 3.749581002705091350e+02
4.678795104273188454e-01 3.735097455438243514e+02
4.687423433571930587e-01 3.720635384672085024e+02
4.696067674673786718e-01 3.706196307800273075e+02
4.704727856922258367e-01 3.691781611747946954e+02
4.713404009714980414e-01 3.677392480362248648e+02
4.722096162503780503e-01 3.663030062539970686e+02
4.730804344794814487e-01 3.648695453832085605e+02
4.739528586148651912e-01 3.634389086091569538e+02
4.748268916180360955e-01 3.620110828735737414e+02
4.757025364559643310e-01 3.605860535687032211e+02
4.765797961010896922e-01 3.591638360729798478e+02
4.774586735313349206e-01 3.577446392256472336e+02
4.783391717301144763e-01 3.563287462264278247e+02
4.792212936863431971e-01 3.549164360313354223e+02
4.801050423944498990e-01 3.535079831649292146e+02
4.809904208543833715e-01 3.521036577492445758e+02
4.818774320716264215e-01 3.507037255347976838e+02
4.827660790572042004e-01 3.493084479336309869e+02
4.836563648276932526e-01 3.479180820543307391e+02
4.845482924052348928e-01 3.465328807389476538e+02
4.854418648175418682e-01 3.451530926017801448e+02
4.863370850979118476e-01 3.437789620699554121e+02
4.872339562852363581e-01 3.424107294257476042e+02
4.881324814240094456e-01 3.410486308505919055e+02
4.890326635643417186e-01 3.396928984707230939e+02
4.899345057619665655e-01 3.383437604044010527e+02
4.908380110782540329e-01 3.370014408106586643e+02
4.917431825802198175e-01 3.356661599395290523e+02
4.926500233405340379e-01 3.343381341837052787e+02
4.935585364375352779e-01 3.330175761315638283e+02
4.944687249552369157e-01 3.317046946215348839e+02
4.953805919833413340e-01 3.303996411503573540e+02
4.962941406172484693e-01 3.291023063385974297e+02
4.972093739580654148e-01 3.278125045951607603e+02
4.981262951126199101e-01 3.265300528034599665e+02
4.990449071934670577e-01 3.252547703041313980e+02
4.999652133189037007e-01 3.239864788625969254e+02
5.008872166129769710e-01 3.227250026375741072e+02
5.018109202054936713e-01 3.214701681505165993e+02
5.027363272320347631e-01 3.202218042559474043e+02
5.036634408339610847e-01 3.189797421126904169e+02
5.045922641584285051e-01 3.177438151559603625e+02
5.055228003583964735e-01 3.165138590703080013e+02
5.064550525926374558e-01 3.152897117633958715e+02
5.073890240257511453e-01 3.140712133405798454e+02
5.083247178281712353e-01 3.128582060803028639e+02
5.092621371761794080e-01 3.116505344102506569e+02
5.102012852519151043e-01 3.104480448842804776e+02
5.111421652433842944e-01 3.092505861600961907e+02
5.120847803444739110e-01 3.080580089776474892e+02
5.130291337549605091e-01 3.068701661382458497e+02
5.139752286805201464e-01 3.056869124843847771e+02
5.149230683327425950e-01 3.045081052256896896e+02
5.158726559291380021e-01 3.033336190694237189e+02
5.168239946931518780e-01 3.021633518371597233e+02
5.177770878541739785e-01 3.009972043082332220e+02
5.187319386475479632e-01 2.998350786205007239e+02
5.196885503145859397e-01 2.986768782587469104e+02
5.206469261025756801e-01 2.975225080434093456e+02
5.216070692647944984e-01 2.963718741196001361e+02
5.225689830605194652e-01 2.952248839464264734e+02
5.235326707550366221e-01 2.940814462866000554e+02
5.244981356196555256e-01 2.929414711963249260e+02
5.254653809317166857e-01 2.918048700154693620e+02
5.264344099746056660e-01 2.906715553579960556e+02
5.274052260377634083e-01 2.895414411026686139e+02
5.283778324166953366e-01 2.884144423840048148e+02
5.293522324129861234e-01 2.872904755834867956e+02
5.303284293343072386e-01 2.861694583210145879e+02
5.313064264944311610e-01 2.850513094465972586e+02
5.322862272132417027e-01 2.839359490322784154e+02
5.332678348167434468e-01 2.828232983642930094e+02
5.342512526370762904e-01 2.817132799354357644e+02
5.352364840125233281e-01 2.806058174376564125e+02
5.362235322875253951e-01 2.795008357548553022e+02
5.372124008126908379e-01 2.783982944560347050e+02
5.382030929448055057e-01 2.772982879125244153e+02
5.391956120468475167e-01 2.762009425930174871e+02
5.401899614879948075e-01 2.751063829631760314e+02
5.411861446436402323e-01 2.740147314978405007e+02
5.421841648954012216e-01 2.729261086937976870e+02
5.431840256311295523e-01 2.718406330830859474e+02
5.441857302449272238e-01 2.707584212468176474e+02
5.451892821371528974e-01 2.696795878295116040e+02
5.461946847144377726e-01 2.686042455539131311e+02
5.472019413896953566e-01 2.675325052362932183e+02
5.482110555821311237e-01 2.664644758022059818e+02
5.492220307172586136e-01 2.654002643026904025e+02
5.502348702269058700e-01 2.643399759309123738e+02
5.512495775492317618e-01 2.632837140392107358e+02
5.522661561287351972e-01 2.622315801565582092e+02
5.532846094162658934e-01 2.611836740064077276e+02
5.543049408690392532e-01 2.601400935249129702e+02
5.553271539506442478e-01 2.591009348795147389e+02
5.563512521310589598e-01 2.580662924878718627e+02
5.573772388866603533e-01 2.570362590371348119e+02
5.584051177002347099e-01 2.560109255035393971e+02
5.594348920609932829e-01 2.549903811723081333e+02
5.604665654645795136e-01 2.539747076276694315e+02
5.615001414130853519e-01 2.529638945707237667e+02
5.625356234150605816e-01 2.519578621114677333e+02
5.635730149855240345e-01 2.509565295744088473e+02
5.646123196459784666e-01 2.499598173100741008e+02
5.656535409244188850e-01 2.489676466839025295e+02
5.666966823553479804e-01 2.479799400653574537e+02
5.677417474797863406e-01 2.469966208172772610e+02
5.687887398452834420e-01 2.460176132854433604e+02
5.698376630059320824e-01 2.450428427883702227e+02
5.708885205223795944e-01 2.440722356073082722e+02
5.719413159618379483e-01 2.431057189764596274e+02
5.729960528980996282e-01 2.421432210733972568e+02
5.740527349115455147e-01 2.411846710096930337e+02
5.751113655891608722e-01 2.402299988217353359e+02
5.761719485245460071e-01 2.392791354617489787e+02
5.772344873179261482e-01 2.383320127890049775e+02
5.782989855761686560e-01 2.373885635612125213e+02
5.793654469127897944e-01 2.364487214261005761e+02
5.804338749479714954e-01 2.355124209131736279e+02
5.815042733085717952e-01 2.345795974256482737e+02
5.825766456281353811e-01 2.336501872325610520e+02
5.836509955469100230e-01 2.327241274610405810e+02
5.847273267118541229e-01 2.318013560887528115e+02
5.858056427766535901e-01 2.308818119365017481e+02
5.868859474017321665e-01 2.299654414929486563e+02
5.879682442542618626e-01 2.290522290656429050e+02
5.890525370081801659e-01 2.281421716172995957e+02
5.901388293441971467e-01 2.272352660451782072e+02
5.912271249498126657e-01 2.263315091716293352e+02
5.923174275193267002e-01 2.254308977448902738e+02
5.934097407538500013e-01 2.245334284398790601e+02
5.945040683613214139e-01 2.236390978589788006e+02
5.956004140565150928e-01 2.227479025328269131e+02
5.966987815610577117e-01 2.218598389210937398e+02
5.977991746034390097e-01 2.209749034132625241e+02
5.989015969190226718e-01 2.200930923294058914e+02
6.000060522500636484e-01 2.192144019209552823e+02
6.011125443457152606e-01 2.183388283714724309e+02
6.022210769620468529e-01 2.174663677974104985e+02
6.033316538620544511e-01 2.165970162488798394e+02
6.044442788156716428e-01 2.157307697104051272e+02
6.055589555997868967e-01 2.148676241016770803e+02
6.066756879982510009e-01 2.140075752783099574e+02
6.077944798018948269e-01 2.131506190325826537e+02
6.089153348085399875e-01 2.122967510941881244e+02
6.100382568230098279e-01 2.114459671309720932e+02
6.111632496571467454e-01 2.105982627496698854e+02
6.122903171298204050e-01 2.097536334966430331e+02
6.134194630669447257e-01 2.089120748586046261e+02
6.145506913014892048e-01 2.080735822633496923e+02
6.156840056734897981e-01 2.072381511563731920e+02
6.168194100300666838e-01 2.064057786494639970e+02
6.179569082254320334e-01 2.055764634793010543e+02
6.190965041209077757e-01 2.047502043438407213e+02
6.202382015849363661e-01 2.039269998288695831e+02
6.213820044930925546e-01 2.031068484092397171e+02
6.225279167281003723e-01 2.022897484500942653e+02
6.236759421798421243e-01 2.014756982080966452e+02
6.248260847453748212e-01 2.006646958326445258e+02
6.259783483289427242e-01 1.998567393670867887e+02
6.271327368419878923e-01 1.990518267499333547e+02
6.282892542031681682e-01 1.982499558160554614e+02
6.294479043383652828e-01 1.974511242978891232e+02
6.306086911807029516e-01 1.966553298266241256e+02
6.317716186705580883e-01 1.958625699333949797e+02
6.329366907555721289e-01 1.950728420504629526e+02
6.341039113906684621e-01 1.942861435123929255e+02
6.352732845380638649e-01 1.935024715572248795e+02
6.364448141672800485e-01 1.927218233276439605e+02
6.376185042551617554e-01 1.919441958721353387e+02
6.387943587858848637e-01 1.911695861461454058e+02
6.399723817509747059e-01 1.903979910132270561e+02
6.411525771493171710e-01 1.896294072461867017e+02
6.423349489871711393e-01 1.888638315282215956e+02
6.435195012781858015e-01 1.881012604540516691e+02
6.447062380434096518e-01 1.873416905310484140e+02
6.458951633113084734e-01 1.865851181803530494e+02
6.470862811177771068e-01 1.858315397379940919e+02
6.482795955061509963e-01 1.850809514559963986e+02
6.494751105272248415e-01 1.843333481933419193e+02
6.506728302392609242e-01 1.835887162117572871e+02
6.518727587080073160e-01 1.828470384328476825e+02
6.530749000067100907e-01 1.821082979018911772e+02
6.542792582161248705e-01 1.813724777962054304e+02
6.554858374245352559e-01 1.806395614241114629e+02
6.566946417277618187e-01 1.799095322239067229e+02
6.579056752291800869e-01 1.791823737628457991e+02
6.591189420397328691e-01 1.784580697361319039e+02
6.603344462779422441e-01 1.777366039659168564e+02
6.615521920699278802e-01 1.770179604003064640e+02
6.627721835494160274e-01 1.763021231123798600e+02
6.639944248577579478e-01 1.755890762992114276e+02
6.652189201439422384e-01 1.748788042809053422e+02
6.664456735646068219e-01 1.741712914996383574e+02
6.676746892840574876e-01 1.734665225187052329e+02
6.689059714742769946e-01 1.727644820215809034e+02
6.701395243149439462e-01 1.720651548109829321e+02
6.713753519934447800e-01 1.713685258079459857e+02
6.726134587048858693e-01 1.706745800509048081e+02
6.738538486521127302e-01 1.699833026947790415e+02
6.750965260457189032e-01 1.692946790100756687e+02
6.763414951040644940e-01 1.686086943819891815e+02
6.775887600532893851e-01 1.679253343095137154e+02
6.788383251273244490e-01 1.672445844045658703e+02
6.800901945679115324e-01 1.665664303911068203e+02
6.813443726246121157e-01 1.658908581042805110e+02
6.826008635548262982e-01 1.652178534895514872e+02
6.838596716238056761e-01 1.645474026018544578e+02
6.851208011046651114e-01 1.638794916047515642e+02
6.863842562784027157e-01 1.632141067695911545e+02
6.876500414339085099e-01 1.625512344747159830e+02
6.889181608679838531e-01 1.618908624207573439e+02
6.901886188853539883e-01 1.612329828045357942e+02
6.914614197986805877e-01 1.605775888356763801e+02
6.927365679285811817e-01 1.599246737208086415e+02
6.940140676036383738e-01 1.592742306637781269e+02
6.952939231604193804e-01 1.586262528658525355e+02
6.965761389434884654e-01 1.579807335259282297e+02
6.978607193054200408e-01 1.573376658407347577e+02
6.991476686068177626e-01 1.566970430050379832e+02
7.004369912163241896e-01 1.560588582118411409e+02
7.017286915106403233e-01 1.554231046525848114e+02
7.030227738745383759e-01 1.547897755173439407e+02
7.043192427008745371e-01 1.541588639950270192e+02
7.056181023906081817e-01 1.535303632735684971e+02
7.069193573528147478e-01 1.529042665401234160e+02
7.082230120046981714e-01 1.522805669812609040e+02
7.095290707716114254e-01 1.516592577831511619e+02
7.108375380870655125e-01 1.510403321317580492e+02
7.121484183927494493e-01 1.504237832130242509e+02
7.134617161385435891e-01 1.498096042130570140e+02
7.147774357825319447e-01 1.491977883183152471e+02
7.160955817910230614e-01 1.485883287157884070e+02
7.174161586385588985e-01 1.479812185931814099e+02
7.187391708079352570e-01 1.473764511390917846e+02
7.200646227902148810e-01 1.467740195431893255e+02
7.213925190847404467e-01 1.461739169963938423e+02
7.227228641991547686e-01 1.455761366910482195e+02
7.240556626494106807e-01 1.449806718210944609e+02
7.253909189597912421e-01 1.443875155822448448e+02
7.267286376629225053e-01 1.437966611721528238e+02
7.280688232997877263e-01 1.432081017905843225e+02
7.294114804197466828e-01 1.426218306395828961e+02
7.307566135805462215e-01 1.420378409236392372e+02
7.321042273483403529e-01 1.414561258498536347e+02
7.334543262977039069e-01 1.408766786281011605e+02
7.348069150116451898e-01 1.402994924711949238e+02
7.361619980816274111e-01 1.397245605043394789e+02
7.375195801075783431e-01 1.391518747945431471e+02
7.388796656979104149e-01 1.385814267420570332e+02
7.402422594695348135e-01 1.380132077690093126e+02
7.416073660478746943e-01 1.374472093311721608e+02
7.429749900668862761e-01 1.368834229178197859e+02
7.443451361690679446e-01 1.363218400515914084e+02
7.457178090054821240e-01 1.357624522883499196e+02
7.470930132357684883e-01 1.352052512170445482e+02
7.484707535281570623e-01 1.346502284595730998e+02
7.498510345594900928e-01 1.340973756706442259e+02
7.512338610152313745e-01 1.335466845376414824e+02
7.526192375894875664e-01 1.329981467804869908e+02
7.540071689850220693e-01 1.324517541515054120e+02
7.553976599132683489e-01 1.319074984352912452e+02
7.567907150943515848e-01 1.313653714485718353e+02
7.581863392570982185e-01 1.308253650400772869e+02
7.595845371390579359e-01 1.302874710904040398e+02
7.609853134865166568e-01 1.297516815118839304e+02
7.623886730545113011e-01 1.292179882484544180e+02
7.637946206068504384e-01 1.286863832755234682e+02
7.652031609161246140e-01 1.281568585998431047e+02
7.666142987637282191e-01 1.276294062593759264e+02
7.680280389398732588e-01 1.271040183231672245e+02
7.694443862436027848e-01 1.265806868912177379e+02
7.708633454828134335e-01 1.260594040943517058e+02
7.722849214742649737e-01 1.255401620940930911e+02
7.737091190436021781e-01 1.250229530825353095e+02
7.751359430253693672e-01 1.245077692822162163e+02
7.765653982630235097e-01 1.239946029459929662e+02
7.779974896089562053e-01 1.234834463569144702e+02
7.794322219245075622e-01 1.229742918280975772e+02
7.808696000799802972e-01 1.224671317026036803e+02
7.823096289546616067e-01 1.219619583533131646e+02
7.837523134368336031e-01 1.214587641828042024e+02
7.851976584237957413e-01 1.209575416232278826e+02
7.866456688218782523e-01 1.204582831361877027e+02
7.880963495464574642e-01 1.199609812126178383e+02
7.895497055219770077e-01 1.194656283726615982e+02
7.910057416819589182e-01 1.189722171655516263e+02
7.924644629690258402e-01 1.184807401694887972e+02
7.939258743349150160e-01 1.179911899915236404e+02
7.953899807404929412e-01 1.175035592674381917e+02
7.968567871557781235e-01 1.170178406636141091e+02
7.983262985599510753e-01 1.165340270355576138e+02
7.997985199413768509e-01 1.160521115399641445e+02
8.012734562976198127e-01 1.155720873816885046e+02
8.027511126354583970e-01 1.150939477861302578e+02
8.042314939709068744e-01 1.146176859991915791e+02
8.057146053292271182e-01 1.141432952872371942e+02
8.072004517449500316e-01 1.136707689370535945e+02
8.086890382618915352e-01 1.132001002558057792e+02
8.101803699331660003e-01 1.127312825709999657e+02
8.116744518212100079e-01 1.122643092304382577e+02
8.131712889977927849e-01 1.117991736021809288e+02
8.146708865440386305e-01 1.113358690745029094e+02
8.161732495504426810e-01 1.108743890558529870e+02
8.176783831168845662e-01 1.104147269748140872e+02
8.191862923526525009e-01 1.099568762800593902e+02
8.206969823764533878e-01 1.095008304403131660e+02
8.222104583164364655e-01 1.090465829443082839e+02
8.237267253102077413e-01 1.085941273007443471e+02
8.252457885048450903e-01 1.081434570382480302e+02
8.267676530569219029e-01 1.076945657053292251e+02
8.282923241325174102e-01 1.072474468703422730e+02
8.298198069072404426e-01 1.068020941214413568e+02
8.313501065662441958e-01 1.063585010665411943e+02
8.328832283042417739e-01 1.059166613332752860e+02
8.344191773255291711e-01 1.054765685689527288e+02
8.359579588439962627e-01 1.050382164405185392e+02
8.374995780831510084e-01 1.046015986345106370e+02
8.390440402761337735e-01 1.041667088570183495e+02
8.405913506657333167e-01 1.037335408336417544e+02
8.421415145044101047e-01 1.033020883094483224e+02
8.436945370543074141e-01 1.028723450489325870e+02
8.452504235872752014e-01 1.024443048359738953e+02
8.468091793848854243e-01 1.020179614737938891e+02
8.483708097384474733e-01 1.015933087849161751e+02
8.499353199490319311e-01 1.011703406111229810e+02
8.515027153274817850e-01 1.007490508134149394e+02
8.530730011944368529e-01 1.003294332719675026e+02
8.546461828803485483e-01 9.991148188609022895e+01
8.562222657254958680e-01 9.949519057418521584e+01
8.578012550800097058e-01 9.908055327370352927e+01
8.593831563038835109e-01 9.866756394110558404e+01
8.609679747669980454e-01 9.825621655181754477e+01
8.625557158491369281e-01 9.784650510018944658e+01
8.641463849400021768e-01 9.743842359945476517e+01
8.657399874392374128e-01 9.703196608168696002e+01
8.673365287564446247e-01 9.662712659775776558e+01
8.689360143111986012e-01 9.622389921729626394e+01
8.705384495330722450e-01 9.582227802864569810e+01
8.721438398616480070e-01 9.542225713882237415e+01
8.737521907465419790e-01 9.502383067347305712e+01
8.753635076474204357e-01 9.462699277683312005e+01
8.769777960340150447e-01 9.423173761168561668e+01
8.785950613861480685e-01 9.383805935931731312e+01
8.802153091937438001e-01 9.344595221947878372e+01
8.818385449568532097e-01 9.305541040791018759e+01
8.834647741856703762e-01 9.266642809777499679e+01
8.850940024005479190e-01 9.227899941779750748e+01
8.867262351320225333e-01 9.189311851409551934e+01
8.883614779208262036e-01 9.150877955318755141e+01
8.899997363179117382e-01 9.112597672192779896e+01
8.916410158844683131e-01 9.074470422744323628e+01
8.932853221919383468e-01 9.036495629707164312e+01
8.949326608220420365e-01 8.998672717829630585e+01
8.965830373667894593e-01 8.961001113868556445e+01
8.982364574285062186e-01 8.923480246582809627e+01
8.998929266198487653e-01 8.886109546727155362e+01
9.015524505638217168e-01 8.848888447046050487e+01
9.032150348938027262e-01 8.811816382267265624e+01
9.048806852535548062e-01 8.774892789095893875e+01
9.065494072972510864e-01 8.738117106207961626e+01
9.082212066894921332e-01 8.701488774244369040e+01
9.098960891053219369e-01 8.665007235804769437e+01
9.115740602302537798e-01 8.628671935441272467e+01
9.132551257602818939e-01 8.592482319652546607e+01
9.149392914019076617e-01 8.556437836877476855e+01
9.166265628721559366e-01 8.520537937489224589e+01
9.183169458985919187e-01 8.484782073789128276e+01
9.200104462193466892e-01 8.449169700000588534e+01
9.217070695831296456e-01 8.413700272263113789e+01
9.234068217492542585e-01 8.378373248626193970e+01
9.251097084876551691e-01 8.343188089043334799e+01
9.268157355789045093e-01 8.308144255366104858e+01
9.285249088142384366e-01 8.273241211338070400e+01
9.302372339955691238e-01 8.238478422588912053e+01
9.319527169355110718e-01 8.203855356628397999e+01
9.336713634573980958e-01 8.169371482840469412e+01
9.353931793953002005e-01 8.135026272477446696e+01
9.371181705940498929e-01 8.100819198653886133e+01
9.388463429092546164e-01 8.066749736340942434e+01
9.405777022073231741e-01 8.032817362360320601e+01
9.423122543654827155e-01 7.999021555378494952e+01
9.440500052717960555e-01 7.965361795900889774e+01
9.457909608251883204e-01 7.931837566265993189e+01
9.475351269354589379e-01 7.898448350639617388e+01
9.492825095233088373e-01 7.865193635009028128e+01
9.510331145203575476e-01 7.832072907177186494e+01
9.527869478691605165e-01 7.799085656757115714e+01
9.545440155232355339e-01 7.766231375165919815e+01
9.563043234470759435e-01 7.733509555619264120e+01
9.580678776161772880e-01 7.700919693125523224e+01
9.598346840170547400e-01 7.668461284480115125e+01
9.616047486472604211e-01 7.636133828259903567e+01
9.633780775154094922e-01 7.603936824817390061e+01
9.651546766411983613e-01 7.571869776275102026e+01
9.669345520554210038e-01 7.539932186520047708e+01
9.687177097999972730e-01 7.508123561197922413e+01
9.705041559279852237e-01 7.476443407707670019e+01
9.722938965036083125e-01 7.444891235195761681e+01
9.740869376022733839e-01 7.413466554550637966e+01
9.758832853105881000e-01 7.382168878397240519e+01
9.776829457263888079e-01 7.350997721091297876e+01
9.794859249587529737e-01 7.319952598713973657e+01
9.812922291280269382e-01 7.289033029066192171e+01
9.831018643658437917e-01 7.258238531663171500e+01
9.849148368151413591e-01 7.227568627729046113e+01
9.867311526301898450e-01 7.197022840191192472e+01
9.885508179766044901e-01 7.166600693674976696e+01
9.903738390313741036e-01 7.136301714498139859e+01
9.922002219828784941e-01 7.106125430665440490e+01
9.940299730309066772e-01 7.076071371863278614e+01
9.958630983866850750e-01 7.046139069454181936e+01
9.976996042728903946e-01 7.016328056471557773e+01
9.995394969236774951e-01 6.986637867614199138e+01
1.001382782584698372e+00 6.957068039240957091e+01
1.003229467513119255e+00 6.927618109365498356e+01
1.005079557977650140e+00 6.898287617650797188e+01
1.006933060258556889e+00 6.869076105403998156e+01
1.008789980647689877e+00 6.839983115570987593e+01
1.010650325448503084e+00 6.811008192710055198e+01
1.012514100976071418e+00 6.782150881659559616e+01
1.014381313557119579e+00 6.753410726770366068e+01
1.016251969530036270e+00 6.724787273881290162e+01
1.018126075244901063e+00 6.696280070505396509e+01
1.020003637063504831e+00 6.667888665824176542e+01
1.021884661359367064e+00 6.639612610681729166e+01
1.023769154517764735e+00 6.611451457578921520e+01
1.025657122935746068e+00 6.583404760667676214e+01
1.027548573022159850e+00 6.555472075745139193e+01
1.029443511197673411e+00 6.527652960247903025e+01
1.031341943894791058e+00 6.499946973246416349e+01
1.033243877557884494e+00 6.472353675439121901e+01
1.035149318643205030e+00 6.444872629146885856e+01
1.037058273618913340e+00 6.417503398307242435e+01
1.038970748965098334e+00 6.390245548468752190e+01
1.040886751173796032e+00 6.363098646785442725e+01
1.042806286749018874e+00 6.336062262011078161e+01
1.044729362206768819e+00 6.309135964493707149e+01
1.046655984075068213e+00 6.282319326169907470e+01
1.048586158893977549e+00 6.255611920559342565e+01
1.050519893215614564e+00 6.229013322759243465e+01
1.052457193604184660e+00 6.202523109438777027e+01
1.054398066635994224e+00 6.176140858833652203e+01
1.056342518899480609e+00 6.149866150740533755e+01
1.058290556995230336e+00 6.123698566511623653e+01
1.060242187536000191e+00 6.097637689049248166e+01
1.062197417146745426e+00 6.071683102800337650e+01
1.064156252464634189e+00 6.045834393751088243e+01
1.066118700139077946e+00 6.020091149421514132e+01
1.068084766831750798e+00 5.994452958860063063e+01
1.070054459216608134e+00 5.968919412638337718e+01
1.072027783979916382e+00 5.943490102845635903e+01
1.074004747820272776e+00 5.918164623083701770e+01
1.075985357448624002e+00 5.892942568461401720e+01
1.077969619588296846e+00 5.867823535589400308e+01
1.079957540975013064e+00 5.842807122574959067e+01
1.081949128356918699e+00 5.817892929016583281e+01
1.083944388494604505e+00 5.793080555998839287e+01
1.085943328161125265e+00 5.768369606087162538e+01
1.087945954142030880e+00 5.743759683322586085e+01
1.089952273235379909e+00 5.719250393216604778e+01
1.091962292251771105e+00 5.694841342745966273e+01
1.093976018014362728e+00 5.670532140347528127e+01
1.095993457358892753e+00 5.646322395913163206e+01
1.098014617133709070e+00 5.622211720784585509e+01
1.100039504199784801e+00 5.598199727748288268e+01
1.102068125430749168e+00 5.574286031030426614e+01
1.104100487712907031e+00 5.550470246291747856e+01
1.106136597945258870e+00 5.526751990622613420e+01
1.108176463039532988e+00 5.503130882537836754e+01
1.110220089920198827e+00 5.479606541971817535e+01
1.112267485524498944e+00 5.456178590273389517e+01
1.114318656802469665e+00 5.432846650200919925e+01
1.116373610716959730e+00 5.409610345917368335e+01
1.118432354243663829e+00 5.386469302985236851e+01
1.120494894371135475e+00 5.363423148361754045e+01
1.122561238100820091e+00 5.340471510393847865e+01
1.124631392447073885e+00 5.317614018813289789e+01
1.126705364437186052e+00 5.294850304731846791e+01
1.128783161111408750e+00 5.272180000636336672e+01
1.130864789522973313e+00 5.249602740383832611e+01
1.132950256738121331e+00 5.227118159196809444e+01
1.135039569836125750e+00 5.204725893658272184e+01
1.137132735909310632e+00 5.182425581707062889e+01
1.139229762063084683e+00 5.160216862632940860e+01
1.141330655415954576e+00 5.138099377071926455e+01
1.143435423099558257e+00 5.116072767001454480e+01
1.145544072258685597e+00 5.094136675735666131e+01
1.147656610051298820e+00 5.072290747920704490e+01
1.149773043648564474e+00 5.050534629529963127e+01
1.151893380234869646e+00 5.028867967859442700e+01
1.154017627007854152e+00 5.007290411523005247e+01
1.156145791178430526e+00 4.985801610447745702e+01
1.158277879970806001e+00 4.964401215869394690e+01
1.160413900622514927e+00 4.943088880327577783e+01
1.162553860384434090e+00 4.921864257661303554e+01
1.164697766520815136e+00 4.900727003004283944e+01
1.166845626309306105e+00 4.879676772780389626e+01
1.168997447040972304e+00 4.858713224699092592e+01
1.171153236020329835e+00 4.837836017750838380e+01
1.173313000565360031e+00 4.817044812202614423e+01
1.175476748007543870e+00 4.796339269593326549e+01
1.177644485691881737e+00 4.775719052729324687e+01
1.179816220976916519e+00 4.755183825679941378e+01
1.181991961234763799e+00 4.734733253772962058e+01
1.184171713851135177e+00 4.714367003590165695e+01
1.186355486225358469e+00 4.694084742962931500e+01
1.188543285770412128e+00 4.673886140967697145e+01
1.190735119912939455e+00 4.653770867921676313e+01
1.192930996093283902e+00 4.633738595378326863e+01
1.195130921765509724e+00 4.613788996123012964e+01
1.197334904397423516e+00 4.593921744168657284e+01
1.199542951470609076e+00 4.574136514751305782e+01
1.201755070480441390e+00 4.554432984325891454e+01
1.203971268936122385e+00 4.534810830561762884e+01
1.206191554360701801e+00 4.515269732338477127e+01
1.208415934291098948e+00 4.495809369741449757e+01
1.210644416278137347e+00 4.476429424057672435e+01
1.212877007886560277e+00 4.457129577771458884e+01
1.215113716695065404e+00 4.437909514560131896e+01
1.217354550296326110e+00 4.418768919289813368e+01
1.219599516297014130e+00 4.399707478015286455e+01
1.221848622317833755e+00 4.380724880058286175e+01
1.224101875993538480e+00 4.361820821348056398e+01
1.226359284972964314e+00 4.342994999740469808e+01
1.228620856919053317e+00 4.324247114115136270e+01
1.230886599508874912e+00 4.305576864372769563e+01
1.233156520433661196e+00 4.286983951432455342e+01
1.235430627398822923e+00 4.268468077229076840e+01
1.237708928123984586e+00 4.250028944710567913e+01
1.239991430343006629e+00 4.231666257835291844e+01
1.242278141804007641e+00 4.213379721569425129e+01
1.244569070269400557e+00 4.195169041884236805e+01
1.246864223515907533e+00 4.177033925753502075e+01
1.249163609334596137e+00 4.158974081150794433e+01
1.251467235530901778e+00 4.140989217046868021e+01
1.253775109924650133e+00 4.123079043407058464e+01
1.256087240350092893e+00 4.105243271188555809e+01
1.258403634655923975e+00 4.087481612337850123e+01
1.260724300705315271e+00 4.069793779788030008e+01
1.263049246375939516e+00 4.052179487456196938e+01
1.265378479559992719e+00 4.034638450240830565e+01
1.267712008164231019e+00 4.017170384019124185e+01
1.270049840109985784e+00 3.999775005644413284e+01
1.272391983333200471e+00 3.982452032943528053e+01
1.274738445784453722e+00 3.965201184714147331e+01
1.277089235428982006e+00 3.948022180722254859e+01
1.279444360246715817e+00 3.930914741699442061e+01
1.281803828232297215e+00 3.913878589340384195e+01
1.284167647395114464e+00 3.896913446300158057e+01
1.286535825759326679e+00 3.880019036191671944e+01
1.288908371363886696e+00 3.863195083583070044e+01
1.291285292262577489e+00 3.846441313995121902e+01
1.293666596524029044e+00 3.829757453898650255e+01
1.296052292231754555e+00 3.813143230711887099e+01
1.298442387484175065e+00 3.796598372797926402e+01
1.300836890394641454e+00 3.780122609462156191e+01
1.303235809091472630e+00 3.763715670949602554e+01
1.305639151717971291e+00 3.747377288442446286e+01
1.308046926432462342e+00 3.731107194057359067e+01
1.310459141408314876e+00 3.714905120842961139e+01
1.312875804833967042e+00 3.698770802777291067e+01
1.315296924912961796e+00 3.682703974765171040e+01
1.317722509863970437e+00 3.666704372635672371e+01
1.320152567920816589e+00 3.650771733139590225e+01
1.322587107332513279e+00 3.634905793946804664e+01
1.325026136363280926e+00 3.619106293643817196e+01
1.327469663292583979e+00 3.603372971731129581e+01
1.329917696415155115e+00 3.587705568620710750e+01
1.332370244041020335e+00 3.572103825633509899e+01
1.334827314495534933e+00 3.556567484996811146e+01
1.337288916119402593e+00 3.541096289841805600e+01
1.339755057268712024e+00 3.525689984200971594e+01
1.342225746314962054e+00 3.510348313005569310e+01
1.344700991645085164e+00 3.495071022083161694e+01
1.347180801661486349e+00 3.479857858155000372e+01
1.349665184782059990e+00 3.464708568833599145e+01
1.352154149440228270e+00 3.449622902620134823e+01
1.354647704084966264e+00 3.434600608901975249e+01
1.357145857180825255e+00 3.419641437950190266e+01
1.359648617207972254e+00 3.404745140916978841e+01
1.362155992662207327e+00 3.389911469833243274e+01
1.364667992055001777e+00 3.375140177606026981e+01
1.367184623913523689e+00 3.360431018016040383e+01
1.369705896780661902e+00 3.345783745715194613e+01
1.372231819215064874e+00 3.331198116224051375e+01
1.374762399791159329e+00 3.316673885929429133e+01
1.377297647099188227e+00 3.302210812081828095e+01
1.379837569745235859e+00 3.287808652792983111e+01
1.382382176351253822e+00 3.273467167033444269e+01
1.384931475555098768e+00 3.259186114630018238e+01
1.387485476010551055e+00 3.244965256263375863e+01
1.390044186387354497e+00 3.230804353465534717e+01
1.392607615371240781e+00 3.216703168617425490e+01
1.395175771663954789e+00 3.202661464946459802e+01
1.397748663983294781e+00 3.188679006524018433e+01
1.400326301063129719e+00 3.174755558263062483e+01
1.402908691653439455e+00 3.160890885915660320e+01
1.405495844520339821e+00 3.147084756070533729e+01
1.408087768446108390e+00 3.133336936150674035e+01
1.410684472229224440e+00 3.119647194410844548e+01
1.413285964684386498e+00 3.106015299935202023e+01
1.415892254642553194e+00 3.092441022634847414e+01
1.418503350950969022e+00 3.078924133245401507e+01
1.421119262473188760e+00 3.065464403324621045e+01
1.423739998089119441e+00 3.052061605249933862e+01
1.426365566695037668e+00 3.038715512216083781e+01
1.428995977203630252e+00 3.025425898232685995e+01
1.431631238544020190e+00 3.012192538121834673e+01
1.434271359661793088e+00 2.999015207515731873e+01
1.436916349519036684e+00 2.985893682854251452e+01
1.439566217094360168e+00 2.972827741382596756e+01
1.442220971382935479e+00 2.959817161148874476e+01
1.444880621396522402e+00 2.946861721001724277e+01
1.447545176163495206e+00 2.933961200587975782e+01
1.450214644728883950e+00 2.921115380350216739e+01
1.452889036154392244e+00 2.908324041524489800e+01
1.455568359518440102e+00 2.895586966137866725e+01
1.458252623916189039e+00 2.882903937006116735e+01
1.460941838459568265e+00 2.870274737731374515e+01
1.463636012277315990e+00 2.857699152699735023e+01
1.466335154515004291e+00 2.845176967078932151e+01
1.469039274335067091e+00 2.832707966816020928e+01
1.471748380916840349e+00 2.820291938634981577e+01
1.474462483456582484e+00 2.807928670034439378e+01
1.477181591167515240e+00 2.795617949285289683e+01
1.479905713279851209e+00 2.783359565428384030e+01
1.482634859040820041e+00 2.771153308272236515e+01
1.485369037714710183e+00 2.758998968390648088e+01
1.488108258582889087e+00 2.746896337120455200e+01
1.490852530943844512e+00 2.734845206559165831e+01
1.493601864113212274e+00 2.722845369562675799e+01
1.496356267423802455e+00 2.710896619742973712e+01
1.499115750225642696e+00 2.698998751465832768e+01
1.501880321885996850e+00 2.687151559848522808e+01
1.504649991789408059e+00 2.675354840757510289e+01
1.507424769337725845e+00 2.663608390806178861e+01
1.510204663950132975e+00 2.651912007352573752e+01
1.512989685063189205e+00 2.640265488497073321e+01
1.515779842130850152e+00 2.628668633080170025e+01
1.518575144624510376e+00 2.617121240680160454e+01
1.521375602033031127e+00 2.605623111610907117e+01
1.524181223862767665e+00 2.594174046919587084e+01
1.526992019637612330e+00 2.582773848175193265e+01
1.529807998899014754e+00 2.571422308410373603e+01
1.532629171206024932e+00 2.560119208840913174e+01
1.535455546135320981e+00 2.548864330873128026e+01
1.538287133281237118e+00 2.537657457035821196e+01
1.541123942255806956e+00 2.526498370973728314e+01
1.543965982688783711e+00 2.515386857441089674e+01
1.546813264227684170e+00 2.504322702295162273e+01
1.549665796537815998e+00 2.493305692489862935e+01
1.552523589302306606e+00 2.482335616069403272e+01
1.555386652222146449e+00 2.471412262161953777e+01
1.558254995016209676e+00 2.460535420973404541e+01
1.561128627421298320e+00 2.449704883781096143e+01
1.564007559192170271e+00 2.438920442927623711e+01
1.566891800101567256e+00 2.428181891814711335e+01
1.569781359940260579e+00 2.417489024897048822e+01
1.572676248517069997e+00 2.406841637676253143e+01
1.575576475658908793e+00 2.396239526694786548e+01
1.578482051210812642e+00 2.385682489529964911e+01
1.581392985035968035e+00 2.375170324788008713e+01
1.584309287015757128e+00 2.364702832098080876e+01
1.587230967049777286e+00 2.354279812106429759e+01
1.590158035055888153e+00 2.343901066470489525e+01
1.593090500970238521e+00 2.333566397853093477e+01
1.596028374747296086e+00 2.323275609916689888e+01
1.598971666359892296e+00 2.313028507317562443e+01
1.601920385799243451e+00 2.302824895700171126e+01
1.604874543074995996e+00 2.292664581691420267e+01
1.607834148215255166e+00 2.282547372895054494e+01
1.610799211266614961e+00 2.272473077886056814e+01
1.613769742294203002e+00 2.262441506205039232e+01
1.616745751381701401e+00 2.252452468352766246e+01
1.619727248631393612e+00 2.242505775784593780e+01
1.622714244164192410e+00 2.232601240905037088e+01
1.625706748119670308e+00 2.222738677062341139e+01
1.628704770656103307e+00 2.212917898543059536e+01
1.631708321950500862e+00 2.203138720566699149e+01
1.634717412198635200e+00 2.193400959280408813e+01
1.637732051615087281e+00 2.183704431753629294e+01
1.640752250433268777e+00 2.174048955972891051e+01
1.643778018905468041e+00 2.164434350836526733e+01
1.646809367302880078e+00 2.154860436149497716e+01
1.649846305915636524e+00 2.145327032618223484e+01
1.652888845052851385e+00 2.135833961845438012e+01
1.655936995042644355e+00 2.126381046325090196e+01
1.658990766232185887e+00 2.116968109437266321e+01
1.662050168987728282e+00 2.107594975443143426e+01
1.665115213694635443e+00 2.098261469480003427e+01
1.668185910757430168e+00 2.088967417556208161e+01
1.671262270599815913e+00 2.079712646546308008e+01
1.674344303664723865e+00 2.070496984186069156e+01
1.677432020414342917e+00 2.061320259067615979e+01
1.680525431330151198e+00 2.052182300634570566e+01
1.683624546912962705e+00 2.043082939177213575e+01
1.686729377682949282e+00 2.034022005827703339e+01
1.689839934179689029e+00 2.024999332555289655e+01
1.692956226962195831e+00 2.016014752161570911e+01
1.696078266608951335e+00 2.007068098275820489e+01
1.699206063717951354e+00 1.998159205350255263e+01
1.702339628906729851e+00 1.989287908655428794e+01
1.705478972812405569e+00 1.980454044275571590e+01
1.708624106091713779e+00 1.971657449104012372e+01
1.711775039421036926e+00 1.962897960838621358e+01
1.714931783496453033e+00 1.954175417977248230e+01
1.718094349033758128e+00 1.945489659813233274e+01
1.721262746768515095e+00 1.936840526430906095e+01
1.724436987456084536e+00 1.928227858701130515e+01
1.727617081871655857e+00 1.919651498276904533e+01
1.730803040810296789e+00 1.911111287588909136e+01
1.733994875086975362e+00 1.902607069841184639e+01
1.737192595536609208e+00 1.894138689006748066e+01
1.740396213014097304e+00 1.885705989823278372e+01
1.743605738394350402e+00 1.877308817788846085e+01
1.746821182572342090e+00 1.868947019157604927e+01
1.750042556463130117e+00 1.860620440935589670e+01
1.753269871001906344e+00 1.852328930876460689e+01
1.756503137144029170e+00 1.844072337477344092e+01
1.759742365865053948e+00 1.835850509974660127e+01
1.762987568160784280e+00 1.827663298339965792e+01
1.766238755047294218e+00 1.819510553275870279e+01
1.769495937560978005e+00 1.811392126211912057e+01
1.772759126758582937e+00 1.803307869300515520e+01
1.776028333717240670e+00 1.795257635412957598e+01
1.779303569534517848e+00 1.787241278135329381e+01
1.782584845328439638e+00 1.779258651764569521e+01
1.785872172237539246e+00 1.771309611304473819e+01
1.789165561420891226e+00 1.763394012461771254e+01
1.792465024058143452e+00 1.755511711642207118e+01
1.795770571349567968e+00 1.747662565946626856e+01
1.799082214516083633e+00 1.739846433167140205e+01
1.802399964799308973e+00 1.732063171783232036e+01
1.805723833461592154e+00 1.724312640957970899e+01
1.809053831786046285e+00 1.716594700534199802e+01
1.812389971076596717e+00 1.708909211030748310e+01
1.815732262658015461e+00 1.701256033638688692e+01
1.819080717875952713e+00 1.693635030217604864e+01
1.822435348096989705e+00 1.686046063291869146e+01
1.825796164708661129e+00 1.678488996046975501e+01
1.829163179119507765e+00 1.670963692325853955e+01
1.832536402759109118e+00 1.663470016625239722e+01
1.835915847078116947e+00 1.656007834092060449e+01
1.839301523548307005e+00 1.648577010519812447e+01
1.842693443662602792e+00 1.641177412345014730e+01
1.846091618935128187e+00 1.633808906643630365e+01
1.849496060901240524e+00 1.626471361127532944e+01
1.852906781117564572e+00 1.619164644141020304e+01
1.856323791162044046e+00 1.611888624657287750e+01
1.859747102633967142e+00 1.604643172274986540e+01
1.863176727154017387e+00 1.597428157214754307e+01
1.866612676364309609e+00 1.590243450315794682e+01
1.870054961928421688e+00 1.583088923032476991e+01
1.873503595531448518e+00 1.575964447430931870e+01
1.876958588880026424e+00 1.568869896185704071e+01
1.880419953702385794e+00 1.561805142576386807e+01
1.883887701748385934e+00 1.554770060484300842e+01
1.887361844789548382e+00 1.547764524389203800e+01
1.890842394619110634e+00 1.540788409365972988e+01
1.894329363052050796e+00 1.533841591081373146e+01
1.897822761925141322e+00 1.526923945790778347e+01
1.901322603096983199e+00 1.520035350334956092e+01
1.904828898448040375e+00 1.513175682136870748e+01
1.908341659880693708e+00 1.506344819198471363e+01
1.911860899319266505e+00 1.499542640097542545e+01
1.915386628710076700e+00 1.492769023984537391e+01
1.918918860021474382e+00 1.486023850579448258e+01
1.922457605243873546e+00 1.479307000992978516e+01
1.926002876389809160e+00 1.472618376313628019e+01
1.929554685493960475e+00 1.465957897478553740e+01
1.933113044613206100e+00 1.459325486139477590e+01
1.936677965826659520e+00 1.452721063775891430e+01
1.940249461235703743e+00 1.446144551699733860e+01
1.943827542964046140e+00 1.439595871059986365e+01
1.947412223157743982e+00 1.433074942847292377e+01
1.951003513985259508e+00 1.426581687898483075e+01
1.954601427637495004e+00 1.420116026901107809e+01
1.958205976327828557e+00 1.413677880397925790e+01
1.961817172292169786e+00 1.407267168791320699e+01
1.965435027788984268e+00 1.400883812347750634e+01
1.969059555099350378e+00 1.394527731202088638e+01
1.972690766526994377e+00 1.388198845361973888e+01
1.976328674398325935e+00 1.381897074712130191e+01
1.979973291062494534e+00 1.375622339018607398e+01
1.983624628891414998e+00 1.369374557933044123e+01
1.987282700279824121e+00 1.363153650996840938e+01
1.990947517645315745e+00 1.356959537645334102e+01
1.994619093428377399e+00 1.350792137211938737e+01
1.998297440092444699e+00 1.344651368932216684e+01
2.001982570123937766e+00 1.338537151947952175e+01
2.005674496032297416e+00 1.332449405311181501e+01
2.009373230350040451e+00 1.326388047988167962e+01
2.013078785632789192e+00 1.320352998863371852e+01
2.016791174459324321e+00 1.314344176743367143e+01
2.020510409431624854e+00 1.308361500360722296e+01
2.024236503174902779e+00 1.302404888377879644e+01
2.027969468337661230e+00 1.296474259390937434e+01
2.031709317591720687e+00 1.290569531933475389e+01
2.035456063632275825e+00 1.284690624480280086e+01
2.039209719177933255e+00 1.278837455451068905e+01
2.042970296970748389e+00 1.273009943214197115e+01
2.046737809776283168e+00 1.267208006090276129e+01
2.050512270383631819e+00 1.261431562355827118e+01
2.054293691605480809e+00 1.255680530246840654e+01
2.058082086278143930e+00 1.249954827962340254e+01
2.061877467261600927e+00 1.244254373667916980e+01
2.065679847439555239e+00 1.238579085499189070e+01
2.069489239719461970e+00 1.232928881565285195e+01
2.073305657032585181e+00 1.227303679952247428e+01
2.077129112334035188e+00 1.221703398726430123e+01
2.080959618602807648e+00 1.216127955937865401e+01
2.084797188841842619e+00 1.210577269623570729e+01
2.088641836078048541e+00 1.205051257810868037e+01
2.092493573362366188e+00 1.199549838520625045e+01
2.096352413769801970e+00 1.194072929770494085e+01
2.100218370399468792e+00 1.188620449578121807e+01
2.104091456374645119e+00 1.183192315964297237e+01
2.107971684842801174e+00 1.177788446956109780e+01
2.111859068975659781e+00 1.172408760590037957e+01
2.115753621969233667e+00 1.167053174915031200e+01
2.119655357043865429e+00 1.161721607995562700e+01
2.123564287444284826e+00 1.156413977914621150e+01
2.127480426439639416e+00 1.151130202776719536e+01
2.131403787323552290e+00 1.145870200710826836e+01
2.135334383414162929e+00 1.140633889873294038e+01
2.139272228054163616e+00 1.135421188450762209e+01
2.143217334610861613e+00 1.130232014662996498e+01
2.147169716476206691e+00 1.125066286765745538e+01
2.151129387066851528e+00 1.119923923053523396e+01
2.155096359824190788e+00 1.114804841862392415e+01
2.159070648214400645e+00 1.109708961572707508e+01
2.163052265728499179e+00 1.104636200611821195e+01
2.167041225882375244e+00 1.099586477456779754e+01
2.171037542216848859e+00 1.094559710636969818e+01
2.175041228297712070e+00 1.089555818736744008e+01
2.179052297715766251e+00 1.084574720398036085e+01
2.183070764086886495e+00 1.079616334322903981e+01
2.187096641052046486e+00 1.074680579276098591e+01
2.191129942277384224e+00 1.069767374087553335e+01
2.195170681454239325e+00 1.064876637654879410e+01
2.199218872299192551e+00 1.060008288945832788e+01
2.203274528554130196e+00 1.055162247000717102e+01
2.207337663986269849e+00 1.050338430934816003e+01
2.211408292388226560e+00 1.045536759940740446e+01
2.215486427578048811e+00 1.040757153290785020e+01
2.219572083399262041e+00 1.035999530339259600e+01
2.223665273720926816e+00 1.031263810524761304e+01
2.227766012437680576e+00 1.026549913372446809e+01
2.231874313469778048e+00 1.021857758496279800e+01
2.235990190763152974e+00 1.017187265601227786e+01
2.240113658289448750e+00 1.012538354485464254e+01
2.244244730046080605e+00 1.007910945042508999e+01
2.248383420056277782e+00 1.003304957263372721e+01
2.252529742369122623e+00 9.987203112386673354e+00
2.256683711059615849e+00 9.941569271606718772e+00
2.260845340228703648e+00 9.896147253254072851e+00
2.265014644003345179e+00 9.850936261346475931e+00
2.269191636536549872e+00 9.805935500979346742e+00
2.273376332007421841e+00 9.761144178345574574e+00
2.277568744621220720e+00 9.716561500754993475e+00
2.281768888609395862e+00 9.672186676653758752e+00
2.285976778229645401e+00 9.628018915643330899e+00
2.290192427765962879e+00 9.584057428499226816e+00
2.294415851528675443e+00 9.540301427189724848e+00
2.298647063854509565e+00 9.496750124893988954e+00
2.302886079106622130e+00 9.453402736020295904e+00
2.307132911674663944e+00 9.410258476223729573e+00
2.311387575974821917e+00 9.367316562423813053e+00
2.315650086449862144e+00 9.324576212821952481e+00
2.319920457569194294e+00 9.282036646918358613e+00
2.324198703828902257e+00 9.239697085529126497e+00
2.328484839751808533e+00 9.197556750802759140e+00
2.332778879887519974e+00 9.155614866236565064e+00
2.337080838812465533e+00 9.113870656692997230e+00
2.341390731129965985e+00 9.072323348415412880e+00
2.345708571470262349e+00 9.030972169043987918e+00
2.350034374490582945e+00 8.989816347631078841e+00
2.354368154875186914e+00 8.948855114656570464e+00
2.358709927335404632e+00 8.908087702042994493e+00
2.363059706609706545e+00 8.867513343170223550e+00
2.367417507463733362e+00 8.827131272890273550e+00
2.371783344690362227e+00 8.786940727541551865e+00
2.376157233109750244e+00 8.746940944963116138e+00
2.380539187569378878e+00 8.707131164508705723e+00
2.384929222944119243e+00 8.667510627060352135e+00
2.389327354136263182e+00 8.628078575042124498e+00
2.393733596075592995e+00 8.588834252433290573e+00
2.398147963719423181e+00 8.549776904781531073e+00
2.402570472052643513e+00 8.510905779215949707e+00
2.407001136087788318e+00 8.472220124459585833e+00
2.411439970865067561e+00 8.433719190842166924e+00
2.415886991452434351e+00 8.395402230312232206e+00
2.420342212945628457e+00 8.357268473512744933e+00
2.424805650468222495e+00 8.319316672881578612e+00
2.429277319171686766e+00 8.281545137137868551e+00
2.433757234235425226e+00 8.243952176016216882e+00
2.438245410866840324e+00 8.206536118325830742e+00
2.442741864301380517e+00 8.169295311755318423e+00
2.447246609802581130e+00 8.132228122680190907e+00
2.451759662662137629e+00 8.095332935972482602e+00
2.456281038199933597e+00 8.058608154813358126e+00
2.460810751764113569e+00 8.022052200507740594e+00
2.465348818731125213e+00 7.985663512301635514e+00
2.469895254505765081e+00 7.949440547201747087e+00
2.474450074521245657e+00 7.913381779797303395e+00
2.479013294239240661e+00 7.877485702084362273e+00
2.483584929149929454e+00 7.841750823292346517e+00
2.488164994772067651e+00 7.806175669712649423e+00
2.492753506653019535e+00 7.770758784529705032e+00
2.497350480368827785e+00 7.735498727653915552e+00
2.501955931524260102e+00 7.700394075556950213e+00
2.506569875752853171e+00 7.665443421109053190e+00
2.511192328716985500e+00 7.630645373418310839e+00
2.515823306107907165e+00 7.595998557672164253e+00
2.520462823645814421e+00 7.561501614980635111e+00
2.525110897079891892e+00 7.527153202221801287e+00
2.529767542188362306e+00 7.492951991889015062e+00
2.534432774778553554e+00 7.458896671940062006e+00
2.539106610686935550e+00 7.424985945648272967e+00
2.543789065779189951e+00 7.391218531455333363e+00
2.548480155950257231e+00 7.357593162826021604e+00
2.553179897124382869e+00 7.324108588104760287e+00
2.557888305255187511e+00 7.290763570373735902e+00
2.562605396325703833e+00 7.257556887312992089e+00
2.567331186348446703e+00 7.224487331061999029e+00
2.572065691365459372e+00 7.191553708083015195e+00
2.576808927448362319e+00 7.158754839026180150e+00
2.581560910698423861e+00 7.126089558595917417e+00
2.586321657246594352e+00 7.093556715419363279e+00
2.591091183253580787e+00 7.061155171915928896e+00
2.595869504909892100e+00 7.028883804168707172e+00
2.600656638435886236e+00 6.996741501797322016e+00
2.605452600081845649e+00 6.964727167832118759e+00
2.610257406128008828e+00 6.932839718590089184e+00
2.615071072884645353e+00 6.901078083551987596e+00
2.619893616692102967e+00 6.869441205240977233e+00
2.624725053920855533e+00 6.837928039102755484e+00
2.629565400971577649e+00 6.806537553386828421e+00
2.634414674275176171e+00 6.775268729029405357e+00
2.639272890292869711e+00 6.744120559537357451e+00
2.644140065516230820e+00 6.713092050873670225e+00
2.649016216467238394e+00 6.682182221344159068e+00
2.653901359698350504e+00 6.651390101485275430e+00
2.658795511792538591e+00 6.620714733953440678e+00
2.663698689363364736e+00 6.590155173415287670e+00
2.668610909055027847e+00 6.559710486439321642e+00
2.673532187542412952e+00 6.529379751388758812e+00
2.678462541531166696e+00 6.499162058315281598e+00
2.683401987757732421e+00 6.469056508854299281e+00
2.688350542989425662e+00 6.439062216120980509e+00
2.693308224024483888e+00 6.409178304607579868e+00
2.698275047692113571e+00 6.379403910081894225e+00
2.703251030852567904e+00 6.349738179486533518e+00
2.708236190397181442e+00 6.320180270839525605e+00
2.713230543248447812e+00 6.290729353135710689e+00
2.718234106360066793e+00 6.261384606249293938e+00
2.723246896716995824e+00 6.232145220837351118e+00
2.728268931335525060e+00 6.203010398244217072e+00
2.733300227263314230e+00 6.173979350407015509e+00
2.738340801579469908e+00 6.145051299761880692e+00
2.743390671394594360e+00 6.116225479151315980e+00
2.748449853850836178e+00 6.087501131732377502e+00
2.753518366121964878e+00 6.058877510885686490e+00
2.758596225413419756e+00 6.030353880125386645e+00
2.763683448962361844e+00 6.001929513009991446e+00
2.768780054037750737e+00 5.973603693053910035e+00
2.773886057940381011e+00 5.945375713640023818e+00
2.779001478002960823e+00 5.917244877932862579e+00
2.784126331590162096e+00 5.889210498792685655e+00
2.789260636098670698e+00 5.861271898690392668e+00
2.794404408957266828e+00 5.833428409623015121e+00
2.799557667626858759e+00 5.805679373030208090e+00
2.804720429600564557e+00 5.778024139711203766e+00
2.809892712403761816e+00 5.750462069742729554e+00
2.815074533594138728e+00 5.722992532397523036e+00
2.820265910761774020e+00 5.695614906063495297e+00
2.825466861529172036e+00 5.668328578163736253e+00
2.830677403551346227e+00 5.641132945076971161e+00
2.835897554515865782e+00 5.614027412058864464e+00
2.841127332142912021e+00 5.587011393163902717e+00
2.846366754185353898e+00 5.560084311167845961e+00
2.851615838428789296e+00 5.533245597490899392e+00
2.856874602691622744e+00 5.506494692121406409e+00
2.862143064825118710e+00 5.479831043540166036e+00
2.867421242713453111e+00 5.453254108645411158e+00
2.872709154273794141e+00 5.426763352678171337e+00
2.878006817456340460e+00 5.400358249148418111e+00
2.883314250244401133e+00 5.374038279761563786e+00
2.888631470654450251e+00 5.347802934345613046e+00
2.893958496736176222e+00 5.321651710778843025e+00
2.899295346572567045e+00 5.295584114917875951e+00
2.904642038279944938e+00 5.269599660526468554e+00
2.909998590008051167e+00 5.243697869204542172e+00
2.915365019940096225e+00 5.217878270317888756e+00
2.920741346292815344e+00 5.192140400928321853e+00
2.926127587316548873e+00 5.166483805724165101e+00
2.931523761295281361e+00 5.140908036951389981e+00
2.936929886546725488e+00 5.115412654344992482e+00
2.942345981422372247e+00 5.089997225060964858e+00
2.947772064307548678e+00 5.064661323608641297e+00
2.953208153621496468e+00 5.039404531783405083e+00
2.958654267817415029e+00 5.014226438599902913e+00
2.964110425382541436e+00 4.989126640225546971e+00
2.969576644838206825e+00 4.964104739914499298e+00
2.975052944739887906e+00 4.939160347942026519e+00
2.980539343677293562e+00 4.914293081539132579e+00
2.986035860274401266e+00 4.889502564827706621e+00
2.991542513189543673e+00 4.864788428755884020e+00
2.997059321115461472e+00 4.840150311033820429e+00
3.002586302779358451e+00 4.815587856069884154e+00
3.008123476942985430e+00 4.791100714906990632e+00
3.013670862402681561e+00 4.766688545159472490e+00
3.019228477989456039e+00 4.742351010950099699e+00
3.024796342569047169e+00 4.718087782847495859e+00
3.030374475041973881e+00 4.693898537803895543e+00
3.035962894343622764e+00 4.669782959093063290e+00
3.041561619444286713e+00 4.645740736248675340e+00
3.047170669349252847e+00 4.621771614972033149e+00
3.052790063098856699e+00 4.597876282234063083e+00
3.058419819768535497e+00 4.574056240090180303e+00
3.064059958468916101e+00 4.550312987960410283e+00
3.069710498345866512e+00 4.526647993426427874e+00
3.075371458580552275e+00 4.503062692479293361e+00
3.081042858389525740e+00 4.479558489771785723e+00
3.086724717024763365e+00 4.456136758875381076e+00
3.092417053773754532e+00 4.432798842541438411e+00
3.098119887959558394e+00 4.409546052966629937e+00
3.103833238940857608e+00 4.386379672062362012e+00
3.109557126112048042e+00 4.363300951727869581e+00
3.115291568903278741e+00 4.340311114127144876e+00
3.121036586780539857e+00 4.317411351969131061e+00
3.126792199245720383e+00 4.294602828791331817e+00
3.132558425836662330e+00 4.271886679246612140e+00
3.138335286127252655e+00 4.249264009392759611e+00
3.144122799727460560e+00 4.226735896985135632e+00
3.149920986283429869e+00 4.204303391771737175e+00
3.155729865477533203e+00 4.181967515790937284e+00
3.161549457028432375e+00 4.159729263671540167e+00
3.167379780691163660e+00 4.137589602934954591e+00
3.173220856257183087e+00 4.115549474299593946e+00
3.179072703554453483e+00 4.093609791987015356e+00
3.184935342447503537e+00 4.071771444029979925e+00
3.190808792837485530e+00 4.050035292582109925e+00
3.196693074662264156e+00 4.028402174228985722e+00
3.202588207896460037e+00 4.006872900300755269e+00
3.208494212551539437e+00 3.985448257185838283e+00
3.214411108675871542e+00 3.964129006645841446e+00
3.220338916354788417e+00 3.942915886131486136e+00
3.226277655710675596e+00 3.921809609099284444e+00
3.232227346903012943e+00 3.900810865329142896e+00
3.238188010128467464e+00 3.879920321242428916e+00
3.244159665620951927e+00 3.859138620220670113e+00
3.250142333651682591e+00 3.838466382924679454e+00
3.256136034529272028e+00 3.817904207613851852e+00
3.262140788599771746e+00 3.797452670465844449e+00
3.268156616246763679e+00 3.777112325896169853e+00
3.274183537891419693e+00 3.756883706877903517e+00
3.280221573992561979e+00 3.736767325261288519e+00
3.286270745046753206e+00 3.716763672093012616e+00
3.292331071588342706e+00 3.696873217935385370e+00
3.298402574189557068e+00 3.677096413184937962e+00
3.304485273460561423e+00 3.657433688390687276e+00
3.310579190049518505e+00 3.637885454571831101e+00
3.316684344642682358e+00 3.618452103534699482e+00
3.322800757964441853e+00 3.599134008189138090e+00
3.328928450777414838e+00 3.579931522863943005e+00
3.335067443882507199e+00 3.560844983621550330e+00
3.341217758118976366e+00 3.541874708571724373e+00
3.347379414364521466e+00 3.523020998184178687e+00
3.353552433535330835e+00 3.504284135600242323e+00
3.359736836586174835e+00 3.485664386943216009e+00
3.365932644510466698e+00 3.467162001627633661e+00
3.372139878340325581e+00 3.448777212667229808e+00
3.378358559146665385e+00 3.430510236981488159e+00
3.384588708039258265e+00 3.412361275700896979e+00
3.390830346166795906e+00 3.394330514470722093e+00
3.397083494716983232e+00 3.376418123753235356e+00
3.403348174916586366e+00 3.358624259128483391e+00
3.409624408031525000e+00 3.340949061593343039e+00
3.415912215366937676e+00 3.323392657859029597e+00
3.422211618267240407e+00 3.305955160646900648e+00
3.428522638116226595e+00 3.288636668982426237e+00
3.434845296337109222e+00 3.271437268487564332e+00
3.441179614392619879e+00 3.254357031671137879e+00
3.447525613785069609e+00 3.237396018217499893e+00
3.453883316056412411e+00 3.220554275273291189e+00
3.460252742788342495e+00 3.203831837732198817e+00
3.466633915602340466e+00 3.187228728517914167e+00
3.473026856159768361e+00 3.170744958864981644e+00
3.479431586161937151e+00 3.154380528597729327e+00
3.485848127350165360e+00 3.138135426407178574e+00
3.492276501505880759e+00 3.122009630125829105e+00
3.498716730450663892e+00 3.106003107000486096e+00
3.505168836046349323e+00 3.090115813962877489e+00
3.511632840195086480e+00 3.074347697898268006e+00
3.518108764839405378e+00 3.058698695911902465e+00
3.524596631962314319e+00 3.043168735593280161e+00
3.531096463587348300e+00 3.027757735278362450e+00
3.537608281778665820e+00 3.012465604309511935e+00
3.544132108641116830e+00 2.997292243293325331e+00
3.550667966320302238e+00 2.982237544356304060e+00
3.557215877002679161e+00 2.967301391398224020e+00
3.563775862915603998e+00 2.952483660343456329e+00
3.570347946327433686e+00 2.937784219389955709e+00
3.576932149547592310e+00 2.923202929256123017e+00
3.583528494926633723e+00 2.908739643425459320e+00
3.590137004856344127e+00 2.894394208388948009e+00
3.596757701769788262e+00 2.880166463885340811e+00
3.603390608141412432e+00 2.866056243139116777e+00
3.610035746487107122e+00 2.852063373096341614e+00
3.616693139364276277e+00 2.838187674658311455e+00
3.623362809371935445e+00 2.824428962912938879e+00
3.630044779150761958e+00 2.810787047364081914e+00
3.636739071383197075e+00 2.797261732158561998e+00
3.643445708793511262e+00 2.783852816311134237e+00
3.650164714147869915e+00 2.770560093927258993e+00
3.656896110254438170e+00 2.757383354423700528e+00
3.663639919963426195e+00 2.744322382747080624e+00
3.670396166167195773e+00 2.731376959590214870e+00
3.677164871800324697e+00 2.718546861606441656e+00
3.683946059839672937e+00 2.705831861621839973e+00
3.690739753304489668e+00 2.693231728845328021e+00
3.697545975256459005e+00 2.680746229076819365e+00
3.704364748799803930e+00 2.668375124913243468e+00
3.711196097081356893e+00 2.656118175952619342e+00
3.718040043290623320e+00 2.643975138996158325e+00
3.724896610659888641e+00 2.631945768248316941e+00
3.731765822464267135e+00 2.620029815515014349e+00
3.738647702021806296e+00 2.608227030399829172e+00
3.745542272693555663e+00 2.596537160498368912e+00
3.752449557883634768e+00 2.584959951590763971e+00
3.759369581039333053e+00 2.573495147832271179e+00
3.766302365651181816e+00 2.562142491942092093e+00
3.773247935253020380e+00 2.550901725390432695e+00
3.780206313422101783e+00 2.539772588583719681e+00
3.787177523779144295e+00 2.528754821048181167e+00
3.794161589988437555e+00 2.517848161611637714e+00
3.801158535757910961e+00 2.507052348583676427e+00
3.808168384839202947e+00 2.496367119934188139e+00
3.815191161027768896e+00 2.485792213470239709e+00
3.822226888162930880e+00 2.475327367011455948e+00
3.829275590127985129e+00 2.464972318563769971e+00
3.836337290850271753e+00 2.454726685721145163e+00
3.843412014301244906e+00 2.444588051235076165e+00
3.850499784496580702e+00 2.434552341299657918e+00
3.857600625496228286e+00 2.424615493453936121e+00
3.864714561404516857e+00 2.414773507600687097e+00
3.871841616370228945e+00 2.405022444631744083e+00
3.878981814586668353e+00 2.395358425117090295e+00
3.886135180291769853e+00 2.385777628055972155e+00
3.893301737768150694e+00 2.376276289688668442e+00
3.900481511343220742e+00 2.366850702367238934e+00
3.907674525389252640e+00 2.357497213483931819e+00
3.914880804323453312e+00 2.348212224455774599e+00
3.922100372608073204e+00 2.338992189763941631e+00
3.929333254750459137e+00 2.329833616046677935e+00
3.936579475303165321e+00 2.320733061244320439e+00
3.943839058864023084e+00 2.311687133795309546e+00
3.951112030076214143e+00 2.302692491881857428e+00
3.958398413628381629e+00 2.293745842724063344e+00
3.965698234254681598e+00 2.284843941921391064e+00
3.973011516734894943e+00 2.275983592840225889e+00
3.980338285894500672e+00 2.267161646046485401e+00
3.987678566604746067e+00 2.258374998782157306e+00
3.995032383782762153e+00 2.249620594484596392e+00
4.002399762391612548e+00 2.240895422347649824e+00
4.009780727440409365e+00 2.232196516923415253e+00
4.017175303984384271e+00 2.223520957763707173e+00
4.024583517124963095e+00 2.214865869100164808e+00
4.032005392009876843e+00 2.206228419561931720e+00
4.039440953833216774e+00 2.197605821930053605e+00
4.046890227835548082e+00 2.188995332927425430e+00
4.054353239303982726e+00 2.180394253043454800e+00
4.061830013572252263e+00 2.171799926392389946e+00
4.069320576020825087e+00 2.163209740604330911e+00
4.076824952076957054e+00 2.154621126748031745e+00
4.084343167214807835e+00 2.146031559284442558e+00
4.091875246955514633e+00 2.137438556050098359e+00
4.099421216867267681e+00 2.128839678269391023e+00
4.106981102565424813e+00 2.120232530594699405e+00
4.114554929712563869e+00 2.111614761173548960e+00
4.122142724018601712e+00 2.102984061741678179e+00
4.129744511240867944e+00 2.094338167741208956e+00
4.137360317184178626e+00 2.085674858462875036e+00
4.144990167700956185e+00 2.076991957211308915e+00
4.152634088691278258e+00 2.068287331492540293e+00
4.160292106103002041e+00 2.059558893222577236e+00
4.167964245931832679e+00 2.050804598956210700e+00
4.175650534221404975e+00 2.042022450135024147e+00
4.183350997063392640e+00 2.033210493353544202e+00
4.191065660597587339e+00 2.024366820642641951e+00
4.198794551011971521e+00 2.015489569769135514e+00
4.206537694542840988e+00 2.006576924550510288e+00
4.214295117474855523e+00 1.997627115183884694e+00
4.222066846141161456e+00 1.988638418588026813e+00
4.229852906923468048e+00 1.979609158757513976e+00
4.237653326252120323e+00 1.970537707127947957e+00
4.245468130606224300e+00 1.961422482951106883e+00
4.253297346513697619e+00 1.952261953679117035e+00
4.261141000551393887e+00 1.943054635356400661e+00
4.268999119345177284e+00 1.933799093018480741e+00
4.276871729569998948e+00 1.924493941096474536e+00
4.284758857950023092e+00 1.915137843826153707e+00
4.292660531258676748e+00 1.905729515660586015e+00
4.300576776318774996e+00 1.896267721685116037e+00
4.308507620002596461e+00 1.886751278033667267e+00
4.316453089231965023e+00 1.877179052305230966e+00
4.324413210978367950e+00 1.867549963979337813e+00
4.332388012263013621e+00 1.857862984829524722e+00
4.340377520156954994e+00 1.848117139333494974e+00
4.348381761781169530e+00 1.838311505078970010e+00
4.356400764306632922e+00 1.828445213164034966e+00
4.364434554954446988e+00 1.818517448590780017e+00
4.372483160995896512e+00 1.808527450651208346e+00
4.380546609752568266e+00 1.798474513304132882e+00
4.388624928596438046e+00 1.788357985542015083e+00
4.396718144949942619e+00 1.778177271746555599e+00
4.404826286286106729e+00 1.767931832031844008e+00
4.412949380128605270e+00 1.757621182574040430e+00
4.421087454051879639e+00 1.747244895926303609e+00
4.429240535681223889e+00 1.736802601317965822e+00
4.437408652692864663e+00 1.726293984936738246e+00
4.445591832814082878e+00 1.715718790192835463e+00
4.453790103823275892e+00 1.705076817963960156e+00
4.462003493550081856e+00 1.694367926819956294e+00
4.470232029875458757e+00 1.683592033226125828e+00
4.478475740731769683e+00 1.672749111724085136e+00
4.486734654102904507e+00 1.661839195089061860e+00
4.495008798024342944e+00 1.650862374462679361e+00
4.503298200583278010e+00 1.639818799460072363e+00
4.511602889918701287e+00 1.628708678250414099e+00
4.519922894221480192e+00 1.617532277609834201e+00
4.528258241734490319e+00 1.606289922945689064e+00
4.536608960752672282e+00 1.594981998291352010e+00
4.544975079623157832e+00 1.583608946270461892e+00
4.553356626745358682e+00 1.572171268029827207e+00
4.561753630571041107e+00 1.560669523140099546e+00
4.570166119604461841e+00 1.549104329463265373e+00
4.578594122402423139e+00 1.537476362986330392e+00
4.587037667574404232e+00 1.525786357620196432e+00
4.595496783782643035e+00 1.514035104963172618e+00
4.603971499742223195e+00 1.502223454028292382e+00
4.612461844221197538e+00 1.490352310933768853e+00
4.620967846040656468e+00 1.478422638556023516e+00
4.629489534074852308e+00 1.466435456144577154e+00
4.638026937251285453e+00 1.454391838898349887e+00
4.646580084550787859e+00 1.442292917502831173e+00
4.655149005007651830e+00 1.430139877627552014e+00
4.663733727709710841e+00 1.417933959383598896e+00
4.672334281798429245e+00 1.405676456740694302e+00
4.680950696469026617e+00 1.393368716903490290e+00
4.689583000970547033e+00 1.381012139646922154e+00
4.698231224605987855e+00 1.368608176610221827e+00
4.706895396732382331e+00 1.356158330549603219e+00
4.715575546760890191e+00 1.343664154549386591e+00
4.724271704156928209e+00 1.331127251191469130e+00
4.732983898440231485e+00 1.318549271683295832e+00
4.741712159184987563e+00 1.305931914944172823e+00
4.750456516019924358e+00 1.293276926650182679e+00
4.759216998628392759e+00 1.280586098237853632e+00
4.767993636748505182e+00 1.267861265866672138e+00
4.776786460173194193e+00 1.255104309340952629e+00
4.785595498750349286e+00 1.242317150991169017e+00
4.794420782382903923e+00 1.229501754515355039e+00
4.803262341028921689e+00 1.216660123780958447e+00
4.812120204701733073e+00 1.203794301587615578e+00
4.820994403469995859e+00 1.190906368391632775e+00
4.829884967457835465e+00 1.177998675380997229e+00
4.838791926844929314e+00 1.165077145441038464e+00
4.847715311866593879e+00 1.152150307585097844e+00
4.856655152813926790e+00 1.139226503966769943e+00
4.865611480033864567e+00 1.126313813293539301e+00
4.874584323929321172e+00 1.113420050076442402e+00
4.883573714959281276e+00 1.100552764391240945e+00
4.892579683638881072e+00 1.087719242128122543e+00
4.901602260539553058e+00 1.074926505706772728e+00
4.910641476289088203e+00 1.062181315233906131e+00
4.919697361571772731e+00 1.049490170079976359e+00
4.928769947128478712e+00 1.036859310852225047e+00
4.937859263756755546e+00 1.024294721741238368e+00
4.946965342310964076e+00 1.011802133218316024e+00
4.956088213702348533e+00 9.993870250615609629e-01
4.965227908899170650e+00 9.870546296884999959e-01
4.974384458926801145e+00 9.748099357738688742e-01
4.983557894867812088e+00 9.626576921313185764e-01
4.992748247862115463e+00 9.506024118383599175e-01
5.001955549107028887e+00 9.386483765845361482e-01
5.011179829857418611e+00 9.267996412230012915e-01
5.020421121425788336e+00 9.150600385066814946e-01
5.029679455182369807e+00 9.034331839904637951e-01
5.038954862555267589e+00 8.919224810815512550e-01
5.048247375030523898e+00 8.805311262209345458e-01
5.057557024152258052e+00 8.692621141792893358e-01
5.066883841522765053e+00 8.581182434515337576e-01
5.076227858802599080e+00 8.471021217348194687e-01
5.085589107710725365e+00 8.362161714753282293e-01
5.094967620024578814e+00 8.254626354702133684e-01
5.104363427580214108e+00 8.148435825113123920e-01
5.113776562272395410e+00 8.043609130583067035e-01
5.123207056054689623e+00 7.940163649294449399e-01
5.132654940939604948e+00 7.838115189986643028e-01
5.142120248998685916e+00 7.737478048887014292e-01
5.151603012362605760e+00 7.638265066503625578e-01
5.161103263221312076e+00 7.540487684186963913e-01
5.170621033824092549e+00 7.444156000376903615e-01
5.180156356479725055e+00 7.349278826453953251e-01
5.189709263556566476e+00 7.255863742123271898e-01
5.199279787482652182e+00 7.163917150263575673e-01
5.208867960745838133e+00 7.073444331179296052e-01
5.218473815893872825e+00 6.984449496201458052e-01
5.228097385534542063e+00 6.896935840585670663e-01
5.237738702335764884e+00 6.810905595663337975e-01
5.247397799025689480e+00 6.726360080206021941e-01
5.257074708392837969e+00 6.643299750967619488e-01
5.266769463286181008e+00 6.561724252375239486e-01
5.276482096615280781e+00 6.481632465342310745e-01
5.286212641350389596e+00 6.403022555183713882e-01
5.295961130522545801e+00 6.325892018615890677e-01
5.305727597223723002e+00 6.250237729828751476e-01
5.315512074606897563e+00 6.176055985621653477e-01
5.325314595886203151e+00 6.103342549597189359e-01
5.335135194337023101e+00 6.032092695412371031e-01
5.344973903296089013e+00 5.962301249088743926e-01
5.354830756161632621e+00 5.893962630386240242e-01
5.364705786393453302e+00 5.827070893250196892e-01
5.374599027513073501e+00 5.761619765341604582e-01
5.384510513103830220e+00 5.697602686665794725e-01
5.394440276810978929e+00 5.635012847316021034e-01
5.404388352341843671e+00 5.573843224350993886e-01
5.414354773465885451e+00 5.514086617829296877e-01
5.424339574014858556e+00 5.455735686023764908e-01
5.434342787882907366e+00 5.398782979843382845e-01
5.444364449026664055e+00 5.343220976490870022e-01
5.454404591465406682e+00 5.289042112386507233e-01
5.464463249281123147e+00 5.236238815391812684e-01
5.474540456618672835e+00 5.184803536366593413e-01
5.484636247685880761e+00 5.134728780096924350e-01
5.494750656753640605e+00 5.086007135631890330e-01
5.504883718156067474e+00 5.038631306069049076e-01
5.515035466290571620e+00 4.992594137831086742e-01
5.525205935618013875e+00 4.947888649476444023e-01
5.535395160662804237e+00 4.904508060089763366e-01
5.545603176013004898e+00 4.862445817298788886e-01
5.555830016320483900e+00 4.821695624966155780e-01
5.566075716300990628e+00 4.782251470606916355e-01
5.576340310734312133e+00 4.744107652583118839e-01
5.586623834464374383e+00 4.707258807129846567e-01
5.596926322399341736e+00 4.671699935268047166e-01
5.607247809511778591e+00 4.637426429661413163e-01
5.617588330838717781e+00 4.604434101477267727e-01
5.627947921481825766e+00 4.572719207312214151e-01
5.638326616607498565e+00 4.542278476246638941e-01
5.648724451446968331e+00 4.513109137093577750e-01
5.659141461296460562e+00 4.485208945909907041e-01
5.669577681517267820e+00 4.458576213840889646e-01
5.680033147535912263e+00 4.433209835370741092e-01
5.690507894844247794e+00 4.409109317055724953e-01
5.701001958999560415e+00 4.386274806818582506e-01
5.711515375624728996e+00 4.364707123886376050e-01
5.722048180408322970e+00 4.344407789457633284e-01
5.732600409104710693e+00 4.325379058187923675e-01
5.743172097534219311e+00 4.307623950586943473e-01
5.753763281583209377e+00 4.291146286424781797e-01
5.764373997204240041e+00 4.275950719248913234e-01
5.775004280416168534e+00 4.262042772118956324e-01
5.785654167304262963e+00 4.249428874670950762e-01
5.796323694020355966e+00 4.238116401628694851e-01
5.807012896782928202e+00 4.228113712885804287e-01
5.817721811877270000e+00 4.219430195288317309e-01
5.828450475655587049e+00 4.212076306254963765e-01
5.839198924537102542e+00 4.206063619379465934e-01
5.849967195008228593e+00 4.201404872167338600e-01
5.860755323622638180e+00 4.198114016068456023e-01
5.871563347001432120e+00 4.196206268975753995e-01
5.882391301833245656e+00 4.195698170370690261e-01
5.893239224874355031e+00 4.196607639306766391e-01
5.904107152948842696e+00 4.198954035434096510e-01
5.914995122948677242e+00 4.202758223280538274e-01
5.925903171833879490e+00 4.208042640018430092e-01
5.936831336632627298e+00 4.214831366960449244e-01
5.947779654441366581e+00 4.223150205043826877e-01
5.958748162424978290e+00 4.233026754579077289e-01
5.969736897816857457e+00 4.244490499557411756e-01
5.980745897919078402e+00 4.257572896830872922e-01
5.991775200102507526e+00 4.272307470500116833e-01
6.002824841806907230e+00 4.288729911867660283e-01
6.013894860541111775e+00 4.306878185339146348e-01
6.024985293883099224e+00 4.326792640681271784e-01
6.036096179480167301e+00 4.348516132074215501e-01
6.047227555049039083e+00 4.372094144426691975e-01
6.058379458375974025e+00 4.397574927455499827e-01
6.069551927316939377e+00 4.425009638067413653e-01
6.080744999797688344e+00 4.454448569980412054e-01
6.091958713813935056e+00 4.485890340737134219e-01
6.103193107431460263e+00 4.519294819848815314e-01
6.114448218786226796e+00 4.554621211389218161e-01
6.125724086084549214e+00 4.591828689365343164e-01
6.137020747603173731e+00 4.630876134317605253e-01
6.148338241689454975e+00 4.671721874652254303e-01
6.159676606761463447e+00 4.714323432326313346e-01
6.171035881308099214e+00 4.758637272609774205e-01
6.182416103889267767e+00 4.804618557751103580e-01
6.193817313135956404e+00 4.852220904471734042e-01
6.205239547750414530e+00 4.901396145314983466e-01
6.216682846506262905e+00 4.952094093971648459e-01
6.228147248248605550e+00 5.004262314802221390e-01
6.239632791894210939e+00 5.057845896872523728e-01
6.251139516431586607e+00 5.112787232913805768e-01
6.262667460921160334e+00 5.169025803715249223e-01
6.274216664495392948e+00 5.226497968549371764e-01
6.285787166358891120e+00 5.285136762324572635e-01
6.297379005788587669e+00 5.344871700251148106e-01
6.308992222133817940e+00 5.405628590895322771e-01
6.320626854816504547e+00 5.467329358585869548e-01
6.332282943331270175e+00 5.529891876220255353e-01
6.343960527245549486e+00 5.593229809600340774e-01
6.355659646199764978e+00 5.657252474504803619e-01
6.367380339907443343e+00 5.721864707776966874e-01
6.379122648155325592e+00 5.786966753774587247e-01
6.390886610803552692e+00 5.852454167588259093e-01
6.402672267785747273e+00 5.918217736486670599e-01
6.414479659109193044e+00 5.984143421092568138e-01
6.426308824854955581e+00 6.050112317826304986e-01
6.438159805177991579e+00 6.116000644177935763e-01
6.450032640307338916e+00 6.181679748381313511e-01
6.461927370546193927e+00 6.247016145060367842e-01
6.473844036272099700e+00 6.311871578404536498e-01
6.485782677937058871e+00 6.376103114397273508e-01
6.497743336067655306e+00 6.439563263575307506e-01
6.509726051265233515e+00 6.502100135731619934e-01
6.521730864205987466e+00 6.563557627889972101e-01
6.533757815641143551e+00 6.623775646778059523e-01
6.545806946397077830e+00 6.682590366901061119e-01
6.557878297375435928e+00 6.739834525174340785e-01
6.569971909553319556e+00 6.795337752908234830e-01
6.582087823983370001e+00 6.848926945749232997e-01
6.594226081793954641e+00 6.900426671974057014e-01
6.606386724189287740e+00 6.949659619299839441e-01
6.618569792449550349e+00 6.996447080121696027e-01
6.630775327931075935e+00 7.040609474814887303e-01
6.643003372066436540e+00 7.081966912443548035e-01
6.655253966364634621e+00 7.120339787906487805e-01
6.667527152411216740e+00 7.155549414218468351e-01
6.679822971868402348e+00 7.187418688280592383e-01
6.692141466475267642e+00 7.215772788133685278e-01
6.704482678047831712e+00 7.240439899318155126e-01
6.716846648479252835e+00 7.261251967586953571e-01
6.729233419739941269e+00 7.278045474834707873e-01
6.741643033877689817e+00 7.290662234723863655e-01
6.754075533017857680e+00 7.298950204107889084e-01
6.766530959363463715e+00 7.302764305978611814e-01
6.779009355195372954e+00 7.301967259304119606e-01
6.791510762872424500e+00 7.296430410778507181e-01
6.804035224831550543e+00 7.286034563182193224e-01
6.816582783587970873e+00 7.270670794754851007e-01
6.829153481735280806e+00 7.250241263718667506e-01
6.841747361945646588e+00 7.224659991861663855e-01
6.854364466969926184e+00 7.193853620905937829e-01
6.867004839637795399e+00 7.157762135247038859e-01
6.879668522857940616e+00 7.116339544564409536e-01
6.892355559618151162e+00 7.069554519773635359e-01
6.905065992985512935e+00 7.017390975821357069e-01
6.917799866106530970e+00 6.959848594919845199e-01
6.930557222207260004e+00 6.896943283980326855e-01
6.943338104593496318e+00 6.828707560236695340e-01
6.956142556650869224e+00 6.755190859356301480e-01
6.968970621845038238e+00 6.676459760709877456e-01
6.981822343721820978e+00 6.592598124923519931e-01
6.994697765907316622e+00 6.503707139355786593e-01
7.007596932108105747e+00 6.409905267733302381e-01
7.020519886111340035e+00 6.311328100837673150e-01
7.033466671784944779e+00 6.208128105854255896e-01
7.046437333077741449e+00 6.100474272774289997e-01
7.059431914019577370e+00 5.988551657069387524e-01
7.072450458721520228e+00 5.872560818731806798e-01
7.085493011375982420e+00 5.752717158685556331e-01
7.098559616256852500e+00 5.629250154508864679e-01
7.111650317719695025e+00 5.502402498363022643e-01
7.124765160201842917e+00 5.372429140985406359e-01
7.137904188222599977e+00 5.239596246556448289e-01
7.151067446383368775e+00 5.104180064193299948e-01
7.164254979367781218e+00 4.966465722730408205e-01
7.177466831941901049e+00 4.826745956316010333e-01
7.190703048954318000e+00 4.685319769172056059e-01
7.203963675336350292e+00 4.542491048610886595e-01
7.217248756102174312e+00 4.398567136079704065e-01
7.230558336348958726e+00 4.253857366586797917e-01
7.243892461257065207e+00 4.108671587351015453e-01
7.257251176090146139e+00 3.963318666899957043e-01
7.270634526195347114e+00 3.818105006103881260e-01
7.284042557003441054e+00 3.673333062782077607e-01
7.297475314028956994e+00 3.529299901535030148e-01
7.310932842870391468e+00 3.386295780345154882e-01
7.324415189210299104e+00 3.244602785252827526e-01
7.337922398815501346e+00 3.104493524038139385e-01
7.351454517537222344e+00 2.966229889346821968e-01
7.365011591311216854e+00 2.830061901074499842e-01
7.378593666157982511e+00 2.696226637085521460e-01
7.392200788182855753e+00 2.564947260499506609e-01
7.405833003576217877e+00 2.436432150828252707e-01
7.419490358613634484e+00 2.310874145217610143e-01
7.433172899655983379e+00 2.188449894939243912e-01
7.446880673149671281e+00 2.069319341109270016e-01
7.460613725626726200e+00 1.953625312402516023e-01
7.474372103705012371e+00 1.841493246285456353e-01
7.488155854088360819e+00 1.733031034043444607e-01
7.501965023566709689e+00 1.628328988626436546e-01
7.515799659016313861e+00 1.527459933113845536e-01
7.529659807399845306e+00 1.430479406412621668e-01
7.543545515766602705e+00 1.337425981667863251e-01
7.557456831252649998e+00 1.248321691805508726e-01
7.571393801080954944e+00 1.163172555645086426e-01
7.585356472561599617e+00 1.081969197137965938e-01
7.599344893091883435e+00 1.004687549512099098e-01
7.613359110156534548e+00 9.312896354416046185e-02
7.627399171327849281e+00 8.617244138260680975e-02
7.641465124265831577e+00 7.959286833548140372e-02
7.655557016718407048e+00 7.338297328553683441e-02
7.669674896521524232e+00 6.753638280679119532e-02
7.683818811599370413e+00 6.204635567611039432e-02
7.697988809964512846e+00 5.690436268488240079e-02
7.712184939718034649e+00 5.210032926696349376e-02
7.726407249049756842e+00 4.762289641084369030e-02
7.740655786238338720e+00 4.345966666640849185e-02
7.754930599651492784e+00 3.959743357429645894e-02
7.769231737746129518e+00 3.602239333413270045e-02
7.783559249068496833e+00 3.272033797332364602e-02
7.797913182254392339e+00 2.967682967727606341e-02
7.812293586029303682e+00 2.687735629286279807e-02
7.826700509208553314e+00 2.430746831894089674e-02
7.841134000697514317e+00 2.195289795162552737e-02
7.855594109491718768e+00 1.979966095952346086e-02
7.870080884677075339e+00 1.783414232759622173e-02
7.884594375430014956e+00 1.604316673123533030e-02
7.899134631017631136e+00 1.441405498780446402e-02
7.913701700797905580e+00 1.293466768544127704e-02
7.928295634219811205e+00 1.159343721231293270e-02
7.942916480823533298e+00 1.037938940774582076e-02
7.957564290240619620e+00 9.282156033830091246e-03
7.972239112194118071e+00 8.291979225868717496e-03
7.986940996498804957e+00 7.399709026058922355e-03
8.001669993061289787e+00 6.596795040306357993e-03
8.016426151880242656e+00 5.875273185979373695e-03
8.031209523046536347e+00 5.227748421446155695e-03
8.046020156743393770e+00 4.647374268564844965e-03
8.060858103246614448e+00 4.127829858960039774e-03
8.075723412924682876e+00 3.663295155516906217e-03
8.090616136238988787e+00 3.248424923365314954e-03
8.105536323743987026e+00 2.878321950812567660e-03
8.120484026087332552e+00 2.548509950964404462e-03
8.135459294010114917e+00 2.254906509749037783e-03
8.150462178346966624e+00 1.993796386102403458e-03
8.165492730026283397e+00 1.761805415369514143e-03
8.180551000070391154e+00 1.555875217614740213e-03
8.195637039595672135e+00 1.373238868436453541e-03
8.210750899812815362e+00 1.211397650900961510e-03
8.225892632026912565e+00 1.068098973137321340e-03
8.241062287637690886e+00 9.413155066593536548e-04
8.256259918139672749e+00 8.292255753182847149e-04
8.271485575122310863e+00 7.301948035693066720e-04
8.286739310270235137e+00 6.427590151196402573e-04
8.302021175363353933e+00 5.656083586533544073e-04
8.317331222277084990e+00 4.975726258415932293e-04
8.332669502982520626e+00 4.376077179182300859e-04
8.348036069546560967e+00 3.847832103966186711e-04
8.363430974132160856e+00 3.382709607268435102e-04
8.378854268998441768e+00 2.973347005643665647e-04
8.394306006500915629e+00 2.613205525794067637e-04
8.409786239091650017e+00 2.296484111554259974e-04
8.425295019319413825e+00 2.018041266917887952e-04
8.440832399829918842e+00 1.773324343575857494e-04
8.456398433365926337e+00 1.558305698788440424e-04
8.471993172767488645e+00 1.369425171359797948e-04
8.487616670972103705e+00 1.203538348844748995e-04
8.503268981014864281e+00 1.057870126822472019e-04
8.518950156028706644e+00 9.299730902701184286e-05
8.534660249244513608e+00 8.176902770303829131e-05
8.550399313991356109e+00 7.191219134850735013e-05
8.566167403696654858e+00 6.325957423613662648e-05
8.581964571886333104e+00 5.566405917117151717e-05
8.597790872185054667e+00 4.899628622410779304e-05
8.613646358316339402e+00 4.314256370876322935e-05
8.629531084102810112e+00 3.800301437354532461e-05
8.645445103466345316e+00 3.348993218580521527e-05
8.661388470428230235e+00 2.952632734926316605e-05
8.677361239109409041e+00 2.604463930120881713e-05
8.693363463730623408e+00 2.298559938994510158e-05
8.709395198612583044e+00 2.029722673650533968e-05
8.725456498176209053e+00 1.793394244309425386e-05
8.741547416942742288e+00 1.585578882973196936e-05
8.757668009533997378e+00 1.402774176706795318e-05
8.773818330672520815e+00 1.241910543503905727e-05
8.789998435181743730e+00 1.100297998154343649e-05
8.806208377986237679e+00 9.755793590811494498e-06
8.822448214111826559e+00 8.656891405618757698e-06
8.838717998685837074e+00 7.688174588671634521e-06
8.855017786937253277e+00 6.833783564178949048e-06
8.871347634196890652e+00 6.079820157927661130e-06
8.887707595897627044e+00 5.414103960158924066e-06
8.904097727574541210e+00 4.825958776667324323e-06
8.920518084865145525e+00 4.306025515920441331e-06
8.936968723509556511e+00 3.846098289340810003e-06
8.953449699350660040e+00 3.438980883421277581e-06
8.969961068334356469e+00 3.078361100919610077e-06
8.986502886509681431e+00 2.758700768436958655e-06
9.003075210029059861e+00 2.475139473247417650e-06
9.019678095148471186e+00 2.223410327043346114e-06
9.036311598227610986e+00 1.999766261582123613e-06
9.052975775730145003e+00 1.800915544122516160e-06
9.069670684223828161e+00 1.623965361730082112e-06
9.086396380380763915e+00 1.466372465449401393e-06
9.103152920977564122e+00 1.325899990205673838e-06
9.119940362895519570e+00 1.200579676047544340e-06
9.136758763120852223e+00 1.088678812751856365e-06
9.153608178744839563e+00 9.886713144376124520e-07
9.170488666964068614e+00 8.992124050671342487e-07
9.187400285080604689e+00 8.191164607970587596e-07
9.204343090502161928e+00 7.473376121657498294e-07
9.221317140742353757e+00 6.829527590460367836e-07
9.238322493420822568e+00 6.251466950120615753e-07
9.255359206263497285e+00 5.731990760217350846e-07
9.272427337102756795e+00 5.264730017792423155e-07
9.289526943877611131e+00 4.844050073987925624e-07
9.306658084633946615e+00 4.464962885670970442e-07
9.323820817524660853e+00 4.123050057534030403e-07
9.341015200809920316e+00 3.814395325433078991e-07
9.358241292857330862e+00 3.535525302329205132e-07
9.375499152142110049e+00 3.283357457189979988e-07
9.392788837247346478e+00 3.055154427335830302e-07
9.410110406864125920e+00 2.848483878354127520e-07
9.427463919791801317e+00 2.661183224926682479e-07
9.444849434938152655e+00 2.491328612576340808e-07
9.462267011319571708e+00 2.337207636004395469e-07
9.479716708061317831e+00 2.197295335784045970e-07
9.497198584397649412e+00 2.070233072907463510e-07
9.514712699672090324e+00 1.954809931121463711e-07
9.532259113337600454e+00 1.849946341074545391e-07
9.549837884956749789e+00 1.754679658838381157e-07
9.567449074201988424e+00 1.668151465083729246e-07
9.585092740855774451e+00 1.589596380705056187e-07
9.602768944810836871e+00 1.518332220540477348e-07
9.620477746070362102e+00 1.453751329510703171e-07
9.638219204748152080e+00 1.395309219899897535e-07
9.655993381068904924e+00 1.342480711811662836e-07
9.673800335368376579e+00 1.294775673130966836e-07
9.691640128093560236e+00 1.251760914434493240e-07
9.709512819802963435e+00 1.213053947650898813e-07
9.727418471166730640e+00 1.178317182532894289e-07
9.745357142966922126e+00 1.147252905128594275e-07
9.763328896097682730e+00 1.119598931343161853e-07
9.781333791565431923e+00 1.095124844781386144e-07
9.799371890489128489e+00 1.073628741672112119e-07
9.817443254100403749e+00 1.054934417205786726e-07
9.835547943743838673e+00 1.038888937407182756e-07
9.853686020877143292e+00 1.025360549002021548e-07
9.871857547071332561e+00 1.014236886853346110e-07
9.890062584011003466e+00 1.005423444639522831e-07
9.908301193494475356e+00 9.988422796859499896e-08
9.926573437434054625e+00 9.944309273851945252e-08
9.944879377856226554e+00 9.921415045627010518e-08
9.963219076901829396e+00 9.919399845659751816e-08
9.981592596826340369e+00 9.938056298579201293e-08
1.000000000000000000e+01 9.977305705511307000e-08
