1.000000000000000021e-03 1.352678610215544452e+01
1.001844134890810109e-03 1.355027233121768937e+01
1.003691670615116955e-03 1.357379753194745220e+01
1.005542613444513830e-03 1.359736175967115557e+01
1.007396969662164177e-03 1.362096506976413934e+01
1.009254745562814621e-03 1.364460751765048663e+01
1.011115947452822942e-03 1.366828915880310547e+01
1.012980581650176288e-03 1.369201004874359739e+01
1.014848654484510476e-03 1.371577024304222014e+01
1.016720172297138182e-03 1.373956979731786632e+01
1.018595141441061948e-03 1.376340876723795148e+01
1.020473568281003024e-03 1.378728720851845324e+01
1.022355459193420666e-03 1.381120517692377980e+01
1.024240820566529485e-03 1.383516272826675220e+01
1.026129658800329367e-03 1.385915991840855099e+01
1.028021980306618273e-03 1.388319680325863281e+01
1.029917791509021505e-03 1.390727343877472322e+01
1.031817098843010360e-03 1.393138988096276343e+01
1.033719908755921426e-03 1.395554618587020101e+01
1.035626227706984339e-03 1.397974240930767031e+01
1.037536062167336961e-03 1.400397860674301498e+01
1.039449418620053568e-03 1.402825483365951875e+01
1.041366303560164151e-03 1.405257114558337328e+01
1.043286723494673499e-03 1.407692759808367100e+01
1.045210684942590035e-03 1.410132424677240515e+01
1.047138194434940345e-03 1.412576114730421395e+01
1.049069258514797806e-03 1.415023835537648189e+01
1.051003883737302311e-03 1.417475592672918161e+01
1.052942076669679356e-03 1.419931391714474955e+01
1.054883843891269097e-03 1.422391238244812328e+01
1.056829191993540872e-03 1.424855137850653009e+01
1.058778127580122918e-03 1.427323096122952073e+01
1.060730657266821227e-03 1.429795118656884334e+01
1.062686787681639067e-03 1.432271211051829063e+01
1.064646525464805604e-03 1.434751378911379049e+01
1.066609877268796282e-03 1.437235627843315378e+01
1.068576849758350392e-03 1.439723963459604938e+01
1.070547449610502943e-03 1.442216391376400786e+01
1.072521683514597460e-03 1.444712917214015135e+01
1.074499558172317204e-03 1.447213546596931444e+01
1.076481080297704042e-03 1.449718285153784336e+01
1.078466256617178175e-03 1.452227138517347527e+01
1.080455093869568282e-03 1.454740112324543411e+01
1.082447598806126916e-03 1.457257212216406472e+01
1.084443778190558906e-03 1.459778443838104778e+01
1.086443638799043264e-03 1.462303812838911377e+01
1.088447187420251393e-03 1.464833324872195242e+01
1.090454430855378317e-03 1.467366985595432816e+01
1.092465375918157209e-03 1.469904800670169287e+01
1.094480029434889961e-03 1.472446775762036530e+01
1.096498398244466922e-03 1.474992916540731080e+01
1.098520489198387060e-03 1.477543228680001519e+01
1.100546309160788756e-03 1.480097717857654516e+01
1.102575865008464549e-03 1.482656389755528537e+01
1.104609163630891925e-03 1.485219250056184848e+01
1.106646211930253487e-03 1.487786304401664239e+01
1.108687016821456898e-03 1.490357558405787941e+01
1.110731585232166765e-03 1.492933017685142616e+01
1.112779924102818294e-03 1.495512687859742940e+01
1.114832040386649382e-03 1.498096574553032490e+01
1.116887941049720572e-03 1.500684683391863317e+01
1.118947633070935645e-03 1.503277020006482623e+01
1.121011123442072419e-03 1.505873590030538445e+01
1.123078419167798138e-03 1.508474399101037200e+01
1.125149527265701353e-03 1.511079452858363581e+01
1.127224454766311869e-03 1.513688756946249647e+01
1.129303208713120909e-03 1.516302317011765588e+01
1.131385796162613861e-03 1.518920138705313505e+01
1.133472224184284369e-03 1.521542227680608406e+01
1.135562499860666864e-03 1.524168589594672163e+01
1.137656630287356722e-03 1.526799230107820193e+01
1.139754622573031090e-03 1.529434154883640318e+01
1.141856483839481405e-03 1.532073369588994893e+01
1.143962221221627709e-03 1.534716879893999852e+01
1.146071841867551174e-03 1.537364691472009248e+01
1.148185352938515353e-03 1.540016809999616321e+01
1.150302761608986346e-03 1.542673241156622588e+01
1.152424075066665974e-03 1.545333990626039444e+01
1.154549300512506095e-03 1.547999064094070754e+01
1.156678445160741779e-03 1.550668467250098104e+01
1.158811516238911904e-03 1.553342205786674946e+01
1.160948520987880846e-03 1.556020285399502434e+01
1.163089466661869050e-03 1.558702711787425699e+01
1.165234360528475148e-03 1.561389490652424961e+01
1.167383209868696559e-03 1.564080627699582848e+01
1.169536021976962667e-03 1.566776128637098964e+01
1.171692804161149782e-03 1.569475999176250092e+01
1.173853563742614532e-03 1.572180245031396595e+01
1.176018308056215331e-03 1.574888871919962874e+01
1.178187044450333416e-03 1.577601885562001272e+01
1.180359780286906017e-03 1.580319291649331070e+01
1.182536522941441976e-03 1.583041095824023259e+01
1.184717279803055787e-03 1.585767303725547883e+01
1.186902058274487545e-03 1.588497920995756552e+01
1.189090865772125935e-03 1.591232953278855611e+01
1.191283709726041187e-03 1.593972406221404015e+01
1.193480597580000692e-03 1.596716285472289343e+01
1.195681536791503045e-03 1.599464596682708795e+01
1.197886534831798860e-03 1.602217345506166168e+01
1.200095599185913974e-03 1.604974537598435091e+01
1.202308737352681756e-03 1.607736178617562217e+01
1.204525956844759802e-03 1.610502274223841113e+01
1.206747265188663765e-03 1.613272830079791476e+01
1.208972669924789035e-03 1.616047851850157357e+01
1.211202178607433295e-03 1.618827345201871637e+01
1.213435798804829912e-03 1.621611315804057440e+01
1.215673538099163982e-03 1.624399769327995813e+01
1.217915404086607244e-03 1.627192711447120743e+01
1.220161404377339762e-03 1.629990147836996783e+01
1.222411546595572043e-03 1.632792084175298442e+01
1.224665838379579300e-03 1.635598526141800946e+01
1.226924287381718362e-03 1.638409479418362125e+01
1.229186901268461505e-03 1.641224949688895052e+01
1.231453687720418782e-03 1.644044942639367335e+01
1.233724654432360795e-03 1.646869463957764523e+01
1.235999809113253606e-03 1.649698519334090818e+01
1.238279159486274129e-03 1.652532114460343493e+01
1.240562713288845698e-03 1.655370255030489091e+01
1.242850478272661263e-03 1.658212946740457738e+01
1.245142462203703993e-03 1.661060195288122898e+01
1.247438672862284355e-03 1.663912006373274721e+01
1.249739118043055727e-03 1.666768385697609034e+01
1.252043805555049091e-03 1.669629338964711351e+01
1.254352743221697321e-03 1.672494871880039469e+01
1.256665938880855782e-03 1.675364990148861466e+01
1.258983400384840060e-03 1.678239699431211562e+01
1.261305135600440707e-03 1.681119005341337669e+01
1.263631152408959454e-03 1.684002913492553688e+01
1.265961458706232846e-03 1.686891429499272022e+01
1.268296062402653928e-03 1.689784558976984741e+01
1.270634971423209103e-03 1.692682307542240139e+01
1.272978193707494186e-03 1.695584680812616085e+01
1.275325737209750824e-03 1.698491684406720381e+01
1.277677609898888837e-03 1.701403323944138180e+01
1.280033819758510287e-03 1.704319605045434116e+01
1.282394374786945254e-03 1.707240533332123533e+01
1.284759282997268532e-03 1.710166114426644413e+01
1.287128552417336064e-03 1.713096353952355244e+01
1.289502191089808136e-03 1.716031257533482446e+01
1.291880207072173018e-03 1.718970830795128535e+01
1.294262608436783394e-03 1.721915079363235179e+01
1.296649403270872620e-03 1.724864008864557263e+01
1.299040599676592675e-03 1.727817624926658979e+01
1.301436205771036494e-03 1.730775933177872972e+01
1.303836229686262472e-03 1.733738939247284705e+01
1.306240679569330675e-03 1.736706648764715055e+01
1.308649563582319972e-03 1.739679067360688336e+01
1.311062889902365764e-03 1.742656200666419508e+01
1.313480666721682536e-03 1.745638054313790732e+01
1.315902902247588577e-03 1.748624633935319039e+01
1.318329604702541758e-03 1.751615945164142829e+01
1.320760782324162949e-03 1.754611993633997713e+01
1.323196443365260745e-03 1.757612784979192710e+01
1.325636596093867888e-03 1.760618324834589288e+01
1.328081248793259485e-03 1.763628618835566897e+01
1.330530409761989871e-03 1.766643672618023331e+01
1.332984087313917329e-03 1.769663491818330314e+01
1.335442289778227725e-03 1.772688082073317162e+01
1.337905025499472452e-03 1.775717449019795424e+01
1.340372302837586219e-03 1.778751598258360644e+01
1.342844130167924772e-03 1.781790535326971181e+01
1.345320515881288318e-03 1.784834265757080729e+01
1.347801468383947763e-03 1.787882795079769949e+01
1.350286996097681139e-03 1.790936128825696372e+01
1.352777107459792252e-03 1.793994272525080547e+01
1.355271810923148199e-03 1.797057231707677261e+01
1.357771114956204299e-03 1.800125011902753158e+01
1.360275028043029470e-03 1.803197618639039490e+01
1.362783558683342651e-03 1.806275057444735310e+01
1.365296715392533191e-03 1.809357333847458804e+01
1.367814506701697059e-03 1.812444453374228459e+01
1.370336941157663298e-03 1.815536421551435708e+01
1.372864027323018312e-03 1.818633243904810470e+01
1.375395773776144246e-03 1.821734925959405516e+01
1.377932189111237635e-03 1.824841473239561651e+01
1.380473281938348219e-03 1.827952891268881785e+01
1.383019060883403442e-03 1.831069185570204283e+01
1.385569534588234047e-03 1.834190361665566371e+01
1.388124711710613099e-03 1.837316425076197746e+01
1.390684600924274638e-03 1.840447381322463016e+01
1.393249210918951408e-03 1.843583235923863839e+01
1.395818550400402180e-03 1.846723994398992019e+01
1.398392628090435602e-03 1.849869662265502157e+01
1.400971452726950534e-03 1.853020245040093172e+01
1.403555033063953175e-03 1.856175748238471002e+01
1.406143377871598701e-03 1.859336177375324439e+01
1.408736495936214897e-03 1.862501537964298137e+01
1.411334396060328396e-03 1.865671835517952815e+01
1.413937087062705229e-03 1.868847075547760284e+01
1.416544577778368168e-03 1.872027263564045541e+01
1.419156877058637281e-03 1.875212405075978239e+01
1.421773993771155735e-03 1.878402505591541427e+01
1.424395936799915593e-03 1.881597570608950321e+01
1.427022715045296640e-03 1.884797605555445799e+01
1.429654337424091743e-03 1.888002615822426122e+01
1.432290812869533745e-03 1.891212606798994145e+01
1.434932150331334711e-03 1.894427583872140985e+01
1.437578358775706095e-03 1.897647552426723294e+01
1.440229447185397988e-03 1.900872517845424170e+01
1.442885424559726222e-03 1.904102485508726517e+01
1.445546299914598392e-03 1.907337460794866146e+01
1.448212082282553754e-03 1.910577449079826451e+01
1.450882780712784044e-03 1.913822455737272676e+01
1.453558404271172071e-03 1.917072486138537002e+01
1.456238962040320344e-03 1.920327545652595802e+01
1.458924463119576223e-03 1.923587639646008185e+01
1.461614916625072905e-03 1.926852773482908532e+01
1.464310331689749802e-03 1.930122952524953561e+01
1.467010717463392878e-03 1.933398182131309539e+01
1.469716083112661102e-03 1.936678467658600056e+01
1.472426437821113985e-03 1.939963814460877245e+01
1.475141790789252783e-03 1.943254227889600116e+01
1.477862151234539357e-03 1.946549713293577710e+01
1.480587528391438899e-03 1.949850276018956663e+01
1.483317931511445292e-03 1.953155921409183904e+01
1.486053369863109958e-03 1.956466654804955851e+01
1.488793852732082186e-03 1.959782481544208110e+01
1.491539389421129083e-03 1.963103406962051523e+01
1.494289989250178292e-03 1.966429436390772167e+01
1.497045661556344444e-03 1.969760575159772387e+01
1.499806415693956483e-03 1.973096828595539520e+01
1.502572261034600164e-03 1.976438202021628854e+01
1.505343206967137788e-03 1.979784700758600735e+01
1.508119262897749833e-03 1.983136330124001034e+01
1.510900438249964013e-03 1.986493095432337341e+01
1.513686742464681297e-03 1.989855001976559734e+01
1.516478185000218843e-03 1.993222054968459389e+01
1.519274775332330168e-03 1.996594259595471499e+01
1.522076522954248293e-03 1.999971621041035874e+01
1.524883437376712853e-03 2.003354144484582733e+01
1.527695528127997852e-03 2.006741835101462001e+01
1.530512804753954813e-03 2.010134698062932657e+01
1.533335276818033376e-03 2.013532738536112987e+01
1.536162953901323586e-03 2.016935961683933698e+01
1.538995845602584515e-03 2.020344372665116239e+01
1.541833961538272230e-03 2.023757976634119871e+01
1.544677311342582734e-03 2.027176778741111463e+01
1.547525904667472344e-03 2.030600784131908654e+01
1.550379751182702145e-03 2.034029997947967772e+01
1.553238860575865531e-03 2.037464425326324857e+01
1.556103242552415739e-03 2.040904071399557296e+01
1.558972906835710956e-03 2.044348941295749711e+01
1.561847863167034481e-03 2.047799040138453464e+01
1.564728121305638099e-03 2.051254373046643309e+01
1.567613691028771350e-03 2.054714945134687198e+01
1.570504582131709284e-03 2.058180761512281620e+01
1.573400804427797133e-03 2.061651827284441296e+01
1.576302367748471343e-03 2.065128147551440918e+01
1.579209281943302944e-03 2.068609727408775711e+01
1.582121556880027469e-03 2.072096571947134436e+01
1.585039202444572934e-03 2.075588686252337567e+01
1.587962228541104498e-03 2.079086075405306389e+01
1.590890645092045939e-03 2.082588744482034926e+01
1.593824462038123668e-03 2.086096698553523865e+01
1.596763689338396436e-03 2.089609942685761723e+01
1.599708336970284174e-03 2.093128481939668717e+01
1.602658414929612665e-03 2.096652321371062300e+01
1.605613933230635006e-03 2.100181466011844833e+01
1.608574901906076500e-03 2.103715920810010331e+01
1.611541331007164792e-03 2.107255690687104988e+01
1.614513230603657626e-03 2.110800780558604828e+01
1.617490610783890335e-03 2.114351195333880185e+01
1.620473481654794703e-03 2.117906939916133524e+01
1.623461853341946889e-03 2.121468019202373156e+01
1.626455735989595832e-03 2.125034438083363142e+01
1.629455139760692525e-03 2.128606201443565737e+01
1.632460074836935334e-03 2.132183314161106580e+01
1.635470551418798405e-03 2.135765781107737737e+01
1.638486579725562239e-03 2.139353607148771985e+01
1.641508169995360093e-03 2.142946797143048343e+01
1.644535332485198582e-03 2.146545355942891575e+01
1.647568077471004517e-03 2.150149288394055347e+01
1.650606415247655697e-03 2.153758599335678880e+01
1.653650356129008877e-03 2.157373293600246456e+01
1.656699910447948778e-03 2.160993376013533407e+01
1.659755088556408038e-03 2.164618851394566690e+01
1.662815900825414693e-03 2.168249724555573010e+01
1.665882357645122325e-03 2.171886000301934772e+01
1.668954469424840849e-03 2.175527683432145665e+01
1.672032246593082487e-03 2.179174778737755958e+01
1.675115699597584532e-03 2.182827291003333059e+01
1.678204838905356404e-03 2.186485225006413202e+01
1.681299675002710008e-03 2.190148585517452773e+01
1.684400218395290310e-03 2.193817377299781057e+01
1.687506479608123040e-03 2.197491605109548729e+01
1.690618469185636592e-03 2.201171273695694808e+01
1.693736197691709947e-03 2.204856387799877737e+01
1.696859675709703249e-03 2.208546952156446963e+01
1.699988913842488160e-03 2.212242971481758502e+01
1.703123922712497518e-03 2.215944450409972788e+01
1.706264712961745068e-03 2.219651393535166051e+01
1.709411295251875990e-03 2.223363805442986774e+01
1.712563680264196815e-03 2.227081690710742734e+01
1.715721878699706226e-03 2.230805053907335989e+01
1.718885901279144490e-03 2.234533899593222017e+01
1.722055758743015145e-03 2.238268232320341511e+01
1.725231461851633790e-03 2.242008056632098700e+01
1.728413021385159527e-03 2.245753377063273248e+01
1.731600448143626615e-03 2.249504198139996092e+01
1.734793752946992614e-03 2.253260524379687268e+01
1.737992946635161587e-03 2.257022360290998009e+01
1.741198040068033534e-03 2.260789710373769523e+01
1.744409044125534974e-03 2.264562579118978292e+01
1.747625969707651897e-03 2.268340971008676021e+01
1.750848827734475741e-03 2.272124890515942752e+01
1.754077629146236781e-03 2.275914342104835697e+01
1.757312384903334922e-03 2.279709330230335240e+01
1.760553105986389791e-03 2.283509859338286674e+01
1.763799803396263501e-03 2.287315933865350459e+01
1.767052488154110743e-03 2.291127558238960304e+01
1.770311171301410446e-03 2.294944736877249980e+01
1.773575863899998304e-03 2.298767474189013171e+01
1.776846577032117078e-03 2.302595774573645926e+01
1.780123321800438502e-03 2.306429642421093718e+01
1.783406109328115755e-03 2.310269082111798866e+01
1.786694950758813604e-03 2.314114098016643695e+01
1.789989857256742232e-03 2.317964694496901501e+01
1.793290840006707540e-03 2.321820875904172254e+01
1.796597910214134137e-03 2.325682646578028567e+01
1.799911079105116730e-03 2.329550010795136217e+01
1.803230357926452216e-03 2.333422972768893544e+01
1.806555757945672424e-03 2.337301536699790105e+01
1.809887290451095941e-03 2.341185706777637066e+01
1.813224966751850664e-03 2.345075487181496499e+01
1.816568798177925839e-03 2.348970882079663269e+01
1.819918796080204808e-03 2.352871895629555610e+01
1.823274971830497531e-03 2.356778531977695224e+01
1.826637336821593065e-03 2.360690795259631614e+01
1.830005902467282328e-03 2.364608689599885949e+01
1.833380680202410795e-03 2.368532219111910919e+01
1.836761681482911241e-03 2.372461387898000140e+01
1.840148917785837130e-03 2.376396200049251561e+01
1.843542400609414445e-03 2.380336659645510977e+01
1.846942141473066189e-03 2.384282770755300263e+01
1.850348151917464209e-03 2.388234537435771898e+01
1.853760443504563239e-03 2.392191963732638271e+01
1.857179027817633865e-03 2.396155053680114833e+01
1.860603916461315210e-03 2.400123811300876753e+01
1.864035121061639660e-03 2.404098240605974368e+01
1.867472653266084902e-03 2.408078345594793390e+01
1.870916524743608620e-03 2.412064130254993088e+01
1.874366747184681671e-03 2.416055598562427775e+01
1.877823332301341210e-03 2.420052754481118384e+01
1.881286291827215630e-03 2.424055601963164719e+01
1.884755637517577034e-03 2.428064144948702818e+01
1.888231381149376364e-03 2.432078387365843142e+01
1.891713534521276578e-03 2.436098333130595250e+01
1.895202109453707076e-03 2.440123986146823043e+01
1.898697117788887773e-03 2.444155350285088346e+01
1.902198571390882869e-03 2.448192429331717790e+01
1.905706482145636200e-03 2.452235227044826260e+01
1.909220861961003976e-03 2.456283747169419485e+01
1.912741722766810948e-03 2.460337993437333637e+01
1.916269076514873606e-03 2.464397969567163571e+01
1.919802935179055255e-03 2.468463679264209532e+01
1.923343310755300717e-03 2.472535126220407520e+01
1.926890215261671015e-03 2.476612314114264279e+01
1.930443660738397592e-03 2.480695246610800098e+01
1.934003659247908761e-03 2.484783927361469225e+01
1.937570222874882399e-03 2.488878360004122570e+01
1.941143363726282808e-03 2.492978548162921726e+01
1.944723093931394978e-03 2.497084495448269692e+01
1.948309425641880314e-03 2.501196205456779609e+01
1.951902371031800703e-03 2.505313681771161072e+01
1.955501942297675766e-03 2.509436927960201302e+01
1.959108151658515810e-03 2.513565947578679882e+01
1.962721011355859999e-03 2.517700744167293436e+01
1.966340533653829475e-03 2.521841321252615131e+01
1.969966730839154898e-03 2.525987682347001240e+01
1.973599615221230657e-03 2.530139830948556323e+01
1.977239199132151733e-03 2.534297770541047612e+01
1.980885494926748827e-03 2.538461504593838569e+01
1.984538514982645170e-03 2.542631036561836666e+01
1.988198271700281246e-03 2.546806369885412380e+01
1.991864777502972035e-03 2.550987507990340575e+01
1.995538044836943446e-03 2.555174454287753960e+01
1.999218086171366138e-03 2.559367212172397643e+01
2.002904913998415810e-03 2.563565784983096663e+01
2.006598540833295311e-03 2.567770176000290050e+01
2.010298979214294925e-03 2.571980388486869273e+01
2.014006241702826199e-03 2.576196425690156033e+01
2.017720340883459671e-03 2.580418290841820195e+01
2.021441289363982118e-03 2.584645987157831470e+01
2.025169099775422574e-03 2.588879517838366340e+01
2.028903784772109146e-03 2.593118886067768258e+01
2.032645357031706308e-03 2.597364095014455287e+01
2.036393829255251763e-03 2.601615147830850816e+01
2.040149214167214127e-03 2.605872047653330625e+01
2.043911524515518944e-03 2.610134797602139400e+01
2.047680773071606803e-03 2.614403400781326781e+01
2.051456972630471502e-03 2.618677860278686964e+01
2.055240136010695173e-03 2.622958179165652837e+01
2.059030276054505965e-03 2.627244360497276787e+01
2.062827405627814907e-03 2.631536407312129100e+01
2.066631537620252333e-03 2.635834322632226545e+01
2.070442684945228602e-03 2.640138109462980509e+01
2.074260860539958815e-03 2.644447770793105335e+01
2.078086077365522664e-03 2.648763309594564674e+01
2.081918348406901296e-03 2.653084728822499372e+01
2.085757686673016340e-03 2.657412031415142906e+01
2.089604105196788027e-03 2.661745220293760283e+01
2.093457617035161637e-03 2.666084298362586225e+01
2.097318235269168222e-03 2.670429268508732790e+01
2.101185973003962763e-03 2.674780133602142485e+01
2.105060843368860169e-03 2.679136896488957831e+01
2.108942859517397295e-03 2.683499559945967050e+01
2.112832034627358524e-03 2.687868126707328642e+01
2.116728381900836054e-03 2.692242599489028620e+01
2.120631914564269794e-03 2.696622980988988516e+01
2.124542645868483359e-03 2.701009273886951334e+01
2.128460589088743485e-03 2.705401480844423290e+01
2.132385757524798628e-03 2.709799604504614123e+01
2.136318164500917126e-03 2.714203647492348281e+01
2.140257823365946614e-03 2.718613612413992797e+01
2.144204747493345248e-03 2.723029501857381973e+01
2.148158950281238953e-03 2.727451318391749169e+01
2.152120445152460888e-03 2.731879064567648285e+01
2.156089245554592207e-03 2.736312742916879159e+01
2.160065364960022348e-03 2.740752355952414376e+01
2.164048816865975916e-03 2.745197906168321467e+01
2.168039614794574702e-03 2.749649396039692562e+01
2.172037772292878446e-03 2.754106828022570852e+01
2.176043302932921270e-03 2.758570204553862837e+01
2.180056220311775862e-03 2.763039528051279348e+01
2.184076538051580793e-03 2.767514800913251349e+01
2.188104269799601674e-03 2.771996025518854978e+01
2.192139429228271916e-03 2.776483204227742618e+01
2.196182030035232630e-03 2.780976339380053730e+01
2.200232085943392910e-03 2.785475433296360848e+01
2.204289610700961057e-03 2.789980488277569037e+01
2.208354618081505294e-03 2.794491506604851239e+01
2.212427121883993666e-03 2.799008490531202042e+01
2.216507135932834372e-03 2.803531442248475614e+01
2.220594674077940381e-03 2.808060363915613067e+01
2.224689750194754588e-03 2.812595257671112847e+01
2.228792378184316601e-03 2.817136125632958965e+01
2.232902571973300471e-03 2.821682969898535021e+01
2.237020345514055888e-03 2.826235792544562031e+01
2.241145712784673241e-03 2.830794595626997534e+01
2.245278687789008763e-03 2.835359381180978389e+01
2.249419284556753058e-03 2.839930151220735866e+01
2.253567517143467962e-03 2.844506907739510382e+01
2.257723399630628611e-03 2.849089652709482934e+01
2.261886946125688490e-03 2.853678388081691963e+01
2.266058170762106760e-03 2.858273115785950935e+01
2.270237087699414607e-03 2.862873837730783677e+01
2.274423711123254709e-03 2.867480555803323483e+01
2.278618055245423303e-03 2.872093271869254139e+01
2.282820134303933501e-03 2.876711987772728918e+01
2.287029962563047383e-03 2.881336705336268267e+01
2.291247554313338448e-03 2.885967426360721078e+01
2.295472923871733247e-03 2.890604152625145318e+01
2.299706085581555183e-03 2.895246885886750832e+01
2.303947053812586965e-03 2.899895627880823312e+01
2.308195842961102261e-03 2.904550380320621983e+01
2.312452467449929890e-03 2.909211144897329504e+01
2.316716941728496747e-03 2.913877923279957471e+01
2.320989280272869014e-03 2.918550717109369330e+01
2.325269497585819370e-03 2.923229527974875097e+01
2.329557608196853886e-03 2.927914357434042003e+01
2.333853626662281845e-03 2.932605207021674687e+01
2.338157567565256074e-03 2.937302078249722825e+01
2.342469445515815013e-03 2.942004972607196223e+01
2.346789275150949934e-03 2.946713891560081322e+01
2.351117071134634865e-03 2.951428836551268731e+01
2.355452848157893811e-03 2.956149809000476480e+01
2.359796620938842387e-03 2.960876810304153395e+01
2.364148404222731620e-03 2.965609841835388849e+01
2.368508212782014302e-03 2.970348904943876533e+01
2.372876061416376216e-03 2.975094000955773765e+01
2.377251964952802488e-03 2.979845131173672002e+01
2.381635938245621389e-03 2.984602296876478889e+01
2.386027996176547702e-03 2.989365499319342234e+01
2.390428153654749078e-03 2.994134739733590322e+01
2.394836425616878994e-03 2.998910019326623555e+01
2.399252827027141804e-03 3.003691339281839490e+01
2.403677372877340013e-03 3.008478700758569246e+01
2.408110078186914173e-03 3.013272104891953873e+01
2.412550958003012707e-03 3.018071552792913792e+01
2.417000027400523568e-03 3.022877045548020902e+01
2.421457301482142326e-03 3.027688584219440671e+01
2.425922795378415101e-03 3.032506169844842603e+01
2.430396524247784105e-03 3.037329803435013176e+01
2.434878503276655722e-03 3.042159485955555809e+01
2.439368747679431740e-03 3.046995218336422440e+01
2.443867272698579604e-03 3.051837001482423162e+01
2.448374093604674482e-03 3.056684836273267081e+01
2.452889225696446539e-03 3.061538723563427311e+01
2.457412684300848155e-03 3.066398664182098699e+01
2.461944484773086889e-03 3.071264658933088398e+01
2.466484642496694860e-03 3.076136708594752278e+01
2.471033172883572993e-03 3.081014813919900419e+01
2.475590091374036978e-03 3.085898975635694796e+01
2.480155413436886235e-03 3.090789194443608068e+01
2.484729154569436868e-03 3.095685471019296386e+01
2.489311330297591923e-03 3.100587806012532255e+01
2.493901956175885188e-03 3.105496200047137378e+01
2.498501047787528902e-03 3.110410653720862939e+01
2.503108620744482274e-03 3.115331167605334528e+01
2.507724690687484874e-03 3.120257742245942012e+01
2.512349273286127761e-03 3.125190378161780203e+01
2.516982384238899018e-03 3.130129075845559328e+01
2.521624039273228420e-03 3.135073835763488503e+01
2.526274254145558125e-03 3.140024658355234166e+01
2.530933044641385608e-03 3.144981544033815979e+01
2.535600426575313534e-03 3.149944493185508421e+01
2.540276415791116547e-03 3.154913506169742732e+01
2.544961028161779430e-03 3.159888583316869060e+01
2.549654279589564764e-03 3.164869724927068617e+01
2.554356186006061930e-03 3.169856931273188039e+01
2.559066763372232645e-03 3.174850202600843474e+01
2.563786027678482526e-03 3.179849539128400693e+01
2.568513994944696208e-03 3.184854941046834753e+01
2.573250681220307610e-03 3.189866408519688079e+01
2.577996102584349802e-03 3.194883941682968498e+01
2.582750275145498375e-03 3.199907540645036264e+01
2.587513215042146469e-03 3.204937205486574214e+01
2.592284938442438163e-03 3.209972936260439269e+01
2.597065461544341338e-03 3.215014732991626545e+01
2.601854800575696246e-03 3.220062595677162420e+01
2.606652971794259747e-03 3.225116524286008968e+01
2.611459991487782070e-03 3.230176518759007109e+01
2.616275875974039770e-03 3.235242579008749431e+01
2.621100641600908158e-03 3.240314704919528310e+01
2.625934304746412040e-03 3.245392896347245681e+01
2.630776881818770382e-03 3.250477153119299345e+01
2.635628389256469174e-03 3.255567475034523284e+01
2.640488843528309565e-03 3.260663861863104529e+01
2.645358261133455135e-03 3.265766313346460947e+01
2.650236658601506923e-03 3.270874829197212819e+01
2.655124052492538120e-03 3.275989409099101124e+01
2.660020459397169097e-03 3.281110052707595059e+01
2.664925895936615108e-03 3.286236759649450789e+01
2.669840378762735299e-03 3.291369529522234672e+01
2.674763924558108165e-03 3.296508361894285599e+01
2.679696550036066247e-03 3.301653256304573603e+01
2.684638271940771592e-03 3.306804212262645848e+01
2.689589107047264324e-03 3.311961229248542082e+01
2.694549072161513386e-03 3.317124306712676685e+01
2.699518184120489397e-03 3.322293444075778268e+01
2.704496459792202386e-03 3.327468640728802285e+01
2.709483916075778112e-03 3.332649896032823733e+01
2.714480569901504912e-03 3.337837209318979603e+01
2.719486438230886600e-03 3.343030579888352349e+01
2.724501538056716202e-03 3.348230007011907361e+01
2.729525886403112375e-03 3.353435489930380697e+01
2.734559500325597914e-03 3.358647027854210165e+01
2.739602396911147882e-03 3.363864619963450053e+01
2.744654593278239053e-03 3.369088265407667393e+01
2.749716106576928411e-03 3.374317963305869483e+01
2.754786953988889574e-03 3.379553712746405125e+01
2.759867152727489559e-03 3.384795512786878646e+01
2.764956720037837785e-03 3.390043362454091636e+01
2.770055673196839853e-03 3.395297260744845858e+01
2.775164029513271704e-03 3.400557206630784890e+01
2.780281806327818215e-03 3.405823199054714223e+01
2.785409021013152131e-03 3.411095236928340313e+01
2.790545690973983070e-03 3.416373319132149788e+01
2.795691833647107830e-03 3.421657444515320634e+01
2.800847466501492789e-03 3.426947611895661794e+01
2.806012607038305129e-03 3.432243820059504458e+01
2.811187272790997838e-03 3.437546067761608271e+01
2.816371481325356113e-03 3.442854353725112304e+01
2.821565250239551140e-03 3.448168676641393660e+01
2.826768597164218150e-03 3.453489035170014176e+01
2.831981539762495458e-03 3.458815427938627352e+01
2.837204095730101652e-03 3.464147853542885258e+01
2.842436282795389804e-03 3.469486310546361096e+01
2.847678118719397782e-03 3.474830797480441902e+01
2.852929621295927608e-03 3.480181312844261754e+01
2.858190808351585357e-03 3.485537855104600879e+01
2.863461697745859659e-03 3.490900422695796124e+01
2.868742307371174166e-03 3.496269014019684818e+01
2.874032655152940902e-03 3.501643627445459828e+01
2.879332759049639187e-03 3.507024261309629765e+01
2.884642637052855108e-03 3.512410913917318567e+01
2.889962307187363046e-03 3.517803583555880920e+01
2.895291787511176419e-03 3.523202268488946487e+01
2.900631096115601892e-03 3.528606966947357648e+01
2.905980251125320907e-03 3.534017677128985468e+01
2.911339270698426115e-03 3.539434397198624538e+01
2.916708173026507245e-03 3.544857125287926181e+01
2.922086976334699673e-03 3.550285859495284058e+01
2.927475698881740369e-03 3.555720597885777323e+01
2.932874358960049863e-03 3.561161338491044148e+01
2.938282974895770842e-03 3.566608079309244062e+01
2.943701565048849680e-03 3.572060818304912999e+01
2.949130147813091955e-03 3.577519553408926356e+01
2.954568741616214050e-03 3.582984282518386010e+01
2.960017364919928593e-03 3.588455003496542872e+01
2.965476036219981751e-03 3.593931714172680358e+01
2.970944774046236497e-03 3.599414412342086678e+01
2.976423596962728124e-03 3.604903095765905618e+01
2.981912523567718017e-03 3.610397762171083968e+01
2.987411572493776056e-03 3.615898409250279144e+01
2.992920762407821813e-03 3.621405034661754740e+01
2.998440112011208254e-03 3.626917636029359215e+01
3.003969640039775950e-03 3.632436210950157829e+01
3.009509365263908151e-03 3.637960757003593670e+01
3.015059306488614057e-03 3.643491271736805714e+01
3.020619482553571749e-03 3.649027752662259161e+01
3.026189912333209723e-03 3.654570197257690012e+01
3.031770614736764569e-03 3.660118602966017676e+01
3.037361608708333445e-03 3.665672967195214227e+01
3.042962913226962985e-03 3.671233287318287353e+01
3.048574547306686158e-03 3.676799560673135403e+01
3.054196529996610308e-03 3.682371784562497652e+01
3.059828880380971363e-03 3.687949956253835637e+01
3.065471617579190646e-03 3.693534072979272764e+01
3.071124760745959879e-03 3.699124131935497672e+01
3.076788329071282815e-03 3.704720130283668311e+01
3.082462341780560673e-03 3.710322065149348703e+01
3.088146818134649817e-03 3.715929933622403070e+01
3.093841777429916402e-03 3.721543732756899203e+01
3.099547238998324409e-03 3.727163459571058723e+01
3.105263222207475544e-03 3.732789111047127051e+01
3.110989746460697709e-03 3.738420684131322247e+01
3.116726831197101817e-03 3.744058175733643878e+01
3.122474495891636864e-03 3.749701582723728421e+01
3.128232760055175369e-03 3.755350901929241303e+01
3.134001643234571918e-03 3.761006130140957993e+01
3.139781165012716941e-03 3.766667264113120694e+01
3.145571345008629088e-03 3.772334300563372977e+01
3.151372202877492090e-03 3.778007236172600614e+01
3.157183758310747566e-03 3.783686067584938684e+01
3.163006031036150970e-03 3.789370791407619521e+01
3.168839040817827968e-03 3.795061404210890288e+01
3.174682807456361607e-03 3.800757902527973187e+01
3.180537350788849998e-03 3.806460282854919797e+01
3.186402690688968330e-03 3.812168541650580522e+01
3.192278847067039124e-03 3.817882675336458931e+01
3.198165839870110733e-03 3.823602680296667700e+01
3.204063689082012421e-03 3.829328552877849035e+01
3.209972414723429816e-03 3.835060289389048904e+01
3.215892036851959561e-03 3.840797886101665881e+01
3.221822575562199951e-03 3.846541339249336744e+01
3.227764050985794300e-03 3.852290645027888871e+01
3.233716483291519846e-03 3.858045799595265635e+01
3.239679892685349335e-03 3.863806799088234101e+01
3.245654299410506531e-03 3.869573639645957286e+01
3.251639723747560759e-03 3.875346317375758076e+01
3.257636186014468103e-03 3.881124828347043376e+01
3.263643706566662916e-03 3.886909168591261476e+01
3.269662305797118966e-03 3.892699334101818920e+01
3.275692004136406248e-03 3.898495320833957578e+01
3.281732822052785530e-03 3.904297124704727651e+01
3.287784780052249983e-03 3.910104741592848399e+01
3.293847898678619289e-03 3.915918167338659828e+01
3.299922198513597759e-03 3.921737397744019660e+01
3.306007700176835477e-03 3.927562428572229436e+01
3.312104424326021979e-03 3.933393255547937173e+01
3.318212391656928748e-03 3.939229874357077676e+01
3.324331622903501596e-03 3.945072280646759566e+01
3.330462138837925277e-03 3.950920470025202036e+01
3.336603960270678564e-03 3.956774438061621169e+01
3.342757108050632264e-03 3.962634180286205776e+01
3.348921603065092151e-03 3.968499692189951844e+01
3.355097466239892641e-03 3.974370969222651695e+01
3.361284718539457941e-03 3.980248006760413659e+01
3.367483380966863633e-03 3.986130800110942118e+01
3.373693474563931646e-03 3.992019344541198222e+01
3.379915020411273629e-03 3.997913635278162303e+01
3.386148039628387226e-03 4.003813667508787688e+01
3.392392553373718093e-03 4.009719436379896962e+01
3.398648582844718876e-03 4.015630936998080358e+01
3.404916149277948962e-03 4.021548164429655969e+01
3.411195273949115675e-03 4.027471113700548955e+01
3.417485978173171856e-03 4.033399779796208406e+01
3.423788283304379180e-03 4.039334157661563296e+01
3.430102210736368003e-03 4.045274242200874681e+01
3.436427781902235377e-03 4.051220028277717233e+01
3.442765018274590583e-03 4.057171510714835705e+01
3.449113941365651841e-03 4.063128684294120774e+01
3.455474572727307465e-03 4.069091543756474039e+01
3.461846933951181343e-03 4.075060083801736965e+01
3.468231046668728348e-03 4.081034299088651807e+01
3.474626932551281178e-03 4.087014184234834602e+01
3.481034613310147931e-03 4.092999733819157626e+01
3.487454110696674558e-03 4.098990942381446700e+01
3.493885446502309911e-03 4.104987804420169795e+01
3.500328642558702026e-03 4.110990314392296341e+01
3.506783720737747124e-03 4.116998466713161520e+01
3.513250702951684588e-03 4.123012255756442812e+01
3.519729611153164621e-03 4.129031675854037786e+01
3.526220467335309822e-03 4.135056721295994464e+01
3.532723293531815807e-03 4.141087386330423215e+01
3.539238111816995439e-03 4.147123665163425699e+01
3.545764944305882481e-03 4.153165551959001789e+01
3.552303813154291875e-03 4.159213040838984199e+01
3.558854740558887834e-03 4.165266125882924797e+01
3.565417748757281416e-03 4.171324801128060500e+01
3.571992860028078663e-03 4.177389060569172585e+01
3.578580096690981219e-03 4.183458898158555428e+01
3.585179481106851810e-03 4.189534307805920577e+01
3.591791035677777567e-03 4.195615283378293014e+01
3.598414782847173671e-03 4.201701818684496459e+01
3.605050745099829326e-03 4.207793907436115433e+01
3.611698944962009241e-03 4.213891543289461339e+01
3.618359405001519979e-03 4.219994719857398735e+01
3.625032147827774148e-03 4.226103430709225961e+01
3.631717196091895777e-03 4.232217669370610480e+01
3.638414572486764129e-03 4.238337429323528482e+01
3.645124299747119073e-03 4.244462704006139830e+01
3.651846400649626581e-03 4.250593486812739030e+01
3.658580898012944206e-03 4.256729771093665704e+01
3.665327814697825169e-03 4.262871550155215772e+01
3.672087173607166497e-03 4.269018817259583187e+01
3.678858997686111805e-03 4.275171565624743408e+01
3.685643309922119817e-03 4.281329788424405791e+01
3.692440133345028120e-03 4.287493478787919798e+01
3.699249491027161146e-03 4.293662629800182629e+01
3.706071406083376145e-03 4.299837234501590899e+01
3.712905901671168570e-03 4.306017285887916302e+01
3.719753000990739297e-03 4.312202776892410583e+01
3.726612727285062276e-03 4.318393700346249631e+01
3.733485103839989487e-03 4.324590049023901628e+01
3.740370153984300811e-03 4.330791815654431787e+01
3.747267901089808544e-03 4.336998992921395768e+01
3.754178368571425058e-03 4.343211573462783548e+01
3.761101579887232618e-03 4.349429549870922074e+01
3.768037558538587899e-03 4.355652914692406341e+01
3.774986328070171863e-03 4.361881660428000629e+01
3.781947912070097312e-03 4.368115779532589471e+01
3.788922334169976536e-03 4.374355264415078892e+01
3.795909618044989407e-03 4.380600107438310431e+01
3.802909787413991799e-03 4.386850300919007850e+01
3.809922866039565457e-03 4.393105837127664870e+01
3.816948877728124686e-03 4.399366708288499694e+01
3.823987846329985740e-03 4.405632906579345587e+01
3.831039795739437075e-03 4.411904424131593316e+01
3.838104749894846474e-03 4.418181253027618993e+01
3.845182732778711782e-03 4.424463385266201954e+01
3.852273768417769761e-03 4.430750812771002245e+01
3.859377880883061579e-03 4.437043527417803546e+01
3.866495094290023013e-03 4.443341521035171837e+01
3.873625432798553838e-03 4.449644785404360192e+01
3.880768920613107166e-03 4.455953312259230614e+01
3.887925581982781820e-03 4.462267093286200037e+01
3.895095441201389553e-03 4.468586120124138716e+01
3.902278522607548726e-03 4.474910384364298466e+01
3.909474850584752394e-03 4.481239877550228101e+01
3.916684449561461112e-03 4.487574591177710914e+01
3.923907344011190977e-03 4.493914516694694328e+01
3.931143558452587783e-03 4.500259645501183314e+01
3.938393117449518095e-03 4.506609968949197054e+01
3.945656045611137773e-03 4.512965478342655246e+01
3.952932367591985643e-03 4.519326164937331924e+01
3.960222108092074575e-03 4.525692019929569909e+01
3.967525291856965203e-03 4.532063034303531168e+01
3.974841943677854400e-03 4.538439198869845370e+01
3.982172088391646401e-03 4.544820504385945270e+01
3.989515750881063826e-03 4.551206941559009067e+01
3.996872956074700584e-03 4.557598501045906403e+01
4.004243728947133769e-03 4.563995173453115228e+01
4.011628094518996518e-03 4.570396949336642933e+01
4.019026077857053465e-03 4.576803819201936818e+01
4.026437704074310037e-03 4.583215773503821566e+01
4.033862998330067090e-03 4.589632802646426057e+01
4.041301985830035408e-03 4.596054896983088156e+01
4.048754691826409423e-03 4.602482046816298578e+01
4.056221141617938342e-03 4.608914242397603545e+01
4.063701360550041504e-03 4.615351473927540127e+01
4.071195374014864761e-03 4.621793731555558793e+01
4.078703207451390630e-03 4.628241005379954487e+01
4.086224886345515492e-03 4.634693285445148092e+01
4.093760436230121577e-03 4.641150561735471314e+01
4.101309882685196667e-03 4.647612824182017732e+01
4.108873251337880929e-03 4.654080062664323947e+01
4.116450567862589213e-03 4.660552267010325522e+01
4.124041857981084781e-03 4.667029426996261776e+01
4.131647147462549560e-03 4.673511532346624620e+01
4.139266462123705574e-03 4.679998572734067608e+01
4.146899827828867853e-03 4.686490537779327070e+01
4.154547270490062394e-03 4.692987417051176635e+01
4.162208816067097285e-03 4.699489200066321359e+01
4.169884490567644236e-03 4.705995876289344437e+01
4.177574320047353074e-03 4.712507435132626199e+01
4.185278330609904646e-03 4.719023865956274477e+01
4.192996548407133990e-03 4.725545158068058527e+01
4.200728999639102325e-03 4.732071300723334417e+01
4.208475710554175110e-03 4.738602283068306065e+01
4.216236707449140010e-03 4.745138093934627221e+01
4.224012016669261536e-03 4.751678722023991952e+01
4.231801664608402479e-03 4.758224155983229764e+01
4.239605677709099366e-03 4.764774384404213237e+01
4.247424082462640527e-03 4.771329395823779151e+01
4.255256905409181452e-03 4.777889178723681596e+01
4.263104173137807242e-03 4.784453721530488934e+01
4.270965912286648833e-03 4.791023012615529808e+01
4.278842149542961930e-03 4.797597040294818527e+01
4.286732911643203331e-03 4.804175792828957725e+01
4.294638225373154095e-03 4.810759258423104967e+01
4.302558117567971581e-03 4.817347425226875401e+01
4.310492615112316954e-03 4.823940281334272839e+01
4.318441744940429775e-03 4.830537814783627937e+01
4.326405534036205196e-03 4.837140013557270635e+01
4.334384009433320598e-03 4.843746865554987124e+01
4.342377198215285894e-03 4.850358358569270933e+01
4.350385127515573637e-03 4.856974480330481470e+01
4.358407824517691008e-03 4.863595218512472940e+01
4.366445316455263952e-03 4.870220560732533244e+01
4.374497630612158607e-03 4.876850494551334236e+01
4.382564794322536816e-03 4.883485007472818751e+01
4.390646834970983632e-03 4.890124086944188520e+01
4.398743779992582772e-03 4.896767720355789066e+01
4.406855656873001625e-03 4.903415895041055705e+01
4.414982493148610077e-03 4.910068598276454566e+01
4.423124316406541225e-03 4.916725817281397326e+01
4.431281154284818016e-03 4.923387539218186504e+01
4.439453034472428707e-03 4.930053751191961453e+01
4.447639984709411860e-03 4.936724440250576862e+01
4.455842032786982120e-03 4.943399593307905349e+01
4.464059206547583113e-03 4.950079196868068721e+01
4.472291533885019293e-03 4.956763237274523703e+01
4.480539042744536606e-03 4.963451700810384182e+01
4.488801761122898810e-03 4.970144573698285484e+01
4.497079717068520194e-03 4.976841842100353830e+01
4.505372938681521076e-03 4.983543492118145224e+01
4.513681454113856184e-03 4.990249509792525373e+01
4.522005291569394445e-03 4.996959881103695267e+01
4.530344479304006591e-03 5.003674591971016383e+01
4.538699045625684859e-03 5.010393628253017084e+01
4.547069018894609772e-03 5.017116975747300245e+01
4.555454427523275042e-03 5.023844620190460120e+01
4.563855299976571703e-03 5.030576547258063869e+01
4.572271664771867042e-03 5.037312742564525081e+01
4.580703550479140775e-03 5.044053191652071177e+01
4.589150985721037086e-03 5.050797879961591974e+01
4.597613999173000808e-03 5.057546792863242047e+01
4.606092619563358082e-03 5.064299915665502283e+01
4.614586875673397891e-03 5.071057233615072590e+01
4.623096796337507371e-03 5.077818731896811499e+01
4.631622410443225583e-03 5.084584395633700638e+01
4.640163746931382296e-03 5.091354209886744542e+01
4.648720834796176045e-03 5.098128159654947922e+01
4.657293703085260000e-03 5.104906229875201973e+01
4.665882380899874678e-03 5.111688405422270165e+01
4.674486897394908649e-03 5.118474671108703689e+01
4.683107281779029518e-03 5.125265011684782479e+01
4.691743563314770653e-03 5.132059411838473295e+01
4.700395771318612720e-03 5.138857856189300577e+01
4.709063935161123329e-03 5.145660329134951638e+01
4.717748084267009943e-03 5.152466814837866593e+01
4.726448248115259522e-03 5.159277297387622951e+01
4.735164456239221789e-03 5.166091760809331390e+01
4.743896738226696837e-03 5.172910189063613018e+01
4.752645123720066096e-03 5.179732566046475029e+01
4.761409642416357391e-03 5.186558875589307149e+01
4.770190324067377641e-03 5.193389101458804902e+01
4.778987198479795265e-03 5.200223227356912759e+01
4.787800295515252068e-03 5.207061236920763747e+01
4.796629645090448243e-03 5.213903113722602001e+01
4.805475277177253396e-03 5.220748841269778495e+01
4.814337221802821899e-03 5.227598403004629546e+01
4.823215509049674429e-03 5.234451782302924272e+01
4.832110169055815058e-03 5.241308962301412322e+01
4.841021232014814518e-03 5.248169925739622954e+01
4.849948728175925566e-03 5.255034655252114106e+01
4.858892687844195736e-03 5.261903133405343169e+01
4.867853141380551474e-03 5.268775342697605879e+01
4.876830119201916100e-03 5.275651265558966685e+01
4.885823651781290473e-03 5.282530884351228906e+01
4.894833769647890902e-03 5.289414181367851597e+01
4.903860503387214194e-03 5.296301138833906919e+01
4.912903883641176438e-03 5.303191738906024000e+01
4.921963941108201471e-03 5.310085963672359810e+01
4.931040706543308484e-03 5.316983795152484760e+01
4.940134210758255137e-03 5.323885215297399753e+01
4.949244484621600007e-03 5.330790205987147345e+01
4.958371559058840500e-03 5.337698748929817327e+01
4.967515465052506525e-03 5.344610825621159478e+01
4.976676233642248967e-03 5.351526417476294739e+01
4.985853895924979330e-03 5.358445505840166589e+01
4.995048483054936525e-03 5.365368071987425935e+01
5.004260026243826515e-03 5.372294097122480139e+01
5.013488556760915121e-03 5.379223562379333146e+01
5.022734105933115631e-03 5.386156448821626697e+01
5.031996705145133642e-03 5.393092737442534457e+01
5.041276385839533851e-03 5.400032409164744962e+01
5.050573179516877967e-03 5.406975444840396960e+01
5.059887117735820117e-03 5.413921825251056674e+01
5.069218232113197921e-03 5.420871531107629693e+01
5.078566554324173872e-03 5.427824543051915640e+01
5.087932116102304725e-03 5.434780841666157158e+01
5.097314949239682876e-03 5.441740407466703289e+01
5.106715085587029170e-03 5.448703220899233202e+01
5.116132557053787444e-03 5.455669262338614089e+01
5.125567395608265041e-03 5.462638512088948062e+01
5.135019633277705664e-03 5.469610950383451353e+01
5.144489302148428159e-03 5.476586557384491272e+01
5.153976434365925390e-03 5.483565313183480328e+01
5.163481062134952712e-03 5.490547197800874102e+01
5.173003217719678894e-03 5.497532191186112982e+01
5.182542933443748563e-03 5.504520273217584503e+01
5.192100241690434000e-03 5.511511423702636137e+01
5.201675174902725338e-03 5.518505622357822205e+01
5.211267765583424243e-03 5.525502848473596629e+01
5.220878046295296566e-03 5.532503080958844066e+01
5.230506049661133930e-03 5.539506298637477499e+01
5.240151808363908113e-03 5.546512480258681421e+01
5.249815355146859527e-03 5.553521604496786779e+01
5.259496722813596960e-03 5.560533649951285184e+01
5.269195944228244159e-03 5.567548595146794810e+01
5.278913052315511827e-03 5.574566418533014200e+01
5.288648080060839862e-03 5.581587098484664011e+01
5.298401060510501449e-03 5.588610613301514007e+01
5.308172026771694994e-03 5.595636941208289272e+01
5.317961012012692446e-03 5.602666060354692235e+01
5.327768049462913019e-03 5.609697948803263756e+01
5.337593172413071518e-03 5.616732584352765656e+01
5.347436414215273742e-03 5.623769944576026347e+01
5.357297808283117101e-03 5.630810006964822634e+01
5.367177388091838933e-03 5.637852748933956093e+01
5.377075187178385896e-03 5.644898147821209733e+01
5.386991239141571824e-03 5.651946180887365045e+01
5.396925577642167071e-03 5.658996825316124557e+01
5.406878236403002587e-03 5.666050058214097618e+01
5.416849249209120844e-03 5.673105856610803954e+01
5.426838649907846958e-03 5.680164197458601905e+01
5.436846472408938744e-03 5.687225057632712577e+01
5.446872750684691664e-03 5.694288413931170822e+01
5.456917518770032505e-03 5.701354243124248455e+01
5.466980810762675502e-03 5.708422522169498592e+01
5.477062660823192597e-03 5.715493228036640261e+01
5.487163103175170427e-03 5.722566337620223464e+01
5.497282172105307473e-03 5.729641827739463622e+01
5.507419901963515538e-03 5.736719675138267860e+01
5.517576327163075008e-03 5.743799856485262723e+01
5.527751482180704237e-03 5.750882348373700381e+01
5.537945401556721749e-03 5.757967127321489897e+01
5.548158119895139906e-03 5.765054169771182302e+01
5.558389671863770733e-03 5.772143452089934357e+01
5.568640092194378569e-03 5.779234950569543372e+01
5.578909415682758999e-03 5.786328641398855410e+01
5.589197677188888908e-03 5.793424500027224155e+01
5.599504911637034031e-03 5.800522501143306897e+01
5.609831154015846970e-03 5.807622619322506097e+01
5.620176439378526782e-03 5.814724829057974631e+01
5.630540802842894446e-03 5.821829104760475815e+01
5.640924279591547248e-03 5.828935420758459429e+01
5.651326904871966338e-03 5.836043751298021931e+01
5.661748713996614737e-03 5.843154070542898637e+01
5.672189742343101276e-03 5.850266352574489304e+01
5.682650025354251712e-03 5.857380571391765756e+01
5.693129598538270927e-03 5.864496700911386995e+01
5.703628497468845281e-03 5.871614714973093641e+01
5.714146757785246687e-03 5.878734587659070598e+01
5.724684415192494817e-03 5.885856293471645273e+01
5.735241505461428219e-03 5.892979806877544746e+01
5.745818064428872586e-03 5.900105102265361268e+01
5.756414127997738772e-03 5.907232153945530229e+01
5.767029732137132075e-03 5.914360936150360004e+01
5.777664912882511834e-03 5.921491423034015611e+01
5.788319706335768623e-03 5.928623588672516576e+01
5.798994148665386449e-03 5.935757407063774593e+01
5.809688276106550302e-03 5.942892852127600634e+01
5.820402124961249375e-03 5.950029897705674387e+01
5.831135731598441861e-03 5.957168517548205955e+01
5.841889132454132147e-03 5.964308684889703471e+01
5.852662364031535613e-03 5.971450372359426950e+01
5.863455462901178382e-03 5.978593552472916173e+01
5.874268465701031755e-03 5.985738197662846716e+01
5.885101409136623239e-03 5.992884280279020714e+01
5.895954329981168383e-03 6.000031772588411627e+01
5.906827265075709557e-03 6.007180646775149313e+01
5.917720251329224371e-03 6.014330874940572613e+01
5.928633325718760984e-03 6.021482429103231482e+01
5.939566525289544791e-03 6.028635281198874907e+01
5.950519887155119800e-03 6.035789403080509175e+01
5.961493448497482209e-03 6.042944766544258073e+01
5.972487246567192293e-03 6.050101343517231811e+01
5.983501318683512316e-03 6.057259105950327438e+01
5.994535702234511480e-03 6.064418025714132199e+01
6.005590434677209044e-03 6.071578074598244257e+01
6.016665553537713096e-03 6.078739224311285483e+01
6.027761096411328109e-03 6.085901446480886534e+01
6.038877100962694588e-03 6.093064712653816883e+01
6.050013604925894017e-03 6.100228994295882501e+01
6.061170646104620599e-03 6.107394262792093542e+01
6.072348262372256715e-03 6.114560489446572689e+01
6.083546491672048133e-03 6.121727645478517132e+01
6.094765372017212426e-03 6.128895701774472116e+01
6.106004941491050865e-03 6.136064628747485017e+01
6.117265238247120152e-03 6.143234396693086552e+01
6.128546300509312220e-03 6.150404975822944920e+01
6.139848166572026839e-03 6.157576336264941119e+01
6.151170874800286105e-03 6.164748448063181741e+01
6.162514463629840261e-03 6.171921281178055807e+01
6.173878971567348974e-03 6.179094805486266750e+01
6.185264437190455059e-03 6.186268990780884991e+01
6.196670899147965761e-03 6.193443806771369964e+01
6.208098396159958572e-03 6.200619223083720044e+01
6.219546967017900059e-03 6.207795209299860772e+01
6.231016650584816734e-03 6.214971735028684208e+01
6.242507485795379188e-03 6.222148769815402858e+01
6.254019511656078167e-03 6.229326283122652796e+01
6.265552767245337329e-03 6.236504244330571822e+01
6.277107291713626865e-03 6.243682622736805854e+01
6.288683124283641311e-03 6.250861387556572168e+01
6.300280304250381949e-03 6.258040507922740403e+01
6.311898870981334612e-03 6.265219952885869503e+01
6.323538863916583312e-03 6.272399691414282330e+01
6.335200322568925596e-03 6.279579692393807733e+01
6.346883286524053827e-03 6.286759924448075765e+01
6.358587795440632379e-03 6.293940355621016636e+01
6.370313889050484117e-03 6.301120953786598022e+01
6.382061607158701425e-03 6.308301686733410207e+01
6.393830989643763292e-03 6.315482522164609946e+01
6.405622076457714864e-03 6.322663427698131500e+01
6.417434907626255042e-03 6.329844370866650394e+01
6.429269523248911690e-03 6.337025319117703503e+01
6.441125963499163935e-03 6.344206239813740922e+01
6.453004268624555791e-03 6.351387100232214067e+01
6.464904478946880036e-03 6.358567867568756071e+01
6.476826634862261484e-03 6.365748509117870668e+01
6.488770776841339127e-03 6.372928992372165879e+01
6.500736945429388437e-03 6.380109284765636346e+01
6.512725181246433251e-03 6.387289353649840962e+01
6.524735524987434858e-03 6.394469166294037166e+01
6.536768017422372665e-03 6.401648689885217891e+01
6.548822699396433279e-03 6.408827891528198961e+01
6.560899611830126738e-03 6.416006738245741303e+01
6.572998795719406200e-03 6.423185196978586475e+01
6.585120292135851830e-03 6.430363234585584564e+01
6.597264142226761871e-03 6.437540817799116155e+01
6.609430387215333054e-03 6.444717912878374477e+01
6.621619068400784631e-03 6.451894485796282197e+01
6.633830227158477207e-03 6.459070502439662675e+01
6.646063904940097480e-03 6.466245928611022009e+01
6.658320143273751927e-03 6.473420730028651349e+01
6.670598983764147206e-03 6.480594872326756217e+01
6.682900468092716796e-03 6.487768321055480669e+01
6.695224638017738088e-03 6.494941041681073557e+01
6.707571535374524940e-03 6.502112999585972375e+01
6.719941202075514416e-03 6.509284160068827418e+01
6.732333680110455000e-03 6.516454488341832985e+01
6.744749011546529761e-03 6.523623949529446975e+01
6.757187238528480390e-03 6.530792508672352881e+01
6.769648403278795412e-03 6.537960130727918795e+01
6.782132548097798662e-03 6.545126780570276992e+01
6.794639715363845305e-03 6.552292422990488774e+01
6.807169947533439798e-03 6.559457022696608419e+01
6.819723287141359926e-03 6.566620544313821028e+01
6.832299776800855422e-03 6.573782952384550526e+01
6.844899459203728637e-03 6.580944211368303343e+01
6.857522377120534030e-03 6.588104285506692293e+01
6.870168573400700467e-03 6.595263138601825403e+01
6.882838090972656121e-03 6.602420734313429307e+01
6.895530972844023630e-03 6.609577036216701629e+01
6.908247262101706830e-03 6.616732007802399096e+01
6.920987001912092852e-03 6.623885612476999540e+01
6.933750235521170084e-03 6.631037813562819849e+01
6.946537006254657406e-03 6.638188574298121125e+01
6.959347357518202819e-03 6.645337857837303375e+01
6.972181332797470175e-03 6.652485627250567291e+01
6.985038975658336945e-03 6.659631845141943529e+01
6.997920329747025180e-03 6.666776472932008346e+01
7.010825438790221215e-03 6.673919471755746713e+01
7.023754346595281230e-03 6.681060802657762565e+01
7.036707097050317120e-03 6.688200426592382541e+01
7.049683734124399456e-03 6.695338304423853515e+01
7.062684301867682389e-03 6.702474396926452016e+01
7.075708844411533749e-03 6.709608664784649079e+01
7.088757405968734542e-03 6.716741068593263719e+01
7.101830030833570888e-03 6.723871568869415682e+01
7.114926763382034385e-03 6.731000127385460985e+01
7.128047648071953075e-03 6.738126708400253051e+01
7.141192729443120689e-03 6.745251276389689110e+01
7.154362052117493528e-03 6.752373795758694541e+01
7.167555660799291954e-03 6.759494230841249873e+01
7.180773600275195540e-03 6.766612545900630948e+01
7.194015915414479247e-03 6.773728705129533978e+01
7.207282651169139194e-03 6.780842672650196334e+01
7.220573852574098221e-03 6.787954412514635294e+01
7.233889564747302166e-03 6.795063888488863313e+01
7.247229832889920224e-03 6.802171060595642871e+01
7.260594702286472454e-03 6.809275885698315278e+01
7.273984218304998042e-03 6.816378320466949958e+01
7.287398426397184541e-03 6.823478321472715891e+01
7.300837372098538738e-03 6.830575845188074879e+01
7.314301101028556663e-03 6.837670847987008926e+01
7.327789658890854554e-03 6.844763286145158077e+01
7.341303091473340599e-03 6.851853115840066266e+01
7.354841444648346771e-03 6.858940293151425749e+01
7.368404764372799703e-03 6.866024775144308023e+01
7.381993096688391556e-03 6.873106522594684975e+01
7.395606487721714459e-03 6.880185497036016784e+01
7.409244983684432247e-03 6.887261659928205404e+01
7.422908630873412301e-03 6.894334972657797778e+01
7.436597475670901625e-03 6.901405396538166315e+01
7.450311564544697708e-03 6.908472892809692212e+01
7.464050944048281240e-03 6.915537422640018406e+01
7.477815660820993048e-03 6.922598947124126312e+01
7.491605761588159863e-03 6.929657427072797304e+01
7.505421293161306830e-03 6.936712820845981753e+01
7.519262302438254643e-03 6.943765085226036149e+01
7.533128836403335526e-03 6.950814176883757511e+01
7.547020942127522468e-03 6.957860052401650819e+01
7.560938666768574935e-03 6.964902668274173436e+01
7.574882057571246177e-03 6.971941980907958225e+01
7.588851161867385571e-03 6.978977946622039497e+01
7.602846027076150259e-03 6.986010521648066174e+01
7.616866700704147397e-03 6.993039662129821465e+01
7.630913230345565991e-03 7.000065324103003661e+01
7.644985663682398944e-03 7.007087463493321877e+01
7.659084048484539331e-03 7.014106036138591094e+01
7.673208432609997243e-03 7.021120997790292506e+01
7.687358864005040295e-03 7.028132304113736950e+01
7.701535390704330672e-03 7.035139910688324960e+01
7.715738060831145440e-03 7.042143773007852303e+01
7.729966922597476288e-03 7.049143846480636455e+01
7.744222024304247241e-03 7.056140086452816718e+01
7.758503414341455170e-03 7.063132449100072563e+01
7.772811141188312040e-03 7.070120891719412271e+01
7.787145253413463482e-03 7.077105371613690465e+01
7.801505799675090280e-03 7.084085846010387399e+01
7.815892828721129545e-03 7.091062272061890326e+01
7.830306389389415228e-03 7.098034606845662609e+01
7.844746530607821233e-03 7.105002807364559203e+01
7.859213301394486068e-03 7.111966830547105189e+01
7.873706750857906514e-03 7.118926633160437234e+01
7.888226928197171819e-03 7.125882169606963146e+01
7.902773882702097269e-03 7.132833391744412666e+01
7.917347663753371637e-03 7.139780251216888018e+01
7.931948320822780965e-03 7.146722699576153559e+01
7.946575903473312649e-03 7.153660688281887303e+01
7.961230461359379215e-03 7.160594168702002094e+01
7.975912044226962302e-03 7.167523092112934080e+01
7.990620701913753177e-03 7.174447409699911304e+01
8.005356484349392121e-03 7.181367072759302062e+01
8.020119441555553438e-03 7.188282034668789322e+01
8.034909623646191781e-03 7.195192250046279980e+01
8.049727080827672257e-03 7.202097673452671245e+01
8.064571863398926552e-03 7.208998259373450423e+01
8.079444021751674976e-03 7.215893962218987667e+01
8.094343606370534017e-03 7.222784736324906874e+01
8.109270667833248791e-03 7.229670535952243426e+01
8.124225256810831824e-03 7.236551315287897523e+01
8.139207424067717439e-03 7.243427027859975453e+01
8.154217220461990739e-03 7.250297625042196614e+01
8.169254696945489960e-03 7.257163057663275652e+01
8.184319904564042389e-03 7.264023276467133883e+01
8.199412894457608347e-03 7.270878232113233253e+01
8.214533717860437317e-03 7.277727875176890393e+01
8.229682426101288251e-03 7.284572156149619104e+01
8.244859070603549264e-03 7.291411025439516891e+01
8.260063702885461420e-03 7.298244433401487186e+01
8.275296374560276585e-03 7.305072330931942304e+01
8.290557137336397944e-03 7.311894669437614880e+01
8.305846043017624594e-03 7.318711400270970557e+01
8.321163143503250426e-03 7.325522474707486253e+01
8.336508490788308717e-03 7.332327843945945745e+01
8.351882136963714384e-03 7.339127459108888729e+01
8.367284134216423572e-03 7.345921271242848150e+01
8.382714534829664374e-03 7.352709231317868444e+01
8.398173391183044387e-03 7.359491289647682777e+01
8.413660755752798773e-03 7.366267394888903652e+01
8.429176681111932509e-03 7.373037495349680626e+01
8.444721219930373043e-03 7.379801539255056753e+01
8.460294424975221828e-03 7.386559474747404863e+01
8.475896349110844524e-03 7.393311249886797043e+01
8.491527045299131216e-03 7.400056812651372695e+01
8.507186566599633445e-03 7.406796110937780497e+01
8.522874966169732489e-03 7.413529092688484923e+01
8.538592297264866599e-03 7.420255706534827311e+01
8.554338613238655908e-03 7.426975901319197249e+01
8.570113967543134884e-03 7.433689625808840162e+01
8.585918413728908447e-03 7.440396828695789111e+01
8.601752005445316776e-03 7.447097458597166053e+01
8.617614796440662556e-03 7.453791464055717597e+01
8.633506840562341078e-03 7.460478793540109166e+01
8.649428191757070963e-03 7.467159395323767512e+01
8.665378904071055488e-03 7.473833216417850167e+01
8.681359031650143915e-03 7.480500203083992972e+01
8.697368628740069149e-03 7.487160301496729176e+01
8.713407749686565701e-03 7.493813457751586782e+01
8.729476448935619484e-03 7.500459617865449502e+01
8.745574781033615269e-03 7.507098727777058400e+01
8.761702800627510154e-03 7.513730733347388480e+01
8.777860562465066019e-03 7.520355580407725427e+01
8.794048121394974424e-03 7.526973215230140113e+01
8.810265532367101207e-03 7.533583584330207827e+01
8.826512850432651283e-03 7.540186634155278966e+01
8.842790130744317828e-03 7.546782311080364991e+01
8.859097428556545958e-03 7.553370561408526385e+01
8.875434799225633345e-03 7.559951331371395611e+01
8.891802298209995625e-03 7.566524567129583545e+01
8.908199981070320794e-03 7.573090214805743869e+01
8.924627903469727064e-03 7.579648220719982987e+01
8.941086121174023071e-03 7.586198531254959221e+01
8.957574690051818903e-03 7.592741092726573982e+01
8.974093666074781095e-03 7.599275851383535496e+01
8.990643105317788764e-03 7.605802753407860450e+01
9.007223063959134829e-03 7.612321744915288946e+01
9.023833598280701224e-03 7.618832771955786143e+01
9.040474764668156651e-03 7.625335779736390407e+01
9.057146619611169958e-03 7.631830709896478027e+01
9.073849219703578398e-03 7.638317503012231668e+01
9.090582621643594069e-03 7.644796099578115900e+01
9.107346882233968710e-03 7.651266440007438518e+01
9.124142058382208806e-03 7.657728464632924670e+01
9.140968207100778550e-03 7.664182113707273913e+01
9.157825385507280258e-03 7.670627327425253839e+01
9.174713650824650388e-03 7.677064048240019645e+01
9.191633060381329545e-03 7.683492222938272675e+01
9.208583671611512284e-03 7.689911798739007054e+01
9.225565542055275473e-03 7.696322722808118044e+01
9.242578729358836773e-03 7.702724942258956276e+01
9.259623291274715964e-03 7.709118404152739856e+01
9.276699285661913624e-03 7.715503055499092966e+01
9.293806770486166130e-03 7.721878842829443101e+01
9.310945803820068825e-03 7.728245707645649532e+01
9.328116443843336228e-03 7.734603588163655274e+01
9.345318748842977238e-03 7.740952422467707095e+01
9.362552777213459937e-03 7.747292148564567071e+01
9.379818587456982201e-03 7.753622704384196140e+01
9.397116238183580994e-03 7.759944027780298370e+01
9.414445788111413388e-03 7.766256056535658558e+01
9.431807296066921364e-03 7.772558729796722332e+01
9.449200820984994878e-03 7.778851990108778125e+01
9.466626421909256350e-03 7.785135780471487976e+01
9.484084157992164754e-03 7.791410043828891219e+01
9.501574088495298373e-03 7.797674723069945912e+01
9.519096272789519600e-03 7.803929761029181122e+01
9.536650770355151879e-03 7.810175100487185773e+01
9.554237640782245120e-03 7.816410684002818243e+01
9.571856943770704063e-03 7.822636452745713598e+01
9.589508739130555431e-03 7.828852347192230354e+01
9.607193086782124872e-03 7.835058307756516172e+01
9.624910046756210424e-03 7.841254274794958690e+01
9.642659679194353142e-03 7.847440188606864808e+01
9.660442044348963725e-03 7.853615989435034805e+01
9.678257202583596605e-03 7.859781617434478562e+01
9.696105214373126890e-03 7.865937011897328546e+01
9.713986140303918632e-03 7.872082111208617050e+01
9.731900041074109317e-03 7.878216853653732699e+01
9.749846977493731304e-03 7.884341177459405969e+01
9.767827010484987638e-03 7.890455020794367158e+01
9.785840201082430731e-03 7.896558321770005762e+01
9.803886610433139304e-03 7.902651018457382293e+01
9.821966299796995939e-03 7.908733050407553833e+01
9.840079330546813718e-03 7.914804359894135644e+01
9.858225764168615513e-03 7.920864889440464651e+01
9.876405662261812657e-03 7.926914581530020598e+01
9.894619086539385364e-03 7.932953378607065531e+01
9.912866098828158543e-03 7.938981223077281868e+01
9.931146761068937109e-03 7.944998057296950833e+01
9.949461135316780072e-03 7.951003819603941736e+01
9.967809283741187881e-03 7.956998438474813895e+01
9.986191268626277637e-03 7.962981840823682944e+01
1.000460715237106064e-02 7.968953953483553221e+01
1.002305699748960201e-02 7.974914703207113575e+01
1.004154086661125655e-02 7.980864016667653971e+01
1.006005882248087527e-02 7.986801820471200131e+01
1.007861092795901518e-02 7.992728046923888030e+01
1.009719724602217011e-02 7.998642643461393220e+01
1.011581783976295799e-02 8.004545559971349178e+01
1.013447277239034987e-02 8.010436746335302871e+01
1.015316210722988499e-02 8.016316152429186559e+01
1.017188590772388074e-02 8.022183728123927438e+01
1.019064423743165984e-02 8.028039423249927609e+01
1.020943716002974642e-02 8.033883180641659294e+01
1.022826473931209672e-02 8.039714927809170320e+01
1.024712703919031069e-02 8.045534590170680644e+01
1.026602412369384543e-02 8.051342093072054240e+01
1.028495605697025278e-02 8.057137361787778218e+01
1.030392290328536672e-02 8.062920321521855271e+01
1.032292472702353928e-02 8.068690897535746842e+01
1.034196159268785040e-02 8.074449021491712131e+01
1.036103356490035085e-02 8.080194634424179867e+01
1.038014070840224436e-02 8.085927678089613835e+01
1.039928308805413218e-02 8.091648094226069077e+01
1.041846076883623171e-02 8.097355824553905279e+01
1.043767381584857941e-02 8.103050810776473156e+01
1.045692229431128585e-02 8.108732994053009691e+01
1.047620626956472130e-02 8.114402307297793016e+01
1.049552580706975512e-02 8.120058676877440007e+01
1.051488097240797781e-02 8.125702028924416709e+01
1.053427183128191093e-02 8.131332289515157186e+01
1.055369844951526206e-02 8.136949384671098073e+01
1.057316089305310874e-02 8.142553240359568179e+01
1.059265922796214301e-02 8.148143784296794934e+01
1.061219352043089523e-02 8.153720953788270265e+01
1.063176383676995088e-02 8.159284689327628826e+01
1.065137024341219867e-02 8.164834931400416451e+01
1.067101280691301786e-02 8.170371620482562491e+01
1.069069159395053328e-02 8.175894697041202619e+01
1.071040667132583390e-02 8.181404101509325244e+01
1.073015810596319314e-02 8.186899772239796391e+01
1.074994596491031344e-02 8.192381644030503196e+01
1.076977031533853449e-02 8.197849651311673824e+01
1.078963122454306735e-02 8.203303728492763014e+01
1.080952875994322868e-02 8.208743809963276306e+01
1.082946298908265582e-02 8.214169830093695168e+01
1.084943397962956704e-02 8.219581722522505629e+01
1.086944179937694883e-02 8.224979415005776673e+01
1.088948651624281616e-02 8.230362832389096184e+01
1.090956819827042582e-02 8.235731899458149030e+01
1.092968691362853489e-02 8.241086540959571494e+01
1.094984273061159509e-02 8.246426681602055453e+01
1.097003571764000422e-02 8.251752246105354516e+01
1.099026594326034389e-02 8.257063162484710972e+01
1.101053347614559461e-02 8.262359364172696985e+01
1.103083838509539248e-02 8.267640785093269074e+01
1.105118073903624092e-02 8.272907359161520446e+01
1.107156060702175343e-02 8.278159020284604708e+01
1.109197805823288786e-02 8.283395702362663826e+01
1.111243316197817535e-02 8.288617339016555263e+01
1.113292598769398054e-02 8.293823862526775770e+01
1.115345660494470106e-02 8.299015204758822506e+01
1.117402508342302259e-02 8.304191297569926178e+01
1.119463149295015642e-02 8.309352072810057166e+01
1.121527590347606851e-02 8.314497462322962917e+01
1.123595838507973621e-02 8.319627397429732696e+01
1.125667900796935988e-02 8.324741802443942618e+01
1.127743784248261272e-02 8.329840596621498605e+01
1.129823495908688358e-02 8.334923699075018533e+01
1.131907042837950600e-02 8.339991028885278013e+01
1.133994432108802533e-02 8.345042505102570374e+01
1.136085670807039302e-02 8.350078047000177150e+01
1.138180766031524765e-02 8.355097584322773230e+01
1.140279724894213004e-02 8.360101060871348011e+01
1.142382554520173996e-02 8.365088421463026691e+01
1.144489262047618076e-02 8.370059610951776108e+01
1.146599854627918143e-02 8.375014574229122388e+01
1.148714339425636020e-02 8.379953256170423970e+01
1.150832723618544842e-02 8.384875592650915621e+01
1.152955014397656457e-02 8.389781500507129408e+01
1.155081218967242244e-02 8.394670894136196182e+01
1.157211344544860007e-02 8.399543687906222544e+01
1.159345398361377039e-02 8.404399796157700564e+01
1.161483387660995625e-02 8.409239133211860917e+01
1.163625319701278200e-02 8.414061618993225977e+01
1.165771201753170068e-02 8.418867189212497237e+01
1.167921041101025424e-02 8.423655782357782584e+01
1.170074845042631817e-02 8.428427336951189375e+01
1.172232620889234085e-02 8.433181791549800721e+01
1.174394375965562461e-02 8.437919084744713416e+01
1.176560117609852345e-02 8.442639151189737845e+01
1.178729853173873104e-02 8.447341913222521725e+01
1.180903590022951144e-02 8.452027290793306236e+01
1.183081335535995579e-02 8.456695203850989628e+01
1.185263097105524431e-02 8.461345572344492894e+01
1.187448882137687005e-02 8.465978316225134392e+01
1.189638698052291298e-02 8.470593356401221286e+01
1.191832552282828112e-02 8.475190616502970897e+01
1.194030452276496207e-02 8.479770020653884899e+01
1.196232405494229711e-02 8.484331492993159429e+01
1.198438419410720150e-02 8.488874957677062127e+01
1.200648501514443335e-02 8.493400338899292024e+01
1.202862659307685732e-02 8.497907564537173641e+01
1.205080900306567705e-02 8.502396570491347916e+01
1.207303232041072663e-02 8.506867293763517068e+01
1.209529662055068046e-02 8.511319671405416898e+01
1.211760197906334297e-02 8.515753640519882595e+01
1.213994847166588453e-02 8.520169137949078220e+01
1.216233617421512772e-02 8.524566085295913354e+01
1.218476516270776758e-02 8.528944382285280312e+01
1.220723551328065093e-02 8.533303926933400874e+01
1.222974730221103486e-02 8.537644617233718236e+01
1.225230060591683476e-02 8.541966351158912119e+01
1.227489550095690538e-02 8.546269029226108671e+01
1.229753206403127672e-02 8.550552593701321769e+01
1.232021037198141947e-02 8.554817020913385761e+01
1.234293050179051908e-02 8.559062288320193090e+01
1.236569253058371516e-02 8.563288373523654684e+01
1.238849653562840158e-02 8.567495254269955751e+01
1.241134259433444159e-02 8.571682898079940571e+01
1.243423078425445923e-02 8.575851207961945022e+01
1.245716118308409434e-02 8.580000062062001120e+01
1.248013386866226627e-02 8.584129338428139988e+01
1.250314891897145488e-02 8.588238915064491152e+01
1.252620641213793122e-02 8.592328669997569079e+01
1.254930642643205252e-02 8.596398497207013634e+01
1.257244904026851018e-02 8.600448327654399350e+01
1.259563433220660215e-02 8.604478097580209806e+01
1.261886238095051745e-02 8.608487743301171236e+01
1.264213326534956681e-02 8.612477201211478928e+01
1.266544706439847595e-02 8.616446407652485107e+01
1.268880385723764916e-02 8.620395296891872761e+01
1.271220372315342781e-02 8.624323801515447485e+01
1.273564674157838875e-02 8.628231854132384626e+01
1.275913299209157324e-02 8.632119387427771073e+01
1.278266255441878364e-02 8.635986334163901290e+01
1.280623550843284011e-02 8.639832624616616386e+01
1.282985193415387901e-02 8.643658179576991074e+01
1.285351191174958704e-02 8.647462917669061255e+01
1.287721552153549623e-02 8.651246757574271840e+01
1.290096284397524926e-02 8.655009618033129470e+01
1.292475395968086839e-02 8.658751417905827452e+01
1.294858894941306078e-02 8.662472077328092723e+01
1.297246789408143877e-02 8.666171517640242428e+01
1.299639087474483562e-02 8.669849660296203808e+01
1.302035797261156570e-02 8.673506426821309390e+01
1.304436926903969861e-02 8.677141738813106997e+01
1.306842484553735230e-02 8.680755516140391137e+01
1.309252478376294639e-02 8.684347673043735938e+01
1.311666916552548662e-02 8.687918122705208646e+01
1.314085807278485285e-02 8.691466778372262070e+01
1.316509158765205925e-02 8.694993553359647365e+01
1.318936979238956655e-02 8.698498363798150024e+01
1.321369276941151798e-02 8.701981155686753766e+01
1.323806060128404280e-02 8.705441893402114317e+01
1.326247337072553739e-02 8.708880541738643899e+01
1.328693116060693236e-02 8.712297065646120586e+01
1.331143405395200825e-02 8.715691429698813408e+01
1.333598213393762631e-02 8.719063569204143960e+01
1.336057548389404763e-02 8.722413375328849838e+01
1.338521418730520031e-02 8.725740735632282963e+01
1.340989832780898477e-02 8.729045537715552427e+01
1.343462798919752010e-02 8.732327669224670785e+01
1.345940325541746148e-02 8.735587022098827958e+01
1.348422421057026907e-02 8.738823502789279019e+01
1.350909093891248906e-02 8.742037020900434641e+01
1.353400352485607111e-02 8.745227486122836069e+01
1.355896205296861293e-02 8.748394808235222797e+01
1.358396660797367081e-02 8.751538901608110166e+01
1.360901727475104239e-02 8.754659712646615333e+01
1.363411413833704941e-02 8.757757201710427353e+01
1.365925728392485168e-02 8.760831329380464183e+01
1.368444679686469864e-02 8.763882056404770537e+01
1.370968276266423813e-02 8.766909342163961583e+01
1.373496526698881302e-02 8.769913124990003439e+01
1.376029439566173358e-02 8.772893327874631098e+01
1.378567023466460012e-02 8.775849873576723326e+01
1.381109287013755627e-02 8.778782684975267614e+01
1.383656238837960295e-02 8.781691684371473627e+01
1.386207887584889331e-02 8.784576776104979956e+01
1.388764241916300851e-02 8.787437845348205201e+01
1.391325310509928907e-02 8.790274776415510871e+01
1.393891102059508294e-02 8.793087453701302536e+01
1.396461625274806814e-02 8.795875762429821521e+01
1.399036888881654422e-02 8.798639621116629428e+01
1.401616901621971500e-02 8.801378994125916222e+01
1.404201672253802685e-02 8.804093849340451072e+01
1.406791209551340634e-02 8.806784154836924472e+01
1.409385522304960024e-02 8.809449878444777937e+01
1.411984619321245311e-02 8.812090960279931551e+01
1.414588509423023686e-02 8.814707296529867619e+01
1.417197201449390577e-02 8.817298779602187153e+01
1.419810704255742607e-02 8.819865302014137853e+01
1.422429026713807089e-02 8.822406756556014784e+01
1.425052177711671163e-02 8.824923046800073223e+01
1.427680166153815107e-02 8.827414093598810041e+01
1.430313000961137664e-02 8.829879819505994476e+01
1.432950691070990386e-02 8.832320147230707619e+01
1.435593245437205567e-02 8.834734999923182386e+01
1.438240673030127814e-02 8.837124315305092637e+01
1.440892982836645790e-02 8.839488052223907744e+01
1.443550183860219105e-02 8.841826171376277443e+01
1.446212285120911968e-02 8.844138633661874849e+01
1.448879295655422332e-02 8.846425399176354176e+01
1.451551224517113117e-02 8.848686396730549575e+01
1.454228080776043958e-02 8.850921518364722829e+01
1.456909873518999823e-02 8.853130654149805423e+01
1.459596611849522767e-02 8.855313694295084304e+01
1.462288304887943494e-02 8.857470529619655508e+01
1.464984961771411028e-02 8.859601059235224341e+01
1.467686591653926710e-02 8.861705189321050113e+01
1.470393203706370742e-02 8.863782826440068163e+01
1.473104807116536533e-02 8.865833877322516798e+01
1.475821411089161227e-02 8.867858254668588813e+01
1.478543024845955373e-02 8.869855925501970262e+01
1.481269657625638655e-02 8.871826886588401351e+01
1.484001318683965225e-02 8.873771135245335984e+01
1.486738017293759428e-02 8.875688669044967583e+01
1.489479762744944785e-02 8.877579467529830026e+01
1.492226564344579197e-02 8.879443421997986263e+01
1.494978431416881665e-02 8.881280397183643061e+01
1.497735373303266809e-02 8.883090257962831515e+01
1.500497399362376791e-02 8.884872869418417451e+01
1.503264518970110972e-02 8.886628111244849038e+01
1.506036741519661479e-02 8.888355896980134219e+01
1.508814076421540785e-02 8.890056145146274957e+01
1.511596533103616059e-02 8.891728774470793439e+01
1.514384121011140907e-02 8.893373704840523430e+01
1.517176849606786428e-02 8.894990881329896126e+01
1.519974728370676424e-02 8.896580276072711513e+01
1.522777766800415336e-02 8.898141862776056144e+01
1.525585974411122758e-02 8.899675615399796413e+01
1.528399360735465708e-02 8.901181500028219773e+01
1.531217935323690021e-02 8.902659422856437743e+01
1.534041707743655572e-02 8.904109263311630684e+01
1.536870687580864543e-02 8.905530900888958001e+01
1.539704884438496645e-02 8.906924215353765817e+01
1.542544307937441204e-02 8.908289111284983619e+01
1.545388967716329262e-02 8.909625554051261531e+01
1.548238873431568956e-02 8.910933518431491507e+01
1.551094034757373452e-02 8.912212979470281482e+01
1.553954461385797896e-02 8.913463908701295679e+01
1.556820163026770461e-02 8.914686213764160527e+01
1.559691149408124790e-02 8.915879748913499725e+01
1.562567430275637118e-02 8.917044366962940671e+01
1.565449015393052812e-02 8.918179920935781979e+01
1.568335914542124190e-02 8.919286296128748859e+01
1.571228137522642093e-02 8.920363502747824214e+01
1.574125694152471097e-02 8.921411581598155749e+01
1.577028594267579353e-02 8.922430573794738962e+01
1.579936847722074322e-02 8.923420516412912207e+01
1.582850464388236081e-02 8.924381340278445407e+01
1.585769454156549588e-02 8.925312866144639656e+01
1.588693826935741460e-02 8.926214909878525816e+01
1.591623592652809116e-02 8.927087287567370311e+01
1.594558761253057552e-02 8.927929849700520037e+01
1.597499342700132302e-02 8.928742583755237661e+01
1.600445346976052050e-02 8.929525511701989160e+01
1.603396784081246099e-02 8.930278655820494293e+01
1.606353664034583864e-02 8.931002033950014152e+01
1.609315996873411647e-02 8.931695576396302272e+01
1.612283792653585943e-02 8.932359136359413299e+01
1.615257061449506051e-02 8.932992564651786438e+01
1.618235813354153285e-02 8.933595712406261669e+01
1.621220058479119069e-02 8.934168466643551199e+01
1.624209806954642760e-02 8.934710811101543015e+01
1.627205068929644602e-02 8.935222745986881421e+01
1.630205854571761120e-02 8.935704271818033817e+01
1.633212174067380507e-02 8.936155381169797352e+01
1.636224037621675231e-02 8.936575995003370565e+01
1.639241455458636393e-02 8.936965997514431592e+01
1.642264437821110840e-02 8.937325272885867378e+01
1.645292994970833783e-02 8.937653706430408818e+01
1.648327137188465921e-02 8.937951215885814804e+01
1.651366874773625010e-02 8.938217760908050025e+01
1.654412218044924027e-02 8.938453304238841213e+01
1.657463177340003438e-02 8.938657808934847537e+01
1.660519763015570055e-02 8.938831230728635546e+01
1.663581985447427913e-02 8.938973501982739833e+01
1.666649855030515742e-02 8.939084550804983564e+01
1.669723382178942006e-02 8.939164305626327689e+01
1.672802577326019599e-02 8.939212694250157654e+01
1.675887450924304703e-02 8.939229637825806662e+01
1.678978013445625930e-02 8.939215054728441601e+01
1.682074275381124917e-02 8.939168863652615471e+01
1.685176247241290670e-02 8.939090985577897186e+01
1.688283939555992874e-02 8.938981377326958011e+01
1.691397362874523178e-02 8.938840027052958703e+01
1.694516527765625377e-02 8.938666924288718008e+01
1.697641444817533235e-02 8.938462058095392138e+01
1.700772124638007601e-02 8.938225369081125393e+01
1.703908577854370068e-02 8.937956722491193773e+01
1.707050815113542869e-02 8.937655977407223418e+01
1.710198847082080448e-02 8.937322993351226330e+01
1.713352684446208668e-02 8.936957667534672112e+01
1.716512337911860198e-02 8.936559994893265468e+01
1.719677818204709552e-02 8.936129986391512148e+01
1.722849136070214032e-02 8.935667653343692507e+01
1.726026302273644258e-02 8.935172985894165265e+01
1.729209327600124066e-02 8.934645885166990809e+01
1.732398222854666936e-02 8.934086229463977702e+01
1.735592998862210690e-02 8.933493897473809398e+01
1.738793666467659121e-02 8.932868784550643682e+01
1.742000236535912877e-02 8.932210885928709843e+01
1.745212719951909353e-02 8.931520234790848178e+01
1.748431127620658429e-02 8.930796864742262642e+01
1.751655470467283066e-02 8.930040792060584920e+01
1.754885759437051218e-02 8.929251885793844679e+01
1.758122005495415738e-02 8.928429941995271690e+01
1.761364219628051841e-02 8.927574756627826957e+01
1.764612412840892847e-02 8.926686146046417036e+01
1.767866596160170070e-02 8.925764137168194168e+01
1.771126780632447870e-02 8.924808883191857944e+01
1.774392977324661461e-02 8.923820539332859880e+01
1.777665197324155427e-02 8.922799241156661765e+01
1.780943451738719804e-02 8.921744882052075809e+01
1.784227751696632058e-02 8.920657194255487354e+01
1.787518108346688311e-02 8.919535907577210310e+01
1.790814532858246363e-02 8.918380768435210371e+01
1.794117036421261427e-02 8.917191727619666608e+01
1.797425630246322556e-02 8.915968876308983226e+01
1.800740325564697403e-02 8.914712308768413607e+01
1.804061133628361013e-02 8.913422109936232118e+01
1.807388065710040584e-02 8.912098249925014670e+01
1.810721133103251196e-02 8.910740623599571109e+01
1.814060347122334327e-02 8.909349124957314814e+01
1.817405719102498790e-02 8.907923652320705799e+01
1.820757260399854388e-02 8.906464143811373901e+01
1.824114982391454934e-02 8.904970560948575553e+01
1.827478896475333292e-02 8.903442865966511022e+01
1.830849014070543013e-02 8.901881016927768542e+01
1.834225346617196842e-02 8.900284935478322268e+01
1.837607905576502804e-02 8.898654526027608824e+01
1.840996702430805834e-02 8.896989693352743700e+01
1.844391748683625251e-02 8.895290361051364414e+01
1.847793055859696040e-02 8.893556560921798848e+01
1.851200635505004591e-02 8.891788364367343434e+01
1.854614499186830329e-02 8.889985843206557092e+01
1.858034658493784227e-02 8.888149030847873178e+01
1.861461125035846972e-02 8.886277804704695882e+01
1.864893910444413369e-02 8.884372003283284869e+01
1.868333026372324263e-02 8.882431465737460030e+01
1.871778484493911640e-02 8.880456073162856967e+01
1.875230296505035407e-02 8.878445814409897707e+01
1.878688474123124674e-02 8.876400695910875527e+01
1.882153029087219043e-02 8.874320724646156577e+01
1.885623973158003647e-02 8.872205915910053875e+01
1.889101318117853562e-02 8.870056297991844474e+01
1.892585075770871275e-02 8.867871900711304534e+01
1.896075257942926931e-02 8.865652748658379778e+01
1.899571876481702393e-02 8.863398750440273943e+01
1.903074943256724896e-02 8.861109705709486661e+01
1.906584470159412154e-02 8.858785410513642944e+01
1.910100469103111209e-02 8.856425683496811985e+01
1.913622952023136953e-02 8.854030535577479100e+01
1.917151930876818955e-02 8.851600077084219720e+01
1.920687417643534081e-02 8.849134419506818006e+01
1.924229424324751594e-02 8.846633653288756705e+01
1.927777962944073400e-02 8.844097783403310586e+01
1.931333045547273600e-02 8.841526793735300771e+01
1.934894684202342896e-02 8.838920667890532457e+01
1.938462890999524679e-02 8.836279316537689965e+01
1.942037678051358740e-02 8.833602516915523495e+01
1.945619057492721168e-02 8.830890032733701389e+01
1.949207041480869804e-02 8.828141642449983806e+01
1.952801642195478582e-02 8.825357361318157245e+01
1.956402871838683680e-02 8.822537401467936036e+01
1.960010742635123412e-02 8.819681981218582223e+01
1.963625266831979521e-02 8.816791267532066456e+01
1.967246456699021928e-02 8.813865141340383502e+01
1.970874324528644472e-02 8.810903385395741338e+01
1.974508882635910706e-02 8.807905784030393193e+01
1.978150143358595181e-02 8.804872249407614504e+01
1.981798119057223695e-02 8.801802951161698729e+01
1.985452822115120128e-02 8.798698090154148588e+01
1.989114264938441484e-02 8.795557847761000403e+01
1.992782459956223690e-02 8.792382113503200003e+01
1.996457419620424265e-02 8.789170554008319414e+01
2.000139156405963264e-02 8.785922831205279238e+01
2.003827682810768035e-02 8.782638704538997843e+01
2.007523011355811723e-02 8.779318330512657553e+01
2.011225154585158381e-02 8.775961967550824738e+01
2.014934125066004944e-02 8.772569869632633299e+01
2.018649935388723560e-02 8.769142116273397392e+01
2.022372598166906343e-02 8.765678562150372954e+01
2.026102126037405624e-02 8.762179047776518814e+01
2.029838531660376963e-02 8.758643432481277102e+01
2.033581827719323568e-02 8.755071695487430361e+01
2.037332026921138267e-02 8.751463864860764374e+01
2.041089141996149658e-02 8.747819968941826119e+01
2.044853185698159576e-02 8.744140008220409754e+01
2.048624170804490968e-02 8.740423934394490857e+01
2.052402110116028841e-02 8.736671694825146517e+01
2.056187016457267092e-02 8.732883248722711755e+01
2.059978902676348061e-02 8.729058648684367938e+01
2.063777781645107293e-02 8.725197993496090021e+01
2.067583666259118977e-02 8.721301381647053574e+01
2.071396569437736548e-02 8.717368806796908132e+01
2.075216504124142297e-02 8.713400065593314991e+01
2.079043483285383798e-02 8.709394933804799166e+01
2.082877519912423175e-02 8.705353256308306698e+01
2.086718627020178740e-02 8.701275417432151471e+01
2.090566817647570089e-02 8.697162057108893407e+01
2.094422104857565289e-02 8.693013808912836282e+01
2.098284501737218352e-02 8.688830813949694232e+01
2.102154021397719189e-02 8.684612416468625895e+01
2.106030676974436633e-02 8.680357889701210183e+01
2.109914481626961810e-02 8.676066602693643404e+01
2.113805448539156709e-02 8.671738476051633882e+01
2.117703590919193732e-02 8.667373630689537833e+01
2.121608921999602881e-02 8.662972186057967861e+01
2.125521455037317556e-02 8.658534200885839027e+01
2.129441203313717570e-02 8.654059664985672384e+01
2.133368180134678077e-02 8.649548565021993340e+01
2.137302398830609809e-02 8.645000961387430038e+01
2.141243872756506961e-02 8.640417168571043760e+01
2.145192615291991595e-02 8.635797555939663539e+01
2.149148639841360134e-02 8.631142453665535186e+01
2.153111959833629852e-02 8.626451733023061763e+01
2.157082588722580851e-02 8.621724967521130623e+01
2.161060539986804294e-02 8.616961729811821158e+01
2.165045827129747150e-02 8.612161809057739958e+01
2.169038463679761122e-02 8.607325361885241932e+01
2.173038463190143585e-02 8.602452580924902747e+01
2.177045839239186154e-02 8.597543659253099690e+01
2.181060605430221178e-02 8.592598791388566326e+01
2.185082775391666843e-02 8.587618172372469871e+01
2.189112362777075743e-02 8.582601972828085479e+01
2.193149381265178249e-02 8.577550027450453740e+01
2.197193844559928999e-02 8.572461928393360608e+01
2.201245766390556510e-02 8.567337268268038031e+01
2.205305160511605508e-02 8.562175944254516935e+01
2.209372040702990009e-02 8.556978350511022313e+01
2.213446420770031828e-02 8.551744926806325964e+01
2.217528314543514012e-02 8.546475998927859052e+01
2.221617735879724206e-02 8.541171465546025843e+01
2.225714698660502880e-02 8.535831125858152291e+01
2.229819216793292938e-02 8.530454791031399964e+01
2.233931304211181704e-02 8.525042369016129840e+01
2.238050974872951571e-02 8.519593818438205801e+01
2.242178242763127882e-02 8.514109106915387315e+01
2.246313121892022646e-02 8.508588392407069989e+01
2.250455626295789699e-02 8.503032028311737633e+01
2.254605770036462870e-02 8.497440374732794055e+01
2.258763567202010450e-02 8.491813551667233639e+01
2.262929031906378563e-02 8.486151212243751729e+01
2.267102178289545286e-02 8.480452957268383329e+01
2.271283020517561937e-02 8.474718522509621721e+01
2.275471572782604424e-02 8.468948138429472294e+01
2.279667849303020771e-02 8.463142149677113935e+01
2.283871864323378659e-02 8.457300871674765119e+01
2.288083632114518151e-02 8.451424418559419394e+01
2.292303166973593334e-02 8.445512819484528677e+01
2.296530483224125396e-02 8.439566096439074272e+01
2.300765595216049120e-02 8.433584172891154651e+01
2.305008517325762840e-02 8.427566902618295330e+01
2.309259263956179101e-02 8.421514142426617866e+01
2.313517849536768367e-02 8.415425848991638702e+01
2.317784288523612457e-02 8.409302090608150593e+01
2.322058595399451725e-02 8.403142942474433141e+01
2.326340784673733633e-02 8.396948522513724811e+01
2.330630870882666530e-02 8.390719020935330263e+01
2.334928868589261630e-02 8.384454634995174160e+01
2.339234792383388176e-02 8.378155527567493266e+01
2.343548656881820624e-02 8.371821774736255861e+01
2.347870476728287914e-02 8.365453439529824209e+01
2.352200266593526892e-02 8.359050523195668347e+01
2.356538041175326031e-02 8.352612800227956313e+01
2.360883815198580246e-02 8.346139994601817591e+01
2.365237603415338077e-02 8.339631943592711139e+01
2.369599420604852694e-02 8.333089055230078657e+01
2.373969281573634973e-02 8.326511917967313536e+01
2.378347201155497567e-02 8.319901026720228288e+01
2.382733194211610409e-02 8.313256242163330967e+01
2.387127275630547552e-02 8.306577160692266659e+01
2.391529460328343723e-02 8.299863410511953532e+01
2.395939763248536997e-02 8.293114895342453963e+01
2.400358199362224304e-02 8.286331663491073130e+01
2.404784783668111742e-02 8.279513785314183849e+01
2.409219531192563490e-02 8.272661557845709979e+01
2.413662456989658367e-02 8.265775419744707619e+01
2.418113576141232846e-02 8.258855791669185464e+01
2.422572903756937956e-02 8.251902830039837511e+01
2.427040454974288552e-02 8.244916501894205396e+01
2.431516244958714310e-02 8.237896766393478742e+01
2.436000288903615932e-02 8.230843512569033749e+01
2.440492602030407826e-02 8.223756574250555218e+01
2.444993199588577429e-02 8.216635795863058433e+01
2.449502096855733779e-02 8.209481209693765891e+01
2.454019309137658172e-02 8.202293005858867048e+01
2.458544851768362099e-02 8.195071381304491354e+01
2.463078740110130962e-02 8.187816565747175446e+01
2.467620989553582014e-02 8.180528817059693836e+01
2.472171615517714666e-02 8.173208380280102858e+01
2.476730633449961486e-02 8.165855262067825038e+01
2.481298058826246142e-02 8.158469266760518224e+01
2.485873907151028503e-02 8.151050214458143728e+01
2.490458193957361538e-02 8.143598265071541675e+01
2.495050934806943704e-02 8.136113853652963712e+01
2.499652145290169949e-02 8.128597383723170822e+01
2.504261841026189303e-02 8.121048703787202783e+01
2.508880037662951368e-02 8.113467249136704140e+01
2.513506750877264259e-02 8.105852526591316121e+01
2.518141996374843872e-02 8.098204997759981438e+01
2.522785789890374247e-02 8.090525755881196801e+01
2.527438147187552678e-02 8.082815769587877242e+01
2.532099084059147298e-02 8.075074696780589534e+01
2.536768616327050516e-02 8.067301453166332692e+01
2.541446759842331399e-02 8.059495130827100695e+01
2.546133530485294311e-02 8.051656228990034947e+01
2.550828944165525400e-02 8.043785903740418064e+01
2.555533016821950887e-02 8.035885140854260555e+01
2.560245764422890841e-02 8.027953902265387853e+01
2.564967202966111914e-02 8.019991772400760510e+01
2.569697348478887020e-02 8.011998407029047087e+01
2.574436217018040776e-02 8.003973775815110514e+01
2.579183824670010228e-02 7.995917936646617363e+01
2.583940187550898965e-02 7.987830999589751002e+01
2.588705321806528126e-02 7.979713242713886245e+01
2.593479243612498847e-02 7.971564977559202703e+01
2.598261969174238059e-02 7.963386473364222695e+01
2.603053514727058509e-02 7.955177902932294387e+01
2.607853896536214272e-02 7.946939423533621039e+01
2.612663130896951749e-02 7.938671051396214295e+01
2.617481234134573856e-02 7.930372577269102408e+01
2.622308222604483388e-02 7.922043783968490516e+01
2.627144112692248248e-02 7.913684751032276665e+01
2.631988920813651753e-02 7.905295882440489663e+01
2.636842663414750224e-02 7.896877572573117732e+01
2.641705356971931623e-02 7.888429863250742358e+01
2.646577017991964820e-02 7.879952539256554189e+01
2.651457663012061691e-02 7.871445481418551537e+01
2.656347308599928125e-02 7.862909350342451376e+01
2.661245971353828552e-02 7.854345168693008361e+01
2.666153667902631391e-02 7.845753625161800926e+01
2.671070414905873588e-02 7.837133915110337057e+01
2.675996229053813694e-02 7.828484821682630468e+01
2.680931127067488415e-02 7.819805778002474028e+01
2.685875125698773680e-02 7.811097876216359737e+01
2.690828241730435638e-02 7.802362452548544525e+01
2.695790491976189293e-02 7.793600061471771312e+01
2.700761893280758524e-02 7.784810100566798496e+01
2.705742462519928129e-02 7.775991916026204365e+01
2.710732216600609049e-02 7.767145551718643048e+01
2.715731172460886939e-02 7.758271648150689259e+01
2.720739347070084274e-02 7.749370804401293356e+01
2.725756757428817595e-02 7.740443151749818185e+01
2.730783420569053710e-02 7.731488599712734811e+01
2.735819353554172495e-02 7.722507069058850959e+01
2.740864573479016852e-02 7.713498526249159681e+01
2.745919097469956549e-02 7.704462950931311127e+01
2.750982942684944421e-02 7.695400491734409343e+01
2.756056126313573273e-02 7.686311625152026750e+01
2.761138665577140758e-02 7.677196852583132625e+01
2.766230577728697945e-02 7.668056407418633569e+01
2.771331880053114899e-02 7.658890255410398140e+01
2.776442589867136879e-02 7.649698383843616512e+01
2.781562724519442281e-02 7.640481053979601711e+01
2.786692301390706825e-02 7.631238663945104861e+01
2.791831337893654896e-02 7.621971455067608758e+01
2.796979851473123391e-02 7.612679092067010345e+01
2.802137859606118261e-02 7.603361115773653012e+01
2.807305379801879400e-02 7.594017517032882836e+01
2.812482429601932676e-02 7.584649030948611426e+01
2.817669026580153432e-02 7.575256424728407012e+01
2.822865188342826501e-02 7.565839922911020210e+01
2.828070932528703105e-02 7.556399328983673058e+01
2.833286276809066778e-02 7.546934522494869668e+01
2.838511238887785407e-02 7.537445857490682499e+01
2.843745836501376800e-02 7.527933848974758746e+01
2.848990087419066633e-02 7.518398821702119506e+01
2.854244009442848465e-02 7.508840677021460408e+01
2.859507620407549314e-02 7.499259267262210926e+01
2.864780938180882044e-02 7.489654601297949910e+01
2.870063980663510594e-02 7.480026838439117398e+01
2.875356765789111382e-02 7.470376170281487305e+01
2.880659311524430208e-02 7.460702960552151808e+01
2.885971635869350946e-02 7.451007641082050270e+01
2.891293756856947589e-02 7.441290503198922579e+01
2.896625692553550860e-02 7.431551497989173072e+01
2.901967461058807540e-02 7.421790543865392920e+01
2.907319080505741879e-02 7.412007938136987661e+01
2.912680569060822205e-02 7.402204346635808463e+01
2.918051944924013666e-02 7.392380293477145869e+01
2.923433226328845877e-02 7.382535346305125756e+01
2.928824431542474335e-02 7.372668714748517971e+01
2.934225578865739051e-02 7.362780196971138480e+01
2.939636686633234630e-02 7.352870851488519577e+01
2.945057773213361971e-02 7.342941852208039677e+01
2.950488857008397997e-02 7.332993655038170289e+01
2.955929956454553947e-02 7.323026130494959318e+01
2.961381090022044069e-02 7.313039121746197679e+01
2.966842276215140781e-02 7.303032419428353705e+01
2.972313533572241290e-02 7.293005807281882369e+01
2.977794880665930732e-02 7.282959517743859124e+01
2.983286336103042891e-02 7.272894488779867572e+01
2.988787918524729234e-02 7.262811612995891153e+01
2.994299646606514084e-02 7.252710754917200120e+01
2.999821539058363309e-02 7.242591195839480633e+01
3.005353614624746081e-02 7.232452565891136942e+01
3.010895892084698364e-02 7.222295526924389719e+01
3.016448390251890224e-02 7.212120900054787853e+01
3.022011127974683423e-02 7.201928930398005946e+01
3.027584124136199761e-02 7.191719296714485665e+01
3.033167397654383882e-02 7.181491887850275191e+01
3.038760967482066061e-02 7.171247807302592037e+01
3.044364852607033683e-02 7.160988531474291108e+01
3.049979072052083975e-02 7.150714408034338021e+01
3.055603644875097558e-02 7.140423999118864629e+01
3.061238590169100202e-02 7.130115911373736992e+01
3.066883927062325627e-02 7.119790497303712584e+01
3.072539674718287664e-02 7.109449019806784520e+01
3.078205852335835768e-02 7.099092430461534775e+01
3.083882479149225794e-02 7.088720911922058576e+01
3.089569574428184875e-02 7.078334549296361899e+01
3.095267157477973180e-02 7.067933688138795389e+01
3.100975247639458851e-02 7.057518873359269662e+01
3.106693864289171089e-02 7.047090409150175105e+01
3.112423026839374399e-02 7.036647725491158667e+01
3.118162754738129996e-02 7.026190095708085437e+01
3.123913067469368671e-02 7.015717689965717341e+01
3.129673984552948374e-02 7.005231619920516550e+01
3.135445525544724998e-02 6.994732828897328147e+01
3.141227710036618298e-02 6.984221221843610294e+01
3.147020557656676765e-02 6.973696394607014781e+01
3.152824088069149794e-02 6.963158417229188046e+01
3.158638320974546665e-02 6.952608004189765722e+01
3.164463276109707318e-02 6.942045834026157536e+01
3.170298973247870356e-02 6.931472067602906861e+01
3.176145432198736879e-02 6.920886660687912695e+01
3.182002672808543348e-02 6.910289695301217705e+01
3.187870714960122642e-02 6.899681465673067748e+01
3.193749578572974146e-02 6.889062260011250771e+01
3.199639283603332440e-02 6.878432160191380262e+01
3.205539850044232530e-02 6.867791149625824687e+01
3.211451297925582704e-02 6.857139382683638473e+01
3.217373647314226981e-02 6.846477351908215780e+01
3.223306918314013808e-02 6.835805563841191201e+01
3.229251131065868224e-02 6.825124296973731930e+01
3.235206305747855005e-02 6.814433702348918587e+01
3.241172462575254987e-02 6.803733895382796959e+01
3.247149621800625441e-02 6.793024915911459516e+01
3.253137803713870152e-02 6.782306833789716904e+01
3.259137028642314360e-02 6.771580152857589496e+01
3.265147316950765127e-02 6.760845639551131114e+01
3.271168689041591138e-02 6.750103758704860013e+01
3.277201165354780288e-02 6.739354249474618541e+01
3.283244766368016015e-02 6.728596793811199461e+01
3.289299512596745301e-02 6.717831624214674946e+01
3.295365424594251524e-02 6.707059326181241943e+01
3.301442522951716918e-02 6.696280380373883645e+01
3.307530828298298198e-02 6.685494997088339630e+01
3.313630361301195260e-02 6.674703323200286320e+01
3.319741142665718486e-02 6.663905247660751741e+01
3.325863193135368545e-02 6.653100492490966644e+01
3.331996533491892593e-02 6.642289199583355241e+01
3.338141184555364765e-02 6.631472558577075915e+01
3.344297167184255570e-02 6.620651816632144460e+01
3.350464502275497802e-02 6.609827090902277291e+01
3.356643210764567037e-02 6.598997771476925323e+01
3.362833313625540610e-02 6.588163565206387773e+01
3.369034831871178109e-02 6.577324967262647704e+01
3.375247786552987989e-02 6.566482549759126641e+01
3.381472198761300424e-02 6.555636472282841964e+01
3.387708089625342256e-02 6.544786639724496524e+01
3.393955480313302214e-02 6.533933175465973875e+01
3.400214392032405858e-02 6.523076710135104861e+01
3.406484846028989821e-02 6.512217911830489925e+01
3.412766863588567734e-02 6.501357140883865782e+01
3.419060466035914181e-02 6.490494577122272801e+01
3.425365674735122296e-02 6.479630313426889643e+01
3.431682511089687027e-02 6.468764263618854216e+01
3.438010996542570363e-02 6.457896317448195589e+01
3.444351152576285297e-02 6.447026346782335793e+01
3.450703000712955493e-02 6.436154218850801101e+01
3.457066562514395092e-02 6.425280353586386184e+01
3.463441859582182952e-02 6.414406247573271003e+01
3.469828913557730654e-02 6.403533339495746191e+01
3.476227746122366458e-02 6.392661619057184197e+01
3.482638378997394979e-02 6.381790368004266156e+01
3.489060833944180456e-02 6.370919286311522711e+01
3.495495132764218221e-02 6.360048821580384271e+01
3.501941297299205474e-02 6.349179433743132250e+01
3.508399349431125941e-02 6.338311120607440330e+01
3.514869311082309544e-02 6.327443679543782196e+01
3.521351204215516367e-02 6.316577294265811560e+01
3.527845050834008123e-02 6.305712772623103746e+01
3.534350872981623093e-02 6.294850899100275399e+01
3.540868692742855928e-02 6.283991953674703268e+01
3.547398532242922176e-02 6.273136013292957358e+01
3.553940413647842245e-02 6.262283264417733619e+01
3.560494359164512179e-02 6.251434055909877685e+01
3.567060391040779987e-02 6.240588695495354443e+01
3.573638531565527521e-02 6.229747176136752529e+01
3.580228803068732923e-02 6.218909376838512060e+01
3.586831227921557369e-02 6.208075260319911592e+01
3.593445828536416531e-02 6.197244902929441679e+01
3.600072627367056910e-02 6.186418584317814151e+01
3.606711646908637020e-02 6.175597658906507803e+01
3.613362909697794695e-02 6.164783798993592256e+01
3.620026438312729661e-02 6.153977103611813959e+01
3.626702255373277783e-02 6.143175671501106905e+01
3.633390383540992946e-02 6.132378003722299553e+01
3.640090845519217133e-02 6.121585299715659545e+01
3.646803664053159533e-02 6.110799586059507504e+01
3.653528861929976335e-02 6.100021814800275166e+01
3.660266461978843588e-02 6.089251629442413360e+01
3.667016487071043246e-02 6.078488633881773495e+01
3.673778960120028386e-02 6.067732623145070647e+01
3.680553904081512034e-02 6.056983477130835780e+01
3.687341341953538632e-02 6.046241898485610733e+01
3.694141296776561750e-02 6.035509580535462959e+01
3.700953791633532219e-02 6.024787786406051282e+01
3.707778849649961961e-02 6.014075365539112283e+01
3.714616493994011420e-02 6.003370465546143464e+01
3.721466747876566589e-02 5.992672808684093866e+01
3.728329634551315330e-02 5.981984056740589750e+01
3.735205177314834812e-02 5.971305727541660247e+01
3.742093399506658119e-02 5.960637987214155231e+01
3.748994324509360987e-02 5.949980563659214283e+01
3.755907975748639521e-02 5.939333409151385723e+01
3.762834376693389993e-02 5.928696772234413004e+01
3.769773550855792105e-02 5.918070982198745611e+01
3.776725521791380463e-02 5.907456732876063654e+01
3.783690313099131314e-02 5.896854832902051413e+01
3.790667948421539563e-02 5.886265276100787247e+01
3.797658451444699962e-02 5.875686840532654287e+01
3.804661845898391070e-02 5.865118527141556370e+01
3.811678155556148806e-02 5.854561572855820373e+01
3.818707404235350406e-02 5.844018157736562102e+01
3.825749615797296305e-02 5.833489412849480260e+01
3.832804814147293404e-02 5.822974579208634793e+01
3.839873023234730010e-02 5.812472756839127896e+01
3.846954267053159793e-02 5.801983541846231418e+01
3.854048569640385752e-02 5.791506801510233515e+01
3.861155955078536539e-02 5.781042938066490677e+01
3.868276447494158055e-02 5.770593614805713401e+01
3.875410071058283529e-02 5.760160540540212537e+01
3.882556849986520953e-02 5.749743641188052834e+01
3.889716808539137038e-02 5.739341539772199496e+01
3.896889971021134935e-02 5.728953365283939547e+01
3.904076361782345822e-02 5.718580076283120661e+01
3.911276005217497603e-02 5.708222982502718423e+01
3.918488925766309972e-02 5.697882420050142827e+01
3.925715147913570735e-02 5.687557681383166397e+01
3.932954696189220473e-02 5.677248240779593402e+01
3.940207595168440657e-02 5.666954878258707851e+01
3.947473869471727903e-02 5.656678819764752575e+01
3.954753543764984169e-02 5.646420546292011267e+01
3.962046642759598641e-02 5.636179238569587113e+01
3.969353191212528914e-02 5.625954079995115364e+01
3.976673213926394668e-02 5.615745698708315814e+01
3.984006735749548445e-02 5.605555618940679352e+01
3.991353781576169324e-02 5.595384904413926819e+01
3.998714376346342719e-02 5.585233054947008924e+01
4.006088545046147809e-02 5.575099270429011256e+01
4.013476312707744270e-02 5.564983526191306140e+01
4.020877704409450693e-02 5.554886729361198405e+01
4.028292745275834780e-02 5.544809705896721397e+01
4.035721460477795924e-02 5.534752256225205258e+01
4.043163875232656107e-02 5.524713702849032160e+01
4.050620014804238306e-02 5.514693759464442735e+01
4.058089904502954620e-02 5.504693218223856377e+01
4.065573569685895089e-02 5.494713035012943436e+01
4.073071035756908875e-02 5.484753724762846616e+01
4.080582328166698636e-02 5.474815307450845125e+01
4.088107472412896154e-02 5.464897769558049845e+01
4.095646494040156710e-02 5.455001042185508453e+01
4.103199418640243040e-02 5.445125029455662968e+01
4.110766271852109299e-02 5.435269788744458452e+01
4.118347079361999591e-02 5.425435885354973209e+01
4.125941866903519439e-02 5.415623980404082261e+01
4.133550660257732934e-02 5.405834422936859340e+01
4.141173485253247383e-02 5.396067093944038362e+01
4.148810367766301438e-02 5.386321852301108493e+01
4.156461333720855994e-02 5.376598795286066945e+01
4.164126409088676067e-02 5.366898200325828583e+01
4.171805619889423083e-02 5.357220363585755507e+01
4.179498992190740919e-02 5.347565683496768685e+01
4.187206552108346108e-02 5.337934596367702511e+01
4.194928325806120128e-02 5.328327310741400424e+01
4.202664339496189200e-02 5.318743305295143387e+01
4.210414619439020040e-02 5.309181921138664251e+01
4.218179191943507295e-02 5.299643125553726009e+01
4.225958083367059581e-02 5.290128021063647878e+01
4.233751320115700101e-02 5.280637799216406592e+01
4.241558928644141580e-02 5.271172951421400654e+01
4.249380935455883412e-02 5.261733183075585174e+01
4.257217367103301869e-02 5.252318180083778287e+01
4.265068250187741689e-02 5.242927930479522303e+01
4.272933611359602118e-02 5.233562647527573120e+01
4.280813477318427818e-02 5.224222525708604081e+01
4.288707874813003917e-02 5.214907556353968943e+01
4.296616830641438595e-02 5.205617624345664751e+01
4.304540371651269237e-02 5.196352680593824402e+01
4.312478524739534608e-02 5.187113099103098790e+01
4.320431316852878234e-02 5.177899416819621337e+01
4.328398774987637920e-02 5.168712095473351553e+01
4.336380926189932483e-02 5.159551235199054986e+01
4.344377797555765836e-02 5.150416823334638394e+01
4.352389416231101232e-02 5.141308847124974335e+01
4.360415809411968130e-02 5.132227294224845338e+01
4.368457004344547534e-02 5.123172152256982059e+01
4.376513028325263593e-02 5.114143483405426593e+01
4.384583908700885602e-02 5.105141654642790172e+01
4.392669672868607794e-02 5.096167108115593436e+01
4.400770348276150656e-02 5.087220194433594145e+01
4.408885962421852517e-02 5.078300885358266470e+01
4.417016542854757671e-02 5.069409052279365824e+01
4.425162117174723936e-02 5.060544638949897234e+01
4.433322713032499668e-02 5.051707943895420527e+01
4.441498358129826463e-02 5.042899372674153113e+01
4.449689080219532133e-02 5.034119232711992709e+01
4.457894907105621612e-02 5.025367218123198398e+01
4.466115866643382420e-02 5.016642783268365946e+01
4.474351986739463077e-02 5.007945464996225127e+01
4.482603295351977185e-02 4.999275569890678383e+01
4.490869820490596409e-02 4.990633830624432221e+01
4.499151590216651786e-02 4.982020958287945689e+01
4.507448632643216990e-02 4.973437280967780794e+01
4.515760975935211030e-02 4.964882796753334304e+01
4.524088648309494698e-02 4.956357491173422858e+01
4.532431678034960776e-02 4.947861269694601560e+01
4.540790093432640201e-02 4.939393918402496553e+01
4.549163922875787414e-02 4.930955214819002208e+01
4.557553194789979584e-02 4.922545073824386463e+01
4.565957937653217918e-02 4.914163826285087566e+01
4.574378179996015786e-02 4.905811879650427443e+01
4.582813950401509046e-02 4.897489596661253586e+01
4.591265277505538617e-02 4.889197015084065612e+01
4.599732189996754567e-02 4.880934022068448996e+01
4.608214716616712558e-02 4.872700505012935679e+01
4.616712886159970303e-02 4.864496370592873831e+01
4.625226727474193028e-02 4.856321548429900758e+01
4.633756269460238830e-02 4.848175969725896550e+01
4.642301541072262755e-02 4.840059650686737314e+01
4.650862571317818800e-02 4.831972929737827371e+01
4.659439389257948733e-02 4.823916219527855276e+01
4.668032024007297276e-02 4.815889909095341181e+01
4.676640504734190518e-02 4.807893995809668297e+01
4.685264860660749708e-02 4.799928130679972327e+01
4.693905121062983549e-02 4.791991954706622892e+01
4.702561315270888109e-02 4.784085242162647233e+01
4.711233472668555772e-02 4.776208279483513763e+01
4.719921622694259189e-02 4.768361475435591501e+01
4.728625794840561614e-02 4.760545225805053349e+01
4.737346018654411961e-02 4.752759541781507124e+01
4.746082323737255831e-02 4.745003944904527060e+01
4.754834739745119471e-02 4.737277927565059343e+01
4.763603296388722180e-02 4.729581067961336771e+01
4.772388023433573462e-02 4.721913720741493847e+01
4.781188950700071549e-02 4.714276660595112389e+01
4.790006108063616513e-02 4.706670661323805405e+01
4.798839525454692834e-02 4.699096193739802629e+01
4.807689232858985279e-02 4.691552437410869203e+01
4.816555260317475357e-02 4.684038228880417165e+01
4.825437637926541928e-02 4.676552412970869455e+01
4.834336395838073619e-02 4.669094434560235385e+01
4.843251564259554859e-02 4.661665330153074649e+01
4.852183173454178988e-02 4.654266392712491296e+01
4.861131253740950953e-02 4.646898903357631383e+01
4.870095835494782366e-02 4.639563453392826631e+01
4.879076949146610165e-02 4.632259139511949542e+01
4.888074625183481264e-02 4.624984866762502378e+01
4.897088894148668436e-02 4.617739548698998675e+01
4.906119786641769537e-02 4.610522592220002736e+01
4.915167333318810200e-02 4.603334552364183452e+01
4.924231564892356250e-02 4.596176145005775027e+01
4.933312512131605293e-02 4.589048081412963143e+01
4.942410205862500516e-02 4.581950788919795059e+01
4.951524676967829913e-02 4.574883730949600391e+01
4.960655956387334531e-02 4.567846167599250151e+01
4.969804075117816022e-02 4.560837363398768929e+01
4.978969064213233792e-02 4.553856694081181899e+01
4.988150954784816710e-02 4.546904313906386363e+01
4.997349778001163034e-02 4.539980717670236743e+01
5.006565565088360453e-02 4.533086398550055662e+01
5.015798347330071433e-02 4.526221832613811102e+01
5.025048156067653260e-02 4.519387052302021601e+01
5.034315022700261433e-02 4.512581571644941647e+01
5.043598978684953049e-02 4.505804877820633436e+01
5.052900055536802687e-02 4.499056460992663631e+01
5.062218284828997467e-02 4.492335903447792589e+01
5.071553698192950849e-02 4.485643222520667450e+01
5.080906327318408106e-02 4.478978566387139892e+01
5.090276203953554568e-02 4.472342082284919229e+01
5.099663359905128729e-02 4.465733914932796722e+01
5.109067827038518694e-02 4.459154073304223687e+01
5.118489637277878757e-02 4.452602329778407153e+01
5.127928822606235559e-02 4.446078434052812156e+01
5.137385415065594957e-02 4.439582137217137614e+01
5.146859446757059281e-02 4.433113193858397949e+01
5.156350949840922404e-02 4.426671413879032002e+01
5.165859956536789088e-02 4.420256665234156657e+01
5.175386499123680456e-02 4.413868819308581948e+01
5.184930609940142238e-02 4.407507748161004457e+01
5.194492321384365507e-02 4.401173324451985280e+01
5.204071665914278277e-02 4.394865419911542403e+01
5.213668676047670397e-02 4.388583905322008860e+01
5.223283384362296944e-02 4.382328652068650143e+01
5.232915823495988550e-02 4.376099532207760490e+01
5.242566026146772834e-02 4.369896417622533136e+01
5.252234025072968771e-02 4.363719124094530599e+01
5.261919853093308813e-02 4.357567376595993380e+01
5.271623543087045061e-02 4.351440893228683393e+01
5.281345127994070687e-02 4.345339393619352109e+01
5.291084640815017781e-02 4.339262598906481117e+01
5.300842114611377387e-02 4.333210258339596521e+01
5.310617582505611223e-02 4.327182255111868869e+01
5.320411077681259232e-02 4.321178514227605660e+01
5.330222633383067260e-02 4.315198961062737482e+01
5.340052282917077953e-02 4.309243521350084194e+01
5.349900059650758433e-02 4.303312119869242736e+01
5.359765997013110628e-02 4.297404580445716960e+01
5.369650128494780211e-02 4.291520556201260206e+01
5.379552487648183584e-02 4.285659685486506021e+01
5.389473108087603631e-02 4.279821608571180747e+01
5.399412023489313928e-02 4.274005967627136471e+01
5.409369267591693231e-02 4.268212409378592298e+01
5.419344874195335116e-02 4.262440679981057912e+01
5.429338877163174953e-02 4.256690650151094246e+01
5.439351310420586366e-02 4.250962199142660580e+01
5.449382207955509594e-02 4.245255206801164150e+01
5.459431603818563905e-02 4.239569553559463344e+01
5.469499532123157232e-02 4.233905119923237237e+01
5.479586027045618701e-02 4.228261708585551304e+01
5.489691122825291619e-02 4.222638961276673797e+01
5.499814853764667388e-02 4.217036501531245563e+01
5.509957254229493756e-02 4.211453954821733703e+01
5.520118358648891388e-02 4.205890948542339913e+01
5.530298201515480155e-02 4.200347111993322358e+01
5.540496817385482525e-02 4.194822084429645770e+01
5.550714240878849154e-02 4.189315585834793154e+01
5.560950506679370603e-02 4.183827382220550106e+01
5.571205649534809179e-02 4.178357241267949007e+01
5.581479704256998159e-02 4.172904931808059814e+01
5.591772705721970160e-02 4.167470223813461416e+01
5.602084688870075102e-02 4.162052888389852967e+01
5.612415688706094002e-02 4.156652686328774138e+01
5.622765740299370124e-02 4.151269303499383057e+01
5.633134878783910976e-02 4.145902396272812496e+01
5.643523139358519458e-02 4.140551622637849505e+01
5.653930557286907660e-02 4.135216642281508115e+01
5.664357167897818290e-02 4.129897116577041061e+01
5.674803006585152354e-02 4.124592708572181721e+01
5.685268108808073234e-02 4.119303082281705741e+01
5.695752510091139920e-02 4.114027889533996074e+01
5.706256246024421497e-02 4.108766771143653074e+01
5.716779352263618580e-02 4.103519369220305890e+01
5.727321864530193762e-02 4.098285327633898589e+01
5.737883818611477088e-02 4.093064292003720084e+01
5.748465250360796502e-02 4.087855909687744571e+01
5.759066195697599977e-02 4.082659829772278215e+01
5.769686690607571389e-02 4.077475704028790915e+01
5.780326771142766523e-02 4.072303194188408071e+01
5.790986473421717851e-02 4.067141967817867965e+01
5.801665833629567753e-02 4.061991694138807674e+01
5.812364888018185793e-02 4.056852043986334877e+01
5.823083672906302632e-02 4.051722689800774901e+01
5.833822224679619667e-02 4.046603305619643720e+01
5.844580579790938091e-02 4.041493567069924353e+01
5.855358774760285184e-02 4.036393149880785813e+01
5.866156846175032274e-02 4.031301684960644849e+01
5.876974830690031432e-02 4.026218750528589396e+01
5.887812765027723022e-02 4.021143923763631278e+01
5.898670685978271017e-02 4.016076783928378546e+01
5.909548630399685809e-02 4.011016912360962294e+01
5.920446635217945647e-02 4.005963892467479326e+01
5.931364737427134021e-02 4.000917309714763803e+01
5.942302974089547218e-02 3.995876751623689671e+01
5.953261382335833796e-02 3.990841807904575944e+01
5.964239999365115313e-02 3.985812073527227994e+01
5.975238862445110544e-02 3.980787148674718168e+01
5.986258008912273554e-02 3.975766635665478788e+01
5.997297476171903341e-02 3.970750138810978314e+01
6.008357301698283304e-02 3.965737264411492191e+01
6.019437523034801979e-02 3.960727620752331291e+01
6.030538177794082799e-02 3.955720818100435565e+01
6.041659303658118707e-02 3.950716468701359219e+01
6.052800938378385259e-02 3.945714186776632459e+01
6.063963119775980792e-02 3.940713582377757263e+01
6.075145885741748547e-02 3.935714230044358430e+01
6.086349274236407120e-02 3.930715692352515589e+01
6.097573323290686464e-02 3.925717534114871654e+01
6.108818071005443773e-02 3.920719322406345242e+01
6.120083555551799476e-02 3.915720626563846452e+01
6.131369815171266308e-02 3.910721018186524844e+01
6.142676888175887390e-02 3.905720071136421012e+01
6.154004812948348641e-02 3.900717361539646788e+01
6.165353627942123799e-02 3.895712467787991073e+01
6.176723371681597935e-02 3.890704970412322439e+01
6.188114082762198598e-02 3.885694447508875271e+01
6.199525799850537366e-02 3.880680473529395869e+01
6.210958561684522955e-02 3.875662624877246998e+01
6.222412407073504848e-02 3.870640480294123620e+01
6.233887374898402362e-02 3.865613620864485256e+01
6.245383504111833711e-02 3.860581630020445942e+01
6.256900833738260337e-02 3.855544093547098328e+01
6.268439402874098620e-02 3.850500599588333728e+01
6.279999250687871848e-02 3.845450738653018163e+01
6.291580416420330946e-02 3.840394103621674304e+01
6.303182939384589789e-02 3.835330289752865696e+01
6.314806858966270919e-02 3.830258884099429650e+01
6.326452214623620729e-02 3.825179438802575760e+01
6.338119045887655179e-02 3.820091500427329834e+01
6.349807392362288860e-02 3.814994618250253211e+01
6.361517293724468225e-02 3.809888344269983662e+01
6.373248789724321461e-02 3.804772233218352540e+01
6.385001920185268132e-02 3.799645842572027021e+01
6.396776725004175990e-02 3.794508732564582232e+01
6.408573244151481718e-02 3.789360466199190114e+01
6.420391517671333870e-02 3.784200609261704784e+01
6.432231585681737196e-02 3.779028730334270136e+01
6.444093488374666445e-02 3.773844400809436195e+01
6.455977266016224569e-02 3.768647194894775510e+01
6.467882958946762073e-02 3.763436689509217814e+01
6.479810607581036608e-02 3.758212464338402015e+01
6.491760252408321219e-02 3.752974101938913520e+01
6.503731933992565328e-02 3.747721187756512506e+01
6.515725692972521021e-02 3.742453310142998646e+01
6.527741570061880438e-02 3.737170060373505009e+01
6.539779606049427041e-02 3.731871032664229659e+01
6.551839841799154962e-02 3.726555824190572963e+01
6.563922318250420274e-02 3.721224035105710470e+01
6.576027076418076989e-02 3.715875268559554456e+01
6.588154157392611676e-02 3.710509130718128290e+01
6.600303602340298892e-02 3.705125230783328760e+01
6.612475452503317752e-02 3.699723181012225837e+01
6.624669749199908753e-02 3.694302595170844938e+01
6.636886533824505607e-02 3.688863085315356471e+01
6.649125847847880966e-02 3.683404265736403715e+01
6.661387732817287965e-02 3.677925753908628081e+01
6.673672230356594848e-02 3.672427170513009997e+01
6.685979382166429286e-02 3.666908139459624749e+01
6.698309230024324101e-02 3.661368287910674724e+01
6.710661815784847717e-02 3.655807246303945135e+01
6.723037181379766525e-02 3.650224648376511283e+01
6.735435368818167012e-02 3.644620131188819556e+01
6.747856420186605642e-02 3.638993335149070418e+01
6.760300377649251791e-02 3.633343904037888450e+01
6.772767283448032083e-02 3.627671485033329191e+01
6.785257179902780267e-02 3.621975728736100564e+01
6.797770109411362116e-02 3.616256289286135228e+01
6.810306114449837800e-02 3.610512830951820717e+01
6.822865237572592334e-02 3.604745032517393355e+01
6.835447521412499339e-02 3.598952577223264626e+01
6.848053008681041776e-02 3.593135151740285949e+01
6.860681742168471542e-02 3.587292446195192497e+01
6.873333764743952412e-02 3.581424154196314902e+01
6.886009119355700203e-02 3.575529972859392558e+01
6.898707849031145145e-02 3.569609602833627804e+01
6.911429996877052617e-02 3.563662748327909213e+01
6.924175606079689682e-02 3.557689117137126544e+01
6.936944719904961087e-02 3.551688420668732959e+01
6.949737381698559147e-02 3.545660373969381851e+01
6.962553634886121945e-02 3.539604695751691565e+01
6.975393522973355465e-02 3.533521108421221157e+01
6.988257089546205669e-02 3.527409338103442593e+01
7.001144378270993118e-02 3.521269114790906940e+01
7.014055432894562847e-02 3.515100185360309126e+01
7.026990297244443961e-02 3.508902325103208852e+01
7.039949015228980089e-02 3.502675315607355344e+01
7.052931630837491750e-02 3.496418942024459398e+01
7.065938188140422072e-02 3.490132993094248803e+01
7.078968731289479732e-02 3.483817261168546509e+01
7.092023304517808269e-02 3.477471542235313251e+01
7.105101952140112365e-02 3.471095635942680957e+01
7.118204718552821608e-02 3.464689345622966954e+01
7.131331648234237597e-02 3.458252478316648393e+01
7.144482785744685205e-02 3.451784844796293328e+01
7.157658175726673566e-02 3.445286259590457689e+01
7.170857862905027913e-02 3.438756541007497702e+01
7.184081892087054722e-02 3.432195511159344647e+01
7.197330308162690204e-02 3.425602995985187249e+01
7.210603156104662681e-02 3.418978825275072353e+01
7.223900480968624416e-02 3.412322832693423891e+01
7.237222327893322316e-02 3.405634871193708335e+01
7.250568742100745034e-02 3.398914859103299335e+01
7.263939768896271465e-02 3.392162733477313452e+01
7.277335453668840048e-02 3.385378434595499897e+01
7.290755841891084776e-02 3.378561905976322777e+01
7.304200979119497561e-02 3.371713094390877075e+01
7.317670910994585054e-02 3.364831949876584360e+01
7.331165683241017139e-02 3.357918425750706604e+01
7.344685341667796241e-02 3.350972478623599926e+01
7.358229932168391940e-02 3.343994068411832643e+01
7.371799500720910281e-02 3.336983158351009848e+01
7.385394093388250591e-02 3.329939715008416812e+01
7.399013756318251200e-02 3.322863708295440688e+01
7.412658535743867072e-02 3.315755111479692374e+01
7.426328477983297482e-02 3.308613901196970630e+01
7.440023629440167818e-02 3.301440057462944111e+01
7.453744036603673906e-02 3.294233563684571209e+01
7.467489746048742993e-02 3.286994406671287550e+01
7.481260804436203060e-02 3.279722583083535881e+01
7.495057258512918819e-02 3.272418164134894880e+01
7.508879155111965187e-02 3.265081268002260373e+01
7.522726541152788271e-02 3.257712015870637146e+01
7.536599463641352470e-02 3.250310531257883895e+01
7.550497969670318110e-02 3.242876940012125431e+01
7.564422106419183001e-02 3.235411370309005008e+01
7.578371921154450352e-02 3.227913952648657414e+01
7.592347461229786987e-02 3.220384819852471026e+01
7.606348774086199582e-02 3.212824107059556411e+01
7.620375907252166514e-02 3.205231951723082062e+01
7.634428908343823816e-02 3.197608493606264091e+01
7.648507825065113674e-02 3.189953874778170473e+01
7.662612705207950958e-02 3.182268239609276606e+01
7.676743596652395307e-02 3.174551734766776789e+01
7.690900547366788520e-02 3.166804509209646668e+01
7.705083605407943292e-02 3.159026714183466211e+01
7.719292818921288934e-02 3.151218503215019595e+01
7.733528236141042067e-02 3.143380032106610145e+01
7.747789905390380094e-02 3.135511463787995368e+01
7.762077875081581368e-02 3.127613049026373204e+01
7.776392193716208379e-02 3.119685113083144756e+01
7.790732909885268731e-02 3.111727984156284421e+01
7.805100072269371969e-02 3.103741990975390053e+01
7.819493729638912760e-02 3.095727462779374051e+01
7.833913930854215224e-02 3.087684729294210229e+01
7.848360724865710569e-02 3.079614120710654390e+01
7.862834160714103626e-02 3.071515967662016067e+01
7.877334287530531054e-02 3.063390601201968622e+01
7.891861154536745915e-02 3.055238352782330935e+01
7.906414811045260616e-02 3.047059554230974854e+01
7.920995306459531482e-02 3.038854537729640271e+01
7.935602690274121129e-02 3.030623635791905457e+01
7.950237012074863607e-02 3.022367181241114409e+01
7.964898321539044812e-02 3.014085507188362811e+01
7.979586668435555141e-02 3.005778947010534452e+01
7.994302102625064355e-02 2.997447834328377780e+01
8.009044674060192270e-02 2.989092502984598809e+01
8.023814432785687789e-02 2.980713287022039282e+01
8.038611428938578773e-02 2.972310551723445826e+01
8.053435712748353847e-02 2.963884804020961639e+01
8.068287334537134481e-02 2.955436589474819087e+01
8.083166344719835972e-02 2.946966451313036117e+01
8.098072793804360348e-02 2.938474930391119599e+01
8.113006732391739306e-02 2.929962565155830845e+01
8.127968211176325730e-02 2.921429891609534124e+01
8.142957280945956056e-02 2.912877443275291967e+01
8.157973992582125133e-02 2.904305751162605631e+01
8.173018397060172191e-02 2.895715343733867542e+01
8.188090545449427937e-02 2.887106746871463869e+01
8.203190488913408851e-02 2.878480483845552129e+01
8.218318278709980940e-02 2.869837075282530847e+01
8.233473966191533211e-02 2.861177039134183175e+01
8.248657602805167799e-02 2.852500890647453247e+01
8.263869240092851232e-02 2.843809142334952256e+01
8.279108929691604557e-02 2.835102303946051094e+01
8.294376723333671264e-02 2.826380882438712661e+01
8.309672672846694919e-02 2.817645381951937722e+01
8.324996830153907901e-02 2.808896304011853218e+01
8.340349247274282674e-02 2.800134207268283504e+01
8.355729976322727459e-02 2.791359785861098786e+01
8.371139069510256936e-02 2.782573748178749184e+01
8.386576579144165711e-02 2.773776796896559560e+01
8.402042557628221220e-02 2.764969628945260283e+01
8.417537057462819161e-02 2.756152935481112465e+01
8.433060131245179170e-02 2.747327401857524976e+01
8.448611831669508576e-02 2.738493707598220794e+01
8.464192211527206411e-02 2.729652526371901189e+01
8.479801323707010507e-02 2.720804525968411269e+01
8.495439221195201507e-02 2.711950368276372458e+01
8.511105957075769390e-02 2.703090709262276548e+01
8.526801584530595279e-02 2.694226198951027484e+01
8.542526156839648499e-02 2.685357481407891811e+01
8.558279727381139235e-02 2.676485194721884397e+01
8.574062349631721147e-02 2.667609970990522328e+01
8.589874077166662070e-02 2.658732436305981395e+01
8.605714963660031358e-02 2.649853210742565679e+01
8.621585062884888628e-02 2.640972908345572989e+01
8.637484428713447515e-02 2.632092142161428328e+01
8.653413115117271348e-02 2.623211625549638271e+01
8.669371176167457727e-02 2.614332165567741839e+01
8.685358666034813380e-02 2.605454564359082070e+01
8.701375638990052619e-02 2.596579615065036606e+01
8.717422149403963871e-02 2.587708101824828688e+01
8.733498251747606744e-02 2.578840799777684012e+01
8.749604000592488273e-02 2.569978475067232893e+01
8.765739450610753047e-02 2.561121884848175156e+01
8.781904656575380275e-02 2.552271777295124622e+01
8.798099673360343376e-02 2.543428891613649512e+01
8.814324555940818151e-02 2.534593958053389784e+01
8.830579359393353478e-02 2.525767697923297206e+01
8.846864138896083640e-02 2.516950823608874188e+01
8.863178949728883760e-02 2.508144038591460401e+01
8.879523847273576576e-02 2.499348037469448158e+01
8.895898887014119794e-02 2.490563505981447534e+01
8.912304124536782335e-02 2.481791121031309189e+01
8.928739615530356666e-02 2.473031550715016991e+01
8.945205415786319780e-02 2.464285454444090107e+01
8.961701581199039979e-02 2.455553527230199862e+01
8.978228167765962831e-02 2.446836569286185892e+01
8.994785231587794361e-02 2.438135388136040405e+01
9.011372828868713381e-02 2.429450780149591793e+01
9.027991015916533857e-02 2.420783530592564858e+01
9.044639849142911692e-02 2.412134413679187972e+01
9.061319385063532073e-02 2.403504192627321245e+01
9.078029680298303761e-02 2.394893619716026478e+01
9.094770791571556157e-02 2.386303436345518847e+01
9.111542775712219711e-02 2.377734373099457699e+01
9.128345689654024375e-02 2.369187149809470583e+01
9.145179590435696670e-02 2.360662475621919754e+01
9.162044535201144257e-02 2.352161049066787157e+01
9.178940581199669657e-02 2.343683558128660138e+01
9.195867785786138171e-02 2.335230680319756402e+01
9.212826206421188824e-02 2.326803082754893381e+01
9.229815900671425877e-02 2.318401422228412301e+01
9.246836926209607566e-02 2.310026345292946814e+01
9.263889340814868145e-02 2.301678488457520189e+01
9.280973202372873321e-02 2.293358504267111542e+01
9.298088568876049231e-02 2.285067093593857024e+01
9.315235498423755922e-02 2.276804954189926988e+01
9.332414049222517716e-02 2.268572772655848624e+01
9.349624279586181419e-02 2.260371224542026170e+01
9.366866247936136980e-02 2.252200974452206594e+01
9.384140012801513164e-02 2.244062676148899271e+01
9.401445632819367682e-02 2.235956972660660114e+01
9.418783166734909229e-02 2.227884496391157754e+01
9.436152673401666802e-02 2.219845869230006485e+01
9.453554211781703409e-02 2.211841702665244469e+01
9.470987840945820080e-02 2.203872597897472119e+01
9.488453620073747374e-02 2.195939145955511052e+01
9.505951608454364654e-02 2.188041927813608112e+01
9.523481865485872166e-02 2.180181514510054797e+01
9.541044450676018640e-02 2.172358467267227411e+01
9.558639423642285859e-02 2.164573337612955228e+01
9.576266844112098220e-02 2.156826667503178285e+01
9.593926771923039221e-02 2.149118989878187236e+01
9.611619267023024937e-02 2.141450832339501176e+01
9.629344389470530230e-02 2.133822715382628488e+01
9.647102199434784420e-02 2.126235150362114013e+01
9.664892757195973905e-02 2.118688639599700352e+01
9.682716123145462817e-02 2.111183676514993124e+01
9.700572357785970656e-02 2.103720745757099664e+01
9.718461521731797115e-02 2.096300323337194627e+01
9.736383675709024688e-02 2.088922876761992597e+01
9.754338880555714353e-02 2.081588865168072644e+01
9.772327197222138717e-02 2.074298739456976293e+01
9.790348686770954101e-02 2.067052942431147144e+01
9.808403410377430909e-02 2.059851908930530939e+01
9.826491429329649308e-02 2.052696065969919914e+01
9.844612805028728209e-02 2.045585832876912491e+01
9.862767598989002904e-02 2.038521621430543718e+01
9.880955872838256826e-02 2.031503836000475971e+01
9.899177688317918611e-02 2.024532873686747081e+01
9.917433107283274429e-02 2.017609114596544373e+01
9.935722191703696970e-02 2.010732854926652280e+01
9.954045003662820301e-02 2.003904348988669426e+01
9.972401605358774401e-02 1.997123845824350852e+01
9.990792059104393330e-02 1.990391589533060568e+01
1.000921642732741645e-01 1.983707819383981530e+01
1.002767477257073131e-01 1.977072769928332718e+01
1.004616715749252626e-01 1.970486671111603982e+01
1.006469364486656942e-01 1.963949748385742566e+01
1.008325429758239467e-01 1.957462222821342834e+01
1.010184917864547782e-01 1.951024311219820362e+01
1.012047835117752953e-01 1.944636226225478737e+01
1.013914187841662568e-01 1.938298176437615084e+01
1.015783982371748911e-01 1.932010366522490585e+01
1.017657225055167702e-01 1.925772997325278624e+01
1.019533922250777103e-01 1.919586265981938666e+01
1.021414080329165336e-01 1.913450366030979310e+01
1.023297705672665120e-01 1.907365486120344400e+01
1.025184804675382116e-01 1.901331737364531449e+01
1.027075383743213388e-01 1.895349119267998006e+01
1.028969449293866550e-01 1.889417621703083938e+01
1.030867007756888082e-01 1.883537233860153037e+01
1.032768065573677757e-01 1.877707944306143872e+01
1.034672629197516680e-01 1.871929741042891848e+01
1.036580705093587129e-01 1.866202611565147151e+01
1.038492299738990876e-01 1.860526542918414705e+01
1.040407419622778329e-01 1.854901521756478644e+01
1.042326071245962410e-01 1.849327534398761230e+01
1.044248261121548255e-01 1.843804566887395779e+01
1.046173995774551391e-01 1.838332605044109513e+01
1.048103281742017584e-01 1.832911634526887568e+01
1.050036125573051704e-01 1.827541640886401453e+01
1.051972533828832157e-01 1.822222609622268408e+01
1.053912513082639890e-01 1.816954526239085510e+01
1.055856069919878099e-01 1.811737372239275601e+01
1.057803210938091099e-01 1.806570996365064730e+01
1.059753942746994165e-01 1.801455089869565640e+01
1.061708271968487549e-01 1.796389338133602820e+01
1.063666205236686452e-01 1.791373430146006740e+01
1.065627749197940177e-01 1.786407058473968590e+01
1.067592910510851562e-01 1.781489919233777641e+01
1.069561695846306254e-01 1.776621712061918146e+01
1.071534111887491592e-01 1.771802140086564492e+01
1.073510165329916582e-01 1.767030909899457924e+01
1.075489862881442021e-01 1.762307731528113308e+01
1.077473211262294367e-01 1.757632318408458971e+01
1.079460217205096412e-01 1.753004387357758276e+01
1.081450887454886989e-01 1.748423658547973147e+01
1.083445228769140123e-01 1.743889855479426743e+01
1.085443247917796256e-01 1.739402704954845547e+01
1.087444951683275846e-01 1.734961937053753189e+01
1.089450346860510316e-01 1.730567234759084982e+01
1.091459440256962177e-01 1.726218084200911207e+01
1.093472238692644177e-01 1.721913927258116317e+01
1.095488749000150669e-01 1.717654211909659168e+01
1.097508978024671900e-01 1.713438392133843635e+01
1.099532932624024545e-01 1.709265927809256524e+01
1.101560619668672525e-01 1.705136284617381293e+01
1.103592046041746016e-01 1.701048933946870179e+01
1.105627218639073372e-01 1.697003352799400488e+01
1.107666144369194999e-01 1.692999023697148075e+01
1.109708830153395415e-01 1.689035434591774276e+01
1.111755282925722677e-01 1.685112078774983857e+01
1.113805509633008506e-01 1.681228454790574034e+01
1.115859517234900483e-01 1.677384066347930158e+01
1.117917312703875926e-01 1.673578422237034502e+01
1.119978903025273947e-01 1.669811036240964697e+01
1.122044295197315300e-01 1.666081369049607019e+01
1.124113496231123194e-01 1.662388682693077868e+01
1.126186513150754798e-01 1.658732201426192177e+01
1.128263352993215951e-01 1.655111156811362960e+01
1.130344022808493221e-01 1.651524787577817932e+01
1.132428529659574301e-01 1.647972339484363857e+01
1.134516880622468277e-01 1.644453065185589224e+01
1.136609082786238512e-01 1.640966224101445903e+01
1.138705143253016389e-01 1.637511082290216180e+01
1.140805069138034339e-01 1.634086912324730889e+01
1.142908867569645964e-01 1.630692993171846439e+01
1.145016545689347548e-01 1.627328610075102944e+01
1.147128110651809418e-01 1.623993054440519046e+01
1.149243569624891492e-01 1.620685623725488611e+01
1.151362929789676026e-01 1.617405621330696164e+01
1.153486198340487878e-01 1.614152349982487422e+01
1.155613382484915463e-01 1.610924989504160720e+01
1.157744489443844338e-01 1.607722608566474420e+01
1.159879526451470938e-01 1.604544279007723517e+01
1.162018500755336442e-01 1.601389080096862827e+01
1.164161419616347448e-01 1.598256098408274894e+01
1.166308290308797069e-01 1.595144427701739609e+01
1.168459120120397959e-01 1.592053168807559871e+01
1.170613916352297307e-01 1.588981429516787891e+01
1.172772686319110552e-01 1.585928324476435058e+01
1.174935437348941930e-01 1.582892975089661114e+01
1.177102176783406534e-01 1.579874509420828410e+01
1.179272911977661403e-01 1.576872062105378269e+01
1.181447650300427865e-01 1.573884774264456077e+01
1.183626399134012630e-01 1.570911793424249936e+01
1.185809165874340959e-01 1.567952271192146796e+01
1.187995957930972346e-01 1.565005299493219937e+01
1.190186782727134240e-01 1.562069902015394618e+01
1.192381647699743696e-01 1.559145105580173585e+01
1.194580560299428607e-01 1.556229944168836354e+01
1.196783527990561563e-01 1.553323458861424378e+01
1.198990558251275818e-01 1.550424697781678773e+01
1.201201658573499004e-01 1.547532716047821211e+01
1.203416836462974648e-01 1.544646575729130689e+01
1.205636099439284376e-01 1.541765345808244980e+01
1.207859455035881907e-01 1.538888102149083181e+01
1.210086910800108606e-01 1.536013927470362717e+01
1.212318474293227755e-01 1.533141911324589124e+01
1.214554153090446897e-01 1.530271150082488774e+01
1.216793954780939352e-01 1.527400746922805119e+01
1.219037886967879042e-01 1.524529804257335996e+01
1.221285957268456041e-01 1.521657370447459279e+01
1.223538173313911404e-01 1.518782471818051327e+01
1.225794542749558957e-01 1.515904142064863258e+01
1.228055073234808059e-01 1.513021422464631627e+01
1.230319772443198151e-01 1.510133361899825033e+01
1.232588648062414305e-01 1.507239016889425187e+01
1.234861707794322749e-01 1.504337451625602107e+01
1.237138959354992934e-01 1.501427738016226954e+01
1.239420410474720013e-01 1.498508955733119841e+01
1.241706068898060095e-01 1.495580192265940234e+01
1.243995942383845643e-01 1.492640542981647656e+01
1.246290038705222120e-01 1.489689111189406567e+01
1.248588365649668797e-01 1.486725008210877519e+01
1.250890931019023045e-01 1.483747355011097824e+01
1.253197742629514611e-01 1.480755319805876269e+01
1.255508808311782132e-01 1.477748119730794230e+01
1.257824135910909358e-01 1.474724981538097701e+01
1.260143733286447076e-01 1.471685139725442326e+01
1.262467608312436429e-01 1.468627836625762839e+01
1.264795768877444437e-01 1.465552322500889382e+01
1.267128222884580380e-01 1.462457855638940174e+01
1.269464978251532150e-01 1.459343702455272584e+01
1.271806042910588741e-01 1.456209137597009828e+01
1.274151424808663280e-01 1.453053444050994436e+01
1.276501131907329945e-01 1.449875913255065463e+01
1.278855172182838951e-01 1.446675845212619471e+01
1.281213553626154300e-01 1.443452548610285824e+01
1.283576284242976540e-01 1.440205343745334154e+01
1.285943372053765521e-01 1.436933610275305284e+01
1.288314825093777316e-01 1.433636780067624450e+01
1.290690651413080592e-01 1.430314294712391643e+01
1.293070859076594081e-01 1.426965604180326785e+01
1.295455456164108510e-01 1.423590166938133450e+01
1.297844450770311020e-01 1.420187450065498957e+01
1.300237851004822365e-01 1.416756929373630314e+01
1.302635664992212172e-01 1.413298089525276069e+01
1.305037900872038081e-01 1.409810424156083641e+01
1.307444566798867391e-01 1.406293435997265284e+01
1.309855670942301209e-01 1.402746636999427388e+01
1.312271221487011641e-01 1.399169548457474477e+01
1.314691226632763166e-01 1.395561701136516497e+01
1.317115694594438724e-01 1.391922672755731405e+01
1.319544633602075245e-01 1.388252210430769651e+01
1.321978051900882245e-01 1.384550111880879975e+01
1.324415957751277906e-01 1.380816182189049535e+01
1.326858359428914336e-01 1.377050233874039264e+01
1.329305265224700328e-01 1.373252086962344976e+01
1.331756683444840217e-01 1.369421569059453780e+01
1.334212622410850535e-01 1.365558515420408625e+01
1.336673090459597757e-01 1.361662769019554453e+01
1.339138095943322726e-01 1.357734180619481990e+01
1.341607647229664801e-01 1.353772608839063274e+01
1.344081752701700161e-01 1.349777920220555671e+01
1.346560420757958731e-01 1.345749989295720717e+01
1.349043659812462492e-01 1.341688716903360756e+01
1.351531478294750177e-01 1.337594181864103682e+01
1.354023884649901976e-01 1.333466561365807834e+01
1.356520887338576453e-01 1.329306038242155275e+01
1.359022494837030248e-01 1.325112800020007420e+01
1.361528715637155273e-01 1.320887038908686151e+01
1.364039558246503137e-01 1.316628951788230317e+01
1.366555031188310676e-01 1.312338740196583231e+01
1.369075143001538819e-01 1.308016610315691430e+01
1.371599902240888680e-01 1.303662772956568006e+01
1.374129317476842915e-01 1.299277443543225807e+01
1.376663397295688762e-01 1.294860842095590492e+01
1.379202150299543017e-01 1.290413193211292509e+01
1.381745585106392005e-01 1.285934751367692996e+01
1.384293710350109619e-01 1.281425963589008887e+01
1.386846534680495346e-01 1.276887363250916430e+01
1.389404066763300361e-01 1.272319484344095031e+01
1.391966315280252220e-01 1.267722860962107490e+01
1.394533288929094283e-01 1.263098027210797270e+01
1.397104996423604861e-01 1.258445517118479096e+01
1.399681446493634684e-01 1.253765864546869224e+01
1.402262647885134939e-01 1.249059603102843852e+01
1.404848609360179745e-01 1.244327266051005054e+01
1.407439339697008351e-01 1.239569386227037384e+01
1.410034847690042337e-01 1.234786495951950869e+01
1.412635142149925860e-01 1.229979127193087152e+01
1.415240231903550638e-01 1.225147895460114533e+01
1.417850125794082317e-01 1.220293620342132179e+01
1.420464832681000156e-01 1.215417146906858648e+01
1.423084361440115908e-01 1.210519314089902920e+01
1.425708720963614062e-01 1.205600954560591020e+01
1.428337920160076824e-01 1.200662894592291785e+01
1.430971967954511315e-01 1.195705953937195254e+01
1.433610873288388987e-01 1.190730945705494470e+01
1.436254645119665052e-01 1.185738676248992007e+01
1.438903292422818447e-01 1.180729945049051999e+01
1.441556824188878483e-01 1.175705544608898379e+01
1.444215249425450653e-01 1.170666260350213506e+01
1.446878577156757717e-01 1.165612896917637897e+01
1.449546816423658291e-01 1.160546432445398679e+01
1.452219976283687930e-01 1.155467910112652419e+01
1.454898065811085772e-01 1.150378360916661258e+01
1.457581094096820074e-01 1.145278803296152326e+01
1.460269070248629286e-01 1.140170243033146669e+01
1.462962003391047316e-01 1.135053673162992283e+01
1.465659902665430447e-01 1.129930073892441911e+01
1.468362777229998695e-01 1.124800412525638116e+01
1.471070636259855235e-01 1.119665643397887322e+01
1.473783488947028597e-01 1.114526707817065443e+01
1.476501344500497082e-01 1.109384534012524171e+01
1.479224212146218742e-01 1.104240055199683468e+01
1.481952101127170240e-01 1.099094346746379003e+01
1.484685020703368219e-01 1.093948546832462299e+01
1.487422980151910656e-01 1.088803776321290684e+01
1.490165988767003236e-01 1.083661138100732124e+01
1.492914055859987099e-01 1.078521717084057130e+01
1.495667190759381038e-01 1.073386580221567854e+01
1.498425402810900364e-01 1.068256776522806994e+01
1.501188701377500212e-01 1.063133337088947705e+01
1.503957095839401903e-01 1.058017275155189374e+01
1.506730595594120981e-01 1.052909586142847154e+01
1.509509210056508843e-01 1.047811247720833805e+01
1.512292948658773284e-01 1.042723240058188416e+01
1.515081820850521233e-01 1.037646619990736419e+01
1.517875836098785403e-01 1.032582452329722500e+01
1.520675003888052879e-01 1.027531781706383640e+01
1.523479333720307305e-01 1.022495632693457424e+01
1.526288835115049147e-01 1.017475009941027331e+01
1.529103517609338991e-01 1.012470898322350088e+01
1.531923390757824466e-01 1.007484263089410526e+01
1.534748464132769108e-01 1.002516050037811191e+01
1.537578747324095385e-01 9.975671856806625826e+00
1.540414249939403846e-01 9.926385774312022292e+00
1.543254981604018361e-01 9.877311144125387798e+00
1.546100951961012493e-01 9.828456924751096224e+00
1.548952170671238637e-01 9.779832222447161882e+00
1.551808647413371323e-01 9.731445972194194383e+00
1.554670391883927194e-01 9.683306916202527148e+00
1.557537413797309978e-01 9.635423606361664284e+00
1.560409722885837402e-01 9.587804406765460641e+00
1.563287328899770623e-01 9.540457496309183938e+00
1.566170241607357794e-01 9.493390871355456895e+00
1.569058470794854332e-01 9.446612348466118192e+00
1.571952026266568436e-01 9.400129567196675140e+00
1.574850917844888010e-01 9.353949992897199195e+00
1.577755155370310081e-01 9.308080763121408197e+00
1.580664748701485767e-01 9.262528352039023360e+00
1.583579707715239981e-01 9.217298982421178621e+00
1.586500042306616676e-01 9.172398729280303087e+00
1.589425762388907704e-01 9.127833522703149072e+00
1.592356877893681688e-01 9.083609150717618874e+00
1.595293398770828708e-01 9.039731262191571304e+00
1.598235334988581113e-01 8.996205369761947068e+00
1.601182696533559047e-01 8.953036852791980138e+00
1.604135493410799862e-01 8.910230960355075780e+00
1.607093735643785604e-01 8.867792814243554034e+00
1.610057433274490468e-01 8.825727161293380973e+00
1.613026596363400234e-01 8.784037607512628298e+00
1.616001234989558888e-01 8.742727403086773208e+00
1.618981359250597218e-01 8.701799711407824489e+00
1.621966979262762509e-01 8.661257611498019315e+00
1.624958105160962951e-01 8.621104100436467021e+00
1.627954747098796784e-01 8.581342095788844659e+00
1.630956915248581718e-01 8.541974438039112272e+00
1.633964619801401286e-01 8.503003893022677673e+00
1.636977870967126492e-01 8.464433154360852640e+00
1.639996678974461053e-01 8.426264844797326958e+00
1.643021054070972486e-01 8.388500797770635842e+00
1.646051006523120419e-01 8.351140834262105628e+00
1.649086546616304605e-01 8.314184430324653263e+00
1.652127684654885464e-01 8.277631053682972251e+00
1.655174430962230991e-01 8.241480164688384846e+00
1.658226795880747007e-01 8.205731217266666988e+00
1.661284789771907133e-01 8.170383659858428516e+00
1.664348423016299428e-01 8.135436936352313353e+00
1.667417706013648582e-01 8.100890487011382035e+00
1.670492649182863110e-01 8.066743749392545126e+00
1.673573262962064767e-01 8.032996106489845189e+00
1.676659557808620193e-01 7.999645615208875071e+00
1.679751544199187263e-01 7.966688966128363525e+00
1.682849232629737291e-01 7.934122829704585378e+00
1.685952633615602769e-01 7.901943922630710659e+00
1.689061757691508459e-01 7.870149007344505954e+00
1.692176615411600527e-01 7.838734891543879257e+00
1.695297217349495678e-01 7.807698427709701683e+00
1.698423574098303357e-01 7.777036512636521515e+00
1.701555696270672657e-01 7.746746086970424550e+00
1.704693594498823961e-01 7.716824134723519357e+00
1.707837279434579747e-01 7.687266992125096898e+00
1.710986761749413165e-01 7.658068582763922549e+00
1.714142052134469685e-01 7.629222369655953351e+00
1.717303161300615666e-01 7.600721911555765153e+00
1.720470099978470557e-01 7.572560860882477485e+00
1.723642878918436594e-01 7.544732961695871154e+00
1.726821508890748480e-01 7.517232047720989740e+00
1.730006000685495315e-01 7.490052040420864365e+00
1.733196365112670279e-01 7.463186947115558745e+00
1.736392613002201712e-01 7.436630859146966088e+00
1.739594755203984211e-01 7.410377719960106191e+00
1.742802802587928024e-01 7.384419806322597424e+00
1.746016766043982094e-01 7.358748697250627302e+00
1.749236656482183461e-01 7.333356082408275967e+00
1.752462484832688072e-01 7.308233763803156258e+00
1.755694262045804088e-01 7.283373653233733869e+00
1.758931999092039900e-01 7.258767769825052341e+00
1.762175706962127997e-01 7.234408237651059004e+00
1.765425396667074931e-01 7.210287283441215500e+00
1.768681079238192955e-01 7.186397234369964693e+00
1.771942765727131663e-01 7.162730305104092920e+00
1.775210467205929621e-01 7.139276873532182321e+00
1.778484194767035731e-01 7.116026399222850074e+00
1.781763959523360030e-01 7.092968464870281764e+00
1.785049772608306995e-01 7.070092783863205277e+00
1.788341645175806627e-01 7.047389197796666949e+00
1.791639588400364136e-01 7.024847674129962805e+00
1.794943613477091859e-01 7.002458303987964428e+00
1.798253731621742013e-01 6.980211300102733496e+00
1.801569954070757207e-01 6.958096994892299492e+00
1.804892292081294314e-01 6.936106037651932787e+00
1.808220756931275819e-01 6.914230407829626834e+00
1.811555359919421737e-01 6.892462641225212572e+00
1.814896112365283476e-01 6.870795364445249298e+00
1.818243025609293795e-01 6.849221292972401898e+00
1.821596111012792063e-01 6.827733230191798341e+00
1.824955379958075052e-01 6.806324066493274927e+00
1.828320843848429134e-01 6.784986778448401701e+00
1.831692514108165526e-01 6.763714428060409567e+00
1.835070402182670257e-01 6.742500158710978297e+00
1.838454519538428311e-01 6.721335962783150819e+00
1.841844877663076918e-01 6.700210869975889771e+00
1.845241488065437196e-01 6.679113580749328705e+00
1.848644362275549125e-01 6.658032938090600261e+00
1.852053511844722888e-01 6.636957927133685153e+00
1.855468948345563307e-01 6.615877674963401844e+00
1.858890683372022290e-01 6.594781450598921957e+00
1.862318728539432422e-01 6.573658665153073066e+00
1.865753095484541380e-01 6.552498872163005750e+00
1.869193795865563279e-01 6.531291779794412555e+00
1.872640841362205044e-01 6.510027392533362267e+00
1.876094243675717199e-01 6.488695964256181448e+00
1.879554014528929673e-01 6.467287892845234865e+00
1.883020165666284829e-01 6.445793719024401902e+00
1.886492708853891032e-01 6.424204127582163970e+00
1.889971655879547352e-01 6.402509948728638101e+00
1.893457018552797133e-01 6.380702159581917776e+00
1.896948808704961853e-01 6.358771885779756161e+00
1.900447038189175542e-01 6.336710410976916563e+00
1.903951718880438904e-01 6.314509935547722996e+00
1.907462862675644300e-01 6.292164198916798235e+00
1.910980481493629035e-01 6.269667214257957255e+00
1.914504587275210890e-01 6.247013119240785173e+00
1.918035191983221144e-01 6.224196177650549444e+00
1.921572307602561203e-01 6.201210781052885146e+00
1.925115946140225631e-01 6.178051450500515074e+00
1.928666119625357944e-01 6.154712838278598497e+00
1.932222840109284467e-01 6.131189729767400287e+00
1.935786119665550420e-01 6.107477370026137109e+00
1.939355970389973760e-01 6.083572194729655713e+00
1.942932404400670721e-01 6.059470971575386500e+00
1.946515433838111875e-01 6.035170582798869532e+00
1.950105070865155166e-01 6.010668026535434194e+00
1.953701327667083376e-01 5.985960418179460341e+00
1.957304216451658530e-01 5.961044991739014698e+00
1.960913749449146870e-01 5.935919101184000013e+00
1.964529938912375484e-01 5.910580221787335553e+00
1.968152797116766994e-01 5.885026459338723370e+00
1.971782336360375643e-01 5.859257959828626738e+00
1.975418568963943078e-01 5.833275407297508153e+00
1.979061507270923892e-01 5.807079559973626459e+00
1.982711163647541408e-01 5.780671250455582388e+00
1.986367550482824873e-01 5.754051385868898194e+00
1.990030680188643319e-01 5.727220947996126910e+00
1.993700565199761909e-01 5.700180993379694527e+00
1.997377217973876906e-01 5.672932654088699067e+00
2.001060650991651757e-01 5.645477773207195682e+00
2.004750876756774824e-01 5.617820060803047966e+00
2.008447907795984366e-01 5.589963571187062996e+00
2.012151756659125712e-01 5.561912377772019411e+00
2.015862435919187901e-01 5.533670572055616077e+00
2.019579958172340040e-01 5.505242262601409031e+00
2.023304336037988760e-01 5.476631574017860160e+00
2.027035582158803750e-01 5.447842645936311179e+00
2.030773709200776600e-01 5.418879654745888175e+00
2.034518729853255770e-01 5.389747952822601995e+00
2.038270656828985172e-01 5.360454569072446773e+00
2.042029502864159962e-01 5.331006613276434436e+00
2.045795280718455678e-01 5.301411138064162643e+00
2.049568003175083197e-01 5.271675137110953813e+00
2.053347683040828708e-01 5.241805543398463385e+00
2.057134333146088678e-01 5.211809227538516609e+00
2.060927966344928974e-01 5.181692996159675602e+00
2.064728595515112064e-01 5.151463743825916985e+00
2.068536233558155024e-01 5.121129685882990223e+00
2.072350893399366734e-01 5.090699672372428708e+00
2.076172587987886176e-01 5.060182435737909046e+00
2.080001330296740447e-01 5.029586582059250688e+00
2.083837133322872237e-01 4.998920589529228131e+00
2.087680010087198945e-01 4.968192807054814253e+00
2.091529973634649597e-01 4.937411452981011806e+00
2.095387037034204814e-01 4.906584618613630155e+00
2.099251213378952874e-01 4.875720817790281991e+00
2.103122515786120805e-01 4.844829484511156359e+00
2.107000957397130447e-01 4.813919998212917939e+00
2.110886551377638976e-01 4.783001558520349583e+00
2.114779310917576371e-01 4.752083184680329531e+00
2.118679249231205375e-01 4.721173715158605511e+00
2.122586379557148129e-01 4.690281807395090041e+00
2.126500715158447796e-01 4.659415937712629407e+00
2.130422269322606588e-01 4.628584475838883883e+00
2.134351055361623228e-01 4.597796012284838696e+00
2.138287086612055410e-01 4.567059080354443523e+00
2.142230376435045602e-01 4.536382017066499905e+00
2.146180938216382950e-01 4.505772963749331339e+00
2.150138785366541572e-01 4.475239866895191376e+00
2.154103931320720255e-01 4.444790479155736662e+00
2.158076389538902407e-01 4.414432360473038663e+00
2.162056173505884638e-01 4.384172922433881681e+00
2.166043296731338386e-01 4.354019877688380724e+00
2.170037772749848493e-01 4.323981048565964436e+00
2.174039615120952618e-01 4.294064052260715414e+00
2.178048837429202855e-01 4.264276297606896193e+00
2.182065453284194601e-01 4.234624987200992230e+00
2.186089476320627334e-01 4.205117119648106971e+00
2.190120920198345422e-01 4.175759491927078848e+00
2.194159798602376699e-01 4.146558681328858853e+00
2.198206125242994635e-01 4.117520717106704531e+00
2.202259913855747764e-01 4.088651149977972743e+00
2.206321178201521849e-01 4.059955348932665409e+00
2.210389932066579022e-01 4.031438513254696154e+00
2.214466189262598306e-01 4.003105675155177678e+00
2.218549963626736954e-01 3.974961702467778135e+00
2.222641269021669030e-01 3.947011301402234995e+00
2.226740119335626489e-01 3.919259007976236830e+00
2.230846528482462454e-01 3.891709018965366695e+00
2.234960510401679812e-01 3.864365235420286648e+00
2.239082079058494490e-01 3.837231413550662218e+00
2.243211248443876260e-01 3.810311171897382554e+00
2.247348032574589538e-01 3.783607994151999776e+00
2.251492445493256112e-01 3.757125232001798487e+00
2.255644501268385949e-01 3.730866107997980130e+00
2.259804213994439093e-01 3.704833637511016686e+00
2.263971597791868406e-01 3.679029912779472777e+00
2.268146666807159539e-01 3.653456472455542503e+00
2.272329435212895876e-01 3.628114768921132605e+00
2.276519917207786847e-01 3.603006175937570887e+00
2.280718127016733987e-01 3.578131990714684463e+00
2.284924078890871180e-01 3.553493435973396952e+00
2.289137787107606292e-01 3.529091662000845009e+00
2.293359265970685568e-01 3.504927524170385222e+00
2.297588529810224989e-01 3.481000786979655981e+00
2.301825592982773283e-01 3.457310888184520259e+00
2.306070469871354944e-01 3.433857242314616975e+00
2.310323174885511865e-01 3.410639241645196051e+00
2.314583722461368009e-01 3.387656257128466741e+00
2.318852127061660218e-01 3.364907639312840981e+00
2.323128403175803991e-01 3.342392709610369828e+00
2.327412565319935123e-01 3.320110057322865682e+00
2.331704628036951610e-01 3.298057086335581367e+00
2.336004605896580544e-01 3.276231121443240024e+00
2.340312513495407809e-01 3.254629523226503451e+00
2.344628365456944141e-01 3.233249687528417571e+00
2.348952176431668981e-01 3.212089044939305804e+00
2.353283961097071275e-01 3.191145060289846569e+00
2.357623734157716644e-01 3.170415064178789599e+00
2.361971510345279024e-01 3.149895033617223117e+00
2.366327304418606448e-01 3.129580331844075136e+00
2.370691131163764065e-01 3.109466406216560230e+00
2.375063005394077442e-01 3.089548791393172067e+00
2.379442941950199453e-01 3.069823107505059046e+00
2.383830955700141918e-01 3.050285058380946879e+00
2.388227061539341944e-01 3.030930416164992369e+00
2.392631274390706053e-01 3.011754166433396218e+00
2.397043609204653758e-01 2.992750028846435040e+00
2.401464080959183900e-01 2.973911735777809096e+00
2.405892704659908232e-01 2.955233153127417633e+00
2.410329495340117201e-01 2.936708277635528663e+00
2.414774468060825185e-01 2.918331234315349576e+00
2.419227637910813800e-01 2.900096273999983598e+00
2.423689020006699890e-01 2.881997558471764531e+00
2.428158629492967735e-01 2.864028497637022053e+00
2.432636481542037599e-01 2.846182420697056514e+00
2.437122591354309586e-01 2.828452806236950057e+00
2.441616974158207776e-01 2.810833279798182538e+00
2.446119645210249882e-01 2.793317611594827277e+00
2.450630619795078347e-01 2.775899714368831983e+00
2.455149913225530001e-01 2.758573529753620690e+00
2.459677540842681309e-01 2.741332166093048528e+00
2.464213518015891669e-01 2.724168393125717458e+00
2.468757860142870852e-01 2.707075151076316466e+00
2.473310582649724532e-01 2.690045553123933786e+00
2.477871700990998960e-01 2.673072883695466029e+00
2.482441230649750363e-01 2.656150596929957697e+00
2.487019187137577136e-01 2.639272323455959857e+00
2.491605585994692007e-01 2.622431980738706425e+00
2.496200442789965057e-01 2.605623740116688403e+00
2.500803773120969797e-01 2.588841934737349249e+00
2.505415592614054221e-01 2.572081056428813461e+00
2.510035916924374111e-01 2.555335755042448920e+00
2.514664761735960763e-01 2.538600837907284191e+00
2.519302142761771779e-01 2.521871265331153911e+00
2.523948075743731589e-01 2.505142080587842379e+00
2.528602576452806394e-01 2.488408421257192416e+00
2.533265660689035248e-01 2.471665582861617416e+00
2.537937344281603336e-01 2.454909021007412928e+00
2.542617643088885826e-01 2.438134351390568444e+00
2.547306572998495611e-01 2.421337349874565614e+00
2.552004149927354915e-01 2.404513992131682709e+00
2.556710389821728047e-01 2.387661025000236581e+00
2.561425308657295230e-01 2.370775818242487620e+00
2.566148922439197011e-01 2.353855883488747303e+00
2.570881247202081998e-01 2.336898860964894631e+00
2.575622299010179583e-01 2.319902519641989791e+00
2.580372093957333246e-01 2.302864757388747741e+00
2.585130648167072720e-01 2.285783639725646132e+00
2.589897977792662842e-01 2.268657733800212295e+00
2.594674099017149071e-01 2.251485932818894309e+00
2.599459028053430765e-01 2.234267242817428833e+00
2.604252781144295592e-01 2.217000780219119616e+00
2.609055374562493368e-01 2.199685771777019738e+00
2.613866824610782680e-01 2.182321554486916781e+00
2.618687147621978628e-01 2.164907739721134927e+00
2.623516359959027211e-01 2.147444849776069642e+00
2.628354478015038631e-01 2.129933732004111846e+00
2.633201518213363346e-01 2.112375303374274704e+00
2.638057497007637586e-01 2.094770549853118169e+00
2.642922430881832763e-01 2.077120525820685515e+00
2.647796336350329849e-01 2.059426356132250557e+00
2.652679229957952689e-01 2.041689647317375123e+00
2.657571128280045714e-01 2.023912910947151644e+00
2.662472047922519458e-01 2.006098784828689752e+00
2.667382005521899968e-01 1.988249923045134038e+00
2.672301017745404850e-01 1.970368994913278327e+00
2.677229101290977131e-01 1.952458683929001682e+00
2.682166272887360203e-01 1.934521716522015433e+00
2.687112549294148889e-01 1.916561264635321171e+00
2.692067947301836073e-01 1.898580821393005769e+00
2.697032483731889863e-01 1.880583868017857707e+00
2.702006175436788005e-01 1.862573864224016162e+00
2.706989039300095601e-01 1.844554247074382536e+00
2.711981092236512292e-01 1.826528429927566366e+00
2.716982351191923328e-01 1.808500148257633500e+00
2.721992833143474511e-01 1.790474237639960498e+00
2.727012555099609936e-01 1.772455680634374975e+00
2.732041534100146385e-01 1.754449362581607774e+00
2.737079787216325499e-01 1.736460070748843787e+00
2.742127331550862634e-01 1.718492493571352142e+00
2.747184184238020133e-01 1.700551247449636039e+00
2.752250362443657838e-01 1.682641256268538887e+00
2.757325883365285280e-01 1.664767637212348772e+00
2.762410764232136051e-01 1.646935382737963582e+00
2.767505022305206119e-01 1.629149352125015771e+00
2.772608674877331536e-01 1.611414271509139517e+00
2.777721739273238399e-01 1.593734736278796360e+00
2.782844232849594479e-01 1.576115620148877072e+00
2.787976172995085267e-01 1.558562525992554404e+00
2.793117577130452833e-01 1.541080980783008814e+00
2.798268462708574100e-01 1.523676318016506714e+00
2.803428847214511910e-01 1.506353679169795567e+00
2.808598748165563874e-01 1.489118015329896183e+00
2.813778183111344533e-01 1.471974118273276178e+00
2.818967169633820324e-01 1.454926749591225255e+00
2.824165725347390632e-01 1.437980530528166989e+00
2.829373867898937189e-01 1.421139889015374580e+00
2.834591614967875706e-01 1.404409062173330947e+00
2.839818984266239132e-01 1.387792098991313283e+00
2.845055993538709860e-01 1.371292873675155732e+00
2.850302660562702983e-01 1.354915203214208219e+00
2.855559003148418484e-01 1.338662801014130155e+00
2.860825039138891746e-01 1.322539195311633442e+00
2.866100786410074042e-01 1.306547731074439112e+00
2.871386262870871398e-01 1.290691573520573510e+00
2.876681486463224524e-01 1.274973700790363873e+00
2.881986475162162109e-01 1.259396654359747902e+00
2.887301246975851887e-01 1.243962549637298354e+00
2.892625819945682797e-01 1.228673351202418829e+00
2.897960212146302728e-01 1.213530888988804790e+00
2.903304441685701787e-01 1.198536861487645933e+00
2.908658526705261149e-01 1.183692829599124474e+00
2.914022485379810790e-01 1.168999838112314338e+00
2.919396335917708307e-01 1.154458308675224476e+00
2.924780096560877785e-01 1.140068553492085579e+00
2.930173785584892499e-01 1.125830815528509721e+00
2.935577421299029877e-01 1.111745270480143155e+00
2.940991022046322012e-01 1.097812023528962788e+00
2.946414606203640041e-01 1.084030848467586017e+00
2.951848192181732999e-01 1.070401081875204996e+00
2.957291798425310536e-01 1.056922003000769550e+00
2.962745443413096202e-01 1.043592867036222005e+00
2.968209145657883519e-01 1.030412906016231256e+00
2.973682923706615910e-01 1.017381318185745398e+00
2.979166796140430007e-01 1.004496801884798840e+00
2.984660781574735577e-01 9.917574233200917577e-01
2.990164898659273263e-01 9.791612412392861620e-01
2.995679166078166755e-01 9.667063526552546193e-01
3.001203602550007732e-01 9.543908920181902733e-01
3.006738226827895266e-01 9.422130178178385052e-01
3.012283057699521316e-01 9.301706180803357427e-01
3.017838113987224569e-01 9.182613171624122161e-01
3.023403414548045398e-01 9.064827912830679679e-01
3.028978978273808020e-01 8.948327821346062638e-01
3.034564824091176560e-01 8.833090952776210258e-01
3.040160970961708342e-01 8.719095613827367863e-01
3.045767437881941042e-01 8.606316149228310231e-01
3.051384243883432656e-01 8.494724673180147345e-01
3.057011408032846433e-01 8.384294230273936499e-01
3.062648949432008050e-01 8.274998831882643957e-01
3.068296887217958346e-01 8.166813432028940944e-01
3.073955240563044367e-01 8.059712900268479752e-01
3.079624028674955438e-01 7.953667197979916725e-01
3.085303270796812547e-01 7.848645404711636075e-01
3.090992986207222737e-01 7.744617914172500228e-01
3.096693194220337397e-01 7.641556405745103531e-01
3.102403914185936640e-01 7.539433815115688109e-01
3.108125165489473152e-01 7.438224849147270223e-01
3.113856967552157129e-01 7.337906743879358817e-01
3.119599339831015672e-01 7.238458010228979722e-01
3.125352301818946632e-01 7.139858188427279373e-01
3.131115873044807985e-01 7.042087823933866897e-01
3.136890073073459462e-01 6.945128160402591622e-01
3.142674921505850261e-01 6.848954988081912276e-01
3.148470437979076775e-01 6.753539070445133685e-01
3.154276642166438105e-01 6.658852535279387030e-01
3.160093553777528208e-01 6.564869126256190901e-01
3.165921192558273645e-01 6.471564168490803182e-01
3.171759578291025727e-01 6.378915411278908154e-01
3.177608730794616587e-01 6.286906699772430995e-01
3.183468669924418015e-01 6.195524567194845567e-01
3.189339415572430281e-01 6.104756597469955803e-01
3.195220987667323209e-01 6.014591400103188601e-01
3.201113406174529441e-01 5.925018499715029030e-01
3.207016691096299388e-01 5.836024216239869000e-01
3.212930862471761184e-01 5.747590169500612634e-01
3.218855940377009506e-01 5.659699077557527325e-01
3.224791944925149978e-01 5.572335201152419648e-01
3.230738896266390214e-01 5.485484310786997719e-01
3.236696814588095883e-01 5.399135023988396176e-01
3.242665720114852324e-01 5.313285105543905651e-01
3.248645633108553366e-01 5.227935892659304473e-01
3.254636573868446847e-01 5.143089349157250467e-01
3.260638562731224543e-01 5.058748040037253091e-01
3.266651620071081563e-01 4.974914983626117504e-01
3.272675766299776301e-01 4.891590101149363434e-01
3.278711021866722031e-01 4.808769992527148207e-01
3.284757407259030204e-01 4.726452082667700338e-01
3.290814943001604265e-01 4.644634826150248474e-01
3.296883649657196269e-01 4.563317676448496729e-01
3.302963547826470725e-01 4.482504414277746485e-01
3.309054658148095074e-01 4.402210116287880726e-01
3.315157001298784101e-01 4.322451839328205203e-01
3.321270597993392637e-01 4.243246364587150432e-01
3.327395468984977733e-01 4.164610183700181434e-01
3.333531635064856391e-01 4.086559221682286580e-01
3.339679117062702707e-01 4.009106862586374054e-01
3.345837935846587841e-01 3.932265221408475786e-01
3.352008112323078826e-01 3.856046337551261027e-01
3.358189667437296300e-01 3.780462166504813815e-01
3.364382622172975568e-01 3.705524698871177636e-01
3.370586997552559860e-01 3.631249201050459341e-01
3.376802814637261396e-01 3.557654035526228165e-01
3.383030094527120224e-01 3.484757005942248909e-01
3.389268858361101922e-01 3.412575175541494588e-01
3.395519127317142005e-01 3.341124866653424896e-01
3.401780922612240854e-01 3.270421823292055663e-01
3.408054265502525881e-01 3.200481337858246400e-01
3.414339177283313709e-01 3.131317952047178443e-01
3.420635679289205089e-01 3.062945422772457293e-01
3.426943792894132645e-01 2.995376725356992398e-01
3.433263539511454132e-01 2.928624078863499292e-01
3.439594940594017380e-01 2.862698991768301005e-01
3.445938017634220807e-01 2.797612209417485452e-01
3.452292792164112778e-01 2.733373707336294034e-01
3.458659285755435464e-01 2.669992698414504484e-01
3.465037520019721429e-01 2.607478496796646894e-01
3.471427516608359687e-01 2.545843286719819409e-01
3.477829297212655657e-01 2.485099082036943130e-01
3.484242883563931081e-01 2.425256658213479077e-01
3.490668297433568434e-01 2.366325582488292556e-01
3.497105560633110288e-01 2.308313354214170388e-01
3.503554695014323705e-01 2.251221606970212064e-01
3.510015722469261856e-01 2.195049812373947029e-01
3.516488664930363384e-01 2.139797063704768354e-01
3.522973544370499588e-01 2.085462080534283003e-01
3.529470382803074346e-01 2.032044164770729910e-01
3.535979202282086287e-01 1.979547736203745301e-01
3.542500024902194289e-01 1.927978199705343010e-01
3.549032872798815741e-01 1.877339746871829473e-01
3.555577768148176498e-01 1.827635397007368601e-01
3.562134733167407474e-01 1.778866386640325647e-01
3.568703790114611807e-01 1.731029323011243626e-01
3.575284961288928698e-01 1.684118995643869021e-01
3.581878269030634443e-01 1.638129771690238767e-01
3.588483735721188506e-01 1.593055612646166741e-01
3.595101383783336768e-01 1.548890008799004014e-01
3.601731235681175369e-01 1.505625717965176913e-01
3.608373313920215653e-01 1.463255084087156377e-01
3.615027641047487972e-01 1.421770165287133403e-01
3.621694239651587210e-01 1.381162745815706916e-01
3.628373132362774922e-01 1.341424216890584886e-01
3.635064341853047054e-01 1.302545306332396624e-01
3.641767890836197785e-01 1.264516480874027515e-01
3.648483802067924997e-01 1.227328052198484731e-01
3.655212098345874128e-01 1.190970176740237252e-01
3.661952802509745308e-01 1.155431434831215853e-01
3.668705937441357201e-01 1.120697425826545635e-01
3.675471526064715277e-01 1.086753771302744614e-01
3.682249591346114515e-01 1.053586522684948901e-01
3.689040156294187689e-01 1.021182122003190251e-01
3.695843243960009183e-01 9.895268659306502568e-02
3.702658877437164930e-01 9.586068222690437290e-02
3.709487079861814585e-01 9.284085004892760062e-02
3.716327874412801435e-01 8.989188688739087330e-02
3.723181284311696260e-01 8.701251191237220628e-02
3.730047332822907236e-01 8.420123383131428163e-02
3.736926043253743224e-01 8.145646621746213678e-02
3.743817438954484267e-01 7.877671010414480368e-02
3.750721543318484286e-01 7.616055180656822188e-02
3.757638379782234916e-01 7.360662420692654084e-02
3.764567971825438786e-01 7.111347725943578668e-02
3.771510342971112761e-01 6.867970721906958842e-02
3.778465516785636802e-01 6.630400612297630836e-02
3.785433516878864424e-01 6.398515510464405920e-02
3.792414366904187095e-01 6.172201694319992549e-02
3.799408090558604734e-01 5.951352907837603734e-02
3.806414711582834509e-01 5.735869963760922841e-02
3.813434253761357473e-01 5.525660191278474603e-02
3.820466740922529580e-01 5.320635398215269041e-02
3.827512196938648303e-01 5.120691863568329477e-02
3.834570645726024241e-01 4.925718602234371857e-02
3.841642111245088254e-01 4.735614282322663654e-02
3.848726617500440872e-01 4.550286826372110238e-02
3.855824188540963315e-01 4.369652940966295418e-02
3.862934848459885773e-01 4.193638248112407929e-02
3.870058621394856790e-01 4.022175312641657063e-02
3.877195531528055961e-01 3.855202559991963845e-02
3.884345603086239995e-01 3.692663157983065714e-02
3.891508860340856524e-01 3.534491935075088909e-02
3.898685327608112372e-01 3.380615404796640661e-02
3.905875029249044061e-01 3.230967280244010503e-02
3.913077989669630496e-01 3.085488483925170541e-02
3.920294233320841260e-01 2.944124630998007017e-02
3.927523784698750409e-01 2.806819106979725406e-02
3.934766668344604201e-01 2.673519244925660204e-02
3.942022908844895479e-01 2.544178309244319799e-02
3.949292530831473580e-01 2.418754178113414338e-02
3.956575558981595964e-01 2.297196863612637266e-02
3.963872018018040344e-01 2.179448353110439301e-02
3.971181932709177964e-01 2.065457484636027893e-02
3.978505327869041874e-01 1.955179676639668199e-02
3.985842228357443506e-01 1.848571725552754230e-02
3.993192659080022078e-01 1.745579352169271750e-02
4.000556644988358390e-01 1.646151890680889324e-02
4.007934211080048104e-01 1.550245908088648816e-02
4.015325382398772791e-01 1.457823342787280263e-02
4.022730184034414291e-01 1.368843937971449265e-02
4.030148641123106890e-01 1.283266979928377773e-02
4.037580778847353336e-01 1.201056409080671072e-02
4.045026622436094788e-01 1.122179477170319982e-02
4.052486197164785198e-01 1.046587151787997313e-02
4.059959528355507330e-01 9.741965972099399240e-03
4.067446641377024941e-01 9.049350725670833595e-03
4.074947561644897132e-01 8.387437673918279879e-03
4.082462314621552735e-01 7.755775308296858871e-03
4.089990925816363587e-01 7.154144341995009003e-03
4.097533420785762770e-01 6.582382192855660598e-03
4.105089825133294568e-01 6.040289716971315552e-03
4.112660164509732708e-01 5.527572589438133413e-03
4.120244464613154745e-01 5.043061847574561475e-03
4.127842751189015336e-01 4.585142800823084445e-03
4.135455050030265034e-01 4.152630850251863744e-03
4.143081386977403024e-01 3.744722581729016328e-03
4.150721787918594252e-01 3.361604879523928321e-03
4.158376278789745473e-01 3.004563646090203499e-03
4.166044885574579082e-01 2.674361538544517674e-03
4.173727634304748024e-01 2.371150024913849449e-03
4.181424551059912398e-01 2.093282266830097643e-03
4.189135661967812729e-01 1.835034301100064947e-03
4.196860993204388768e-01 1.592157309934172805e-03
4.204600570993837216e-01 1.362796234574906043e-03
4.212354421608727195e-01 1.148030245451007580e-03
4.220122571370079068e-01 9.558169206653351589e-04
4.227905046647438270e-01 7.920650203511954467e-04
4.235701873858997435e-01 6.579345017308542301e-04
4.243513079471650795e-01 5.506030795294024728e-04
4.251338690001114085e-01 4.543940383597966761e-04
4.259178732012000590e-01 3.552679491456571287e-04
4.267033232117900532e-01 2.527144034298684709e-04
4.274902216981499858e-01 1.574443291646278114e-04
4.282785713314637421e-01 8.770735163466652638e-05
4.290683747878424326e-01 4.738346594113948898e-05
4.298596347483323310e-01 2.700061965718444983e-05
4.306523538989226463e-01 1.763709768214772756e-05
4.314465349305576236e-01 1.387871114611024068e-05
4.322421805391422622e-01 1.319792782445684088e-05
4.330392934255543613e-01 1.516282713784980485e-05
4.338378762956526247e-01 2.103290532841117403e-05
4.346379318602844322e-01 3.418827798635992938e-05
4.354394628352979968e-01 6.009328277221311776e-05
4.362424719415482488e-01 1.048794985336342793e-04
4.370469619049089371e-01 1.669351944027015918e-04
4.378529354562807896e-01 2.315361692068473322e-04
4.386603953315993953e-01 2.891414563800950399e-04
4.394693442718474174e-01 3.390253043765149464e-04
4.402797850230605881e-01 3.891841434972368721e-04
4.410917203363400318e-01 4.494750862308122740e-04
4.419051529678602042e-01 5.204331168084773288e-04
4.427200856788770511e-01 5.996918481811244718e-04
4.435365212357403886e-01 6.826528258951281751e-04
4.443544624098997864e-01 7.645567393159254316e-04
4.451739119779171139e-01 8.447282962093916438e-04
4.459948727214744779e-01 9.239356362403274275e-04
4.468173474273826051e-01 1.003918691695732720e-03
4.476413388875931654e-01 1.086123102129943428e-03
4.484668498992047669e-01 1.170048395219873676e-03
4.492938832644756131e-01 1.254838818396735887e-03
4.501224417908316622e-01 1.339517311113322959e-03
4.509525282908748434e-01 1.423353008125912301e-03
4.517841455823955465e-01 1.506192170873383099e-03
4.526172964883788952e-01 1.588056695086828389e-03
4.534519838370172917e-01 1.669097714952742220e-03
4.542882104617186889e-01 1.749323116263924163e-03
4.551259792011149163e-01 1.828473158371929233e-03
4.559652928990742815e-01 1.906295070864529430e-03
4.568061544047079536e-01 1.982565321620582098e-03
4.576485665723825091e-01 2.057105750706057258e-03
4.584925322617283694e-01 2.129786206624572319e-03
4.593380543376481273e-01 2.200514920957160996e-03
4.601851356703295370e-01 2.269230866586927336e-03
4.610337791352513981e-01 2.335827397685116998e-03
4.618839876131967670e-01 2.400175472973573119e-03
4.627357639902612840e-01 2.462168536164305050e-03
4.635891111578614443e-01 2.521718162033078844e-03
4.644440320127473099e-01 2.578727415793378736e-03
4.653005294570110584e-01 2.633107985737450848e-03
4.661586063980951988e-01 2.684790860846335021e-03
4.670182657488058386e-01 2.733715389052499695e-03
4.678795104273188454e-01 2.779804261692217678e-03
4.687423433571930587e-01 2.822988963422146981e-03
4.696067674673786718e-01 2.863215656280169649e-03
4.704727856922258367e-01 2.900401541682318292e-03
4.713404009714980414e-01 2.934402941920430559e-03
4.722096162503780503e-01 2.965079025512149923e-03
4.730804344794814487e-01 2.992315171285900126e-03
4.739528586148651912e-01 3.016282469955842375e-03
4.748268916180360955e-01 3.037404341605212058e-03
4.757025364559643310e-01 3.056134624625392489e-03
4.765797961010896922e-01 3.072871980388317860e-03
4.774586735313349206e-01 3.087553706308057439e-03
4.783391717301144763e-01 3.099933397782193931e-03
4.792212936863431971e-01 3.109765599957996923e-03
4.801050423944498990e-01 3.116808051273374427e-03
4.809904208543833715e-01 3.120823656213243032e-03
4.818774320716264215e-01 3.121582607204212607e-03
4.827660790572042004e-01 3.118864637459344696e-03
4.836563648276932526e-01 3.112461382458445516e-03
4.845482924052348928e-01 3.102178823565540557e-03
4.854418648175418682e-01 3.087839783144080610e-03
4.863370850979118476e-01 3.069286436545778322e-03
4.872339562852363581e-01 3.046382802643923804e-03
4.881324814240094456e-01 3.019017171289429830e-03
4.890326635643417186e-01 2.987104423324104911e-03
4.899345057619665655e-01 2.950588196730944985e-03
4.908380110782540329e-01 2.909442851268425039e-03
4.917431825802198175e-01 2.863675183655413348e-03
4.926500233405340379e-01 2.813325846155424574e-03
4.935585364375352779e-01 2.758470423349845477e-03
4.944687249552369157e-01 2.699220125059274573e-03
4.953805919833413340e-01 2.635813662901515236e-03
4.962941406172484693e-01 2.568935654008017502e-03
4.972093739580654148e-01 2.499368994311412795e-03
4.981262951126199101e-01 2.427854592119940008e-03
4.990449071934670577e-01 2.355085200912873395e-03
4.999652133189037007e-01 2.281701055006323843e-03
5.008872166129769710e-01 2.208287148485092895e-03
5.018109202054936713e-01 2.135371990203015560e-03
5.027363272320347631e-01 2.063427652980189941e-03
5.036634408339610847e-01 1.992870929236690517e-03
5.045922641584285051e-01 1.924065406827250033e-03
5.055228003583964735e-01 1.857324286381085770e-03
5.064550525926374558e-01 1.792913773620211657e-03
5.073890240257511453e-01 1.731056895649624693e-03
5.083247178281712353e-01 1.671937607939312899e-03
5.092621371761794080e-01 1.615705077657122535e-03
5.102012852519151043e-01 1.562478048363068715e-03
5.111421652433842944e-01 1.512349210196179761e-03
5.120847803444739110e-01 1.465389518115234845e-03
5.130291337549605091e-01 1.421652418189302226e-03
5.139752286805201464e-01 1.381177958207627969e-03
5.149230683327425950e-01 1.343984689153981385e-03
5.158726559291380021e-01 1.309585613206012272e-03
5.168239946931518780e-01 1.276880314733882605e-03
5.177770878541739785e-01 1.244827349397652086e-03
5.187319386475479632e-01 1.212485618416158468e-03
5.196885503145859397e-01 1.179012818764895842e-03
5.206469261025756801e-01 1.143670254023719220e-03
5.216070692647944984e-01 1.105832636897794872e-03
5.225689830605194652e-01 1.065001382410502018e-03
5.235326707550366221e-01 1.020819697706511989e-03
5.244981356196555256e-01 9.730875698876503919e-04
5.254653809317166857e-01 9.217745921162721250e-04
5.264344099746056660e-01 8.670285075857532076e-04
5.274052260377634083e-01 8.091774450540873418e-04
5.283778324166953366e-01 7.487241117530870184e-04
5.293522324129861234e-01 6.863307228760681103e-04
5.303284293343072386e-01 6.227941758183080196e-04
5.313064264944311610e-01 5.590118807050965160e-04
5.322862272132417027e-01 4.959396578649687007e-04
5.332678348167434468e-01 4.345440962842191286e-04
5.342512526370762904e-01 3.757526024194075744e-04
5.352364840125233281e-01 3.204049219792963932e-04
5.362235322875253951e-01 2.692100762127478428e-04
5.372124008126908379e-01 2.228141398613127963e-04
5.382030929448055057e-01 1.819256809340913297e-04
5.391956120468475167e-01 1.468166636662085489e-04
5.401899614879948075e-01 1.173321499430987706e-04
5.411861446436402323e-01 9.303562908366255562e-05
5.421841648954012216e-01 7.333350059241967324e-05
5.431840256311295523e-01 5.757137986605483895e-05
5.441857302449272238e-01 4.510162822134929105e-05
5.451892821371528974e-01 3.532558954804283530e-05
5.461946847144377726e-01 2.771586824169991893e-05
5.472019413896953566e-01 2.182426795985076319e-05
5.482110555821311237e-01 1.728037910974248038e-05
5.492220307172586136e-01 1.378476879939058779e-05
5.502348702269058700e-01 1.109963255867106709e-05
5.512495775492317618e-01 9.038801921266298106e-06
5.522661561287351972e-01 7.458243247383107794e-06
5.532846094162658934e-01 6.247638335726098613e-06
5.543049408690392532e-01 5.323277884311463497e-06
5.553271539506442478e-01 4.622283400087923410e-06
5.563512521310589598e-01 4.098061124619983011e-06
5.573772388866603533e-01 3.716849541952883441e-06
5.584051177002347099e-01 3.455226113879557886e-06
5.594348920609932829e-01 3.298474752313158828e-06
5.604665654645795136e-01 3.239328430949873817e-06
5.615001414130853519e-01 3.271878386307300709e-06
5.625356234150605816e-01 3.392935233778895035e-06
5.635730149855240345e-01 3.605869114476134210e-06
5.646123196459784666e-01 3.920306704931151940e-06
5.656535409244188850e-01 4.352367464211034621e-06
5.666966823553479804e-01 4.925453387188018551e-06
5.677417474797863406e-01 5.671549746300449858e-06
5.687887398452834420e-01 6.633028716223596626e-06
5.698376630059320824e-01 7.864956666907192841e-06
5.708885205223795944e-01 9.437888477216382517e-06
5.719413159618379483e-01 1.144108267927217708e-05
5.729960528980996282e-01 1.398598017127009739e-05
5.740527349115455147e-01 1.720964528625986177e-05
5.751113655891608722e-01 2.127766083922525352e-05
5.761719485245460071e-01 2.638569407209094100e-05
5.772344873179261482e-01 3.275861760278145075e-05
5.782989855761686560e-01 4.064571229582517498e-05
5.793654469127897944e-01 5.031016770627533085e-05
5.804338749479714954e-01 6.201094800275929874e-05
5.815042733085717952e-01 7.597527511225504282e-05
5.825766456281353811e-01 9.236070139818282365e-05
5.836509955469100230e-01 1.112072033286629015e-04
5.847273267118541229e-01 1.323820485055391381e-04
5.858056427766535901e-01 1.555233068313989335e-04
5.868859474017321665e-01 1.800397292154992928e-04
5.879682442542618626e-01 2.053531866935353028e-04
5.890525370081801659e-01 2.308618721492559835e-04
5.901388293441971467e-01 2.559046760660410352e-04
5.912271249498126657e-01 2.797931277257939401e-04
5.923174275193267002e-01 3.018465724062119305e-04
5.934097407538500013e-01 3.214277802608094653e-04
5.945040683613214139e-01 3.379761820721397859e-04
5.956004140565150928e-01 3.510361795042306983e-04
5.966987815610577117e-01 3.602784876281198037e-04
5.977991746034390097e-01 3.655131632369140932e-04
5.989015969190226718e-01 3.666937626579608398e-04
6.000060522500636484e-01 3.639128616322658428e-04
6.011125443457152606e-01 3.573898706301790649e-04
6.022210769620468529e-01 3.474526247806549936e-04
6.033316538620544511e-01 3.345145778039575147e-04
6.044442788156716428e-01 3.190495714933151965e-04
6.055589555997868967e-01 3.015660996332371726e-04
6.066756879982510009e-01 2.825827710862469631e-04
6.077944798018948269e-01 2.626063470810222067e-04
6.089153348085399875e-01 2.421133332955048470e-04
6.100382568230098279e-01 2.215356968242976983e-04
6.111632496571467454e-01 2.012508927978866856e-04
6.122903171298204050e-01 1.815760558344916230e-04
6.134194630669447257e-01 1.627659562959071445e-04
6.145506913014892048e-01 1.450141477473803340e-04
6.156840056734897981e-01 1.284573817080732509e-04
6.168194100300666838e-01 1.131943220871767003e-04
6.179569082254320334e-01 9.928312172088797161e-05
6.190965041209077757e-01 8.673251209696301541e-05
6.202382015849363661e-01 7.551177217648506865e-05
6.213820044930925546e-01 6.556078611341477672e-05
6.225279167281003723e-01 5.679902884452570202e-05
6.236759421798421243e-01 4.913324546944726435e-05
6.248260847453748212e-01 4.246374511877256698e-05
6.259783483289427242e-01 3.668934452714629426e-05
6.271327368419878923e-01 3.171107346648482347e-05
6.282892542031681682e-01 2.743479901630030635e-05
6.294479043383652828e-01 2.377294504957928509e-05
6.306086911807029516e-01 2.064548408493998319e-05
6.317716186705580883e-01 1.798036695371969988e-05
6.329366907555721289e-01 1.571353668002964071e-05
6.341039113906684621e-01 1.378865054006398270e-05
6.352732845380638649e-01 1.215661130485452678e-05
6.364448141672800485e-01 1.077498705763528331e-05
6.376185042551617554e-01 9.607379811495357833e-06
6.387943587858848637e-01 8.622786948515232707e-06
6.399723817509747059e-01 7.794986365808624553e-06
6.411525771493171710e-01 7.101965999050474639e-06
6.423349489871711393e-01 6.525410813996925137e-06
6.435195012781858015e-01 6.050255074900970092e-06
6.447062380434096518e-01 5.664304391441939935e-06
6.458951633113084734e-01 5.357930445683747218e-06
6.470862811177771068e-01 5.123841231442086116e-06
6.482795955061509963e-01 4.956931045725321714e-06
6.494751105272248415e-01 4.853556988414201479e-06
6.506728302392609242e-01 4.808104480514782493e-06
6.518727587080073160e-01 4.815529366641632439e-06
6.530749000067100907e-01 4.872592378633950621e-06
6.542792582161248705e-01 4.977503389260667296e-06
6.554858374245352559e-01 5.129653314769939439e-06
6.566946417277618187e-01 5.329407910306987038e-06
6.579056752291800869e-01 5.577941276956107717e-06
6.591189420397328691e-01 5.877091762989080795e-06
6.603344462779422441e-01 6.229226094002801569e-06
6.615521920699278802e-01 6.637099609531729285e-06
6.627721835494160274e-01 7.103701864718793266e-06
6.639944248577579478e-01 7.632077934891202278e-06
6.652189201439422384e-01 8.225116854662986848e-06
6.664456735646068219e-01 8.885300029159681249e-06
6.676746892840574876e-01 9.614404462281151515e-06
6.689059714742769946e-01 1.041315853212237129e-05
6.701395243149439462e-01 1.128085205178608775e-05
6.713753519934447800e-01 1.221490766390216388e-05
6.726134587048858693e-01 1.321042729326924592e-05
6.738538486521127302e-01 1.425973531133192077e-05
6.750965260457189032e-01 1.535194889135985764e-05
6.763414951040644940e-01 1.647261508932757607e-05
6.775887600532893851e-01 1.760346245759343019e-05
6.788383251273244490e-01 1.872232112093536561e-05
6.800901945679115324e-01 1.980326756439361479e-05
6.813443726246121157e-01 2.081704710892740633e-05
6.826008635548262982e-01 2.173181650316696064e-05
6.838596716238056761e-01 2.251423000790272669e-05
6.851208011046651114e-01 2.313086442402312529e-05
6.863842562784027157e-01 2.354994261671784607e-05
6.876500414339085099e-01 2.374327406250531814e-05
6.889181608679838531e-01 2.369363274071259972e-05
6.901886188853539883e-01 2.340974986780173896e-05
6.914614197986805877e-01 2.291111268090398337e-05
6.927365679285811817e-01 2.222235543351238002e-05
6.940140676036383738e-01 2.137168239784142926e-05
6.952939231604193804e-01 2.038929739165092802e-05
6.965761389434884654e-01 1.930593987670460384e-05
6.978607193054200408e-01 1.815160330644960415e-05
6.991476686068177626e-01 1.695448493219599243e-05
7.004369912163241896e-01 1.574019069338576305e-05
7.017286915106403233e-01 1.453119636455012740e-05
7.030227738745383759e-01 1.334654822302785399e-05
7.043192427008745371e-01 1.220177375385951290e-05
7.056181023906081817e-01 1.110896526791064360e-05
7.069193573528147478e-01 1.007699622905168936e-05
7.082230120046981714e-01 9.111830714324953154e-06
7.095290707716114254e-01 8.216889784142754113e-06
7.108375380870655125e-01 7.393443642015182998e-06
7.121484183927494493e-01 6.641004445189353745e-06
7.134617161385435891e-01 5.957700782284254327e-06
7.147774357825319447e-01 5.340620639855188355e-06
7.160955817910230614e-01 4.786114795849625077e-06
7.174161586385588985e-01 4.290056821295263593e-06
7.187391708079352570e-01 3.848059186002299291e-06
7.200646227902148810e-01 3.455647385648351040e-06
7.213925190847404467e-01 3.108395632177407661e-06
7.227228641991547686e-01 2.802028605316720786e-06
7.240556626494106807e-01 2.532494189422427073e-06
7.253909189597912421e-01 2.296012151763076151e-06
7.267286376629225053e-01 2.089103476891740136e-06
7.280688232997877263e-01 1.908604659153467432e-06
7.294114804197466828e-01 1.751670753483945915e-06
7.307566135805462215e-01 1.615770455750402719e-06
7.321042273483403529e-01 1.498675973016981238e-06
7.334543262977039069e-01 1.398449982243476517e-06
7.348069150116451898e-01 1.313431583249262845e-06
7.361619980816274111e-01 1.242176286840061546e-06
7.375195801075783431e-01 1.182997645612672032e-06
7.388796656979104149e-01 1.134233190559429253e-06
7.402422594695348135e-01 1.094535274696686837e-06
7.416073660478746943e-01 1.062813903214995328e-06
7.429749900668862761e-01 1.038187651755943087e-06
7.443451361690679446e-01 1.019945045848057642e-06
7.457178090054821240e-01 1.007513983092279047e-06
7.470930132357684883e-01 1.000437360500699581e-06
7.484707535281570623e-01 9.983535005207123729e-07
7.498510345594900928e-01 1.000980290798795798e-06
7.512338610152313745e-01 1.008102193559163872e-06
7.526192375894875664e-01 1.019559461580587255e-06
7.540071689850220693e-01 1.035239034499150151e-06
7.553976599132683489e-01 1.055066692860994752e-06
7.567907150943515848e-01 1.079000126420306001e-06
7.581863392570982185e-01 1.107022633964691533e-06
7.595845371390579359e-01 1.139137219299492260e-06
7.609853134865166568e-01 1.175360885698629273e-06
7.623886730545113011e-01 1.215718962126601385e-06
7.637946206068504384e-01 1.260239321284292248e-06
7.652031609161246140e-01 1.308946374055236878e-06
7.666142987637282191e-01 1.361854748950381767e-06
7.680280389398732588e-01 1.418962590142921478e-06
7.694443862436027848e-01 1.480244434920378658e-06
7.708633454828134335e-01 1.545643661912717978e-06
7.722849214742649737e-01 1.615064536106365634e-06
7.737091190436021781e-01 1.688363915973842752e-06
7.751359430253693672e-01 1.765342732236456303e-06
7.765653982630235097e-01 1.845737396623478387e-06
7.779974896089562053e-01 1.929211351773152066e-06
7.794322219245075622e-01 2.015347028821119585e-06
7.808696000799802972e-01 2.103638535263736191e-06
7.823096289546616067e-01 2.193485449647143222e-06
7.837523134368336031e-01 2.284188148062352080e-06
7.851976584237957413e-01 2.374945126152789837e-06
7.866456688218782523e-01 2.464852804574054775e-06
7.880963495464574642e-01 2.552908310388619158e-06
7.895497055219770077e-01 2.638015706381292300e-06
7.910057416819589182e-01 2.718996089646898367e-06
7.924644629690258402e-01 2.794601895669104031e-06
7.939258743349150160e-01 2.863535621399828907e-06
7.953899807404929412e-01 2.924473019415703204e-06
7.968567871557781235e-01 2.976095352494933899e-06
7.983262985599510753e-01 3.017471908579873322e-06
7.997985199413768509e-01 3.048352922942491881e-06
8.012734562976198127e-01 3.068664706734555894e-06
8.027511126354583970e-01 3.078451947063771108e-06
8.042314939709068744e-01 3.077872555134065697e-06
8.057146053292271182e-01 3.067190617342439108e-06
8.072004517449500316e-01 3.046767725107291881e-06
8.086890382618915352e-01 3.017052984026810716e-06
8.101803699331660003e-01 2.978572016374280013e-06
8.116744518212100079e-01 2.931915273473226790e-06
8.131712889977927849e-01 2.877725967085520108e-06
8.146708865440386305e-01 2.816687912807137114e-06
8.161732495504426810e-01 2.749513555037112153e-06
8.176783831168845662e-01 2.676932413916191382e-06
8.191862923526525009e-01 2.599680161326394191e-06
8.206969823764533878e-01 2.518488497172841939e-06
8.222104583164364655e-01 2.434075960206920572e-06
8.237267253102077413e-01 2.347139770942017950e-06
8.252457885048450903e-01 2.258348768910039838e-06
8.267676530569219029e-01 2.168337473572759382e-06
8.282923241325174102e-01 2.077701268385142887e-06
8.298198069072404426e-01 1.986992681336068175e-06
8.313501065662441958e-01 1.896718713109681869e-06
8.328832283042417739e-01 1.807339145955010224e-06
8.344191773255291711e-01 1.719265752412310716e-06
8.359579588439962627e-01 1.632862313069228265e-06
8.374995780831510084e-01 1.548445346234623922e-06
8.390440402761337735e-01 1.466285449487576614e-06
8.405913506657333167e-01 1.386609153064355497e-06
8.421415145044101047e-01 1.309601187557620733e-06
8.436945370543074141e-01 1.235407072967732908e-06
8.452504235872752014e-01 1.164135942315776573e-06
8.468091793848854243e-01 1.095863520389660968e-06
8.483708097384474733e-01 1.030635186347625157e-06
8.499353199490319311e-01 9.684690575046270878e-07
8.515027153274817850e-01 9.093590403706198978e-07
8.530730011944368529e-01 8.532778036352652865e-07
8.546461828803485483e-01 8.001796360990155167e-07
8.562222657254958680e-01 7.500031603655540560e-07
8.578012550800097058e-01 7.026738803212026997e-07
8.593831563038835109e-01 6.581065469504382255e-07
8.609679747669980454e-01 6.162073328244137199e-07
8.625557158491369281e-01 5.768758106394437628e-07
8.641463849400021768e-01 5.400067354763345805e-07
8.657399874392374128e-01 5.054916340296557949e-07
8.673365287564446247e-01 4.732202069591265920e-07
8.689360143111986012e-01 4.430815527941841127e-07
8.705384495330722450e-01 4.149652235375200131e-07
8.721438398616480070e-01 3.887621233279863708e-07
8.737521907465419790e-01 3.643652622987353300e-07
8.753635076474204357e-01 3.416703781698587028e-07
8.769777960340150447e-01 3.205764382037244192e-07
8.785950613861480685e-01 3.009860339838275572e-07
8.802153091937438001e-01 2.828056811071921574e-07
8.818385449568532097e-01 2.659455477861134534e-07
8.834647741856703762e-01 2.503093157465045089e-07
8.850940024005479190e-01 2.357972153470402936e-07
8.867262351320225333e-01 2.223179432850640921e-07
8.883614779208262036e-01 2.097883465938021344e-07
8.899997363179117382e-01 1.981326368476047420e-07
8.916410158844683131e-01 1.872816852395878927e-07
8.932853221919383468e-01 1.771723897217626786e-07
8.949326608220420365e-01 1.677471064070151209e-07
8.965830373667894593e-01 1.589531383207691321e-07
8.982364574285062186e-01 1.507422753722761477e-07
8.998929266198487653e-01 1.430703801054741559e-07
9.015524505638217168e-01 1.358970143976126050e-07
9.032150348938027262e-01 1.291851028110450331e-07
9.048806852535548062e-01 1.229006287783181641e-07
9.065494072972510864e-01 1.170123602200940847e-07
9.082212066894921332e-01 1.114916015669789851e-07
9.098960891053219369e-01 1.063119694849807968e-07
9.115740602302537798e-01 1.014491898956915570e-07
9.132551257602818939e-01 9.688091414076850955e-08
9.149392914019076617e-01 9.258655236940715858e-08
9.166265628721559366e-01 8.854712243131113342e-08
9.183169458985919187e-01 8.474511273848541512e-08
9.200104462193466892e-01 8.116435772017161443e-08
9.217070695831296456e-01 7.778992463851336673e-08
9.234068217492542585e-01 7.460801065999469069e-08
9.251097084876551691e-01 7.160584919149004295e-08
9.268157355789045093e-01 6.877162459105845363e-08
9.285249088142384366e-01 6.609439445410717040e-08
9.302372339955691238e-01 6.356401875639814391e-08
9.319527169355110718e-01 6.117109520747857585e-08
9.336713634573980958e-01 5.890690023277458063e-08
9.353931793953002005e-01 5.676333506030244046e-08
9.371181705940498929e-01 5.473287643968537769e-08
9.388463429092546164e-01 5.280853156756060632e-08
9.405777022073231741e-01 5.098379683495206336e-08
9.423122543654827155e-01 4.925262004952408646e-08
9.440500052717960555e-01 4.760936581907137743e-08
9.457909608251883204e-01 4.604878381266345839e-08
9.475351269354589379e-01 4.456597964291968580e-08
9.492825095233088373e-01 4.315638813714710545e-08
9.510331145203575476e-01 4.181574878700410057e-08
9.527869478691605165e-01 4.054008318601472944e-08
9.545440155232355339e-01 3.932567428201782600e-08
9.563043234470759435e-01 3.816904728766512180e-08
9.580678776161772880e-01 3.706695210648238609e-08
9.598346840170547400e-01 3.601634714508164730e-08
9.616047486472604211e-01 3.501438439386561056e-08
9.633780775154094922e-01 3.405839566920480865e-08
9.651546766411983613e-01 3.314587991971177777e-08
9.669345520554210038e-01 3.227449150792620794e-08
9.687177097999972730e-01 3.144202938660784399e-08
9.705041559279852237e-01 3.064642709599991743e-08
9.722938965036083125e-01 2.988574351486355850e-08
9.740869376022733839e-01 2.915815430398938620e-08
9.758832853105881000e-01 2.846194398619792804e-08
9.776829457263888079e-01 2.779549861168137036e-08
9.794859249587529737e-01 2.715729896194729856e-08
9.812922291280269382e-01 2.654591424959535473e-08
9.831018643658437917e-01 2.595999627481506615e-08
9.849148368151413591e-01 2.539827400278163454e-08
9.867311526301898450e-01 2.485954852913745587e-08
9.885508179766044901e-01 2.434268840350154646e-08
9.903738390313741036e-01 2.384662528342655935e-08
9.922002219828784941e-01 2.337034989351935508e-08
9.940299730309066772e-01 2.291290826651096787e-08
9.958630983866850750e-01 2.247339824495558547e-08
9.976996042728903946e-01 2.205096622398393563e-08
9.995394969236774951e-01 2.164480411710186819e-08
1.001382782584698372e+00 2.125414652848996143e-08
1.003229467513119255e+00 2.087826811657267393e-08
1.005079557977650140e+00 2.051648113483771011e-08
1.006933060258556889e+00 2.016813313700584053e-08
1.008789980647689877e+00 1.983260483465273601e-08
1.010650325448503084e+00 1.950930834781867944e-08
1.012514100976071418e+00 1.919769935954393401e-08
1.014381313557119579e+00 1.889728167944041847e-08
1.016251969530036270e+00 1.860758466186026555e-08
1.018126075244901063e+00 1.832815997452180659e-08
1.020003637063504831e+00 1.805858035108212182e-08
1.021884661359367064e+00 1.779843841914573626e-08
1.023769154517764735e+00 1.754734559874177810e-08
1.025657122935746068e+00 1.730493106665988453e-08
1.027548573022159850e+00 1.707084078235537727e-08
1.029443511197673411e+00 1.684473657144328180e-08
1.031341943894791058e+00 1.662629526307730372e-08
1.033243877557884494e+00 1.641520787776778083e-08
1.035149318643205030e+00 1.621117886243764682e-08
1.037058273618913340e+00 1.601392536973120124e-08
1.038970748965098334e+00 1.582317657880173212e-08
1.040886751173796032e+00 1.563867305499330665e-08
1.042806286749018874e+00 1.546016614600619994e-08
1.044729362206768819e+00 1.528741741230648930e-08
1.046655984075068213e+00 1.512019808968454592e-08
1.048586158893977549e+00 1.495828858201629941e-08
1.050519893215614564e+00 1.480147798240841426e-08
1.052457193604184660e+00 1.464956362103006653e-08
1.054398066635994224e+00 1.450235063805255879e-08
1.056342518899480609e+00 1.435965158021730794e-08
1.058290556995230336e+00 1.422128601965580711e-08
1.060242187536000191e+00 1.408708019367497314e-08
1.062197417146745426e+00 1.395686666430452550e-08
1.064156252464634189e+00 1.383048399648662730e-08
1.066118700139077946e+00 1.370777645385632604e-08
1.068084766831750798e+00 1.358859371113589052e-08
1.070054459216608134e+00 1.347279058222480882e-08
1.072027783979916382e+00 1.336022676313004516e-08
1.074004747820272776e+00 1.325076658893684218e-08
1.075985357448624002e+00 1.314427880407084991e-08
1.077969619588296846e+00 1.304063634515038217e-08
1.079957540975013064e+00 1.293971613577596439e-08
1.081949128356918699e+00 1.284139889264154561e-08
1.083944388494604505e+00 1.274556894239542871e-08
1.085943328161125265e+00 1.265211404871316557e-08
1.087945954142030880e+00 1.256092524907871198e-08
1.089952273235379909e+00 1.247189670080375910e-08
1.091962292251771105e+00 1.238492553584257384e-08
1.093976018014362728e+00 1.229991172398941660e-08
1.095993457358892753e+00 1.221675794406992986e-08
1.098014617133709070e+00 1.213536946276258319e-08
1.100039504199784801e+00 1.205565402070825598e-08
1.102068125430749168e+00 1.197752172558723697e-08
1.104100487712907031e+00 1.190088495186177085e-08
1.106136597945258870e+00 1.182565824690140184e-08
1.108176463039532988e+00 1.175175824322239455e-08
1.110220089920198827e+00 1.167910357659160740e-08
1.112267485524498944e+00 1.160761480975571528e-08
1.114318656802469665e+00 1.153721436157340061e-08
1.116373610716959730e+00 1.146782644133733014e-08
1.118432354243663829e+00 1.139937698808511453e-08
1.120494894371135475e+00 1.133179361471034894e-08
1.122561238100820091e+00 1.126500555668998821e-08
1.124631392447073885e+00 1.119894362525815699e-08
1.126705364437186052e+00 1.113354016485968640e-08
1.128783161111408750e+00 1.106872901472671105e-08
1.130864789522973313e+00 1.100444547442617963e-08
1.132950256738121331e+00 1.094062627323311217e-08
1.135039569836125750e+00 1.087720954318792796e-08
1.137132735909310632e+00 1.081413479570280172e-08
1.139229762063084683e+00 1.075134290158275541e-08
1.141330655415954576e+00 1.068877607433327419e-08
1.143435423099558257e+00 1.062637785662802371e-08
1.145544072258685597e+00 1.056409310981118203e-08
1.147656610051298820e+00 1.050186800631349038e-08
1.149773043648564474e+00 1.043965002485875481e-08
1.151893380234869646e+00 1.037738794834318003e-08
1.154017627007854152e+00 1.031503186426511624e-08
1.156145791178430526e+00 1.025253316758803379e-08
1.158277879970806001e+00 1.018984456591573734e-08
1.160413900622514927e+00 1.012692008685969959e-08
1.162553860384434090e+00 1.006371508747915086e-08
1.164697766520815136e+00 1.000018626566968024e-08
1.166845626309306105e+00 9.936291673379702423e-09
1.168997447040972304e+00 9.871990731528443338e-09
1.171153236020329835e+00 9.807244246500315304e-09
1.173313000565360031e+00 9.742014428087104749e-09
1.175476748007543870e+00 9.676264908748139893e-09
1.177644485691881737e+00 9.609960764057204528e-09
1.179816220976916519e+00 9.543068534200750379e-09
1.181991961234763799e+00 9.475556246392364199e-09
1.184171713851135177e+00 9.407393438064475265e-09
1.186355486225358469e+00 9.338551180697111073e-09
1.188543285770412128e+00 9.269002104140066254e-09
1.190735119912939455e+00 9.198720421285059889e-09
1.192930996093283902e+00 9.127681952939476739e-09
1.195130921765509724e+00 9.055864152754060495e-09
1.197334904397423516e+00 8.983246132054166049e-09
1.199542951470609076e+00 8.909808684421496040e-09
1.201755070480441390e+00 8.835534309874830160e-09
1.203971268936122385e+00 8.760407238493689685e-09
1.206191554360701801e+00 8.684413453330658104e-09
1.208415934291098948e+00 8.607540712457567552e-09
1.210644416278137347e+00 8.529778569986872980e-09
1.212877007886560277e+00 8.451118395916562086e-09
1.215113716695065404e+00 8.371553394639757500e-09
1.217354550296326110e+00 8.291078621967269928e-09
1.219599516297014130e+00 8.209691020651944884e-09
1.221848622317833755e+00 8.127397071892918721e-09
1.224101875993538480e+00 8.044223833703911773e-09
1.226359284972964314e+00 7.960202046686245507e-09
1.228620856919053317e+00 7.875363091358000091e-09
1.230886599508874912e+00 7.789738963020513643e-09
1.233156520433661196e+00 7.703362245704394887e-09
1.235430627398822923e+00 7.616266085225664836e-09
1.237708928123984586e+00 7.528484161379544491e-09
1.239991430343006629e+00 7.440050659307047030e-09
1.242278141804007641e+00 7.351000240066771863e-09
1.244569070269400557e+00 7.261368010447766252e-09
1.246864223515907533e+00 7.171189492062718301e-09
1.249163609334596137e+00 7.080500589759608539e-09
1.251467235530901778e+00 6.989337559393524893e-09
1.253775109924650133e+00 6.897736975002462592e-09
1.256087240350092893e+00 6.805735695429350646e-09
1.258403634655923975e+00 6.713370830438767746e-09
1.260724300705315271e+00 6.620679706373624150e-09
1.263049246375939516e+00 6.527699831401391585e-09
1.265378479559992719e+00 6.434468860399984322e-09
1.267712008164231019e+00 6.341024559533019046e-09
1.270049840109985784e+00 6.247404770568143323e-09
1.272391983333200471e+00 6.153647374989612818e-09
1.274738445784453722e+00 6.059790257960530095e-09
1.277089235428982006e+00 5.965871272188340502e-09
1.279444360246715817e+00 5.871928201748314729e-09
1.281803828232297215e+00 5.777998725922118313e-09
1.284167647395114464e+00 5.684120383105535097e-09
1.286535825759326679e+00 5.590330534843316765e-09
1.288908371363886696e+00 5.496666330046601073e-09
1.291285292262577489e+00 5.403164669449042810e-09
1.293666596524029044e+00 5.309862170359324418e-09
1.296052292231754555e+00 5.216795131764281158e-09
1.298442387484175065e+00 5.123999499839818887e-09
1.300836890394641454e+00 5.031510833924297756e-09
1.303235809091472630e+00 4.939364273008499303e-09
1.305639151717971291e+00 4.847594502797131502e-09
1.308046926432462342e+00 4.756235723393605313e-09
1.310459141408314876e+00 4.665321617661143049e-09
1.312875804833967042e+00 4.574885320310765909e-09
1.315296924912961796e+00 4.484959387765036320e-09
1.317722509863970437e+00 4.395575768847285156e-09
1.320152567920816589e+00 4.306765776342079352e-09
1.322587107332513279e+00 4.218560059472321446e-09
1.325026136363280926e+00 4.130988577337113602e-09
1.327469663292583979e+00 4.044080573351244717e-09
1.329917696415155115e+00 3.957864550726830806e-09
1.332370244041020335e+00 3.872368249035029914e-09
1.334827314495534933e+00 3.787618621882600468e-09
1.337288916119402593e+00 3.703641815738363916e-09
1.339755057268712024e+00 3.620463149939497009e-09
1.342225746314962054e+00 3.538107097907392078e-09
1.344700991645085164e+00 3.456597269599880200e-09
1.347180801661486349e+00 3.375956395222725165e-09
1.349665184782059990e+00 3.296206310223529469e-09
1.352154149440228270e+00 3.217367941585656793e-09
1.354647704084966264e+00 3.139461295439263007e-09
1.357145857180825255e+00 3.062505446003221894e-09
1.359648617207972254e+00 2.986518525867928033e-09
1.362155992662207327e+00 2.911517717628809918e-09
1.364667992055001777e+00 2.837519246874313706e-09
1.367184623913523689e+00 2.764538376532645680e-09
1.369705896780661902e+00 2.692589402576501261e-09
1.372231819215064874e+00 2.621685651082863929e-09
1.374762399791159329e+00 2.551839476643446564e-09
1.377297647099188227e+00 2.483062262116189853e-09
1.379837569745235859e+00 2.415364419708307644e-09
1.382382176351253822e+00 2.348755393376832091e-09
1.384931475555098768e+00 2.283243662530060359e-09
1.387485476010551055e+00 2.218836747012606570e-09
1.390044186387354497e+00 2.155541213351449220e-09
1.392607615371240781e+00 2.093362682240595543e-09
1.395175771663954789e+00 2.032305837237926540e-09
1.397748663983294781e+00 1.972374434645855329e-09
1.400326301063129719e+00 1.913571314546165088e-09
1.402908691653439455e+00 1.855898412955513146e-09
1.405495844520339821e+00 1.799356775068071261e-09
1.408087768446108390e+00 1.743946569548333105e-09
1.410684472229224440e+00 1.689667103835718106e-09
1.413285964684386498e+00 1.636516840421722770e-09
1.415892254642553194e+00 1.584493414057187590e-09
1.418503350950969022e+00 1.533593649847391588e-09
1.421119262473188760e+00 1.483813582190370427e-09
1.423739998089119441e+00 1.435148474512552889e-09
1.426365566695037668e+00 1.387592839755632441e-09
1.428995977203630252e+00 1.341140461566310914e-09
1.431631238544020190e+00 1.295784416140906817e-09
1.434271359661793088e+00 1.251517094675340316e-09
1.436916349519036684e+00 1.208330226370471984e-09
1.439566217094360168e+00 1.166214901942947541e-09
1.442220971382935479e+00 1.125161597590306619e-09
1.444880621396522402e+00 1.085160199360084460e-09
1.447545176163495206e+00 1.046200027871694368e-09
1.450214644728883950e+00 1.008269863340144219e-09
1.452889036154392244e+00 9.713579708513550673e-10
1.455568359518440102e+00 9.354521258381982095e-10
1.458252623916189039e+00 9.005396397078423134e-10
1.460941838459568265e+00 8.666073855707977421e-10
1.463636012277315990e+00 8.336418240229112963e-10
1.466335154515004291e+00 8.016290289326998909e-10
1.469039274335067091e+00 7.705547131868608413e-10
1.471748380916840349e+00 7.404042543478157316e-10
1.474462483456582484e+00 7.111627201788203923e-10
1.477181591167515240e+00 6.828148939924038840e-10
1.479905713279851209e+00 6.553452997801836460e-10
1.482634859040820041e+00 6.287382270828021065e-10
1.485369037714710183e+00 6.029777555602738804e-10
1.488108258582889087e+00 5.780477792250193645e-10
1.490852530943844512e+00 5.539320303007002271e-10
1.493601864113212274e+00 5.306141026723351352e-10
1.496356267423802455e+00 5.080774748945347704e-10
1.499115750225642696e+00 4.863055327262282639e-10
1.501880321885996850e+00 4.652815911628285541e-10
1.504649991789408059e+00 4.449889159375740240e-10
1.507424769337725845e+00 4.254107444666592134e-10
1.510204663950132975e+00 4.065303062140114764e-10
1.512989685063189205e+00 3.883308424535745624e-10
1.515779842130850152e+00 3.707956254093399967e-10
1.518575144624510376e+00 3.539079767545964351e-10
1.521375602033031127e+00 3.376512854544092433e-10
1.524181223862767665e+00 3.220090249369936600e-10
1.526992019637612330e+00 3.069648135017793387e-10
1.529807998899014754e+00 2.925040484159273842e-10
1.532629171206024932e+00 2.786140252107991451e-10
1.535455546135320981e+00 2.652816280704244740e-10
1.538287133281237118e+00 2.524932530353278589e-10
1.541123942255806956e+00 2.402348907515795350e-10
1.543965982688783711e+00 2.284922043411177913e-10
1.546813264227684170e+00 2.172506023959847730e-10
1.549665796537815998e+00 2.064953071302013526e-10
1.552523589302306606e+00 1.962114177501156562e-10
1.555386652222146449e+00 1.863839691286514949e-10
1.558254995016209676e+00 1.769979858902777715e-10
1.561128627421298320e+00 1.680385320318512628e-10
1.564007559192170271e+00 1.594907562204957264e-10
1.566891800101567256e+00 1.513399329227865909e-10
1.569781359940260579e+00 1.435714995302317369e-10
1.572676248517069997e+00 1.361710896548382381e-10
1.575576475658908793e+00 1.291245627747236349e-10
1.578482051210812642e+00 1.224180304145315756e-10
1.581392985035968035e+00 1.160378790480804589e-10
1.584309287015757128e+00 1.099707899118760418e-10
1.587230967049777286e+00 1.042037559180586706e-10
1.590158035055888153e+00 9.872409585365350832e-11
1.593090500970238521e+00 9.351946605061181406e-11
1.596028374747296086e+00 8.857786970738870107e-11
1.598971666359892296e+00 8.388766403842645837e-11
1.601920385799243451e+00 7.943756542280950147e-11
1.604874543074995996e+00 7.521665271750449536e-11
1.607834148215255166e+00 7.121436889446915113e-11
1.610799211266614961e+00 6.742052115420685665e-11
1.613769742294203002e+00 6.382527966141772408e-11
1.616745751381701401e+00 6.041917504133511205e-11
1.619727248631393612e+00 5.719309476794745702e-11
1.622714244164192410e+00 5.413827856807892711e-11
1.625706748119670308e+00 5.124631295788918668e-11
1.628704770656103307e+00 4.850912502106984890e-11
1.631708321950500862e+00 4.591897553086772577e-11
1.634717412198635200e+00 4.346845151095537460e-11
1.637732051615087281e+00 4.115045832330899097e-11
1.640752250433268777e+00 3.895821136460683693e-11
1.643778018905468041e+00 3.688522744615134599e-11
1.646809367302880078e+00 3.492531592618317739e-11
1.649846305915636524e+00 3.307256965747451762e-11
1.652888845052851385e+00 3.132135580742951224e-11
1.655936995042644355e+00 2.966630660256323874e-11
1.658990766232185887e+00 2.810231004409877645e-11
1.662050168987728282e+00 2.662450063664545282e-11
1.665115213694635443e+00 2.522825016738394309e-11
1.668185910757430168e+00 2.390915856894258330e-11
1.671262270599815913e+00 2.266304489522726716e-11
1.674344303664723865e+00 2.148593843573351696e-11
1.677432020414342917e+00 2.037406999050761804e-11
1.680525431330151198e+00 1.932386332472912492e-11
1.683624546912962705e+00 1.833192681898749192e-11
1.686729377682949282e+00 1.739504532866906745e-11
1.689839934179689029e+00 1.651017226339647174e-11
1.692956226962195831e+00 1.567442189526347582e-11
1.696078266608951335e+00 1.488506190256803944e-11
1.699206063717951354e+00 1.413950615391122659e-11
1.702339628906729851e+00 1.343530773590420900e-11
1.705478972812405569e+00 1.277015222621637529e-11
1.708624106091713779e+00 1.214185121240840742e-11
1.711775039421036926e+00 1.154833605580482294e-11
1.714931783496453033e+00 1.098765189863485212e-11
1.718094349033758128e+00 1.045795191177573408e-11
1.721262746768515095e+00 9.957491779628704827e-12
1.724436987456084536e+00 9.484624418002059045e-12
1.727617081871655857e+00 9.037794920284795475e-12
1.730803040810296789e+00 8.615535726709912196e-12
1.733994875086975362e+00 8.216462011114601175e-12
1.737192595536609208e+00 7.839267279261692697e-12
1.740396213014097304e+00 7.482719172542329852e-12
1.743605738394350402e+00 7.145655470674409520e-12
1.746821182572342090e+00 6.826980286869486648e-12
1.750042556463130117e+00 6.525660448855679372e-12
1.753269871001906344e+00 6.240722059084929576e-12
1.756503137144029170e+00 5.971247227453928263e-12
1.759742365865053948e+00 5.716370969886013584e-12
1.762987568160784280e+00 5.475278266177764837e-12
1.766238755047294218e+00 5.247201270597970585e-12
1.769495937560978005e+00 5.031416668825651359e-12
1.772759126758582937e+00 4.827243174940475462e-12
1.776028333717240670e+00 4.634039162315842690e-12
1.779303569534517848e+00 4.451200422417480432e-12
1.782584845328439638e+00 4.278158045676322196e-12
1.785872172237539246e+00 4.114376418774144784e-12
1.789165561420891226e+00 3.959351332863254476e-12
1.792465024058143452e+00 3.812608197424828445e-12
1.795770571349567968e+00 3.673700354659061466e-12
1.799082214516083633e+00 3.542207489494533873e-12
1.802399964799308973e+00 3.417734130491205555e-12
1.805723833461592154e+00 3.299908237110925435e-12
1.809053831786046285e+00 3.188379869015272860e-12
1.812389971076596717e+00 3.082819933243961826e-12
1.815732262658015461e+00 2.982919005315472516e-12
1.819080717875952713e+00 2.888386220476250826e-12
1.822435348096989705e+00 2.798948231507015571e-12
1.825796164708661129e+00 2.714348229676182286e-12
1.829163179119507765e+00 2.634345025602821941e-12
1.832536402759109118e+00 2.558712186965990453e-12
1.835915847078116947e+00 2.487237230163670759e-12
1.839301523548307005e+00 2.419720863188064632e-12
1.842693443662602792e+00 2.355976277145403682e-12
1.846091618935128187e+00 2.295828484002432638e-12
1.849496060901240524e+00 2.239113698295942763e-12
1.852906781117564572e+00 2.185678760689165248e-12
1.856323791162044046e+00 2.135380601404455824e-12
1.859747102633967142e+00 2.088085741705118253e-12
1.863176727154017387e+00 2.043669831737352783e-12
1.866612676364309609e+00 2.002017223182245158e-12
1.870054961928421688e+00 1.963020575302183637e-12
1.873503595531448518e+00 1.926580493100448890e-12
1.876958588880026424e+00 1.892605196446035064e-12
1.880419953702385794e+00 1.861010219148246963e-12
1.883887701748385934e+00 1.831718137098736552e-12
1.887361844789548382e+00 1.804658324732819197e-12
1.890842394619110634e+00 1.779766739197168764e-12
1.894329363052050796e+00 1.756985731749814119e-12
1.897822761925141322e+00 1.736263886059741570e-12
1.901322603096983199e+00 1.717555883219615639e-12
1.904828898448040375e+00 1.700822393437385692e-12
1.908341659880693708e+00 1.686029994530560859e-12
1.911860899319266505e+00 1.673151117514703129e-12
1.915386628710076700e+00 1.662164019753723044e-12
1.918918860021474382e+00 1.653052786328208495e-12
1.922457605243873546e+00 1.645806095466046764e-12
1.926002876389809160e+00 1.640391084815348428e-12
1.929554685493960475e+00 1.636754548263242487e-12
1.933113044613206100e+00 1.634848365068120859e-12
1.936677965826659520e+00 1.634630152019210640e-12
1.940249461235703743e+00 1.636062851596212839e-12
1.943827542964046140e+00 1.639114356749594230e-12
1.947412223157743982e+00 1.643757168277681927e-12
1.951003513985259508e+00 1.649968081174483408e-12
1.954601427637495004e+00 1.657727896671532899e-12
1.958205976327828557e+00 1.667021157004505607e-12
1.961817172292169786e+00 1.677835900205801470e-12
1.965435027788984268e+00 1.690163432462131508e-12
1.969059555099350378e+00 1.703998115785493872e-12
1.972690766526994377e+00 1.719337168929907748e-12
1.976328674398325935e+00 1.736180479648162981e-12
1.979973291062494534e+00 1.754530426525607049e-12
1.983624628891414998e+00 1.774391708753003146e-12
1.987282700279824121e+00 1.795771182311681678e-12
1.990947517645315745e+00 1.818677701141178420e-12
1.994619093428377399e+00 1.843121961946349849e-12
1.998297440092444699e+00 1.869116351377801717e-12
2.001982570123937766e+00 1.896674794387440784e-12
2.005674496032297416e+00 1.925812602623178480e-12
2.009373230350040451e+00 1.956546321782599499e-12
2.013078785632789192e+00 1.988893576896722786e-12
2.016791174459324321e+00 2.022872914563492822e-12
2.020510409431624854e+00 2.058503641195814142e-12
2.024236503174902779e+00 2.095805656393498721e-12
2.027969468337661230e+00 2.134799280592489904e-12
2.031709317591720687e+00 2.175505076188300153e-12
2.035456063632275825e+00 2.217943661376960381e-12
2.039209719177933255e+00 2.262135516003941645e-12
2.042970296970748389e+00 2.308100778762176433e-12
2.046737809776283168e+00 2.355859035135936661e-12
2.050512270383631819e+00 2.405429095544764494e-12
2.054293691605480809e+00 2.456828763208231632e-12
2.058082086278143930e+00 2.510074591321453513e-12
2.061877467261600927e+00 2.565181629210105677e-12
2.065679847439555239e+00 2.622163157218573781e-12
2.069489239719461970e+00 2.681030410177811774e-12
2.073305657032585181e+00 2.741792289402943419e-12
2.077129112334035188e+00 2.804455063280735638e-12
2.080959618602807648e+00 2.869022056629545849e-12
2.084797188841842619e+00 2.935493329145977002e-12
2.088641836078048541e+00 3.003865343392880261e-12
2.092493573362366188e+00 3.074130622938494970e-12
2.096352413769801970e+00 3.146277401417011192e-12
2.100218370399468792e+00 3.220289263456323562e-12
2.104091456374645119e+00 3.296144778603035633e-12
2.107971684842801174e+00 3.373817129566507332e-12
2.111859068975659781e+00 3.453273736309721049e-12
2.115753621969233667e+00 3.534475877723654677e-12
2.119655357043865429e+00 3.617378312842211967e-12
2.123564287444284826e+00 3.701928903779260921e-12
2.127480426439639416e+00 3.788068242797318589e-12
2.131403787323552290e+00 3.875729286151277244e-12
2.135334383414162929e+00 3.964836997581162110e-12
2.139272228054163616e+00 4.055308004558556076e-12
2.143217334610861613e+00 4.147050270618674653e-12
2.147169716476206691e+00 4.239962787325800563e-12
2.151129387066851528e+00 4.333935289629814902e-12
2.155096359824190788e+00 4.428847998563256860e-12
2.159070648214400645e+00 4.524571395403367005e-12
2.163052265728499179e+00 4.620966031578525786e-12
2.167041225882375244e+00 4.717882378721944246e-12
2.171037542216848859e+00 4.815160723375325862e-12
2.175041228297712070e+00 4.912631110902500653e-12
2.179052297715766251e+00 5.010113343196532217e-12
2.183070764086886495e+00 5.107417034739907885e-12
2.187096641052046486e+00 5.204341731503854789e-12
2.191129942277384224e+00 5.300677097050115941e-12
2.195170681454239325e+00 5.396203170011773935e-12
2.199218872299192551e+00 5.490690696888824984e-12
2.203274528554130196e+00 5.583901543783337185e-12
2.207337663986269849e+00 5.675589190320552187e-12
2.211408292388226560e+00 5.765499308558711398e-12
2.215486427578048811e+00 5.853370429167347206e-12
2.219572083399262041e+00 5.938934696564247070e-12
2.223665273720926816e+00 6.021918714037403537e-12
2.227766012437680576e+00 6.102044479140892275e-12
2.231874313469778048e+00 6.179030408850770359e-12
2.235990190763152974e+00 6.252592453096945552e-12
2.240113658289448750e+00 6.322445294354756567e-12
2.244244730046080605e+00 6.388303629997763691e-12
2.248383420056277782e+00 6.449883533078837968e-12
2.252529742369122623e+00 6.506903886138958609e-12
2.256683711059615849e+00 6.559087881545845774e-12
2.260845340228703648e+00 6.606164580752363836e-12
2.265014644003345179e+00 6.647870523751484285e-12
2.269191636536549872e+00 6.683951378901640096e-12
2.273376332007421841e+00 6.714163622224269248e-12
2.277568744621220720e+00 6.738276234245533499e-12
2.281768888609395862e+00 6.756072401487510334e-12
2.285976778229645401e+00 6.767351208828624414e-12
2.290192427765962879e+00 6.771929308162687153e-12
2.294415851528675443e+00 6.769642548117030044e-12
2.298647063854509565e+00 6.760347549050629873e-12
2.302886079106622130e+00 6.743923207170195051e-12
2.307132911674663944e+00 6.720272111384230701e-12
2.311387575974821917e+00 6.689321856483233506e-12
2.315650086449862144e+00 6.651026236396121044e-12
2.319920457569194294e+00 6.605366301645145956e-12
2.324198703828902257e+00 6.552351265708497045e-12
2.328484839751808533e+00 6.492019245808352728e-12
2.332778879887519974e+00 6.424437824676956884e-12
2.337080838812465533e+00 6.349704421109417406e-12
2.341390731129965985e+00 6.267946458587792487e-12
2.345708571470262349e+00 6.179321322949247934e-12
2.350034374490582945e+00 6.084016101951449857e-12
2.354368154875186914e+00 5.982247101657536482e-12
2.358709927335404632e+00 5.874259136786415317e-12
2.363059706609706545e+00 5.760324594535361000e-12
2.367417507463733362e+00 5.640742273854943486e-12
2.371783344690362227e+00 5.515836004697645299e-12
2.376157233109750244e+00 5.385953054354536663e-12
2.380539187569378878e+00 5.251462330584572228e-12
2.384929222944119243e+00 5.112752393800159102e-12
2.389327354136263182e+00 4.970229293061539468e-12
2.393733596075592995e+00 4.824314242998319303e-12
2.398147963719423181e+00 4.675441160997164675e-12
2.402570472052643513e+00 4.524054086013547383e-12
2.407001136087788318e+00 4.370604502153611727e-12
2.411439970865067561e+00 4.215548591698273348e-12
2.415886991452434351e+00 4.059344443460237872e-12
2.420342212945628457e+00 3.902454408892782801e-12
2.424805650468222495e+00 3.745432649449218114e-12
2.429277319171686766e+00 3.588893685993507181e-12
2.433757234235425226e+00 3.433414508419782781e-12
2.438245410866840324e+00 3.279529346135153169e-12
2.442741864301380517e+00 3.127728442432011036e-12
2.447246609802581130e+00 2.978457364172195192e-12
2.451759662662137629e+00 2.832116810314428505e-12
2.456281038199933597e+00 2.689062878978962402e-12
2.460810751764113569e+00 2.549607749930061628e-12
2.465348818731125213e+00 2.414020737536234660e-12
2.469895254505765081e+00 2.282529668349982221e-12
2.474450074521245657e+00 2.155322537368550176e-12
2.479013294239240661e+00 2.032549397701838121e-12
2.483584929149929454e+00 1.914324439686699208e-12
2.488164994772067651e+00 1.800728217357577273e-12
2.492753506653019535e+00 1.691809982515643920e-12
2.497350480368827785e+00 1.587590089332260546e-12
2.501955931524260102e+00 1.488062435398079756e-12
2.506569875752853171e+00 1.393196908292053662e-12
2.511192328716985500e+00 1.302941810022936707e-12
2.515823306107907165e+00 1.217226235019901794e-12
2.520462823645814421e+00 1.135962380648781563e-12
2.525110897079891892e+00 1.059047772463725245e-12
2.529767542188362306e+00 9.863673895123972182e-13
2.534432774778553554e+00 9.177956779682603974e-13
2.539106610686935550e+00 8.531984441321326537e-13
2.543789065779189951e+00 7.924346204028930881e-13
2.548480155950257231e+00 7.353579001543726912e-13
2.553179897124382869e+00 6.818182395560452693e-13
2.557888305255187511e+00 6.316632262402976529e-13
2.562605396325703833e+00 5.847393163490407213e-13
2.567331186348446703e+00 5.408929428894831741e-13
2.572065691365459372e+00 4.999714995069604668e-13
2.576808927448362319e+00 4.618242047481512604e-13
2.581560910698423861e+00 4.263028526573989923e-13
2.586321657246594352e+00 3.932624561373505988e-13
2.591091183253580787e+00 3.625617899258638016e-13
2.595869504909892100e+00 3.340638403156320659e-13
2.600656638435886236e+00 3.076361688828809305e-13
2.605452600081845649e+00 2.831511975171977986e-13
2.610257406128008828e+00 2.604864219710011543e-13
2.615071072884645353e+00 2.395245609882595068e-13
2.619893616692102967e+00 2.201536478453761192e-13
2.624725053920855533e+00 2.022670708530870726e-13
2.629565400971577649e+00 1.857635690410114931e-13
2.634414674275176171e+00 1.705471888871555405e-13
2.639272890292869711e+00 1.565272075719426797e-13
2.644140065516230820e+00 1.436180278410925909e-13
2.649016216467238394e+00 1.317390491595093314e-13
2.653901359698350504e+00 1.208145194372700857e-13
2.658795511792538591e+00 1.107733712140314277e-13
2.663698689363364736e+00 1.015490458034790612e-13
2.668610909055027847e+00 9.307930852991218016e-14
2.673532187542412952e+00 8.530605783619040253e-14
2.678462541531166696e+00 7.817513070900901613e-14
2.683401987757732421e+00 7.163610655530910984e-14
2.688350542989425662e+00 6.564211137280950777e-14
2.693308224024483888e+00 6.014962378971777189e-14
2.698275047692113571e+00 5.511828430261189240e-14
2.703251030852567904e+00 5.051070881768814463e-14
2.708236190397181442e+00 4.629230739837334230e-14
2.713230543248447812e+00 4.243110894046386394e-14
2.718234106360066793e+00 3.889759233424239280e-14
2.723246896716995824e+00 3.566452452965367185e-14
2.728268931335525060e+00 3.270680579487562368e-14
2.733300227263314230e+00 3.000132234914509105e-14
2.738340801579469908e+00 2.752680645605282200e-14
2.743390671394594360e+00 2.526370398283484736e-14
2.748449853850836178e+00 2.319404936281235854e-14
2.753518366121964878e+00 2.130134784117619329e-14
2.758596225413419756e+00 1.957046483748585653e-14
2.763683448962361844e+00 1.798752222046740527e-14
2.768780054037750737e+00 1.653980126093330059e-14
2.773886057940381011e+00 1.521565200601049284e-14
2.779001478002960823e+00 1.400440880129175197e-14
2.784126331590162096e+00 1.289631167641019103e-14
2.789260636098670698e+00 1.188243330293927630e-14
2.794404408957266828e+00 1.095461123086047183e-14
2.799557667626858759e+00 1.010538511050591543e-14
2.804720429600564557e+00 9.327938610226420556e-15
2.809892712403761816e+00 8.616045745705849101e-15
2.815074533594138728e+00 7.964021344266574855e-15
2.820265910761774020e+00 7.366675376399960752e-15
2.825466861529172036e+00 6.819270896744882134e-15
2.830677403551346227e+00 6.317485347505910619e-15
2.835897554515865782e+00 5.857374988669256191e-15
2.841127332142912021e+00 5.435342231047944201e-15
2.846366754185353898e+00 5.048105660049588480e-15
2.851615838428789296e+00 4.692672549929838831e-15
2.856874602691622744e+00 4.366313680043242075e-15
2.862143064825118710e+00 4.066540276155001975e-15
2.867421242713453111e+00 3.791082911118254838e-15
2.872709154273794141e+00 3.537872210112402458e-15
2.878006817456340460e+00 3.305021216123737476e-15
2.883314250244401133e+00 3.090809281380159050e-15
2.888631470654450251e+00 2.893667360030929682e-15
2.893958496736176222e+00 2.712164586445951116e-15
2.899295346572567045e+00 2.544996032109955676e-15
2.904642038279944938e+00 2.390971542199971345e-15
2.909998590008051167e+00 2.249005560556299036e-15
2.915365019940096225e+00 2.118107858913405643e-15
2.920741346292815344e+00 1.997375092944146658e-15
2.926127587316548873e+00 1.885983113916000357e-15
2.931523761295281361e+00 1.783179970575975669e-15
2.936929886546725488e+00 1.688279541285055378e-15
2.942345981422372247e+00 1.600655741446175940e-15
2.947772064307548678e+00 1.519737255917963929e-15
2.953208153621496468e+00 1.445002750412860521e-15
2.958654267817415029e+00 1.375976519857798318e-15
2.964110425382541436e+00 1.312224535369419838e-15
2.969576644838206825e+00 1.253350854887625963e-15
2.975052944739887906e+00 1.198994365637103578e-15
2.980539343677293562e+00 1.148825829468075760e-15
2.986035860274401266e+00 1.102545204784369027e-15
2.991542513189543673e+00 1.059879221212956985e-15
2.997059321115461472e+00 1.020579185427579037e-15
3.002586302779358451e+00 9.844189986208858664e-16
3.008123476942985430e+00 9.511933680443944545e-16
3.013670862402681561e+00 9.207161968177479216e-16
3.019228477989456039e+00 8.928191378619691597e-16
3.024796342569047169e+00 8.673502993517658062e-16
3.030374475041973881e+00 8.441730905220585868e-16
3.035962894343622764e+00 8.231651980176468772e-16
3.041561619444286713e+00 8.042176842566477934e-16
3.047170669349252847e+00 7.872328101781504911e-16
3.052790063098856699e+00 7.721010482063459283e-16
3.058419819768535497e+00 7.587060396073163612e-16
3.064059958468916101e+00 7.469440577142023833e-16
3.069710498345866512e+00 7.367233604366407773e-16
3.075371458580552275e+00 7.279630350426428088e-16
3.081042858389525740e+00 7.205919855998949730e-16
3.086724717024763365e+00 7.145480453175535927e-16
3.092417053773754532e+00 7.097771984486007815e-16
3.098119887959558394e+00 7.062328984826237910e-16
3.103833238940857608e+00 7.038754711317691148e-16
3.109557126112048042e+00 7.026715921329921731e-16
3.115291568903278741e+00 7.025938311951223432e-16
3.121036586780539857e+00 7.036202545411701343e-16
3.126792199245720383e+00 7.057340794609133490e-16
3.132558425836662330e+00 7.089233751188836793e-16
3.138335286127252655e+00 7.131808045777323592e-16
3.144122799727460560e+00 7.185034036112280452e-16
3.149920986283429869e+00 7.248923924105364626e-16
3.155729865477533203e+00 7.323530167414664651e-16
3.161549457028432375e+00 7.408944154999924553e-16
3.167379780691163660e+00 7.505295119467492452e-16
3.173220856257183087e+00 7.612749261846455792e-16
3.179072703554453483e+00 7.731509066842688997e-16
3.184935342447503537e+00 7.861812788636207739e-16
3.190808792837485530e+00 8.003934088963880831e-16
3.196693074662264156e+00 8.158181810606135711e-16
3.202588207896460037e+00 8.324899870493230221e-16
3.208494212551539437e+00 8.504467257501705736e-16
3.214411108675871542e+00 8.697298120636430382e-16
3.220338916354788417e+00 8.903841933715350259e-16
3.226277655710675596e+00 9.124583722905796533e-16
3.232227346903012943e+00 9.360044343508909459e-16
3.238188010128467464e+00 9.610780792286135274e-16
3.244159665620951927e+00 9.877386541345921724e-16
3.250142333651682591e+00 1.016049187920441525e-15
3.256136034529272028e+00 1.046076424408548463e-15
3.262140788599771746e+00 1.077890853384278062e-15
3.268156616246763679e+00 1.111566737610023447e-15
3.274183537891419693e+00 1.147182134128560984e-15
3.280221573992561979e+00 1.184818908022627047e-15
3.286270745046753206e+00 1.224562736686562945e-15
3.292331071588342706e+00 1.266503102545825723e-15
3.298402574189557068e+00 1.310733272034485985e-15
3.304485273460561423e+00 1.357350258506728520e-15
3.310579190049518505e+00 1.406454766621946079e-15
3.316684344642682358e+00 1.458151115601907808e-15
3.322800757964441853e+00 1.512547138617233938e-15
3.328928450777414838e+00 1.569754055420253397e-15
3.335067443882507199e+00 1.629886315204065514e-15
3.341217758118976366e+00 1.693061406537391383e-15
3.347379414364521466e+00 1.759399631104248501e-15
3.353552433535330835e+00 1.829023837867520028e-15
3.359736836586174835e+00 1.902059114185980890e-15
3.365932644510466698e+00 1.978632430340867116e-15
3.372139878340325581e+00 2.058872233883565647e-15
3.378358559146665385e+00 2.142907990199954461e-15
3.384588708039258265e+00 2.230869665704513887e-15
3.390830346166795906e+00 2.322887150139115113e-15
3.397083494716983232e+00 2.419089614556172359e-15
3.403348174916586366e+00 2.519604801724909927e-15
3.409624408031525000e+00 2.624558245917252863e-15
3.415912215366937676e+00 2.734072419311532522e-15
3.422211618267240407e+00 2.848265802606646895e-15
3.428522638116226595e+00 2.967251877870816201e-15
3.434845296337109222e+00 3.091138042163399690e-15
3.441179614392619879e+00 3.220024441074419283e-15
3.447525613785069609e+00 3.354002722024687218e-15
3.453883316056412411e+00 3.493154707968177423e-15
3.460252742788342495e+00 3.637550993041845217e-15
3.466633915602340466e+00 3.787249462711734860e-15
3.473026856159768361e+00 3.942293742082850478e-15
3.479431586161937151e+00 4.102711577256693281e-15
3.485848127350165360e+00 4.268513155948340810e-15
3.492276501505880759e+00 4.439689375001185146e-15
3.498716730450663892e+00 4.616210063953055471e-15
3.505168836046349323e+00 4.798022175419297928e-15
3.511632840195086480e+00 4.985047954729307499e-15
3.518108764839405378e+00 5.177183102995986906e-15
3.524596631962314319e+00 5.374294949572938221e-15
3.531096463587348300e+00 5.576220651651466499e-15
3.537608281778665820e+00 5.782765440544674459e-15
3.544132108641116830e+00 5.993700935962542220e-15
3.550667966320302238e+00 6.208763551279375887e-15
3.557215877002679161e+00 6.427653014392100315e-15
3.563775862915603998e+00 6.650031030222023638e-15
3.570347946327433686e+00 6.875520112201308594e-15
3.576932149547592310e+00 7.103702611138615960e-15
3.583528494926633723e+00 7.334119970656931956e-15
3.590137004856344127e+00 7.566272238879882371e-15
3.596757701769788262e+00 7.799617866163103526e-15
3.603390608141412432e+00 8.033573818392991141e-15
3.610035746487107122e+00 8.267516034640013395e-15
3.616693139364276277e+00 8.500780256738128006e-15
3.623362809371935445e+00 8.732663256613645346e-15
3.630044779150761958e+00 8.962424484871953852e-15
3.636739071383197075e+00 9.189288161259866293e-15
3.643445708793511262e+00 9.412445824112228656e-15
3.650164714147869915e+00 9.631059351776455664e-15
3.656896110254438170e+00 9.844264464281125582e-15
3.663639919963426195e+00 1.005117470818087446e-14
3.670396166167195773e+00 1.025088592162188575e-14
3.677164871800324697e+00 1.044248117023668097e-14
3.683946059839672937e+00 1.062503613758887217e-14
3.690739753304489668e+00 1.079762494659101689e-14
3.697545975256459005e+00 1.095932638071278276e-14
3.704364748799803930e+00 1.110923046599365549e-14
3.711196097081356893e+00 1.124644536697420922e-14
3.718040043290623320e+00 1.137010454181576678e-14
3.724896610659888641e+00 1.147937409422579007e-14
3.731765822464267135e+00 1.157346025249756683e-14
3.738647702021806296e+00 1.165161689918777339e-14
3.745542272693555663e+00 1.171315306884157676e-14
3.752449557883634768e+00 1.175744032592396235e-14
3.759369581039333053e+00 1.178391993087817338e-14
3.766302365651181816e+00 1.179210969918266111e-14
3.773247935253020380e+00 1.178161045655579392e-14
3.780206313422101783e+00 1.175211199320684620e-14
3.787177523779144295e+00 1.170339842136166100e-14
3.794161589988437555e+00 1.163535284329059946e-14
3.801158535757910961e+00 1.154796124179959818e-14
3.808168384839202947e+00 1.144131551163821909e-14
3.815191161027768896e+00 1.131561555851665895e-14
3.822226888162930880e+00 1.117117040237324265e-14
3.829275590127985129e+00 1.100839823308624779e-14
3.836337290850271753e+00 1.082784616042894087e-14
3.843412014301244906e+00 1.063048711118743784e-14
3.850499784496580702e+00 1.041761981970305608e-14
3.857600625496228286e+00 1.019059378834884067e-14
3.864714561404516857e+00 9.950789060956375020e-15
3.871841616370228945e+00 9.699603688895707741e-15
3.878981814586668353e+00 9.438441681798812783e-15
3.886135180291769853e+00 9.168701562194141453e-15
3.893301737768150694e+00 8.891765626752177337e-15
3.900481511343220742e+00 8.608989999733981402e-15
3.907674525389252640e+00 8.321695546992455497e-15
3.914880804323453312e+00 8.031159701796237250e-15
3.922100372608073204e+00 7.738609237156389817e-15
3.929333254750459137e+00 7.445214003499387973e-15
3.936579475303165321e+00 7.152081635657780376e-15
3.943839058864023084e+00 6.860253219456326147e-15
3.951112030076214143e+00 6.570699895774561299e-15
3.958398413628381629e+00 6.284320368989578298e-15
3.965698234254681598e+00 6.001939277212178175e-15
3.973011516734894943e+00 5.724306373737034465e-15
3.980338285894500672e+00 5.452096462661998730e-15
3.987678566604746067e+00 5.185910026629210650e-15
3.995032383782762153e+00 4.926274481060787826e-15
4.002399762391612548e+00 4.673645987031784289e-15
4.009780727440409365e+00 4.428411753915710083e-15
4.017175303984384271e+00 4.190892763084111705e-15
4.024583517124963095e+00 3.961346845079902286e-15
4.032005392009876843e+00 3.739972044718703575e-15
4.039440953833216774e+00 3.526910211360503354e-15
4.046890227835548082e+00 3.322250755001942332e-15
4.054353239303982726e+00 3.126034512760317799e-15
4.061830013572252263e+00 2.938257674610606589e-15
4.069320576020825087e+00 2.758875721800260218e-15
4.076824952076957054e+00 2.587807336095335561e-15
4.084343167214807835e+00 2.424938242797841768e-15
4.091875246955514633e+00 2.270124955255718524e-15
4.099421216867267681e+00 2.123198393267004095e-15
4.106981102565424813e+00 1.983967352309711224e-15
4.114554929712563869e+00 1.852221804853038784e-15
4.122142724018601712e+00 1.727736019073652545e-15
4.129744511240867944e+00 1.610271484096370643e-15
4.137360317184178626e+00 1.499579634358570562e-15
4.144990167700956185e+00 1.395404368863534002e-15
4.152634088691278258e+00 1.297484363925244204e-15
4.160292106103002041e+00 1.205555180509873038e-15
4.167964245931832679e+00 1.119351169465215338e-15
4.175650534221404975e+00 1.038607179793548439e-15
4.183350997063392640e+00 9.630600766896387893e-16
4.191065660597587339e+00 8.924500773473602687e-16
4.198794551011971521e+00 8.265219135522663132e-16
4.206537694542840988e+00 7.650258308480407476e-16
4.214295117474855523e+00 7.077184346129940855e-16
4.222066846141161456e+00 6.543633937279866663e-16
4.229852906923468048e+00 6.047320126873434207e-16
4.237653326252120323e+00 5.586036830163668252e-16
4.245468130606224300e+00 5.157662247368987032e-16
4.253297346513697619e+00 4.760161283876680995e-16
4.261141000551393887e+00 4.391587077739323012e-16
4.268999119345177284e+00 4.050081732145725246e-16
4.276871729569998948e+00 3.733876345857067406e-16
4.284758857950023092e+00 3.441290429464167390e-16
4.292660531258676748e+00 3.170730789870327150e-16
4.300576776318774996e+00 2.920689959735237911e-16
4.308507620002596461e+00 2.689744242868304489e-16
4.316453089231965023e+00 2.476551440790831892e-16
4.324413210978367950e+00 2.279848319992129304e-16
4.332388012263013621e+00 2.098447873846406048e-16
4.340377520156954994e+00 1.931236427774845404e-16
4.348381761781169530e+00 1.777170631092289378e-16
4.356400764306632922e+00 1.635274374080880998e-16
4.364434554954446988e+00 1.504635664223077146e-16
4.372483160995896512e+00 1.384403491212824620e-16
4.380546609752568266e+00 1.273784706351496721e-16
4.388624928596438046e+00 1.172040938237233547e-16
4.396718144949942619e+00 1.078485563261583139e-16
4.404826286286106729e+00 9.924807463351565936e-17
4.412949380128605270e+00 9.134345644672739237e-17
4.421087454051879639e+00 8.407982233043723018e-17
4.429240535681223889e+00 7.740633744850841425e-17
4.437408652692864663e+00 7.127595396722247474e-17
4.445591832814082878e+00 6.564516453636361797e-17
4.453790103823275892e+00 6.047376710467446054e-17
4.462003493550081856e+00 5.572464119272665097e-17
4.470232029875458757e+00 5.136353563181106431e-17
4.478475740731769683e+00 4.735886767991359733e-17
4.486734654102904507e+00 4.368153334403374151e-17
4.495008798024342944e+00 4.030472867024588707e-17
4.503298200583278010e+00 3.720378170756345566e-17
4.511602889918701287e+00 3.435599480761905404e-17
4.519922894221480192e+00 3.174049688794645441e-17
4.528258241734490319e+00 2.933810526114479927e-17
4.536608960752672282e+00 2.713119661435395658e-17
4.544975079623157832e+00 2.510358671209034563e-17
4.553356626745358682e+00 2.324041838987652392e-17
4.561753630571041107e+00 2.152805740522063350e-17
4.570166119604461841e+00 1.995399571567093705e-17
4.578594122402423139e+00 1.850676176028447110e-17
4.587037667574404232e+00 1.717583733010251851e-17
4.595496783782643035e+00 1.595158062483002006e-17
4.603971499742223195e+00 1.482515510616635730e-17
4.612461844221197538e+00 1.378846377287766481e-17
4.620967846040656468e+00 1.283408849830976572e-17
4.629489534074852308e+00 1.195523408728126817e-17
4.638026937251285453e+00 1.114567672598560815e-17
4.646580084550787859e+00 1.039971651533830238e-17
4.655149005007651830e+00 9.712133795022342021e-18
4.663733727709710841e+00 9.078148982134742788e-18
4.672334281798429245e+00 8.493385664644430599e-18
4.680950696469026617e+00 7.953836705799242339e-18
4.689583000970547033e+00 7.455833131052843675e-18
4.698231224605987855e+00 6.996015583934005026e-18
4.706895396732382331e+00 6.571308151569935304e-18
4.715575546760890191e+00 6.178894374190707833e-18
4.724271704156928209e+00 5.816195265928797571e-18
4.732983898440231485e+00 5.480849186545327996e-18
4.741712159184987563e+00 5.170693415350714969e-18
4.750456516019924358e+00 4.883747289586634228e-18
4.759216998628392759e+00 4.618196779867311810e-18
4.767993636748505182e+00 4.372380384982172791e-18
4.776786460173194193e+00 4.144776237460596895e-18
4.785595498750349286e+00 3.933990319790368443e-18
4.794420782382903923e+00 3.738745699125478527e-18
4.803262341028921689e+00 3.557872695708534041e-18
4.812120204701733073e+00 3.390299907116151628e-18
4.820994403469995859e+00 3.235046016837541921e-18
4.829884967457835465e+00 3.091207312610850133e-18
4.838791926844929314e+00 2.957888372648681786e-18
4.847715311866593879e+00 2.834226647139914989e-18
4.856655152813926790e+00 2.719440201030652675e-18
4.865611480033864567e+00 2.612820534625789185e-18
4.874584323929321172e+00 2.513725030775824413e-18
4.883573714959281276e+00 2.421570245895215594e-18
4.892579683638881072e+00 2.335825943884717646e-18
4.901602260539553058e+00 2.256009784841408164e-18
4.910641476289088203e+00 2.181682591538147735e-18
4.919697361571772731e+00 2.112444126274539081e-18
4.928769947128478712e+00 2.047929319056508155e-18
4.937859263756755546e+00 1.987804895322876977e-18
4.946965342310964076e+00 1.931766357753226901e-18
4.956088213702348533e+00 1.879535282197757693e-18
4.965227908899170650e+00 1.830856892565259633e-18
4.974384458926801145e+00 1.785497883697702556e-18
4.983557894867812088e+00 1.743244464919670950e-18
4.992748247862115463e+00 1.703900600153494899e-18
5.001955549107028887e+00 1.667286423297296219e-18
5.011179829857418611e+00 1.633236810019940665e-18
5.020421121425788336e+00 1.601600089286693866e-18
5.029679455182369807e+00 1.572236879823331988e-18
5.038954862555267589e+00 1.545019038393434656e-18
5.048247375030523898e+00 1.519828708231037667e-18
5.057557024152258052e+00 1.496557457262059095e-18
5.066883841522765053e+00 1.475105496888414585e-18
5.076227858802599080e+00 1.455380973113939597e-18
5.085589107710725365e+00 1.437299322680314018e-18
5.094967620024578814e+00 1.420782687666857234e-18
5.104363427580214108e+00 1.405759382703166900e-18
5.113776562272395410e+00 1.392163409560519690e-18
5.123207056054689623e+00 1.379934014433200415e-18
5.132654940939604948e+00 1.369015283706242938e-18
5.142120248998685916e+00 1.359355774436367555e-18
5.151603012362605760e+00 1.350908176155247667e-18
5.161103263221312076e+00 1.343629000944980270e-18
5.170621033824092549e+00 1.337478299038049271e-18
5.180156356479725055e+00 1.332419397464668476e-18
5.189709263556566476e+00 1.328418659510241354e-18
5.199279787482652182e+00 1.325445262961213427e-18
5.208867960745838133e+00 1.323470995308765750e-18
5.218473815893872825e+00 1.322470064251528292e-18
5.228097385534542063e+00 1.322418921991733090e-18
5.237738702335764884e+00 1.323296101956144489e-18
5.247397799025689480e+00 1.325082066696823000e-18
5.257074708392837969e+00 1.327759065836144603e-18
5.266769463286181008e+00 1.331311003020198868e-18
5.276482096615280781e+00 1.335723310933350774e-18
5.286212641350389596e+00 1.340982833507159103e-18
5.295961130522545801e+00 1.347077714528624438e-18
5.305727597223723002e+00 1.353997291918483340e-18
5.315512074606897563e+00 1.361731997008708416e-18
5.325314595886203151e+00 1.370273258202609301e-18
5.335135194337023101e+00 1.379613408448689401e-18
5.344973903296089013e+00 1.389745596004723207e-18
5.354830756161632621e+00 1.400663698008672746e-18
5.364705786393453302e+00 1.412362236410548978e-18
5.374599027513073501e+00 1.424836295854043441e-18
5.384510513103830220e+00 1.438081443128849955e-18
5.394440276810978929e+00 1.452093647844643747e-18
5.404388352341843671e+00 1.466869204006102076e-18
5.414354773465885451e+00 1.482404652195040778e-18
5.424339574014858556e+00 1.498696702091978809e-18
5.434342787882907366e+00 1.515742155093541113e-18
5.444364449026664055e+00 1.533537826806968863e-18
5.454404591465406682e+00 1.552080469226205302e-18
5.464463249281123147e+00 1.571366692417880950e-18
5.474540456618672835e+00 1.591392885568659857e-18
5.484636247685880761e+00 1.612155137268851220e-18
5.494750656753640605e+00 1.633649154931292316e-18
5.504883718156067474e+00 1.655870183268457660e-18
5.515035466290571620e+00 1.678812921775105576e-18
5.525205935618013875e+00 1.702471441190048814e-18
5.535395160662804237e+00 1.726839098935319722e-18
5.545603176013004898e+00 1.751908453559387948e-18
5.555830016320483900e+00 1.777671178237523710e-18
5.566075716300990628e+00 1.804117973411837591e-18
5.576340310734312133e+00 1.831238478683218437e-18
5.586623834464374383e+00 1.859021184097324219e-18
5.596926322399341736e+00 1.887453340998906693e-18
5.607247809511778591e+00 1.916520872661414323e-18
5.617588330838717781e+00 1.946208284931508059e-18
5.627947921481825766e+00 1.976498577162758585e-18
5.638326616607498565e+00 2.007373153747712661e-18
5.648724451446968331e+00 2.038811736592625528e-18
5.659141461296460562e+00 2.070792278915490135e-18
5.669577681517267820e+00 2.103290880783306309e-18
5.680033147535912263e+00 2.136281706841811224e-18
5.690507894844247794e+00 2.169736906725611711e-18
5.701001958999560415e+00 2.203626538672703071e-18
5.711515375624728996e+00 2.237918496902176420e-18
5.722048180408322970e+00 2.272578443346839600e-18
5.732600409104710693e+00 2.307569744364714046e-18
5.743172097534219311e+00 2.342853413084142129e-18
5.753763281583209377e+00 2.378388058063669432e-18
5.764373997204240041e+00 2.414129838975016221e-18
5.775004280416168534e+00 2.450032430037109593e-18
5.785654167304262963e+00 2.486046991949296860e-18
5.796323694020355966e+00 2.522122153084848022e-18
5.807012896782928202e+00 2.558204000715220628e-18
5.817721811877270000e+00 2.594236083040113973e-18
5.828450475655587049e+00 2.630159422796069661e-18
5.839198924537102542e+00 2.665912543208340635e-18
5.849967195008228593e+00 2.701431507036493828e-18
5.860755323622638180e+00 2.736649969440687165e-18
5.871563347001432120e+00 2.771499245367042847e-18
5.882391301833245656e+00 2.805908392110467554e-18
5.893239224874355031e+00 2.839804307666978966e-18
5.904107152948842696e+00 2.873111845432088044e-18
5.914995122948677242e+00 2.905753945734282304e-18
5.925903171833879490e+00 2.937651784619165290e-18
5.936831336632627298e+00 2.968724940214009212e-18
5.947779654441366581e+00 2.998891576907729248e-18
5.958748162424978290e+00 3.028068647476744718e-18
5.969736897816857457e+00 3.056172113172480077e-18
5.980745897919078402e+00 3.083117181663536494e-18
5.991775200102507526e+00 3.108818562591372918e-18
6.002824841806907230e+00 3.133190740358229153e-18
6.013894860541111775e+00 3.156148263617167921e-18
6.024985293883099224e+00 3.177606050776320326e-18
6.036096179480167301e+00 3.197479710670209817e-18
6.047227555049039083e+00 3.215685877381189276e-18
6.058379458375974025e+00 3.232142558025315212e-18
6.069551927316939377e+00 3.246769492143717483e-18
6.080744999797688344e+00 3.259492026921089343e-18
6.091958713813935056e+00 3.270283632786911422e-18
6.103193107431460263e+00 3.279153063300315705e-18
6.114448218786226796e+00 3.286113451345180722e-18
6.125724086084549214e+00 3.291181542011359933e-18
6.137020747603173731e+00 3.294377560683060980e-18
6.148338241689454975e+00 3.295725072427255887e-18
6.159676606761463447e+00 3.295250833603651175e-18
6.171035881308099214e+00 3.292984636624290027e-18
6.182416103889267767e+00 3.288959148789380674e-18
6.193817313135956404e+00 3.283209746120965474e-18
6.205239547750414530e+00 3.275774343102636867e-18
6.216682846506262905e+00 3.266693219219401999e-18
6.228147248248605550e+00 3.256008843168099252e-18
6.239632791894210939e+00 3.243765695584762824e-18
6.251139516431586607e+00 3.230010091105700675e-18
6.262667460921160334e+00 3.214790000545605069e-18
6.274216664495392948e+00 3.198154873940206524e-18
6.285787166358891120e+00 3.180155465163452524e-18
6.297379005788587669e+00 3.160843658786212928e-18
6.308992222133817940e+00 3.140272299803624135e-18
6.320626854816504547e+00 3.118495026810705649e-18
6.332282943331270175e+00 3.095566109164279166e-18
6.343960527245549486e+00 3.071540288620283157e-18
6.355659646199764978e+00 3.046472625891121626e-18
6.367380339907443343e+00 3.020418352520619077e-18
6.379122648155325592e+00 2.993432728428227220e-18
6.390886610803552692e+00 2.965570905429155789e-18
6.402672267785747273e+00 2.936887796991454155e-18
6.414479659109193044e+00 2.907437954448600183e-18
6.426308824854955581e+00 2.877275449843028908e-18
6.438159805177991579e+00 2.846453765535875276e-18
6.450032640307338916e+00 2.815025690678120023e-18
6.461927370546193927e+00 2.783043224602381467e-18
6.473844036272099700e+00 2.750557487157553784e-18
6.485782677937058871e+00 2.717618635975928723e-18
6.497743336067655306e+00 2.684275790631482254e-18
6.509726051265233515e+00 2.650576963617205842e-18
6.521730864205987466e+00 2.616568998044791800e-18
6.533757815641143551e+00 2.582297511942274612e-18
6.545806946397077830e+00 2.547806849005707698e-18
6.557878297375435928e+00 2.513140035638013452e-18
6.569971909553319556e+00 2.478338744091410724e-18
6.582087823983370001e+00 2.443443261513924602e-18
6.594226081793954641e+00 2.408492464685090948e-18
6.606386724189287740e+00 2.373523800215933627e-18
6.618569792449550349e+00 2.338573269977251444e-18
6.630775327931075935e+00 2.303675421511677123e-18
6.643003372066436540e+00 2.268863343180814181e-18
6.655253966364634621e+00 2.234168663791267936e-18
6.667527152411216740e+00 2.199621556443093805e-18
6.679822971868402348e+00 2.165250746341363766e-18
6.692141466475267642e+00 2.131083522311064221e-18
6.704482678047831712e+00 2.097145751758707420e-18
6.716846648479252835e+00 2.063461898824255469e-18
6.729233419739941269e+00 2.030055045472110500e-18
6.741643033877689817e+00 1.996946915274130811e-18
6.754075533017857680e+00 1.964157899642189543e-18
6.766530959363463715e+00 1.931707086275708792e-18
6.779009355195372954e+00 1.899612289595023163e-18
6.791510762872424500e+00 1.867890082939937094e-18
6.804035224831550543e+00 1.836555832320607891e-18
6.816582783587970873e+00 1.805623731516300862e-18
6.829153481735280806e+00 1.775106838327083536e-18
6.841747361945646588e+00 1.745017111791665714e-18
6.854364466969926184e+00 1.715365450195149679e-18
6.867004839637795399e+00 1.686161729699208219e-18
6.879668522857940616e+00 1.657414843436954303e-18
6.892355559618151162e+00 1.629132740924951136e-18
6.905065992985512935e+00 1.601322467653543876e-18
6.917799866106530970e+00 1.573990204727289218e-18
6.930557222207260004e+00 1.547141308435790726e-18
6.943338104593496318e+00 1.520780349645153446e-18
6.956142556650869224e+00 1.494911152909141739e-18
6.968970621845038238e+00 1.469536835207926029e-18
6.981822343721820978e+00 1.444659844231264291e-18
6.994697765907316622e+00 1.420281996131147236e-18
7.007596932108105747e+00 1.396404512676828981e-18
7.020519886111340035e+00 1.373028057753615184e-18
7.033466671784944779e+00 1.350152773153369266e-18
7.046437333077741449e+00 1.327778313612917560e-18
7.059431914019577370e+00 1.305903881062538533e-18
7.072450458721520228e+00 1.284528258053485469e-18
7.085493011375982420e+00 1.263649840340152630e-18
7.098559616256852500e+00 1.243266668597779090e-18
7.111650317719695025e+00 1.223376459262232820e-18
7.124765160201842917e+00 1.203976634484322281e-18
7.137904188222599977e+00 1.185064351194824124e-18
7.151067446383368775e+00 1.166636529282374007e-18
7.164254979367781218e+00 1.148689878889704252e-18
7.177466831941901049e+00 1.131220926838154560e-18
7.190703048954318000e+00 1.114226042194470794e-18
7.203963675336350292e+00 1.097701460996846751e-18
7.217248756102174312e+00 1.081643310160940585e-18
7.230558336348958726e+00 1.066047630589678868e-18
7.243892461257065207e+00 1.050910399513075584e-18
7.257251176090146139e+00 1.036227552087736174e-18
7.270634526195347114e+00 1.021995002287358786e-18
7.284042557003441054e+00 1.008208663118779861e-18
7.297475314028956994e+00 9.948644661996247898e-19
7.310932842870391468e+00 9.819583807359306666e-19
7.324415189210299104e+00 9.694864319405196209e-19
7.337922398815501346e+00 9.574447189338674579e-19
7.351454517537222344e+00 9.458294321721428216e-19
7.365011591311216854e+00 9.346368704479462524e-19
7.378593666157982511e+00 9.238634575114628968e-19
7.392200788182855753e+00 9.135057583616529580e-19
7.405833003576217877e+00 9.035604952582034906e-19
7.419490358613634484e+00 8.940245635075591749e-19
7.433172899655983379e+00 8.848950470774351632e-19
7.446880673149671281e+00 8.761692340966309762e-19
7.460613725626726200e+00 8.678446322986299705e-19
7.474372103705012371e+00 8.599189844698070745e-19
7.488155854088360819e+00 8.523902839651681999e-19
7.501965023566709689e+00 8.452567903569376031e-19
7.515799659016313861e+00 8.385170452840434296e-19
7.529659807399845306e+00 8.321698885734367139e-19
7.543545515766602705e+00 8.262144747068315969e-19
7.557456831252649998e+00 8.206502897105020554e-19
7.571393801080954944e+00 8.154771685487901046e-19
7.585356472561599617e+00 8.106953131064048742e-19
7.599344893091883435e+00 8.063053108490077288e-19
7.613359110156534548e+00 8.023081542560903848e-19
7.627399171327849281e+00 7.987052611259745810e-19
7.641465124265831577e+00 7.954984958582284176e-19
7.655557016718407048e+00 7.926895970595437790e-19
7.669674896521524232e+00 7.902737962506534790e-19
7.683818811599370413e+00 7.882423547306418686e-19
7.697988809964512846e+00 7.865870749854428874e-19
7.712184939718034649e+00 7.853003475219600353e-19
7.726407249049756842e+00 7.843751204288024386e-19
7.740655786238338720e+00 7.838048707807816368e-19
7.754930599651492784e+00 7.835835777503309025e-19
7.769231737746129518e+00 7.837056972987369669e-19
7.783559249068496833e+00 7.841661383286501960e-19
7.797913182254392339e+00 7.849602401875328362e-19
7.812293586029303682e+00 7.860837514190989832e-19
7.826700509208553314e+00 7.875328096666530570e-19
7.841134000697514317e+00 7.893039226384008791e-19
7.855594109491718768e+00 7.913939500506359820e-19
7.870080884677075339e+00 7.938000864700538242e-19
7.884594375430014956e+00 7.965198449812005491e-19
7.899134631017631136e+00 7.995510416095443733e-19
7.913701700797905580e+00 8.028917804350633477e-19
7.928295634219811205e+00 8.065404393344593491e-19
7.942916480823533298e+00 8.104956562943804493e-19
7.957564290240619620e+00 8.147563162405504188e-19
7.972239112194118071e+00 8.193215383310696880e-19
7.986940996498804957e+00 8.241906636648954793e-19
8.001669993061289787e+00 8.293632433588343811e-19
8.016426151880242656e+00 8.348390269490050068e-19
8.031209523046536347e+00 8.406179510745559908e-19
8.046020156743393770e+00 8.467001284038588531e-19
8.060858103246614448e+00 8.530858367649562314e-19
8.075723412924682876e+00 8.597755084438286182e-19
8.090616136238988787e+00 8.667697196158933689e-19
8.105536323743987026e+00 8.740691798774346298e-19
8.120484026087332552e+00 8.816747218451462814e-19
8.135459294010114917e+00 8.895872907935887395e-19
8.150462178346966624e+00 8.978079343011363145e-19
8.165492730026283397e+00 9.063377918768974415e-19
8.180551000070391154e+00 9.151780845415434595e-19
8.195637039595672135e+00 9.243301043367543378e-19
8.210750899812815362e+00 9.337952037387619500e-19
8.225892632026912565e+00 9.435747849524743285e-19
8.241062287637690886e+00 9.536702890642337732e-19
8.256259918139672749e+00 9.640831850315733000e-19
8.271485575122310863e+00 9.748149584900421014e-19
8.286739310270235137e+00 9.858671003580783779e-19
8.302021175363353933e+00 9.972410952216062431e-19
8.317331222277084990e+00 1.008938409481756535e-18
8.332669502982520626e+00 1.020960479249770994e-18
8.348036069546560967e+00 1.033308697974420391e-18
8.363430974132160856e+00 1.045984403788747828e-18
8.378854268998441768e+00 1.058988866563661814e-18
8.394306006500915629e+00 1.072323274657787081e-18
8.409786239091650017e+00 1.085988721353887048e-18
8.425295019319413825e+00 1.099986190973836842e-18
8.440832399829918842e+00 1.114316544665553235e-18
8.456398433365926337e+00 1.128980505856776464e-18
8.471993172767488645e+00 1.143978645372384179e-18
8.487616670972103705e+00 1.159311366213445274e-18
8.503268981014864281e+00 1.174978887998130485e-18
8.518950156028706644e+00 1.190981231066559972e-18
8.534660249244513608e+00 1.207318200253417959e-18
8.550399313991356109e+00 1.223989368334470654e-18
8.566167403696654858e+00 1.240994059155106014e-18
8.581964571886333104e+00 1.258331330451470623e-18
8.597790872185054667e+00 1.275999956376827207e-18
8.613646358316339402e+00 1.293998409748636506e-18
8.629531084102810112e+00 1.312324844034104033e-18
8.645445103466345316e+00 1.330977075094520855e-18
8.661388470428230235e+00 1.349952562711961773e-18
8.677361239109409041e+00 1.369248391924122557e-18
8.693363463730623408e+00 1.388861254196472529e-18
8.709395198612583044e+00 1.408787428463665388e-18
8.725456498176209053e+00 1.429022762075414091e-18
8.741547416942742288e+00 1.449562651685007885e-18
8.757668009533997378e+00 1.470402024122187502e-18
8.773818330672520815e+00 1.491535317295045865e-18
8.789998435181743730e+00 1.512956461169265466e-18
8.806208377986237679e+00 1.534658858876268442e-18
8.822448214111826559e+00 1.556635368005128877e-18
8.838717998685837074e+00 1.578878282137046347e-18
8.855017786937253277e+00 1.601379312683865253e-18
8.871347634196890652e+00 1.624129571096214976e-18
8.887707595897627044e+00 1.647119551509874391e-18
8.904097727574541210e+00 1.670339113902528624e-18
8.920518084865145525e+00 1.693777467836112889e-18
8.936968723509556511e+00 1.717423156863513185e-18
8.953449699350660040e+00 1.741264043680916959e-18
8.969961068334356469e+00 1.765287296110952750e-18
8.986502886509681431e+00 1.789479374003448974e-18
9.003075210029059861e+00 1.813826017144414152e-18
9.019678095148471186e+00 1.838312234265232342e-18
9.036311598227610986e+00 1.862922293247164661e-18
9.052975775730145003e+00 1.887639712617568933e-18
9.069670684223828161e+00 1.912447254436001735e-18
9.086396380380763915e+00 1.937326918670212911e-18
9.103152920977564122e+00 1.962259939162241014e-18
9.119940362895519570e+00 1.987226781285841922e-18
9.136758763120852223e+00 2.012207141397115401e-18
9.153608178744839563e+00 2.037179948178962128e-18
9.170488666964068614e+00 2.062123365980258336e-18
9.187400285080604689e+00 2.087014800249025135e-18
9.204343090502161928e+00 2.111830905156954815e-18
9.221317140742353757e+00 2.136547593511076812e-18
9.238322493420822568e+00 2.161140049044552643e-18
9.255359206263497285e+00 2.185582741176313915e-18
9.272427337102756795e+00 2.209849442323921816e-18
9.289526943877611131e+00 2.233913247850081509e-18
9.306658084633946615e+00 2.257746598718149936e-18
9.323820817524660853e+00 2.281321306924774896e-18
9.341015200809920316e+00 2.304608583772015459e-18
9.358241292857330862e+00 2.327579071033662460e-18
9.375499152142110049e+00 2.350202875061670553e-18
9.392788837247346478e+00 2.372449603870495496e-18
9.410110406864125920e+00 2.394288407226845890e-18
9.427463919791801317e+00 2.415688019762599888e-18
9.444849434938152655e+00 2.436616807116684316e-18
9.462267011319571708e+00 2.457042815101267775e-18
9.479716708061317831e+00 2.476933821873750301e-18
9.497198584397649412e+00 2.496257393084262013e-18
9.514712699672090324e+00 2.514980939953919466e-18
9.532259113337600454e+00 2.533071780225120023e-18
9.549837884956749789e+00 2.550497201910185088e-18
9.567449074201988424e+00 2.567224529750419249e-18
9.585092740855774451e+00 2.583221194280051685e-18
9.602768944810836871e+00 2.598454803375835908e-18
9.620477746070362102e+00 2.612893216154950538e-18
9.638219204748152080e+00 2.626505965240873376e-18
9.655993381068904924e+00 2.639277625296670471e-18
9.673800335368376579e+00 2.651202504051689498e-18
9.691640128093560236e+00 2.662275985284247253e-18
9.709512819802963435e+00 2.672494398887642752e-18
9.727418471166730640e+00 2.681855015546987403e-18
9.745357142966922126e+00 2.690356039717051028e-18
9.763328896097682730e+00 2.697996600947176213e-18
9.781333791565431923e+00 2.704776743604239946e-18
9.799371890489128489e+00 2.710697415047084376e-18
9.817443254100403749e+00 2.715760452308957385e-18
9.835547943743838673e+00 2.719968567348286938e-18
9.853686020877143292e+00 2.723325330929288013e-18
9.871857547071332561e+00 2.725835155197065593e-18
9.890062584011003466e+00 2.727503275014017677e-18
9.908301193494475356e+00 2.728335728125519027e-18
9.926573437434054625e+00 2.728339334224787643e-18
9.944879377856226554e+00 2.727521672987879086e-18
9.963219076901829396e+00 2.725891061151242086e-18
9.981592596826340369e+00 2.723456528703873696e-18
1.000000000000000000e+01 2.720227794268269285e-18
