1.000000000000000021e-03 5.399750089655249718e-01
1.001844134890810109e-03 5.409235990632464963e-01
1.003691670615116955e-03 5.418738213311155016e-01
1.005542613444513830e-03 5.428256783923831597e-01
1.007396969662164177e-03 5.437791728739497232e-01
1.009254745562814621e-03 5.447343074063614177e-01
1.011115947452822942e-03 5.456910846238204327e-01
1.012980581650176288e-03 5.466495071641834791e-01
1.014848654484510476e-03 5.476095776689680061e-01
1.016720172297138182e-03 5.485712987833549770e-01
1.018595141441061948e-03 5.495346731561905340e-01
1.020473568281003024e-03 5.504997034399939926e-01
1.022355459193420666e-03 5.514663922909567306e-01
1.024240820566529485e-03 5.524347423689477399e-01
1.026129658800329367e-03 5.534047563375178447e-01
1.028021980306618273e-03 5.543764368638998130e-01
1.029917791509021505e-03 5.553497866190172383e-01
1.031817098843010360e-03 5.563248082774838732e-01
1.033719908755921426e-03 5.573015045174447568e-01
1.035626227706984339e-03 5.582798780137298023e-01
1.037536062167336961e-03 5.592599314352455497e-01
1.039449418620053568e-03 5.602416674538016617e-01
1.041366303560164151e-03 5.612250887447922665e-01
1.043286723494673499e-03 5.622101979871987343e-01
1.045210684942590035e-03 5.631969978635965601e-01
1.047138194434940345e-03 5.641854910601529216e-01
1.049069258514797806e-03 5.651756802666334512e-01
1.051003883737302311e-03 5.661675681764055668e-01
1.052942076669679356e-03 5.671611574864365846e-01
1.054883843891269097e-03 5.681564508973037109e-01
1.056829191993540872e-03 5.691534511131894902e-01
1.058778127580122918e-03 5.701521608418915754e-01
1.060730657266821227e-03 5.711525827948213951e-01
1.062686787681639067e-03 5.721547196870064855e-01
1.064646525464805604e-03 5.731585742370982617e-01
1.066609877268796282e-03 5.741641491673700193e-01
1.068576849758350392e-03 5.751714472037204873e-01
1.070547449610502943e-03 5.761804710756811554e-01
1.072521683514597460e-03 5.771912235164117222e-01
1.074499558172317204e-03 5.782037072627110863e-01
1.076481080297704042e-03 5.792179250550144598e-01
1.078466256617178175e-03 5.802338796373964769e-01
1.080455093869568282e-03 5.812515737575795205e-01
1.082447598806126916e-03 5.822710101669288374e-01
1.084443778190558906e-03 5.832921916204626411e-01
1.086443638799043264e-03 5.843151208768501137e-01
1.088447187420251393e-03 5.853398006984148472e-01
1.090454430855378317e-03 5.863662338511420602e-01
1.092465375918157209e-03 5.873944231046738240e-01
1.094480029434889961e-03 5.884243712323201647e-01
1.096498398244466922e-03 5.894560810110565097e-01
1.098520489198387060e-03 5.904895552215264631e-01
1.100546309160788756e-03 5.915247966480497999e-01
1.102575865008464549e-03 5.925618080786181352e-01
1.104609163630891925e-03 5.936005923040459376e-01
1.106646211930253487e-03 5.946411521072973994e-01
1.108687016821456898e-03 5.956834902666736653e-01
1.110731585232166765e-03 5.967276095638415212e-01
1.112779924102818294e-03 5.977735127840076990e-01
1.114832040386649382e-03 5.988212027159246498e-01
1.116887941049720572e-03 5.998706821518939858e-01
1.118947633070935645e-03 6.009219538877623723e-01
1.121011123442072419e-03 6.019750207229328520e-01
1.123078419167798138e-03 6.030298854603576286e-01
1.125149527265701353e-03 6.040865509065470595e-01
1.127224454766311869e-03 6.051450198715701001e-01
1.129303208713120909e-03 6.062052951690533042e-01
1.131385796162613861e-03 6.072673796161887072e-01
1.133472224184284369e-03 6.083312760337296066e-01
1.135562499860666864e-03 6.093969872459974457e-01
1.137656630287356722e-03 6.104645160808833682e-01
1.139754622573031090e-03 6.115338653698466631e-01
1.141856483839481405e-03 6.126050379479229813e-01
1.143962221221627709e-03 6.136780366537196718e-01
1.146071841867551174e-03 6.147528643294228878e-01
1.148185352938515353e-03 6.158295238207994737e-01
1.150302761608986346e-03 6.169080179771948558e-01
1.152424075066665974e-03 6.179883496515398145e-01
1.154549300512506095e-03 6.190705217003500405e-01
1.156678445160741779e-03 6.201545369837284660e-01
1.158811516238911904e-03 6.212403983653702610e-01
1.160948520987880846e-03 6.223281087125586142e-01
1.163089466661869050e-03 6.234176708961725044e-01
1.165234360528475148e-03 6.245090877906885884e-01
1.167383209868696559e-03 6.256023622741773149e-01
1.169536021976962667e-03 6.266974972283140266e-01
1.171692804161149782e-03 6.277944955383715220e-01
1.173853563742614532e-03 6.288933600932291590e-01
1.176018308056215331e-03 6.299940937853735212e-01
1.178187044450333416e-03 6.310966995107809563e-01
1.180359780286906017e-03 6.322011801603776293e-01
1.182536522941441976e-03 6.333075386140835095e-01
1.184717279803055787e-03 6.344157777538753651e-01
1.186902058274487545e-03 6.355259004651740984e-01
1.189090865772125935e-03 6.366379096368409707e-01
1.191283709726041187e-03 6.377518081611837086e-01
1.193480597580000692e-03 6.388675989339552830e-01
1.195681536791503045e-03 6.399852848543551298e-01
1.197886534831798860e-03 6.411048688250335914e-01
1.200095599185913974e-03 6.422263537520863652e-01
1.202308737352681756e-03 6.433497425450627194e-01
1.204525956844759802e-03 6.444750381169624953e-01
1.206747265188663765e-03 6.456022433842385500e-01
1.208972669924789035e-03 6.467313612667997536e-01
1.211202178607433295e-03 6.478623946880072149e-01
1.213435798804829912e-03 6.489953465746803873e-01
1.215673538099163982e-03 6.501302198570960700e-01
1.217915404086607244e-03 6.512670174689888514e-01
1.220161404377339762e-03 6.524057423475557727e-01
1.222411546595572043e-03 6.535463974334513315e-01
1.224665838379579300e-03 6.546889856707940325e-01
1.226924287381718362e-03 6.558335100071653878e-01
1.229186901268461505e-03 6.569799733936101394e-01
1.231453687720418782e-03 6.581283787846409217e-01
1.233724654432360795e-03 6.592787291382330439e-01
1.235999809113253606e-03 6.604310274158317062e-01
1.238279159486274129e-03 6.615852765823496684e-01
1.240562713288845698e-03 6.627414796061693592e-01
1.242850478272661263e-03 6.638996394591436534e-01
1.245142462203703993e-03 6.650597591165968714e-01
1.247438672862284355e-03 6.662218415573265551e-01
1.249739118043055727e-03 6.673858897636012477e-01
1.252043805555049091e-03 6.685519067211669331e-01
1.254352743221697321e-03 6.697198954192449261e-01
1.256665938880855782e-03 6.708898588499453419e-01
1.258983400384840060e-03 6.720617999953112376e-01
1.261305135600440707e-03 6.732357218271636246e-01
1.263631152408959454e-03 6.744116273200128076e-01
1.265961458706232846e-03 6.755895194516503555e-01
1.268296062402653928e-03 6.767694012031485462e-01
1.270634971423209103e-03 6.779512755588621431e-01
1.272978193707494186e-03 6.791351455064240650e-01
1.275325737209750824e-03 6.803210140367524916e-01
1.277677609898888837e-03 6.815088841440444245e-01
1.280033819758510287e-03 6.826987588257769080e-01
1.282394374786945254e-03 6.838906410827121363e-01
1.284759282997268532e-03 6.850845339188887939e-01
1.287128552417336064e-03 6.862804403416312704e-01
1.289502191089808136e-03 6.874783633615422218e-01
1.291880207072173018e-03 6.886783059925061234e-01
1.294262608436783394e-03 6.898802712516894919e-01
1.296649403270872620e-03 6.910842621595366664e-01
1.299040599676592675e-03 6.922902817397771358e-01
1.301436205771036494e-03 6.934983330194185447e-01
1.303836229686262472e-03 6.947084190287493577e-01
1.306240679569330675e-03 6.959205428013395256e-01
1.308649563582319972e-03 6.971347073740370437e-01
1.311062889902365764e-03 6.983509157869733919e-01
1.313480666721682536e-03 6.995691710835582056e-01
1.315902902247588577e-03 7.007894763104793867e-01
1.318329604702541758e-03 7.020118345177077668e-01
1.320760782324162949e-03 7.032362487584914446e-01
1.323196443365260745e-03 7.044627220893584507e-01
1.325636596093867888e-03 7.056912575701156376e-01
1.328081248793259485e-03 7.069218582638465698e-01
1.330530409761989871e-03 7.081545272369169641e-01
1.332984087313917329e-03 7.093892675589679175e-01
1.335442289778227725e-03 7.106260823029190155e-01
1.337905025499472452e-03 7.118649745448196731e-01
1.340372302837586219e-03 7.131059473521396130e-01
1.342844130167924772e-03 7.143490037752191490e-01
1.345320515881288318e-03 7.155941468654486437e-01
1.347801468383947763e-03 7.168413796772550306e-01
1.350286996097681139e-03 7.180907052680995939e-01
1.352777107459792252e-03 7.193421266984738605e-01
1.355271810923148199e-03 7.205956470319044849e-01
1.357771114956204299e-03 7.218512693349460330e-01
1.360275028043029470e-03 7.231089966771794275e-01
1.362783558683342651e-03 7.243688321312170553e-01
1.365296715392533191e-03 7.256307787726909986e-01
1.367814506701697059e-03 7.268948396802628054e-01
1.370336941157663298e-03 7.281610179356133861e-01
1.372864027323018312e-03 7.294293166234431247e-01
1.375395773776144246e-03 7.306997388314757647e-01
1.377932189111237635e-03 7.319722876504478615e-01
1.380473281938348219e-03 7.332469661741161104e-01
1.383019060883403442e-03 7.345237774992503521e-01
1.385569534588234047e-03 7.358027247256309078e-01
1.388124711710613099e-03 7.370838109560533535e-01
1.390684600924274638e-03 7.383670392963190832e-01
1.393249210918951408e-03 7.396524128552384170e-01
1.395818550400402180e-03 7.409399347446304906e-01
1.398392628090435602e-03 7.422296080793135964e-01
1.400971452726950534e-03 7.435214359771138426e-01
1.403555033063953175e-03 7.448154215588538296e-01
1.406143377871598701e-03 7.461115679483587559e-01
1.408736495936214897e-03 7.474098782724497569e-01
1.411334396060328396e-03 7.487103556609414623e-01
1.413937087062705229e-03 7.500130032466462149e-01
1.416544577778368168e-03 7.513178241653644118e-01
1.419156877058637281e-03 7.526248215558876131e-01
1.421773993771155735e-03 7.539339985599976535e-01
1.424395936799915593e-03 7.552453583195333220e-01
1.427022715045296640e-03 7.565589039554281303e-01
1.429654337424091743e-03 7.578746385797531238e-01
1.432290812869533745e-03 7.591925653072131297e-01
1.434932150331334711e-03 7.605126872552221418e-01
1.437578358775706095e-03 7.618350075438967695e-01
1.440229447185397988e-03 7.631595292960592358e-01
1.442885424559726222e-03 7.644862556372289397e-01
1.445546299914598392e-03 7.658151896956191251e-01
1.448212082282553754e-03 7.671463346021398788e-01
1.450882780712784044e-03 7.684796934903860288e-01
1.453558404271172071e-03 7.698152694966403642e-01
1.456238962040320344e-03 7.711530657598703042e-01
1.458924463119576223e-03 7.724930854217183507e-01
1.461614916625072905e-03 7.738353316265078607e-01
1.464310331689749802e-03 7.751798075212302797e-01
1.467010717463392878e-03 7.765265162555506917e-01
1.469716083112661102e-03 7.778754609817980503e-01
1.472426437821113985e-03 7.792266448549622915e-01
1.475141790789252783e-03 7.805800710326972203e-01
1.477862151234539357e-03 7.819357426753071882e-01
1.480587528391438899e-03 7.832936629457513122e-01
1.483317931511445292e-03 7.846538350096389225e-01
1.486053369863109958e-03 7.860162620352203477e-01
1.488793852732082186e-03 7.873809471933927995e-01
1.491539389421129083e-03 7.887478936576867161e-01
1.494289989250178292e-03 7.901171046042692048e-01
1.497045661556344444e-03 7.914885832119400444e-01
1.499806415693956483e-03 7.928623326621221379e-01
1.502572261034600164e-03 7.942383561388665081e-01
1.505343206967137788e-03 7.956166568288397523e-01
1.508119262897749833e-03 7.969972379213270397e-01
1.510900438249964013e-03 7.983801026082273378e-01
1.513686742464681297e-03 7.997652540769637497e-01
1.516478185000218843e-03 8.011526954876366791e-01
1.519274775332330168e-03 8.025424299948027418e-01
1.522076522954248293e-03 8.039344607553047251e-01
1.524883437376712853e-03 8.053287909282680346e-01
1.527695528127997852e-03 8.067254236750875940e-01
1.530512804753954813e-03 8.081243621594317306e-01
1.533335276818033376e-03 8.095256095472306290e-01
1.536162953901323586e-03 8.109291690066738889e-01
1.538995845602584515e-03 8.123350437082063058e-01
1.541833961538272230e-03 8.137432368245175462e-01
1.544677311342582734e-03 8.151537515305448123e-01
1.547525904667472344e-03 8.165665910034582975e-01
1.550379751182702145e-03 8.179817584226620752e-01
1.553238860575865531e-03 8.193992569697894357e-01
1.556103242552415739e-03 8.208190898286913395e-01
1.558972906835710956e-03 8.222412601854365288e-01
1.561847863167034481e-03 8.236657712283039778e-01
1.564728121305638099e-03 8.250926261477766754e-01
1.567613691028771350e-03 8.265218281365396269e-01
1.570504582131709284e-03 8.279533803894669752e-01
1.573400804427797133e-03 8.293872861036251098e-01
1.576302367748471343e-03 8.308235484782606761e-01
1.579209281943302944e-03 8.322621707147972447e-01
1.582121556880027469e-03 8.337031560168316480e-01
1.585039202444572934e-03 8.351465075901224333e-01
1.587962228541104498e-03 8.365922286425906407e-01
1.590890645092045939e-03 8.380403223843100324e-01
1.593824462038123668e-03 8.394907920275023194e-01
1.596763689338396436e-03 8.409436407865322760e-01
1.599708336970284174e-03 8.423988718778995244e-01
1.602658414929612665e-03 8.438564885202362031e-01
1.605613933230635006e-03 8.453164939261931243e-01
1.608574901906076500e-03 8.467788912765625842e-01
1.611541331007164792e-03 8.482436837450780809e-01
1.614513230603657626e-03 8.497108745072254887e-01
1.617490610783890335e-03 8.511804667402378399e-01
1.620473481654794703e-03 8.526524636230825571e-01
1.623461853341946889e-03 8.541268683364611203e-01
1.626455735989595832e-03 8.556036840627977424e-01
1.629455139760692525e-03 8.570829139862280455e-01
1.632460074836935334e-03 8.585645612925982828e-01
1.635470551418798405e-03 8.600486291694535712e-01
1.638486579725562239e-03 8.615351208060310073e-01
1.641508169995360093e-03 8.630240393932513410e-01
1.644535332485198582e-03 8.645153881237134241e-01
1.647568077471004517e-03 8.660091701916825535e-01
1.650606415247655697e-03 8.675053887930881391e-01
1.653650356129008877e-03 8.690040471255088272e-01
1.656699910447948778e-03 8.705051483881700580e-01
1.659755088556408038e-03 8.720086957819342954e-01
1.662815900825414693e-03 8.735146925092929227e-01
1.665882357645122325e-03 8.750231417743583595e-01
1.668954469424840849e-03 8.765340467828557358e-01
1.672032246593082487e-03 8.780474107421155638e-01
1.675115699597584532e-03 8.795632368610643015e-01
1.678204838905356404e-03 8.810815283502173578e-01
1.681299675002710008e-03 8.826022884216713216e-01
1.684400218395290310e-03 8.841255202890931919e-01
1.687506479608123040e-03 8.856512271677157155e-01
1.690618469185636592e-03 8.871794122743257294e-01
1.693736197691709947e-03 8.887100788272578322e-01
1.696859675709703249e-03 8.902432300463857251e-01
1.699988913842488160e-03 8.917788691478814034e-01
1.703123922712497518e-03 8.933169993126112152e-01
1.706264712961745068e-03 8.948576237068732731e-01
1.709411295251875990e-03 8.964007454980146283e-01
1.712563680264196815e-03 8.979463678544749028e-01
1.715721878699706226e-03 8.994944939457775179e-01
1.718885901279144490e-03 9.010451269425205911e-01
1.722055758743015145e-03 9.025982700163635020e-01
1.725231461851633790e-03 9.041539263400225623e-01
1.728413021385159527e-03 9.057120990872542521e-01
1.731600448143626615e-03 9.072727914328491128e-01
1.734793752946992614e-03 9.088360065526184250e-01
1.737992946635161587e-03 9.104017476233845496e-01
1.741198040068033534e-03 9.119700178229732668e-01
1.744409044125534974e-03 9.135408203302002317e-01
1.747625969707651897e-03 9.151141583248570965e-01
1.750848827734475741e-03 9.166900349877111775e-01
1.754077629146236781e-03 9.182684535004831394e-01
1.757312384903334922e-03 9.198494170458437758e-01
1.760553105986389791e-03 9.214329288074015745e-01
1.763799803396263501e-03 9.230189919696873968e-01
1.767052488154110743e-03 9.246076097181528120e-01
1.770311171301410446e-03 9.261987852391508902e-01
1.773575863899998304e-03 9.277925217199282093e-01
1.776846577032117078e-03 9.293888223486157507e-01
1.780123321800438502e-03 9.309876903142128013e-01
1.783406109328115755e-03 9.325891288065830675e-01
1.786694950758813604e-03 9.341931410164381333e-01
1.789989857256742232e-03 9.357997301353271347e-01
1.793290840006707540e-03 9.374088993556283222e-01
1.796597910214134137e-03 9.390206518692032489e-01
1.799911079105116730e-03 9.406349908382181102e-01
1.803230357926452216e-03 9.422519193949365768e-01
1.806555757945672424e-03 9.438714406706544269e-01
1.809887290451095941e-03 9.454935577969980631e-01
1.813224966751850664e-03 9.471182739059087474e-01
1.816568798177925839e-03 9.487455921296369388e-01
1.819918796080204808e-03 9.503755156007209770e-01
1.823274971830497531e-03 9.520080474519755365e-01
1.826637336821593065e-03 9.536431908164846316e-01
1.830005902467282328e-03 9.552809488275769700e-01
1.833380680202410795e-03 9.569213246188242872e-01
1.836761681482911241e-03 9.585643213240198079e-01
1.840148917785837130e-03 9.602099420771647020e-01
1.843542400609414445e-03 9.618581900124630879e-01
1.846942141473066189e-03 9.635090682642958315e-01
1.850348151917464209e-03 9.651625799672183259e-01
1.853760443504563239e-03 9.668187282559403961e-01
1.857179027817633865e-03 9.684775162653103120e-01
1.860603916461315210e-03 9.701389471303109024e-01
1.864035121061639660e-03 9.718030239860333541e-01
1.867472653266084902e-03 9.734697499676737698e-01
1.870916524743608620e-03 9.751391282105134062e-01
1.874366747184681671e-03 9.768111618499027982e-01
1.877823332301341210e-03 9.784858540212568734e-01
1.881286291827215630e-03 9.801632078600298614e-01
1.884755637517577034e-03 9.818432265017069671e-01
1.888231381149376364e-03 9.835259130817939344e-01
1.891713534521276578e-03 9.852112707357908450e-01
1.895202109453707076e-03 9.868993025991902313e-01
1.898697117788887773e-03 9.885900117931107900e-01
1.902198571390882869e-03 9.902834013897117149e-01
1.905706482145636200e-03 9.919794744502802297e-01
1.909220861961003976e-03 9.936782340355246879e-01
1.912741722766810948e-03 9.953796832055668009e-01
1.916269076514873606e-03 9.970838250199134389e-01
1.919802935179055255e-03 9.987906625374467495e-01
1.923343310755300717e-03 1.000500198816410835e+00
1.926890215261671015e-03 1.002212436914382776e+00
1.930443660738397592e-03 1.003927379888272187e+00
1.934003659247908761e-03 1.005645030794287909e+00
1.937570222874882399e-03 1.007365392687932903e+00
1.941143363726282808e-03 1.009088468623985380e+00
1.944723093931394978e-03 1.010814261656473922e+00
1.948309425641880314e-03 1.012542774838673276e+00
1.951902371031800703e-03 1.014274011223073924e+00
1.955501942297675766e-03 1.016007973861374314e+00
1.959108151658515810e-03 1.017744665804462878e+00
1.962721011355859999e-03 1.019484090102392937e+00
1.966340533653829475e-03 1.021226249804377373e+00
1.969966730839154898e-03 1.022971147958758875e+00
1.973599615221230657e-03 1.024718787613001947e+00
1.977239199132151733e-03 1.026469171813673587e+00
1.980885494926748827e-03 1.028222303606419308e+00
1.984538514982645170e-03 1.029978186035954257e+00
1.988198271700281246e-03 1.031736822146041010e+00
1.991864777502972035e-03 1.033498214979470475e+00
1.995538044836943446e-03 1.035262367578051235e+00
1.999218086171366138e-03 1.037029282981166922e+00
2.002904913998415810e-03 1.038798964191551377e+00
2.006598540833295311e-03 1.040571414173184328e+00
2.010298979214294925e-03 1.042346635886698847e+00
2.014006241702826199e-03 1.044124632291131061e+00
2.017720340883459671e-03 1.045905406343891952e+00
2.021441289363982118e-03 1.047688961000755592e+00
2.025169099775422574e-03 1.049475299215833379e+00
2.028903784772109146e-03 1.051264423941556281e+00
2.032645357031706308e-03 1.053056338128656844e+00
2.036393829255251763e-03 1.054851044726140108e+00
2.040149214167214127e-03 1.056648546681273171e+00
2.043911524515518944e-03 1.058448846939559429e+00
2.047680773071606803e-03 1.060251948444717485e+00
2.051456972630471502e-03 1.062057854138667157e+00
2.055240136010695173e-03 1.063866566961497062e+00
2.059030276054505965e-03 1.065678089851453070e+00
2.062827405627814907e-03 1.067492425744918760e+00
2.066631537620252333e-03 1.069309577576384118e+00
2.070442684945228602e-03 1.071129548278437316e+00
2.074260860539958815e-03 1.072952340781733405e+00
2.078086077365522664e-03 1.074777958014978552e+00
2.081918348406901296e-03 1.076606402904911830e+00
2.085757686673016340e-03 1.078437678376273912e+00
2.089604105196788027e-03 1.080271787351796409e+00
2.093457617035161637e-03 1.082108732752175007e+00
2.097318235269168222e-03 1.083948517496049480e+00
2.101185973003962763e-03 1.085791144499984151e+00
2.105060843368860169e-03 1.087636616671438849e+00
2.108942859517397295e-03 1.089484936859979047e+00
2.112832034627358524e-03 1.091336107885968465e+00
2.116728381900836054e-03 1.093190132566831174e+00
2.120631914564269794e-03 1.095047013717198370e+00
2.124542645868483359e-03 1.096906754148873731e+00
2.128460589088743485e-03 1.098769356670817654e+00
2.132385757524798628e-03 1.100634824089122610e+00
2.136318164500917126e-03 1.102503159206981831e+00
2.140257823365946614e-03 1.104374364824672661e+00
2.144204747493345248e-03 1.106248443739528353e+00
2.148158950281238953e-03 1.108125398745913870e+00
2.152120445152460888e-03 1.110005232635204786e+00
2.156089245554592207e-03 1.111887948195754872e+00
2.160065364960022348e-03 1.113773548212881659e+00
2.164048816865975916e-03 1.115662035468830693e+00
2.168039614794574702e-03 1.117553412742760433e+00
2.172037772292878446e-03 1.119447682810713829e+00
2.176043302932921270e-03 1.121344848445589015e+00
2.180056220311775862e-03 1.123244912417121766e+00
2.184076538051580793e-03 1.125147877491855075e+00
2.188104269799601674e-03 1.127053746433116510e+00
2.192139429228271916e-03 1.128962522000992452e+00
2.196182030035232630e-03 1.130874206952302563e+00
2.200232085943392910e-03 1.132788804040574249e+00
2.204289610700961057e-03 1.134706316016018457e+00
2.208354618081505294e-03 1.136626745625503032e+00
2.212427121883993666e-03 1.138550095600312506e+00
2.216507135932834372e-03 1.140476368608224655e+00
2.220594674077940381e-03 1.142405567294690449e+00
2.224689750194754588e-03 1.144337694301098995e+00
2.228792378184316601e-03 1.146272752264748895e+00
2.232902571973300471e-03 1.148210743818821822e+00
2.237020345514055888e-03 1.150151671592355207e+00
2.241145712784673241e-03 1.152095538210213155e+00
2.245278687789008763e-03 1.154042346293053134e+00
2.249419284556753058e-03 1.155992098457309547e+00
2.253567517143467962e-03 1.157944797315154428e+00
2.257723399630628611e-03 1.159900445474471020e+00
2.261886946125688490e-03 1.161859045538829571e+00
2.266058170762106760e-03 1.163820600107450698e+00
2.270237087699414607e-03 1.165785111775188065e+00
2.274423711123254709e-03 1.167752583132487754e+00
2.278618055245423303e-03 1.169723016765365831e+00
2.282820134303933501e-03 1.171696415255380597e+00
2.287029962563047383e-03 1.173672781179594393e+00
2.291247554313338448e-03 1.175652117110558725e+00
2.295472923871733247e-03 1.177634425616272518e+00
2.299706085581555183e-03 1.179619709260159688e+00
2.303947053812586965e-03 1.181607970601037616e+00
2.308195842961102261e-03 1.183599212193084504e+00
2.312452467449929890e-03 1.185593436585818727e+00
2.316716941728496747e-03 1.187590646324062194e+00
2.320989280272869014e-03 1.189590843933838960e+00
2.325269497585819370e-03 1.191594031866302306e+00
2.329557608196853886e-03 1.193600212545502526e+00
2.333853626662281845e-03 1.195609388389959893e+00
2.338157567565256074e-03 1.197621561812631352e+00
2.342469445515815013e-03 1.199636735220878103e+00
2.346789275150949934e-03 1.201654911016436511e+00
2.351117071134634865e-03 1.203676091595381470e+00
2.355452848157893811e-03 1.205700279348098425e+00
2.359796620938842387e-03 1.207727476659245625e+00
2.364148404222731620e-03 1.209757685907720592e+00
2.368508212782014302e-03 1.211790909466635924e+00
2.372876061416376216e-03 1.213827149703271102e+00
2.377251964952802488e-03 1.215866408979056512e+00
2.381635938245621389e-03 1.217908689649526144e+00
2.386027996176547702e-03 1.219953994064289615e+00
2.390428153654749078e-03 1.222002324567002862e+00
2.394836425616878994e-03 1.224053683495325284e+00
2.399252827027141804e-03 1.226108073180894209e+00
2.403677372877340013e-03 1.228165495949291364e+00
2.408110078186914173e-03 1.230225954119998244e+00
2.412550958003012707e-03 1.232289450006380571e+00
2.417000027400523568e-03 1.234355985915634113e+00
2.421457301482142326e-03 1.236425564148768697e+00
2.425922795378415101e-03 1.238498187000563799e+00
2.430396524247784105e-03 1.240573856752325232e+00
2.434878503276655722e-03 1.242652575614883848e+00
2.439368747679431740e-03 1.244734345758618188e+00
2.443867272698579604e-03 1.246819169346543577e+00
2.448374093604674482e-03 1.248907048534570130e+00
2.452889225696446539e-03 1.250997985471453688e+00
2.457412684300848155e-03 1.253091982298777385e+00
2.461944484773086889e-03 1.255189041150893914e+00
2.466484642496694860e-03 1.257289164154906436e+00
2.471033172883572993e-03 1.259392353430621725e+00
2.475590091374036978e-03 1.261498611090509314e+00
2.480155413436886235e-03 1.263607939239677291e+00
2.484729154569436868e-03 1.265720339975819675e+00
2.489311330297591923e-03 1.267835815389187548e+00
2.493901956175885188e-03 1.269954367562553976e+00
2.498501047787528902e-03 1.272075998571164046e+00
2.503108620744482274e-03 1.274200710482712884e+00
2.507724690687484874e-03 1.276328505357291920e+00
2.512349273286127761e-03 1.278459385247362246e+00
2.516982384238899018e-03 1.280593352197716195e+00
2.521624039273228420e-03 1.282730408245427611e+00
2.526274254145558125e-03 1.284870555419829197e+00
2.530933044641385608e-03 1.287013795742464550e+00
2.535600426575313534e-03 1.289160131227048867e+00
2.540276415791116547e-03 1.291309563878593636e+00
2.544961028161779430e-03 1.293462095650585564e+00
2.549654279589564764e-03 1.295617728424464543e+00
2.554356186006061930e-03 1.297776464067904145e+00
2.559066763372232645e-03 1.299938304439792969e+00
2.563786027678482526e-03 1.302103251390208438e+00
2.568513994944696208e-03 1.304271306760362403e+00
2.573250681220307610e-03 1.306442472382565168e+00
2.577996102584349802e-03 1.308616750080187741e+00
2.582750275145498375e-03 1.310794141667608548e+00
2.587513215042146469e-03 1.312974648950185896e+00
2.592284938442438163e-03 1.315158273724200688e+00
2.597065461544341338e-03 1.317345017776827998e+00
2.601854800575696246e-03 1.319534882886087779e+00
2.606652971794259747e-03 1.321727870820800010e+00
2.611459991487782070e-03 1.323923983340554500e+00
2.616275875974039770e-03 1.326123222195650708e+00
2.621100641600908158e-03 1.328325589127070661e+00
2.625934304746412040e-03 1.330531085866432761e+00
2.630776881818770382e-03 1.332739714135941167e+00
2.635628389256469174e-03 1.334951475648351149e+00
2.640488843528309565e-03 1.337166372106928902e+00
2.645358261133455135e-03 1.339384405205395590e+00
2.650236658601506923e-03 1.341605576627902696e+00
2.655124052492538120e-03 1.343829888040560361e+00
2.660020459397169097e-03 1.346057341022980358e+00
2.664925895936615108e-03 1.348287937103371803e+00
2.669840378762735299e-03 1.350521677798960152e+00
2.674763924558108165e-03 1.352758564616338921e+00
2.679696550036066247e-03 1.354998599051407515e+00
2.684638271940771592e-03 1.357241782589336587e+00
2.689589107047264324e-03 1.359488116704519856e+00
2.694549072161513386e-03 1.361737602860519258e+00
2.699518184120489397e-03 1.363990242510032092e+00
2.704496459792202386e-03 1.366246037094830168e+00
2.709483916075778112e-03 1.368504988045722293e+00
2.714480569901504912e-03 1.370767096782508743e+00
2.719486438230886600e-03 1.373032364713922204e+00
2.724501538056716202e-03 1.375300793237598684e+00
2.729525886403112375e-03 1.377572383740012008e+00
2.734559500325597914e-03 1.379847137596440954e+00
2.739602396911147882e-03 1.382125056170917299e+00
2.744654593278239053e-03 1.384406140816173858e+00
2.749716106576928411e-03 1.386690392873603406e+00
2.754786953988889574e-03 1.388977813673210493e+00
2.759867152727489559e-03 1.391268404533559266e+00
2.764956720037837785e-03 1.393562166761735277e+00
2.770055673196839853e-03 1.395859101640356537e+00
2.775164029513271704e-03 1.398159210360607307e+00
2.780281806327818215e-03 1.400462494071034625e+00
2.785409021013152131e-03 1.402768953907633787e+00
2.790545690973983070e-03 1.405078590993863896e+00
2.795691833647107830e-03 1.407391406440589243e+00
2.800847466501492789e-03 1.409707401346033340e+00
2.806012607038305129e-03 1.412026576795727628e+00
2.811187272790997838e-03 1.414348933862459523e+00
2.816371481325356113e-03 1.416674473606224893e+00
2.821565250239551140e-03 1.419003197074167000e+00
2.826768597164218150e-03 1.421335105300536972e+00
2.831981539762495458e-03 1.423670199306635631e+00
2.837204095730101652e-03 1.426008480100764642e+00
2.842436282795389804e-03 1.428349948678176995e+00
2.847678118719397782e-03 1.430694606021017723e+00
2.852929621295927608e-03 1.433042453098281044e+00
2.858190808351585357e-03 1.435393490865755295e+00
2.863461697745859659e-03 1.437747720265969198e+00
2.868742307371174166e-03 1.440105142228148116e+00
2.874032655152940902e-03 1.442465757668148330e+00
2.879332759049639187e-03 1.444829567488417954e+00
2.884642637052855108e-03 1.447196572570410789e+00
2.889962307187363046e-03 1.449566773701761235e+00
2.895291787511176419e-03 1.451940171607391639e+00
2.900631096115601892e-03 1.454316766997035826e+00
2.905980251125320907e-03 1.456696560565851950e+00
2.911339270698426115e-03 1.459079552994362983e+00
2.916708173026507245e-03 1.461465744948412526e+00
2.922086976334699673e-03 1.463855137079096203e+00
2.927475698881740369e-03 1.466247730022715468e+00
2.932874358960049863e-03 1.468643524400715439e+00
2.938282974895770842e-03 1.471042520819634936e+00
2.943701565048849680e-03 1.473444719871047859e+00
2.949130147813091955e-03 1.475850122131506570e+00
2.954568741616214050e-03 1.478258728162488156e+00
2.960017364919928593e-03 1.480670538510339584e+00
2.965476036219981751e-03 1.483085553706213533e+00
2.970944774046236497e-03 1.485503774266026644e+00
2.976423596962728124e-03 1.487925200690390248e+00
2.981912523567718017e-03 1.490349833464561957e+00
2.987411572493776056e-03 1.492777673058384824e+00
2.992920762407821813e-03 1.495208719926232499e+00
2.998440112011208254e-03 1.497642974506766755e+00
3.003969640039775950e-03 1.500080437186175786e+00
3.009509365263908151e-03 1.502521108254066151e+00
3.015059306488614057e-03 1.504964987972917223e+00
3.020619482553571749e-03 1.507412076588610095e+00
3.026189912333209723e-03 1.509862374330383616e+00
3.031770614736764569e-03 1.512315881410763785e+00
3.037361608708333445e-03 1.514772598025506012e+00
3.042962913226962985e-03 1.517232524353545386e+00
3.048574547306686158e-03 1.519695660556919403e+00
3.054196529996610308e-03 1.522162006780726884e+00
3.059828880380971363e-03 1.524631563153056923e+00
3.065471617579190646e-03 1.527104329784926273e+00
3.071124760745959879e-03 1.529580306770236708e+00
3.076788329071282815e-03 1.532059494185690207e+00
3.082462341780560673e-03 1.534541892090753867e+00
3.088146818134649817e-03 1.537027500527583301e+00
3.093841777429916402e-03 1.539516319520964682e+00
3.099547238998324409e-03 1.542008349078265006e+00
3.105263222207475544e-03 1.544503589189358150e+00
3.110989746460697709e-03 1.547002039826573139e+00
3.116726831197101817e-03 1.549503700943188234e+00
3.122474495891636864e-03 1.552008572410358500e+00
3.128232760055175369e-03 1.554516653992240371e+00
3.134001643234571918e-03 1.557027945427716054e+00
3.139781165012716941e-03 1.559542446436770202e+00
3.145571345008629088e-03 1.562060156720435522e+00
3.151372202877492090e-03 1.564581075960713052e+00
3.157183758310747566e-03 1.567105203820526871e+00
3.163006031036150970e-03 1.569632539943645044e+00
3.168839040817827968e-03 1.572163083954617235e+00
3.174682807456361607e-03 1.574696835458723410e+00
3.180537350788849998e-03 1.577233794041895010e+00
3.186402690688968330e-03 1.579773959270658334e+00
3.192278847067039124e-03 1.582317330692066815e+00
3.198165839870110733e-03 1.584863907833639063e+00
3.204063689082012421e-03 1.587413690203298033e+00
3.209972414723429816e-03 1.589966677289298413e+00
3.215892036851959561e-03 1.592522868560169114e+00
3.221822575562199951e-03 1.595082263464644656e+00
3.227764050985794300e-03 1.597644861431604779e+00
3.233716483291519846e-03 1.600210661869909456e+00
3.239679892685349335e-03 1.602779664139338589e+00
3.245654299410506531e-03 1.605351867509451580e+00
3.251639723747560759e-03 1.607927271218763998e+00
3.257636186014468103e-03 1.610505874484897237e+00
3.263643706566662916e-03 1.613087676504529000e+00
3.269662305797118966e-03 1.615672676453315360e+00
3.275692004136406248e-03 1.618260873485824591e+00
3.281732822052785530e-03 1.620852266735480329e+00
3.287784780052249983e-03 1.623446855314477855e+00
3.293847898678619289e-03 1.626044638313735469e+00
3.299922198513597759e-03 1.628645614802814778e+00
3.306007700176835477e-03 1.631249783829853639e+00
3.312104424326021979e-03 1.633857144421512420e+00
3.318212391656928748e-03 1.636467695582887183e+00
3.324331622903501596e-03 1.639081436297459726e+00
3.330462138837925277e-03 1.641698365527024306e+00
3.336603960270678564e-03 1.644318482211611698e+00
3.342757108050632264e-03 1.646941785269441683e+00
3.348921603065092151e-03 1.649568273596833556e+00
3.355097466239892641e-03 1.652197946062606393e+00
3.361284718539457941e-03 1.654830801418753605e+00
3.367483380966863633e-03 1.657466838315049928e+00
3.373693474563931646e-03 1.660106055375518697e+00
3.379915020411273629e-03 1.662748451200779076e+00
3.386148039628387226e-03 1.665394024367997883e+00
3.392392553373718093e-03 1.668042773430801429e+00
3.398648582844718876e-03 1.670694696919210021e+00
3.404916149277948962e-03 1.673349793339574898e+00
3.411195273949115675e-03 1.676008061174494745e+00
3.417485978173171856e-03 1.678669498882751965e+00
3.423788283304379180e-03 1.681334104899246507e+00
3.430102210736368003e-03 1.684001877634909050e+00
3.436427781902235377e-03 1.686672815476651266e+00
3.442765018274590583e-03 1.689346916787274111e+00
3.449113941365651841e-03 1.692024179905415648e+00
3.455474572727307465e-03 1.694704603145466892e+00
3.461846933951181343e-03 1.697388184797502531e+00
3.468231046668728348e-03 1.700074923127221194e+00
3.474626932551281178e-03 1.702764816372790424e+00
3.481034613310147931e-03 1.705457862687043358e+00
3.487454110696674558e-03 1.708154060141958919e+00
3.493885446502309911e-03 1.710853406782009811e+00
3.500328642558702026e-03 1.713555900626166251e+00
3.506783720737747124e-03 1.716261539667804481e+00
3.513250702951684588e-03 1.718970321874645935e+00
3.519729611153164621e-03 1.721682245188685512e+00
3.526220467335309822e-03 1.724397307526103651e+00
3.532723293531815807e-03 1.727115506777213261e+00
3.539238111816995439e-03 1.729836840806367348e+00
3.545764944305882481e-03 1.732561307451900179e+00
3.552303813154291875e-03 1.735288904526052445e+00
3.558854740558887834e-03 1.738019629814885558e+00
3.565417748757281416e-03 1.740753481078228582e+00
3.571992860028078663e-03 1.743490456049585191e+00
3.578580096690981219e-03 1.746230552436075723e+00
3.585179481106851810e-03 1.748973767918361677e+00
3.591791035677777567e-03 1.751720100150560677e+00
3.598414782847173671e-03 1.754469546730101248e+00
3.605050745099829326e-03 1.757222105121771349e+00
3.611698944962009241e-03 1.759977772739516055e+00
3.618359405001519979e-03 1.762736546969456919e+00
3.625032147827774148e-03 1.765498425169807373e+00
3.631717196091895777e-03 1.768263404670807004e+00
3.638414572486764129e-03 1.771031482774640065e+00
3.645124299747119073e-03 1.773802656755360418e+00
3.651846400649626581e-03 1.776576923858821599e+00
3.658580898012944206e-03 1.779354281302590879e+00
3.665327814697825169e-03 1.782134726275882652e+00
3.672087173607166497e-03 1.784918255939481835e+00
3.678858997686111805e-03 1.787704867425665700e+00
3.685643309922119817e-03 1.790494557838128165e+00
3.692440133345028120e-03 1.793287324251910508e+00
3.699249491027161146e-03 1.796083163713317665e+00
3.706071406083376145e-03 1.798882073239850721e+00
3.712905901671168570e-03 1.801684049820117206e+00
3.719753000990739297e-03 1.804489090383545102e+00
3.726612727285062276e-03 1.807297191733509001e+00
3.733485103839989487e-03 1.810108350624133111e+00
3.740370153984300811e-03 1.812922563779445051e+00
3.747267901089808544e-03 1.815739827893299463e+00
3.754178368571425058e-03 1.818560139629302963e+00
3.761101579887232618e-03 1.821383495620730208e+00
3.768037558538587899e-03 1.824209892470457062e+00
3.774986328070171863e-03 1.827039326750870663e+00
3.781947912070097312e-03 1.829871795003807478e+00
3.788922334169976536e-03 1.832707293740464261e+00
3.795909618044989407e-03 1.835545819441326110e+00
3.802909787413991799e-03 1.838387368556090529e+00
3.809922866039565457e-03 1.841231937503584826e+00
3.816948877728124686e-03 1.844079522671699722e+00
3.823987846329985740e-03 1.846930120417304755e+00
3.831039795739437075e-03 1.849783727066173222e+00
3.838104749894846474e-03 1.852640338908657203e+00
3.845182732778711782e-03 1.855499952140940545e+00
3.852273768417769761e-03 1.858362562879414259e+00
3.859377880883061579e-03 1.861228167207135353e+00
3.866495094290023013e-03 1.864096761174970585e+00
3.873625432798553838e-03 1.866968340801504977e+00
3.880768920613107166e-03 1.869842902072968549e+00
3.887925581982781820e-03 1.872720440943169473e+00
3.895095441201389553e-03 1.875600953333397047e+00
3.902278522607548726e-03 1.878484435132366404e+00
3.909474850584752394e-03 1.881370882196118366e+00
3.916684449561461112e-03 1.884260290347955058e+00
3.923907344011190977e-03 1.887152655378368182e+00
3.931143558452587783e-03 1.890047973044946872e+00
3.938393117449518095e-03 1.892946239072315739e+00
3.945656045611137773e-03 1.895847449152043840e+00
3.952932367591985643e-03 1.898751598942575169e+00
3.960222108092074575e-03 1.901658684061679816e+00
3.967525291856965203e-03 1.904568699984541036e+00
3.974841943677854400e-03 1.907481642069455141e+00
3.982172088391646401e-03 1.910397505638014692e+00
3.989515750881063826e-03 1.913316285977065379e+00
3.996872956074700584e-03 1.916237978338628523e+00
4.004243728947133769e-03 1.919162577939822922e+00
4.011628094518996518e-03 1.922090079962785580e+00
4.019026077857053465e-03 1.925020479554591102e+00
4.026437704074310037e-03 1.927953771827175533e+00
4.033862998330067090e-03 1.930889951857254427e+00
4.041301985830035408e-03 1.933829014686251124e+00
4.048754691826409423e-03 1.936770955320215259e+00
4.056221141617938342e-03 1.939715768729738832e+00
4.063701360550041504e-03 1.942663449849887813e+00
4.071195374014864761e-03 1.945613993580115109e+00
4.078703207451390630e-03 1.948567394784193718e+00
4.086224886345515492e-03 1.951523648279981371e+00
4.093760436230121577e-03 1.954482748815752124e+00
4.101309882685196667e-03 1.957444691096617673e+00
4.108873251337880929e-03 1.960409469791382975e+00
4.116450567862589213e-03 1.963377079532478309e+00
4.124041857981084781e-03 1.966347514915873562e+00
4.131647147462549560e-03 1.969320770500997630e+00
4.139266462123705574e-03 1.972296840810678908e+00
4.146899827828867853e-03 1.975275720331042706e+00
4.154547270490062394e-03 1.978257403511461066e+00
4.162208816067097285e-03 1.981241884764456174e+00
4.169884490567644236e-03 1.984229158465633081e+00
4.177574320047353074e-03 1.987219218953602651e+00
4.185278330609904646e-03 1.990212060529901850e+00
4.192996548407133990e-03 1.993207677458927130e+00
4.200728999639102325e-03 1.996206063967848054e+00
4.208475710554175110e-03 1.999207214214783646e+00
4.216236707449140010e-03 2.002211122173562785e+00
4.224012016669261536e-03 2.005217781737127503e+00
4.231801664608402479e-03 2.008227186759568017e+00
4.239605677709099366e-03 2.011239331056043245e+00
4.247424082462640527e-03 2.014254208402702861e+00
4.255256905409181452e-03 2.017271812536615361e+00
4.263104173137807242e-03 2.020292137155678791e+00
4.270965912286648833e-03 2.023315175918563469e+00
4.278842149542961930e-03 2.026340922444618275e+00
4.286732911643203331e-03 2.029369370313798715e+00
4.294638225373154095e-03 2.032400513066596748e+00
4.302558117567971581e-03 2.035434344203953749e+00
4.310492615112316954e-03 2.038470857187197893e+00
4.318441744940429775e-03 2.041510045437961107e+00
4.326405534036205196e-03 2.044551902338047622e+00
4.334384009433320598e-03 2.047596421223800700e+00
4.342377198215285894e-03 2.050643595380821971e+00
4.350385127515573637e-03 2.053693418053415876e+00
4.358407824517691008e-03 2.056745882445704332e+00
4.366445316455263952e-03 2.059800981721559676e+00
4.374497630612158607e-03 2.062858709004538049e+00
4.382564794322536816e-03 2.065919057377788803e+00
4.390646834970983632e-03 2.068982019883999879e+00
4.398743779992582772e-03 2.072047589525309430e+00
4.406855656873001625e-03 2.075115759263236104e+00
4.414982493148610077e-03 2.078186522018617310e+00
4.423124316406541225e-03 2.081259870671517742e+00
4.431281154284818016e-03 2.084335798061175193e+00
4.439453034472428707e-03 2.087414296985917961e+00
4.447639984709411860e-03 2.090495360203091124e+00
4.455842032786982120e-03 2.093578980392613254e+00
4.464059206547583113e-03 2.096665150026084667e+00
4.472291533885019293e-03 2.099753861484852102e+00
4.480539042744536606e-03 2.102845107107517819e+00
4.488801761122898810e-03 2.105938879189852120e+00
4.497079717068520194e-03 2.109035169984744051e+00
4.505372938681521076e-03 2.112133971702107704e+00
4.513681454113856184e-03 2.115235276508823148e+00
4.522005291569394445e-03 2.118339076528662268e+00
4.530344479304006591e-03 2.121445363842208831e+00
4.538699045625684859e-03 2.124554130486794978e+00
4.547069018894609772e-03 2.127665368456429729e+00
4.555454427523275042e-03 2.130779069701720818e+00
4.563855299976571703e-03 2.133895226129816081e+00
4.572271664771867042e-03 2.137013829604318627e+00
4.580703550479140775e-03 2.140134871949340933e+00
4.589150985721037086e-03 2.143258344960308648e+00
4.597613999173000808e-03 2.146384240392408493e+00
4.606092619563358082e-03 2.149512549957152352e+00
4.614586875673397891e-03 2.152643265322290667e+00
4.623096796337507371e-03 2.155776378111757818e+00
4.631622410443225583e-03 2.158911879905599740e+00
4.640163746931382296e-03 2.162049762239902861e+00
4.648720834796176045e-03 2.165190016606739931e+00
4.657293703085260000e-03 2.168332634454082530e+00
4.665882380899874678e-03 2.171477607185752223e+00
4.674486897394908649e-03 2.174624926161347727e+00
4.683107281779029518e-03 2.177774582696179628e+00
4.691743563314770653e-03 2.180926568061209547e+00
4.700395771318612720e-03 2.184080873480591212e+00
4.709063935161123329e-03 2.187237490071022972e+00
4.717748084267009943e-03 2.190396408836378317e+00
4.726448248115259522e-03 2.193557620731782620e+00
4.735164456239221789e-03 2.196721116666895401e+00
4.743896738226696837e-03 2.199886887505847710e+00
4.752645123720066096e-03 2.203054924067175513e+00
4.761409642416357391e-03 2.206225217123757076e+00
4.770190324067377641e-03 2.209397757402750351e+00
4.778987198479795265e-03 2.212572535585525912e+00
4.787800295515252068e-03 2.215749542307615005e+00
4.796629645090448243e-03 2.218928768158632270e+00
4.805475277177253396e-03 2.222110203682218899e+00
4.814337221802821899e-03 2.225293839375998672e+00
4.823215509049674429e-03 2.228479665691018408e+00
4.832110169055815058e-03 2.231667672979706030e+00
4.841021232014814518e-03 2.234857851448043942e+00
4.849948728175925566e-03 2.238050191243665665e+00
4.858892687844195736e-03 2.241244682466937643e+00
4.867853141380551474e-03 2.244441315170891293e+00
4.876830119201916100e-03 2.247640079361164833e+00
4.885823651781290473e-03 2.250840964995938442e+00
4.894833769647890902e-03 2.254043961985893851e+00
4.903860503387214194e-03 2.257249060194127299e+00
4.912903883641176438e-03 2.260456249436115339e+00
4.921963941108201471e-03 2.263665519479651334e+00
4.931040706543308484e-03 2.266876860044773068e+00
4.940134210758255137e-03 2.270090260803731663e+00
4.949244484621600007e-03 2.273305711380421368e+00
4.958371559058840500e-03 2.276523201328777724e+00
4.967515465052506525e-03 2.279742720124088962e+00
4.976676233642248967e-03 2.282964257191064217e+00
4.985853895924979330e-03 2.286187801906029993e+00
4.995048483054936525e-03 2.289413343596858663e+00
5.004260026243826515e-03 2.292640871542928505e+00
5.013488556760915121e-03 2.295870374975066852e+00
5.022734105933115631e-03 2.299101843075486595e+00
5.031996705145133642e-03 2.302335264977748430e+00
5.041276385839533851e-03 2.305570629766699575e+00
5.050573179516877967e-03 2.308807926478423145e+00
5.059887117735820117e-03 2.312047144100199070e+00
5.069218232113197921e-03 2.315288271570426382e+00
5.078566554324173872e-03 2.318531297786786904e+00
5.087932116102304725e-03 2.321776211656232825e+00
5.097314949239682876e-03 2.325023002062298172e+00
5.106715085587029170e-03 2.328271657840076170e+00
5.116132557053787444e-03 2.331522167776059362e+00
5.125567395608265041e-03 2.334774520608097870e+00
5.135019633277705664e-03 2.338028705025360754e+00
5.144489302148428159e-03 2.341284709668276509e+00
5.153976434365925390e-03 2.344542523128501976e+00
5.163481062134952712e-03 2.347802133948868164e+00
5.173003217719678894e-03 2.351063530623341613e+00
5.182542933443748563e-03 2.354326701596971105e+00
5.192100241690434000e-03 2.357591635265863239e+00
5.201675174902725338e-03 2.360858319970029928e+00
5.211267765583424243e-03 2.364126743872166259e+00
5.220878046295296566e-03 2.367396894973642141e+00
5.230506049661133930e-03 2.370668761221638388e+00
5.240151808363908113e-03 2.373942330512784693e+00
5.249815355146859527e-03 2.377217590693123661e+00
5.259496722813596960e-03 2.380494529558065508e+00
5.269195944228244159e-03 2.383773134852346764e+00
5.278913052315511827e-03 2.387053394269999185e+00
5.288648080060839862e-03 2.390335295454298681e+00
5.298401060510501449e-03 2.393618825997736455e+00
5.308172026771694994e-03 2.396903973441979918e+00
5.317961012012692446e-03 2.400190725277829618e+00
5.327768049462913019e-03 2.403479068943931818e+00
5.337593172413071518e-03 2.406768991808355018e+00
5.347436414215273742e-03 2.410060481172489499e+00
5.357297808283117101e-03 2.413353524286084184e+00
5.367177388091838933e-03 2.416648108347651647e+00
5.377075187178385896e-03 2.419944220504420151e+00
5.386991239141571824e-03 2.423241847852318553e+00
5.396925577642167071e-03 2.426540977435928781e+00
5.406878236403002587e-03 2.429841596248452973e+00
5.416849249209120844e-03 2.433143691231702821e+00
5.426838649907846958e-03 2.436447249276036953e+00
5.436846472408938744e-03 2.439752257220361376e+00
5.446872750684691664e-03 2.443058701852080628e+00
5.456917518770032505e-03 2.446366569935417790e+00
5.466980810762675502e-03 2.449675848334629702e+00
5.477062660823192597e-03 2.452986523913730288e+00
5.487163103175170427e-03 2.456298583486420384e+00
5.497282172105307473e-03 2.459612013816005138e+00
5.507419901963515538e-03 2.462926801615382466e+00
5.517576327163075008e-03 2.466242933547025729e+00
5.527751482180704237e-03 2.469560396222941989e+00
5.537945401556721749e-03 2.472879176204668905e+00
5.548158119895139906e-03 2.476199260003246305e+00
5.558389671863770733e-03 2.479520634079186436e+00
5.568640092194378569e-03 2.482843284842472631e+00
5.578909415682758999e-03 2.486167198643071785e+00
5.589197677188888908e-03 2.489492361552445576e+00
5.599504911637034031e-03 2.492818759356135505e+00
5.609831154015846970e-03 2.496146377775869230e+00
5.620176439378526782e-03 2.499475202480187619e+00
5.630540802842894446e-03 2.502805219084386579e+00
5.640924279591547248e-03 2.506136413150526376e+00
5.651326904871966338e-03 2.509468770187408548e+00
5.661748713996614737e-03 2.512802275650547035e+00
5.672189742343101276e-03 2.516136914942178837e+00
5.682650025354251712e-03 2.519472673411218722e+00
5.693129598538270927e-03 2.522809536353268101e+00
5.703628497468845281e-03 2.526147489013378156e+00
5.714146757785246687e-03 2.529486516747475822e+00
5.724684415192494817e-03 2.532826605112327378e+00
5.735241505461428219e-03 2.536167739635168505e+00
5.745818064428872586e-03 2.539509905792197930e+00
5.756414127997738772e-03 2.542853089008567657e+00
5.767029732137132075e-03 2.546197274658363430e+00
5.777664912882511834e-03 2.549542448064619382e+00
5.788319706335768623e-03 2.552888594499289177e+00
5.798994148665386449e-03 2.556235699183259324e+00
5.809688276106550302e-03 2.559583747286344746e+00
5.820402124961249375e-03 2.562932723927267009e+00
5.831135731598441861e-03 2.566282614169856480e+00
5.841889132454132147e-03 2.569633402901675190e+00
5.852662364031535613e-03 2.572985074808377348e+00
5.863455462901178382e-03 2.576337614514198737e+00
5.874268465701031755e-03 2.579691006590796309e+00
5.885101409136623239e-03 2.583045235557228647e+00
5.895954329981168383e-03 2.586400285879980832e+00
5.906827265075709557e-03 2.589756141972949344e+00
5.917720251329224371e-03 2.593112788197463825e+00
5.928633325718760984e-03 2.596470208862266205e+00
5.939566525289544791e-03 2.599828388223531128e+00
5.950519887155119800e-03 2.603187310484874839e+00
5.961493448497482209e-03 2.606546959811729458e+00
5.972487246567192293e-03 2.609907320435887801e+00
5.983501318683512316e-03 2.613268376595913267e+00
5.994535702234511480e-03 2.616630112479225279e+00
6.005590434677209044e-03 2.619992512221716474e+00
6.016665553537713096e-03 2.623355559907755818e+00
6.027761096411328109e-03 2.626719239570200592e+00
6.038877100962694588e-03 2.630083535190415933e+00
6.050013604925894017e-03 2.633448430698273501e+00
6.061170646104620599e-03 2.636813909972183012e+00
6.072348262372256715e-03 2.640179956839092235e+00
6.083546491672048133e-03 2.643546555073981175e+00
6.094765372017212426e-03 2.646913688367904083e+00
6.106004941491050865e-03 2.650281340309816436e+00
6.117265238247120152e-03 2.653649494432502198e+00
6.128546300509312220e-03 2.657018134216928562e+00
6.139848166572026839e-03 2.660387243092270371e+00
6.151170874800286105e-03 2.663756804435929659e+00
6.162514463629840261e-03 2.667126801573555639e+00
6.173878971567348974e-03 2.670497217779074450e+00
6.185264437190455059e-03 2.673868036274700266e+00
6.196670899147965761e-03 2.677239240230968598e+00
6.208098396159958572e-03 2.680610812766796691e+00
6.219546967017900059e-03 2.683982736971702199e+00
6.231016650584816734e-03 2.687354995945802294e+00
6.242507485795379188e-03 2.690727572748794927e+00
6.254019511656078167e-03 2.694100450389316670e+00
6.265552767245337329e-03 2.697473611824969808e+00
6.277107291713626865e-03 2.700847039962340101e+00
6.288683124283641311e-03 2.704220717657050965e+00
6.300280304250381949e-03 2.707594627713767022e+00
6.311898870981334612e-03 2.710968752886256272e+00
6.323538863916583312e-03 2.714343075877412748e+00
6.335200322568925596e-03 2.717717579339235634e+00
6.346883286524053827e-03 2.721092245844999979e+00
6.358587795440632379e-03 2.724467057839996986e+00
6.370313889050484117e-03 2.727841997705103605e+00
6.382061607158701425e-03 2.731217047769932904e+00
6.393830989643763292e-03 2.734592190312842508e+00
6.405622076457714864e-03 2.737967407561010535e+00
6.417434907626255042e-03 2.741342681690455141e+00
6.429269523248911690e-03 2.744717994826082030e+00
6.441125963499163935e-03 2.748093329041739086e+00
6.453004268624555791e-03 2.751468666360235016e+00
6.464904478946880036e-03 2.754843988755546480e+00
6.476826634862261484e-03 2.758219278275216624e+00
6.488770776841339127e-03 2.761594517107727409e+00
6.500736945429388437e-03 2.764969687408525889e+00
6.512725181246433251e-03 2.768344771283891337e+00
6.524735524987434858e-03 2.771719750791014292e+00
6.536768017422372665e-03 2.775094607938027202e+00
6.548822699396433279e-03 2.778469324684061714e+00
6.560899611830126738e-03 2.781843882939310841e+00
6.572998795719406200e-03 2.785218264565061830e+00
6.585120292135851830e-03 2.788592451373770764e+00
6.597264142226761871e-03 2.791966425121364281e+00
6.609430387215333054e-03 2.795340167447066815e+00
6.621619068400784631e-03 2.798713659905884388e+00
6.633830227158477207e-03 2.802086884003374578e+00
6.646063904940097480e-03 2.805459821196004899e+00
6.658320143273751927e-03 2.808832452891222964e+00
6.670598983764147206e-03 2.812204760447508001e+00
6.682900468092716796e-03 2.815576725174434802e+00
6.695224638017738088e-03 2.818948328332743891e+00
6.707571535374524940e-03 2.822319551134398807e+00
6.719941202075514416e-03 2.825690374743937472e+00
6.732333680110455000e-03 2.829060780345473258e+00
6.744749011546529761e-03 2.832430749175557594e+00
6.757187238528480390e-03 2.835800262431144247e+00
6.769648403278795412e-03 2.839169301261601053e+00
6.782132548097798662e-03 2.842537846768772081e+00
6.794639715363845305e-03 2.845905880007055799e+00
6.807169947533439798e-03 2.849273381983468134e+00
6.819723287141359926e-03 2.852640333657725957e+00
6.832299776800855422e-03 2.856006715942315033e+00
6.844899459203728637e-03 2.859372509702524212e+00
6.857522377120534030e-03 2.862737695738289734e+00
6.870168573400700467e-03 2.866102254754313794e+00
6.882838090972656121e-03 2.869466167400231527e+00
6.895530972844023630e-03 2.872829414278492255e+00
6.908247262101706830e-03 2.876191975944415891e+00
6.920987001912092852e-03 2.879553832906305288e+00
6.933750235521170084e-03 2.882914965625498205e+00
6.946537006254657406e-03 2.886275354516463221e+00
6.959347357518202819e-03 2.889634979946895665e+00
6.972181332797470175e-03 2.892993822237666102e+00
6.985038975658336945e-03 2.896351861558693397e+00
6.997920329747025180e-03 2.899709077733264806e+00
7.010825438790221215e-03 2.903065450482907206e+00
7.023754346595281230e-03 2.906420959480697341e+00
7.036707097050317120e-03 2.909775584351325772e+00
7.049683734124399456e-03 2.913129304671205233e+00
7.062684301867682389e-03 2.916482099968555008e+00
7.075708844411533749e-03 2.919833949723499078e+00
7.088757405968734542e-03 2.923184833368170477e+00
7.101830030833570888e-03 2.926534730292365882e+00
7.114926763382034385e-03 2.929883620474293959e+00
7.128047648071953075e-03 2.933231485063439337e+00
7.141192729443120689e-03 2.936578305307172343e+00
7.154362052117493528e-03 2.939924062414463357e+00
7.167555660799291954e-03 2.943268737555963632e+00
7.180773600275195540e-03 2.946612311864122979e+00
7.194015915414479247e-03 2.949954766433265707e+00
7.207282651169139194e-03 2.953296082319696314e+00
7.220573852574098221e-03 2.956636240541806959e+00
7.233889564747302166e-03 2.959975221994035177e+00
7.247229832889920224e-03 2.963313006067278543e+00
7.260594702286472454e-03 2.966649570881330966e+00
7.273984218304998042e-03 2.969984894468226777e+00
7.287398426397184541e-03 2.973318954809919923e+00
7.300837372098538738e-03 2.976651729838408311e+00
7.314301101028556663e-03 2.979983197435860820e+00
7.327789658890854554e-03 2.983313335434717217e+00
7.341303091473340599e-03 2.986642121617821832e+00
7.354841444648346771e-03 2.989969533718576322e+00
7.368404764372799703e-03 2.993295549952393664e+00
7.381993096688391556e-03 2.996620150354218026e+00
7.395606487721714459e-03 2.999943315330075411e+00
7.409244983684432247e-03 3.003265025249446385e+00
7.422908630873412301e-03 3.006585260445378438e+00
7.436597475670901625e-03 3.009904001214601887e+00
7.450311564544697708e-03 3.013221227817642678e+00
7.464050944048281240e-03 3.016536920478955164e+00
7.477815660820993048e-03 3.019851059387005154e+00
7.491605761588159863e-03 3.023163624604182420e+00
7.505421293161306830e-03 3.026474595143831436e+00
7.519262302438254643e-03 3.029783949341910532e+00
7.533128836403335526e-03 3.033091665481421728e+00
7.547020942127522468e-03 3.036397721802344130e+00
7.560938666768574935e-03 3.039702096501791573e+00
7.574882057571246177e-03 3.043004767734136529e+00
7.588851161867385571e-03 3.046305713611127342e+00
7.602846027076150259e-03 3.049604912202062756e+00
7.616866700704147397e-03 3.052902341544966536e+00
7.630913230345565991e-03 3.056197979942379739e+00
7.644985663682398944e-03 3.059491805994958735e+00
7.659084048484539331e-03 3.062783798281747405e+00
7.673208432609997243e-03 3.066073935342918499e+00
7.687358864005040295e-03 3.069362195679894878e+00
7.701535390704330672e-03 3.072648557755484955e+00
7.715738060831145440e-03 3.075932999994049677e+00
7.729966922597476288e-03 3.079215500781602888e+00
7.744222024304247241e-03 3.082496038472382072e+00
7.758503414341455170e-03 3.085774591637645781e+00
7.772811141188312040e-03 3.089051139147226621e+00
7.787145253413463482e-03 3.092325659858562226e+00
7.801505799675090280e-03 3.095598132594096441e+00
7.815892828721129545e-03 3.098868536141443197e+00
7.830306389389415228e-03 3.102136849253516626e+00
7.844746530607821233e-03 3.105403050648679386e+00
7.859213301394486068e-03 3.108667119010898539e+00
7.873706750857906514e-03 3.111929032967743591e+00
7.888226928197171819e-03 3.115188770531394091e+00
7.902773882702097269e-03 3.118446309052851362e+00
7.917347663753371637e-03 3.121701625813369407e+00
7.931948320822780965e-03 3.124954698055295577e+00
7.946575903473312649e-03 3.128205502982237096e+00
7.961230461359379215e-03 3.131454017759209396e+00
7.975912044226962302e-03 3.134700219512814190e+00
7.990620701913753177e-03 3.137944085331391353e+00
8.005356484349392121e-03 3.141185592335231203e+00
8.020119441555553438e-03 3.144424718359910997e+00
8.034909623646191781e-03 3.147661441664924009e+00
8.049727080827672257e-03 3.150895740483932173e+00
8.064571863398926552e-03 3.154127593018446252e+00
8.079444021751674976e-03 3.157356977438026568e+00
8.094343606370534017e-03 3.160583871880401574e+00
8.109270667833248791e-03 3.163808254451664137e+00
8.124225256810831824e-03 3.167030103226413651e+00
8.139207424067717439e-03 3.170249396131660014e+00
8.154217220461990739e-03 3.173466110649508121e+00
8.169254696945489960e-03 3.176680224137139685e+00
8.184319904564042389e-03 3.179891713918412410e+00
8.199412894457608347e-03 3.183100557284027854e+00
8.214533717860437317e-03 3.186306731491703292e+00
8.229682426101288251e-03 3.189510213766356905e+00
8.244859070603549264e-03 3.192710981300271644e+00
8.260063702885461420e-03 3.195909011263756483e+00
8.275296374560276585e-03 3.199104281012886464e+00
8.290557137336397944e-03 3.202296768078753519e+00
8.305846043017624594e-03 3.205486449970373020e+00
8.321163143503250426e-03 3.208673304166788753e+00
8.336508490788308717e-03 3.211857308117260335e+00
8.351882136963714384e-03 3.215038439241447943e+00
8.367284134216423572e-03 3.218216674929588184e+00
8.382714534829664374e-03 3.221391992542396832e+00
8.398173391183044387e-03 3.224564369230613181e+00
8.413660755752798773e-03 3.227733781623399523e+00
8.429176681111932509e-03 3.230900206235759686e+00
8.444721219930373043e-03 3.234063619551234670e+00
8.460294424975221828e-03 3.237223998022111804e+00
8.475896349110844524e-03 3.240381318069605943e+00
8.491527045299131216e-03 3.243535556084066851e+00
8.507186566599633445e-03 3.246686688425172385e+00
8.522874966169732489e-03 3.249834691520772090e+00
8.538592297264866599e-03 3.252979542366413845e+00
8.554338613238655908e-03 3.256121218154132801e+00
8.570113967543134884e-03 3.259259696050051058e+00
8.585918413728908447e-03 3.262394953194153846e+00
8.601752005445316776e-03 3.265526966700505351e+00
8.617614796440662556e-03 3.268655713657434347e+00
8.633506840562341078e-03 3.271781171127744248e+00
8.649428191757070963e-03 3.274903316090634675e+00
8.665378904071055488e-03 3.278022124930480174e+00
8.681359031650143915e-03 3.281137573682338715e+00
8.697368628740069149e-03 3.284249638349283629e+00
8.713407749686565701e-03 3.287358294906254308e+00
8.729476448935619484e-03 3.290463519300268924e+00
8.745574781033615269e-03 3.293565287450642476e+00
8.761702800627510154e-03 3.296663575249190625e+00
8.777860562465066019e-03 3.299758358593236629e+00
8.794048121394974424e-03 3.302849613709841758e+00
8.810265532367101207e-03 3.305937317019801203e+00
8.826512850432651283e-03 3.309021444922753741e+00
8.842790130744317828e-03 3.312101973794213894e+00
8.859097428556545958e-03 3.315178879985794858e+00
8.875434799225633345e-03 3.318252139825416780e+00
8.891802298209995625e-03 3.321321729617536356e+00
8.908199981070320794e-03 3.324387625673005608e+00
8.924627903469727064e-03 3.327449804523118004e+00
8.941086121174023071e-03 3.330508242796724527e+00
8.957574690051818903e-03 3.333562917102335099e+00
8.974093666074781095e-03 3.336613804027547037e+00
8.990643105317788764e-03 3.339660880139232013e+00
9.007223063959134829e-03 3.342704121983790078e+00
9.023833598280701224e-03 3.345743506087343722e+00
9.040474764668156651e-03 3.348779008604377605e+00
9.057146619611169958e-03 3.351810604085747602e+00
9.073849219703578398e-03 3.354838266610637110e+00
9.090582621643594069e-03 3.357861970230274107e+00
9.107346882233968710e-03 3.360881688968198056e+00
9.124142058382208806e-03 3.363897396820513475e+00
9.140968207100778550e-03 3.366909067756158613e+00
9.157825385507280258e-03 3.369916675727870903e+00
9.174713650824650388e-03 3.372920195825200640e+00
9.191633060381329545e-03 3.375919605307749816e+00
9.208583671611512284e-03 3.378914881663626524e+00
9.225565542055275473e-03 3.381906002367822683e+00
9.242578729358836773e-03 3.384892944882450294e+00
9.259623291274715964e-03 3.387875686656951046e+00
9.276699285661913624e-03 3.390854205128325027e+00
9.293806770486166130e-03 3.393828477516653841e+00
9.310945803820068825e-03 3.396798478643742403e+00
9.328116443843336228e-03 3.399764181768222926e+00
9.345318748842977238e-03 3.402725560096975688e+00
9.362552777213459937e-03 3.405682586811130452e+00
9.379818587456982201e-03 3.408635235066345803e+00
9.397116238183580994e-03 3.411583477993091584e+00
9.414445788111413388e-03 3.414527288699344965e+00
9.431807296066921364e-03 3.417466641013688911e+00
9.449200820984994878e-03 3.420401510539771373e+00
9.466626421909256350e-03 3.423331873131262082e+00
9.484084157992164754e-03 3.426257704627658995e+00
9.501574088495298373e-03 3.429178980854539649e+00
9.519096272789519600e-03 3.432095677623812513e+00
9.536650770355151879e-03 3.435007770733973675e+00
9.554237640782245120e-03 3.437915235881189524e+00
9.571856943770704063e-03 3.440818048041227151e+00
9.589508739130555431e-03 3.443716181837649604e+00
9.607193086782124872e-03 3.446609611875759871e+00
9.624910046756210424e-03 3.449498312744935014e+00
9.642659679194353142e-03 3.452382259018903277e+00
9.660442044348963725e-03 3.455261425256014984e+00
9.678257202583596605e-03 3.458135785984512101e+00
9.696105214373126890e-03 3.461005315338550936e+00
9.713986140303918632e-03 3.463869987037290876e+00
9.731900041074109317e-03 3.466729774764034655e+00
9.749846977493731304e-03 3.469584652185436102e+00
9.767827010484987638e-03 3.472434592951794574e+00
9.785840201082430731e-03 3.475279570697360487e+00
9.803886610433139304e-03 3.478119559048183262e+00
9.821966299796995939e-03 3.480954532326742790e+00
9.840079330546813718e-03 3.483784466128003299e+00
9.858225764168615513e-03 3.486609336173499774e+00
9.876405662261812657e-03 3.489429118177107103e+00
9.894619086539385364e-03 3.492243787845317193e+00
9.912866098828158543e-03 3.495053320877517411e+00
9.931146761068937109e-03 3.497857692961457321e+00
9.949461135316780072e-03 3.500656878112188064e+00
9.967809283741187881e-03 3.503450846226221049e+00
9.986191268626277637e-03 3.506239566554169240e+00
1.000460715237106064e-02 3.509023008320642845e+00
1.002305699748960201e-02 3.511801140724607695e+00
1.004154086661125655e-02 3.514573932939772050e+00
1.006005882248087527e-02 3.517341354119562169e+00
1.007861092795901518e-02 3.520103375749016106e+00
1.009719724602217011e-02 3.522859975490645557e+00
1.011581783976295799e-02 3.525611132015623372e+00
1.013447277239034987e-02 3.528356824001492420e+00
1.015316210722988499e-02 3.531097030132382297e+00
1.017188590772388074e-02 3.533831729099258911e+00
1.019064423743165984e-02 3.536560899585246442e+00
1.020943716002974642e-02 3.539284517388757045e+00
1.022826473931209672e-02 3.542002551977942559e+00
1.024712703919031069e-02 3.544714971963050409e+00
1.026602412369384543e-02 3.547421745931679027e+00
1.028495605697025278e-02 3.550122842449168203e+00
1.030392290328536672e-02 3.552818230059014315e+00
1.032292472702353928e-02 3.555507877333135003e+00
1.034196159268785040e-02 3.558191755363596442e+00
1.036103356490035085e-02 3.560869838930364129e+00
1.038014070840224436e-02 3.563542103104029746e+00
1.039928308805413218e-02 3.566208522955032212e+00
1.041846076883623171e-02 3.568869073553945004e+00
1.043767381584857941e-02 3.571523729971792349e+00
1.045692229431128585e-02 3.574172467085282356e+00
1.047620626956472130e-02 3.576815256730660586e+00
1.049552580706975512e-02 3.579452068330482462e+00
1.051488097240797781e-02 3.582082871226760723e+00
1.053427183128191093e-02 3.584707634746841176e+00
1.055369844951526206e-02 3.587326328203825021e+00
1.057316089305310874e-02 3.589938920896961427e+00
1.059265922796214301e-02 3.592545382748068672e+00
1.061219352043089523e-02 3.595145687069091434e+00
1.063176383676995088e-02 3.597739808303399123e+00
1.065137024341219867e-02 3.600327720897785522e+00
1.067101280691301786e-02 3.602909399302021143e+00
1.069069159395053328e-02 3.605484817969192957e+00
1.071040667132583390e-02 3.608053951347174770e+00
1.073015810596319314e-02 3.610616773185646888e+00
1.074994596491031344e-02 3.613173256036358527e+00
1.076977031533853449e-02 3.615723372332811714e+00
1.078963122454306735e-02 3.618267094507799708e+00
1.080952875994322868e-02 3.620804394993771158e+00
1.082946298908265582e-02 3.623335246223211570e+00
1.084943397962956704e-02 3.625859620282602336e+00
1.086944179937694883e-02 3.628377486412960540e+00
1.088948651624281616e-02 3.630888812451452896e+00
1.090956819827042582e-02 3.633393566214535575e+00
1.092968691362853489e-02 3.635891715508015931e+00
1.094984273061159509e-02 3.638383228127489932e+00
1.097003571764000422e-02 3.640868071882247037e+00
1.099026594326034389e-02 3.643346216197718590e+00
1.101053347614559461e-02 3.645817633151041459e+00
1.103083838509539248e-02 3.648282295067847958e+00
1.105118073903624092e-02 3.650740174278130024e+00
1.107156060702175343e-02 3.653191243116628240e+00
1.109197805823288786e-02 3.655635473923216416e+00
1.111243316197817535e-02 3.658072838795936477e+00
1.113292598769398054e-02 3.660503308629993402e+00
1.115345660494470106e-02 3.662926853954780793e+00
1.117402508342302259e-02 3.665343445301520120e+00
1.119463149295015642e-02 3.667753053203779867e+00
1.121527590347606851e-02 3.670155648197897413e+00
1.123595838507973621e-02 3.672551200627820922e+00
1.125667900796935988e-02 3.674939678193481107e+00
1.127743784248261272e-02 3.677321046687579642e+00
1.129823495908688358e-02 3.679695271853307137e+00
1.131907042837950600e-02 3.682062319426574248e+00
1.133994432108802533e-02 3.684422155136530819e+00
1.136085670807039302e-02 3.686774744807380433e+00
1.138180766031524765e-02 3.689120058472223018e+00
1.140279724894213004e-02 3.691458071812885766e+00
1.142382554520173996e-02 3.693788760926119075e+00
1.144489262047618076e-02 3.696112101930538074e+00
1.146599854627918143e-02 3.698428070966937042e+00
1.148714339425636020e-02 3.700736644175670609e+00
1.150832723618544842e-02 3.703037793914033760e+00
1.152955014397656457e-02 3.705331484528794128e+00
1.155081218967242244e-02 3.707617679344328732e+00
1.157211344544860007e-02 3.709896341677426879e+00
1.159345398361377039e-02 3.712167434837901236e+00
1.161483387660995625e-02 3.714430922132031743e+00
1.163625319701278200e-02 3.716686769173393134e+00
1.165771201753170068e-02 3.718934948068288282e+00
1.167921041101025424e-02 3.721175432070228606e+00
1.170074845042631817e-02 3.723408194452535458e+00
1.172232620889234085e-02 3.725633208508758010e+00
1.174394375965562461e-02 3.727850447552243374e+00
1.176560117609852345e-02 3.730059883194743797e+00
1.178729853173873104e-02 3.732261481714033380e+00
1.180903590022951144e-02 3.734455208357099210e+00
1.183081335535995579e-02 3.736641028374327878e+00
1.185263097105524431e-02 3.738818907020097448e+00
1.187448882137687005e-02 3.740988809553813077e+00
1.189638698052291298e-02 3.743150701644167189e+00
1.191832552282828112e-02 3.745304550116657971e+00
1.194030452276496207e-02 3.747450322009924228e+00
1.196232405494229711e-02 3.749587984373567995e+00
1.198438419410720150e-02 3.751717504268704317e+00
1.200648501514443335e-02 3.753838848776195114e+00
1.202862659307685732e-02 3.755951986456966818e+00
1.205080900306567705e-02 3.758056889090401143e+00
1.207303232041072663e-02 3.760153528902329345e+00
1.209529662055068046e-02 3.762241878144209295e+00
1.211760197906334297e-02 3.764321909093557572e+00
1.213994847166588453e-02 3.766393593917002125e+00
1.216233617421512772e-02 3.768456898089674212e+00
1.218476516270776758e-02 3.770511777477470350e+00
1.220723551328065093e-02 3.772558187197080581e+00
1.222974730221103486e-02 3.774596082356661331e+00
1.225230060591683476e-02 3.776625418056689387e+00
1.227489550095690538e-02 3.778646150517547042e+00
1.229753206403127672e-02 3.780658254312636135e+00
1.232021037198141947e-02 3.782661718992654798e+00
1.234293050179051908e-02 3.784656534610382206e+00
1.236569253058371516e-02 3.786642691287727125e+00
1.238849653562840158e-02 3.788620179215803851e+00
1.241134259433444159e-02 3.790588984012784657e+00
1.243423078425445923e-02 3.792549062419657613e+00
1.245716118308409434e-02 3.794500360047084797e+00
1.248013386866226627e-02 3.796442822460956990e+00
1.250314891897145488e-02 3.798376395206629841e+00
1.252620641213793122e-02 3.800301023838757342e+00
1.254930642643205252e-02 3.802216661091440297e+00
1.257244904026851018e-02 3.804123276344314242e+00
1.259563433220660215e-02 3.806020841355202577e+00
1.261886238095051745e-02 3.807909327918657105e+00
1.264213326534956681e-02 3.809788707866465174e+00
1.266544706439847595e-02 3.811658952987554194e+00
1.268880385723764916e-02 3.813520033788390773e+00
1.271220372315342781e-02 3.815371919732861716e+00
1.273564674157838875e-02 3.817214580287799475e+00
1.275913299209157324e-02 3.819047984955068031e+00
1.278266255441878364e-02 3.820872103272123343e+00
1.280623550843284011e-02 3.822686903684995308e+00
1.282985193415387901e-02 3.824492350471486279e+00
1.285351191174958704e-02 3.826288406957763399e+00
1.287721552153549623e-02 3.828075036496214612e+00
1.290096284397524926e-02 3.829852202466208944e+00
1.292475395968086839e-02 3.831619868302771792e+00
1.294858894941306078e-02 3.833377998044177559e+00
1.297246789408143877e-02 3.835126556298346312e+00
1.299639087474483562e-02 3.836865507726034519e+00
1.302035797261156570e-02 3.838594817020781313e+00
1.304436926903969861e-02 3.840314448909233125e+00
1.306842484553735230e-02 3.842024367210956193e+00
1.309252478376294639e-02 3.843724532802728078e+00
1.311666916552548662e-02 3.845414906003380651e+00
1.314085807278485285e-02 3.847095447160340687e+00
1.316509158765205925e-02 3.848766116650472746e+00
1.318936979238956655e-02 3.850426876127560849e+00
1.321369276941151798e-02 3.852077700799690252e+00
1.323806060128404280e-02 3.853718574216242310e+00
1.326247337072553739e-02 3.855349480117750360e+00
1.328693116060693236e-02 3.856970402316848734e+00
1.331143405395200825e-02 3.858581324457330375e+00
1.333598213393762631e-02 3.860182216901534513e+00
1.336057548389404763e-02 3.861773029977660698e+00
1.338521418730520031e-02 3.863353712374427928e+00
1.340989832780898477e-02 3.864924212797171688e+00
1.343462798919752010e-02 3.866484479969310772e+00
1.345940325541746148e-02 3.868034464651575188e+00
1.348422421057026907e-02 3.869574124499593371e+00
1.350909093891248906e-02 3.871103418665414075e+00
1.353400352485607111e-02 3.872622306339769782e+00
1.355896205296861293e-02 3.874130746752985743e+00
1.358396660797367081e-02 3.875628701110892749e+00
1.360901727475104239e-02 3.877116144391550723e+00
1.363411413833704941e-02 3.878593057575139724e+00
1.365925728392485168e-02 3.880059421741192338e+00
1.368444679686469864e-02 3.881515218045362481e+00
1.370968276266423813e-02 3.882960427045391683e+00
1.373496526698881302e-02 3.884395020055527059e+00
1.376029439566173358e-02 3.885818961652979908e+00
1.378567023466460012e-02 3.887232216313722066e+00
1.381109287013755627e-02 3.888634748567562305e+00
1.383656238837960295e-02 3.890026522696155453e+00
1.386207887584889331e-02 3.891407495209273204e+00
1.388764241916300851e-02 3.892777614321943247e+00
1.391325310509928907e-02 3.894136827878181606e+00
1.393891102059508294e-02 3.895485083756986100e+00
1.396461625274806814e-02 3.896822330193379980e+00
1.399036888881654422e-02 3.898148529672925022e+00
1.401616901621971500e-02 3.899463664308626232e+00
1.404201672253802685e-02 3.900767717724230366e+00
1.406791209551340634e-02 3.902060673631307264e+00
1.409385522304960024e-02 3.903342515642068022e+00
1.411984619321245311e-02 3.904613215613577992e+00
1.414588509423023686e-02 3.905872726765002412e+00
1.417197201449390577e-02 3.907121000713989822e+00
1.419810704255742607e-02 3.908357989127216658e+00
1.422429026713807089e-02 3.909583643791424201e+00
1.425052177711671163e-02 3.910797921173663205e+00
1.427680166153815107e-02 3.912000785241898981e+00
1.430313000961137664e-02 3.913192200705304380e+00
1.432950691070990386e-02 3.914372132343489685e+00
1.435593245437205567e-02 3.915540545123264771e+00
1.438240673030127814e-02 3.916697409964861709e+00
1.440892982836645790e-02 3.917842706417542065e+00
1.443550183860219105e-02 3.918976414794083762e+00
1.446212285120911968e-02 3.920098515499164549e+00
1.448879295655422332e-02 3.921208988605947798e+00
1.451551224517113117e-02 3.922307801037832942e+00
1.454228080776043958e-02 3.923394904259901672e+00
1.456909873518999823e-02 3.924470248912967030e+00
1.459596611849522767e-02 3.925533785700043410e+00
1.462288304887943494e-02 3.926585465588749546e+00
1.464984961771411028e-02 3.927625243109599928e+00
1.467686591653926710e-02 3.928653075830548236e+00
1.470393203706370742e-02 3.929668921487959654e+00
1.473104807116536533e-02 3.930672737893824653e+00
1.475821411089161227e-02 3.931664485416925814e+00
1.478543024845955373e-02 3.932644147659050571e+00
1.481269657625638655e-02 3.933611720946621038e+00
1.484001318683965225e-02 3.934567201849950013e+00
1.486738017293759428e-02 3.935510587056333609e+00
1.489479762744944785e-02 3.936441865595000422e+00
1.492226564344579197e-02 3.937360988978214404e+00
1.494978431416881665e-02 3.938267897426522168e+00
1.497735373303266809e-02 3.939162531224304153e+00
1.500497399362376791e-02 3.940044830746469717e+00
1.503264518970110972e-02 3.940914742308502028e+00
1.506036741519661479e-02 3.941772225977769661e+00
1.508814076421540785e-02 3.942617243854575015e+00
1.511596533103616059e-02 3.943449758131813088e+00
1.514384121011140907e-02 3.944269731538905255e+00
1.517176849606786428e-02 3.945077138525465710e+00
1.519974728370676424e-02 3.945871966133876363e+00
1.522777766800415336e-02 3.946654202138014877e+00
1.525585974411122758e-02 3.947423834428644529e+00
1.528399360735465708e-02 3.948180847351594913e+00
1.531217935323690021e-02 3.948925198274290782e+00
1.534041707743655572e-02 3.949656832504781612e+00
1.536870687580864543e-02 3.950375695380932584e+00
1.539704884438496645e-02 3.951081732361609866e+00
1.542544307937441204e-02 3.951774900083822928e+00
1.545388967716329262e-02 3.952455182572210290e+00
1.548238873431568956e-02 3.953122568093757394e+00
1.551094034757373452e-02 3.953777045038262994e+00
1.553954461385797896e-02 3.954418600255444005e+00
1.556820163026770461e-02 3.955047192467370021e+00
1.559691149408124790e-02 3.955662756892728282e+00
1.562567430275637118e-02 3.956265228116895738e+00
1.565449015393052812e-02 3.956854540818757204e+00
1.568335914542124190e-02 3.957430643620883259e+00
1.571228137522642093e-02 3.957993539106404945e+00
1.574125694152471097e-02 3.958543243085458130e+00
1.577028594267579353e-02 3.959079771512146184e+00
1.579936847722074322e-02 3.959603138622644902e+00
1.582850464388236081e-02 3.960113313180412931e+00
1.585769454156549588e-02 3.960610216834834496e+00
1.588693826935741460e-02 3.961093769146919907e+00
1.591623592652809116e-02 3.961563889775368441e+00
1.594558761253057552e-02 3.962020513254132847e+00
1.597499342700132302e-02 3.962463633345098657e+00
1.600445346976052050e-02 3.962893258731666535e+00
1.603396784081246099e-02 3.963309398240948411e+00
1.606353664034583864e-02 3.963712058757700163e+00
1.609315996873411647e-02 3.964101208729631232e+00
1.612283792653585943e-02 3.964476782743386440e+00
1.615257061449506051e-02 3.964838714338766668e+00
1.618235813354153285e-02 3.965186937198138750e+00
1.621220058479119069e-02 3.965521400788310835e+00
1.624209806954642760e-02 3.965842097114255616e+00
1.627205068929644602e-02 3.966149025430325104e+00
1.630205854571761120e-02 3.966442185135086174e+00
1.633212174067380507e-02 3.966721572249585659e+00
1.636224037621675231e-02 3.966987152255473159e+00
1.639241455458636393e-02 3.967238874958447958e+00
1.642264437821110840e-02 3.967476690166007014e+00
1.645292994970833783e-02 3.967700548159238672e+00
1.648327137188465921e-02 3.967910412451161495e+00
1.651366874773625010e-02 3.968106263658336186e+00
1.654412218044924027e-02 3.968288083671027255e+00
1.657463177340003438e-02 3.968455854523928128e+00
1.660519763015570055e-02 3.968609555625055574e+00
1.663581985447427913e-02 3.968749157934504890e+00
1.666649855030515742e-02 3.968874630898561406e+00
1.669723382178942006e-02 3.968985944110525299e+00
1.672802577326019599e-02 3.969083066744376609e+00
1.675887450924304703e-02 3.969165963967173472e+00
1.678978013445625930e-02 3.969234599247704498e+00
1.682074275381124917e-02 3.969288936197358897e+00
1.685176247241290670e-02 3.969328939445555982e+00
1.688283939555992874e-02 3.969354589549050516e+00
1.691397362874523178e-02 3.969365880988522832e+00
1.694516527765625377e-02 3.969362808862778813e+00
1.697641444817533235e-02 3.969345368076303782e+00
1.700772124638007601e-02 3.969313532614047624e+00
1.703908577854370068e-02 3.969267243915815868e+00
1.707050815113542869e-02 3.969206440764388777e+00
1.710198847082080448e-02 3.969131062137929433e+00
1.713352684446208668e-02 3.969041063242214396e+00
1.716512337911860198e-02 3.968936441351890387e+00
1.719677818204709552e-02 3.968817200650881283e+00
1.722849136070214032e-02 3.968683345484293135e+00
1.726026302273644258e-02 3.968534871199016045e+00
1.729209327600124066e-02 3.968371735263148459e+00
1.732398222854666936e-02 3.968193885439584623e+00
1.735592998862210690e-02 3.968001269664162223e+00
1.738793666467659121e-02 3.967793842992446418e+00
1.742000236535912877e-02 3.967571603111938572e+00
1.745212719951909353e-02 3.967334563916316004e+00
1.748431127620658429e-02 3.967082739492058696e+00
1.751655470467283066e-02 3.966816136465398213e+00
1.754885759437051218e-02 3.966534697990040215e+00
1.758122005495415738e-02 3.966238335751020028e+00
1.761364219628051841e-02 3.965926961398340556e+00
1.764612412840892847e-02 3.965600495431891304e+00
1.767866596160170070e-02 3.965258949710107395e+00
1.771126780632447870e-02 3.964902390890880035e+00
1.774392977324661461e-02 3.964530886520448050e+00
1.777665197324155427e-02 3.964144495619288833e+00
1.780943451738719804e-02 3.963743171981249702e+00
1.784227751696632058e-02 3.963326799374657039e+00
1.787518108346688311e-02 3.962895260514145868e+00
1.790814532858246363e-02 3.962448445332442226e+00
1.794117036421261427e-02 3.961986332583437687e+00
1.797425630246322556e-02 3.961508962041676796e+00
1.800740325564697403e-02 3.961016374834361198e+00
1.804061133628361013e-02 3.960508608100961059e+00
1.807388065710040584e-02 3.959985649738990254e+00
1.810721133103251196e-02 3.959447455377210101e+00
1.814060347122334327e-02 3.958893980279513780e+00
1.817405719102498790e-02 3.958325181371961765e+00
1.820757260399854388e-02 3.957741030621802825e+00
1.824114982391454934e-02 3.957141508853065481e+00
1.827478896475333292e-02 3.956526597192768779e+00
1.830849014070543013e-02 3.955896275433607556e+00
1.834225346617196842e-02 3.955250511312895956e+00
1.837607905576502804e-02 3.954589266889198207e+00
1.840996702430805834e-02 3.953912504395587835e+00
1.844391748683625251e-02 3.953220193586032494e+00
1.847793055859696040e-02 3.952512347355810363e+00
1.851200635505004591e-02 3.951788994407675837e+00
1.854614499186830329e-02 3.951050163634669321e+00
1.858034658493784227e-02 3.950295867860132759e+00
1.861461125035846972e-02 3.949526054587779722e+00
1.864893910444413369e-02 3.948740655037915825e+00
1.868333026372324263e-02 3.947939600714757358e+00
1.871778484493911640e-02 3.947122841239287805e+00
1.875230296505035407e-02 3.946290372772277788e+00
1.878688474123124674e-02 3.945442199075626100e+00
1.882153029087219043e-02 3.944578324140840753e+00
1.885623973158003647e-02 3.943698754538389917e+00
1.889101318117853562e-02 3.942803500834052510e+00
1.892585075770871275e-02 3.941892574120749781e+00
1.896075257942926931e-02 3.940965983320647847e+00
1.899571876481702393e-02 3.940023688849995764e+00
1.903074943256724896e-02 3.939065605555777339e+00
1.906584470159412154e-02 3.938091646788338895e+00
1.910100469103111209e-02 3.937101735480637466e+00
1.913622952023136953e-02 3.936095876046461495e+00
1.917151930876818955e-02 3.935074115036627962e+00
1.920687417643534081e-02 3.934036499510019880e+00
1.924229424324751594e-02 3.932983067976785652e+00
1.927777962944073400e-02 3.931913824163288051e+00
1.931333045547273600e-02 3.930828763227006029e+00
1.934894684202342896e-02 3.929727880193000455e+00
1.938462890999524679e-02 3.928611136791781533e+00
1.942037678051358740e-02 3.927478433846743222e+00
1.945619057492721168e-02 3.926329665995299312e+00
1.949207041480869804e-02 3.925164734474460015e+00
1.952801642195478582e-02 3.923983646558819594e+00
1.956402871838683680e-02 3.922786497690954999e+00
1.960010742635123412e-02 3.921573386092028102e+00
1.963625266831979521e-02 3.920344386832384398e+00
1.967246456699021928e-02 3.919099446014183918e+00
1.970874324528644472e-02 3.917838465466399356e+00
1.974508882635910706e-02 3.916561347730382447e+00
1.978150143358595181e-02 3.915268053694365147e+00
1.981798119057223695e-02 3.913958661780408299e+00
1.985452822115120128e-02 3.912633264667030097e+00
1.989114264938441484e-02 3.911291946089035854e+00
1.992782459956223690e-02 3.909934655810330284e+00
1.996457419620424265e-02 3.908561241270542386e+00
2.000139156405963264e-02 3.907171547739143325e+00
2.003827682810768035e-02 3.905765465398622460e+00
2.007523011355811723e-02 3.904343067356325303e+00
2.011225154585158381e-02 3.902904473676180430e+00
2.014934125066004944e-02 3.901449802359985952e+00
2.018649935388723560e-02 3.899979090491775935e+00
2.022372598166906343e-02 3.898492270867999210e+00
2.026102126037405624e-02 3.896989269704596470e+00
2.029838531660376963e-02 3.895470021795702564e+00
2.033581827719323568e-02 3.893934516623470454e+00
2.037332026921138267e-02 3.892382765949650381e+00
2.041089141996149658e-02 3.890814781691161794e+00
2.044853185698159576e-02 3.889230565616853319e+00
2.048624170804490968e-02 3.887630101684662609e+00
2.052402110116028841e-02 3.886013372306305502e+00
2.056187016457267092e-02 3.884380363127314606e+00
2.059978902676348061e-02 3.882731084568130875e+00
2.063777781645107293e-02 3.881065559357123718e+00
2.067583666259118977e-02 3.879383810380952813e+00
2.071396569437736548e-02 3.877685846942642733e+00
2.075216504124142297e-02 3.875971652680045398e+00
2.079043483285383798e-02 3.874241208646544532e+00
2.082877519912423175e-02 3.872494495514826163e+00
2.086718627020178740e-02 3.870731489037411599e+00
2.090566817647570089e-02 3.868952162787993476e+00
2.094422104857565289e-02 3.867156491020786735e+00
2.098284501737218352e-02 3.865344475399618673e+00
2.102154021397719189e-02 3.863516161781077596e+00
2.106030676974436633e-02 3.861671600200523802e+00
2.109914481626961810e-02 3.859810828749773659e+00
2.113805448539156709e-02 3.857933814821083551e+00
2.117703590919193732e-02 3.856040500391348935e+00
2.121608921999602881e-02 3.854130828313820700e+00
2.125521455037317556e-02 3.852204757783939559e+00
2.129441203313717570e-02 3.850262266485960261e+00
2.133368180134678077e-02 3.848303333396116077e+00
2.137302398830609809e-02 3.846327973383020016e+00
2.141243872756506961e-02 3.844336325001561416e+00
2.145192615291991595e-02 3.842328553533721269e+00
2.149148639841360134e-02 3.840304806837738116e+00
2.153111959833629852e-02 3.838265028674237467e+00
2.157082588722580851e-02 3.836209030361774630e+00
2.161060539986804294e-02 3.834136622818132611e+00
2.165045827129747150e-02 3.832047712405544981e+00
2.169038463679761122e-02 3.829942367484132415e+00
2.173038463190143585e-02 3.827820672296478044e+00
2.177045839239186154e-02 3.825682711301966243e+00
2.181060605430221178e-02 3.823528569651198694e+00
2.185082775391666843e-02 3.821358332748551856e+00
2.189112362777075743e-02 3.819172075308581604e+00
2.193149381265178249e-02 3.816969724840415079e+00
2.197193844559928999e-02 3.814751102564942098e+00
2.201245766390556510e-02 3.812516029896451553e+00
2.205305160511605508e-02 3.810264461357239174e+00
2.209372040702990009e-02 3.807996568676554450e+00
2.213446420770031828e-02 3.805712543534469638e+00
2.217528314543514012e-02 3.803412527940472909e+00
2.221617735879724206e-02 3.801096477723515221e+00
2.225714698660502880e-02 3.798764305354331849e+00
2.229819216793292938e-02 3.796415928452246735e+00
2.233931304211181704e-02 3.794051306183429784e+00
2.238050974872951571e-02 3.791670419475935638e+00
2.242178242763127882e-02 3.789273253218324200e+00
2.246313121892022646e-02 3.786859876097030675e+00
2.250455626295789699e-02 3.784430442845208464e+00
2.254605770036462870e-02 3.781985111168170821e+00
2.258763567202010450e-02 3.779523933759179499e+00
2.262929031906378563e-02 3.777046759103126039e+00
2.267102178289545286e-02 3.774553412797685414e+00
2.271283020517561937e-02 3.772043779062261404e+00
2.275471572782604424e-02 3.769517956982570528e+00
2.279667849303020771e-02 3.766976095256496571e+00
2.283871864323378659e-02 3.764418330312100824e+00
2.288083632114518151e-02 3.761844713984134447e+00
2.292303166973593334e-02 3.759255262395702513e+00
2.296530483224125396e-02 3.756649988274207264e+00
2.300765595216049120e-02 3.754028857699244437e+00
2.305008517325762840e-02 3.751391803744278608e+00
2.309259263956179101e-02 3.748738760813077775e+00
2.313517849536768367e-02 3.746069708338669368e+00
2.317784288523612457e-02 3.743384676083896245e+00
2.322058595399451725e-02 3.740683696931374591e+00
2.326340784673733633e-02 3.737966823339582412e+00
2.330630870882666530e-02 3.735234140888624488e+00
2.334928868589261630e-02 3.732485738388477081e+00
2.339234792383388176e-02 3.729721688514359368e+00
2.343548656881820624e-02 3.726942023209260491e+00
2.347870476728287914e-02 3.724146768287788678e+00
2.352200266593526892e-02 3.721335922894551285e+00
2.356538041175326031e-02 3.718509388239735536e+00
2.360883815198580246e-02 3.715667043722672869e+00
2.365237603415338077e-02 3.712808818618944517e+00
2.369599420604852694e-02 3.709934893468958439e+00
2.373969281573634973e-02 3.707045528253348099e+00
2.378347201155497567e-02 3.704140941528036635e+00
2.382733194211610409e-02 3.701221070860410745e+00
2.387127275630547552e-02 3.698285736730374307e+00
2.391529460328343723e-02 3.695334773871155054e+00
2.395939763248536997e-02 3.692368140518526687e+00
2.400358199362224304e-02 3.689385859721635796e+00
2.404784783668111742e-02 3.686387964153653662e+00
2.409219531192563490e-02 3.683374585224149733e+00
2.413662456989658367e-02 3.680345916038078258e+00
2.418113576141232846e-02 3.677302141804903446e+00
2.422572903756937956e-02 3.674243331761397613e+00
2.427040454974288552e-02 3.671169472022899338e+00
2.431516244958714310e-02 3.668080545231184431e+00
2.436000288903615932e-02 3.664976502920072932e+00
2.440492602030407826e-02 3.661857272135813801e+00
2.444993199588577429e-02 3.658722784581928789e+00
2.449502096855733779e-02 3.655573054586201742e+00
2.454019309137658172e-02 3.652408165896245062e+00
2.458544851768362099e-02 3.649228205308957751e+00
2.463078740110130962e-02 3.646033274684120418e+00
2.467620989553582014e-02 3.642823488825501332e+00
2.472171615517714666e-02 3.639598956895338855e+00
2.476730633449961486e-02 3.636359682847875696e+00
2.481298058826246142e-02 3.633105581338992085e+00
2.485873907151028503e-02 3.629836573931833232e+00
2.490458193957361538e-02 3.626552731386193162e+00
2.495050934806943704e-02 3.623254245272214735e+00
2.499652145290169949e-02 3.619941293280812378e+00
2.504261841026189303e-02 3.616613808744530978e+00
2.508880037662951368e-02 3.613271543061618019e+00
2.513506750877264259e-02 3.609914279253535252e+00
2.518141996374843872e-02 3.606542222339863102e+00
2.522785789890374247e-02 3.603155856524214773e+00
2.527438147187552678e-02 3.599755610899080249e+00
2.532099084059147298e-02 3.596341334684270752e+00
2.536768616327050516e-02 3.592912548734015665e+00
2.541446759842331399e-02 3.589468851913619751e+00
2.546133530485294311e-02 3.586010465585983020e+00
2.550828944165525400e-02 3.582537901716348117e+00
2.555533016821950887e-02 3.579051597056547074e+00
2.560245764422890841e-02 3.575551536082821169e+00
2.564967202966111914e-02 3.572037536502442823e+00
2.569697348478887020e-02 3.568509447309505589e+00
2.574436217018040776e-02 3.564967255163466131e+00
2.579183824670010228e-02 3.561410985422864606e+00
2.583940187550898965e-02 3.557840686629134108e+00
2.588705321806528126e-02 3.554256481955977431e+00
2.593479243612498847e-02 3.550658509457096823e+00
2.598261969174238059e-02 3.547046889164206185e+00
2.603053514727058509e-02 3.543421700021910592e+00
2.607853896536214272e-02 3.539783014295712960e+00
2.612663130896951749e-02 3.536130840242739382e+00
2.617481234134573856e-02 3.532465083792192484e+00
2.622308222604483388e-02 3.528785647215573640e+00
2.627144112692248248e-02 3.525092566143319228e+00
2.631988920813651753e-02 3.521386022029708407e+00
2.636842663414750224e-02 3.517666192052485652e+00
2.641705356971931623e-02 3.513933095381658323e+00
2.646577017991964820e-02 3.510186635984708925e+00
2.651457663012061691e-02 3.506426760553661648e+00
2.656347308599928125e-02 3.502653762808791704e+00
2.661245971353828552e-02 3.498868097613502925e+00
2.666153667902631391e-02 3.495070071638758158e+00
2.671070414905873588e-02 3.491259328853933308e+00
2.675996229053813694e-02 3.487435330279436307e+00
2.680931127067488415e-02 3.483597825108528667e+00
2.685875125698773680e-02 3.479747298114107767e+00
2.690828241730435638e-02 3.475884342304037755e+00
2.695790491976189293e-02 3.472009203865032756e+00
2.700761893280758524e-02 3.468121615706438732e+00
2.705742462519928129e-02 3.464221287985916220e+00
2.710732216600609049e-02 3.460308241363458492e+00
2.715731172460886939e-02 3.456382762044680312e+00
2.720739347070084274e-02 3.452445117655818851e+00
2.725756757428817595e-02 3.448495366450030186e+00
2.730783420569053710e-02 3.444533467424608641e+00
2.735819353554172495e-02 3.440559385076451093e+00
2.740864573479016852e-02 3.436573106154467538e+00
2.745919097469956549e-02 3.432574623724900853e+00
2.750982942684944421e-02 3.428564004482245409e+00
2.756056126313573273e-02 3.424541457979856318e+00
2.761138665577140758e-02 3.420507204672615931e+00
2.766230577728697945e-02 3.416461349221730170e+00
2.771331880053114899e-02 3.412403880649506061e+00
2.776442589867136879e-02 3.408334797134194183e+00
2.781562724519442281e-02 3.404254214022334413e+00
2.786692301390706825e-02 3.400162305195623347e+00
2.791831337893654896e-02 3.396059175872734759e+00
2.796979851473123391e-02 3.391944678766392052e+00
2.802137859606118261e-02 3.387818612365374182e+00
2.807305379801879400e-02 3.383680974189838153e+00
2.812482429601932676e-02 3.379532090942808598e+00
2.817669026580153432e-02 3.375372303434527765e+00
2.822865188342826501e-02 3.371201710940310736e+00
2.828070932528703105e-02 3.367020225325821237e+00
2.833286276809066778e-02 3.362827792707358654e+00
2.838511238887785407e-02 3.358624572577623368e+00
2.843745836501376800e-02 3.354410796813266593e+00
2.848990087419066633e-02 3.350186611477223853e+00
2.854244009442848465e-02 3.345951971638323919e+00
2.859507620407549314e-02 3.341706810248097348e+00
2.864780938180882044e-02 3.337451130800249910e+00
2.870063980663510594e-02 3.333185004581119770e+00
2.875356765789111382e-02 3.328908517188023275e+00
2.880659311524430208e-02 3.324621830206689665e+00
2.885971635869350946e-02 3.320325135293601626e+00
2.891293756856947589e-02 3.316018562683608728e+00
2.896625692553550860e-02 3.311702093869205221e+00
2.901967461058807540e-02 3.307375695985014463e+00
2.907319080505741879e-02 3.303039500309274956e+00
2.912680569060822205e-02 3.298693797775098080e+00
2.918051944924013666e-02 3.294338817303395395e+00
2.923433226328845877e-02 3.289974369596119885e+00
2.928824431542474335e-02 3.285600108820263099e+00
2.934225578865739051e-02 3.281215948379564651e+00
2.939636686633234630e-02 3.276822356858491325e+00
2.945057773213361971e-02 3.272419853617982266e+00
2.950488857008397997e-02 3.268008640733966352e+00
2.955929956454553947e-02 3.263588661588892492e+00
2.961381090022044069e-02 3.259159847450564307e+00
2.966842276215140781e-02 3.254722106235505841e+00
2.972313533572241290e-02 3.250275342781391963e+00
2.977794880665930732e-02 3.245819660742724100e+00
2.983286336103042891e-02 3.241355476400999969e+00
2.988787918524729234e-02 3.236883185932391882e+00
2.994299646606514084e-02 3.232402729792708929e+00
2.999821539058363309e-02 3.227913789899231389e+00
3.005353614624746081e-02 3.223416202722467983e+00
3.010895892084698364e-02 3.218910261869465383e+00
3.016448390251890224e-02 3.214396331550464225e+00
3.022011127974683423e-02 3.209874521351576249e+00
3.027584124136199761e-02 3.205344690490134596e+00
3.033167397654383882e-02 3.200806791108871341e+00
3.038760967482066061e-02 3.196261312616627936e+00
3.044364852607033683e-02 3.191708909368054403e+00
3.049979072052083975e-02 3.187149735782154547e+00
3.055603644875097558e-02 3.182583155406333297e+00
3.061238590169100202e-02 3.178008551480245192e+00
3.066883927062325627e-02 3.173426080463570109e+00
3.072539674718287664e-02 3.168836302035436425e+00
3.078205852335835768e-02 3.164239638470270233e+00
3.083882479149225794e-02 3.159636172622779515e+00
3.089569574428184875e-02 3.155025944216458988e+00
3.095267157477973180e-02 3.150409106942414272e+00
3.100975247639458851e-02 3.145785901728813894e+00
3.106693864289171089e-02 3.141156463095999829e+00
3.112423026839374399e-02 3.136520539173542677e+00
3.118162754738129996e-02 3.131877808906086802e+00
3.123913067469368671e-02 3.127228349091617510e+00
3.129673984552948374e-02 3.122572654202726117e+00
3.135445525544724998e-02 3.117911143702353893e+00
3.141227710036618298e-02 3.113243774705710898e+00
3.147020557656676765e-02 3.108570366722098299e+00
3.152824088069149794e-02 3.103890951463192494e+00
3.158638320974546665e-02 3.099205849035397975e+00
3.164463276109707318e-02 3.094515363312760670e+00
3.170298973247870356e-02 3.089819565499447140e+00
3.176145432198736879e-02 3.085118434627788009e+00
3.182002672808543348e-02 3.080412007006226194e+00
3.187870714960122642e-02 3.075700415211279903e+00
3.193749578572974146e-02 3.070983789120430352e+00
3.199639283603332440e-02 3.066262165233613057e+00
3.205539850044232530e-02 3.061535535485689685e+00
3.211451297925582704e-02 3.056803968541339955e+00
3.217373647314226981e-02 3.052067684849625095e+00
3.223306918314013808e-02 3.047326911158231955e+00
3.229251131065868224e-02 3.042581771930809698e+00
3.235206305747855005e-02 3.037832334470779383e+00
3.241172462575254987e-02 3.033078650246424868e+00
3.247149621800625441e-02 3.028320737140256291e+00
3.253137803713870152e-02 3.023558626477097278e+00
3.259137028642314360e-02 3.018792543528216576e+00
3.265147316950765127e-02 3.014022830923770879e+00
3.271168689041591138e-02 3.009249696544774366e+00
3.277201165354780288e-02 3.004473024037244144e+00
3.283244766368016015e-02 2.999692671473817018e+00
3.289299512596745301e-02 2.994908742776062116e+00
3.295365424594251524e-02 2.990121499502817137e+00
3.301442522951716918e-02 2.985331156627015314e+00
3.307530828298298198e-02 2.980537808941294831e+00
3.313630361301195260e-02 2.975741522935825056e+00
3.319741142665718486e-02 2.970942249149758574e+00
3.325863193135368545e-02 2.966139863072187133e+00
3.331996533491892593e-02 2.961334427733341990e+00
3.338141184555364765e-02 2.956526474177616937e+00
3.344297167184255570e-02 2.951716559209262680e+00
3.350464502275497802e-02 2.946904735489775717e+00
3.356643210764567037e-02 2.942090731299849438e+00
3.362833313625540610e-02 2.937274416302833036e+00
3.369034831871178109e-02 2.932456012027790937e+00
3.375247786552987989e-02 2.927635774370794586e+00
3.381472198761300424e-02 2.922813775323952701e+00
3.387708089625342256e-02 2.917989973330949560e+00
3.393955480313302214e-02 2.913164423795250535e+00
3.400214392032405858e-02 2.908337407243418493e+00
3.406484846028989821e-02 2.903509220925543310e+00
3.412766863588567734e-02 2.898680026413448907e+00
3.419060466035914181e-02 2.893849905690085933e+00
3.425365674735122296e-02 2.889018901064805966e+00
3.431682511089687027e-02 2.884186973064472692e+00
3.438010996542570363e-02 2.879354071466772691e+00
3.444351152576285297e-02 2.874520140160476966e+00
3.450703000712955493e-02 2.869685122082433093e+00
3.457066562514395092e-02 2.864849206117194402e+00
3.463441859582182952e-02 2.860013060244336991e+00
3.469828913557730654e-02 2.855177326278949934e+00
3.476227746122366458e-02 2.850341997921620685e+00
3.482638378997394979e-02 2.845506752232829673e+00
3.489060833944180456e-02 2.840671455307567150e+00
3.495495132764218221e-02 2.835836311134463106e+00
3.501941297299205474e-02 2.831001528970123804e+00
3.508399349431125941e-02 2.826167106986368971e+00
3.514869311082309544e-02 2.821332951766482022e+00
3.521351204215516367e-02 2.816499143937117644e+00
3.527845050834008123e-02 2.811666045296468130e+00
3.534350872981623093e-02 2.806834007470877967e+00
3.540868692742855928e-02 2.802003157039801184e+00
3.547398532242922176e-02 2.797173529975285344e+00
3.553940413647842245e-02 2.792345209232030001e+00
3.560494359164512179e-02 2.787518347456237056e+00
3.567060391040779987e-02 2.782693079525783819e+00
3.573638531565527521e-02 2.777869404598108272e+00
3.580228803068732923e-02 2.773047272667708896e+00
3.586831227921557369e-02 2.768226668970350524e+00
3.593445828536416531e-02 2.763407626579118759e+00
3.600072627367056910e-02 2.758590269088557534e+00
3.606711646908637020e-02 2.753775199689542763e+00
3.613362909697794695e-02 2.748963163483174377e+00
3.620026438312729661e-02 2.744154205348413367e+00
3.626702255373277783e-02 2.739347479866418134e+00
3.633390383540992946e-02 2.734542320421597505e+00
3.640090845519217133e-02 2.729739260112638899e+00
3.646803664053159533e-02 2.724939199850976657e+00
3.653528861929976335e-02 2.720142564467415536e+00
3.660266461978843588e-02 2.715349199023584958e+00
3.667016487071043246e-02 2.710558930146117262e+00
3.673778960120028386e-02 2.705771664797071541e+00
3.680553904081512034e-02 2.700987346345932405e+00
3.687341341953538632e-02 2.696206287368752452e+00
3.694141296776561750e-02 2.691429245009764770e+00
3.700953791633532219e-02 2.686656784348149696e+00
3.707778849649961961e-02 2.681888392155074019e+00
3.714616493994011420e-02 2.677123241635149142e+00
3.721466747876566589e-02 2.672361208979029623e+00
3.728329634551315330e-02 2.667603036277122364e+00
3.735205177314834812e-02 2.662849401278031714e+00
3.742093399506658119e-02 2.658100377845205919e+00
3.748994324509360987e-02 2.653355844058066459e+00
3.755907975748639521e-02 2.648615778108618812e+00
3.762834376693389993e-02 2.643880290380736575e+00
3.769773550855792105e-02 2.639149527598311895e+00
3.776725521791380463e-02 2.634423800946809724e+00
3.783690313099131314e-02 2.629703473463004926e+00
3.790667948421539563e-02 2.624988543078254022e+00
3.797658451444699962e-02 2.620278462950121234e+00
3.804661845898391070e-02 2.615572785723880855e+00
3.811678155556148806e-02 2.610872063303494084e+00
3.818707404235350406e-02 2.606177269093030269e+00
3.825749615797296305e-02 2.601488907793827465e+00
3.832804814147293404e-02 2.596806639588646437e+00
3.839873023234730010e-02 2.592130062031783311e+00
3.846954267053159793e-02 2.587458997754156886e+00
3.854048569640385752e-02 2.582793392379229225e+00
3.861155955078536539e-02 2.578133426921705773e+00
3.868276447494158055e-02 2.573479837240045587e+00
3.875410071058283529e-02 2.568833378937827483e+00
3.882556849986520953e-02 2.564194019403849722e+00
3.889716808539137038e-02 2.559561150012141795e+00
3.896889971021134935e-02 2.554934386387498257e+00
3.904076361782345822e-02 2.550314154966382585e+00
3.911276005217497603e-02 2.545701037759019236e+00
3.918488925766309972e-02 2.541095183867327467e+00
3.925715147913570735e-02 2.536496278343919109e+00
3.932954696189220473e-02 2.531904087237234702e+00
3.940207595168440657e-02 2.527318958036825158e+00
3.947473869471727903e-02 2.522741436811421156e+00
3.954753543764984169e-02 2.518171738418296446e+00
3.962046642759598641e-02 2.513609499600859554e+00
3.969353191212528914e-02 2.509054358141268537e+00
3.976673213926394668e-02 2.504506592605114879e+00
3.984006735749548445e-02 2.499966879005330878e+00
3.991353781576169324e-02 2.495435689615042474e+00
3.998714376346342719e-02 2.490912804759397137e+00
4.006088545046147809e-02 2.486397872020208233e+00
4.013476312707744270e-02 2.481890881103195667e+00
4.020877704409450693e-02 2.477392232825382568e+00
4.028292745275834780e-02 2.472902292217523890e+00
4.035721460477795924e-02 2.468420972044208295e+00
4.043163875232656107e-02 2.463947974297329591e+00
4.050620014804238306e-02 2.459483173560998992e+00
4.058089904502954620e-02 2.455026920240740651e+00
4.065573569685895089e-02 2.450579637025088520e+00
4.073071035756908875e-02 2.446141553358186282e+00
4.080582328166698636e-02 2.441712681776625260e+00
4.088107472412896154e-02 2.437293019584318543e+00
4.095646494040156710e-02 2.432882535424938819e+00
4.103199418640243040e-02 2.428481183971443969e+00
4.110766271852109299e-02 2.424088988814788070e+00
4.118347079361999591e-02 2.419706201961875358e+00
4.125941866903519439e-02 2.415333118565182957e+00
4.133550660257732934e-02 2.410969895826885701e+00
4.141173485253247383e-02 2.406616484055958960e+00
4.148810367766301438e-02 2.402272823544540081e+00
4.156461333720855994e-02 2.397938956667853283e+00
4.164126409088676067e-02 2.393615002938743075e+00
4.171805619889423083e-02 2.389301091087669970e+00
4.179498992190740919e-02 2.384997401273032835e+00
4.187206552108346108e-02 2.380704132803439954e+00
4.194928325806120128e-02 2.376421381801867572e+00
4.202664339496189200e-02 2.372148913739190679e+00
4.210414619439020040e-02 2.367886431729802510e+00
4.218179191943507295e-02 2.363633919971925401e+00
4.225958083367059581e-02 2.359391872258717271e+00
4.233751320115700101e-02 2.355160822382928565e+00
4.241558928644141580e-02 2.350940990655194351e+00
4.249380935455883412e-02 2.346732245453292176e+00
4.257217367103301869e-02 2.342534446417989802e+00
4.265068250187741689e-02 2.338347588339832139e+00
4.272933611359602118e-02 2.334171766761341971e+00
4.280813477318427818e-02 2.330007068854361929e+00
4.288707874813003917e-02 2.325853491198000889e+00
4.296616830641438595e-02 2.321710982900031972e+00
4.304540371651269237e-02 2.317579522627601474e+00
4.312478524739534608e-02 2.313459278464853774e+00
4.320431316852878234e-02 2.309350491442134778e+00
4.328398774987637920e-02 2.305253368709385686e+00
4.336380926189932483e-02 2.301167954511825098e+00
4.344377797555765836e-02 2.297094242283347132e+00
4.352389416231101232e-02 2.293032225883029795e+00
4.360415809411968130e-02 2.288981901341210712e+00
4.368457004344547534e-02 2.284943265199180118e+00
4.376513028325263593e-02 2.280916346873575584e+00
4.384583908700885602e-02 2.276901310213378604e+00
4.392669672868607794e-02 2.272898352213230222e+00
4.400770348276150656e-02 2.268907629208151810e+00
4.408885962421852517e-02 2.264929129267163610e+00
4.417016542854757671e-02 2.260962795875826270e+00
4.425162117174723936e-02 2.257008604730854628e+00
4.433322713032499668e-02 2.253066689468825601e+00
4.441498358129826463e-02 2.249137231372073220e+00
4.449689080219532133e-02 2.245220368180788739e+00
4.457894907105621612e-02 2.241315965557511003e+00
4.466115866643382420e-02 2.237423782799479621e+00
4.474351986739463077e-02 2.233543615700782414e+00
4.482603295351977185e-02 2.229675600676786829e+00
4.490869820490596409e-02 2.225820062691346024e+00
4.499151590216651786e-02 2.221977317201006663e+00
4.507448632643216990e-02 2.218147511069926470e+00
4.515760975935211030e-02 2.214330645900506767e+00
4.524088648309494698e-02 2.210526717721553069e+00
4.532431678034960776e-02 2.206735685829493754e+00
4.540790093432640201e-02 2.202957454756741651e+00
4.549163922875787414e-02 2.199191925092892852e+00
4.557553194789979584e-02 2.195439059071501386e+00
4.565957937653217918e-02 2.191699005617125273e+00
4.574378179996015786e-02 2.187971948021395274e+00
4.582813950401509046e-02 2.184258049535774404e+00
4.591265277505538617e-02 2.180557327777948196e+00
4.599732189996754567e-02 2.176869732866114848e+00
4.608214716616712558e-02 2.173195215028974836e+00
4.616712886159970303e-02 2.169533733237957840e+00
4.625226727474193028e-02 2.165885256872855269e+00
4.633756269460238830e-02 2.162249756023377767e+00
4.642301541072262755e-02 2.158627238722475195e+00
4.650862571317818800e-02 2.155017856847583069e+00
4.659439389257948733e-02 2.151421795405496606e+00
4.668032024007297276e-02 2.147839228851500692e+00
4.676640504734190518e-02 2.144270156696896024e+00
4.685264860660749708e-02 2.140714423747259954e+00
4.693905121062983549e-02 2.137171870333613999e+00
4.702561315270888109e-02 2.133642396373611749e+00
4.711233472668555772e-02 2.130126130788439376e+00
4.719921622694259189e-02 2.126623257191597283e+00
4.728625794840561614e-02 2.123133953389066075e+00
4.737346018654411961e-02 2.119658225347809122e+00
4.746082323737255831e-02 2.116195860261253614e+00
4.754834739745119471e-02 2.112746632294247640e+00
4.763603296388722180e-02 2.109310353878160349e+00
4.772388023433573462e-02 2.105887183731739665e+00
4.781188950700071549e-02 2.102477467903054453e+00
4.790006108063616513e-02 2.099081552037333598e+00
4.798839525454692834e-02 2.095699646773001135e+00
4.807689232858985279e-02 2.092331387424414491e+00
4.816555260317475357e-02 2.088976256467320880e+00
4.825437637926541928e-02 2.085633740063399522e+00
4.834336395838073619e-02 2.082303591594409475e+00
4.843251564259554859e-02 2.078986273232040105e+00
4.852183173454178988e-02 2.075682361347073179e+00
4.861131253740950953e-02 2.072392427028988404e+00
4.870095835494782366e-02 2.069116734650748857e+00
4.879076949146610165e-02 2.065854884049444617e+00
4.888074625183481264e-02 2.062606389846747934e+00
4.897088894148668436e-02 2.059370770434176379e+00
4.906119786641769537e-02 2.056147761839879351e+00
4.915167333318810200e-02 2.052937606563162820e+00
4.924231564892356250e-02 2.049740618060074571e+00
4.933312512131605293e-02 2.046557107765275330e+00
4.942410205862500516e-02 2.043387266175655359e+00
4.951524676967829913e-02 2.040230873369937026e+00
4.960655956387334531e-02 2.037087622812308041e+00
4.969804075117816022e-02 2.033957209801918964e+00
4.978969064213233792e-02 2.030839370148803003e+00
4.988150954784816710e-02 2.027734121912748932e+00
4.997349778001163034e-02 2.024641606733946997e+00
5.006565565088360453e-02 2.021561965882850309e+00
5.015798347330071433e-02 2.018495338393403671e+00
5.025048156067653260e-02 2.015441820590718969e+00
5.034315022700261433e-02 2.012401459001651460e+00
5.043598978684953049e-02 2.009374297015165123e+00
5.052900055536802687e-02 2.006360377721605026e+00
5.062218284828997467e-02 2.003359705828093418e+00
5.071553698192950849e-02 2.000372101163716110e+00
5.080906327318408106e-02 1.997397328621766777e+00
5.090276203953554568e-02 1.994435154444613278e+00
5.099663359905128729e-02 1.991485347141750850e+00
5.109067827038518694e-02 1.988547755723883315e+00
5.118489637277878757e-02 1.985622368922164371e+00
5.127928822606235559e-02 1.982709189558650609e+00
5.137385415065594957e-02 1.979808220403135754e+00
5.146859446757059281e-02 1.976919462567844121e+00
5.156350949840922404e-02 1.974042876164310734e+00
5.165859956536789088e-02 1.971178378218818361e+00
5.175386499123680456e-02 1.968325884130738945e+00
5.184930609940142238e-02 1.965485309757533550e+00
5.194492321384365507e-02 1.962656572084946482e+00
5.204071665914278277e-02 1.959839604448436523e+00
5.213668676047670397e-02 1.957034356656608409e+00
5.223283384362296944e-02 1.954240779494982982e+00
5.232915823495988550e-02 1.951458824001346848e+00
5.242566026146772834e-02 1.948688441043248121e+00
5.252234025072968771e-02 1.945929553276665613e+00
5.261919853093308813e-02 1.943182037744942692e+00
5.271623543087045061e-02 1.940445767966011648e+00
5.281345127994070687e-02 1.937720618142532381e+00
5.291084640815017781e-02 1.935006463155950263e+00
5.300842114611377387e-02 1.932303190731649911e+00
5.310617582505611223e-02 1.929610749840743322e+00
5.320411077681259232e-02 1.926929108563411708e+00
5.330222633383067260e-02 1.924258235136813155e+00
5.340052282917077953e-02 1.921598097948437722e+00
5.349900059650758433e-02 1.918948664949650329e+00
5.359765997013110628e-02 1.916309858884680084e+00
5.369650128494780211e-02 1.913681526063868210e+00
5.379552487648183584e-02 1.911063506176533311e+00
5.389473108087603631e-02 1.908455639763392719e+00
5.399412023489313928e-02 1.905857768209086922e+00
5.409369267591693231e-02 1.903269734926153367e+00
5.419344874195335116e-02 1.900691427739843009e+00
5.429338877163174953e-02 1.898122790113705216e+00
5.439351310420586366e-02 1.895563769318620473e+00
5.449382207955509594e-02 1.893014312883194661e+00
5.459431603818563905e-02 1.890474368592039323e+00
5.469499532123157232e-02 1.887943884256291005e+00
5.479586027045618701e-02 1.885422772975147376e+00
5.489691122825291619e-02 1.882910876049769699e+00
5.499814853764667388e-02 1.880408026661016585e+00
5.509957254229493756e-02 1.877914058849462275e+00
5.520118358648891388e-02 1.875428807508294327e+00
5.530298201515480155e-02 1.872952108376358282e+00
5.540496817385482525e-02 1.870483801626620757e+00
5.550714240878849154e-02 1.868023763420034067e+00
5.560950506679370603e-02 1.865571890434391866e+00
5.571205649534809179e-02 1.863128080087156135e+00
5.581479704256998159e-02 1.860692230304004324e+00
5.591772705721970160e-02 1.858264239515067029e+00
5.602084688870075102e-02 1.855844006651234501e+00
5.612415688706094002e-02 1.853431426042878138e+00
5.622765740299370124e-02 1.851026358628309998e+00
5.633134878783910976e-02 1.848628652196847133e+00
5.643523139358519458e-02 1.846238155255145674e+00
5.653930557286907660e-02 1.843854717063146076e+00
5.664357167897818290e-02 1.841478187628740271e+00
5.674803006585152354e-02 1.839108417702573828e+00
5.685268108808073234e-02 1.836745258462983532e+00
5.695752510091139920e-02 1.834388555657945563e+00
5.706256246024421497e-02 1.832038150127415888e+00
5.716779352263618580e-02 1.829693883285284706e+00
5.727321864530193762e-02 1.827355597326617120e+00
5.737883818611477088e-02 1.825023135222779258e+00
5.748465250360796502e-02 1.822696340716690955e+00
5.759066195697599977e-02 1.820375058318226991e+00
5.769686690607571389e-02 1.818059133728395338e+00
5.780326771142766523e-02 1.815748417064269926e+00
5.790986473421717851e-02 1.813442761030644279e+00
5.801665833629567753e-02 1.811142019066594555e+00
5.812364888018185793e-02 1.808846045327091590e+00
5.823083672906302632e-02 1.806554694679319617e+00
5.833822224679619667e-02 1.804267822699108903e+00
5.844580579790938091e-02 1.801985285667479397e+00
5.855358774760285184e-02 1.799706939907239844e+00
5.866156846175032274e-02 1.797432621744863068e+00
5.876974830690031432e-02 1.795162144000906901e+00
5.887812765027723022e-02 1.792895319028622092e+00
5.898670685978271017e-02 1.790631960107258003e+00
5.909548630399685809e-02 1.788371881438461042e+00
5.920446635217945647e-02 1.786114898142860730e+00
5.931364737427134021e-02 1.783860826256850496e+00
5.942302974089547218e-02 1.781609482729556992e+00
5.953261382335833796e-02 1.779360685482585858e+00
5.964239999365115313e-02 1.777114254765795431e+00
5.975238862445110544e-02 1.774870013136803593e+00
5.986258008912273554e-02 1.772627784101648674e+00
5.997297476171903341e-02 1.770387392051861131e+00
6.008357301698283304e-02 1.768148662262562398e+00
6.019437523034801979e-02 1.765911420890738937e+00
6.030538177794082799e-02 1.763675494973684144e+00
6.041659303658118707e-02 1.761440712427613686e+00
6.052800938378385259e-02 1.759206902046450249e+00
6.063963119775980792e-02 1.756973890753562362e+00
6.075145885741748547e-02 1.754741489587100745e+00
6.086349274236407120e-02 1.752509504229836423e+00
6.097573323290686464e-02 1.750277741358790440e+00
6.108818071005443773e-02 1.748046008656666039e+00
6.120083555551799476e-02 1.745814114811679474e+00
6.131369815171266308e-02 1.743581869517591532e+00
6.142676888175887390e-02 1.741349083473954229e+00
6.154004812948348641e-02 1.739115568386560895e+00
6.165353627942123799e-02 1.736881136968099204e+00
6.176723371681597935e-02 1.734645602880922288e+00
6.188114082762198598e-02 1.732408778671955529e+00
6.199525799850537366e-02 1.730170475226392668e+00
6.210958561684522955e-02 1.727930504294223901e+00
6.222412407073504848e-02 1.725688678664739406e+00
6.233887374898402362e-02 1.723444812168431595e+00
6.245383504111833711e-02 1.721198719679100098e+00
6.256900833738260337e-02 1.718950217116157253e+00
6.268439402874098620e-02 1.716699121447121446e+00
6.279999250687871848e-02 1.714445250690319389e+00
6.291580416420330946e-02 1.712188423917762714e+00
6.303182939384589789e-02 1.709928461257930410e+00
6.314806858966270919e-02 1.707665179156072632e+00
6.326452214623620729e-02 1.705398378414847871e+00
6.338119045887655179e-02 1.703127857331161232e+00
6.349807392362288860e-02 1.700853415407427960e+00
6.361517293724468225e-02 1.698574853356187742e+00
6.373248789724321461e-02 1.696291973104963491e+00
6.385001920185268132e-02 1.694004577801347278e+00
6.396776725004175990e-02 1.691712471818300756e+00
6.408573244151481718e-02 1.689415460759698062e+00
6.420391517671333870e-02 1.687113351466066113e+00
6.432231585681737196e-02 1.684805952020560271e+00
6.444093488374666445e-02 1.682493071755147840e+00
6.455977266016224569e-02 1.680174521247895125e+00
6.467882958946762073e-02 1.677850112221103140e+00
6.479810607581036608e-02 1.675519657584534805e+00
6.491760252408321219e-02 1.673182971523088813e+00
6.503731933992565328e-02 1.670839869505687414e+00
6.515725692972521021e-02 1.668490168292688924e+00
6.527741570061880438e-02 1.666133685943503195e+00
6.539779606049427041e-02 1.663770241824386042e+00
6.551839841799154962e-02 1.661399656616431963e+00
6.563922318250420274e-02 1.659021752323744048e+00
6.576027076418076989e-02 1.656636352281789959e+00
6.588154157392611676e-02 1.654243281165932000e+00
6.600303602340298892e-02 1.651842365000135260e+00
6.612475452503317752e-02 1.649433431165456820e+00
6.624669749199908753e-02 1.647016307681465008e+00
6.636886533824505607e-02 1.644590821710896655e+00
6.649125847847880966e-02 1.642156801390960430e+00
6.661387732817287965e-02 1.639714076273787402e+00
6.673672230356594848e-02 1.637262477336305366e+00
6.685979382166429286e-02 1.634801836990271706e+00
6.698309230024324101e-02 1.632331989092458358e+00
6.710661815784847717e-02 1.629852768954992426e+00
6.723037181379766525e-02 1.627364013355838024e+00
6.735435368818167012e-02 1.624865560549433097e+00
6.747856420186605642e-02 1.622357250277453700e+00
6.760300377649251791e-02 1.619838923779723938e+00
6.772767283448032083e-02 1.617310423805255359e+00
6.785257179902780267e-02 1.614771594623411799e+00
6.797770109411362116e-02 1.612222282075123303e+00
6.810306114449837800e-02 1.609662336464678045e+00
6.822865237572592334e-02 1.607091614485213649e+00
6.835447521412499339e-02 1.604509974804122718e+00
6.848053008681041776e-02 1.601917277613000401e+00
6.860681742168471542e-02 1.599313384638915814e+00
6.873333764743952412e-02 1.596698159155773844e+00
6.886009119355700203e-02 1.594071465995765768e+00
6.898707849031145145e-02 1.591433171560890703e+00
6.911429996877052617e-02 1.588783143834563649e+00
6.924175606079689682e-02 1.586121252393284164e+00
6.936944719904961087e-02 1.583447368418383849e+00
6.949737381698559147e-02 1.580761364707832461e+00
6.962553634886121945e-02 1.578063115688101536e+00
6.975393522973355465e-02 1.575352497426095510e+00
6.988257089546205669e-02 1.572629387641122589e+00
7.001144378270993118e-02 1.569893665769969582e+00
7.014055432894562847e-02 1.567145218721034627e+00
7.026990297244443961e-02 1.564383945971496326e+00
7.039949015228980089e-02 1.561609749789965695e+00
7.052931630837491750e-02 1.558822534028770468e+00
7.065938188140422072e-02 1.556022204134636544e+00
7.078968731289479732e-02 1.553208667159371448e+00
7.092023304517808269e-02 1.550381831770535790e+00
7.105101952140112365e-02 1.547541608262124280e+00
7.118204718552821608e-02 1.544687908565217427e+00
7.131331648234237597e-02 1.541820646258633909e+00
7.144482785744685205e-02 1.538939736579564732e+00
7.157658175726673566e-02 1.536045096434174972e+00
7.170857862905027913e-02 1.533136644408194194e+00
7.184081892087054722e-02 1.530214300777474890e+00
7.197330308162690204e-02 1.527277987518514513e+00
7.210603156104662681e-02 1.524327628318943750e+00
7.223900480968624416e-02 1.521363148587982606e+00
7.237222327893322316e-02 1.518384482302836069e+00
7.250568742100745034e-02 1.515391592477321803e+00
7.263939768896271465e-02 1.512384450444288708e+00
7.277335453668840048e-02 1.509363028969997078e+00
7.290755841891084776e-02 1.506327302260411782e+00
7.304200979119497561e-02 1.503277245967405085e+00
7.317670910994585054e-02 1.500212837194876858e+00
7.331165683241017139e-02 1.497134054504782430e+00
7.344685341667796241e-02 1.494040877923066279e+00
7.358229932168391940e-02 1.490933288945508917e+00
7.371799500720910281e-02 1.487811270543468289e+00
7.385394093388250591e-02 1.484674807169526378e+00
7.399013756318251200e-02 1.481523884763038978e+00
7.412658535743867072e-02 1.478358490755572685e+00
7.426328477983297482e-02 1.475178614076243511e+00
7.440023629440167818e-02 1.471984245156948479e+00
7.453744036603673906e-02 1.468775375937479755e+00
7.467489746048742993e-02 1.465551999870536415e+00
7.481260804436203060e-02 1.462314114786027019e+00
7.495057258512918819e-02 1.459061751630207127e+00
7.508879155111965187e-02 1.455794962211472532e+00
7.522726541152788271e-02 1.452513799676811823e+00
7.536599463641352470e-02 1.449218318211937806e+00
7.550497969670318110e-02 1.445908573040210587e+00
7.564422106419183001e-02 1.442584620421478503e+00
7.578371921154450352e-02 1.439246517650793145e+00
7.592347461229786987e-02 1.435894323057041344e+00
7.606348774086199582e-02 1.432528096001450590e+00
7.620375907252166514e-02 1.429147896876006296e+00
7.634428908343823816e-02 1.425753787101753600e+00
7.648507825065113674e-02 1.422345829126993255e+00
7.662612705207950958e-02 1.418924086425372710e+00
7.676743596652395307e-02 1.415488623493868170e+00
7.690900547366788520e-02 1.412039505850661625e+00
7.705083605407943292e-02 1.408576800032906862e+00
7.719292818921288934e-02 1.405100573594391777e+00
7.733528236141042067e-02 1.401610895103081234e+00
7.747789905390380094e-02 1.398107836296547113e+00
7.762077875081581368e-02 1.394591507935755814e+00
7.776392193716208379e-02 1.391062053878429072e+00
7.790732909885268731e-02 1.387519619291578632e+00
7.805100072269371969e-02 1.383964349583253428e+00
7.819493729638912760e-02 1.380396390392714334e+00
7.833913930854215224e-02 1.376815887580628450e+00
7.848360724865710569e-02 1.373222987219255176e+00
7.862834160714103626e-02 1.369617835582655818e+00
7.877334287530531054e-02 1.366000579136903870e+00
7.891861154536745915e-02 1.362371364530310380e+00
7.906414811045260616e-02 1.358730338583667319e+00
7.920995306459531482e-02 1.355077648280489599e+00
7.935602690274121129e-02 1.351413440757283979e+00
7.950237012074863607e-02 1.347737863293825278e+00
7.964898321539044812e-02 1.344051063303451032e+00
7.979586668435555141e-02 1.340353188323373912e+00
7.994302102625064355e-02 1.336644386005006790e+00
8.009044674060192270e-02 1.332924804104312022e+00
8.023814432785687789e-02 1.329194590472161597e+00
8.038611428938578773e-02 1.325453906844174412e+00
8.053435712748353847e-02 1.321702977892014408e+00
8.068287334537134481e-02 1.317942045456172551e+00
8.083166344719835972e-02 1.314171350349133682e+00
8.098072793804360348e-02 1.310391132337557663e+00
8.113006732391739306e-02 1.306601630126232205e+00
8.127968211176325730e-02 1.302803081342312597e+00
8.142957280945956056e-02 1.298995722519868279e+00
8.157973992582125133e-02 1.295179789084726307e+00
8.173018397060172191e-02 1.291355515339614790e+00
8.188090545449427937e-02 1.287523134449604312e+00
8.203190488913408851e-02 1.283682878427845564e+00
8.218318278709980940e-02 1.279834978121604072e+00
8.233473966191533211e-02 1.275979663198594016e+00
8.248657602805167799e-02 1.272117162133596491e+00
8.263869240092851232e-02 1.268247702195385296e+00
8.279108929691604557e-02 1.264371509433934504e+00
8.294376723333671264e-02 1.260488808667922234e+00
8.309672672846694919e-02 1.256599823472528854e+00
8.324996830153907901e-02 1.252704776270986642e+00
8.340349247274282674e-02 1.248803914866084108e+00
8.355729976322727459e-02 1.244897547246842429e+00
8.371139069510256936e-02 1.240985987741302088e+00
8.386576579144165711e-02 1.237069548150799392e+00
8.402042557628221220e-02 1.233148537735994976e+00
8.417537057462819161e-02 1.229223263203595762e+00
8.433060131245179170e-02 1.225294028693737269e+00
8.448611831669508576e-02 1.221361135768060047e+00
8.464192211527206411e-02 1.217424883398426250e+00
8.479801323707010507e-02 1.213485567956319455e+00
8.495439221195201507e-02 1.209543483202880187e+00
8.511105957075769390e-02 1.205598920279587816e+00
8.526801584530595279e-02 1.201652167699588825e+00
8.542526156839648499e-02 1.197703511339633931e+00
8.558279727381139235e-02 1.193753234432660681e+00
8.574062349631721147e-02 1.189801617560975355e+00
8.589874077166662070e-02 1.185848938650050144e+00
8.605714963660031358e-02 1.181895472962910754e+00
8.621585062884888628e-02 1.177941493095124859e+00
8.637484428713447515e-02 1.173987271209169903e+00
8.653413115117271348e-02 1.170033124038159844e+00
8.669371176167457727e-02 1.166079409948667323e+00
8.685358666034813380e-02 1.162126485136960818e+00
8.701375638990052619e-02 1.158174701813084795e+00
8.717422149403963871e-02 1.154224408200673846e+00
8.733498251747606744e-02 1.150275948537776483e+00
8.749604000592488273e-02 1.146329663078702543e+00
8.765739450610753047e-02 1.142385888096845825e+00
8.781904656575380275e-02 1.138444955888487709e+00
8.798099673360343376e-02 1.134507194777556682e+00
8.814324555940818151e-02 1.130572929121320458e+00
8.830579359393353478e-02 1.126642479317005563e+00
8.846864138896083640e-02 1.122716161809306445e+00
8.863178949728883760e-02 1.118794289098796968e+00
8.879523847273576576e-02 1.114877169751203212e+00
8.895898887014119794e-02 1.110965108407520052e+00
8.912304124536782335e-02 1.107058405794974609e+00
8.928739615530356666e-02 1.103157358738795946e+00
8.945205415786319780e-02 1.099262260216971265e+00
8.961701581199039979e-02 1.095373419083188304e+00
8.978228167765962831e-02 1.091491191065747435e+00
8.994785231587794361e-02 1.087615935170756165e+00
9.011372828868713381e-02 1.083748005458003538e+00
9.027991015916533857e-02 1.079887751062976742e+00
9.044639849142911692e-02 1.076035516220009480e+00
9.061319385063532073e-02 1.072191640286538794e+00
9.078029680298303761e-02 1.068356457768452117e+00
9.094770791571556157e-02 1.064530298346488824e+00
9.111542775712219711e-02 1.060713486903670955e+00
9.128345689654024375e-02 1.056906343553736916e+00
9.145179590435696670e-02 1.053109183670557281e+00
9.162044535201144257e-02 1.049322317918497838e+00
9.178940581199669657e-02 1.045546052283706784e+00
9.195867785786138171e-02 1.041780688106315633e+00
9.212826206421188824e-02 1.038026522113495664e+00
9.229815900671425877e-02 1.034283846453380784e+00
9.246836926209607566e-02 1.030552948729816620e+00
9.263889340814868145e-02 1.026834112090138751e+00
9.280973202372873321e-02 1.023127626817302183e+00
9.298088568876049231e-02 1.019433804683452349e+00
9.315235498423755922e-02 1.015752956081763303e+00
9.332414049222517716e-02 1.012085386456073710e+00
9.349624279586181419e-02 1.008431396345699893e+00
9.366866247936136980e-02 1.004791281431114180e+00
9.384140012801513164e-02 1.001165332580493894e+00
9.401445632819367682e-02 9.975538358970869046e-01
9.418783166734909229e-02 9.939570727673815442e-01
9.436152673401666802e-02 9.903753199100501226e-01
9.453554211781703409e-02 9.868088494256378462e-01
9.470987840945820080e-02 9.832579288469653900e-01
9.488453620073747374e-02 9.797228211902335726e-01
9.505951608454364654e-02 9.762037850067939448e-01
9.523481865485872166e-02 9.727010744355627514e-01
9.541044450676018640e-02 9.692149392560536203e-01
9.558639423642285859e-02 9.657456249420131034e-01
9.576266844112098220e-02 9.622933727156186556e-01
9.593926771923039221e-02 9.588584198285500237e-01
9.611619267023024937e-02 9.554410014765272185e-01
9.629344389470530230e-02 9.520413498639603844e-01
9.647102199434784420e-02 9.486596931283666212e-01
9.664892757195973905e-02 9.452962553865359441e-01
9.682716123145462817e-02 9.419512567923895574e-01
9.700572357785970656e-02 9.386249135952843270e-01
9.718461521731797115e-02 9.353174381987257036e-01
9.736383675709024688e-02 9.320290392194875428e-01
9.754338880555714353e-02 9.287599215471141756e-01
9.772327197222138717e-02 9.255102864037755284e-01
9.790348686770954101e-02 9.222803314044800693e-01
9.808403410377430909e-02 9.190702506176126052e-01
9.826491429329649308e-02 9.158802346257751692e-01
9.844612805028728209e-02 9.127104705869324430e-01
9.862767598989002904e-02 9.095611422958358450e-01
9.880955872838256826e-02 9.064324302457084093e-01
9.899177688317918611e-02 9.033245116901850169e-01
9.917433107283274429e-02 9.002375563350512033e-01
9.935722191703696970e-02 8.971716966875759036e-01
9.954045003662820301e-02 8.941270466772099912e-01
9.972401605358774401e-02 8.911037178795081504e-01
9.990792059104393330e-02 8.881018196613098548e-01
1.000921642732741645e-01 8.851214592305525208e-01
1.002767477257073131e-01 8.821627416860835513e-01
1.004616715749252626e-01 8.792257700674868115e-01
1.006469364486656942e-01 8.763106454048937843e-01
1.008325429758239467e-01 8.734174667687899518e-01
1.010184917864547782e-01 8.705463313198190667e-01
1.012047835117752953e-01 8.676973343585517862e-01
1.013914187841662568e-01 8.648705693752545276e-01
1.015783982371748911e-01 8.620661280996178011e-01
1.017657225055167702e-01 8.592841005504653351e-01
1.019533922250777103e-01 8.565245750854372231e-01
1.021414080329165336e-01 8.537876384506256633e-01
1.023297705672665120e-01 8.510733752085606341e-01
1.025184804675382116e-01 8.483818355945302869e-01
1.027075383743213388e-01 8.457130204380142180e-01
1.028969449293866550e-01 8.430669262871884895e-01
1.030867007756888082e-01 8.404435493695486814e-01
1.032768065573677757e-01 8.378428856181069362e-01
1.034672629197516680e-01 8.352649306974576637e-01
1.036580705093587129e-01 8.327096800297409951e-01
1.038492299738990876e-01 8.301771288204994326e-01
1.040407419622778329e-01 8.276672720844118203e-01
1.042326071245962410e-01 8.251801046709466014e-01
1.044248261121548255e-01 8.227156212898875109e-01
1.046173995774551391e-01 8.202738165367747802e-01
1.048103281742017584e-01 8.178546849182524170e-01
1.050036125573051704e-01 8.154582208773081264e-01
1.051972533828832157e-01 8.130844188184349619e-01
1.053912513082639890e-01 8.107332731326954978e-01
1.055856069919878099e-01 8.084047764188052598e-01
1.057803210938091099e-01 8.060988623171286838e-01
1.059753942746994165e-01 8.038153945309589599e-01
1.061708271968487549e-01 8.015542341420660577e-01
1.063666205236686452e-01 7.993152438200805676e-01
1.065627749197940177e-01 7.970982878096294355e-01
1.067592910510851562e-01 7.949032319176396744e-01
1.069561695846306254e-01 7.927299435007926220e-01
1.071534111887491592e-01 7.905782914531563899e-01
1.073510165329916582e-01 7.884481461939792935e-01
1.075489862881442021e-01 7.863393796556314985e-01
1.077473211262294367e-01 7.842518652717236360e-01
1.079460217205096412e-01 7.821854779653651946e-01
1.081450887454886989e-01 7.801400941375916664e-01
1.083445228769140123e-01 7.781155916559450159e-01
1.085443247917796256e-01 7.761118498432006962e-01
1.087444951683275846e-01 7.741287494662553170e-01
1.089450346860510316e-01 7.721661503662263781e-01
1.091459440256962177e-01 7.702238249543112980e-01
1.093472238692644177e-01 7.683015259811953879e-01
1.095488749000150669e-01 7.663990088978059889e-01
1.097508978024671900e-01 7.645160318109046615e-01
1.099532932624024545e-01 7.626523554394007975e-01
1.101560619668672525e-01 7.608077430714142997e-01
1.103592046041746016e-01 7.589819605220565757e-01
1.105627218639073372e-01 7.571747760919143033e-01
1.107666144369194999e-01 7.553859605262360777e-01
1.109708830153395415e-01 7.536152869747951843e-01
1.111755282925722677e-01 7.518625309524313849e-01
1.113805509633008506e-01 7.501274703002560607e-01
1.115859517234900483e-01 7.484098851474907388e-01
1.117917312703875926e-01 7.467095578739656458e-01
1.119978903025273947e-01 7.450262730715057069e-01
1.122044295197315300e-01 7.433597917184426862e-01
1.124113496231123194e-01 7.417097864601157609e-01
1.126186513150754798e-01 7.400759131410750147e-01
1.128263352993215951e-01 7.384578308498195298e-01
1.130344022808493221e-01 7.368552018564876738e-01
1.132428529659574301e-01 7.352676915521061396e-01
1.134516880622468277e-01 7.336949683893571050e-01
1.136609082786238512e-01 7.321367038248413062e-01
1.138705143253016389e-01 7.305925722628261454e-01
1.140805069138034339e-01 7.290622510004268753e-01
1.142908867569645964e-01 7.275454201742349580e-01
1.145016545689347548e-01 7.260417627083399772e-01
1.147128110651809418e-01 7.245509642637362191e-01
1.149243569624891492e-01 7.230727131891018233e-01
1.151362929789676026e-01 7.216067004729038725e-01
1.153486198340487878e-01 7.201526167976535220e-01
1.155613382484915463e-01 7.187100981280634127e-01
1.157744489443844338e-01 7.172787309431978287e-01
1.159879526451470938e-01 7.158581031286593843e-01
1.162018500755336442e-01 7.144478058745519222e-01
1.164161419616347448e-01 7.130474336198522334e-01
1.166308290308797069e-01 7.116565839990890430e-01
1.168459120120397959e-01 7.102748577912935124e-01
1.170613916352297307e-01 7.089018588712067137e-01
1.172772686319110552e-01 7.075371941626894534e-01
1.174935437348941930e-01 7.061804735943288946e-01
1.177102176783406534e-01 7.048313100571986789e-01
1.179272911977661403e-01 7.034893193647451248e-01
1.181447650300427865e-01 7.021541202147744132e-01
1.183626399134012630e-01 7.008253341535213288e-01
1.185809165874340959e-01 6.995025845393897379e-01
1.187995957930972346e-01 6.981854681088515147e-01
1.190186782727134240e-01 6.968735511620739453e-01
1.192381647699743696e-01 6.955664013896195597e-01
1.194580560299428607e-01 6.942635896677733509e-01
1.196783527990561563e-01 6.929646900312140811e-01
1.198990558251275818e-01 6.916692796483268069e-01
1.201201658573499004e-01 6.903769387990887907e-01
1.203416836462974648e-01 6.890872508555340170e-01
1.205636099439284376e-01 6.877998022647341392e-01
1.207859455035881907e-01 6.865141825342759851e-01
1.210086910800108606e-01 6.852299842202084212e-01
1.212318474293227755e-01 6.839468029174119446e-01
1.214554153090446897e-01 6.826642372523757940e-01
1.216793954780939352e-01 6.813818888783428340e-01
1.219037886967879042e-01 6.800993590784998322e-01
1.221285957268456041e-01 6.788162248742003468e-01
1.223538173313911404e-01 6.775320533794292333e-01
1.225794542749558957e-01 6.762464149862761342e-01
1.228055073234808059e-01 6.749588834586661701e-01
1.230319772443198151e-01 6.736690359429468034e-01
1.232588648062414305e-01 6.723764529811505630e-01
1.234861707794322749e-01 6.710807185268639063e-01
1.237138959354992934e-01 6.697814199636868970e-01
1.239420410474720013e-01 6.684781481262360714e-01
1.241706068898060095e-01 6.671704973236417535e-01
1.243995942383845643e-01 6.658580653655189474e-01
1.246290038705222120e-01 6.645404535903489673e-01
1.248588365649668797e-01 6.632172668962473816e-01
1.250890931019023045e-01 6.618881144589698895e-01
1.253197742629514611e-01 6.605526262925150993e-01
1.255508808311782132e-01 6.592104539838591348e-01
1.257824135910909358e-01 6.578612533853104294e-01
1.260143733286447076e-01 6.565046837904250365e-01
1.262467608312436429e-01 6.551404079735254626e-01
1.264795768877444437e-01 6.537680922308984899e-01
1.267128222884580380e-01 6.523874064236554471e-01
1.269464978251532150e-01 6.509980240221892034e-01
1.271806042910588741e-01 6.495996221522091219e-01
1.274151424808663280e-01 6.481918816423046792e-01
1.276501131907329945e-01 6.467744870729863482e-01
1.278855172182838951e-01 6.453471268271854244e-01
1.281213553626154300e-01 6.439094931421411871e-01
1.283576284242976540e-01 6.424612834028714525e-01
1.285943372053765521e-01 6.410022212419269616e-01
1.288314825093777316e-01 6.395320533797451690e-01
1.290690651413080592e-01 6.380505308502076867e-01
1.293070859076594081e-01 6.365574084076007777e-01
1.295455456164108510e-01 6.350524445775957982e-01
1.297844450770311020e-01 6.335354017089637191e-01
1.300237851004822365e-01 6.320060460259750990e-01
1.302635664992212172e-01 6.304641476814688561e-01
1.305037900872038081e-01 6.289094808105192280e-01
1.307444566798867391e-01 6.273418235846874857e-01
1.309855670942301209e-01 6.257609582668031134e-01
1.312271221487011641e-01 6.241666712662233829e-01
1.314691226632763166e-01 6.225587531945481201e-01
1.317115694594438724e-01 6.209370154736237879e-01
1.319544633602075245e-01 6.193013445867370237e-01
1.321978051900882245e-01 6.176516494454709072e-01
1.324415957751277906e-01 6.159878422315234747e-01
1.326858359428914336e-01 6.143098384287453140e-01
1.329305265224700328e-01 6.126175568551480710e-01
1.331756683444840217e-01 6.109109196946111986e-01
1.334212622410850535e-01 6.091898525282832821e-01
1.336673090459597757e-01 6.074542843656323132e-01
1.339138095943322726e-01 6.057041476751423570e-01
1.341607647229664801e-01 6.039393784146193100e-01
1.344081752701700161e-01 6.021599160610815460e-01
1.346560420757958731e-01 6.003657036402298974e-01
1.349043659812462492e-01 5.985566958633534718e-01
1.351531478294750177e-01 5.967329265032063068e-01
1.354023884649901976e-01 5.948944730301877204e-01
1.356520887338576453e-01 5.930414154253690340e-01
1.359022494837030248e-01 5.911738357576042935e-01
1.361528715637155273e-01 5.892918181790552934e-01
1.364039558246503137e-01 5.873954489202597440e-01
1.366555031188310676e-01 5.854848162847284820e-01
1.369075143001538819e-01 5.835600106430571810e-01
1.371599902240888680e-01 5.816211244265813152e-01
1.374129317476842915e-01 5.796682521205311911e-01
1.376663397295688762e-01 5.777014902567292332e-01
1.379202150299543017e-01 5.757209374057956630e-01
1.381745585106392005e-01 5.737267054184936876e-01
1.384293710350109619e-01 5.717189916957958751e-01
1.386846534680495346e-01 5.696980320115242469e-01
1.389404066763300361e-01 5.676640624227403675e-01
1.391966315280252220e-01 5.656173190426356800e-01
1.394533288929094283e-01 5.635580380006790513e-01
1.397104996423604861e-01 5.614864554031135935e-01
1.399681446493634684e-01 5.594028072937693441e-01
1.402262647885134939e-01 5.573073296152348810e-01
1.404848609360179745e-01 5.552002581703797679e-01
1.407439339697008351e-01 5.530818285842189486e-01
1.410034847690042337e-01 5.509522762661618334e-01
1.412635142149925860e-01 5.488118364819657424e-01
1.415240231903550638e-01 5.466607816558221034e-01
1.417850125794082317e-01 5.444994749658151889e-01
1.420464832681000156e-01 5.423282909376477834e-01
1.423084361440115908e-01 5.401476013905539553e-01
1.425708720963614062e-01 5.379577753780175886e-01
1.428337920160076824e-01 5.357591791304708861e-01
1.430971967954511315e-01 5.335521759999539704e-01
1.433610873288388987e-01 5.313371264067042743e-01
1.436254645119665052e-01 5.291143877877027002e-01
1.438903292422818447e-01 5.268843145471207023e-01
1.441556824188878483e-01 5.246472580086896098e-01
1.444215249425450653e-01 5.224035663699558851e-01
1.446878577156757717e-01 5.201535964043705329e-01
1.449546816423658291e-01 5.178977820900080298e-01
1.452219976283687930e-01 5.156365863699781116e-01
1.454898065811085772e-01 5.133704667980405478e-01
1.457581094096820074e-01 5.110998753711938347e-01
1.460269070248629286e-01 5.088252584861128192e-01
1.462962003391047316e-01 5.065470568992050948e-01
1.465659902665430447e-01 5.042657056902211110e-01
1.468362777229998695e-01 5.019816342293486056e-01
1.471070636259855235e-01 4.996952661477516155e-01
1.473783488947028597e-01 4.974070193114710214e-01
1.476501344500497082e-01 4.951173057986423820e-01
1.479224212146218742e-01 4.928265399398553126e-01
1.481952101127170240e-01 4.905351993709772818e-01
1.484685020703368219e-01 4.882437897220749945e-01
1.487422980151910656e-01 4.859528089532961226e-01
1.490165988767003236e-01 4.836627470613094615e-01
1.492914055859987099e-01 4.813740860794212262e-01
1.495667190759381038e-01 4.790873000824431016e-01
1.498425402810900364e-01 4.768028551962338879e-01
1.501188701377500212e-01 4.745212096117498723e-01
1.503957095839401903e-01 4.722428136035164981e-01
1.506730595594120981e-01 4.699681095523913776e-01
1.509509210056508843e-01 4.676975319724817060e-01
1.512292948658773284e-01 4.654315165536405674e-01
1.515081820850521233e-01 4.631705332782826146e-01
1.517875836098785403e-01 4.609150557505854451e-01
1.520675003888052879e-01 4.586655486241769664e-01
1.523479333720307305e-01 4.564224676556061788e-01
1.526288835115049147e-01 4.541862597641815325e-01
1.529103517609338991e-01 4.519573630962353539e-01
1.531923390757824466e-01 4.497362070936987699e-01
1.534748464132769108e-01 4.475232125668171523e-01
1.537578747324095385e-01 4.453187917708583687e-01
1.540414249939403846e-01 4.431233484866901606e-01
1.543254981604018361e-01 4.409372783801944196e-01
1.546100951961012493e-01 4.387609801255293873e-01
1.548952170671238637e-01 4.365948589836305405e-01
1.551808647413371323e-01 4.344393126164706742e-01
1.554670391883927194e-01 4.322947301307090151e-01
1.557537413797309978e-01 4.301614921858965546e-01
1.560409722885837402e-01 4.280399711060391965e-01
1.563287328899770623e-01 4.259305309943594575e-01
1.566170241607357794e-01 4.238335278511092818e-01
1.569058470794854332e-01 4.217493096943171205e-01
1.571952026266568436e-01 4.196782166833124550e-01
1.574850917844888010e-01 4.176205812425731190e-01
1.577755155370310081e-01 4.155767213399600424e-01
1.580664748701485767e-01 4.135469257980778357e-01
1.583579707715239981e-01 4.115314723285527498e-01
1.586500042306616676e-01 4.095306320699750868e-01
1.589425762388907704e-01 4.075446697133937035e-01
1.592356877893681688e-01 4.055738436293283011e-01
1.595293398770828708e-01 4.036184059962093507e-01
1.598235334988581113e-01 4.016786029301753214e-01
1.601182696533559047e-01 3.997546746161282361e-01
1.604135493410799862e-01 3.978468554399842705e-01
1.607093735643785604e-01 3.959553741220380729e-01
1.610057433274490468e-01 3.940804427274536281e-01
1.613026596363400234e-01 3.922222226835707093e-01
1.616001234989558888e-01 3.903808596093361061e-01
1.618981359250597218e-01 3.885564952520134674e-01
1.621966979262762509e-01 3.867492675947831193e-01
1.624958105160962951e-01 3.849593109644842137e-01
1.627954747098796784e-01 3.831867561394980415e-01
1.630956915248581718e-01 3.814317304577321543e-01
1.633964619801401286e-01 3.796943579246766509e-01
1.636977870967126492e-01 3.779747593215226908e-01
1.639996678974461053e-01 3.762730522646076659e-01
1.643021054070972486e-01 3.745893193498791574e-01
1.646051006523120419e-01 3.729235539159622137e-01
1.649086546616304605e-01 3.712757339822540525e-01
1.652127684654885464e-01 3.696458371743491789e-01
1.655174430962230991e-01 3.680338407668612977e-01
1.658226795880747007e-01 3.664397217259294792e-01
1.661284789771907133e-01 3.648634567513970861e-01
1.664348423016299428e-01 3.633050223186691796e-01
1.667417706013648582e-01 3.617643947202685006e-01
1.670492649182863110e-01 3.602415501070815318e-01
1.673573262962064767e-01 3.587364621817847876e-01
1.676659557808620193e-01 3.572490456331992026e-01
1.679751544199187263e-01 3.557791543449908001e-01
1.682849232629737291e-01 3.543266412832845047e-01
1.685952633615602769e-01 3.528913614492914519e-01
1.689061757691508459e-01 3.514731718579567343e-01
1.692176615411600527e-01 3.500719315169403267e-01
1.695297217349495678e-01 3.486875014059179767e-01
1.698423574098303357e-01 3.473197444562204361e-01
1.701555696270672657e-01 3.459685255307824447e-01
1.704693594498823961e-01 3.446337114030462168e-01
1.707837279434579747e-01 3.433151400665312991e-01
1.710986761749413165e-01 3.420125423647514817e-01
1.714142052134469685e-01 3.407256286729495875e-01
1.717303161300615666e-01 3.394541136018748850e-01
1.720470099978470557e-01 3.381977159063038751e-01
1.723642878918436594e-01 3.369561583957597084e-01
1.726821508890748480e-01 3.357291678473690033e-01
1.730006000685495315e-01 3.345164749208272559e-01
1.733196365112670279e-01 3.333178140754020080e-01
1.736392613002201712e-01 3.321329234889444093e-01
1.739594755203984211e-01 3.309615347281512077e-01
1.742802802587928024e-01 3.298033050970669011e-01
1.746016766043982094e-01 3.286578607961366250e-01
1.749236656482183461e-01 3.275248329316307605e-01
1.752462484832688072e-01 3.264038575918744578e-01
1.755694262045804088e-01 3.252945757342042832e-01
1.758931999092039900e-01 3.241966330758231374e-01
1.762175706962127997e-01 3.231096799884761728e-01
1.765425396667074931e-01 3.220333713968451805e-01
1.768681079238192955e-01 3.209673666805976655e-01
1.771942765727131663e-01 3.199113202039055026e-01
1.775210467205929621e-01 3.188648046304866090e-01
1.778484194767035731e-01 3.178273517701293849e-01
1.781763959523360030e-01 3.167984988956955017e-01
1.785049772608306995e-01 3.157777890799494114e-01
1.788341645175806627e-01 3.147647710850582370e-01
1.791639588400364136e-01 3.137589992585514964e-01
1.794943613477091859e-01 3.127600334356137601e-01
1.798253731621742013e-01 3.117674388475737413e-01
1.801569954070757207e-01 3.107807860364552033e-01
1.804892292081294314e-01 3.097996595172074485e-01
1.808220756931275819e-01 3.088237022934724463e-01
1.811555359919421737e-01 3.078525818618382814e-01
1.814896112365283476e-01 3.068859697582418389e-01
1.818243025609293795e-01 3.059235414723299740e-01
1.821596111012792063e-01 3.049649764039052968e-01
1.824955379958075052e-01 3.040099578227415944e-01
1.828320843848429134e-01 3.030581728317228718e-01
1.831692514108165526e-01 3.021093123332204700e-01
1.835070402182670257e-01 3.011630708490109498e-01
1.838454519538428311e-01 3.002190918739803260e-01
1.841844877663076918e-01 2.992768875405688589e-01
1.845241488065437196e-01 2.983359553882302118e-01
1.848644362275549125e-01 2.973957992816961826e-01
1.852053511844722888e-01 2.964559293935629114e-01
1.855468948345563307e-01 2.955158621950287334e-01
1.858890683372022290e-01 2.945751204545833946e-01
1.862318728539432422e-01 2.936332332444780979e-01
1.865753095484541380e-01 2.926897359547853128e-01
1.869193795865563279e-01 2.917441708229232544e-01
1.872640841362205044e-01 2.907960930831919866e-01
1.876094243675717199e-01 2.898450689303160854e-01
1.879554014528929673e-01 2.888906709460865030e-01
1.883020165666284829e-01 2.879324780492607538e-01
1.886492708853891032e-01 2.869700755492194943e-01
1.889971655879547352e-01 2.860030552055674580e-01
1.893457018552797133e-01 2.850310152934749097e-01
1.896948808704961853e-01 2.840535606745823172e-01
1.900447038189175542e-01 2.830703032170383548e-01
1.903951718880438904e-01 2.820808953847898648e-01
1.907462862675644300e-01 2.810850577910199433e-01
1.910980481493629035e-01 2.800825231814903504e-01
1.914504587275210890e-01 2.790730298266816956e-01
1.918035191983221144e-01 2.780563215933996024e-01
1.921572307602561203e-01 2.770321480183838836e-01
1.925115946140225631e-01 2.760002643838039837e-01
1.928666119625357944e-01 2.749604317944886467e-01
1.932222840109284467e-01 2.739124172603866758e-01
1.935786119665550420e-01 2.728560082084917626e-01
1.939355970389973760e-01 2.717910449639384107e-01
1.942932404400670721e-01 2.707173825988126725e-01
1.946515433838111875e-01 2.696348812680562368e-01
1.950105070865155166e-01 2.685434062699206259e-01
1.953701327667083376e-01 2.674428281063352397e-01
1.957304216451658530e-01 2.663330225430902143e-01
1.960913749449146870e-01 2.652138706697507176e-01
1.964529938912375484e-01 2.640852589592848076e-01
1.968152797116766994e-01 2.629471018971638041e-01
1.971782336360375643e-01 2.617994046291176047e-01
1.975418568963943078e-01 2.606421962111172275e-01
1.979061507270923892e-01 2.594755089966336858e-01
1.982711163647541408e-01 2.582993786451325269e-01
1.986367550482824873e-01 2.571138441294250621e-01
1.990030680188643319e-01 2.559189477418520320e-01
1.993700565199761909e-01 2.547147350992678971e-01
1.997377217973876906e-01 2.535012551775567835e-01
2.001060650991651757e-01 2.522785885689539653e-01
2.004750876756774824e-01 2.510468988857226247e-01
2.008447907795984366e-01 2.498063650568220495e-01
2.012151756659125712e-01 2.485571668716826388e-01
2.015862435919187901e-01 2.472994849356164593e-01
2.019579958172340040e-01 2.460335006251282985e-01
2.023304336037988760e-01 2.447593960431324878e-01
2.027035582158803750e-01 2.434773539741132142e-01
2.030773709200776600e-01 2.421875588521562594e-01
2.034518729853255770e-01 2.408902474684160300e-01
2.038270656828985172e-01 2.395857312563047237e-01
2.042029502864159962e-01 2.382743252747350216e-01
2.045795280718455678e-01 2.369563420655217412e-01
2.049568003175083197e-01 2.356320915737817046e-01
2.053347683040828708e-01 2.343018810711191835e-01
2.057134333146088678e-01 2.329660150815881514e-01
2.060927966344928974e-01 2.316247953104092205e-01
2.064728595515112064e-01 2.302785274055886289e-01
2.068536233558155024e-01 2.289275758281000828e-01
2.072350893399366734e-01 2.275723333236028267e-01
2.076172587987886176e-01 2.262131874434837597e-01
2.080001330296740447e-01 2.248505201550384802e-01
2.083837133322872237e-01 2.234847077739311183e-01
2.087680010087198945e-01 2.221161209021365879e-01
2.091529973634649597e-01 2.207451243712841016e-01
2.095387037034204814e-01 2.193720774000565144e-01
2.099251213378952874e-01 2.179973581158560492e-01
2.103122515786120805e-01 2.166213857623549566e-01
2.107000957397130447e-01 2.152445772115594014e-01
2.110886551377638976e-01 2.138673413754506591e-01
2.114779310917576371e-01 2.124900791805334199e-01
2.118679249231205375e-01 2.111131835495758946e-01
2.122586379557148129e-01 2.097370393903563723e-01
2.126500715158447796e-01 2.083620235911929908e-01
2.130422269322606588e-01 2.069885083648421720e-01
2.134351055361623228e-01 2.056168759407387414e-01
2.138287086612055410e-01 2.042475060904104245e-01
2.142230376435045602e-01 2.028807698854661890e-01
2.146180938216382950e-01 2.015170297233810082e-01
2.150138785366541572e-01 2.001566393648522846e-01
2.154103931320720255e-01 1.987999439774063848e-01
2.158076389538902407e-01 1.974472801850103987e-01
2.162056173505884638e-01 1.960989780507218505e-01
2.166043296731338386e-01 1.947553811759064613e-01
2.170037772749848493e-01 1.934168381422227967e-01
2.174039615120952618e-01 1.920836884315521020e-01
2.178048837429202855e-01 1.907562622804796770e-01
2.182065453284194601e-01 1.894348807738417961e-01
2.186089476320627334e-01 1.881198559437967099e-01
2.190120920198345422e-01 1.868114908741709546e-01
2.194159798602376699e-01 1.855100788991303207e-01
2.198206125242994635e-01 1.842158890436893515e-01
2.202259913855747764e-01 1.829291691029002465e-01
2.206321178201521849e-01 1.816501588007325974e-01
2.210389932066579022e-01 1.803790903227209252e-01
2.214466189262598306e-01 1.791161884323925202e-01
2.218549963626736954e-01 1.778616705904645101e-01
2.222641269021669030e-01 1.766157470766368809e-01
2.226740119335626489e-01 1.753786206127679326e-01
2.230846528482462454e-01 1.741504789175098156e-01
2.234960510401679812e-01 1.729314966226198624e-01
2.239082079058494490e-01 1.717218419188555056e-01
2.243211248443876260e-01 1.705216768725998089e-01
2.247348032574589538e-01 1.693311575508047173e-01
2.251492445493256112e-01 1.681504341470927699e-01
2.255644501268385949e-01 1.669796511089018665e-01
2.259804213994439093e-01 1.658189436621666790e-01
2.263971597791868406e-01 1.646684059331888772e-01
2.268146666807159539e-01 1.635281073975484167e-01
2.272329435212895876e-01 1.623981136850283502e-01
2.276519917207786847e-01 1.612784869199657412e-01
2.280718127016733987e-01 1.601692858131565644e-01
2.284924078890871180e-01 1.590705657534854933e-01
2.289137787107606292e-01 1.579823788992334443e-01
2.293359265970685568e-01 1.569047642755251326e-01
2.297588529810224989e-01 1.558377123443382695e-01
2.301825592982773283e-01 1.547811990111991054e-01
2.306070469871354944e-01 1.537351991338729851e-01
2.310323174885511865e-01 1.526996865657911928e-01
2.314583722461368009e-01 1.516746341976800971e-01
2.318852127061660218e-01 1.506600139986543629e-01
2.323128403175803991e-01 1.496557966272712148e-01
2.327412565319935123e-01 1.486619201092407028e-01
2.331704628036951610e-01 1.476782696350135704e-01
2.336004605896580544e-01 1.467047268503255952e-01
2.340312513495407809e-01 1.457411749749712437e-01
2.344628365456944141e-01 1.447874987799596946e-01
2.348952176431668981e-01 1.438435845650348210e-01
2.353283961097071275e-01 1.429093201365513321e-01
2.357623734157716644e-01 1.419845873074222775e-01
2.361971510345279024e-01 1.410692076087771141e-01
2.366327304418606448e-01 1.401629752212160129e-01
2.370691131163764065e-01 1.392656880444263778e-01
2.375063005394077442e-01 1.383771478395993682e-01
2.379442941950199453e-01 1.374971601487024186e-01
2.383830955700141918e-01 1.366255342161083464e-01
2.388227061539341944e-01 1.357620823025325607e-01
2.392631274390706053e-01 1.349065815078909214e-01
2.397043609204653758e-01 1.340587523595922204e-01
2.401464080959183900e-01 1.332183159103234593e-01
2.405892704659908232e-01 1.323849991341090049e-01
2.410329495340117201e-01 1.315585348073239347e-01
2.414774468060825185e-01 1.307386613949443332e-01
2.419227637910813800e-01 1.299251229418576237e-01
2.423689020006699890e-01 1.291176595361179791e-01
2.428158629492967735e-01 1.283159778879708612e-01
2.432636481542037599e-01 1.275197811160077577e-01
2.437122591354309586e-01 1.267287789592337344e-01
2.441616974158207776e-01 1.259426876695422803e-01
2.446119645210249882e-01 1.251612299105389070e-01
2.450630619795078347e-01 1.243841346625159383e-01
2.455149913225530001e-01 1.236111321222848752e-01
2.459677540842681309e-01 1.228419149977180158e-01
2.464213518015891669e-01 1.220761607111731095e-01
2.468757860142870852e-01 1.213135542532150779e-01
2.473310582649724532e-01 1.205537882943326367e-01
2.477871700990998960e-01 1.197965631091590655e-01
2.482441230649750363e-01 1.190415865082895541e-01
2.487019187137577136e-01 1.182885741504477173e-01
2.491605585994692007e-01 1.175372545960177845e-01
2.496200442789965057e-01 1.167873678002281923e-01
2.500803773120969797e-01 1.160386609000733649e-01
2.505415592614054221e-01 1.152908880722545715e-01
2.510035916924374111e-01 1.145438105040720161e-01
2.514664761735960763e-01 1.137971963692906430e-01
2.519302142761771779e-01 1.130508206167052387e-01
2.523948075743731589e-01 1.123044616592674128e-01
2.528602576452806394e-01 1.115579019108231540e-01
2.533265660689035248e-01 1.108109307967270196e-01
2.537937344281603336e-01 1.100633448555186078e-01
2.542617643088885826e-01 1.093149477393889485e-01
2.547306572998495611e-01 1.085655502178753395e-01
2.552004149927354915e-01 1.078149719442326598e-01
2.556710389821728047e-01 1.070630669123028011e-01
2.561425308657295230e-01 1.063097168566485007e-01
2.566148922439197011e-01 1.055548098222237607e-01
2.570881247202081998e-01 1.047982395734352035e-01
2.575622299010179583e-01 1.040399056011994949e-01
2.580372093957333246e-01 1.032797131301569360e-01
2.585130648167072720e-01 1.025175748478040633e-01
2.589897977792662842e-01 1.017534258033926109e-01
2.594674099017149071e-01 1.009872155795979581e-01
2.599459028053430765e-01 1.002188987823352667e-01
2.604252781144295592e-01 9.944843493240240750e-02
2.609055374562493368e-01 9.867578846348759591e-02
2.613866824610782680e-01 9.790092871890283821e-02
2.618687147621978628e-01 9.712383727372510267e-02
2.623516359959027211e-01 9.634453633265864514e-02
2.628354478015038631e-01 9.556306260255403862e-02
2.633201518213363346e-01 9.477945589968889140e-02
2.638057497007637586e-01 9.399375912284517465e-02
2.642922430881832763e-01 9.320601822796491243e-02
2.647796336350329849e-01 9.241628232111569197e-02
2.652679229957952689e-01 9.162462204457662296e-02
2.657571128280045714e-01 9.083114851224415032e-02
2.662472047922519458e-01 9.003597849483772897e-02
2.667382005521899968e-01 8.923922950461592174e-02
2.672301017745404850e-01 8.844101974948630207e-02
2.677229101290977131e-01 8.764146808656574084e-02
2.682166272887360203e-01 8.684069530259605485e-02
2.687112549294148889e-01 8.603884203519811258e-02
2.692067947301836073e-01 8.523606324353324992e-02
2.697032483731889863e-01 8.443251338414202445e-02
2.702006175436788005e-01 8.362834598364264627e-02
2.706989039300095601e-01 8.282371358816729978e-02
2.711981092236512292e-01 8.201876771677844846e-02
2.716982351191923328e-01 8.121367434810625174e-02
2.721992833143474511e-01 8.040864876595123223e-02
2.727012555099609936e-01 7.960391288788759567e-02
2.732041534100146385e-01 7.879968433086431689e-02
2.737079787216325499e-01 7.799617637293101979e-02
2.742127331550862634e-01 7.719359791920593628e-02
2.747184184238020133e-01 7.639215469187640717e-02
2.752250362443657838e-01 7.559206608995647225e-02
2.757325883365285280e-01 7.479356012142106269e-02
2.762410764232136051e-01 7.399685927707412569e-02
2.767505022305206119e-01 7.320218015451494808e-02
2.772608674877331536e-01 7.240973345888483681e-02
2.777721739273238399e-01 7.161972410928617305e-02
2.782844232849594479e-01 7.083236953988222839e-02
2.787976172995085267e-01 7.004791987622153993e-02
2.793117577130452833e-01 6.926662192372663729e-02
2.798268462708574100e-01 6.848871390634080070e-02
2.803428847214511910e-01 6.771442553003356735e-02
2.808598748165563874e-01 6.694397805395420342e-02
2.813778183111344533e-01 6.617758569983515915e-02
2.818967169633820324e-01 6.541546151808479148e-02
2.824165725347390632e-01 6.465781237940293469e-02
2.829373867898937189e-01 6.390483656421303005e-02
2.834591614967875706e-01 6.315672387259511911e-02
2.839818984266239132e-01 6.241365574215557155e-02
2.845055993538709860e-01 6.167580582883847723e-02
2.850302660562702983e-01 6.094334510945357414e-02
2.855559003148418484e-01 6.021643987386974400e-02
2.860825039138891746e-01 5.949524818838984597e-02
2.866100786410074042e-01 5.877991998035995980e-02
2.871386262870871398e-01 5.807059719313604346e-02
2.876681486463224524e-01 5.736741346097838645e-02
2.881986475162162109e-01 5.667048306052059614e-02
2.887301246975851887e-01 5.597990137505461788e-02
2.892625819945682797e-01 5.529575707457808076e-02
2.897960212146302728e-01 5.461813283179907386e-02
2.903304441685701787e-01 5.394710546370592996e-02
2.908658526705261149e-01 5.328274565409896885e-02
2.914022485379810790e-01 5.262510098818066334e-02
2.919396335917708307e-01 5.197419114752022812e-02
2.924780096560877785e-01 5.133003092467984529e-02
2.930173785584892499e-01 5.069263202361409815e-02
2.935577421299029877e-01 5.006200314677253932e-02
2.940991022046322012e-01 4.943814985004954532e-02
2.946414606203640041e-01 4.882106292108761431e-02
2.951848192181732999e-01 4.821071366000428265e-02
2.957291798425310536e-01 4.760707079765024580e-02
2.962745443413096202e-01 4.701010197762289095e-02
2.968209145657883519e-01 4.641977379637385326e-02
2.973682923706615910e-01 4.583605132640047874e-02
2.979166796140430007e-01 4.525887722078089648e-02
2.984660781574735577e-01 4.468816577712580312e-02
2.990164898659273263e-01 4.412383093437206166e-02
2.995679166078166755e-01 4.356578832290456532e-02
3.001203602550007732e-01 4.301395522811934241e-02
3.006738226827895266e-01 4.246824999371002357e-02
3.012283057699521316e-01 4.192857889436357732e-02
3.017838113987224569e-01 4.139483643397883633e-02
3.023403414548045398e-01 4.086691940806307793e-02
3.028978978273808020e-01 4.034472751121936929e-02
3.034564824091176560e-01 3.982816326644645494e-02
3.040160970961708342e-01 3.931713027708753222e-02
3.045767437881941042e-01 3.881151420629241899e-02
3.051384243883432656e-01 3.831119058867395871e-02
3.057011408032846433e-01 3.781603910030208182e-02
3.062648949432008050e-01 3.732594372507566649e-02
3.068296887217958346e-01 3.684079264781237040e-02
3.073955240563044367e-01 3.636047366465079006e-02
3.079624028674955438e-01 3.588485262181970864e-02
3.085303270796812547e-01 3.541379140419389365e-02
3.090992986207222737e-01 3.494715774983029460e-02
3.096693194220337397e-01 3.448482512409759698e-02
3.102403914185936640e-01 3.402667258988213705e-02
3.108125165489473152e-01 3.357258713739313255e-02
3.113856967552157129e-01 3.312246711396248100e-02
3.119599339831015672e-01 3.267621655952977072e-02
3.125352301818946632e-01 3.223374409944361474e-02
3.131115873044807985e-01 3.179496283800097023e-02
3.136890073073459462e-01 3.135978897577566815e-02
3.142674921505850261e-01 3.092811406385791856e-02
3.148470437979076775e-01 3.049980691822500728e-02
3.154276642166438105e-01 3.007474244252994477e-02
3.160093553777528208e-01 2.965280276553771896e-02
3.165921192558273645e-01 2.923387708863773790e-02
3.171759578291025727e-01 2.881786551827552820e-02
3.177608730794616587e-01 2.840469575337416924e-02
3.183468669924418015e-01 2.799430761409841054e-02
3.189339415572430281e-01 2.758664560769719803e-02
3.195220987667323209e-01 2.718165881747766632e-02
3.201113406174529441e-01 2.677930040525161939e-02
3.207016691096299388e-01 2.637950895507945245e-02
3.212930862471761184e-01 2.598220169361586604e-02
3.218855940377009506e-01 2.558730074639460617e-02
3.224791944925149978e-01 2.519473515383279655e-02
3.230738896266390214e-01 2.480444072559833540e-02
3.236696814588095883e-01 2.441636609365819763e-02
3.242665720114852324e-01 2.403050122356817364e-02
3.248645633108553366e-01 2.364685220977235519e-02
3.254636573868446847e-01 2.326542795360673002e-02
3.260638562731224543e-01 2.288624005037880743e-02
3.266651620071081563e-01 2.250930211825137930e-02
3.272675766299776301e-01 2.213461361268301633e-02
3.278711021866722031e-01 2.176215879817305215e-02
3.284757407259030204e-01 2.139192565065587553e-02
3.290814943001604265e-01 2.102390679434212178e-02
3.296883649657196269e-01 2.065809936517801898e-02
3.302963547826470725e-01 2.029452008339590469e-02
3.309054658148095074e-01 1.993323682059976870e-02
3.315157001298784101e-01 1.957432644119930232e-02
3.321270597993392637e-01 1.921786459159807378e-02
3.327395468984977733e-01 1.886392563804244193e-02
3.333531635064856391e-01 1.851258139381781534e-02
3.339679117062702707e-01 1.816389203723801915e-02
3.345837935846587841e-01 1.781791195905030670e-02
3.352008112323078826e-01 1.747469525293915416e-02
3.358189667437296300e-01 1.713429567918536844e-02
3.364382622172975568e-01 1.679676720211911028e-02
3.370586997552559860e-01 1.646217861789099277e-02
3.376802814637261396e-01 1.613061275326832175e-02
3.383030094527120224e-01 1.580214997439519098e-02
3.389268858361101922e-01 1.547686736630322218e-02
3.395519127317142005e-01 1.515483872927754667e-02
3.401780922612240854e-01 1.483613530668668329e-02
3.408054265502525881e-01 1.452082635236330924e-02
3.414339177283313709e-01 1.420897778833958222e-02
3.420635679289205089e-01 1.390065205046754453e-02
3.426943792894132645e-01 1.359590810107813401e-02
3.433263539511454132e-01 1.329480151295735907e-02
3.439594940594017380e-01 1.299738461898056197e-02
3.445938017634220807e-01 1.270370635074537582e-02
3.452292792164112778e-01 1.241381222368282723e-02
3.458659285755435464e-01 1.212774436713458248e-02
3.465037520019721429e-01 1.184554545209201559e-02
3.471427516608359687e-01 1.156727129055044531e-02
3.477829297212655657e-01 1.129297700785471259e-02
3.484242883563931081e-01 1.102271218081591828e-02
3.490668297433568434e-01 1.075652097063089542e-02
3.497105560633110288e-01 1.049443819057140070e-02
3.503554695014323705e-01 1.023647194424349635e-02
3.510015722469261856e-01 9.982620530158621205e-03
3.516488664930363384e-01 9.732880585187925204e-03
3.522973544370499588e-01 9.487247103023904379e-03
3.529470382803074346e-01 9.245717791107391920e-03
3.535979202282086287e-01 9.008313757076190365e-03
3.542500024902194289e-01 8.775060674528760429e-03
3.549032872798815741e-01 8.545978756118127392e-03
3.555577768148176498e-01 8.321082934975226192e-03
3.562134733167407474e-01 8.100380066613361435e-03
3.568703790114611807e-01 7.883855899490957789e-03
3.575284961288928698e-01 7.671487919001405628e-03
3.581878269030634443e-01 7.463251723596447257e-03
3.588483735721188506e-01 7.259121097709613293e-03
3.595101383783336768e-01 7.059067713644481649e-03
3.601731235681175369e-01 6.863059950409196135e-03
3.608373313920215653e-01 6.671064327227509833e-03
3.615027641047487972e-01 6.483046078777443891e-03
3.621694239651587210e-01 6.298969207070893167e-03
3.628373132362774922e-01 6.118795951266473368e-03
3.635064341853047054e-01 5.942485585480959676e-03
3.641767890836197785e-01 5.769996203063571492e-03
3.648483802067924997e-01 5.601285186603256402e-03
3.655212098345874128e-01 5.436309205580710721e-03
3.661952802509745308e-01 5.275017750280599702e-03
3.668705937441357201e-01 5.117346731578717792e-03
3.675471526064715277e-01 4.963232136989240845e-03
3.682249591346114515e-01 4.812611885492190482e-03
3.689040156294187689e-01 4.665425650868168343e-03
3.695843243960009183e-01 4.521612461825985814e-03
3.702658877437164930e-01 4.381110325008845049e-03
3.709487079861814585e-01 4.243859223772729512e-03
3.716327874412801435e-01 4.109801194340649208e-03
3.723181284311696260e-01 3.978879257464292343e-03
3.730047332822907236e-01 3.851026836782023462e-03
3.736926043253743224e-01 3.726172992889448862e-03
3.743817438954484267e-01 3.604250721764453141e-03
3.750721543318484286e-01 3.485196858839423057e-03
3.757638379782234916e-01 3.368950312191585413e-03
3.764567971825438786e-01 3.255446139366906418e-03
3.771510342971112761e-01 3.144621459711800099e-03
3.778465516785636802e-01 3.036417722409622162e-03
3.785433516878864424e-01 2.930780405538007706e-03
3.792414366904187095e-01 2.827658719026607606e-03
3.799408090558604734e-01 2.727005319818054645e-03
3.806414711582834509e-01 2.628776055401789262e-03
3.813434253761357473e-01 2.532929705586719864e-03
3.820466740922529580e-01 2.439427052112665834e-03
3.827512196938648303e-01 2.348221696721930745e-03
3.834570645726024241e-01 2.259263851362880871e-03
3.841642111245088254e-01 2.172508106950828913e-03
3.848726617500440872e-01 2.087913256279787591e-03
3.855824188540963315e-01 2.005442091926262684e-03
3.862934848459885773e-01 1.925061493990743540e-03
3.870058621394856790e-01 1.846741500667751666e-03
3.877195531528055961e-01 1.770454807410703048e-03
3.884345603086239995e-01 1.696176258087327311e-03
3.891508860340856524e-01 1.623876844798339148e-03
3.898685327608112372e-01 1.553523716240695672e-03
3.905875029249044061e-01 1.485087298276199482e-03
3.913077989669630496e-01 1.418541303248321362e-03
3.920294233320841260e-01 1.353861584189370096e-03
3.927523784698750409e-01 1.291022978226713351e-03
3.934766668344604201e-01 1.230002121876995046e-03
3.942022908844895479e-01 1.170778356866805561e-03
3.949292530831473580e-01 1.113333129709538887e-03
3.956575558981595964e-01 1.057644269635948714e-03
3.963872018018040344e-01 1.003685911988843639e-03
3.971181932709177964e-01 9.514353218939509884e-04
3.978505327869041874e-01 9.008727747062321520e-04
3.985842228357443506e-01 8.519791781903777051e-04
3.993192659080022078e-01 8.047303724447705826e-04
4.000556644988358390e-01 7.591038464178806759e-04
4.007934211080048104e-01 7.150803963844432716e-04
4.015325382398772791e-01 6.726432738483477565e-04
4.022730184034414291e-01 6.317746746179023253e-04
4.030148641123106890e-01 5.924565564043594293e-04
4.037580778847353336e-01 5.546730292300115252e-04
4.045026622436094788e-01 5.184097420710570038e-04
4.052486197164785198e-01 4.836449583898303124e-04
4.059959528355507330e-01 4.503415601082775112e-04
4.067446641377024941e-01 4.184670102756335918e-04
4.074947561644897132e-01 3.879951012631403166e-04
4.082462314621552735e-01 3.589057501503546688e-04
4.089990925816363587e-01 3.311889654155581527e-04
4.097533420785762770e-01 3.048373415244162461e-04
4.105089825133294568e-01 2.798420303557739197e-04
4.112660164509732708e-01 2.561900821097281948e-04
4.120244464613154745e-01 2.338296813715657371e-04
4.127842751189015336e-01 2.126891351243158802e-04
4.135455050030265034e-01 1.927158245122144583e-04
4.143081386977403024e-01 1.738740133323740460e-04
4.150721787918594252e-01 1.561710665640498783e-04
4.158376278789745473e-01 1.396621373041353250e-04
4.166044885574579082e-01 1.243799810373426534e-04
4.173727634304748024e-01 1.103309777347270392e-04
4.181424551059912398e-01 9.744247557067755791e-05
4.189135661967812729e-01 8.546183422285824637e-05
4.196860993204388768e-01 7.420117266469940893e-05
4.204600570993837216e-01 6.357781326113096934e-05
4.212354421608727195e-01 5.363766286626135324e-05
4.220122571370079068e-01 4.472855328962513073e-05
4.227905046647438270e-01 3.711059053254656413e-05
4.235701873858997435e-01 3.083621316660772513e-05
4.243513079471650795e-01 2.578111636965009433e-05
4.251338690001114085e-01 2.125109959637152510e-05
4.259178732012000590e-01 1.662619519144473314e-05
4.267033232117900532e-01 1.188140922525100485e-05
4.274902216981499858e-01 7.480331617280436519e-06
4.282785713314637421e-01 4.227738132822587607e-06
4.290683747878424326e-01 2.312825809875320918e-06
4.298596347483323310e-01 1.323926834673025355e-06
4.306523538989226463e-01 8.567284037414647956e-07
4.314465349305576236e-01 6.586247511035598693e-07
4.322421805391422622e-01 6.083778834864618170e-07
4.330392934255543613e-01 6.810091326024059239e-07
4.338378762956526247e-01 9.313140579148679438e-07
4.346379318602844322e-01 1.515508650963425620e-06
4.354394628352979968e-01 2.693477798439691688e-06
4.362424719415482488e-01 4.770725078740114980e-06
4.370469619049089371e-01 7.686610811482341810e-06
4.378529354562807896e-01 1.072549985159184610e-05
4.386603953315993953e-01 1.341344405797812932e-05
4.394693442718474174e-01 1.571379595872861876e-05
4.402797850230605881e-01 1.802092672338104811e-05
4.410917203363400318e-01 2.081916938581469565e-05
4.419051529678602042e-01 2.413674989233466082e-05
4.427200856788770511e-01 2.785999016037359993e-05
4.435365212357403886e-01 3.176418256832474584e-05
4.443544624098997864e-01 3.561514238704203430e-05
4.451739119779171139e-01 3.938027431217589879e-05
4.459948727214744779e-01 4.309834430395582228e-05
4.468173474273826051e-01 4.685604548052096062e-05
4.476413388875931654e-01 5.072563192418770030e-05
4.484668498992047669e-01 5.468342519739645505e-05
4.492938832644756131e-01 5.868792261009184950e-05
4.501224417908316622e-01 6.269124517511824460e-05
4.509525282908748434e-01 6.665757806218059725e-05
4.517841455823955465e-01 7.057985290420456799e-05
4.526172964883788952e-01 7.445958205965888034e-05
4.534519838370172917e-01 7.830453645452576771e-05
4.542882104617186889e-01 8.211543815790954071e-05
4.551259792011149163e-01 8.587985129318879626e-05
4.559652928990742815e-01 8.958557155696564604e-05
4.568061544047079536e-01 9.322172080897822718e-05
4.576485665723825091e-01 9.677968232799753225e-05
4.584925322617283694e-01 1.002532428360281588e-04
4.593380543376481273e-01 1.036380115252264514e-04
4.601851356703295370e-01 1.069310521588042633e-04
4.610337791352513981e-01 1.101272188783773074e-04
4.618839876131967670e-01 1.132202652525020141e-04
4.627357639902612840e-01 1.162049982261569947e-04
4.635891111578614443e-01 1.190770764815498109e-04
4.644440320127473099e-01 1.218317578125054351e-04
4.653005294570110584e-01 1.244647051732353628e-04
4.661586063980951988e-01 1.269724908343883686e-04
4.670182657488058386e-01 1.293520912773951518e-04
4.678795104273188454e-01 1.315997278304434684e-04
4.687423433571930587e-01 1.337120444456481674e-04
4.696067674673786718e-01 1.356863788863182767e-04
4.704727856922258367e-01 1.375185951301057528e-04
4.713404009714980414e-01 1.392014920880785213e-04
4.722096162503780503e-01 1.407279657086509277e-04
4.730804344794814487e-01 1.420921697070635275e-04
4.739528586148651912e-01 1.433024018341244241e-04
4.748268916180360955e-01 1.443794819533566261e-04
4.757025364559643310e-01 1.453457573001255615e-04
4.765797961010896922e-01 1.462208763504944161e-04
4.774586735313349206e-01 1.470017025304688415e-04
4.783391717301144763e-01 1.476759871480993992e-04
4.792212936863431971e-01 1.482314815017287855e-04
4.801050423944498990e-01 1.486560460588595201e-04
4.809904208543833715e-01 1.489377469477073544e-04
4.818774320716264215e-01 1.490649605631045834e-04
4.827660790572042004e-01 1.490264854428999274e-04
4.836563648276932526e-01 1.488116603553278150e-04
4.845482924052348928e-01 1.484104873166558838e-04
4.854418648175418682e-01 1.478137580368762733e-04
4.863370850979118476e-01 1.470131820751372311e-04
4.872339562852363581e-01 1.460015147824719262e-04
4.881324814240094456e-01 1.447726829242171657e-04
4.890326635643417186e-01 1.433219057156270284e-04
4.899345057619665655e-01 1.416458088792246447e-04
4.908380110782540329e-01 1.397425292487167018e-04
4.917431825802198175e-01 1.376118074091134120e-04
4.926500233405340379e-01 1.352550658823996929e-04
4.935585364375352779e-01 1.326754704483112067e-04
4.944687249552369157e-01 1.298779723348219553e-04
4.953805919833413340e-01 1.268739538191347618e-04
4.962941406172484693e-01 1.236973229879926119e-04
4.972093739580654148e-01 1.203869905292823849e-04
4.981262951126199101e-01 1.169797869994629460e-04
4.990449071934670577e-01 1.135101471367649191e-04
4.999652133189037007e-01 1.100098873502366748e-04
5.008872166129769710e-01 1.065080680625910220e-04
5.018109202054936713e-01 1.030309321494422370e-04
5.027363272320347631e-01 9.960190995810936211e-05
5.036634408339610847e-01 9.624168110062255915e-05
5.045922641584285051e-01 9.296828332265659033e-05
5.055228003583964735e-01 8.979725917626510618e-05
5.064550525926374558e-01 8.674183189425076668e-05
5.073890240257511453e-01 8.381310270870184623e-05
5.083247178281712353e-01 8.102026281422496600e-05
5.092621371761794080e-01 7.837081419503707136e-05
5.102012852519151043e-01 7.587079457227985607e-05
5.111421652433842944e-01 7.352500275061075899e-05
5.120847803444739110e-01 7.133722162832768104e-05
5.130291337549605091e-01 6.931043706856548838e-05
5.139752286805201464e-01 6.744705170386873212e-05
5.149230683327425950e-01 6.574847708527254103e-05
5.158726559291380021e-01 6.419039301552846740e-05
5.168239946931518780e-01 6.271696015628793288e-05
5.177770878541739785e-01 6.127495687028137073e-05
5.187319386475479632e-01 5.981588001146628125e-05
5.196885503145859397e-01 5.829588056373828263e-05
5.206469261025756801e-01 5.667604609968498666e-05
5.216070692647944984e-01 5.492296199284655455e-05
5.225689830605194652e-01 5.300947511104668977e-05
5.235326707550366221e-01 5.091557169362991866e-05
5.244981356196555256e-01 4.862926797904109592e-05
5.254653809317166857e-01 4.614740098708980918e-05
5.264344099746056660e-01 4.347620099636159197e-05
5.274052260377634083e-01 4.063152994461929278e-05
5.283778324166953366e-01 3.763868393989359902e-05
5.293522324129861234e-01 3.453168493549427947e-05
5.303284293343072386e-01 3.135202637706771279e-05
5.313064264944311610e-01 2.814688817053981483e-05
5.322862272132417027e-01 2.496689328377235521e-05
5.332678348167434468e-01 2.186353527871315964e-05
5.342512526370762904e-01 1.888645531343807055e-05
5.352364840125233281e-01 1.608078065706164693e-05
5.362235322875253951e-01 1.348474771728285481e-05
5.372124008126908379e-01 1.113306358437252192e-05
5.382030929448055057e-01 9.063179488310561268e-06
5.391956120468475167e-01 7.289438911541696467e-06
5.401899614879948075e-01 5.803752044899805134e-06
5.411861446436402323e-01 4.583301514415764434e-06
5.421841648954012216e-01 3.597132519334454933e-06
5.431840256311295523e-01 2.811230642566036815e-06
5.441857302449272238e-01 2.192058551177773833e-06
5.451892821371528974e-01 1.708744206030219486e-06
5.461946847144377726e-01 1.334211848075357412e-06
5.472019413896953566e-01 1.045560011458457099e-06
5.482110555821311237e-01 8.239543887301563753e-07
5.492220307172586136e-01 6.542459050876724565e-07
5.502348702269058700e-01 5.244644925705857075e-07
5.512495775492317618e-01 4.252868997364897406e-07
5.522661561287351972e-01 3.495363581086061565e-07
5.532846094162658934e-01 2.917432029883696709e-07
5.543049408690392532e-01 2.477768772196435970e-07
5.553271539506442478e-01 2.145487768851772288e-07
5.563512521310589598e-01 1.897798726988263830e-07
5.573772388866603533e-01 1.718251373430338505e-07
5.584051177002347099e-01 1.595472378573074357e-07
5.594348920609932829e-01 1.522339521560089070e-07
5.604665654645795136e-01 1.495357516812139061e-07
5.615001414130853519e-01 1.511760884712895602e-07
5.625356234150605816e-01 1.570152435332402099e-07
5.635730149855240345e-01 1.672324938616810982e-07
5.646123196459784666e-01 1.823136311156355735e-07
5.656535409244188850e-01 2.030657738819162493e-07
5.666966823553479804e-01 2.306603382067370626e-07
5.677417474797863406e-01 2.667025769984865674e-07
5.687887398452834420e-01 3.133279105983329064e-07
5.698376630059320824e-01 3.733258182363291725e-07
5.708885205223795944e-01 4.502912732962118715e-07
5.719413159618379483e-01 5.488012428044538679e-07
5.729960528980996282e-01 6.746090802418685391e-07
5.740527349115455147e-01 8.348420361496024863e-07
5.751113655891608722e-01 1.038175926125008498e-06
5.761719485245460071e-01 1.294945849102279508e-06
5.772344873179261482e-01 1.617133074602038682e-06
5.782989855761686560e-01 2.018147474380307468e-06
5.793654469127897944e-01 2.512305878164290515e-06
5.804338749479714954e-01 3.113895947056071641e-06
5.815042733085717952e-01 3.835722087250333539e-06
5.825766456281353811e-01 4.687066498466505729e-06
5.836509955469100230e-01 5.671076831372940271e-06
5.847273267118541229e-01 6.781720243838165004e-06
5.858056427766535901e-01 8.000619617033425201e-06
5.868859474017321665e-01 9.296872479350905944e-06
5.879682442542618626e-01 1.063992587510648848e-05
5.890525370081801659e-01 1.199771544483732938e-05
5.901388293441971467e-01 1.333480346898880856e-05
5.912271249498126657e-01 1.461411998723397777e-05
5.923174275193267002e-01 1.579889038573511597e-05
5.934097407538500013e-01 1.685459228385702499e-05
5.945040683613214139e-01 1.775078424385983931e-05
5.956004140565150928e-01 1.846266324293463365e-05
5.966987815610577117e-01 1.897223697665733282e-05
5.977991746034390097e-01 1.926903665317856085e-05
5.989015969190226718e-01 1.935034066477260179e-05
6.000060522500636484e-01 1.922092385387683166e-05
6.011125443457152606e-01 1.889238608238367190e-05
6.022210769620468529e-01 1.838214373128241441e-05
6.033316538620544511e-01 1.771218643012703855e-05
6.044442788156716428e-01 1.690770820469644450e-05
6.055589555997868967e-01 1.599571825965560802e-05
6.066756879982510009e-01 1.500372381159737602e-05
6.077944798018948269e-01 1.395855844904037553e-05
6.089153348085399875e-01 1.288540732124776486e-05
6.100382568230098279e-01 1.180705776461388681e-05
6.111632496571467454e-01 1.074338301005736056e-05
6.122903171298204050e-01 9.711048987136603332e-06
6.134194630669447257e-01 8.723420876757383098e-06
6.145506913014892048e-01 7.790637256753639138e-06
6.156840056734897981e-01 6.919846891651977525e-06
6.168194100300666838e-01 6.116072324698972183e-06
6.179569082254320334e-01 5.382187242587862884e-06
6.190965041209077757e-01 4.718611599927267569e-06
6.202382015849363661e-01 4.123804550287482138e-06
6.213820044930925546e-01 3.594756730232739488e-06
6.225279167281003723e-01 3.127430753485913975e-06
6.236759421798421243e-01 2.717138899176093881e-06
6.248260847453748212e-01 2.358854174817589212e-06
6.259783483289427242e-01 2.047456287660663910e-06
6.271327368419878923e-01 1.777917687916435917e-06
6.282892542031681682e-01 1.545436998477302870e-06
6.294479043383652828e-01 1.345528118406321924e-06
6.306086911807029516e-01 1.174073387796759459e-06
6.317716186705580883e-01 1.027348709065122725e-06
6.329366907555721289e-01 9.020276691734892876e-07
6.341039113906684621e-01 7.951706825337657311e-07
6.352732845380638649e-01 7.042041095123550317e-07
6.364448141672800485e-01 6.268932907866301746e-07
6.376185042551617554e-01 5.613125278630070852e-07
6.387943587858848637e-01 5.058142622507260435e-07
6.399723817509747059e-01 4.589990683041933291e-07
6.411525771493171710e-01 4.196875734155272112e-07
6.423349489871711393e-01 3.868950428709321586e-07
6.435195012781858015e-01 3.598091012608779539e-07
6.447062380434096518e-01 3.377708940223226006e-07
6.458951633113084734e-01 3.202599101120768865e-07
6.470862811177771068e-01 3.068826828230137336e-07
6.482795955061509963e-01 2.973656591297245760e-07
6.494751105272248415e-01 2.915146190061567329e-07
6.506728302392609242e-01 2.890171546101136258e-07
6.518727587080073160e-01 2.895893915629514397e-07
6.530749000067100907e-01 2.930482179120651568e-07
6.542792582161248705e-01 2.992916451675494302e-07
6.554858374245352559e-01 3.082838958847702230e-07
6.566946417277618187e-01 3.200438482968428368e-07
6.579056752291800869e-01 3.346356397159427868e-07
6.591189420397328691e-01 3.521604897453333792e-07
6.603344462779422441e-01 3.727489740445106646e-07
6.615521920699278802e-01 3.965530908854814929e-07
6.627721835494160274e-01 4.237375394696245277e-07
6.639944248577579478e-01 4.544696898523333644e-07
6.652189201439422384e-01 4.889077859134444204e-07
6.664456735646068219e-01 5.271870006246817902e-07
6.676746892840574876e-01 5.694030718587610973e-07
6.689059714742769946e-01 6.155934013633271305e-07
6.701395243149439462e-01 6.657157117975667136e-07
6.713753519934447800e-01 7.196246360050945490e-07
6.726134587048858693e-01 7.770469622482793635e-07
6.738538486521127302e-01 8.375566733422195139e-07
6.750965260457189032e-01 9.005513786552780517e-07
6.763414951040644940e-01 9.652322125776168056e-07
6.775887600532893851e-01 1.030589710553297670e-06
6.788383251273244490e-01 1.095398505684245396e-06
6.800901945679115324e-01 1.158223831985586710e-06
6.813443726246121157e-01 1.217442683553906522e-06
6.826008635548262982e-01 1.271281975169378799e-06
6.838596716238056761e-01 1.317875112636504016e-06
6.851208011046651114e-01 1.355336984370636078e-06
6.863842562784027157e-01 1.381855564411504715e-06
6.876500414339085099e-01 1.395796203839057850e-06
6.889181608679838531e-01 1.396114444522872750e-06
6.901886188853539883e-01 1.383207613705262217e-06
6.914614197986805877e-01 1.358069701589204017e-06
6.927365679285811817e-01 1.321983653602478971e-06
6.940140676036383738e-01 1.276440106939704467e-06
6.952939231604193804e-01 1.223055390996489318e-06
6.965761389434884654e-01 1.163493965576683094e-06
6.978607193054200408e-01 1.099399321824563476e-06
6.991476686068177626e-01 1.032336092128077632e-06
7.004369912163241896e-01 9.637448515516828756e-07
7.017286915106403233e-01 8.949099573487182901e-07
7.030227738745383759e-01 8.269398397414508894e-07
7.043192427008745371e-01 7.607584641585155235e-07
7.056181023906081817e-01 6.971062378611772674e-07
7.069193573528147478e-01 6.365484128972274074e-07
7.082230120046981714e-01 5.794890066999588616e-07
7.095290707716114254e-01 5.261883771331214095e-07
7.108375380870655125e-01 4.767828044699034576e-07
7.121484183927494493e-01 4.313047061634297947e-07
7.134617161385435891e-01 3.897024053857552067e-07
7.147774357825319447e-01 3.518586633638685155e-07
7.160955817910230614e-01 3.176074490816096729e-07
7.174161586385588985e-01 2.867486461677010442e-07
7.187391708079352570e-01 2.590605803939754365e-07
7.200646227902148810e-01 2.343103917474283319e-07
7.213925190847404467e-01 2.122623755335628706e-07
7.227228641991547686e-01 1.926844825542002189e-07
7.240556626494106807e-01 1.753532052328625634e-07
7.253909189597912421e-01 1.600570909828178318e-07
7.267286376629225053e-01 1.465991221109208906e-07
7.280688232997877263e-01 1.347981883983122745e-07
7.294114804197466828e-01 1.244898586104647575e-07
7.307566135805462215e-01 1.155266340858077151e-07
7.321042273483403529e-01 1.077778439313357280e-07
7.334543262977039069e-01 1.011293192089616096e-07
7.348069150116451898e-01 9.548296426493424778e-08
7.361619980816274111e-01 9.075307614574059792e-08
7.375195801075783431e-01 8.683457096760942229e-08
7.388796656979104149e-01 8.362140993202970531e-08
7.402422594695348135e-01 8.102736734992153565e-08
7.416073660478746943e-01 7.898257628897966015e-08
7.429749900668862761e-01 7.743050505142119112e-08
7.443451361690679446e-01 7.632556405393711056e-08
7.457178090054821240e-01 7.563120010650847213e-08
7.470930132357684883e-01 7.531836863004811815e-08
7.484707535281570623e-01 7.536429940572177891e-08
7.498510345594900928e-01 7.575149024007487102e-08
7.512338610152313745e-01 7.646687707914540491e-08
7.526192375894875664e-01 7.750113979624055197e-08
7.540071689850220693e-01 7.884811098488088343e-08
7.553976599132683489e-01 8.050426125925023390e-08
7.567907150943515848e-01 8.246823928621395598e-08
7.581863392570982185e-01 8.474044841566671522e-08
7.595845371390579359e-01 8.732264462558061637e-08
7.609853134865166568e-01 9.021754277947526749e-08
7.623886730545113011e-01 9.342842008867545186e-08
7.637946206068504384e-01 9.695870732933164837e-08
7.652031609161246140e-01 1.008115599117815798e-07
7.666142987637282191e-01 1.049894024474686368e-07
7.680280389398732588e-01 1.094934421023153349e-07
7.694443862436027848e-01 1.143231478496192180e-07
7.708633454828134335e-01 1.194756948116307344e-07
7.722849214742649737e-01 1.249453752644474136e-07
7.737091190436021781e-01 1.307229806158185280e-07
7.751359430253693672e-01 1.367951617673619051e-07
7.765653982630235097e-01 1.431437787322437998e-07
7.779974896089562053e-01 1.497452541531519909e-07
7.794322219245075622e-01 1.565699493697560125e-07
7.808696000799802972e-01 1.635815857914212823e-07
7.823096289546616067e-01 1.707367383597520762e-07
7.837523134368336031e-01 1.779844316048507586e-07
7.851976584237957413e-01 1.852658719257701601e-07
7.866456688218782523e-01 1.925143519293192883e-07
7.880963495464574642e-01 1.996553635782642216e-07
7.895497055219770077e-01 2.066069561472664627e-07
7.910057416819589182e-01 2.132803721873453849e-07
7.924644629690258402e-01 2.195809895202173539e-07
7.939258743349150160e-01 2.254095894602375715e-07
7.953899807404929412e-01 2.306639608503156173e-07
7.968567871557781235e-01 2.352412009933055510e-07
7.983262985599510753e-01 2.390670770996108304e-07
7.997985199413768509e-01 2.421188797549873693e-07
8.012734562976198127e-01 2.443867830644062779e-07
8.027511126354583970e-01 2.458694800517797961e-07
8.042314939709068744e-01 2.465738718445063308e-07
8.057146053292271182e-01 2.465146222945072539e-07
8.072004517449500316e-01 2.457135961968693194e-07
8.086890382618915352e-01 2.441992010333496357e-07
8.101803699331660003e-01 2.420056531825345829e-07
8.116744518212100079e-01 2.391721898350491151e-07
8.131712889977927849e-01 2.357422474892816107e-07
8.146708865440386305e-01 2.317626269579847627e-07
8.161732495504426810e-01 2.272826633802087440e-07
8.176783831168845662e-01 2.223534179055647336e-07
8.191862923526525009e-01 2.170269056014879703e-07
8.206969823764533878e-01 2.113553718301709546e-07
8.222104583164364655e-01 2.053906269453975426e-07
8.237267253102077413e-01 1.991834467582284455e-07
8.252457885048450903e-01 1.927830438900087093e-07
8.267676530569219029e-01 1.862366129353216504e-07
8.282923241325174102e-01 1.795889503471358185e-07
8.298198069072404426e-01 1.728821481678487702e-07
8.313501065662441958e-01 1.661553591887522130e-07
8.328832283042417739e-01 1.594446298382567465e-07
8.344191773255291711e-01 1.527827960787282186e-07
8.359579588439962627e-01 1.461994368261476206e-07
8.374995780831510084e-01 1.397208788813086831e-07
8.390440402761337735e-01 1.333702470569645855e-07
8.405913506657333167e-01 1.271675530774672617e-07
8.421415145044101047e-01 1.211298168902937200e-07
8.436945370543074141e-01 1.152712142347953450e-07
8.452504235872752014e-01 1.096032446345008438e-07
8.468091793848854243e-01 1.041349143896085981e-07
8.483708097384474733e-01 9.887292962013651961e-08
8.499353199490319311e-01 9.382189492543642511e-08
8.515027153274817850e-01 8.898451376225910330e-08
8.530730011944368529e-01 8.436178718367068341e-08
8.546461828803485483e-01 7.995320811106576729e-08
8.562222657254958680e-01 7.575694881906130344e-08
8.578012550800097058e-01 7.177003978975349163e-08
8.593831563038835109e-01 6.798853853207729090e-08
8.609679747669980454e-01 6.440768735933517876e-08
8.625557158491369281e-01 6.102205947151080735e-08
8.641463849400021768e-01 5.782569299755573674e-08
8.657399874392374128e-01 5.481221291737797752e-08
8.673365287564446247e-01 5.197494100543527634e-08
8.689360143111986012e-01 4.930699412003855540e-08
8.705384495330722450e-01 4.680137130786944983e-08
8.721438398616480070e-01 4.445103030538364896e-08
8.737521907465419790e-01 4.224895410111596947e-08
8.753635076474204357e-01 4.018820827948141516e-08
8.769777960340150447e-01 3.826198990090896282e-08
8.785950613861480685e-01 3.646366868871676022e-08
8.802153091937438001e-01 3.478682129343227530e-08
8.818385449568532097e-01 3.322518927554000841e-08
8.834647741856703762e-01 3.177119378465573278e-08
8.850940024005479190e-01 3.041626359184596173e-08
8.867262351320225333e-01 2.915253794840133831e-08
8.883614779208262036e-01 2.797286623410713037e-08
8.899997363179117382e-01 2.687073694500604022e-08
8.916410158844683131e-01 2.584021437883613135e-08
8.932853221919383468e-01 2.487588212272137857e-08
8.949326608220420365e-01 2.397279255837082117e-08
8.965830373667894593e-01 2.312642169630646173e-08
8.982364574285062186e-01 2.233262873438424499e-08
8.998929266198487653e-01 2.158761980892130078e-08
9.015524505638217168e-01 2.088791547042369004e-08
9.032150348938027262e-01 2.023032147154795625e-08
9.048806852535548062e-01 1.961190250359076544e-08
9.065494072972510864e-01 1.902995856035326538e-08
9.082212066894921332e-01 1.848200364555775721e-08
9.098960891053219369e-01 1.796574657269829722e-08
9.115740602302537798e-01 1.747907363494116871e-08
9.132551257602818939e-01 1.702003294794726458e-08
9.149392914019076617e-01 1.658682029069356516e-08
9.166265628721559366e-01 1.617776628894527470e-08
9.183169458985919187e-01 1.579132480327396091e-08
9.200104462193466892e-01 1.542606239873355869e-08
9.217070695831296456e-01 1.508064878676146239e-08
9.234068217492542585e-01 1.475384814174452543e-08
9.251097084876551691e-01 1.444451120522484597e-08
9.268157355789045093e-01 1.415156810003028430e-08
9.285249088142384366e-01 1.387402178488167059e-08
9.302372339955691238e-01 1.361094208736894377e-08
9.319527169355110718e-01 1.336146025969743865e-08
9.336713634573980958e-01 1.312476400740800882e-08
9.353931793953002005e-01 1.290009294642962582e-08
9.371181705940498929e-01 1.268673444841697510e-08
9.388463429092546164e-01 1.248401983842960110e-08
9.405777022073231741e-01 1.229132091265943223e-08
9.423122543654827155e-01 1.210804674718689520e-08
9.440500052717960555e-01 1.193364077166455672e-08
9.457909608251883204e-01 1.176757808444153280e-08
9.475351269354589379e-01 1.160936298798545621e-08
9.492825095233088373e-01 1.145852672555542068e-08
9.510331145203575476e-01 1.131462540196435091e-08
9.527869478691605165e-01 1.117723807295900708e-08
9.545440155232355339e-01 1.104596498926264528e-08
9.563043234470759435e-01 1.092042598269487169e-08
9.580678776161772880e-01 1.080025898300520434e-08
9.598346840170547400e-01 1.068511865516763882e-08
9.616047486472604211e-01 1.057467514787423375e-08
9.633780775154094922e-01 1.046861294486170542e-08
9.651546766411983613e-01 1.036662981151393448e-08
9.669345520554210038e-01 1.026843582990642022e-08
9.687177097999972730e-01 1.017375251611234625e-08
9.705041559279852237e-01 1.008231201418164342e-08
9.722938965036083125e-01 9.993856361725893714e-09
9.740869376022733839e-01 9.908136822522227927e-09
9.758832853105881000e-01 9.824913281971495108e-09
9.776829457263888079e-01 9.743953701624056205e-09
9.794859249587529737e-01 9.665033629329071643e-09
9.812922291280269382e-01 9.587935761859342799e-09
9.831018643658437917e-01 9.512449557132971597e-09
9.849148368151413591e-01 9.438370893384555870e-09
9.867311526301898450e-01 9.365501772842437220e-09
9.885508179766044901e-01 9.293650067646611764e-09
9.903738390313741036e-01 9.222629305888758557e-09
9.922002219828784941e-01 9.152258495786812966e-09
9.940299730309066772e-01 9.082361986107403459e-09
9.958630983866850750e-01 9.012769361034236465e-09
9.976996042728903946e-01 8.943315367746152385e-09
9.995394969236774951e-01 8.873839875012846525e-09
1.001382782584698372e+00 8.804187861147220052e-09
1.003229467513119255e+00 8.734209429668264920e-09
1.005079557977650140e+00 8.663759851025499880e-09
1.006933060258556889e+00 8.592699628727931171e-09
1.008789980647689877e+00 8.520894588190206889e-09
1.010650325448503084e+00 8.448216868218432382e-09
1.012514100976071418e+00 8.374594608573060699e-09
1.014381313557119579e+00 8.300036256338761813e-09
1.016251969530036270e+00 8.224557829024955922e-09
1.018126075244901063e+00 8.148176288197116528e-09
1.020003637063504831e+00 8.070909531388919352e-09
1.021884661359367064e+00 7.992776382747016546e-09
1.023769154517764735e+00 7.913796582396811014e-09
1.025657122935746068e+00 7.833990774519858870e-09
1.027548573022159850e+00 7.753380494135215542e-09
1.029443511197673411e+00 7.671988152580736845e-09
1.031341943894791058e+00 7.589837021692664118e-09
1.033243877557884494e+00 7.506951216682964043e-09
1.035149318643205030e+00 7.423355677719722045e-09
1.037058273618913340e+00 7.339076150215649156e-09
1.038970748965098334e+00 7.254139163834247164e-09
1.040886751173796032e+00 7.168572010226262279e-09
1.042806286749018874e+00 7.082402719510448028e-09
1.044729362206768819e+00 6.995660035517831261e-09
1.046655984075068213e+00 6.908373389819008543e-09
1.048586158893977549e+00 6.820572874560301638e-09
1.050519893215614564e+00 6.732289214134044098e-09
1.052457193604184660e+00 6.643553735713799864e-09
1.054398066635994224e+00 6.554398338687573814e-09
1.056342518899480609e+00 6.464855463024413429e-09
1.058290556995230336e+00 6.374958056613760510e-09
1.060242187536000191e+00 6.284739541619117097e-09
1.062197417146745426e+00 6.194233779890107719e-09
1.064156252464634189e+00 6.103475037481537298e-09
1.066118700139077946e+00 6.012497948327733869e-09
1.068084766831750798e+00 5.921337477126574822e-09
1.070054459216608134e+00 5.830028881487648300e-09
1.072027783979916382e+00 5.738607673401792324e-09
1.074004747820272776e+00 5.647109580092985589e-09
1.075985357448624002e+00 5.555570504314535850e-09
1.077969619588296846e+00 5.464026484153140509e-09
1.079957540975013064e+00 5.372513652408799590e-09
1.081949128356918699e+00 5.281068195616809317e-09
1.083944388494604505e+00 5.189726312783159112e-09
1.085943328161125265e+00 5.098524173904350449e-09
1.087945954142030880e+00 5.007497878343474863e-09
1.089952273235379909e+00 4.916683413138150482e-09
1.091962292251771105e+00 4.826116611313385251e-09
1.093976018014362728e+00 4.735833110276469994e-09
1.095993457358892753e+00 4.645868310370060675e-09
1.098014617133709070e+00 4.556257333659255163e-09
1.100039504199784801e+00 4.467034983031585807e-09
1.102068125430749168e+00 4.378235701684878652e-09
1.104100487712907031e+00 4.289893533081850970e-09
1.106136597945258870e+00 4.202042081447038185e-09
1.108176463039532988e+00 4.114714472881668548e-09
1.110220089920198827e+00 4.027943317173028731e-09
1.112267485524498944e+00 3.941760670370898822e-09
1.114318656802469665e+00 3.856197998205232481e-09
1.116373610716959730e+00 3.771286140416329806e-09
1.118432354243663829e+00 3.687055276066536932e-09
1.120494894371135475e+00 3.603534889903280595e-09
1.122561238100820091e+00 3.520753739837353937e-09
1.124631392447073885e+00 3.438739825602146130e-09
1.126705364437186052e+00 3.357520358653970507e-09
1.128783161111408750e+00 3.277121733372299557e-09
1.130864789522973313e+00 3.197569499616701459e-09
1.132950256738121331e+00 3.118888336692186434e-09
1.135039569836125750e+00 3.041102028773714585e-09
1.137132735909310632e+00 2.964233441836199749e-09
1.139229762063084683e+00 2.888304502132522316e-09
1.141330655415954576e+00 2.813336176259971587e-09
1.143435423099558257e+00 2.739348452850008592e-09
1.145544072258685597e+00 2.666360325914030424e-09
1.147656610051298820e+00 2.594389779872989337e-09
1.149773043648564474e+00 2.523453776294462355e-09
1.151893380234869646e+00 2.453568242357965866e-09
1.154017627007854152e+00 2.384748061063464033e-09
1.156145791178430526e+00 2.317007063195379866e-09
1.158277879970806001e+00 2.250358021049116420e-09
1.160413900622514927e+00 2.184812643922812859e-09
1.162553860384434090e+00 2.120381575374077706e-09
1.164697766520815136e+00 2.057074392235184832e-09
1.166845626309306105e+00 1.994899605377613746e-09
1.168997447040972304e+00 1.933864662212012331e-09
1.171153236020329835e+00 1.873975950904687981e-09
1.173313000565360031e+00 1.815238806289489976e-09
1.175476748007543870e+00 1.757657517447625263e-09
1.177644485691881737e+00 1.701235336925989566e-09
1.179816220976916519e+00 1.645974491559445763e-09
1.181991961234763799e+00 1.591876194859103425e-09
1.184171713851135177e+00 1.538940660925389188e-09
1.186355486225358469e+00 1.487167119840826189e-09
1.188543285770412128e+00 1.436553834493875263e-09
1.190735119912939455e+00 1.387098118783039680e-09
1.192930996093283902e+00 1.338796357145900653e-09
1.195130921765509724e+00 1.291644025356529877e-09
1.197334904397423516e+00 1.245635712531072554e-09
1.199542951470609076e+00 1.200765144278777258e-09
1.201755070480441390e+00 1.157025206934731329e-09
1.203971268936122385e+00 1.114407972806695096e-09
1.206191554360701801e+00 1.072904726368538832e-09
1.208415934291098948e+00 1.032505991329872652e-09
1.210644416278137347e+00 9.932015585103940904e-10
1.212877007886560277e+00 9.549805144471038587e-10
1.215113716695065404e+00 9.178312706604233742e-10
1.217354550296326110e+00 8.817415935057351042e-10
1.219599516297014130e+00 8.466986422018924656e-10
1.221848622317833755e+00 8.126918169035829189e-10
1.224101875993538480e+00 7.797163008436531196e-10
1.226359284972964314e+00 7.477662213867937413e-10
1.228620856919053317e+00 7.168336327687874750e-10
1.230886599508874912e+00 6.869086801301521875e-10
1.233156520433661196e+00 6.579797596396696846e-10
1.235430627398822923e+00 6.300336741958572752e-10
1.237708928123984586e+00 6.030557842624880659e-10
1.239991430343006629e+00 5.770301534614578018e-10
1.242278141804007641e+00 5.519396886086799588e-10
1.244569070269400557e+00 5.277662739381891724e-10
1.246864223515907533e+00 5.044908993164294805e-10
1.249163609334596137e+00 4.820937822999400441e-10
1.251467235530901778e+00 4.605544839393701481e-10
1.253775109924650133e+00 4.398520182769421372e-10
1.256087240350092893e+00 4.199649555257224066e-10
1.258403634655923975e+00 4.008715189568966900e-10
1.260724300705315271e+00 3.825496755543879621e-10
1.263049246375939516e+00 3.649772205270100424e-10
1.265378479559992719e+00 3.481318557948553850e-10
1.267712008164231019e+00 3.319912625900889617e-10
1.270049840109985784e+00 3.165331683331139154e-10
1.272391983333200471e+00 3.017354079619248460e-10
1.274738445784453722e+00 2.875759799075829195e-10
1.277089235428982006e+00 2.740330969203782894e-10
1.279444360246715817e+00 2.610852319607174130e-10
1.281803828232297215e+00 2.487111593762983321e-10
1.284167647395114464e+00 2.368899915917439658e-10
1.286535825759326679e+00 2.256012115404846294e-10
1.288908371363886696e+00 2.148247010698156793e-10
1.291285292262577489e+00 2.045407655499071325e-10
1.293666596524029044e+00 1.947301549161649104e-10
1.296052292231754555e+00 1.853740813711564827e-10
1.298442387484175065e+00 1.764542339687079353e-10
1.300836890394641454e+00 1.679527902975969085e-10
1.303235809091472630e+00 1.598524254766166028e-10
1.305639151717971291e+00 1.521363186664199328e-10
1.308046926432462342e+00 1.447881572963052339e-10
1.310459141408314876e+00 1.377921391968495442e-10
1.312875804833967042e+00 1.311329728212535794e-10
1.315296924912961796e+00 1.247958757301194995e-10
1.317722509863970437e+00 1.187665715061572568e-10
1.320152567920816589e+00 1.130312852567465432e-10
1.322587107332513279e+00 1.075767378537538303e-10
1.325026136363280926e+00 1.023901390516836704e-10
1.327469663292583979e+00 9.745917961658531713e-11
1.329917696415155115e+00 9.277202259005579404e-11
1.332370244041020335e+00 8.831729380440351555e-11
1.334827314495534933e+00 8.408407175711217180e-11
1.337288916119402593e+00 8.006187694509716359e-11
1.339755057268712024e+00 7.624066075167122959e-11
1.342225746314962054e+00 7.261079397202056541e-11
1.344700991645085164e+00 6.916305505605555774e-11
1.347180801661486349e+00 6.588861814084212526e-11
1.349665184782059990e+00 6.277904093861554472e-11
1.352154149440228270e+00 5.982625254026806350e-11
1.354647704084966264e+00 5.702254118861706477e-11
1.357145857180825255e+00 5.436054207035995995e-11
1.359648617207972254e+00 5.183322517054955030e-11
1.362155992662207327e+00 4.943388322875170921e-11
1.364667992055001777e+00 4.715611983152650704e-11
1.367184623913523689e+00 4.499383767180881871e-11
1.369705896780661902e+00 4.294122700185841621e-11
1.372231819215064874e+00 4.099275430288893702e-11
1.374762399791159329e+00 3.914315119119988069e-11
1.377297647099188227e+00 3.738740357753869248e-11
1.379837569745235859e+00 3.572074109366610210e-11
1.382382176351253822e+00 3.413862679749165242e-11
1.384931475555098768e+00 3.263674716580186492e-11
1.387485476010551055e+00 3.121100238149755132e-11
1.390044186387354497e+00 2.985749692026964104e-11
1.392607615371240781e+00 2.857253043993858527e-11
1.395175771663954789e+00 2.735258897408175570e-11
1.397748663983294781e+00 2.619433643016186592e-11
1.400326301063129719e+00 2.509460639113953267e-11
1.402908691653439455e+00 2.405039421840370403e-11
1.405495844520339821e+00 2.305884945290714779e-11
1.408087768446108390e+00 2.211726851051913657e-11
1.410684472229224440e+00 2.122308766686205341e-11
1.413285964684386498e+00 2.037387632628273490e-11
1.415892254642553194e+00 1.956733056903428731e-11
1.418503350950969022e+00 1.880126697032357741e-11
1.421119262473188760e+00 1.807361668448246248e-11
1.423739998089119441e+00 1.738241978722732973e-11
1.426365566695037668e+00 1.672581986874814130e-11
1.428995977203630252e+00 1.610205887017365791e-11
1.431631238544020190e+00 1.550947215586162859e-11
1.434271359661793088e+00 1.494648381387777081e-11
1.436916349519036684e+00 1.441160217700141534e-11
1.439566217094360168e+00 1.390341555661703696e-11
1.442220971382935479e+00 1.342058818188183253e-11
1.444880621396522402e+00 1.296185633664972191e-11
1.447545176163495206e+00 1.252602468672618935e-11
1.450214644728883950e+00 1.211196279015567791e-11
1.452889036154392244e+00 1.171860178339737520e-11
1.455568359518440102e+00 1.134493123639661873e-11
1.458252623916189039e+00 1.098999616975043964e-11
1.460941838459568265e+00 1.065289422735122643e-11
1.463636012277315990e+00 1.033277299809201211e-11
1.466335154515004291e+00 1.002882748043741596e-11
1.469039274335067091e+00 9.740297683874709193e-12
1.471748380916840349e+00 9.466466361484694839e-12
1.474462483456582484e+00 9.206656868107396058e-12
1.477181591167515240e+00 8.960231138801454320e-12
1.479905713279851209e+00 8.726587782539171899e-12
1.482634859040820041e+00 8.505160286313333322e-12
1.485369037714710183e+00 8.295415325069386575e-12
1.488108258582889087e+00 8.096851173123336054e-12
1.490852530943844512e+00 7.908996212958381005e-12
1.493601864113212274e+00 7.731407537543366260e-12
1.496356267423802455e+00 7.563669642554555001e-12
1.499115750225642696e+00 7.405393205124606888e-12
1.501880321885996850e+00 7.256213945993306441e-12
1.504649991789408059e+00 7.115791572173308989e-12
1.507424769337725845e+00 6.983808797498639371e-12
1.510204663950132975e+00 6.859970438670575022e-12
1.512989685063189205e+00 6.744002584670090543e-12
1.515779842130850152e+00 6.635651837666748134e-12
1.518575144624510376e+00 6.534684623813208699e-12
1.521375602033031127e+00 6.440886572587657470e-12
1.524181223862767665e+00 6.354061963622578210e-12
1.526992019637612330e+00 6.274031764559957892e-12
1.529807998899014754e+00 6.200576542628687658e-12
1.532629171206024932e+00 6.133421142280789085e-12
1.535455546135320981e+00 6.072307389261456990e-12
1.538287133281237118e+00 6.016997842058464596e-12
1.541123942255806956e+00 5.967274346627364887e-12
1.543965982688783711e+00 5.922936714578703995e-12
1.546813264227684170e+00 5.883801513644612885e-12
1.549665796537815998e+00 5.849700960322263825e-12
1.552523589302306606e+00 5.820481905553059888e-12
1.555386652222146449e+00 5.796004905161398958e-12
1.558254995016209676e+00 5.776143367552613441e-12
1.561128627421298320e+00 5.760782771862964381e-12
1.564007559192170271e+00 5.749819950379599768e-12
1.566891800101567256e+00 5.743162429608037524e-12
1.569781359940260579e+00 5.740727824867726502e-12
1.572676248517069997e+00 5.742443283748131485e-12
1.575576475658908793e+00 5.748244974164151959e-12
1.578482051210812642e+00 5.758077613114309511e-12
1.581392985035968035e+00 5.771894032573064950e-12
1.584309287015757128e+00 5.789654779244160732e-12
1.587230967049777286e+00 5.811327745165448753e-12
1.590158035055888153e+00 5.836887826394936037e-12
1.593090500970238521e+00 5.866316607220093278e-12
1.596028374747296086e+00 5.899602067525135553e-12
1.598971666359892296e+00 5.936738311122211783e-12
1.601920385799243451e+00 5.977725313006576974e-12
1.604874543074995996e+00 6.022568683633354631e-12
1.607834148215255166e+00 6.071279448436925144e-12
1.610799211266614961e+00 6.123873840922739716e-12
1.613769742294203002e+00 6.180373107760815727e-12
1.616745751381701401e+00 6.240803324394290661e-12
1.619727248631393612e+00 6.305195219756166764e-12
1.622714244164192410e+00 6.373584008752868881e-12
1.625706748119670308e+00 6.446009231234033229e-12
1.628704770656103307e+00 6.522514596221078355e-12
1.631708321950500862e+00 6.603147830210424155e-12
1.634717412198635200e+00 6.687960528410407918e-12
1.637732051615087281e+00 6.777008007802049605e-12
1.640752250433268777e+00 6.870349160945721595e-12
1.643778018905468041e+00 6.968046309480600804e-12
1.646809367302880078e+00 7.070165056284412134e-12
1.649846305915636524e+00 7.176774135280686421e-12
1.652888845052851385e+00 7.287945257896381990e-12
1.655936995042644355e+00 7.403752955183822878e-12
1.658990766232185887e+00 7.524274414636392982e-12
1.662050168987728282e+00 7.649589310732456323e-12
1.665115213694635443e+00 7.779779628254717393e-12
1.668185910757430168e+00 7.914929477439348942e-12
1.671262270599815913e+00 8.055124900015652730e-12
1.674344303664723865e+00 8.200453665208959510e-12
1.677432020414342917e+00 8.351005054784172694e-12
1.680525431330151198e+00 8.506869636221175010e-12
1.683624546912962705e+00 8.668139023123397096e-12
1.686729377682949282e+00 8.834905621973762014e-12
1.689839934179689029e+00 9.007262364370634102e-12
1.692956226962195831e+00 9.185302423892658237e-12
1.696078266608951335e+00 9.369118916766275033e-12
1.699206063717951354e+00 9.558804585535201128e-12
1.702339628906729851e+00 9.754451464960003575e-12
1.705478972812405569e+00 9.956150529415306378e-12
1.708624106091713779e+00 1.016399132108929176e-11
1.711775039421036926e+00 1.037806155833780730e-11
1.714931783496453033e+00 1.059844672360147191e-11
1.718094349033758128e+00 1.082522963034810363e-11
1.721262746768515095e+00 1.105848996857656132e-11
1.724436987456084536e+00 1.129830382848748698e-11
1.727617081871655857e+00 1.154474320201282545e-11
1.730803040810296789e+00 1.179787546198844374e-11
1.733994875086975362e+00 1.205776281885144869e-11
1.737192595536609208e+00 1.232446175485962266e-11
1.740396213014097304e+00 1.259802243594595529e-11
1.743605738394350402e+00 1.287848810145497162e-11
1.746821182572342090e+00 1.316589443214875081e-11
1.750042556463130117e+00 1.346026889701924631e-11
1.753269871001906344e+00 1.376163007961048283e-11
1.756503137144029170e+00 1.406998698472368680e-11
1.759742365865053948e+00 1.438533832656459720e-11
1.762987568160784280e+00 1.470767179958897232e-11
1.766238755047294218e+00 1.503696333350323058e-11
1.769495937560978005e+00 1.537317633409817413e-11
1.772759126758582937e+00 1.571626091181656104e-11
1.776028333717240670e+00 1.606615310018928696e-11
1.779303569534517848e+00 1.642277406652348226e-11
1.782584845328439638e+00 1.678602931747004132e-11
1.785872172237539246e+00 1.715580790236213923e-11
1.789165561420891226e+00 1.753198161747636815e-11
1.792465024058143452e+00 1.791440421463615525e-11
1.795770571349567968e+00 1.830291061785213842e-11
1.799082214516083633e+00 1.869731615195560435e-11
1.802399964799308973e+00 1.909741578746722985e-11
1.805723833461592154e+00 1.950298340619359936e-11
1.809053831786046285e+00 1.991377109232315454e-11
1.812389971076596717e+00 2.032950845403852334e-11
1.815732262658015461e+00 2.074990198091123803e-11
1.819080717875952713e+00 2.117463444257573206e-11
1.822435348096989705e+00 2.160336433440260506e-11
1.825796164708661129e+00 2.203572537607604970e-11
1.829163179119507765e+00 2.247132606917414906e-11
1.832536402759109118e+00 2.290974931998348705e-11
1.835915847078116947e+00 2.335055213391386965e-11
1.839301523548307005e+00 2.379326538796508171e-11
1.842693443662602792e+00 2.423739368774383581e-11
1.846091618935128187e+00 2.468241531555822110e-11
1.849496060901240524e+00 2.512778227606944587e-11
1.852906781117564572e+00 2.557292044591916211e-11
1.856323791162044046e+00 2.601722983361937435e-11
1.859747102633967142e+00 2.646008495580966800e-11
1.863176727154017387e+00 2.690083533575751177e-11
1.866612676364309609e+00 2.733880612967616277e-11
1.870054961928421688e+00 2.777329888608015879e-11
1.873503595531448518e+00 2.820359244298112167e-11
1.876958588880026424e+00 2.862894396722892336e-11
1.880419953702385794e+00 2.904859013976382855e-11
1.883887701748385934e+00 2.946174848990699954e-11
1.887361844789548382e+00 2.986761888113740759e-11
1.890842394619110634e+00 3.026538515003908688e-11
1.894329363052050796e+00 3.065421689927101482e-11
1.897822761925141322e+00 3.103327144453348153e-11
1.901322603096983199e+00 3.140169591452956583e-11
1.904828898448040375e+00 3.175862950192548509e-11
1.908341659880693708e+00 3.210320586222791222e-11
1.911860899319266505e+00 3.243455565637957493e-11
1.915386628710076700e+00 3.275180923171359488e-11
1.918918860021474382e+00 3.305409943469097861e-11
1.922457605243873546e+00 3.334057697238013721e-11
1.926002876389809160e+00 3.361067438629485390e-11
1.929554685493960475e+00 3.386411119591803318e-11
1.933113044613206100e+00 3.410064733186750081e-11
1.936677965826659520e+00 3.432007268073521308e-11
1.940249461235703743e+00 3.452220725142258930e-11
1.943827542964046140e+00 3.470690125036763189e-11
1.947412223157743982e+00 3.487403506707476507e-11
1.951003513985259508e+00 3.502351917170854385e-11
1.954601427637495004e+00 3.515529392684436839e-11
1.958205976327828557e+00 3.526932931579314812e-11
1.961817172292169786e+00 3.536562459020290912e-11
1.965435027788984268e+00 3.544420783991956352e-11
1.969059555099350378e+00 3.550513548833989582e-11
1.972690766526994377e+00 3.554849171671694647e-11
1.976328674398325935e+00 3.557438782108294619e-11
1.979973291062494534e+00 3.558296150563649445e-11
1.983624628891414998e+00 3.557437611659908091e-11
1.987282700279824121e+00 3.554881982067381539e-11
1.990947517645315745e+00 3.550650473235319592e-11
1.994619093428377399e+00 3.544766599440455721e-11
1.998297440092444699e+00 3.537256081592313121e-11
2.001982570123937766e+00 3.528146747238427524e-11
2.005674496032297416e+00 3.517468427213748673e-11
2.009373230350040451e+00 3.505252849378337603e-11
2.013078785632789192e+00 3.491533529885056736e-11
2.016791174459324321e+00 3.476345662413677145e-11
2.020510409431624854e+00 3.459726005802402229e-11
2.024236503174902779e+00 3.441712770498607214e-11
2.027969468337661230e+00 3.422345504241608021e-11
2.031709317591720687e+00 3.401664977378441763e-11
2.035456063632275825e+00 3.379713068201152637e-11
2.039209719177933255e+00 3.356532648679580021e-11
2.042970296970748389e+00 3.332167470949454226e-11
2.046737809776283168e+00 3.306662054897958651e-11
2.050512270383631819e+00 3.280061577173690498e-11
2.054293691605480809e+00 3.252411761927947980e-11
2.058082086278143930e+00 3.223758773577776843e-11
2.061877467261600927e+00 3.194149111861149236e-11
2.065679847439555239e+00 3.163629509435054747e-11
2.069489239719461970e+00 3.132246832248694509e-11
2.073305657032585181e+00 3.100047982902925280e-11
2.077129112334035188e+00 3.067079807188203177e-11
2.080959618602807648e+00 3.033389003972597264e-11
2.084797188841842619e+00 2.999022038592472302e-11
2.088641836078048541e+00 2.964025059878801540e-11
2.092493573362366188e+00 2.928443820932122462e-11
2.096352413769801970e+00 2.892323603742150790e-11
2.100218370399468792e+00 2.855709147727908119e-11
2.104091456374645119e+00 2.818644582257584153e-11
2.107971684842801174e+00 2.781173363190464172e-11
2.111859068975659781e+00 2.743338213465478667e-11
2.115753621969233667e+00 2.705181067746732023e-11
2.119655357043865429e+00 2.666743021120238396e-11
2.123564287444284826e+00 2.628064281822191465e-11
2.127480426439639416e+00 2.589184127965639798e-11
2.131403787323552290e+00 2.550140868219742990e-11
2.135334383414162929e+00 2.510971806383878158e-11
2.139272228054163616e+00 2.471713209788439038e-11
2.143217334610861613e+00 2.432400281442557444e-11
2.147169716476206691e+00 2.393067135842149656e-11
2.151129387066851528e+00 2.353746778340520172e-11
2.155096359824190788e+00 2.314471087978533025e-11
2.159070648214400645e+00 2.275270803662976921e-11
2.163052265728499179e+00 2.236175513576592878e-11
2.167041225882375244e+00 2.197213647698146199e-11
2.171037542216848859e+00 2.158412473305731777e-11
2.175041228297712070e+00 2.119798093334092926e-11
2.179052297715766251e+00 2.081395447452744676e-11
2.183070764086886495e+00 2.043228315729758331e-11
2.187096641052046486e+00 2.005319324745186806e-11
2.191129942277384224e+00 1.967689956015705943e-11
2.195170681454239325e+00 1.930360556593390202e-11
2.199218872299192551e+00 1.893350351700478408e-11
2.203274528554130196e+00 1.856677459262878625e-11
2.207337663986269849e+00 1.820358906207428254e-11
2.211408292388226560e+00 1.784410646387782922e-11
2.215486427578048811e+00 1.748847580007776933e-11
2.219572083399262041e+00 1.713683574412067716e-11
2.223665273720926816e+00 1.678931486117463942e-11
2.227766012437680576e+00 1.644603183961375282e-11
2.231874313469778048e+00 1.610709573246993152e-11
2.235990190763152974e+00 1.577260620768451395e-11
2.240113658289448750e+00 1.544265380603518165e-11
2.244244730046080605e+00 1.511732020564748452e-11
2.248383420056277782e+00 1.479667849204671198e-11
2.252529742369122623e+00 1.448079343274988878e-11
2.256683711059615849e+00 1.416972175543588255e-11
2.260845340228703648e+00 1.386351242878534201e-11
2.265014644003345179e+00 1.356220694511818892e-11
2.269191636536549872e+00 1.326583960401154215e-11
2.273376332007421841e+00 1.297443779611984371e-11
2.277568744621220720e+00 1.268802228646661675e-11
2.281768888609395862e+00 1.240660749652499360e-11
2.285976778229645401e+00 1.213020178444640781e-11
2.290192427765962879e+00 1.185880772284193337e-11
2.294415851528675443e+00 1.159242237356667589e-11
2.298647063854509565e+00 1.133103755899382085e-11
2.302886079106622130e+00 1.107464012931706311e-11
2.307132911674663944e+00 1.082321222544953061e-11
2.311387575974821917e+00 1.057673153713508853e-11
2.315650086449862144e+00 1.033517155592278238e-11
2.319920457569194294e+00 1.009850182269046778e-11
2.324198703828902257e+00 9.866688169443802777e-12
2.328484839751808533e+00 9.639692955145240096e-12
2.332778879887519974e+00 9.417475295365014292e-12
2.337080838812465533e+00 9.199991285575397693e-12
2.341390731129965985e+00 8.987194217936494131e-12
2.345708571470262349e+00 8.779034791456579294e-12
2.350034374490582945e+00 8.575461315428325436e-12
2.354368154875186914e+00 8.376419906075282039e-12
2.358709927335404632e+00 8.181854676360773289e-12
2.363059706609706545e+00 7.991707918935881673e-12
2.367417507463733362e+00 7.805920282225666282e-12
2.371783344690362227e+00 7.624430939667025183e-12
2.376157233109750244e+00 7.447177752136365278e-12
2.380539187569378878e+00 7.274097423615623178e-12
2.384929222944119243e+00 7.105125650163189599e-12
2.389327354136263182e+00 6.940197262272130611e-12
2.393733596075592995e+00 6.779246360705711700e-12
2.398147963719423181e+00 6.622206445917718559e-12
2.402570472052643513e+00 6.469010541171387052e-12
2.407001136087788318e+00 6.319591309480483889e-12
2.411439970865067561e+00 6.173881164507651970e-12
2.415886991452434351e+00 6.031812375557072297e-12
2.420342212945628457e+00 5.893316468790862597e-12
2.424805650468222495e+00 5.758311828717584913e-12
2.429277319171686766e+00 5.626706493854429693e-12
2.433757234235425226e+00 5.498410567851016959e-12
2.438245410866840324e+00 5.373336606533562263e-12
2.442741864301380517e+00 5.251399549916948080e-12
2.447246609802581130e+00 5.132516656109743927e-12
2.451759662662137629e+00 5.016607437058829301e-12
2.456281038199933597e+00 4.903593596085584814e-12
2.460810751764113569e+00 4.793398967160810512e-12
2.465348818731125213e+00 4.685949455872859490e-12
2.469895254505765081e+00 4.581172982041084621e-12
2.474450074521245657e+00 4.478999423928525114e-12
2.479013294239240661e+00 4.379360564010573115e-12
2.483584929149929454e+00 4.282190036256269299e-12
2.488164994772067651e+00 4.187423274878972547e-12
2.492753506653019535e+00 4.094997464517884858e-12
2.497350480368827785e+00 4.004851491808534501e-12
2.501955931524260102e+00 3.916925898304910235e-12
2.506569875752853171e+00 3.831162834715482288e-12
2.511192328716985500e+00 3.747506016415808571e-12
2.515823306107907165e+00 3.665900680203659085e-12
2.520462823645814421e+00 3.586293542260196710e-12
2.525110897079891892e+00 3.508632757285357841e-12
2.529767542188362306e+00 3.432867878773897724e-12
2.534432774778553554e+00 3.358949820399990695e-12
2.539106610686935550e+00 3.286830818480298639e-12
2.543789065779189951e+00 3.216464395484726306e-12
2.548480155950257231e+00 3.147805324566017976e-12
2.553179897124382869e+00 3.080809595079720748e-12
2.557888305255187511e+00 3.015434379066450494e-12
2.562605396325703833e+00 2.951637998670317454e-12
2.567331186348446703e+00 2.889379894466506929e-12
2.572065691365459372e+00 2.828620594673217430e-12
2.576808927448362319e+00 2.769321685223179631e-12
2.581560910698423861e+00 2.711445780670069964e-12
2.586321657246594352e+00 2.654956495907648145e-12
2.591091183253580787e+00 2.599818418677343633e-12
2.595869504909892100e+00 2.545997082843743575e-12
2.600656638435886236e+00 2.493458942415461369e-12
2.605452600081845649e+00 2.442171346290719635e-12
2.610257406128008828e+00 2.392102513707811439e-12
2.615071072884645353e+00 2.343221510379913321e-12
2.619893616692102967e+00 2.295498225295663198e-12
2.624725053920855533e+00 2.248903348166931972e-12
2.629565400971577649e+00 2.203408347504819028e-12
2.634414674275176171e+00 2.158985449307279930e-12
2.639272890292869711e+00 2.115607616340524807e-12
2.644140065516230820e+00 2.073248527997830810e-12
2.649016216467238394e+00 2.031882560719619633e-12
2.653901359698350504e+00 1.991484768958621613e-12
2.658795511792538591e+00 1.952030866675672968e-12
2.663698689363364736e+00 1.913497209350161539e-12
2.668610909055027847e+00 1.875860776491638975e-12
2.673532187542412952e+00 1.839099154638110366e-12
2.678462541531166696e+00 1.803190520827148473e-12
2.683401987757732421e+00 1.768113626527087187e-12
2.688350542989425662e+00 1.733847782014830925e-12
2.693308224024483888e+00 1.700372841188146699e-12
2.698275047692113571e+00 1.667669186800088917e-12
2.703251030852567904e+00 1.635717716103538136e-12
2.708236190397181442e+00 1.604499826894799949e-12
2.713230543248447812e+00 1.573997403944424556e-12
2.718234106360066793e+00 1.544192805805030257e-12
2.723246896716995824e+00 1.515068851985067739e-12
2.728268931335525060e+00 1.486608810478436807e-12
2.733300227263314230e+00 1.458796385640086754e-12
2.738340801579469908e+00 1.431615706397527802e-12
2.743390671394594360e+00 1.405051314789293942e-12
2.748449853850836178e+00 1.379088154820870685e-12
2.753518366121964878e+00 1.353711561629124003e-12
2.758596225413419756e+00 1.328907250946893061e-12
2.763683448962361844e+00 1.304661308859132996e-12
2.768780054037750737e+00 1.280960181842216213e-12
2.773886057940381011e+00 1.257790667078981887e-12
2.779001478002960823e+00 1.235139903041261060e-12
2.784126331590162096e+00 1.212995360332696655e-12
2.789260636098670698e+00 1.191344832784551719e-12
2.794404408957266828e+00 1.170176428797137790e-12
2.799557667626858759e+00 1.149478562920454980e-12
2.804720429600564557e+00 1.129239947666768571e-12
2.809892712403761816e+00 1.109449585549196153e-12
2.815074533594138728e+00 1.090096761339572349e-12
2.820265910761774020e+00 1.071171034539574671e-12
2.825466861529172036e+00 1.052662232059232808e-12
2.830677403551346227e+00 1.034560441096873156e-12
2.835897554515865782e+00 1.016856002214969440e-12
2.841127332142912021e+00 9.995395026063840253e-13
2.846366754185353898e+00 9.826017695456519093e-13
2.851615838428789296e+00 9.660338640201504463e-13
2.856874602691622744e+00 9.498270745362173703e-13
2.862143064825118710e+00 9.339729110951039801e-13
2.867421242713453111e+00 9.184630993343606105e-13
2.872709154273794141e+00 9.032895748296474825e-13
2.878006817456340460e+00 8.884444775528448238e-13
2.883314250244401133e+00 8.739201464818640973e-13
2.888631470654450251e+00 8.597091143580441230e-13
2.893958496736176222e+00 8.458041025870182051e-13
2.899295346572567045e+00 8.321980162789537186e-13
2.904642038279944938e+00 8.188839394244602232e-13
2.909998590008051167e+00 8.058551302021857994e-13
2.915365019940096225e+00 7.931050164146158798e-13
2.920741346292815344e+00 7.806271910484310199e-13
2.926127587316548873e+00 7.684154079558804258e-13
2.931523761295281361e+00 7.564635776540221560e-13
2.936929886546725488e+00 7.447657632383134687e-13
2.942345981422372247e+00 7.333161764075638949e-13
2.947772064307548678e+00 7.221091735970831706e-13
2.953208153621496468e+00 7.111392522169765281e-13
2.958654267817415029e+00 7.004010469928386262e-13
2.964110425382541436e+00 6.898893264057711517e-13
2.969576644838206825e+00 6.795989892292209426e-13
2.975052944739887906e+00 6.695250611598017624e-13
2.980539343677293562e+00 6.596626915395075163e-13
2.986035860274401266e+00 6.500071501669466406e-13
2.991542513189543673e+00 6.405538241948819652e-13
2.997059321115461472e+00 6.312982151119554885e-13
3.002586302779358451e+00 6.222359358061223817e-13
3.008123476942985430e+00 6.133627077075753116e-13
3.013670862402681561e+00 6.046743580090009638e-13
3.019228477989456039e+00 5.961668169610037752e-13
3.024796342569047169e+00 5.878361152406624501e-13
3.030374475041973881e+00 5.796783813912229994e-13
3.035962894343622764e+00 5.716898393308809495e-13
3.041561619444286713e+00 5.638668059289286877e-13
3.047170669349252847e+00 5.562056008430673820e-13
3.052790063098856699e+00 5.487011245815730476e-13
3.058419819768535497e+00 5.413471809073319485e-13
3.064059958468916101e+00 5.341377663646327602e-13
3.069710498345866512e+00 5.270671026968518791e-13
3.075371458580552275e+00 5.201296277289003566e-13
3.081042858389525740e+00 5.133199867379077284e-13
3.086724717024763365e+00 5.066330242860530245e-13
3.092417053773754532e+00 5.000637764906583751e-13
3.098119887959558394e+00 4.936074637082634915e-13
3.103833238940857608e+00 4.872594836105829190e-13
3.109557126112048042e+00 4.810154046313326260e-13
3.115291568903278741e+00 4.748709597642854372e-13
3.121036586780539857e+00 4.688220406936778843e-13
3.126792199245720383e+00 4.628646922392634534e-13
3.132558425836662330e+00 4.569951070991395454e-13
3.138335286127252655e+00 4.512096208742838589e-13
3.144122799727460560e+00 4.455047073596685075e-13
3.149920986283429869e+00 4.398769740874043664e-13
3.155729865477533203e+00 4.343231581081724046e-13
3.161549457028432375e+00 4.288401219978332796e-13
3.167379780691163660e+00 4.234248500766713224e-13
3.173220856257183087e+00 4.180744448293450827e-13
3.179072703554453483e+00 4.127861235141376828e-13
3.184935342447503537e+00 4.075572149506145406e-13
3.190808792837485530e+00 4.023851564752216270e-13
3.196693074662264156e+00 3.972674910548550762e-13
3.202588207896460037e+00 3.922018645488243931e-13
3.208494212551539437e+00 3.871860231099909184e-13
3.214411108675871542e+00 3.822178107162865492e-13
3.220338916354788417e+00 3.772951668241395649e-13
3.226277655710675596e+00 3.724161241355896229e-13
3.232227346903012943e+00 3.675788064713586638e-13
3.238188010128467464e+00 3.627814267422019191e-13
3.244159665620951927e+00 3.580222850113526899e-13
3.250142333651682591e+00 3.532997666410224377e-13
3.256136034529272028e+00 3.486123405161463878e-13
3.262140788599771746e+00 3.439585573389529389e-13
3.268156616246763679e+00 3.393370479879430473e-13
3.274183537891419693e+00 3.347465219353137794e-13
3.280221573992561979e+00 3.301857657169351463e-13
3.286270745046753206e+00 3.256536414491855787e-13
3.292331071588342706e+00 3.211490853872994597e-13
3.298402574189557068e+00 3.166711065198687200e-13
3.304485273460561423e+00 3.122187851945376348e-13
3.310579190049518505e+00 3.077912717699879685e-13
3.316684344642682358e+00 3.033877852895008919e-13
3.322800757964441853e+00 2.990076121717026376e-13
3.328928450777414838e+00 2.946501049140780393e-13
3.335067443882507199e+00 2.903146808052348984e-13
3.341217758118976366e+00 2.860008206419191376e-13
3.347379414364521466e+00 2.817080674470425213e-13
3.353552433535330835e+00 2.774360251852135896e-13
3.359736836586174835e+00 2.731843574723156062e-13
3.365932644510466698e+00 2.689527862760207099e-13
3.372139878340325581e+00 2.647410906042365391e-13
3.378358559146665385e+00 2.605491051786358368e-13
3.384588708039258265e+00 2.563767190907495795e-13
3.390830346166795906e+00 2.522238744381845976e-13
3.397083494716983232e+00 2.480905649387485470e-13
3.403348174916586366e+00 2.439768345205474640e-13
3.409624408031525000e+00 2.398827758862159539e-13
3.415912215366937676e+00 2.358085290497552500e-13
3.422211618267240407e+00 2.317542798445964554e-13
3.428522638116226595e+00 2.277202584017257924e-13
3.434845296337109222e+00 2.237067375970252696e-13
3.441179614392619879e+00 2.197140314670184971e-13
3.447525613785069609e+00 2.157424935926321684e-13
3.453883316056412411e+00 2.117925154506712441e-13
3.460252742788342495e+00 2.078645247329626538e-13
3.466633915602340466e+00 2.039589836334145475e-13
3.473026856159768361e+00 2.000763871033305470e-13
3.479431586161937151e+00 1.962172610756851864e-13
3.485848127350165360e+00 1.923821606591981218e-13
3.492276501505880759e+00 1.885716683032748622e-13
3.498716730450663892e+00 1.847863919351606636e-13
3.505168836046349323e+00 1.810269630707769890e-13
3.511632840195086480e+00 1.772940349010266650e-13
3.518108764839405378e+00 1.735882803554756198e-13
3.524596631962314319e+00 1.699103901455476370e-13
3.531096463587348300e+00 1.662610707896218590e-13
3.537608281778665820e+00 1.626410426224996858e-13
3.544132108641116830e+00 1.590510377920121308e-13
3.550667966320302238e+00 1.554917982456350732e-13
3.557215877002679161e+00 1.519640737101441820e-13
3.563775862915603998e+00 1.484686196675787285e-13
3.570347946327433686e+00 1.450061953308058694e-13
3.576932149547592310e+00 1.415775616222224498e-13
3.583528494926633723e+00 1.381834791591930483e-13
3.590137004856344127e+00 1.348247062499274406e-13
3.596757701769788262e+00 1.315019969036577003e-13
3.603390608141412432e+00 1.282160988589558452e-13
3.610035746487107122e+00 1.249677516342176660e-13
3.616693139364276277e+00 1.217576846042985193e-13
3.623362809371935445e+00 1.185866151073432062e-13
3.630044779150761958e+00 1.154552465859320843e-13
3.636739071383197075e+00 1.123642667665661332e-13
3.643445708793511262e+00 1.093143458815971690e-13
3.650164714147869915e+00 1.063061349376292982e-13
3.656896110254438170e+00 1.033402640343509997e-13
3.663639919963426195e+00 1.004173407377749440e-13
3.670396166167195773e+00 9.753794851166590888e-14
3.677164871800324697e+00 9.470264521094813347e-14
3.683946059839672937e+00 9.191196164069296382e-14
3.690739753304489668e+00 8.916640018417615536e-14
3.697545975256459005e+00 8.646643350336810603e-14
3.704364748799803930e+00 8.381250331500723822e-14
3.711196097081356893e+00 8.120501924526957433e-14
3.718040043290623320e+00 7.864435776584171482e-14
3.724896610659888641e+00 7.613086121394597148e-14
3.731765822464267135e+00 7.366483689873591222e-14
3.738647702021806296e+00 7.124655629613823328e-14
3.745542272693555663e+00 6.887625433405433145e-14
3.752449557883634768e+00 6.655412876952628352e-14
3.759369581039333053e+00 6.428033965920442159e-14
3.766302365651181816e+00 6.205500892420793431e-14
3.773247935253020380e+00 5.987822001015194383e-14
3.780206313422101783e+00 5.775001764282694619e-14
3.787177523779144295e+00 5.567040767974521069e-14
3.794161589988437555e+00 5.363935705742624793e-14
3.801158535757910961e+00 5.165679383403975264e-14
3.808168384839202947e+00 4.972260732667979575e-14
3.815191161027768896e+00 4.783664834225627028e-14
3.822226888162930880e+00 4.599872950070928495e-14
3.829275590127985129e+00 4.420862564891277441e-14
3.836337290850271753e+00 4.246609239622675613e-14
3.843412014301244906e+00 4.077111848277617825e-14
3.850499784496580702e+00 3.912381822094361521e-14
3.857600625496228286e+00 3.752419869730538256e-14
3.864714561404516857e+00 3.597215996039792626e-14
3.871841616370228945e+00 3.446750172057019396e-14
3.878981814586668353e+00 3.300993000650638230e-14
3.886135180291769853e+00 3.159906375014691003e-14
3.893301737768150694e+00 3.023444127421839706e-14
3.900481511343220742e+00 2.891552665896902716e-14
3.907674525389252640e+00 2.764171596712862338e-14
3.914880804323453312e+00 2.641234330843013264e-14
3.922100372608073204e+00 2.522668672729668600e-14
3.929333254750459137e+00 2.408397389952152198e-14
3.936579475303165321e+00 2.298338762583513722e-14
3.943839058864023084e+00 2.192407111231582139e-14
3.951112030076214143e+00 2.090513302948057296e-14
3.958398413628381629e+00 1.992565234372100348e-14
3.965698234254681598e+00 1.898468291645812906e-14
3.973011516734894943e+00 1.808125786795891655e-14
3.980338285894500672e+00 1.721439370426209969e-14
3.987678566604746067e+00 1.638309420700710765e-14
3.995032383782762153e+00 1.558635408721319560e-14
4.002399762391612548e+00 1.482316240521149165e-14
4.009780727440409365e+00 1.409250575993671903e-14
4.017175303984384271e+00 1.339337125173690518e-14
4.024583517124963095e+00 1.272474922365551525e-14
4.032005392009876843e+00 1.208563578686992818e-14
4.039440953833216774e+00 1.147503513659865707e-14
4.046890227835548082e+00 1.089196166530623510e-14
4.054353239303982726e+00 1.033544188049760737e-14
4.061830013572252263e+00 9.804516134745860690e-15
4.069320576020825087e+00 9.298240175884907253e-15
4.076824952076957054e+00 8.815686525524895535e-15
4.084343167214807835e+00 8.355945694182292436e-15
4.091875246955514633e+00 7.918127241419391557e-15
4.099421216867267681e+00 7.501360689413260199e-15
4.106981102565424813e+00 7.104796298356121626e-15
4.114554929712563869e+00 6.727605712032689114e-15
4.122142724018601712e+00 6.368982481803541875e-15
4.129744511240867944e+00 6.028142477095981062e-15
4.137360317184178626e+00 5.704324190320771752e-15
4.144990167700956185e+00 5.396788943933660497e-15
4.152634088691278258e+00 5.104821007142492385e-15
4.160292106103002041e+00 4.827727629504768595e-15
4.167964245931832679e+00 4.564838998408845093e-15
4.175650534221404975e+00 4.315508127151208829e-15
4.183350997063392640e+00 4.079110680036200836e-15
4.191065660597587339e+00 3.855044740636422565e-15
4.198794551011971521e+00 3.642730529049365647e-15
4.206537694542840988e+00 3.441610073685338762e-15
4.214295117474855523e+00 3.251146842824691758e-15
4.222066846141161456e+00 3.070825340875345202e-15
4.229852906923468048e+00 2.900150673971386001e-15
4.237653326252120323e+00 2.738648089256512785e-15
4.245468130606224300e+00 2.585862491909259658e-15
4.253297346513697619e+00 2.441357943690830768e-15
4.261141000551393887e+00 2.304717146518628465e-15
4.268999119345177284e+00 2.175540914310140822e-15
4.276871729569998948e+00 2.053447636084788959e-15
4.284758857950023092e+00 1.938072733067044515e-15
4.292660531258676748e+00 1.829068112302488461e-15
4.300576776318774996e+00 1.726101619071708214e-15
4.308507620002596461e+00 1.628856490176947069e-15
4.316453089231965023e+00 1.537030809973281382e-15
4.324413210978367950e+00 1.450336970824597260e-15
4.332388012263013621e+00 1.368501139486475851e-15
4.340377520156954994e+00 1.291262730746118749e-15
4.348381761781169530e+00 1.218373889492840146e-15
4.356400764306632922e+00 1.149598982242770967e-15
4.364434554954446988e+00 1.084714099003048711e-15
4.372483160995896512e+00 1.023506566232995479e-15
4.380546609752568266e+00 9.657744715392844609e-16
4.388624928596438046e+00 9.113262006331112190e-16
4.396718144949942619e+00 8.599799869752947163e-16
4.404826286286106729e+00 8.115634744420848134e-16
4.412949380128605270e+00 7.659132932605155099e-16
4.421087454051879639e+00 7.228746493830165042e-16
4.429240535681223889e+00 6.823009274022628891e-16
4.437408652692864663e+00 6.440533070427407002e-16
4.445591832814082878e+00 6.080003932086723535e-16
4.453790103823275892e+00 5.740178595172174197e-16
4.462003493550081856e+00 5.419881051996845614e-16
4.470232029875458757e+00 5.117999252140034363e-16
4.478475740731769683e+00 4.833481933758683040e-16
4.486734654102904507e+00 4.565335582853629929e-16
4.495008798024342944e+00 4.312621517994995898e-16
4.503298200583278010e+00 4.074453097780153800e-16
4.511602889918701287e+00 3.849993048111892694e-16
4.519922894221480192e+00 3.638450906222547465e-16
4.528258241734490319e+00 3.439080578242425948e-16
4.536608960752672282e+00 3.251178007013794822e-16
4.544975079623157832e+00 3.074078946770382590e-16
4.553356626745358682e+00 2.907156841254900569e-16
4.561753630571041107e+00 2.749820801811259186e-16
4.570166119604461841e+00 2.601513681973237018e-16
4.578594122402423139e+00 2.461710245077162602e-16
4.587037667574404232e+00 2.329915421436861563e-16
4.595496783782643035e+00 2.205662651654179784e-16
4.603971499742223195e+00 2.088512312674599144e-16
4.612461844221197538e+00 1.978050223249728055e-16
4.620967846040656468e+00 1.873886225527479984e-16
4.629489534074852308e+00 1.775652839555666307e-16
4.638026937251285453e+00 1.683003987558290368e-16
4.646580084550787859e+00 1.595613784920505911e-16
4.655149005007651830e+00 1.513175394899308816e-16
4.663733727709710841e+00 1.435399944163572285e-16
4.672334281798429245e+00 1.362015496352945820e-16
4.680950696469026617e+00 1.292766080934910433e-16
4.689583000970547033e+00 1.227410774731045042e-16
4.698231224605987855e+00 1.165722833572941915e-16
4.706895396732382331e+00 1.107488871641946485e-16
4.715575546760890191e+00 1.052508086136704504e-16
4.724271704156928209e+00 1.000591525003584486e-16
4.732983898440231485e+00 9.515613955557958654e-17
4.741712159184987563e+00 9.052504118940163473e-17
4.750456516019924358e+00 8.615011791298069744e-17
4.759216998628392759e+00 8.201656124977653291e-17
4.767993636748505182e+00 7.811043895256313235e-17
4.776786460173194193e+00 7.441864335138718632e-17
4.785595498750349286e+00 7.092884266542557365e-17
4.794420782382903923e+00 6.762943511952580536e-17
4.803262341028921689e+00 6.450950571356768408e-17
4.812120204701733073e+00 6.155878550004336534e-17
4.820994403469995859e+00 5.876761323228751355e-17
4.829884967457835465e+00 5.612687815197235683e-17
4.838791926844929314e+00 5.362772325543196204e-17
4.847715311866593879e+00 5.126164618027255932e-17
4.856655152813926790e+00 4.902069798945177189e-17
4.865611480033864567e+00 4.689744924543045155e-17
4.874584323929321172e+00 4.488495344553188311e-17
4.883573714959281276e+00 4.297671319927692824e-17
4.892579683638881072e+00 4.116664893033938831e-17
4.901602260539553058e+00 3.944906990385927805e-17
4.910641476289088203e+00 3.781864739641804018e-17
4.919697361571772731e+00 3.627038984101528376e-17
4.928769947128478712e+00 3.479961979322509258e-17
4.937859263756755546e+00 3.340195257728863871e-17
4.946965342310964076e+00 3.207327648240007883e-17
4.956088213702348533e+00 3.080973439004292439e-17
4.965227908899170650e+00 2.960770672279612493e-17
4.974384458926801145e+00 2.846379561392395406e-17
4.983557894867812088e+00 2.737481020510349472e-17
4.992748247862115463e+00 2.633775298705026122e-17
5.001955549107028887e+00 2.534980710461062448e-17
5.011179829857418611e+00 2.440832455406278037e-17
5.020421121425788336e+00 2.351081520611250507e-17
5.029679455182369807e+00 2.265493659327172969e-17
5.038954862555267589e+00 2.183848440510538143e-17
5.048247375030523898e+00 2.105938363926029204e-17
5.057557024152258052e+00 2.031568036020360315e-17
5.066883841522765053e+00 1.960553402133606644e-17
5.076227858802599080e+00 1.892721030955092071e-17
5.085589107710725365e+00 1.827907447443983834e-17
5.094967620024578814e+00 1.765958510725211197e-17
5.104363427580214108e+00 1.706728833734335431e-17
5.113776562272395410e+00 1.650081241631516239e-17
5.123207056054689623e+00 1.595886266227835761e-17
5.132654940939604948e+00 1.544021673874922841e-17
5.142120248998685916e+00 1.494372024459812377e-17
5.151603012362605760e+00 1.446828259322123888e-17
5.161103263221312076e+00 1.401287316072350659e-17
5.170621033824092549e+00 1.357651768440653037e-17
5.180156356479725055e+00 1.315829489421214683e-17
5.189709263556566476e+00 1.275733336106627855e-17
5.199279787482652182e+00 1.237280854721836094e-17
5.208867960745838133e+00 1.200394004476867012e-17
5.218473815893872825e+00 1.164998898957224144e-17
5.228097385534542063e+00 1.131025563862627263e-17
5.237738702335764884e+00 1.098407709991076556e-17
5.247397799025689480e+00 1.067082520443298195e-17
5.257074708392837969e+00 1.036990451095966527e-17
5.266769463286181008e+00 1.008075043459715688e-17
5.276482096615280781e+00 9.802827491000218351e-18
5.286212641350389596e+00 9.535627648572287944e-18
5.295961130522545801e+00 9.278668781553111958e-18
5.305727597223723002e+00 9.031493217383464923e-18
5.315512074606897563e+00 8.793666372202329936e-18
5.325314595886203151e+00 8.564775468748690995e-18
5.335135194337023101e+00 8.344428331342448291e-18
5.344973903296089013e+00 8.132252252980493746e-18
5.354830756161632621e+00 7.927892929922798306e-18
5.364705786393453302e+00 7.731013459463089968e-18
5.374599027513073501e+00 7.541293396864048858e-18
5.384510513103830220e+00 7.358427867714299604e-18
5.394440276810978929e+00 7.182126732213483968e-18
5.404388352341843671e+00 7.012113798124866729e-18
5.414354773465885451e+00 6.848126079356366602e-18
5.424339574014858556e+00 6.689913097327723253e-18
5.434342787882907366e+00 6.537236222474823194e-18
5.444364449026664055e+00 6.389868053413081264e-18
5.454404591465406682e+00 6.247591831445597072e-18
5.464463249281123147e+00 6.110200888255349392e-18
5.474540456618672835e+00 5.977498124757081224e-18
5.484636247685880761e+00 5.849295519220205408e-18
5.494750656753640605e+00 5.725413662894153921e-18
5.504883718156067474e+00 5.605681321479864192e-18
5.515035466290571620e+00 5.489935020901721924e-18
5.525205935618013875e+00 5.378018655927677515e-18
5.535395160662804237e+00 5.269783120282028834e-18
5.545603176013004898e+00 5.165085956978149597e-18
5.555830016320483900e+00 5.063791027681182834e-18
5.566075716300990628e+00 4.965768199982885102e-18
5.576340310734312133e+00 4.870893051543811369e-18
5.586623834464374383e+00 4.779046590120130964e-18
5.596926322399341736e+00 4.690114988556297396e-18
5.607247809511778591e+00 4.603989333878264035e-18
5.617588330838717781e+00 4.520565389679641605e-18
5.627947921481825766e+00 4.439743371037793344e-18
5.638326616607498565e+00 4.361427731247658173e-18
5.648724451446968331e+00 4.285526959702696910e-18
5.659141461296460562e+00 4.211953390291658659e-18
5.669577681517267820e+00 4.140623019721842031e-18
5.680033147535912263e+00 4.071455335210155890e-18
5.690507894844247794e+00 4.004373151021095682e-18
5.701001958999560415e+00 3.939302453359432364e-18
5.711515375624728996e+00 3.876172253154626543e-18
5.722048180408322970e+00 3.814914446302819297e-18
5.732600409104710693e+00 3.755463680957156527e-18
5.743172097534219311e+00 3.697757231480248557e-18
5.753763281583209377e+00 3.641734878697369651e-18
5.764373997204240041e+00 3.587338796107859998e-18
5.775004280416168534e+00 3.534513441733545150e-18
5.785654167304262963e+00 3.483205455301303477e-18
5.796323694020355966e+00 3.433363560473519118e-18
5.807012896782928202e+00 3.384938471858067901e-18
5.817721811877270000e+00 3.337882806543498298e-18
5.828450475655587049e+00 3.292150999920332114e-18
5.839198924537102542e+00 3.247699225562812904e-18
5.849967195008228593e+00 3.204485318958117382e-18
5.860755323622638180e+00 3.162468704882049015e-18
5.871563347001432120e+00 3.121610328231623723e-18
5.882391301833245656e+00 3.081872588135558676e-18
5.893239224874355031e+00 3.043219275173549457e-18
5.904107152948842696e+00 3.005615511544619351e-18
5.914995122948677242e+00 2.969027694033876820e-18
5.925903171833879490e+00 2.933423439634899261e-18
5.936831336632627298e+00 2.898771533693330077e-18
5.947779654441366581e+00 2.865041880444301139e-18
5.958748162424978290e+00 2.832205455823060391e-18
5.969736897816857457e+00 2.800234262435392008e-18
5.980745897919078402e+00 2.769101286579830626e-18
5.991775200102507526e+00 2.738780457219777580e-18
6.002824841806907230e+00 2.709246606809551193e-18
6.013894860541111775e+00 2.680475433882707266e-18
6.024985293883099224e+00 2.652443467316480222e-18
6.036096179480167301e+00 2.625128032190384250e-18
6.047227555049039083e+00 2.598507217162061297e-18
6.058379458375974025e+00 2.572559843286475266e-18
6.069551927316939377e+00 2.547265434209113948e-18
6.080744999797688344e+00 2.522604318319714130e-18
6.091958713813935056e+00 2.498559143437108453e-18
6.103193107431460263e+00 2.475114270193378551e-18
6.114448218786226796e+00 2.452254572205371487e-18
6.125724086084549214e+00 2.429965394525698625e-18
6.137020747603173731e+00 2.408232537114805446e-18
6.148338241689454975e+00 2.387042238945754411e-18
6.159676606761463447e+00 2.366381162715037503e-18
6.171035881308099214e+00 2.346236380133987701e-18
6.182416103889267767e+00 2.326595357776576210e-18
6.193817313135956404e+00 2.307445943460797818e-18
6.205239547750414530e+00 2.288776353140789773e-18
6.216682846506262905e+00 2.270575158289718433e-18
6.228147248248605550e+00 2.252831273751862127e-18
6.239632791894210939e+00 2.235533946045814217e-18
6.251139516431586607e+00 2.218672742099512778e-18
6.262667460921160334e+00 2.202237538400058196e-18
6.274216664495392948e+00 2.186218510540796960e-18
6.285787166358891120e+00 2.170606123150300024e-18
6.297379005788587669e+00 2.155391120187031355e-18
6.308992222133817940e+00 2.140564515585556483e-18
6.320626854816504547e+00 2.126117584239694404e-18
6.332282943331270175e+00 2.112041853309447598e-18
6.343960527245549486e+00 2.098329093838511347e-18
6.355659646199764978e+00 2.084971312670010621e-18
6.367380339907443343e+00 2.071960744648761018e-18
6.379122648155325592e+00 2.059289845098532480e-18
6.390886610803552692e+00 2.046951282563383417e-18
6.402672267785747273e+00 2.034937931802914835e-18
6.414479659109193044e+00 2.023242867031051370e-18
6.426308824854955581e+00 2.011859355389258838e-18
6.438159805177991579e+00 2.000780850644637222e-18
6.450032640307338916e+00 1.990000987104288653e-18
6.461927370546193927e+00 1.979513573737576437e-18
6.473844036272099700e+00 1.969312588498049858e-18
6.485782677937058871e+00 1.959392172837458157e-18
6.497743336067655306e+00 1.949746626404494309e-18
6.509726051265233515e+00 1.940370401920779449e-18
6.521730864205987466e+00 1.931258100227777040e-18
6.533757815641143551e+00 1.922404465497774700e-18
6.545806946397077830e+00 1.913804380602728347e-18
6.557878297375435928e+00 1.905452862634973242e-18
6.569971909553319556e+00 1.897345058574033373e-18
6.582087823983370001e+00 1.889476241094079968e-18
6.594226081793954641e+00 1.881841804506324898e-18
6.606386724189287740e+00 1.874437260831964775e-18
6.618569792449550349e+00 1.867258236000015835e-18
6.630775327931075935e+00 1.860300466165842229e-18
6.643003372066436540e+00 1.853559794145739310e-18
6.655253966364634621e+00 1.847032165963100288e-18
6.667527152411216740e+00 1.840713627502158024e-18
6.679822971868402348e+00 1.834600321265344544e-18
6.692141466475267642e+00 1.828688483230197636e-18
6.704482678047831712e+00 1.822974439802505395e-18
6.716846648479252835e+00 1.817454604861677010e-18
6.729233419739941269e+00 1.812125476895348041e-18
6.741643033877689817e+00 1.806983636219848281e-18
6.754075533017857680e+00 1.802025742283254646e-18
6.766530959363463715e+00 1.797248531048106693e-18
6.779009355195372954e+00 1.792648812450986000e-18
6.791510762872424500e+00 1.788223467935958812e-18
6.804035224831550543e+00 1.783969448059511518e-18
6.816582783587970873e+00 1.779883770164111249e-18
6.829153481735280806e+00 1.775963516118094349e-18
6.841747361945646588e+00 1.772205830119461432e-18
6.854364466969926184e+00 1.768607916561335720e-18
6.867004839637795399e+00 1.765167037956896011e-18
6.879668522857940616e+00 1.761880512921574105e-18
6.892355559618151162e+00 1.758745714210658908e-18
6.905065992985512935e+00 1.755760066810320845e-18
6.917799866106530970e+00 1.752921046080055886e-18
6.930557222207260004e+00 1.750226175944963408e-18
6.943338104593496318e+00 1.747673027135984716e-18
6.956142556650869224e+00 1.745259215476560711e-18
6.968970621845038238e+00 1.742982400213953802e-18
6.981822343721820978e+00 1.740840282394041523e-18
6.994697765907316622e+00 1.738830603277686353e-18
7.007596932108105747e+00 1.736951142797542363e-18
7.020519886111340035e+00 1.735199718054030656e-18
7.033466671784944779e+00 1.733574181848942858e-18
7.046437333077741449e+00 1.732072421255576796e-18
7.059431914019577370e+00 1.730692356224247861e-18
7.072450458721520228e+00 1.729431938221881230e-18
7.085493011375982420e+00 1.728289148904818110e-18
7.098559616256852500e+00 1.727261998823563327e-18
7.111650317719695025e+00 1.726348526158638041e-18
7.124765160201842917e+00 1.725546795486470026e-18
7.137904188222599977e+00 1.724854896574450048e-18
7.151067446383368775e+00 1.724270943204288621e-18
7.164254979367781218e+00 1.723793072022820163e-18
7.177466831941901049e+00 1.723419441419404427e-18
7.190703048954318000e+00 1.723148230429277917e-18
7.203963675336350292e+00 1.722977637661881342e-18
7.217248756102174312e+00 1.722905880253904838e-18
7.230558336348958726e+00 1.722931192845778310e-18
7.243892461257065207e+00 1.723051826581625946e-18
7.257251176090146139e+00 1.723266048131544390e-18
7.270634526195347114e+00 1.723572138735928184e-18
7.284042557003441054e+00 1.723968393271259313e-18
7.297475314028956994e+00 1.724453119336691020e-18
7.310932842870391468e+00 1.725024636361305705e-18
7.324415189210299104e+00 1.725681274730996896e-18
7.337922398815501346e+00 1.726421374935181749e-18
7.351454517537222344e+00 1.727243286732512467e-18
7.365011591311216854e+00 1.728145368335334711e-18
7.378593666157982511e+00 1.729125985612530371e-18
7.392200788182855753e+00 1.730183511310385493e-18
7.405833003576217877e+00 1.731316324291279417e-18
7.419490358613634484e+00 1.732522808789624666e-18
7.433172899655983379e+00 1.733801353685167346e-18
7.446880673149671281e+00 1.735150351793146580e-18
7.460613725626726200e+00 1.736568199170916385e-18
7.474372103705012371e+00 1.738053294441450651e-18
7.488155854088360819e+00 1.739604038132721051e-18
7.501965023566709689e+00 1.741218832033449206e-18
7.515799659016313861e+00 1.742896078564631064e-18
7.529659807399845306e+00 1.744634180166996037e-18
7.543545515766602705e+00 1.746431538704128954e-18
7.557456831252649998e+00 1.748286554881066480e-18
7.571393801080954944e+00 1.750197627678535547e-18
7.585356472561599617e+00 1.752163153802557245e-18
7.599344893091883435e+00 1.754181527149414240e-18
7.613359110156534548e+00 1.756251138285885419e-18
7.627399171327849281e+00 1.758370373944935747e-18
7.641465124265831577e+00 1.760537616536517343e-18
7.655557016718407048e+00 1.762751173608729744e-18
7.669674896521524232e+00 1.765008518086878745e-18
7.683818811599370413e+00 1.767306570490913102e-18
7.697988809964512846e+00 1.769642228106685121e-18
7.712184939718034649e+00 1.772012373574124876e-18
7.726407249049756842e+00 1.774413874237251948e-18
7.740655786238338720e+00 1.776843581549734066e-18
7.754930599651492784e+00 1.779298330535963376e-18
7.769231737746129518e+00 1.781774939308385656e-18
7.783559249068496833e+00 1.784270208641553945e-18
7.797913182254392339e+00 1.786780921603384988e-18
7.812293586029303682e+00 1.789303843244239035e-18
7.826700509208553314e+00 1.791835720344185057e-18
7.841134000697514317e+00 1.794373281219373146e-18
7.855594109491718768e+00 1.796913235587626557e-18
7.870080884677075339e+00 1.799452274494387009e-18
7.884594375430014956e+00 1.801987070299176552e-18
7.899134631017631136e+00 1.804514276723250462e-18
7.913701700797905580e+00 1.807030528959381803e-18
7.928295634219811205e+00 1.809532443843979087e-18
7.942916480823533298e+00 1.812016620092125220e-18
7.957564290240619620e+00 1.814479638596539997e-18
7.972239112194118071e+00 1.816918062790540860e-18
7.986940996498804957e+00 1.819328439075847401e-18
8.001669993061289787e+00 1.821707297315587461e-18
8.016426151880242656e+00 1.824051151393222026e-18
8.031209523046536347e+00 1.826356499837552255e-18
8.046020156743393770e+00 1.828619826514587467e-18
8.060858103246614448e+00 1.830837601386355377e-18
8.075723412924682876e+00 1.833006281337347911e-18
8.090616136238988787e+00 1.835122311068747042e-18
8.105536323743987026e+00 1.837182124060615920e-18
8.120484026087332552e+00 1.839182143602503664e-18
8.135459294010114917e+00 1.841118783892689906e-18
8.150462178346966624e+00 1.842988451205765180e-18
8.165492730026283397e+00 1.844787545129183878e-18
8.180551000070391154e+00 1.846512459868377988e-18
8.195637039595672135e+00 1.848159585620607286e-18
8.210750899812815362e+00 1.849725310017149986e-18
8.225892632026912565e+00 1.851206019633937863e-18
8.241062287637690886e+00 1.852598101570155901e-18
8.256259918139672749e+00 1.853897945094482531e-18
8.271485575122310863e+00 1.855101943358420018e-18
8.286739310270235137e+00 1.856206495176445376e-18
8.302021175363353933e+00 1.857208006871980324e-18
8.317331222277084990e+00 1.858102894188794711e-18
8.332669502982520626e+00 1.858887584266751406e-18
8.348036069546560967e+00 1.859558517681171597e-18
8.363430974132160856e+00 1.860112150544663375e-18
8.378854268998441768e+00 1.860544956670262314e-18
8.394306006500915629e+00 1.860853429794864432e-18
8.409786239091650017e+00 1.861034085861118450e-18
8.425295019319413825e+00 1.861083465356994260e-18
8.440832399829918842e+00 1.860998135710714170e-18
8.456398433365926337e+00 1.860774693739896003e-18
8.471993172767488645e+00 1.860409768152801069e-18
8.487616670972103705e+00 1.859900022099774574e-18
8.503268981014864281e+00 1.859242155772903215e-18
8.518950156028706644e+00 1.858432909051648205e-18
8.534660249244513608e+00 1.857469064192019705e-18
8.550399313991356109e+00 1.856347448556958470e-18
8.566167403696654858e+00 1.855064937385500315e-18
8.581964571886333104e+00 1.853618456597573381e-18
8.597790872185054667e+00 1.852004985632143255e-18
8.613646358316339402e+00 1.850221560315266241e-18
8.629531084102810112e+00 1.848265275755329832e-18
8.645445103466345316e+00 1.846133289262040670e-18
8.661388470428230235e+00 1.843822823285987593e-18
8.677361239109409041e+00 1.841331168375118590e-18
8.693363463730623408e+00 1.838655686144771682e-18
8.709395198612583044e+00 1.835793812257420577e-18
8.725456498176209053e+00 1.832743059408419590e-18
8.741547416942742288e+00 1.829501020313679513e-18
8.757668009533997378e+00 1.826065370695358225e-18
8.773818330672520815e+00 1.822433872261434174e-18
8.789998435181743730e+00 1.818604375674705334e-18
8.806208377986237679e+00 1.814574823507227377e-18
8.822448214111826559e+00 1.810343253175289927e-18
8.838717998685837074e+00 1.805907799850857567e-18
8.855017786937253277e+00 1.801266699344533279e-18
8.871347634196890652e+00 1.796418290955491795e-18
8.887707595897627044e+00 1.791361020283553409e-18
8.904097727574541210e+00 1.786093441998613840e-18
8.920518084865145525e+00 1.780614222562579899e-18
8.936968723509556511e+00 1.774922142898666022e-18
8.953449699350660040e+00 1.769016101003404015e-18
8.969961068334356469e+00 1.762895114495961854e-18
8.986502886509681431e+00 1.756558323100051087e-18
9.003075210029059861e+00 1.750004991053156957e-18
9.019678095148471186e+00 1.743234509438101164e-18
9.036311598227610986e+00 1.736246398431796185e-18
9.052975775730145003e+00 1.729040309466181618e-18
9.069670684223828161e+00 1.721616027296369807e-18
9.086396380380763915e+00 1.713973471970697680e-18
9.103152920977564122e+00 1.706112700698068753e-18
9.119940362895519570e+00 1.698033909607426677e-18
9.136758763120852223e+00 1.689737435394496994e-18
9.153608178744839563e+00 1.681223756851241668e-18
9.170488666964068614e+00 1.672493496272910571e-18
9.187400285080604689e+00 1.663547420738424559e-18
9.204343090502161928e+00 1.654386443259531257e-18
9.221317140742353757e+00 1.645011623794075900e-18
9.238322493420822568e+00 1.635424170119551930e-18
9.255359206263497285e+00 1.625625438562393460e-18
9.272427337102756795e+00 1.615616934579395619e-18
9.289526943877611131e+00 1.605400313187314792e-18
9.306658084633946615e+00 1.594977379236786124e-18
9.323820817524660853e+00 1.584350087527774746e-18
9.341015200809920316e+00 1.573520542762518556e-18
9.358241292857330862e+00 1.562490999333658793e-18
9.375499152142110049e+00 1.551263860944292186e-18
9.392788837247346478e+00 1.539841680057503393e-18
9.410110406864125920e+00 1.528227157173285968e-18
9.427463919791801317e+00 1.516423139930349878e-18
9.444849434938152655e+00 1.504432622031470503e-18
9.462267011319571708e+00 1.492258741990499033e-18
9.479716708061317831e+00 1.479904781700042975e-18
9.497198584397649412e+00 1.467374164818651968e-18
9.514712699672090324e+00 1.454670454977017620e-18
9.532259113337600454e+00 1.441797353802855110e-18
9.549837884956749789e+00 1.428758698764252237e-18
9.567449074201988424e+00 1.415558460831971604e-18
9.585092740855774451e+00 1.402200741961324566e-18
9.602768944810836871e+00 1.388689772394406372e-18
9.620477746070362102e+00 1.375029907784129629e-18
9.638219204748152080e+00 1.361225882473590609e-18
9.655993381068904924e+00 1.347285279673215404e-18
9.673800335368376579e+00 1.333217329018727985e-18
9.691640128093560236e+00 1.319031197211377292e-18
9.709512819802963435e+00 1.304735955937680165e-18
9.727418471166730640e+00 1.290340574543950162e-18
9.745357142966922126e+00 1.275853913038351375e-18
9.763328896097682730e+00 1.261284715422477889e-18
9.781333791565431923e+00 1.246641603353973839e-18
9.799371890489128489e+00 1.231933070140896624e-18
9.817443254100403749e+00 1.217167475068019927e-18
9.835547943743838673e+00 1.202353038054258795e-18
9.853686020877143292e+00 1.187497834640307530e-18
9.871857547071332561e+00 1.172609791304501312e-18
9.890062584011003466e+00 1.157696681104576172e-18
9.908301193494475356e+00 1.142766119642506216e-18
9.926573437434054625e+00 1.127825561348886522e-18
9.944879377856226554e+00 1.112882296082919726e-18
9.963219076901829396e+00 1.097943446043684490e-18
9.981592596826340369e+00 1.083015962987833494e-18
1.000000000000000000e+01 1.068106625748334296e-18
