1.174627425764261953e-06 -4.000096239938053097e-08
1.174627677249114158e-06 -4.000098809127726116e-08
1.174627928733965939e-06 -4.000101378318050953e-08
1.174629509431640522e-06 -4.000117526881277623e-08
1.174631090129315951e-06 -4.000133675480654732e-08
1.174632670826990534e-06 -4.000149824127950083e-08
1.174634251524667870e-06 -4.000165972823381390e-08
1.174646849515296469e-06 -4.000294677694208286e-08
1.174659447505965937e-06 -4.000423385325587025e-08
1.174672045496679874e-06 -4.000552095717694956e-08
1.174684643487435527e-06 -4.000680808859471018e-08
1.174810623397317380e-06 -4.001968091789953619e-08
1.174936603311427198e-06 -4.003255650237036656e-08
1.175062583229766251e-06 -4.004543484205759976e-08
1.175188563152340469e-06 -4.005831593757796841e-08
1.175586172529238512e-06 -4.009898846022217995e-08
1.175983781948323030e-06 -4.013968844480239893e-08
1.176381391409599318e-06 -4.018041590076089204e-08
1.176779000913115446e-06 -4.022117083751862443e-08
1.177176610458786920e-06 -4.026195326436528435e-08
1.178618580230088969e-06 -4.041008544807154833e-08
1.180060550556460813e-06 -4.055857976114380066e-08
1.181502521438009391e-06 -4.070743665273143927e-08
1.182944492874542214e-06 -4.085665657173061906e-08
1.184386464866296453e-06 -4.100623996727253335e-08
1.188060701387544428e-06 -4.138903384496476561e-08
1.191734941513741968e-06 -4.177419797662809547e-08
1.195409185245324660e-06 -4.216173978431825408e-08
1.199083432582572026e-06 -4.255166668783666719e-08
1.202757683525647753e-06 -4.294398610462303416e-08
1.206431938075050957e-06 -4.333870545039474522e-08
1.221239028344565132e-06 -4.495387856158071409e-08
1.236046177212176257e-06 -4.660863288374702703e-08
1.250853384702129592e-06 -4.830345276941584841e-08
1.265660650839277932e-06 -5.003882213390945541e-08
1.280467975648960053e-06 -5.181522450217477515e-08
1.295275359157381251e-06 -5.363314304097235064e-08
1.310082801391239157e-06 -5.549306058981153910e-08
1.337407679097887476e-06 -5.903711928758667375e-08
1.364732757050255908e-06 -6.272886891919983973e-08
1.392058035433364401e-06 -6.657133698937800756e-08
1.419383514438715034e-06 -7.056754889966565737e-08
1.446709194266152102e-06 -7.472052826728441588e-08
1.474035075123318532e-06 -7.903329720983533545e-08
1.501361157225196580e-06 -8.350887659216262309e-08
1.538054287056440795e-06 -8.977995695305819186e-08
1.574747780710995257e-06 -9.635734571986811717e-08
1.611441638781457557e-06 -1.032483493527173781e-07
1.648135861888949545e-06 -1.104602723040779510e-07
1.684830450682699315e-06 -1.180004173144813784e-07
1.721525405842416504e-06 -1.258760857397986016e-07
1.758220728077567225e-06 -1.340945777994987402e-07
1.807260273866395732e-06 -1.456254946824150063e-07
1.856300478402933738e-06 -1.577991199526359368e-07
1.905341343646214076e-06 -1.706328701254217252e-07
1.954382871661414670e-06 -1.841441594984093587e-07
2.003425064623042736e-06 -1.983504002734871867e-07
2.052467924817153802e-06 -2.132690029340911882e-07
2.101511454644367566e-06 -2.289173765182679863e-07
2.150555656623123467e-06 -2.453129286937803858e-07
2.199600533392437356e-06 -2.624730657611984877e-07
2.248945168107403486e-06 -2.805270377305634121e-07
2.298290491604243238e-06 -2.993902897430092800e-07
2.347636506956192043e-06 -3.190805445800034652e-07
2.396983217370154335e-06 -3.396155237860308308e-07
2.446330626192632772e-06 -3.610129477017853499e-07
2.495678736908466591e-06 -3.832905354604000682e-07
2.545027553147747623e-06 -4.064660050402574906e-07
2.605869667392929780e-06 -4.363007181969444973e-07
2.666712867164592906e-06 -4.675603313968356460e-07
2.727557160202937204e-06 -5.002780408549993592e-07
2.788402554610011537e-06 -5.344870400737379501e-07
2.849249058857498513e-06 -5.702205198023172938e-07
2.910096681792498871e-06 -6.075116683122511595e-07
2.970945432650351325e-06 -6.463936716609925187e-07
3.045279348254680711e-06 -6.960986790835953412e-07
3.119614979800994989e-06 -7.482877074981667373e-07
3.193952346572575607e-06 -8.030212417583041833e-07
3.268291468790754891e-06 -8.603597618871043713e-07
3.342632367637632610e-06 -9.203637432181226200e-07
3.416975065280014409e-06 -9.830936572159907826e-07
3.491319584887400239e-06 -1.048609972024193559e-06
3.572756939094055053e-06 -1.123644304691207595e-06
3.654196541686909988e-06 -1.202173912266839228e-06
3.735638427456628708e-06 -1.284278256606522001e-06
3.817082632774164341e-06 -1.370036796586163398e-06
3.898529195620921050e-06 -1.459528988761859843e-06
3.979978155625829941e-06 -1.552834288488173945e-06
4.061429554097573156e-06 -1.650032150860038532e-06
4.145645537423321734e-06 -1.754703222542476266e-06
4.229864222909363523e-06 -1.863708075026893517e-06
4.314085662106977502e-06 -1.977134528414515462e-06
4.398309908641950004e-06 -2.095070406578343161e-06
4.482537018256627364e-06 -2.217603538517194163e-06
4.566767048845199070e-06 -2.344821759621362860e-06
4.651000060495525950e-06 -2.476812913244967739e-06
4.748936714492543257e-06 -2.636388263135497912e-06
4.846877584222927344e-06 -2.802672197450584806e-06
4.944822775711150014e-06 -2.975802826999823966e-06
5.042772399284566394e-06 -3.155918288838815447e-06
5.140726569655304390e-06 -3.343156750002403505e-06
5.238685405995361779e-06 -3.537656411708500271e-06
5.336649032014882218e-06 -3.739555514056242500e-06
5.450503380172738534e-06 -3.983671540457606338e-06
5.564364580082712220e-06 -4.238185040746100795e-06
5.678232849832160904e-06 -4.503313240644387412e-06
5.792108416369149691e-06 -4.779273472301476432e-06
5.905991515652546245e-06 -5.066283185250911892e-06
6.019882392799550217e-06 -5.364559958387645550e-06
6.133781302227433192e-06 -5.674321512891472673e-06
6.255741584999006071e-06 -6.018960482976188425e-06
6.377711714557395830e-06 -6.377282900111313819e-06
6.499692039717975011e-06 -6.749556648265840450e-06
6.621682922250517773e-06 -7.136049872252693239e-06
6.743684737042379941e-06 -7.537030999469553042e-06
6.865697872268722982e-06 -7.952768761980693880e-06
6.987722729553269850e-06 -8.383532219908246700e-06
7.114143209304126051e-06 -8.845900010749116907e-06
7.240577191074626703e-06 -9.324981293678089139e-06
7.367025167965124021e-06 -9.821076463659817214e-06
7.493487649188629899e-06 -1.033448641714249728e-05
7.619965160204247310e-06 -1.086551258693640435e-05
7.746458242863468144e-06 -1.141445697719764227e-05
7.872967455486699250e-06 -1.198162220061099265e-05
8.015980193317602239e-06 -1.264500319224409689e-05
8.159015128943571801e-06 -1.333248890668460425e-05
8.302073145434814185e-06 -1.404451953059659439e-05
8.445155153227089850e-06 -1.478153653842648536e-05
8.588262090182455894e-06 -1.554398277768546507e-05
8.731394921583135232e-06 -1.633230255582049408e-05
8.874554640114789387e-06 -1.714694173372620261e-05
9.036604706972204020e-06 -1.810119447576279974e-05
9.198692038206039744e-06 -1.909038130663009506e-05
9.360818198691689185e-06 -2.011515669989932269e-05
9.522984797272253266e-06 -2.117617842346557926e-05
9.685193486251007539e-06 -2.227410775872152245e-05
9.847445960818558883e-06 -2.340960972087552966e-05
1.000974395832528317e-05 -2.458335329455714794e-05
1.017664969310933317e-05 -2.583063966098132658e-05
1.034360740150792459e-05 -2.711979407920472380e-05
1.051061910481173587e-05 -2.845155840143248722e-05
1.067768686689272515e-05 -2.982668016656337651e-05
1.084481279266826129e-05 -3.124591296271686297e-05
1.101199902642852354e-05 -3.271001678090264627e-05
1.117924775001066440e-05 -3.421975838562143151e-05
1.135661604260245832e-05 -3.587090576802081548e-05
1.153405973434748010e-05 -3.757514108109554179e-05
1.171158154652214711e-05 -3.933340594999983650e-05
1.188918423590081288e-05 -4.114665289174147968e-05
1.206687059106376059e-05 -4.301584598889232321e-05
1.224464342843726470e-05 -4.494196155819722385e-05
1.242250558806097580e-05 -4.692598887113549151e-05
1.262025663065433688e-05 -4.919981770609065195e-05
1.281812544209150826e-05 -5.154779209919469298e-05
1.301611597893538434e-05 -5.397133329691716720e-05
1.321423220174020416e-05 -5.647188789692989799e-05
1.341247806536185021e-05 -5.905092953670211184e-05
1.361085750871454854e-05 -6.170996056640720587e-05
1.380937444397766493e-05 -6.445051384429607323e-05
1.403039293453484408e-05 -6.759711465791956228e-05
1.425159165070078768e-05 -7.084875853381432929e-05
1.447297575592438272e-05 -7.420770871078809705e-05
1.469455029419948409e-05 -7.767628966509385166e-05
1.491632016719254818e-05 -8.125689156305948666e-05
1.513829011053037761e-05 -8.495197474640195487e-05
1.536046466931885305e-05 -8.876407457008294330e-05
1.558284817295415377e-05 -9.269580699766885037e-05
1.580544470931325373e-05 -9.674987475403692451e-05
1.603006189045045094e-05 -1.009634077618742356e-04
1.625490305777936727e-05 -1.053070711687655286e-04
1.647997148915267260e-05 -1.097839405750846174e-04
1.670527010146880629e-05 -1.143972098040103424e-04
1.693080142234934353e-05 -1.191502000918820918e-04
1.715656756173036744e-05 -1.240463688294802744e-04
1.738257018382977483e-05 -1.290893185943927941e-04
1.763062124070490779e-05 -1.347912933752612224e-04
1.787895884372985879e-05 -1.406794047820141133e-04
1.812758310580806509e-05 -1.467591043928123153e-04
1.837649333686257401e-05 -1.530361286692601998e-04
1.862568800705955281e-05 -1.595165213145302628e-04
1.887516471291270684e-05 -1.662066594450199264e-04
1.912492014677546340e-05 -1.731132834279540606e-04
1.939961897018470965e-05 -1.809589985061435427e-04
1.967464211706175702e-05 -1.890846723678457609e-04
1.994998122493196247e-05 -1.975010450233842096e-04
2.022562649848845355e-05 -2.062196000350121272e-04
2.050156670279030806e-05 -2.152526376350297698e-04
2.077778916817839109e-05 -2.246133621163801206e-04
2.105427980791423683e-05 -2.343159763659054381e-04
2.133423815542300766e-05 -2.444947445886438823e-04
2.161443769209499393e-05 -2.550561248938326676e-04
2.189485966644541843e-05 -2.660186259028661298e-04
2.217548407012331755e-05 -2.774023120061576701e-04
2.245628973726227187e-05 -2.892289516854978666e-04
2.273725446185119342e-05 -3.015222234148937672e-04
2.301835513326571625e-05 -3.143079809267259120e-04
2.331602263962259346e-05 -3.284097171656157315e-04
2.361378672325472079e-05 -3.431317759132023869e-04
2.391161790922224150e-05 -3.585148599858944442e-04
2.420948652217885531e-05 -3.746040513059799250e-04
2.450736298246325751e-05 -3.914494225782867470e-04
2.480521812137873733e-05 -4.091067780638330985e-04
2.510302351269142769e-05 -4.276385310345033044e-04
2.540915737807488358e-05 -4.476791416413283126e-04
2.571518162127629369e-05 -4.688042919798445104e-04
2.602107013647182601e-05 -4.911115637484560334e-04
2.632679925075954091e-05 -5.147122482179306534e-04
2.657631074826118304e-05 -5.350309726463388284e-04
2.677704373864508555e-05 -5.521262853183612823e-04
2.697768812147689275e-05 -5.699318441303196552e-04
2.717824023939021289e-05 -5.884982011229493654e-04
2.737869717726551809e-05 -6.078812988749664453e-04
2.757905679942127398e-05 -6.281432249877815042e-04
2.777931778323264011e-05 -6.493531082927561388e-04
2.797947964877644400e-05 -6.715881709537527625e-04
2.819657235464364238e-05 -6.969772153255886227e-04
2.841355049766851784e-05 -7.238006707326081557e-04
2.863041701209417971e-05 -7.522013077792405467e-04
2.884717609961677840e-05 -7.823428752265225482e-04
2.906383323290831212e-05 -8.144141591974119387e-04
2.928039514886356516e-05 -8.486340138590293958e-04
2.949686983100220224e-05 -8.852576652704325722e-04
2.972334501087117687e-05 -9.264882107930437699e-04
2.994974665716289365e-05 -9.710880621009597338e-04
3.017608804437354328e-05 -1.019546944275514632e-03
3.040238371226848982e-05 -1.072458553905791551e-03
3.062864936894124721e-05 -1.130549905660015305e-03
3.085490177852568587e-05 -1.194721194200678909e-03
3.108115863395840254e-05 -1.266100909378495721e-03
3.130743841533577699e-05 -1.346123466469283624e-03
3.153376023480006403e-05 -1.436640894270010353e-03
3.176014366883637708e-05 -1.540087313425101074e-03
3.198660857929442990e-05 -1.659727782594637912e-03
3.221317492454262227e-05 -1.800046808485784855e-03
3.243986256242062426e-05 -1.967377488680659928e-03
3.266669104683862367e-05 -2.170965018749501478e-03
3.289367942006905197e-05 -2.424860113734641966e-03
3.312084600296681311e-05 -2.751510878375615712e-03
3.334820818546024450e-05 -3.189142951009302836e-03
3.357578221989844237e-05 -3.808583472621990523e-03
3.380358301982447702e-05 -4.757449470834765673e-03
3.403162396697106176e-05 -6.402940303577262481e-03
3.425991672917709892e-05 -9.981935036035581577e-03
3.448847109211131026e-05 -2.391366303471425397e-02
3.471729480753768884e-05 5.161125580373274874e-02
3.494639346085788269e-05 1.191126053401261355e-02
3.517577036056872633e-05 6.553185661167080719e-03
3.541624594839663256e-05 4.352671879141882354e-03
3.565702585320340204e-05 3.190007638097204327e-03
3.589810536369853399e-05 2.466945739207121631e-03
3.613947682194640246e-05 1.970734007652024007e-03
3.638112966813734824e-05 1.606677368502937081e-03
3.662305052891811106e-05 1.326213199011581001e-03
3.686522335010878704e-05 1.101856886966381217e-03
3.711487550893325228e-05 9.118306707017146285e-04
3.736475241577142168e-05 7.518734397632219476e-04
3.761482901123072557e-05 6.141650431297681614e-04
3.786507832812819458e-05 4.932774500138135130e-04
3.811547188904815166e-05 3.853133151909287788e-04
3.836598014341341520e-05 2.873899106968816580e-04
3.861657293781612483e-05 1.973166334086412716e-04
3.890419040437079001e-05 1.014406850416099361e-04
3.919183436608265187e-05 1.162921770700591265e-05
3.947946158803236974e-05 -7.374408450204914737e-05
3.976703163696795510e-05 -1.560253608753384938e-04
4.005450789832990622e-05 -2.363722896834960692e-04
4.034185853866993794e-05 -3.158228828006316951e-04
4.062905738592196935e-05 -3.953506320099456134e-04
4.086685552747869234e-05 -4.619756466875492621e-04
4.110452824408914135e-05 -5.298670153600833774e-04
4.134207148896310361e-05 -5.996147895405686077e-04
4.157948487589257965e-05 -6.718625549341103410e-04
4.181677175225619785e-05 -7.473323949458208050e-04
4.205393920597922985e-05 -8.268560136314771856e-04
4.229099800365750860e-05 -9.114149153618537370e-04
4.252796245820771709e-05 -1.002194034386474442e-03
4.276485022580939975e-05 -1.100655503585461822e-03
4.300168203323912738e-05 -1.208642931029667213e-03
4.323848133827766179e-05 -1.328532813772470957e-03
4.342695309229741354e-05 -1.434519845473665239e-03
4.361543442725099670e-05 -1.552073205161381324e-03
4.380393980497676788e-05 -1.683858878988728908e-03
4.399248410458529821e-05 -1.833395133661406846e-03
4.418108244090334307e-05 -2.005429384986322314e-03
4.436974997573341393e-05 -2.206533779031816158e-03
4.455850172443512618e-05 -2.446083556366089855e-03
4.475633657654898333e-05 -2.753445080377070215e-03
4.495429617032416323e-05 -3.143230355691308767e-03
4.515239584556477272e-05 -3.657271813576932953e-03
4.535064981712523015e-05 -4.371462387679715157e-03
4.554907095128106503e-05 -5.439324047940587853e-03
4.574767055745591692e-05 -7.225443148795666556e-03
4.594645819860941545e-05 -1.085832368809722462e-02
4.614544152423226810e-05 -2.243299173768573823e-02
4.634462612891509544e-05 2.194595271530073999e-01
4.654401543961675521e-05 1.793018436430815141e-02
4.674361063438798030e-05 9.122530910743218910e-03
4.694595192666056315e-05 5.969731538323219157e-03
4.714849964405191815e-05 4.354756902103827827e-03
4.735124780981091462e-05 3.366381237038234414e-03
4.755418811193435366e-05 2.694326987108731485e-03
4.775731001040421240e-05 2.203955460399933518e-03
4.796060088431208991e-05 1.827372545955127095e-03
4.816404621761362055e-05 1.526610459825403958e-03
4.838807328253850326e-05 1.256182467930551296e-03
4.861224420800364018e-05 1.030747758292781258e-03
4.883653384871578082e-05 8.378627909917743402e-04
4.906091595621035523e-05 6.690969301749363080e-04
4.928536372372232404e-05 5.185085664745156140e-04
4.950985035587299334e-05 3.817617198302028698e-04
4.973434965153375508e-05 2.555885012713785790e-04
5.000228990012095802e-05 1.153267700428177049e-04
5.027017343586530400e-05 -1.688103744902462794e-05
5.053796591775658038e-05 -1.437891808583671705e-04
5.075576612685533349e-05 -2.447664519925692888e-04
5.097347534895351249e-05 -3.449339235086561705e-04
5.119108514162504464e-05 -4.453884787931214275e-04
5.140859068806376920e-05 -5.472284423091914153e-04
5.162599095091878303e-05 -6.516019062854747513e-04
5.184328874436598038e-05 -7.597597880575437425e-04
5.206049072034821278e-05 -8.731188494286358124e-04
5.227760726679832407e-05 -9.933417777639556856e-04
5.249465231755343059e-05 -1.122444669936784436e-03
5.271164307583525575e-05 -1.262947796218509902e-03
5.292859965529263738e-05 -1.418095280898748131e-03
5.310103927857850304e-05 -1.554670862806641204e-03
5.327348379899015762e-05 -1.706021295061332845e-03
5.344594608647293817e-05 -1.875854006918061976e-03
5.361843943424559754e-05 -2.069127538924432890e-03
5.379097736044416173e-05 -2.292645233532094109e-03
5.396357340308031872e-05 -2.556019986097048721e-03
5.413624091135749112e-05 -2.873312684803747390e-03
5.432526905996409996e-05 -3.307921968804267403e-03
5.451441438964723713e-05 -3.879558003445383266e-03
5.470369184667546355e-05 -4.673134297553189348e-03
5.489311490290536442e-05 -5.861771303154269044e-03
5.508269528308913778e-05 -7.861678919356547904e-03
5.527244272127575226e-05 -1.199001345493353951e-02
5.546236475153648864e-05 -2.577961489670980294e-02
5.565246653815716856e-05 1.409379030809301270e-01
5.584275075000007488e-05 1.825714345864662413e-02
5.603321748190858445e-05 9.537427639020299580e-03
5.622386422634159328e-05 6.326800381131845313e-03
5.641821015289240349e-05 4.620994793353198904e-03
5.661272947521607849e-05 3.569413704530902814e-03
5.680741160228895475e-05 2.849610504668541149e-03
5.700224359063186483e-05 2.320859264892474478e-03
5.719721039652969478e-05 1.911909810487022379e-03
5.739229517813196634e-05 1.582787786803922575e-03
5.758747964176282665e-05 1.309297145182079314e-03
5.780153499073831935e-05 1.055144487953190270e-03
5.801566046887300573e-05 8.356724877922774679e-04
5.822982944682438976e-05 6.416336248506781040e-04
5.844401575441366802e-05 4.664678695534260405e-04
5.865819439185336950e-05 3.053359079472889705e-04
5.887234222242742010e-05 1.545284221537613517e-04
5.908643862687579728e-05 1.108740506250865501e-05
5.930046609976660966e-05 -1.274488748163698202e-04
5.951441077036471002e-05 -2.632276470702950700e-04
5.972826283045310207e-05 -3.982207568544269692e-04
5.994201685522181121e-05 -5.343413190218370768e-04
6.015567200482126490e-05 -6.735530236221022333e-04
6.036923209772315215e-05 -8.179856077641216045e-04
6.058270555107823842e-05 -9.700713421838144624e-04
6.079610518544322628e-05 -1.132722132664652553e-03
6.100944789747636906e-05 -1.309576631707217798e-03
6.117933836544768556e-05 -1.463699006097839844e-03
6.134921746395242915e-05 -1.632907124147854605e-03
6.151909799343318371e-05 -1.821241536164451514e-03
6.168899353796576223e-05 -2.034094682789115791e-03
6.185891821229474834e-05 -2.278866692674623006e-03
6.202888639496629305e-05 -2.566036837618124872e-03
6.219891245269936538e-05 -2.910995953853932026e-03
6.236901046114731435e-05 -3.337356697765341690e-03
6.255313950120496252e-05 -3.935123903054763353e-03
6.273738454737536692e-05 -4.760226389051323490e-03
6.292176005890776872e-05 -5.989180281485939790e-03
6.310627861739657139e-05 -8.044375936086117784e-03
6.329095061580117655e-05 -1.225154384262060886e-02
6.347578399498058699e-05 -2.603205075959206735e-02
6.366078403391774198e-05 1.713405568882201691e-01
6.384595320091393457e-05 1.933810424332800884e-02
6.403129107011446008e-05 1.001130993296420017e-02
6.421679430606770688e-05 6.614696571528938529e-03
6.440245671976819011e-05 4.840179942143442264e-03
6.459647106445791094e-05 3.699397180772846880e-03
6.479063611068935869e-05 2.924143862935311023e-03
6.498493608345079758e-05 2.356126087314229251e-03
6.517935292541870106e-05 1.916537963786239243e-03
6.537386676763993381e-05 1.561669905322670250e-03
6.556845645710191318e-05 1.265267960193168289e-03
6.576310012748173210e-05 1.010551158087315531e-03
6.598976608364832193e-05 7.516960707688883020e-04
6.621644168229820254e-05 5.219074648947378886e-04
6.644309537084152804e-05 3.125947397437475088e-04
6.666969903305664013e-05 1.174106323902685038e-04
6.689622910767115311e-05 -6.860950971442001105e-05
6.707965284923331814e-05 -2.154253786244347748e-04
6.726300975297840967e-05 -3.609229393345468975e-04
6.744629612105866785e-05 -5.069965596450463517e-04
6.762951127543247187e-05 -6.555615995709795961e-04
6.781265760080353012e-05 -8.086562571411430589e-04
6.799574050652083671e-05 -9.685576484816214729e-04
6.817876830888282009e-05 -1.137926612293417832e-03
6.836615928976952806e-05 -1.324576481597853446e-03
6.855351854383885505e-05 -1.528968374939424467e-03
6.870574276042200226e-05 -1.712066105091968266e-03
6.885796700011108341e-05 -1.914801057471354762e-03
6.901020180880761221e-05 -2.142620559746457546e-03
6.916245816146167694e-05 -2.402925670370105980e-03
6.931474725756766664e-05 -2.706078767417465728e-03
6.946708031007659987e-05 -3.067098225502109046e-03
6.961946833154129832e-05 -3.508658978558701954e-03
6.979360183870589318e-05 -4.158622146236861869e-03
6.996783564673268122e-05 -5.057190939338588286e-03
7.014218310569674973e-05 -6.400608362620551113e-03
7.031665578330004098e-05 -8.664321957635548119e-03
7.049126315705833235e-05 -1.337452582764582336e-02
7.066601235623175097e-05 -2.959886126407775334e-02
7.084090796111211757e-05 1.239162946420550582e-01
7.101595186560137824e-05 1.946135255051339649e-02
7.119114320832501687e-05 1.032695128404723800e-02
7.136647837470843790e-05 6.885414187669286652e-03
7.154195107140394884e-05 5.060643567088007715e-03
7.172072833906852464e-05 3.900746164445975574e-03
7.189962722125569782e-05 3.100974012123922357e-03
7.207863375673447979e-05 2.508818886145845403e-03
7.225773217220307068e-05 2.046821387315120398e-03
7.243690530832745818e-05 1.671393936155548881e-03
7.261613508998990513e-05 1.356063018512341633e-03
7.279540302822706723e-05 1.083752784814908266e-03
7.303483312354465905e-05 7.676296244149385158e-04
7.327425676519913969e-05 4.892034008492232924e-04
7.351363630767640241e-05 2.357886637369871247e-04
7.369861512332781463e-05 5.112312893878883659e-05
7.388353716717510438e-05 -1.275685327620997857e-04
7.406839417969690890e-05 -3.032905296677587681e-04
7.425318135383911363e-05 -4.788441558450947755e-04
7.443789751161023057e-05 -6.570091168319472852e-04
7.462254516829783919e-05 -8.407220248505824396e-04
7.480713048033952250e-05 -1.033276784199344423e-03
7.500126162518025593e-05 -1.249691607272775291e-03
7.515737286564711612e-05 -1.437816349615867254e-03
7.531346546289732649e-05 -1.642525111111366783e-03
7.546955006924184310e-05 -1.868722158838989232e-03
7.562563831500149073e-05 -2.122940824106838570e-03
7.578174254286931268e-05 -2.414166846529848531e-03
7.593787552375259257e-05 -2.755197565197793543e-03
7.609405015905623682e-05 -3.164998568044568444e-03
7.625027917697801364e-05 -3.673035784638789981e-03
7.641133978532186526e-05 -4.350867274386169617e-03
7.657248369479600632e-05 -5.280220918652270105e-03
7.673372225922738660e-05 -6.653512053273596787e-03
7.689506534383116403e-05 -8.925330698247855785e-03
7.705652106240283561e-05 -1.349052687605140945e-02
7.721809555840792553e-05 -2.772179294762278784e-02
7.737979283434646602e-05 3.828075487326877413e-01
7.754161463353778606e-05 2.355118629147309392e-02
7.770356038224466091e-05 1.189419137982751506e-02
7.786562718860587449e-05 7.802354376881959729e-03
7.802780990507393166e-05 5.694318366524269565e-03
7.819248470976780576e-05 4.379407744810458192e-03
7.835726168722875295e-05 3.481411969995921920e-03
7.852212935351772938e-05 2.821156138251543904e-03
7.868707470728400662e-05 2.308844970057215978e-03
7.885208357953428125e-05 1.894436540940795189e-03
7.901714101849507781e-05 1.547764927932486359e-03
7.918223170072521771e-05 1.249493536632060794e-03
7.943303900947709586e-05 8.609168840555836031e-04
7.968383700418590692e-05 5.246008571918608530e-04
7.987675945467554470e-05 2.889928282661044252e-04
8.006963252157723817e-05 6.634602990634865612e-05
8.026244297699551024e-05 -1.485255898600369186e-04
8.045518195284825675e-05 -3.601343525935694857e-04
8.064784532107737997e-05 -5.727125367117425012e-04
8.084043389079409437e-05 -7.905565037661557281e-04
8.103295341141736655e-05 -1.018382192957260814e-03
8.122541437841295333e-05 -1.261756595575820161e-03
8.137487605232558241e-05 -1.465932055762183151e-03
8.152431985695464400e-05 -1.687884551217326947e-03
8.167375554665775163e-05 -1.933056689524357804e-03
8.182319382523754985e-05 -2.208717700537751304e-03
8.197264608801264668e-05 -2.524907984674393084e-03
8.212212414441077252e-05 -2.896011344170031868e-03
8.227163992746908670e-05 -3.343509182611179367e-03
8.242120519774303645e-05 -3.901108788334465335e-03
8.257850692627346763e-05 -4.668224525803799270e-03
8.273588804015223716e-05 -5.740323020275167262e-03
8.289335949301579400e-05 -7.371773875995499964e-03
8.305093066328947480e-05 -1.020681581336904675e-02
8.320860908121511764e-05 -1.649202753003608385e-02
8.336640020764480284e-05 -4.325819695234293938e-02
8.352430726889231846e-05 6.614996051061731996e-02
8.368233115070195546e-05 1.829820708830758383e-02
8.384047036189397556e-05 1.040040940234857048e-02
8.399872106301926151e-05 7.121502674037369363e-03
8.415707716185127723e-05 5.305958946556565275e-03
8.431640444516022093e-05 4.133588952252337419e-03
8.447581980071631883e-05 3.307433938884424014e-03
8.463531139216712968e-05 2.685718962232853859e-03
8.479486610427574319e-05 2.194295421693869680e-03
8.495446992217067490e-05 1.790528311895009383e-03
8.511410834137200516e-05 1.448077349782865954e-03
8.527376679638784139e-05 1.149705349855091726e-03
8.552126807327898499e-05 7.477212064006117905e-04
8.571964198408309210e-05 4.616115318101680692e-04
8.591797235187842809e-05 1.961795908199244444e-04
8.611624220218461862e-05 -5.653153086310328440e-05
8.631443978061380891e-05 -3.031247699317029132e-04
8.651255914247174496e-05 -5.495788447505853486e-04
8.671060047405998960e-05 -8.018419657983030628e-04
8.690857012577940662e-05 -1.066419410747514000e-03
8.706290477290563184e-05 -1.286210388454930419e-03
8.721721128092199975e-05 -1.522751353413032051e-03
8.737149951390040415e-05 -1.781874668196331080e-03
8.752578081460286115e-05 -2.071311383293807009e-03
8.768006767698818696e-05 -2.401721304364772859e-03
8.783437338223178961e-05 -2.788419791636187039e-03
8.798871160804046341e-05 -3.254437065944005246e-03
8.814309602271866591e-05 -3.836302554948075108e-03
8.829753987575583404e-05 -4.595896645787498486e-03
8.845762114851594721e-05 -5.693076921948988546e-03
8.861779200974393019e-05 -7.373571105621146149e-03
8.877806312652600229e-05 -1.033488673829162201e-02
8.893844301698652043e-05 -1.711803192877542346e-02
8.906968397766999051e-05 -3.702191589721605391e-02
8.920100380982525997e-05 2.077035945018769203e-01
8.933240328849029448e-05 2.671859234073625453e-02
8.946388192817779264e-05 1.403817646945558842e-02
8.959543798846721617e-05 9.371619885447777035e-03
8.972706850698265572e-05 6.925270362211325900e-03
8.985876936015841884e-05 5.405290267358929361e-03
9.001858130536131389e-05 4.176511126265275951e-03
9.017847785765545300e-05 3.315916511000771560e-03
9.033844615270795976e-05 2.670077018890841449e-03
9.049847202366303534e-05 2.159797503866465237e-03
9.065854046604420445e-05 1.739947800541112501e-03
9.081863613487098602e-05 1.382808549416704750e-03
9.097874385789232418e-05 1.070294047047442611e-03
9.118465921505485765e-05 7.143707179167060970e-04
9.139054285465927289e-05 3.935509119108063594e-04
9.155956430930690634e-05 1.470551938336234080e-04
9.172853904803099758e-05 -9.031058837843369672e-05
9.189746054391815101e-05 -3.234471876364489488e-04
9.206632571247948488e-05 -5.569093310256867510e-04
9.223513505056585066e-05 -7.952679099150102016e-04
9.240389263661836507e-05 -1.043475270052909810e-03
9.257260599115288153e-05 -1.307297414671792796e-03
9.270857460987787517e-05 -1.536132244825840756e-03
9.284452831347140167e-05 -1.784494174163945603e-03
9.298047503371030553e-05 -2.058542676302824084e-03
9.311642350489573799e-05 -2.366508761039822113e-03
9.325238304414506206e-05 -2.719782601480558084e-03
9.338836331489944046e-05 -3.134732273094663086e-03
9.352437407960845672e-05 -3.635908905133381636e-03
9.366102558056636177e-05 -4.265183484383826100e-03
9.379772686830077492e-05 -5.086670426139224335e-03
9.393448661626805848e-05 -6.221395693566091067e-03
9.407131261216669063e-05 -7.917607238844560566e-03
9.420821154845040503e-05 -1.077812179503463870e-02
9.434518884066561738e-05 -1.674621364984755709e-02
9.448224847885052663e-05 -3.750167633366829206e-02
9.461939291550184813e-05 1.468644409852852273e-01
9.475662299332724011e-05 2.428610807630673246e-02
9.489760682536745788e-05 1.283096460654962849e-02
9.503867744239241893e-05 8.558107164222259616e-03
9.517983046170754437e-05 6.300303422011779841e-03
9.532105987913439720e-05 4.887646295400205863e-03
9.546235823294507304e-05 3.908462271762082156e-03
9.560371681066186537e-05 3.180577219935136479e-03
9.575953685393023699e-05 2.559390019968891487e-03
9.591540419270157183e-05 2.061841431500707148e-03
9.607130422564072784e-05 1.647602233014023188e-03
9.622722227011985656e-05 1.291451212906332855e-03
9.638314407939204157e-05 9.766648785554088961e-04
9.653905634853367310e-05 6.915652777342839183e-04
9.669494719104869125e-05 4.275853023288310982e-04
9.686148637269342875e-05 1.614073292373528431e-04
9.702798022147265304e-05 -9.473614041148512813e-05
9.719442258670176111e-05 -3.464897077933744296e-04
9.736081087370177824e-05 -5.991146253280609088e-04
9.752714616878667235e-05 -8.579365990051367316e-04
9.769343321314008543e-05 -1.128805704401522007e-03
9.783067064440466472e-05 -1.366352209064486140e-03
9.796788699998712382e-05 -1.621609990831774468e-03
9.810508983577228138e-05 -1.900678698444375515e-03
9.824228779271286396e-05 -2.211602069657449959e-03
9.837949035478479984e-05 -2.565402622726535749e-03
9.851670757921668494e-05 -2.977799810425857223e-03
9.865394981006364019e-05 -3.472219405549516191e-03
9.879122738118391929e-05 -4.085404200592459255e-03
9.892855031679315136e-05 -4.878707277226258798e-03
9.908218114260727285e-05 -6.119236737874597480e-03
9.923589231355507093e-05 -8.062753986260783740e-03
9.938969387305594306e-05 -1.163229495745871263e-02
9.951632440749839644e-05 -1.813835084026698199e-02
9.964302463528840550e-05 -4.112165842676110405e-02
9.976979645912990326e-05 1.457835979831501594e-01
9.989664050635079125e-05 2.576803138829186421e-02
1.000235561055764111e-04 1.389336905473411224e-02
1.001505413044314491e-04 9.355693908890145433e-03
1.002775929065781387e-04 6.936526199270376392e-03
1.004152422283542705e-04 5.315925679744978177e-03
1.005529573595800619e-04 4.218184810282778197e-03
1.006907301190427390e-04 3.414951700631635011e-03
1.008285513117227324e-04 2.793395390127140394e-03
1.009664109983059133e-04 2.291253697579270863e-03
1.011042987905742455e-04 1.871258813280521262e-03
1.012422041629091848e-04 1.509640714170575135e-03
1.014363208037095341e-04 1.069787885635790177e-03
1.016304248621641550e-04 6.848268672935801937e-04
1.018244929025116999e-04 3.350379184623048521e-04
1.020185064784665728e-04 6.215047624554646240e-06
1.022124532789204235e-04 -3.129195400548268036e-04
1.024063279053260287e-04 -6.323735350542108828e-04
1.026001322444928632e-04 -9.621781074856034822e-04
1.027437776631405503e-04 -1.219979987229974361e-03
1.028873954265751976e-04 -1.495246100335319251e-03
1.030309934850008309e-04 -1.794993399189268382e-03
1.031745813591241695e-04 -2.128466837095266233e-03
1.032934060302958537e-04 -2.438872366871616335e-03
1.034122376681610359e-04 -2.791041206667053878e-03
1.035310831181458519e-04 -3.199032213749896346e-03
1.036499493292157391e-04 -3.683312174756344596e-03
1.037688431902353525e-04 -4.275015340119198495e-03
1.038877713668163040e-04 -5.024092822168227564e-03
1.040067401437862730e-04 -6.016248628755755876e-03
1.041689573571528727e-04 -8.074871776953276847e-03
1.043038947717636746e-04 -1.111560141036848325e-02
1.044389059964993317e-04 -1.763069824722691276e-02
1.045739951568334881e-04 -4.238971937680706403e-02
1.047091646928497880e-04 1.006504149506029927e-01
1.048444152730234214e-04 2.252238410884652153e-02
1.049797457661301643e-04 1.243620508944640567e-02
1.051151532748918689e-04 8.425820028510860871e-03
1.052506332112791975e-04 6.245748663894963061e-03
1.053861794407973010e-04 4.857950820909578797e-03
1.055271978579841007e-04 3.850799606688074146e-03
1.056682701189481835e-04 3.101440303564092713e-03
1.058093854971900807e-04 2.513097121753743099e-03
1.059505326274563141e-04 2.031350288321737921e-03
1.060916998940511329e-04 1.623113375707959999e-03
1.062328758265729093e-04 1.266974048781754599e-03
1.063740494953060691e-04 9.483168863729576079e-04
1.065433643805205343e-04 6.010025443837583442e-04
1.067126468708662161e-04 2.793501561681671977e-04
1.068818855330904138e-04 -2.681556914742780538e-05
1.070510728927081748e-04 -3.259342560312529480e-04
1.072202058274224955e-04 -6.256931301898552896e-04
1.073892857446584015e-04 -9.338361713131352899e-04
1.075258509663770196e-04 -1.194750483785070663e-03
1.076623904746286105e-04 -1.472126865714322528e-03
1.077989110305808360e-04 -1.772652738464568353e-03
1.079354208081958409e-04 -2.105029153732233555e-03
1.080719291301853629e-04 -2.481105708893472078e-03
1.082084461567419677e-04 -2.917769108004272371e-03
1.083449825517033747e-04 -3.440274635372252750e-03
1.084815491240898207e-04 -4.088527665829339366e-03
1.086181564659628897e-04 -4.929922165457585777e-03
1.087561125134551773e-04 -6.101611720323991267e-03
1.088941296692852559e-04 -7.861981310512435733e-03
1.090322160066590341e-04 -1.087200201533525257e-02
1.091703780397282515e-04 -1.736695005064535502e-02
1.093086204809023938e-04 -4.275702801889622734e-02
1.094469460805697162e-04 8.930317178029463510e-02
1.095853555150144969e-04 2.136401523341850336e-02
1.097238473596866151e-04 1.188320960398196909e-02
1.098624181313505202e-04 8.059090233622964380e-03
1.100010623983545694e-04 5.963729357883170226e-03
1.101397729725925735e-04 4.621458606207514037e-03
1.102785411483510683e-04 3.673731179200453046e-03
1.104247208749417831e-04 2.924306780890016059e-03
1.105709408758153892e-04 2.334372516051891680e-03
1.107171879870487695e-04 1.849099551943843593e-03
1.108634489972176192e-04 1.435247425303029945e-03
1.110097111727512435e-04 1.071287084685445265e-03
1.111559627673142927e-04 7.424413577707984898e-04
1.113021934918270115e-04 4.379886657409495592e-04
1.114638007507892843e-04 1.199620052733645504e-04
1.116253641059687668e-04 -1.873510237850184044e-04
1.117868791062409450e-04 -4.918703134771550871e-04
1.119483452650467701e-04 -8.012231783263034810e-04
1.121097661029972638e-04 -1.123524324785979238e-03
1.122361622380076563e-04 -1.391060560763242001e-03
1.123625400827549595e-04 -1.677908053035920147e-03
1.124889058696870400e-04 -1.991144746354602067e-03
1.126152668116991095e-04 -2.340115348436914555e-03
1.127416308858735687e-04 -2.737680424666047267e-03
1.128680065913990346e-04 -3.202311567003525514e-03
1.129944026869639429e-04 -3.761810936531059281e-03
1.131208279208782046e-04 -4.460365616571169110e-03
1.132507164049939775e-04 -5.401842915374126773e-03
1.133806531286512620e-04 -6.722251959447538179e-03
1.135106457695826806e-04 -8.749113692961742877e-03
1.136407008636221191e-04 -1.233612607228800999e-02
1.137708235738588261e-04 -2.063220414228666283e-02
1.139010175260475545e-04 -6.263466843778470183e-02
1.140312846759057526e-04 5.886446641609264369e-02
1.141616252390735212e-04 1.961894712683027314e-02
1.142920376845388080e-04 1.154240230950302933e-02
1.144248116878125721e-04 7.970165225942458728e-03
1.145576516424165350e-04 5.955854701909099429e-03
1.146905508811468528e-04 4.643862000897695450e-03
1.147977036806827663e-04 3.868205419237954676e-03
1.149048851355785573e-04 3.250578415717994378e-03
1.150120902187744569e-04 2.741826413702120029e-03
1.151193136797526440e-04 2.310914372188215861e-03
1.152265501639172015e-04 1.937225589730112501e-03
1.153337943347701894e-04 1.606471458921401039e-03
1.154801422971303088e-04 1.206259800229695983e-03
1.156264825685211610e-04 8.485499275200369951e-04
1.157728042151870548e-04 5.201612149325690257e-04
1.159190982130163457e-04 2.112025804983617158e-04
1.160653578304827002e-04 -8.625720483742773835e-05
1.162115789428073661e-04 -3.790702091996921434e-04
1.163577602039656385e-04 -6.736671111250407823e-04
1.165098227086966789e-04 -9.891831421374186212e-04
1.166356209273832243e-04 -1.262987096087543224e-03
1.167613984413712618e-04 -1.554251976404357090e-03
1.168871609361838478e-04 -1.869925282233622470e-03
1.170129152224813488e-04 -2.219046289353631459e-03
1.171386690119496687e-04 -2.613911233494987246e-03
1.172644306704428107e-04 -3.072005874909931010e-03
1.173902089487173094e-04 -3.619400676263242501e-03
1.175160126950581439e-04 -4.297117827117953592e-03
1.176418505680798299e-04 -5.174053836650432600e-03
1.177765586280217079e-04 -6.477824354412403153e-03
1.179113241910713979e-04 -8.484305750782183964e-03
1.180461549990173927e-04 -1.206270477479985496e-02
1.181810571664689859e-04 -2.051033330655872844e-02
1.183160349549197877e-04 -6.770462704447394175e-02
1.184510905877754890e-04 5.073422407678332413e-02
1.185862241751952859e-04 1.805663235330041971e-02
1.187214336912744659e-04 1.074821347304234787e-02
1.188567150477207700e-04 7.481800099390220268e-03
1.189920622490308016e-04 5.602094723522055807e-03
1.191274676056282359e-04 4.360768569646520168e-03
1.192629220368345488e-04 3.464883586435410414e-03
1.194019274848768006e-04 2.760166838863275379e-03
1.195409622553294919e-04 2.193968398753656963e-03
1.196800144306334521e-04 1.720163826249341762e-03
1.198190723224142377e-04 1.309969748998346221e-03
1.199581249492659733e-04 9.442565328314854022e-04
1.200971624988496480e-04 6.095541260032491743e-04
1.202361767243216242e-04 2.958123422533372768e-04
1.204008412461892585e-04 -5.966167494927046832e-05
1.205654577440579172e-04 -4.080914707060185622e-04
1.207300244038960905e-04 -7.598393799930110160e-04
1.208616397323588910e-04 -1.050800193458300766e-03
1.209932287028022188e-04 -1.356979543559146172e-03
1.211247968032667872e-04 -1.685907115133255087e-03
1.212563511067352309e-04 -2.047219216074868363e-03
1.213879000023180687e-04 -2.453932628119939122e-03
1.215194528887920879e-04 -2.924561722731842690e-03
1.216510198182741694e-04 -3.486875635022338056e-03
1.217826111158027720e-04 -4.185056462009423273e-03
1.219142369872452155e-04 -5.094548368920693432e-03
1.220459071279093703e-04 -6.356406056152819582e-03
1.221981071219404257e-04 -8.662341612908585481e-03
1.223503894565728864e-04 -1.321760525565644252e-02
1.224666649543575028e-04 -2.173609587498553236e-02
1.225829962064046541e-04 -6.071181421330625050e-02
1.226993846649810055e-04 7.464984768872270915e-02
1.228158305524837987e-04 2.269404423493588674e-02
1.229323328513358708e-04 1.314806513584707362e-02
1.230488893309798217e-04 9.092019064288754671e-03
1.231654966105638464e-04 6.820806688129093208e-03
1.232863895254681264e-04 5.306398916340137814e-03
1.234073262638546301e-04 4.242565271827011646e-03
1.235282999907062675e-04 3.442753018325691011e-03
1.236493032257205012e-04 2.810196667168395231e-03
1.237703280861608213e-04 2.289563983868017540e-03
1.238913665465792729e-04 1.846788272752076599e-03
1.240124107022328066e-04 1.459609229352377101e-03
1.241692429243393457e-04 1.016169975695237855e-03
1.243260574387829121e-04 6.175666623755927996e-04
1.244828421412264149e-04 2.474477140517425161e-04
1.246395882195152347e-04 -1.067239128309386192e-04
1.247962906376848063e-04 -4.555296461097086856e-04
1.249529484570992689e-04 -8.089181306626902447e-04
1.250785879280078298e-04 -1.102742142657258707e-03
1.252042042110237312e-04 -1.412409262421078894e-03
1.253298023653183436e-04 -1.745410758155712446e-03
1.254553888024391212e-04 -2.111348731575998870e-03
1.255809710595105798e-04 -2.523184839947208505e-03
1.257065575258320390e-04 -2.999309174805453015e-03
1.258321571359155642e-04 -3.567191082855925184e-03
1.259577790444681503e-04 -4.270282086724943443e-03
1.260834322913745775e-04 -5.182193349609716913e-03
1.262091254652081935e-04 -6.439054584236186818e-03
1.263609276678626689e-04 -8.844346854216231929e-03
1.264868406216760905e-04 -1.253637129401474412e-02
1.266128145818778484e-04 -2.114560640501201086e-02
1.267388531455538420e-04 -6.659630736829408315e-02
1.268649582116976207e-04 5.660650324539957812e-02
1.269911299042278006e-04 1.945691299486006914e-02
1.271173665567526664e-04 1.150724196535347389e-02
1.272436647741113295e-04 7.995713135386392847e-03
1.273700195568681372e-04 5.987081986270272049e-03
1.274964244838278896e-04 4.665919634826213441e-03
1.276228719470087693e-04 3.715393891768025304e-03
1.277527238240021930e-04 2.969286695947417551e-03
1.278826017266284103e-04 2.371485405184429410e-03
1.280124955650453734e-04 1.872580298921908267e-03
1.281423953999079725e-04 1.441835137474395834e-03
1.282722918447269005e-04 1.058894015353639261e-03
1.284021764430836221e-04 7.094869144846738078e-04
1.285320420107641389e-04 3.830314783932578819e-04
1.286995147125999297e-04 -1.748592640903832160e-05
1.288669390218887250e-04 -4.084444355964449223e-04
1.290343128754863273e-04 -8.033562550885926887e-04
1.291589676978681118e-04 -1.108403810202644550e-03
1.292835998612735572e-04 -1.430048833265761465e-03
1.294082143876354300e-04 -1.776363875032892269e-03
1.295328176674386325e-04 -2.157743288748776786e-03
1.296574172220294223e-04 -2.588311872319862435e-03
1.297820214221383944e-04 -3.088284908808023362e-03
1.299066391718499414e-04 -3.688191265494441488e-03
1.300312795686625611e-04 -4.436998835677807493e-03
1.301559515571682282e-04 -5.419178575476990903e-03
1.302809956318809557e-04 -6.799250683130806001e-03
1.304060876493559650e-04 -8.924222740288702618e-03
1.305312341672968822e-04 -1.271969829725829587e-02
1.306564403554711263e-04 -2.171624874624541318e-02
1.307817097931789107e-04 -7.301630125967056850e-02
1.309070443260714714e-04 5.242282939206393405e-02
1.310324439892631896e-04 1.889050477482083490e-02
1.311579069982590957e-04 1.128000888892979198e-02
1.312837092464849979e-04 7.858791227197074042e-03
1.314095663714133662e-04 5.887204704886863336e-03
1.315111486779459128e-04 4.800919528071973148e-03
1.316127583629546815e-04 3.973983802910910877e-03
1.317143909763178965e-04 3.315772697872529113e-03
1.318160417853854406e-04 2.773005823378852774e-03
1.319177058966248758e-04 2.312226046675740655e-03
1.320193783822079016e-04 1.911283423460300194e-03
1.321452824848367538e-04 1.475198431236011357e-03
1.322711833459989136e-04 1.087274679995771766e-03
1.323970731429740448e-04 7.332042176426816502e-04
1.325229452281290741e-04 4.023630048240809504e-04
1.326487944007645383e-04 8.638104778744230957e-05
1.327746171197806511e-04 -2.217857251806159744e-04
1.329004116483908351e-04 -5.285195887558971975e-04
1.330359468140658596e-04 -8.646759580100292410e-04
1.331714520498588521e-04 -1.214834671191564706e-03
1.332827007366890542e-04 -1.519654528090778195e-03
1.333939365058131805e-04 -1.847156430859736532e-03
1.335051641385332671e-04 -2.205840626150493578e-03
1.336163891418519641e-04 -2.607024363292837106e-03
1.337276175746499095e-04 -3.066442010813912652e-03
1.338388558557301736e-04 -3.606971086540349154e-03
1.339501105591528192e-04 -4.263563263914545327e-03
1.340633939485402868e-04 -5.109859812935892663e-03
1.341767077085159331e-04 -6.239954220547608635e-03
1.342900579300066203e-04 -7.857413342215900307e-03
1.344034499954806640e-04 -1.041818389348044167e-02
1.345168883971193221e-04 -1.519915382096807127e-02
1.346303765842949470e-04 -2.766349088567457426e-02
1.347439168452566104e-04 -1.527187118918453823e-01
1.348575102272710506e-04 4.253015938073204105e-02
1.349711564982972645e-04 1.832481610106866457e-02
1.350916654900952390e-04 1.120317879419086698e-02
1.352122288940465177e-04 7.896186533816877337e-03
1.353328419881287396e-04 5.957161651951076338e-03
1.354320726396895111e-04 4.860758825079156652e-03
1.355313290271825211e-04 4.025160637208412620e-03
1.356306069242237968e-04 3.359444000324143982e-03
1.357299018410911050e-04 2.810067682026955605e-03
1.358292091407097587e-04 2.343368066281764552e-03
1.359285241590868520e-04 1.937034813202205682e-03
1.360511952351459099e-04 1.495880157284183937e-03
1.361738629929870614e-04 1.103113956800458708e-03
1.362965201162308706e-04 7.443743652745390352e-04
1.364191604009482299e-04 4.089782965186513210e-04
1.365417790069016349e-04 8.849485833802737337e-05
1.366643726548796563e-04 -2.241829309430558683e-04
1.367869397613833099e-04 -5.355041945160005437e-04
1.369179530010889497e-04 -8.740282978989349048e-04
1.370489385763496359e-04 -1.226540065910954351e-03
1.371799011229459517e-04 -1.602720309246659933e-03
1.373002876298822091e-04 -1.979881349631395192e-03
1.374206666664935979e-04 -2.400000905967918097e-03
1.375160420580510685e-04 -2.774787723007455902e-03
1.376114213550744150e-04 -3.199739641264877192e-03
1.377068087063353498e-04 -3.692091492321736106e-03
1.378022083253959622e-04 -4.277023601611053966e-03
1.378976243871211059e-04 -4.993031145603186831e-03
1.379930609244579343e-04 -5.902285947383820001e-03
1.381190205746938280e-04 -7.591230241097628867e-03
1.382450302093024552e-04 -1.037176900653513645e-02
1.383710962455217050e-04 -1.598557654293436547e-02
1.384972234627892737e-04 -3.405492673602015380e-02
1.386234147910112078e-04 2.569072707025740199e-01
1.387285573421809422e-04 3.108475999095493270e-02
1.388337445229853541e-04 1.626821747825694942e-02
1.389389748407340863e-04 1.083141653936025954e-02
1.390442458813429612e-04 7.975909100391025131e-03
1.391495543806840513e-04 6.194064427261549051e-03
1.392548963219838434e-04 4.960268464243646445e-03
1.393602670565093331e-04 4.043175829068971008e-03
1.394841494442017457e-04 3.213980278035274019e-03
1.396080555810681181e-04 2.556821150187604027e-03
1.397319762887187127e-04 2.012678961432665201e-03
1.398559025121307660e-04 1.545520207652525480e-03
1.399798257039307756e-04 1.131824923968670913e-03
1.401037381892019957e-04 7.552888867039601580e-04
1.402276334949331986e-04 4.039191022536218903e-04
1.403934219207970426e-04 -4.310838838503850713e-05
1.405591636917280670e-04 -4.804409982605254044e-04
1.406858881646906774e-04 -8.190117077238629351e-04
1.408125864443025496e-04 -1.169928973416223695e-03
1.409392624438468469e-04 -1.542392249305681419e-03
1.410598452257023005e-04 -1.927421651805293025e-03
1.411804193325671779e-04 -2.355337013430836186e-03
1.412756051809400883e-04 -2.735098330182526329e-03
1.413707941647181015e-04 -3.165173374560466702e-03
1.414659904417858933e-04 -3.663057157241817168e-03
1.415611982551344590e-04 -4.254338361852869586e-03
1.416564218242129160e-04 -4.978210560560092542e-03
1.417516652336825575e-04 -5.898147722397164075e-03
1.418714094711618495e-04 -7.510794980168961944e-03
1.419911979461719893e-04 -1.009471282813901964e-02
1.421110363792778405e-04 -1.504947711552014587e-02
1.422309291270509304e-04 -2.892636936171984890e-02
1.423508789999396119e-04 -3.618969194519879307e-01
1.424708871428501306e-04 3.373979257315269653e-02
1.425909529839092357e-04 1.578476641389957996e-02
1.427110742537036187e-04 1.007912086026731442e-02
1.428332033386612090e-04 7.197110887619053397e-03
1.429335168455167786e-04 5.712551523106156222e-03
1.430338587143645192e-04 4.640788662125981505e-03
1.431342246778758071e-04 3.820172268007614516e-03
1.432346101021671691e-04 3.163100742795708908e-03
1.433350101201184975e-04 2.617865266433763542e-03
1.434354197721490862e-04 2.151864660707244852e-03
1.435537203906877082e-04 1.675473025096266668e-03
1.436720199151472115e-04 1.255109943459520490e-03
1.437903113702392749e-04 8.741091026473831902e-04
1.439085887489565069e-04 5.202989005042095959e-04
1.440268472591592136e-04 1.842518591623730224e-04
1.441450835210629055e-04 -1.418250349755155308e-04
1.442632957084473910e-04 -4.648617853815724464e-04
1.443904609093316343e-04 -8.166900152520638421e-04
1.445175999203678443e-04 -1.181467554394400677e-03
1.446447167395397142e-04 -1.569244995163705369e-03
1.447630534211539035e-04 -1.961934762901705164e-03
1.448813820783643059e-04 -2.398858429268518541e-03
1.449749020824790257e-04 -2.787564673447584344e-03
1.450684253116303840e-04 -3.228432299234773942e-03
1.451619557675091782e-04 -3.739751579834933899e-03
1.452554975279961010e-04 -4.348377171397737641e-03
1.453490546419530110e-04 -5.095633708279790307e-03
1.454426310198312711e-04 -6.048838660910295199e-03
1.455651055241453636e-04 -7.815501865810633997e-03
1.456876265881297734e-04 -1.075241731604656241e-02
1.458102002323834233e-04 -1.679876796329965449e-02
1.459328308986659092e-04 -3.742239412556792183e-02
1.460555212471316086e-04 1.622570417620590455e-01
1.461782720325717163e-04 2.507299794487861250e-02
1.462985853197997909e-04 1.341645945838696591e-02
1.464189525931747172e-04 8.949488336830804802e-03
1.465393693431852684e-04 6.548419504759287087e-03
1.466360402937134716e-04 5.279307961180271236e-03
1.467327356676449701e-04 4.332572084186785827e-03
1.468294514399603242e-04 3.589922559033490671e-03
1.469261833087229599e-04 2.984056849229055255e-03
1.470229268135370658e-04 2.473755580345719622e-03
1.471196774602630979e-04 2.032258982755649323e-03
1.472368883342713207e-04 1.563854371727675056e-03
1.473540958833975884e-04 1.147489964689011850e-03
1.474712935191947196e-04 7.674433515566013529e-04
1.475884757046618976e-04 4.120578955682137876e-04
1.477056381869914625e-04 7.213863586887862139e-05
1.478227781775097709e-04 -2.600883290493894687e-04
1.479398944713918192e-04 -5.917251281306780278e-04
1.480602946090708242e-04 -9.395393866975524288e-04
1.481806724183806409e-04 -1.302483262104573401e-03
1.483010318776730157e-04 -1.690312577433258998e-03
1.484213785116716392e-04 -2.115390960402915594e-03
1.485211112655715547e-04 -2.507673836577331040e-03
1.486208443088820014e-04 -2.950086892823390941e-03
1.487205824052843990e-04 -3.461195695075916772e-03
1.488203305136358301e-04 -4.068364845371732347e-03
1.489200936372871370e-04 -4.814024633864968407e-03
1.490198766685450131e-04 -5.768091121577903491e-03
1.491196842352993264e-04 -7.054999168502351994e-03
1.492616728095467701e-04 -9.996227428283020050e-03
1.493781262046938634e-04 -1.477762965813853892e-02
1.494946297539321775e-04 -2.767880285333761473e-02
1.496111862190030960e-04 -2.112982002520961688e-01
1.497277967804646844e-04 3.677861509904441217e-02
1.498444609842358884e-04 1.656784701224027836e-02
1.499611767570384455e-04 1.045942352149452532e-02
1.500779404904292486e-04 7.463655333148897821e-03
1.501947471902875396e-04 5.653743069057566226e-03
1.503115906857543558e-04 4.419903496835945848e-03
1.504284638890713655e-04 3.508019748104108850e-03
1.505453590954228336e-04 2.793050511830844681e-03
1.506675284643107496e-04 2.181905213324362557e-03
1.507897040769970312e-04 1.663791709314467590e-03
1.509118773638192564e-04 1.209026418051928776e-03
1.510340406423793861e-04 7.975278388364802264e-04
1.511561874794176792e-04 4.147919288789036108e-04
1.512783129960356895e-04 4.958601155145180077e-05
1.514004141009082070e-04 -3.074986074652276045e-04
1.515290773030328092e-04 -6.845467847866912141e-04
1.516577131754843274e-04 -1.072296437025874400e-03
1.517624743111197058e-04 -1.403839513027082013e-03
1.518672225491503336e-04 -1.757289836430592309e-03
1.519719617533841929e-04 -2.141814684679118654e-03
1.520766965404287275e-04 -2.569490293556444139e-03
1.521814321205522164e-04 -3.057011668836338413e-03
1.522861741127358513e-04 -3.628603515659365678e-03
1.523909283472417680e-04 -4.321298748989570344e-03
1.524957597049367319e-04 -5.195794045214211822e-03
1.526006148127065191e-04 -6.357154374955643200e-03
1.527054989233270189e-04 -8.008927840737046708e-03
1.528104167054080765e-04 -1.060275697861502893e-02
1.529153720726885183e-04 -1.538405664148703375e-02
1.530203680449724777e-04 -2.750827454282881585e-02
1.531254066408426840e-04 -1.274847574038299736e-01
1.532304888045232739e-04 4.753601389515361986e-02
1.533356143701715120e-04 1.967285357099581369e-02
1.534424120647467438e-04 1.209859528357790266e-02
1.535492507431700454e-04 8.559701097845852369e-03
1.536561269014698899e-04 6.479198279901068717e-03
1.537630361204528047e-04 5.088178274946637998e-03
1.538699732277621333e-04 4.076464462129200488e-03
1.539572721331973276e-04 3.425389661707850444e-03
1.540445825010993753e-04 2.880701714016320730e-03
1.541319009489318381e-04 2.412899988310814731e-03
1.542192241087830807e-04 2.001985456999387514e-03
1.543065487031137302e-04 1.633838565247347496e-03
1.543938716213372913e-04 1.298120925252011122e-03
1.545257161375858119e-04 8.357795663437130648e-04
1.546575420592193354e-04 4.096661175433775827e-04
1.547893431777726963e-04 4.576627547866403342e-06
1.549211157916641289e-04 -3.920381004263833987e-04
1.550528589235268995e-04 -7.917146776682809769e-04
1.551608894460529951e-04 -1.130106449558146648e-03
1.552689036640831429e-04 -1.485936870094512700e-03
1.553769050707066242e-04 -1.868125267352840381e-03
1.554848981578272769e-04 -2.288093270594161819e-03
1.555928882450114759e-04 -2.761304682999161150e-03
1.557008812762232649e-04 -3.309837685451450309e-03
1.558088835918052288e-04 -3.966980093252459733e-03
1.559169016834197454e-04 -4.786061249549273915e-03
1.560249419398269954e-04 -5.858982035972388688e-03
1.561401396648465342e-04 -7.480914198435570026e-03
1.562553759931286138e-04 -1.006635101576106375e-02
1.563706564418369999e-04 -1.499119721923456404e-02
1.564859852306125241e-04 -2.860404293225827718e-02
1.566013650912290861e-04 -2.961549096393462643e-01
1.567167971425946851e-04 3.477177902102916718e-02
1.568322808371360496e-04 1.607350730146976658e-02
1.569478139814818271e-04 1.021587289389425286e-02
1.570656493131191290e-04 7.261368310236424040e-03
1.571609307891565991e-04 5.762007041151363980e-03
1.572562362733011764e-04 4.674966756021002763e-03
1.573515618510400226e-04 3.839444851123256092e-03
1.574469033003950916e-04 3.167940342136007191e-03
1.575422562124868722e-04 2.608627021231296750e-03
1.576376161349302618e-04 2.128723989131237320e-03
1.577485868172811092e-04 1.641578491713008292e-03
1.578595546292333493e-04 1.208968979727004971e-03
1.579705137823305436e-04 8.144027215647404528e-04
1.580814594113700503e-04 4.456764132509795991e-04
1.581923877826023404e-04 9.318177431135833222e-05
1.583032964532641099e-04 -2.511905815191370827e-04
1.584141843740232965e-04 -5.948381429149078668e-04
1.585279545567638685e-04 -9.544261606774048388e-04
1.586417052872785320e-04 -1.329548600062844740e-03
1.587554400442084087e-04 -1.730275278888585705e-03
1.588691636525019907e-04 -2.169358104630125881e-03
1.589828820725390100e-04 -2.664058685981591807e-03
1.590966021385440050e-04 -3.239233853468682662e-03
1.592103312554922088e-04 -3.932968309932747229e-03
1.593240770680519130e-04 -4.807738415486081072e-03
1.594378471205550572e-04 -5.974822405673252228e-03
1.595516485195075634e-04 -7.654967011776175889e-03
1.596905864631330860e-04 -1.120175858204018257e-02
1.598017597696715171e-04 -1.728747727563498260e-02
1.599129784862440525e-04 -3.691149524105823837e-02
1.600242447279309928e-04 2.731418871418653804e-01
1.601355591589684736e-04 2.850018473909105357e-02
1.602469209576608375e-04 1.472240534616209816e-02
1.603583278477644649e-04 9.704846720077068764e-03
1.604697761981913582e-04 7.064690347058207032e-03
1.605812611774686221e-04 5.406843553589159475e-03
1.606927769595513692e-04 4.247850987140925488e-03
1.608043169727553490e-04 3.375496849584205036e-03
1.609166708726722907e-04 2.677210409927042577e-03
1.610290348648149258e-04 2.097698577657988554e-03
1.611414017608366024e-04 1.598838265800036273e-03
1.612537648536418566e-04 1.155692503613323400e-03
1.613661182133364718e-04 7.509055996175581418e-04
1.614784569500173495e-04 3.716238117055908874e-04
1.615907774318353825e-04 7.665207634769858353e-06
1.617214272655934082e-04 -4.079917136807625086e-04
1.618520485858333899e-04 -8.274211520147595634e-04
1.619559999613780546e-04 -1.172729274282660996e-03
1.620599367037350456e-04 -1.536352621454475063e-03
1.621638620797596821e-04 -1.927459968122258432e-03
1.622677802454324013e-04 -2.357834136322818977e-03
1.623716960876492126e-04 -2.843474160729681215e-03
1.624756150433043504e-04 -3.407279747896193797e-03
1.625795428963833558e-04 -4.083860553823910264e-03
1.626834855486453178e-04 -4.928807936180263846e-03
1.627885587722711024e-04 -6.052028716423996611e-03
1.628936586547074627e-04 -7.635139434057202495e-03
1.629987902614760500e-04 -1.009411327106294470e-02
1.631039578868881900e-04 -1.455533581290708450e-02
1.632091648719436957e-04 -2.550868311602176933e-02
1.633144134802545810e-04 -1.004274201756671925e-01
1.634197048108784311e-04 5.097060876253883821e-02
1.635250387524282993e-04 1.994262604722698076e-02
1.636304139744545734e-04 1.214844990751359245e-02
1.637461544399637615e-04 8.295319295743936935e-03
1.638424100976940655e-04 6.423454529751748861e-03
1.639386913259399095e-04 5.126373255170089092e-03
1.640349941638349635e-04 4.160526634027151421e-03
1.641313142509177999e-04 3.402102076021165222e-03
1.642276469935159168e-04 2.781330025356467620e-03
1.643239877135388254e-04 2.255736100457608750e-03
1.644292318748858902e-04 1.758219697054346203e-03
1.645344743507449158e-04 1.317459564193207335e-03
1.646397099957916041e-04 9.166278656840686368e-04
1.647449344179677049e-04 5.433347349133094877e-04
1.648501441515426945e-04 1.879060065489818697e-04
1.649553368059731618e-04 -1.577207303377006363e-04
1.650605111774318130e-04 -5.007735648125734860e-04
1.651724007343100713e-04 -8.708417827518513113e-04
1.652842711610892136e-04 -1.254882254264356664e-03
1.653961254956537723e-04 -1.663210850203898639e-03
1.655079681433993110e-04 -2.108722020508789485e-03
1.656198046825628663e-04 -2.608715154857535815e-03
1.657316416042381522e-04 -3.187951874862845428e-03
1.658434860115281866e-04 -3.884210032481056826e-03
1.659553452955405523e-04 -4.759252962059049887e-03
1.660672267980589515e-04 -5.922732954416706254e-03
1.661791374747775157e-04 -7.591350317306696724e-03
1.663099072216469643e-04 -1.088591540674542328e-02
1.664407334207075064e-04 -1.844231154955219484e-02
1.665408803107164542e-04 -3.830326818750557499e-02
1.666410652063625322e-04 4.990444877598970153e-01
1.667412886148174377e-04 3.263363216868901684e-02
1.668415500284314216e-04 1.656029138425995154e-02
1.669418479116215168e-04 1.088192595948307001e-02
1.670421797668504712e-04 7.936893783201426009e-03
1.671425422482971062e-04 6.106805041636858764e-03
1.672438336850435778e-04 4.829561769388993932e-03
1.673451473293205145e-04 3.879095252116810440e-03
1.674464779447329128e-04 3.131496299294428756e-03
1.675478200755555998e-04 2.517409662208277762e-03
1.676491682398119408e-04 1.994765061275021855e-03
1.677505171445142079e-04 1.536330884030229910e-03
1.678518619037372406e-04 1.123456777906622038e-03
1.680003577371632609e-04 5.734269397288678906e-04
1.681488250430841346e-04 6.184952812148665718e-05
1.682972576139719618e-04 -4.350167995554312327e-04
1.684071739137994880e-04 -8.059915562695724395e-04
1.685170715149671790e-04 -1.189288297414609584e-03
1.686269530711616315e-04 -1.594922049730087155e-03
1.687368225687759296e-04 -2.035232458457846439e-03
1.688466851570855293e-04 -2.526558541440617096e-03
1.689565469037541360e-04 -3.091994757549914111e-03
1.690664145127136471e-04 -3.766317110433694670e-03
1.691762950232768531e-04 -4.605538953973492382e-03
1.692861954940249854e-04 -5.707278456633852783e-03
1.693961226745762153e-04 -7.259697817071312370e-03
1.695168725590123836e-04 -9.995556435681738142e-03
1.696376688378755347e-04 -1.548181057298170238e-02
1.697376548937708229e-04 -2.765821727692632792e-02
1.698376781468723096e-04 -1.261319131997419851e-01
1.699377394843759105e-04 4.845729022009538645e-02
1.700378387216051868e-04 1.995469945053826924e-02
1.701379746507811176e-04 1.232252978731388122e-02
1.702381450854440577e-04 8.730564315114068205e-03
1.703383469070724528e-04 6.609773744141241025e-03
1.704385761980439730e-04 5.187145601235679075e-03
1.705410108380660055e-04 4.129804048682304655e-03
1.706434640525009063e-04 3.314119179685263115e-03
1.707459301767461806e-04 2.653731314372309753e-03
1.708484034879594895e-04 2.097847128877487147e-03
1.709508784265663037e-04 1.614379870942663029e-03
1.710533498066455947e-04 1.181787295917279294e-03
1.711558130520700436e-04 7.847675691183336397e-04
1.713056902824469391e-04 2.446868239666692355e-04
1.714555340451684841e-04 -2.714433261212838506e-04
1.715680661728308405e-04 -6.575832051151211726e-04
1.716805781635606838e-04 -1.053178057990400126e-03
1.717930723054070501e-04 -1.468932701235196696e-03
1.719055524374415783e-04 -1.917760881836385939e-03
1.719989757477794249e-04 -2.327661483816643399e-03
1.720923965641590523e-04 -2.785017078563419100e-03
1.721858188701208461e-04 -3.308026526381914120e-03
1.722792469327373956e-04 -3.923211845153718944e-03
1.723544840730600891e-04 -4.512519328813393606e-03
1.724297300836955514e-04 -5.220001425725131518e-03
1.725049871988095971e-04 -6.095962659810037244e-03
1.725802575289732486e-04 -7.222923639671675021e-03
1.726555430470418974e-04 -8.746575352074022203e-03
1.727308454921410970e-04 -1.095088689273862430e-02
1.728196837723813806e-04 -1.534582954357396542e-02
1.729085496876961502e-04 -2.521671346377613726e-02
1.729974446530887469e-04 -6.953587375618895672e-02
1.730863694223202381e-04 9.042590842616916869e-02
1.731753240618378513e-04 2.697444283700628151e-02
1.732643080234303433e-04 1.559918489404930539e-02
1.733533200549847175e-04 1.079007178156466372e-02
1.734587840888611996e-04 7.728749439605300114e-03
1.735642808370698202e-04 5.863992303908325751e-03
1.736495300807007459e-04 4.800030847114548915e-03
1.737347944543278044e-04 3.971570938665785512e-03
1.738200707839673777e-04 3.299461995947202807e-03
1.739053557521080525e-04 2.735801364024613349e-03
1.739906460339043842e-04 2.249782297952925437e-03
1.740759383513240677e-04 1.820570561692661004e-03
1.741827141300250734e-04 1.341219790820340468e-03
1.742894827740671944e-04 9.074409732791569472e-04
1.743962396418154267e-04 5.042727384962749282e-04
1.745029811942894638e-04 1.201389164718951803e-04
1.746097051479516345e-04 -2.546143535680341833e-04
1.747164105579513771e-04 -6.287460694612963209e-04
1.748230978658082068e-04 -1.010959487934661285e-03
1.749297689180090085e-04 -1.410729571238470478e-03
1.750364268650639625e-04 -1.839293928795756542e-03
1.751478262885899136e-04 -2.333343767225173893e-03
1.752365470760669573e-04 -2.775377787395308556e-03
1.753252690081860536e-04 -3.277692243957889065e-03
1.754139957521642045e-04 -3.863473727241850588e-03
1.755027310974482751e-04 -4.567580031798750169e-03
1.755768752393145778e-04 -5.285722004876721933e-03
1.756510301748761367e-04 -6.176048548817039512e-03
1.757251979415903399e-04 -7.323394824643452046e-03
1.757993804210232166e-04 -8.878027224507539436e-03
1.758586980520174031e-04 -1.060226646661216639e-02
1.759180269316561564e-04 -1.306620305926289687e-02
1.759773676864000028e-04 -1.691074628609452041e-02
1.760367208843649717e-04 -2.381639316891416905e-02
1.760960868949857435e-04 -4.005028779940376232e-02
1.761656515376781840e-04 -1.989388468796654819e-01
1.762352343691757145e-04 6.619154066440767481e-02
1.763048353658938205e-04 2.805806610400799622e-02
1.763744542119913175e-04 1.760745432994087825e-02
1.764440903688201676e-04 1.268739760467487744e-02
1.765137430384063251e-04 9.803721840699140128e-03
1.766383776430583568e-04 6.779595019566222146e-03
1.767406263560189093e-04 5.254682415266939861e-03
1.768428985156764654e-04 4.159412182249262908e-03
1.769451886953475085e-04 3.318873356785046348e-03
1.770474911537122927e-04 2.640442199089439168e-03
1.771498001120423021e-04 2.070195796233105425e-03
1.772521099820079603e-04 1.574310877499284162e-03
1.773544155905544388e-04 1.130175665000557848e-03
1.774918795436447019e-04 5.873129840867066451e-04
1.776293193562966731e-04 8.089994660860080292e-05
1.777667300064496227e-04 -4.110584205840660623e-04
1.778720955999920142e-04 -7.908207992476824896e-04
1.779774442670374721e-04 -1.182630805089484715e-03
1.780827783244430973e-04 -1.596695943408683828e-03
1.781881013359022030e-04 -2.045538703018317563e-03
1.782934179018260410e-04 -2.545684910852837046e-03
1.783987334479226984e-04 -3.120428567076808431e-03
1.785040540083047023e-04 -3.804756756544958908e-03
1.786093859362090268e-04 -4.654876664242516525e-03
1.787147355920263474e-04 -5.768451544366988079e-03
1.788201090793011460e-04 -7.332996729374957612e-03
1.789372929344691600e-04 -1.012307721255697839e-02
1.790545195065990590e-04 -1.574222644833937063e-02
1.791717936077986408e-04 -3.397445479603024288e-02
1.792650407824346521e-04 -4.000151604711379982e-01
1.793583204494237911e-04 4.027395607527398114e-02
1.794516322738764981e-04 1.883874640591643931e-02
1.795449751386337279e-04 1.206917402060992198e-02
1.796383471276900401e-04 8.704911892591435732e-03
1.797317455561406731e-04 6.663045011040324289e-03
1.798251671599650084e-04 5.270640537505619054e-03
1.799247668264575912e-04 4.185457136935612221e-03
1.800243834258726590e-04 3.349644573074507699e-03
1.801240116343443790e-04 2.673438220072302599e-03
1.802236460553168006e-04 2.104241089298298541e-03
1.803232814866883975e-04 1.608907813452620282e-03
1.804229131133198072e-04 1.165209050075939222e-03
1.805225366880502469e-04 7.573449101420257285e-04
1.806680272429753305e-04 2.019003663232773777e-04
1.808134863198519206e-04 -3.311302451309936380e-04
1.809204217425664028e-04 -7.231891064456992101e-04
1.810273395706432241e-04 -1.126276230090387338e-03
1.811342420169361454e-04 -1.551304010262244274e-03
1.812411326598527565e-04 -2.011576494265966426e-03
1.813480162426833449e-04 -2.524640285833853852e-03
1.814548984176495483e-04 -3.115327912975000921e-03
1.815617855060189321e-04 -3.821232462507135382e-03
1.816686841950669313e-04 -4.703455774414526044e-03
1.817756011787097464e-04 -5.869905626779018358e-03
1.818825428577555106e-04 -7.532579404854060183e-03
1.819987935085319141e-04 -1.048303685207157068e-02
1.821150863595111496e-04 -1.659053192175879293e-02
1.822117207681558200e-04 -3.126613634024111993e-02
1.823083891545101878e-04 -2.589656208532453707e-01
1.824050922136376447e-04 4.054822567597744093e-02
1.825018296009421484e-04 1.845258832025228196e-02
1.825986000519835947e-04 1.170616056694153383e-02
1.826954013303782980e-04 8.388498229974698447e-03
1.827922303389209588e-04 6.383047719715029093e-03
1.828890833026663499e-04 5.016773895725535823e-03
1.829877710338308184e-04 3.992001482508755403e-03
1.830864740292327791e-04 3.193232941759451948e-03
1.831851870377395599e-04 2.540749215846996659e-03
1.832839047939108961e-04 1.987037717604159346e-03
1.833826222882119000e-04 1.501725353736976104e-03
1.834813349199276617e-04 1.064169439556258371e-03
1.835800387269292434e-04 6.594981422381172333e-04
1.837243169763941254e-04 1.039508376067290314e-04
1.838412596242421798e-04 -3.321305849197866305e-04
1.839581804498810198e-04 -7.697975183532648411e-04
1.840555400276331786e-04 -1.145183127166291958e-03
1.841528870313965038e-04 -1.539699733631377495e-03
1.842502241723895605e-04 -1.963834926763941870e-03
1.843475549642398345e-04 -2.431083737733007611e-03
1.844448836480603476e-04 -2.959885899221738510e-03
1.845422149252127142e-04 -3.576924687114289066e-03
1.846395538226905397e-04 -4.323147519223502142e-03
1.847369054669863436e-04 -5.265678452314868051e-03
1.848360741990530875e-04 -6.551180810119964365e-03
1.849352663050213871e-04 -8.415626116651083594e-03
1.850344861458135101e-04 -1.144821849916154675e-02
1.851337373530029056e-04 -1.743598773516554304e-02
1.852330226759606169e-04 -3.556836917504097723e-02
1.853323437640938987e-04 9.845117621402315056e-01
1.854317012126925461e-04 3.259141010328040627e-02
1.855310944964970899e-04 1.623897581755110245e-02
1.856318050870124495e-04 1.053056318496128733e-02
1.857325479009452928e-04 7.604393228670306738e-03
1.858333191664047525e-04 5.792264331013896074e-03
1.859155104147923389e-04 4.739164859941811039e-03
1.859977147526625752e-04 3.915062601860203571e-03
1.860799291885834083e-04 3.243500796477040427e-03
1.861621506700370725e-04 2.677941158076253998e-03
1.862443761136432286e-04 2.188299956164794363e-03
1.863266025618896034e-04 1.754132386732258674e-03
1.864336115184315231e-04 1.248726401888869538e-03
1.865406119833014234e-04 7.900741588044092774e-04
1.866475995309376619e-04 3.615368544928066201e-04
1.867545709599507269e-04 -4.991519243194877221e-05
1.868615245455885229e-04 -4.554245555774484762e-04
1.869684600796399972e-04 -8.655072345775177353e-04
1.870753788388143299e-04 -1.291168127688689356e-03
1.871822835942973625e-04 -1.745127969876006943e-03
1.872891784718588349e-04 -2.243473010258254050e-03
1.873781570578650932e-04 -2.707750370687652969e-03
1.874671358623052921e-04 -3.235746914206191933e-03
1.875561186577241540e-04 -3.853320042906084857e-03
1.876451093540542508e-04 -4.599875212459070967e-03
1.877341118901666218e-04 -5.539186660727286014e-03
1.878231300618414177e-04 -6.782391915568670819e-03
1.879121674337458359e-04 -8.542865233853280671e-03
1.880409726601231480e-04 -1.310574572966754017e-02
1.881434910315994322e-04 -2.199575452117112292e-02
1.882460464072768520e-04 -6.591952993659423721e-02
1.883486401090632683e-04 6.532067098413070483e-02
1.884512722051426379e-04 2.140178304216180591e-02
1.885539414797932913e-04 1.251171591190788218e-02
1.886566453937827596e-04 8.624364650983130931e-03
1.887593803268673438e-04 6.402750747408999729e-03
1.888621417041583175e-04 4.936208754095108495e-03
1.889649241623150768e-04 3.873929405797677493e-03
1.890677218901657926e-04 3.051648195681836307e-03
1.891710786297636654e-04 2.378539910586053435e-03
1.892744386373653527e-04 1.807437006630338702e-03
1.893777962529044991e-04 1.305422309536696064e-03
1.894811464196665361e-04 8.502131590415483225e-04
1.895844850174758004e-04 4.256642824639763852e-04
1.896878090373975022e-04 1.918596483660386812e-05
1.897911166536449680e-04 -3.798894861663493195e-04
1.898952227457303184e-04 -7.846851850375787104e-04
1.899993127092416338e-04 -1.202456128493491639e-03
1.901033888090446721e-04 -1.644999466093423693e-03
1.902074546154155609e-04 -2.126916419390851437e-03
1.903115147684466472e-04 -2.667766771647160466e-03
1.904155747134537058e-04 -3.295690819988278657e-03
1.905196405102909068e-04 -4.054073295365677281e-03
1.906237184694025506e-04 -5.014983221937827258e-03
1.907278148562080000e-04 -6.309285448061796413e-03
1.908319356056956768e-04 -8.204119626895231207e-03
1.909553902899845525e-04 -1.217960142290085840e-02
1.910579887395804548e-04 -1.967887937710588800e-02
1.911606236462319933e-04 -4.942822529243579011e-02
1.912632965742611633e-04 9.605181321004098438e-02
1.913660077931785886e-04 2.387753250243007316e-02
1.914687562842895920e-04 1.332760436028613237e-02
1.915715396506138541e-04 9.016453185675852092e-03
1.916743543672641786e-04 6.627704731089411119e-03
1.917771959226216767e-04 5.078814630597028659e-03
1.918800589647063671e-04 3.969861209093739594e-03
1.919829376644174032e-04 3.118340727468707496e-03
1.920858259322558712e-04 2.428685770075169736e-03
1.921930856872049523e-04 1.822627065906993029e-03
1.923003429137029249e-04 1.293513058103107870e-03
1.924075919495419717e-04 8.154814220907794908e-04
1.925148282418576325e-04 3.700456767519406183e-04
1.926220485734290381e-04 -5.713509385962734671e-05
1.927292511556668111e-04 -4.782725529724669877e-04
1.928364358337638490e-04 -9.049045188246703951e-04
1.929436040850894313e-04 -1.349188157792832049e-03
1.930507588469427790e-04 -1.825349440500010148e-03
1.931590042527623794e-04 -2.357412167668539778e-03
1.932441812088523075e-04 -2.828927263108967517e-03
1.933293590065705164e-04 -3.366531393603816938e-03
1.934145410491646875e-04 -3.996757456497688696e-03
1.934997308086663481e-04 -4.760097512383307250e-03
1.935725242034101268e-04 -5.566060800985746758e-03
1.936453278809547479e-04 -6.583596123537249593e-03
1.937181438338498099e-04 -7.928001195104771373e-03
1.937909738777639950e-04 -9.815135265858896535e-03
1.938473120449697815e-04 -1.191944946648218311e-02
1.939036602600145937e-04 -1.506025878449107451e-02
1.939600190076743065e-04 -2.030607318524364768e-02
1.940163887280915256e-04 -3.096048619411630870e-02
1.940727697570721240e-04 -6.481591935452461761e-02
1.941396691673472313e-04 2.144339827690846523e-01
1.942065848188489097e-04 3.992646134984466355e-02
1.942735165093870066e-04 2.176266544585094692e-02
1.943404638346000817e-04 1.478621745086804683e-02
1.944074261755012313e-04 1.106459287602686373e-02
1.944744026176365586e-04 8.730615940835599262e-03
1.945827474410682684e-04 6.340097795996208450e-03
1.946911208497705491e-04 4.802167346358595865e-03
1.947995164380123391e-04 3.703647666431841585e-03
1.949079272254201109e-04 2.859051075717213355e-03
1.950163460236628522e-04 2.172182971408656137e-03
1.951247659037710393e-04 1.587618600602012193e-03
1.952331805116586051e-04 1.070559304077283109e-03
1.953701614810899960e-04 4.776373631004375152e-04
1.955071176838082112e-04 -7.913041697056293219e-05
1.956127462958813859e-04 -5.010926765991680423e-04
1.957183576762827962e-04 -9.291592732101476874e-04
1.958239532681013901e-04 -1.375509323601779941e-03
1.959295360508910542e-04 -1.854455030478862352e-03
1.960216424236200779e-04 -2.313200997335956074e-03
1.961137457232942430e-04 -2.827337910477676838e-03
1.962058499384785617e-04 -3.420453223886508239e-03
1.962796032997096371e-04 -3.975540931996377272e-03
1.963533622761521604e-04 -4.630808544464850088e-03
1.964271291611248242e-04 -5.427590510195693350e-03
1.965009061499496234e-04 -6.432112578754832499e-03
1.965746953793757502e-04 -7.757889330576830250e-03
1.966484987370787133e-04 -9.617579129931854570e-03
1.967402997243554864e-04 -1.340487844158412718e-02
1.968321278433380500e-04 -2.157415965474707847e-02
1.969239850767274353e-04 -5.372887127888578002e-02
1.970158724256073257e-04 1.087195234036158753e-01
1.971077901487054392e-04 2.655126798990737128e-02
1.971997375042600618e-04 1.483120984886400484e-02
1.972917129391740516e-04 1.007597219961864007e-02
1.973935065991779165e-04 7.245032665713111580e-03
1.974778707128924864e-04 5.739538417777140765e-03
1.975622507384999262e-04 4.636863654002841215e-03
1.976466434978243602e-04 3.781283465852978021e-03
1.977310456801508322e-04 3.087242366135545084e-03
1.978154538601369214e-04 2.503641375232542980e-03
1.978998646736073428e-04 1.997889732722819573e-03
1.979976034403590644e-04 1.481006276342589426e-03
1.980953369397701316e-04 1.015586739191297761e-03
1.981930613087147150e-04 5.846976253869838602e-04
1.982907736686706328e-04 1.753888194472240608e-04
1.983884720392559077e-04 -2.230326165328083286e-04
1.984861556320267125e-04 -6.201847774215731588e-04
1.985838247988204756e-04 -1.025566836998986504e-03
1.986814809506325954e-04 -1.449490355705156195e-03
1.987791266892917905e-04 -1.904178759046093851e-03
1.988860567689558620e-04 -2.456152085861325503e-03
1.989693521434203385e-04 -2.942962609747632949e-03
1.990526489003169883e-04 -3.500679418965909739e-03
1.991359502647081455e-04 -4.158168206393998527e-03
1.992192595356029881e-04 -4.959939065619894082e-03
1.992971720624128198e-04 -5.904162253176958690e-03
1.993750969358197578e-04 -7.140786790906819732e-03
1.994530365900354341e-04 -8.861142074014626696e-03
1.995113095021280902e-04 -1.068776624260948417e-02
1.995695926337097653e-04 -1.334576337240514499e-02
1.996278866672893050e-04 -1.761660946159241195e-02
1.996861920828998504e-04 -2.570584350239362575e-02
1.997445093312748190e-04 -4.720256613440121374e-02
1.998096115377131121e-04 -7.144519648251353994e-01
1.998747288924723709e-04 5.375509480690856406e-02
1.999398613865255552e-04 2.561282607669762915e-02
2.000050086334501358e-04 1.662209389272444743e-02
2.000701701397790020e-04 1.216123728131045939e-02
2.001353451612471526e-04 9.472912880498672236e-03
2.002573679781540145e-04 6.491041509513920983e-03
2.003535853443365160e-04 5.032449285469907732e-03
2.004498207281098818e-04 3.968988669370153606e-03
2.005460692055469605e-04 3.142409799372374805e-03
2.006423257204354403e-04 2.467432945806103013e-03
2.007385852357235993e-04 1.893670248082794400e-03
2.008348430601096198e-04 1.389054132387892342e-03
2.009310949280589348e-04 9.317812869880408777e-04
2.010688987737909534e-04 3.287611641992603138e-04
2.011822586944051166e-04 -1.434010027800237475e-04
2.012955989446739847e-04 -6.112154894191604943e-04
2.013898375569115272e-04 -1.007999326265024854e-03
2.014840640893826292e-04 -1.421990278236220451e-03
2.015782807192223361e-04 -1.864444210151445982e-03
2.016724905939875159e-04 -2.349636303886215669e-03
2.017666974475045949e-04 -2.896943549938546004e-03
2.018609056510975951e-04 -3.534355884470058700e-03
2.019551198519101891e-04 -4.304937059420781663e-03
2.020493448861771153e-04 -5.279695046485047630e-03
2.021435854544754594e-04 -6.585974418934072844e-03
2.022459824146696197e-04 -8.684579477862037697e-03
2.023484079611829372e-04 -1.230199293703931017e-02
2.024508661561849306e-04 -2.035736326048105324e-02
2.025533599337561231e-04 -5.646144475397970458e-02
2.026558907804203906e-04 7.245301598762927953e-02
2.027584589074172606e-04 2.160462954598479229e-02
2.028610630109403592e-04 1.238811849018970485e-02
2.029685958359684402e-04 8.317491757684359471e-03
2.030554069098212402e-04 6.412810756752758239e-03
2.031422359698154521e-04 5.086946991071914816e-03
2.032290797286132262e-04 4.094271928054356476e-03
2.033159345419128779e-04 3.309779824597233050e-03
2.034027966898467317e-04 2.662905334010810896e-03
2.034896624160452232e-04 2.110553647969920597e-03
2.035847000407131223e-04 1.581637026698863710e-03
2.036797333665581677e-04 1.107455101617829413e-03
2.037747587772482450e-04 6.703130362442904101e-04
2.038697733086475544e-04 2.568185803184744472e-04
2.039647750786868882e-04 -1.439330288419263845e-04
2.040597630617098531e-04 -5.415988483476182969e-04
2.041547374050468931e-04 -9.455418332211098847e-04
2.042496992613353744e-04 -1.365734285012328150e-03
2.043446507627123202e-04 -1.813786352933669877e-03
2.044507805336476258e-04 -2.365781713132707360e-03
2.045347993376082603e-04 -2.858867789611268043e-03
2.046188189253004544e-04 -3.423078763426096183e-03
2.047028425758779034e-04 -4.088064313722884237e-03
2.047868737364592017e-04 -4.899726253404192676e-03
2.048598444584496712e-04 -5.780945428908338540e-03
2.049328255531571760e-04 -6.912836174114108875e-03
2.050058190771483844e-04 -8.444724333955428222e-03
2.050646710852520934e-04 -1.016253772942802766e-02
2.051235331974960374e-04 -1.263589581832599146e-02
2.051824061343236153e-04 -1.654891264831030023e-02
2.052412904368860710e-04 -2.376624472246649869e-02
2.053001866180188654e-04 -4.181319179496424676e-02
2.053649415973452408e-04 -2.515934952659200641e-01
2.054297113910381466e-04 6.189317606813570655e-02
2.054944960225598533e-04 2.724298938624128766e-02
2.055592951209248649e-04 1.726448637804203767e-02
2.056241082167162499e-04 1.248703108996825073e-02
2.056889345928228775e-04 9.660363421086844149e-03
2.058095434291197317e-04 6.582814115136813478e-03
2.059041729639000376e-04 5.095526795939229851e-03
2.059988197817543768e-04 4.014163697677638164e-03
2.060934791682533004e-04 3.175248973179825660e-03
2.061881462443022840e-04 2.491075412172711473e-03
2.062828161940512706e-04 1.909989880665653641e-03
2.063774844699823804e-04 1.399196671514914107e-03
2.064721470242614155e-04 9.364380282032467532e-04
2.066082353954237186e-04 3.237219350805612262e-04
2.067192413120899771e-04 -1.522068423619313195e-04
2.068302285766322550e-04 -6.241087356141889831e-04
2.069411975961701487e-04 -1.107575658475292053e-03
2.070296849609464820e-04 -1.512804156632646061e-03
2.071181642189398023e-04 -1.946702282736309866e-03
2.072066380040722157e-04 -2.422589717844704418e-03
2.072951096048143195e-04 -2.958477438778350614e-03
2.073835826457818307e-04 -3.580162602047526864e-03
2.074720610807290655e-04 -4.326791766367165011e-03
2.075605489093326989e-04 -5.261708630793195812e-03
2.076542305088420362e-04 -6.580803670215751473e-03
2.077479314809461291e-04 -8.497421892679541192e-03
2.078416558193968129e-04 -1.163040649320215732e-02
2.079354066934784213e-04 -1.788894479383881450e-02
2.080291866166561119e-04 -3.751606567440114726e-02
2.081229969891354112e-04 4.069321602279290517e-01
2.082168383422810934e-04 3.112467795677828844e-02
2.083107100790241879e-04 1.584637311095506498e-02
2.084053770222249035e-04 1.035706752621175231e-02
2.085000706932038401e-04 7.497540120239080431e-03
2.085947876216380644e-04 5.708802879214338287e-03
2.086722464153526651e-04 4.659374498719742567e-03
2.087497155222961607e-04 3.833983695806808881e-03
2.088271923100896174e-04 3.158031472133766924e-03
2.089046740960815438e-04 2.585898970400536071e-03
2.089821581846456114e-04 2.087959770280110872e-03
2.090596420591622577e-04 1.643973437995693929e-03
2.091653710112889185e-04 1.099596899998869694e-03
2.092710901032454173e-04 6.026915173078087112e-04
2.093767953823731870e-04 1.338941848544279506e-04
2.094824845383561453e-04 -3.223668448415984637e-04
2.095881567831121546e-04 -7.800869970187767136e-04
2.096938129957573579e-04 -1.253450033526291472e-03
2.097890974568636445e-04 -1.707170010949963851e-03
2.098843738049783157e-04 -2.201570666712144610e-03
2.099796458505895109e-04 -2.756543484812452524e-03
2.100567864048644823e-04 -3.269474987807198963e-03
2.101339295582341129e-04 -3.862675761265572157e-03
2.102110779458112608e-04 -4.568875689430576884e-03
2.102882342590849660e-04 -5.439198241503497878e-03
2.103654011397598192e-04 -6.558721839527600211e-03
2.104425810139452097e-04 -8.080923160386067547e-03
2.105501861624595747e-04 -1.152175266116908445e-02
2.106578259637215979e-04 -1.920786325675489029e-02
2.107458721282196067e-04 -4.088155329603963134e-02
2.108339450780565092e-04 3.264591601341824134e-01
2.109220451784909914e-04 3.215612821976589208e-02
2.110101719547491871e-04 1.658982762996593502e-02
2.110983241427574525e-04 1.094798250408586006e-02
2.111864997345043547e-04 7.986345420666013037e-03
2.112746960500216941e-04 6.129961867754195499e-03
2.113630264145547905e-04 4.832894334729904290e-03
2.114513706753577097e-04 3.858623409361197545e-03
2.115397249050218417e-04 3.085390320974516418e-03
2.116280851120732058e-04 2.444449165814252534e-03
2.117164473154517729e-04 1.893739151967886595e-03
2.118048078709544666e-04 1.405762490563389677e-03
2.118931633995245684e-04 9.614267583941499230e-04
2.120280063488994709e-04 3.364521376775684528e-04
2.121390808277707964e-04 -1.531586562929318648e-04
2.122501367990835448e-04 -6.386371296787605187e-04
2.123411561167889896e-04 -1.045205533509327650e-03
2.124321644623132629e-04 -1.470233458867136606e-03
2.125231640574692948e-04 -1.925573093015719344e-03
2.126141577152667304e-04 -2.426375350495127859e-03
2.127051490378164753e-04 -2.993354939285409154e-03
2.127961419962160958e-04 -3.656697000705444369e-03
2.128871409491041235e-04 -4.463289105962445040e-03
2.129781502846993236e-04 -5.491378265988223518e-03
2.130710977711435916e-04 -6.918494681366209841e-03
2.131640648647258756e-04 -9.040063069059961834e-03
2.132570553916773642e-04 -1.263910473666317660e-02
2.133500723126970447e-04 -2.036595251441991952e-02
2.134431179358046863e-04 -5.055701575789600666e-02
2.135361933768549578e-04 1.045694272494232663e-01
2.136292989812436905e-04 2.522332949658595905e-02
2.137224338175753799e-04 1.403231516759932511e-02
2.138244942868326465e-04 9.190484086596987026e-03
2.139265840776378698e-04 6.621117076880180322e-03
2.140063100274188954e-04 5.296920906427886842e-03
2.140860483836956737e-04 4.299497582280580738e-03
2.141657963443386096e-04 3.508759834241346760e-03
2.142455509314679330e-04 2.856052422822897771e-03
2.143253092024051268e-04 2.299085061805433358e-03
2.144050682866028039e-04 1.810178727084545093e-03
2.145032225614381673e-04 1.274173402070087049e-03
2.146013696489438606e-04 7.875377671122547321e-04
2.146995060392943425e-04 3.320877313052909624e-04
2.147976293059813187e-04 -1.064708844027308749e-04
2.148957382998648697e-04 -5.404852437826686935e-04
2.149938330022640022e-04 -9.818059762826529015e-04
2.150919148703631871e-04 -1.443101805364331233e-03
2.151899863388503464e-04 -1.939398416520140807e-03
2.152944476939191976e-04 -2.528634472818406045e-03
2.153744853868774756e-04 -3.042540077024649941e-03
2.154545245940232107e-04 -3.634477449944544403e-03
2.155345682359367928e-04 -4.337339341572092610e-03
2.156146193596615525e-04 -5.202683862297270527e-03
2.156946809589924531e-04 -6.316870587922276438e-03
2.157747558307997063e-04 -7.837222995549064652e-03
2.158814766341805446e-04 -1.110107746955468072e-02
2.159882307000453229e-04 -1.818535104422851906e-02
2.160756442112322180e-04 -3.680987872985544418e-02
2.161630837613199934e-04 1.961174612108407933e+00
2.162505498054326518e-04 3.490970574658952552e-02
2.163380419134788737e-04 1.727513602059172967e-02
2.164255589317247040e-04 1.123788079852553086e-02
2.165130988716859226e-04 8.138122167218009642e-03
2.166006591653131866e-04 6.218070138860981762e-03
2.166882366004590696e-04 4.887731107888385919e-03
2.167789302994854673e-04 3.862013237101630508e-03
2.168696342564023765e-04 3.055736081060671933e-03
2.169603441274297684e-04 2.391318321689312690e-03
2.170510555887140037e-04 1.822163661912431024e-03
2.171417647015469173e-04 1.318196051843976155e-03
2.172324679073666981e-04 8.586856555663680999e-04
2.173231624208500775e-04 4.283832999170594032e-04
2.174351074546320057e-04 -8.028075765527036098e-05
2.175470341058655479e-04 -5.819619328706590643e-04
2.176368430748025170e-04 -9.918154018256236139e-04
2.177266413608432139e-04 -1.418982030898103142e-03
2.178164308250352772e-04 -1.875287771770027230e-03
2.179062142651212676e-04 -2.375718119682622507e-03
2.179959949748462632e-04 -2.940644328592062050e-03
2.180857768630362721e-04 -3.599588165777574747e-03
2.181755640473142036e-04 -4.398198276720782438e-03
2.182653608506291473e-04 -5.412261152823223502e-03
2.183569087849516783e-04 -6.810362840794407548e-03
2.184484752482102716e-04 -8.873591554471326609e-03
2.185400638803591236e-04 -1.233365471925828780e-02
2.186316777212361198e-04 -1.959872955385351737e-02
2.187233189072316630e-04 -4.602364418392752149e-02
2.188149887607119604e-04 1.327620430768405579e-01
2.189066874909769019e-04 2.668190240871160315e-02
2.189984144537305915e-04 1.451322946059360394e-02
2.190957598954188759e-04 9.530857575980962795e-03
2.191931321077659838e-04 6.888303788231265982e-03
2.192723904947015536e-04 5.479323802532506948e-03
2.193516613794689130e-04 4.430208910829245943e-03
2.194309419586075276e-04 3.605456898407168043e-03
2.195102293035174079e-04 2.928970094587807563e-03
2.195895205071608520e-04 2.354506093557526877e-03
2.196688126819708027e-04 1.852123568996340720e-03
2.197648499077050645e-04 1.311281808205073908e-03
2.198608804909758915e-04 8.209390663168330150e-04
2.199569011028928978e-04 3.626752096190081522e-04
2.200529093647488261e-04 -7.793088826763176573e-05
2.201489041404813764e-04 -5.132684585097957702e-04
2.202448853341790159e-04 -9.551528419818879848e-04
2.203408542538398338e-04 -1.416127172681087192e-03
2.204368131206989074e-04 -1.910965306206524909e-03
2.205405599448313867e-04 -2.506292663300431316e-03
2.206203703672085124e-04 -3.027501419974088209e-03
2.207001821359683331e-04 -3.628300287124189977e-03
2.207799981724205545e-04 -4.342773572894781386e-03
2.208598214963451863e-04 -5.224628550831558575e-03
2.209396551337948630e-04 -6.364462075514688670e-03
2.210195018642146885e-04 -7.928937461064166498e-03
2.210806773931233283e-04 -9.617051145472680501e-03
2.211418631920044492e-04 -1.206833774225392689e-02
2.212030600684423835e-04 -1.600721845189465031e-02
2.212529365585422421e-04 -2.163474583047566777e-02
2.213028212495448668e-04 -3.315091107549181237e-02
2.213527142894680319e-04 -7.051242793559023281e-02
2.214026158103440619e-04 5.420846243198121917e-01
2.214525259231787523e-04 5.545342586221835290e-02
2.215219400022198297e-04 2.436325935698854458e-02
2.215913700282091232e-04 1.539095875648628306e-02
2.216608153812823926e-04 1.108202712020433904e-02
2.217302749308481136e-04 8.521964067608843799e-03
2.217997473937665135e-04 6.805475702571855794e-03
2.218692312702965329e-04 5.559438364722734532e-03
2.219548999213667110e-04 4.408669609885759559e-03
2.220405797233194881e-04 3.522144581089481277e-03
2.221262669584052048e-04 2.804344586656938153e-03
2.222119578933985163e-04 2.199372051825044475e-03
2.222976490132875192e-04 1.672011617997535898e-03
2.223833369633067465e-04 1.198618095383745859e-03
2.224690190183667025e-04 7.623441797541169506e-04
2.225970163039894052e-04 1.526492532651979931e-04
2.226996466939316173e-04 -3.195712076942595708e-04
2.228022615138501789e-04 -7.933008470735836235e-04
2.229048616881893678e-04 -1.283796494587225367e-03
2.229998932862701600e-04 -1.768282329854747609e-03
2.230949173602745381e-04 -2.299710813419873941e-03
2.231899378208256567e-04 -2.902154192503116851e-03
2.232643328052853467e-04 -3.445794077508079235e-03
2.233387306999171670e-04 -4.079696692031117150e-03
2.234131339836606704e-04 -4.842030433116407961e-03
2.234875450886308857e-04 -5.793630599093838908e-03
2.235619663720814741e-04 -7.038346085775620993e-03
2.236364001129286677e-04 -8.769942006302685125e-03
2.237411546977680619e-04 -1.291763013408482770e-02
2.238459422943853106e-04 -2.336532232224941205e-02
2.239308903871623619e-04 -6.511067663860889421e-02
2.240158630471912376e-04 8.209403822504328374e-02
2.241008601826238321e-04 2.473432347977279344e-02
2.241858812650460544e-04 1.427337544323702134e-02
2.242709247483799957e-04 9.815388434248367711e-03
2.243559886532536676e-04 7.303146189756587123e-03
2.244410702600851590e-04 5.661885815754639367e-03
2.245275598185794328e-04 4.467231316307429360e-03
2.246140608427588516e-04 3.553874337352869433e-03
2.247005694823887227e-04 2.818207309044190936e-03
2.247870819434633820e-04 2.200373845363023332e-03
2.248735944958145285e-04 1.663018958809778800e-03
2.249601038001252209e-04 1.181243654037355531e-03
2.250466069458223635e-04 7.373849488047629465e-04
2.251666162561806125e-04 1.598324202933297858e-04
2.252866054636143824e-04 -3.984836529676339962e-04
2.253777688392893193e-04 -8.251609512260425078e-04
2.254689206907027578e-04 -1.266152750928722622e-03
2.255600629024973947e-04 -1.734077416934546884e-03
2.256511979456468512e-04 -2.244649224124894895e-03
2.257423293077671662e-04 -2.819023554418789452e-03
2.258334608642884273e-04 -3.487812319835794424e-03
2.259245970185629645e-04 -4.298494771433330336e-03
2.260157422859928277e-04 -5.330518982659962317e-03
2.261069011140408682e-04 -6.729501150434435454e-03
2.262029289404065310e-04 -8.935836450849990106e-03
2.262989807401848857e-04 -1.279581824151030528e-02
2.263950600932680387e-04 -2.167895815880836741e-02
2.264911693040921458e-04 -6.730141792675339851e-02
2.265873097493328631e-04 6.042013035223934431e-02
2.266834813212101135e-04 2.040320761267479591e-02
2.267796828769646697e-04 1.196701717065952811e-02
2.268835465028449475e-04 8.018114664466724495e-03
2.269660104917215274e-04 6.184162727096688406e-03
2.270484891631877782e-04 4.894738635197914273e-03
2.271309795092659898e-04 3.921144025108902476e-03
2.272134782019774818e-04 3.145699101981456764e-03
2.272959819092185097e-04 2.501385431863350269e-03
2.273784873597170671e-04 1.946936676877981639e-03
2.274704193220105611e-04 1.402143073434327855e-03
2.275623458546158890e-04 9.097088463334869739e-04
2.276542637222559601e-04 4.511552978968501044e-04
2.277461708494442089e-04 1.216538727708154464e-05
2.278380657988256534e-04 -4.193891984850123809e-04
2.279299485304167063e-04 -8.548332582812744529e-04
2.280218197014237261e-04 -1.305922512581844100e-03
2.281136813204610707e-04 -1.786141124336548206e-03
2.282165133131764138e-04 -2.379455036588661726e-03
2.282974565876897755e-04 -2.908519813670972214e-03
2.283784004587557025e-04 -3.517508996424843597e-03
2.284593480374047254e-04 -4.241776710508938196e-03
2.285266823641995417e-04 -4.971348994873459222e-03
2.285940232749198743e-04 -5.870405143027781006e-03
2.286613725322911598e-04 -7.023988095733981613e-03
2.287287318511080185e-04 -8.583377796241308672e-03
2.287961026501050463e-04 -1.084682253983321881e-02
2.288634862419130741e-04 -1.449608672949993099e-02
2.289414646368009062e-04 -2.325023348465333692e-02
2.290194626962456677e-04 -5.719147484876914433e-02
2.290974812416670596e-04 1.233438653243638661e-01
2.291755202905236370e-04 2.924079524244174028e-02
2.292535794360448355e-04 1.629588335551680062e-02
2.293316577693890225e-04 1.108421262263326913e-02
2.294097537084201373e-04 8.228510849537851168e-03
2.294928241454555792e-04 6.302679576413111953e-03
2.295759095925976499e-04 4.964354236676513273e-03
2.296590069716879343e-04 3.961699110660955175e-03
2.297421129281271193e-04 3.167416846301668656e-03
2.298252239839846691e-04 2.509925544061909763e-03
2.299083368080896597e-04 1.945571444929650087e-03
2.299914481989524806e-04 1.445883002312570295e-03
2.301123988717577345e-04 7.948904895609191753e-04
2.302333337103455062e-04 1.973333765589594725e-04
2.303339471688680415e-04 -2.817354214353172794e-04
2.304345458639224054e-04 -7.607082904818744705e-04
2.305351307438759860e-04 -1.254518935808751059e-03
2.306357038911071341e-04 -1.779318605352983888e-03
2.307362690634584112e-04 -2.353704429819338407e-03
2.308368308731323371e-04 -2.998944867634937769e-03
2.309121382555852310e-04 -3.540814144467173668e-03
2.309874493238884695e-04 -4.136181153349930903e-03
2.310627665624728723e-04 -4.767742089596759859e-03
2.311363061452682659e-04 -5.352907956821024819e-03
2.312098557852200747e-04 -5.736850313865499498e-03
2.312596581240415540e-04 -5.726459869988188844e-03
2.313094662977567995e-04 -5.365811133025104665e-03
2.313503104282288979e-04 -4.769342631123808796e-03
2.313911586474551253e-04 -3.943611661366781297e-03
2.314320110013150960e-04 -2.999281411460323621e-03
2.314728675298755554e-04 -2.073365586468647274e-03
2.315137281576482768e-04 -1.274170102751582883e-03
2.315814682408170956e-04 -3.438741785287604950e-04
2.316373485248728395e-04 8.250765568430021822e-05
2.316932350672308094e-04 2.898140930505072954e-04
2.317491273127875433e-04 3.583772193969889672e-04
2.318050246892595554e-04 3.465553169644657061e-04
2.318503844640555872e-04 3.045519085193067882e-04
2.318957470143407132e-04 2.478615174904785735e-04
2.319411121703927328e-04 1.850150101319668425e-04
2.319864797640366016e-04 1.214895363258094356e-04
2.320318496286112554e-04 6.068378269690190784e-05
2.320852857066238711e-04 -4.800010118596123429e-06
2.321387246813840530e-04 -6.219131969307183485e-05
2.321921664640740404e-04 -1.110486863512566023e-04
2.322456109744585359e-04 -1.516406864219773689e-04
2.322990581818018172e-04 -1.846461798009470332e-04
2.323525080728241967e-04 -2.109532631010745617e-04
2.324584636007760437e-04 -2.470663266636369455e-04
2.325644296177932090e-04 -2.676963749595527120e-04
2.326704061650650753e-04 -2.785521018200378058e-04
2.327763932867906078e-04 -2.836946121433814739e-04
2.328823910229279963e-04 -2.857531641043071016e-04
2.329883994002699635e-04 -2.862978121742995206e-04
2.330990441084266945e-04 -2.861835984951249540e-04
2.332097004392592020e-04 -2.858522430364115389e-04
2.333203683996240888e-04 -2.855148579163948848e-04
2.334310479930024572e-04 -2.852421902049607268e-04
2.335417392208282729e-04 -2.850427543684905794e-04
2.338287129796355612e-04 -2.847585974862572745e-04
2.341157649124999210e-04 -2.846155843328520684e-04
2.344028950181413159e-04 -2.845011906173294217e-04
2.346901032960163711e-04 -2.843892135574482729e-04
2.349773897460102966e-04 -2.842766777029565517e-04
2.356986217439928843e-04 -2.839941784784283038e-04
2.364203459591845751e-04 -2.837130476614377296e-04
2.371425623915556348e-04 -2.834333821815807975e-04
2.378652710413092970e-04 -2.831551537884958222e-04
2.385884719084192156e-04 -2.828783434797533451e-04
2.400912567731250087e-04 -2.823082008212722039e-04
2.415961625565839796e-04 -2.817439736043608040e-04
2.431031892585641630e-04 -2.811855349224744649e-04
2.446123368789966039e-04 -2.806327511989282629e-04
2.461236054179101419e-04 -2.800854911261550025e-04
2.476369948753172996e-04 -2.795436303038793379e-04
2.481807291818008496e-04 -2.793504286253970978e-04
2.481807292589456289e-04 -2.793504285980406170e-04
2.481807293360904624e-04 -2.793504285706840820e-04
2.481807294132351875e-04 -2.793504285433277097e-04
2.481807301846834140e-04 -2.793504282697623054e-04
2.481807309561316946e-04 -2.793504279961969553e-04
2.481807317275794332e-04 -2.793504277226321474e-04
2.481807324990277139e-04 -2.793504274490666889e-04
2.481807391882298033e-04 -2.793504250769917132e-04
2.481807458774321095e-04 -2.793504227049166833e-04
2.481807525666345242e-04 -2.793504203328415992e-04
2.481807592558367762e-04 -2.793504179607668946e-04
2.481808202740755777e-04 -2.793503963229418451e-04
2.481808812923183365e-04 -2.793503746851247103e-04
2.481809423105642396e-04 -2.793503530473164117e-04
2.481810033288136120e-04 -2.793503314095165157e-04
2.481811244417669914e-04 -2.793502884614459600e-04
2.481812455547335438e-04 -2.793502455134092314e-04
2.481813666677142993e-04 -2.793502025654053542e-04
2.481814877807082278e-04 -2.793501596174351956e-04
2.481816088937159256e-04 -2.793501166694982137e-04
2.481819803630129799e-04 -2.793499849428463292e-04
2.481823518324374278e-04 -2.793498532165094054e-04
2.481827233019893780e-04 -2.793497214904871171e-04
2.481830947716688845e-04 -2.793495897647795727e-04
2.481834662414757848e-04 -2.793494580393868264e-04
2.481838377114097536e-04 -2.793493263143094203e-04
2.481847854186657954e-04 -2.793489902542549614e-04
2.481857331267513602e-04 -2.793486541962493736e-04
2.481866808356665024e-04 -2.793483181402928194e-04
2.481876285454115471e-04 -2.793479820863848111e-04
2.481885762559860606e-04 -2.793476460345256738e-04
2.481895239673904225e-04 -2.793473099847150281e-04
2.481932540803142564e-04 -2.793459873434889934e-04
2.481969842060912528e-04 -2.793446647339976104e-04
2.482007143447217371e-04 -2.793433421562389277e-04
2.482044444962053838e-04 -2.793420196102115358e-04
2.482081746605424642e-04 -2.793406970959136457e-04
2.482119048377327071e-04 -2.793393746133433059e-04
2.482177090767938212e-04 -2.793373168730642992e-04
2.482235133469753866e-04 -2.793352592095926681e-04
2.482293176482768611e-04 -2.793332016229225037e-04
2.482351219806987869e-04 -2.793311441130468128e-04
2.482409263442406219e-04 -2.793290866799593613e-04
2.482467307389025829e-04 -2.793270293236535897e-04
2.482525351646848867e-04 -2.793249720441226135e-04
2.482628983176253805e-04 -2.793212992199554175e-04
2.482732615697638679e-04 -2.793176266404544337e-04
2.482836249210993189e-04 -2.793139543055830161e-04
2.482939883716325465e-04 -2.793102822153025128e-04
2.483043519213630089e-04 -2.793066103695756816e-04
2.483147155702911395e-04 -2.793029387683640874e-04
2.483250793184158542e-04 -2.792992674116312468e-04
2.483396638408677829e-04 -2.792941013195607324e-04
2.483542485597638096e-04 -2.792889357114616421e-04
2.483688334751047474e-04 -2.792837705872278867e-04
2.483834185868896748e-04 -2.792786059467555456e-04
2.483980038951189170e-04 -2.792734417899396136e-04
2.484125893997931244e-04 -2.792682781166742727e-04
2.484271751009119720e-04 -2.792631149268552768e-04
2.484466793583962928e-04 -2.792562114820573683e-04
2.484661839671431440e-04 -2.792493089012694951e-04
2.484856889271532844e-04 -2.792424071842406646e-04
2.485051942384254131e-04 -2.792355063307218896e-04
2.485246999009593132e-04 -2.792286063404624485e-04
2.485442059147547678e-04 -2.792217072132123783e-04
2.485637122798113434e-04 -2.792148089487223668e-04
2.485889633649058053e-04 -2.792058805768906824e-04
2.486142150385999114e-04 -2.791969536498031161e-04
2.486394673008938787e-04 -2.791880281669191391e-04
2.486647201517889539e-04 -2.791791041276981680e-04
2.486899735912858960e-04 -2.791701815315998365e-04
2.487152276193833498e-04 -2.791612603780835073e-04
2.487404822360809900e-04 -2.791523406666079465e-04
2.487727908459034360e-04 -2.791409319505750212e-04
2.488051004190044383e-04 -2.791295255925133360e-04
2.488374109553837259e-04 -2.791181215912945618e-04
2.488697224550440092e-04 -2.791067199457895561e-04
2.489020349179857220e-04 -2.790953206548709114e-04
2.489343483442076716e-04 -2.790839237174092143e-04
2.489666627337074729e-04 -2.790725291322783039e-04
2.490085003134417702e-04 -2.790577805105284230e-04
2.490503395077703222e-04 -2.790430358272948303e-04
2.490921803166977911e-04 -2.790282950801368242e-04
2.491340227402229841e-04 -2.790135582666143535e-04
2.491758667783416730e-04 -2.789988253842892642e-04
2.492177124310538576e-04 -2.789840964307245411e-04
2.492595596983612186e-04 -2.789693714034873970e-04
2.493110504010247696e-04 -2.789512592511925008e-04
2.493625435479618910e-04 -2.789331530346049340e-04
2.494140391391693303e-04 -2.789150527492020555e-04
2.494655371746495810e-04 -2.788969583904691934e-04
2.495170376544085522e-04 -2.788788699538931933e-04
2.495685405784406059e-04 -2.788607874349556971e-04
2.496200459467423269e-04 -2.788427108291421951e-04
2.496820521378368936e-04 -2.788209577723886785e-04
2.497440618711079950e-04 -2.787992132703545406e-04
2.498060751465461444e-04 -2.787774773151382242e-04
2.498680919641534559e-04 -2.787557498988471713e-04
2.499301123239382780e-04 -2.787340310136201030e-04
2.499921362258921537e-04 -2.787123206516815550e-04
2.500541636700132943e-04 -2.786906188052866917e-04
2.501362548329379870e-04 -2.786619121505678402e-04
2.502183521993617114e-04 -2.786332203777466777e-04
2.503004557692875033e-04 -2.786045434687532403e-04
2.503825655427205127e-04 -2.785758814055626126e-04
2.504646815196495723e-04 -2.785472341701986684e-04
2.505468037000882346e-04 -2.785186017447201386e-04
2.506289320840247360e-04 -2.784899841111917714e-04
2.507264419921480117e-04 -2.784560287720566282e-04
2.508239606435864414e-04 -2.784220942257825161e-04
2.509214880383403502e-04 -2.783881804425075799e-04
2.510190241764115272e-04 -2.783542873924189161e-04
2.511165690577964486e-04 -2.783204150457494288e-04
2.512141226824998849e-04 -2.782865633727907859e-04
2.513116850505156021e-04 -2.782527323438864801e-04
2.514242163359665396e-04 -2.782137400072501126e-04
2.515367592512691270e-04 -2.781747750453367305e-04
2.516493137964251532e-04 -2.781358374126681183e-04
2.517618799714388465e-04 -2.780969270637267585e-04
2.518744577763012082e-04 -2.780580439535110509e-04
2.519870472110249233e-04 -2.780191880373387471e-04
2.520996482755944877e-04 -2.779803592702870686e-04
2.522507426736406090e-04 -2.779283055322150737e-04
2.524018580070721543e-04 -2.778763004775112880e-04
2.525529942758852745e-04 -2.778243439983938724e-04
2.527041514800833851e-04 -2.777724359873409254e-04
2.528553296196710395e-04 -2.777205763371226837e-04
2.530065286946439553e-04 -2.776687649407737668e-04
2.531577487049983376e-04 -2.776170016916244018e-04
2.533468843415550057e-04 -2.775523374375415335e-04
2.535360527177496601e-04 -2.774877481035673021e-04
2.537252538335823008e-04 -2.774232334819736129e-04
2.539144876890533616e-04 -2.773587933674751872e-04
2.541037542841618124e-04 -2.772944275544625696e-04
2.542930536189079785e-04 -2.772301358380063708e-04
2.544823856932909383e-04 -2.771659180138602487e-04
2.547091374341361103e-04 -2.770891196904360049e-04
2.549359361169963901e-04 -2.770124266734347936e-04
2.551627817418723743e-04 -2.769358386158965240e-04
2.553896743087643337e-04 -2.768593551715342865e-04
2.556166138176734067e-04 -2.767829759947205829e-04
2.558436002685974251e-04 -2.767067007435756770e-04
2.560706336615359551e-04 -2.766305290761713145e-04
2.563777398999512731e-04 -2.765276814857685773e-04
2.566849319899593531e-04 -2.764250218774189408e-04
2.569922099315455040e-04 -2.763225494171822291e-04
2.572995737247227906e-04 -2.762202632745634811e-04
2.576070233694818345e-04 -2.761181626225297559e-04
2.579145588658307130e-04 -2.760162466408205817e-04
2.585816844658300122e-04 -2.757958921592391834e-04
2.592492137009964307e-04 -2.755763938134531263e-04
2.599171465713306190e-04 -2.753577434301435092e-04
2.605854830768361010e-04 -2.751399329270289061e-04
2.612542232175123886e-04 -2.749229543096045735e-04
2.622140660377374872e-04 -2.746131898972358973e-04
2.631747391609587567e-04 -2.743050974730399717e-04
2.641362425871672526e-04 -2.739986543879690661e-04
2.650985763163720278e-04 -2.736938383499011476e-04
2.660617403485589878e-04 -2.733906274188130131e-04
2.674941239041820100e-04 -2.729431025968351537e-04
2.689283398783343364e-04 -2.724990031156985029e-04
2.703643882710174851e-04 -2.720582611618078809e-04
2.718022690822463096e-04 -2.716208104944309331e-04
2.732419823119961984e-04 -2.711865864006519152e-04
2.746835279602916004e-04 -2.707555256661919093e-04
2.767538425628681331e-04 -2.701427997186961753e-04
2.788279250529878696e-04 -2.695362746526055249e-04
2.809057754306564479e-04 -2.689357792747903530e-04
2.829873936958691516e-04 -2.683411480048351785e-04
2.850727798486168193e-04 -2.677522206821805989e-04
2.871619338889114313e-04 -2.671688423846390139e-04
2.901506483301137486e-04 -2.663454108594452870e-04
2.931470403905505544e-04 -2.655325629845733666e-04
2.961511100702201682e-04 -2.647298992925480954e-04
2.991628573691129406e-04 -2.639370387096921940e-04
3.021822822872377622e-04 -2.631536176856464661e-04
3.052093848245991865e-04 -2.623792893550982888e-04
3.082441649811775352e-04 -2.616137227511860521e-04
3.117730252407772398e-04 -2.607364983231302293e-04
3.153122100576166383e-04 -2.598701639079584852e-04
3.188617194316904183e-04 -2.590142759333590177e-04
3.224215533629843223e-04 -2.581684141937592319e-04
3.259917118515211730e-04 -2.573321805980137390e-04
3.295721948973102944e-04 -2.565051979770517155e-04
3.331630025003262619e-04 -2.556871089662021029e-04
3.367641346605736836e-04 -2.548775749475277173e-04
3.407520185889079123e-04 -2.539933466832049224e-04
3.447524877841000941e-04 -2.531187477918557115e-04
3.487655422461327735e-04 -2.522533936800939753e-04
3.518941738067198868e-04 -2.515867819136778888e-04
3.541385205325292876e-04 -2.511127853861782428e-04
3.563867654644464799e-04 -2.506413999817093353e-04
3.586389086025051822e-04 -2.501725705843816662e-04
3.603089518409469290e-04 -2.498270554108549327e-04
3.619811321601547165e-04 -2.494828911840859262e-04
3.632773464006190298e-04 -2.492173244573860167e-04
3.645748418621281282e-04 -2.489525460065708322e-04
3.658736185446608696e-04 -2.486885466777650155e-04
3.671736764482349809e-04 -2.484253174912299557e-04
3.684750155728435772e-04 -2.481628496340610910e-04
3.697776359185107821e-04 -2.479011344579811231e-04
3.713505224883864868e-04 -2.475864507910535174e-04
3.729252730383841364e-04 -2.472728352312604972e-04
3.745018875685241140e-04 -2.469602735193507305e-04
3.760803660788111899e-04 -2.466487517154827488e-04
3.776607085692099651e-04 -2.463382561903244600e-04
3.792429150397395757e-04 -2.460287736235566240e-04
3.815684279641889248e-04 -2.455763662596882765e-04
3.838979559376290906e-04 -2.451260727966474238e-04
3.862314989601050674e-04 -2.446778545093028913e-04
3.885690570315965806e-04 -2.442316739356837621e-04
3.909106301520990224e-04 -2.437874948370595681e-04
3.932562183216373295e-04 -2.433452821617270161e-04
3.956058215401684589e-04 -2.429050019968012359e-04
3.979594398077352909e-04 -2.424666215409452771e-04
4.004342338282996811e-04 -2.420084844155566493e-04
4.029134514883520989e-04 -2.415523698920888219e-04
4.053970927879339066e-04 -2.410982437083820625e-04
4.078851577269813531e-04 -2.406460727657240692e-04
4.103776463055526600e-04 -2.401958250991032039e-04
4.128745585236184997e-04 -2.397474698291081883e-04
4.153758943811799564e-04 -2.393009771264245481e-04
4.179748603789622957e-04 -2.388398283423036252e-04
4.205785849160135841e-04 -2.383806211067872089e-04
4.231870679923876522e-04 -2.379233254755569796e-04
4.258003096080583707e-04 -2.374679125517052301e-04
4.284183097630127834e-04 -2.370143544517941056e-04
4.310410684572989204e-04 -2.365626242699310532e-04
4.336685856908483686e-04 -2.361126960360640634e-04
4.363008614637235239e-04 -2.356645446907818301e-04
4.389378957758835118e-04 -2.352181460432903727e-04
4.415796886273460589e-04 -2.347734767446024511e-04
4.442358534586606953e-04 -2.343289097541699029e-04
4.463866680112666416e-04 -2.339707522086794430e-04
4.485406151281438815e-04 -2.336136926169851149e-04
4.506976948093058591e-04 -2.332577200391501094e-04
4.524011919708521455e-04 -2.329777244318656938e-04
4.537710629609393621e-04 -2.327532788645337452e-04
4.551421914399405200e-04 -2.325292595094087089e-04
4.565145774078708521e-04 -2.323056638281242306e-04
4.578882208647181611e-04 -2.320824893264690925e-04
4.592631218104596246e-04 -2.318597335540174462e-04
4.606392802451127525e-04 -2.316373941050102415e-04
4.620166961686924525e-04 -2.314154686154928789e-04
4.636742802958218374e-04 -2.311492160748726944e-04
4.653336818309471829e-04 -2.308835545036409798e-04
4.669949007740438777e-04 -2.306184800268985813e-04
4.686579371251484052e-04 -2.303539888519634017e-04
4.703227908842483513e-04 -2.300900772650648035e-04
4.719894620513496249e-04 -2.298267416292275442e-04
4.736579506264314635e-04 -2.295639783821927645e-04
4.753784491455271275e-04 -2.292939182987704277e-04
4.771008758766148304e-04 -2.290244580724527259e-04
4.788252308196747856e-04 -2.287555940516198269e-04
4.805515139746961511e-04 -2.284873226599455924e-04
4.822797253416768125e-04 -2.282196403993869941e-04
4.840098649206466940e-04 -2.279525438446386096e-04
4.857419327115952245e-04 -2.276860296423677992e-04
4.878900079962459105e-04 -2.273567179681674588e-04
4.900410415818106736e-04 -2.270282886202819935e-04
4.921950334683089208e-04 -2.267007356597835327e-04
4.943519836557377792e-04 -2.263740532979135794e-04
4.965118921440583259e-04 -2.260482358914923896e-04
4.986747589333158804e-04 -2.257232779419464429e-04
5.008405840235065397e-04 -2.253991740879865543e-04
5.037714656468732450e-04 -2.249626340594857886e-04
5.067077473304325763e-04 -2.245276310393046323e-04
5.096494290741890873e-04 -2.240941529196128579e-04
5.125965108780965911e-04 -2.236621879858935219e-04
5.155489927421995399e-04 -2.232317249074441078e-04
5.185068746664802612e-04 -2.228027527140592670e-04
5.214701566509281298e-04 -2.223752607842207675e-04
5.251080579967615149e-04 -2.218535108746618747e-04
5.287540651297147586e-04 -2.213339492300139442e-04
5.324081780498731873e-04 -2.208165582656111832e-04
5.360703967571540766e-04 -2.203013210370567243e-04
5.397407212516232376e-04 -2.197882212168679613e-04
5.434191515332410967e-04 -2.192772430534917563e-04
5.471056876020296634e-04 -2.187683713443846210e-04
5.508003294579895881e-04 -2.182615914066213779e-04
5.538308077717028809e-04 -2.178482869371579586e-04
5.568667178608477418e-04 -2.174363671130345212e-04
5.599080597253886090e-04 -2.170258245774442515e-04
5.627250278036939482e-04 -2.166474413541700768e-04
5.655466397902600461e-04 -2.162702239926291741e-04
5.683728956850514491e-04 -2.158941670905875447e-04
5.712037954880776983e-04 -2.155192653685971944e-04
5.740393391993701272e-04 -2.151455136635905044e-04
5.768795268189009801e-04 -2.147729069205147983e-04
5.797243583466626677e-04 -2.144014401908775054e-04
5.825738337826840297e-04 -2.140311086284484379e-04
5.854279531269489115e-04 -2.136619074812817428e-04
5.882867163794395322e-04 -2.132938320892401268e-04
5.905598738161133747e-04 -2.130023800082512977e-04
5.928359589189916273e-04 -2.127116325054911015e-04
5.951149716880378606e-04 -2.124215873601409030e-04
5.973969121232724578e-04 -2.121322423853215251e-04
5.996817802246969366e-04 -2.118435954228976164e-04
6.019695759923244160e-04 -2.115556443432931749e-04
6.044803456659038994e-04 -2.112408489183330534e-04
6.069946320507235227e-04 -2.109268841291932304e-04
6.095124351467926102e-04 -2.106137472805420905e-04
6.120337549541102944e-04 -2.103014357112451102e-04
6.145585914726425314e-04 -2.099899467918998430e-04
6.170869447024161011e-04 -2.096792779273427842e-04
6.198719193554624472e-04 -2.093385199377135368e-04
6.226611483873594139e-04 -2.089987475398817282e-04
6.254546317981265167e-04 -2.086599573996144306e-04
6.282523695877575759e-04 -2.083221462219130655e-04
6.310543617562884783e-04 -2.079853107471107368e-04
6.338606083036477752e-04 -2.076494477478148888e-04
6.366711092298945555e-04 -2.073145540319291675e-04
6.394858645350154835e-04 -2.069806264373502897e-04
6.423048742190071983e-04 -2.066476618287532480e-04
6.451281382818437873e-04 -2.063156570997686868e-04
6.479556567235749071e-04 -2.059846091703115096e-04
6.507874295441811504e-04 -2.056545149838262196e-04
6.536234567436325932e-04 -2.053253715047761779e-04
6.564637383219652312e-04 -2.049971757218526259e-04
6.593082742791737515e-04 -2.046699246432340377e-04
6.615094184233041548e-04 -2.044176734076361363e-04
6.637131033033639299e-04 -2.041659832118375699e-04
6.659193289193625093e-04 -2.039148526972674766e-04
6.677134825086162954e-04 -2.037112515542874390e-04
6.691290353682623248e-04 -2.035510075297532456e-04
6.705456302582256389e-04 -2.033909916892715701e-04
6.719632671784966970e-04 -2.032312036795895038e-04
6.733819461290669337e-04 -2.030716431497279811e-04
6.748016671099621531e-04 -2.029123097488951780e-04
6.762224301211705374e-04 -2.027532031270445510e-04
6.776442351626882918e-04 -2.025943229348643477e-04
6.792341848092497405e-04 -2.024170585370106711e-04
6.808254355037857315e-04 -2.022400759318002236e-04
6.824179872462700271e-04 -2.020633746336818442e-04
6.840118400367168304e-04 -2.018869541597611823e-04
6.856069938751291771e-04 -2.017108140274440759e-04
6.872034487615073925e-04 -2.015349537549907953e-04
6.890457662844676288e-04 -2.013325346751774266e-04
6.908898134138629363e-04 -2.011304862645888099e-04
6.927355901496887614e-04 -2.009288077875862630e-04
6.945830964919361052e-04 -2.007274985109465436e-04
6.964323324406060519e-04 -2.005265577026920764e-04
6.982832979957183340e-04 -2.003259846317231917e-04
7.001359931572731683e-04 -2.001257785680033070e-04
7.020560539650678219e-04 -1.999188757087396189e-04
7.039779689212437470e-04 -1.997123646921304186e-04
7.059017380258111353e-04 -1.995062447115336266e-04
7.078273612787632646e-04 -1.993005149604817200e-04
7.097548386801278905e-04 -1.990951746333482998e-04
7.116841702298840880e-04 -1.988902229253076504e-04
7.136153559280371695e-04 -1.986856590318208005e-04
7.155483957745767268e-04 -1.984814821483892467e-04
7.174832897694966884e-04 -1.982776914725593181e-04
7.194200379128181961e-04 -1.980742862018305603e-04
7.213586402045438521e-04 -1.978712655342085432e-04
7.232990966446618385e-04 -1.976686286681639325e-04
7.252414072331748660e-04 -1.974663748017321948e-04
7.271855719700751281e-04 -1.972645031336577840e-04
7.291315908553582881e-04 -1.970630128636685250e-04
7.310794638890416933e-04 -1.968619031913647680e-04
7.330291910711340172e-04 -1.966611733165928954e-04
7.349807724016219242e-04 -1.964608224394359442e-04
7.369342078804863323e-04 -1.962608497588186709e-04
7.388894975077514192e-04 -1.960612544752301459e-04
7.408466412834060176e-04 -1.958620357890669033e-04
7.428056392074499107e-04 -1.956631929006251880e-04
7.447664912799016384e-04 -1.954647250102574342e-04
7.467291975007646701e-04 -1.952666313183097060e-04
7.486937578699963966e-04 -1.950689110237503179e-04
7.506601723876149242e-04 -1.948715633272684840e-04
7.526284410536360821e-04 -1.946745874290084445e-04
7.545985638680584610e-04 -1.944779825289566608e-04
7.565705408308765314e-04 -1.942817478270209355e-04
7.585443719420950637e-04 -1.940858825229608881e-04
7.605200572016932413e-04 -1.938903858150280125e-04
7.624975966096906883e-04 -1.936952569032849355e-04
7.644769901660800320e-04 -1.935004949869354601e-04
7.664582378708615978e-04 -1.933060992650142810e-04
7.684413397240452519e-04 -1.931120689364005641e-04
7.704262957256416194e-04 -1.929184031997692385e-04
7.724131058756128617e-04 -1.927251012521429636e-04
7.744017701739763261e-04 -1.925321622924709719e-04
7.763922886207304946e-04 -1.923395855186656460e-04
7.783846612158817641e-04 -1.921473701284690406e-04
7.803788879594405429e-04 -1.919555153194356161e-04
7.823749688514093246e-04 -1.917640202888855642e-04
7.843729038917520054e-04 -1.915728842325980185e-04
7.863726930804857155e-04 -1.913821063480133000e-04
7.883743364176125151e-04 -1.911916858317230978e-04
7.903778339031368493e-04 -1.910016218800991705e-04
7.923831855370661991e-04 -1.908119136893334888e-04
7.943903913194057687e-04 -1.906225604554323810e-04
7.963994512501249836e-04 -1.904335613729758259e-04
7.984103653292345774e-04 -1.902449156379227722e-04
8.004231335567391038e-04 -1.900566224456834809e-04
8.024377559326396469e-04 -1.898686809914086550e-04
8.044542324569409772e-04 -1.896810904701110327e-04
8.064725631296486242e-04 -1.894938500766847676e-04
8.084927479507425302e-04 -1.893069590048782828e-04
8.105147869202277908e-04 -1.891204164492955452e-04
8.125386800381112365e-04 -1.889342216045294628e-04
8.145644273043928674e-04 -1.887483736648484691e-04
8.165920287190742014e-04 -1.885628718244529098e-04
8.186214842821609846e-04 -1.883777152774907091e-04
8.206527939936390141e-04 -1.881929032174201033e-04
8.226859578535014594e-04 -1.880084348378020841e-04
8.247319968647762612e-04 -1.878233135565076295e-04
8.267799101525294403e-04 -1.876385380528207034e-04
8.288296977167633819e-04 -1.874541075074851848e-04
8.308813595574825314e-04 -1.872700211012952862e-04
8.329348956746836360e-04 -1.870862780148168335e-04
8.349903060683453370e-04 -1.869028774279421186e-04
8.370475907384846564e-04 -1.867198185221301330e-04
8.392217601042361924e-04 -1.865269100390245887e-04
8.413980188555487787e-04 -1.863343805745258273e-04
8.435763669924214395e-04 -1.861422291649927625e-04
8.457568045148604633e-04 -1.859504548468579523e-04
8.479393314228469850e-04 -1.857590566557080331e-04
8.501239477163969422e-04 -1.855680336291352798e-04
8.523106533955058899e-04 -1.853773848043702773e-04
8.546978011507916145e-04 -1.851698934622445121e-04
8.570874339235424718e-04 -1.849628447857549628e-04
8.594795517137195388e-04 -1.847562375272383069e-04
8.618741545213315976e-04 -1.845500704389492562e-04
8.642712423463724683e-04 -1.843443422752894325e-04
8.666708151888580887e-04 -1.841390517907478717e-04
8.690728730487908438e-04 -1.839341977405882446e-04
8.715898317707320223e-04 -1.837202377927042924e-04
8.741095131664079971e-04 -1.835067532282673301e-04
8.766319172358339471e-04 -1.832937426227443671e-04
8.791570439789938261e-04 -1.830812045528144155e-04
8.816848933959248224e-04 -1.828691375961531945e-04
8.842154654865952770e-04 -1.826575403317365169e-04
8.862306680464280759e-04 -1.824895335423190840e-04
8.882475938907754198e-04 -1.823218224251594059e-04
8.902662430196471750e-04 -1.821544062670621650e-04
8.922866154330410648e-04 -1.819872843548625096e-04
8.943087111309590406e-04 -1.818204559760244526e-04
8.963325301134094508e-04 -1.816539204186685182e-04
8.983580723804008607e-04 -1.814876769715951610e-04
9.004808305927801534e-04 -1.813139185389072653e-04
9.026054781854543499e-04 -1.811404787760810000e-04
9.034206786648662146e-04 -1.810740573902130598e-04
9.042361569494293582e-04 -1.810076826944906575e-04
9.050519130391467080e-04 -1.809413546430697136e-04
9.058679469340203240e-04 -1.808750731901259624e-04
9.066842586340492305e-04 -1.808088382898549252e-04
9.075008481392295243e-04 -1.807426498964736171e-04
9.083177154495619644e-04 -1.806765079642190844e-04
9.095239174143270955e-04 -1.805789674199135240e-04
9.107307245969220718e-04 -1.804815278477555718e-04
9.119381369973367018e-04 -1.803841891008487353e-04
9.131461546155580835e-04 -1.802869510323989522e-04
9.143547774516106114e-04 -1.801898134954729486e-04
9.155640055054652289e-04 -1.800927763432412629e-04
9.171780481212830471e-04 -1.799634855899239546e-04
9.187931677430212930e-04 -1.798343728669933844e-04
9.204093643706845202e-04 -1.797054378273263431e-04
9.220266380042779330e-04 -1.795766801241611759e-04
9.236449886438061934e-04 -1.794480994111018754e-04
9.252644162892638803e-04 -1.793196953421249116e-04
9.268849209406474160e-04 -1.791914675715842466e-04
9.286688346263337638e-04 -1.790506111956639737e-04
9.304540516566244457e-04 -1.789099672904731876e-04
9.322405720315034153e-04 -1.787695353979031586e-04
9.340283957509797801e-04 -1.786293150599532243e-04
9.358175228150700199e-04 -1.784893058192212295e-04
9.365048649452793576e-04 -1.784356005334858494e-04
9.371923992452560991e-04 -1.783819262794803082e-04
9.378801257150013284e-04 -1.783282830313804277e-04
9.385680443545167803e-04 -1.782746707633756371e-04
9.392561551638014790e-04 -1.782210894496699747e-04
9.399444581428583519e-04 -1.781675390644802456e-04
9.406329532916868569e-04 -1.781140195820379456e-04
9.418751952927468217e-04 -1.780175709555601338e-04
9.431180624030585831e-04 -1.779212226177590451e-04
9.443615546226408978e-04 -1.778249744174023540e-04
9.456056719514896458e-04 -1.777288262041491122e-04
9.468504143895924673e-04 -1.776327778274224760e-04
9.480957819369814545e-04 -1.775368291368188570e-04
9.493417745936272257e-04 -1.774409799820837448e-04
9.508485186141100044e-04 -1.773252690963262636e-04
9.523561757440487767e-04 -1.772097031206672430e-04
9.538647459834456027e-04 -1.770942817907751577e-04
9.553742293323012414e-04 -1.769790048426655082e-04
9.568846257906168853e-04 -1.768638720127077872e-04
9.583959353583844029e-04 -1.767488830372306128e-04
9.599081580355997827e-04 -1.766340376531373387e-04
9.615863344263553747e-04 -1.765068376661805812e-04
9.632656339048195192e-04 -1.763798136104414971e-04
9.649460564709866871e-04 -1.762529651287658120e-04
9.666276021248581792e-04 -1.761262918645595396e-04
9.683102708664355135e-04 -1.759997934617955147e-04
9.696495914995070884e-04 -1.758992919550765469e-04
9.709896227980896943e-04 -1.757989006932861352e-04
9.723303647621951490e-04 -1.756986194980072384e-04
9.736718173918260544e-04 -1.755984481905631758e-04
9.750139806869667983e-04 -1.754983865931169812e-04
9.763568546476179225e-04 -1.753984345280591814e-04
9.777004392738004607e-04 -1.752985918178772578e-04
9.792010924415243435e-04 -1.751872685628707421e-04
9.807026311526511556e-04 -1.750760811052667378e-04
9.822050554071828487e-04 -1.749650291992255191e-04
9.837083652051181216e-04 -1.748541125992913580e-04
9.852125605464597934e-04 -1.747433310603949087e-04
9.867176414312078640e-04 -1.746326843378577618e-04
9.882236078593618998e-04 -1.745221721872897700e-04
9.897304598309119260e-04 -1.744117943642120984e-04
9.913096627852102920e-04 -1.742963300986881837e-04
9.928898371933715401e-04 -1.741810126463157215e-04
9.944709830553987058e-04 -1.740658417282181535e-04
9.960531003712891872e-04 -1.739508170660062432e-04
9.976361891410453694e-04 -1.738359383817804067e-04
9.992202493646674694e-04 -1.737212053981350228e-04
1.000805281042156571e-03 -1.736066178381619836e-04
1.002634967770198258e-03 -1.734746108174373331e-04
1.004465947284480850e-03 -1.733427965311026267e-04
1.006298219584981796e-03 -1.732111745563173094e-04
1.008131784671705000e-03 -1.730797444715961332e-04
1.009966642544666291e-03 -1.729485058560696772e-04
1.011802793203870655e-03 -1.728174582897785180e-04
1.013640236649303349e-03 -1.726866013536802508e-04
1.015959396846169947e-03 -1.725218405045759833e-04
1.018280613263171678e-03 -1.723573813576884735e-04
1.020603885900299868e-03 -1.721932230781770341e-04
1.022929214757556469e-03 -1.720293648338863299e-04
1.025256599834951021e-03 -1.718658057955684492e-04
1.027586041132478104e-03 -1.717025451360599945e-04
1.029917538650135548e-03 -1.715395820306283225e-04
1.032547083983935670e-03 -1.713563141909169940e-04
1.035179239956643101e-03 -1.711734219182940535e-04
1.037814006568231169e-03 -1.709909040428771404e-04
1.040451383818719825e-03 -1.708087594004413696e-04
1.043091371708115139e-03 -1.706269868302961654e-04
1.045733970236416678e-03 -1.704455851757449088e-04
1.048379179403623141e-03 -1.702645532841770679e-04
1.051026999209736914e-03 -1.700838900071103459e-04
1.053677429654739997e-03 -1.699035941991967392e-04
1.056760748750355892e-03 -1.696945343272508668e-04
1.059847593393163428e-03 -1.694859673833221645e-04
1.062937963583185808e-03 -1.692778915923564078e-04
1.066031859320392891e-03 -1.690703051869536224e-04
1.069129280604816552e-03 -1.688632064070848368e-04
1.071592502842143475e-03 -1.686990256669627420e-04
1.074057950164387714e-03 -1.685351507014669695e-04
1.076525622571551004e-03 -1.683715806385686431e-04
1.078995520063635079e-03 -1.682083146093471592e-04
1.081467642640650349e-03 -1.680453517479873126e-04
1.083941990302600281e-03 -1.678826911917857215e-04
1.086418563049470565e-03 -1.677203320806459408e-04
1.088897360881247757e-03 -1.675582735576661814e-04
1.091432705807031129e-03 -1.673929780276787950e-04
1.093970374275308110e-03 -1.672279945883323909e-04
1.096510366286081737e-03 -1.670633223356674717e-04
1.099052681839358080e-03 -1.668989603691475832e-04
1.101597320935141693e-03 -1.667349077916694246e-04
1.104144283573413061e-03 -1.665711637087255188e-04
1.106693569754171750e-03 -1.664077272300450714e-04
1.109245179477423614e-03 -1.662445974688527288e-04
1.111913354617077637e-03 -1.660745007326571842e-04
1.114584065717505500e-03 -1.659047367863220599e-04
1.117257312778709155e-03 -1.657353046304884487e-04
1.119933095800690337e-03 -1.655662032698003992e-04
1.122611414783423892e-03 -1.653974317119191859e-04
1.125292269726929336e-03 -1.652289889702385044e-04
1.127975660631206235e-03 -1.650608740615222385e-04
1.130661587496256323e-03 -1.648930860066237470e-04
1.133495043081720038e-03 -1.647166060733856242e-04
1.136331315397043525e-03 -1.645404869620848798e-04
1.139170404442210521e-03 -1.643647275404035060e-04
1.142012310217219075e-03 -1.641893266815719267e-04
1.144857032722079162e-03 -1.640142832641166496e-04
1.147704571956793818e-03 -1.638395961712540343e-04
1.150554927921365210e-03 -1.636652642911564910e-04
1.155260549383464036e-03 -1.633786105433996847e-04
1.159973827604177153e-03 -1.630929144349152840e-04
1.164694762583531234e-03 -1.628081710705146779e-04
1.169423354321533215e-03 -1.625243755902869172e-04
1.174159602818194590e-03 -1.622415231700341032e-04
1.178903508073476545e-03 -1.619596090192090181e-04
1.183655070087404233e-03 -1.616786283850550426e-04
1.189160812845021847e-03 -1.613547727475172610e-04
1.194676800225223526e-03 -1.610321525838784469e-04
1.200203032227972408e-03 -1.607107607101311152e-04
1.205739508853308824e-03 -1.603905900055994178e-04
1.211286230101266820e-03 -1.600716334098722612e-04
1.216843195971772885e-03 -1.597538839203505967e-04
1.222410406464862149e-03 -1.594373345967698720e-04
1.229005208807735887e-03 -1.590646468877264844e-04
1.235614329139708874e-03 -1.586936156596654263e-04
1.242237767460791084e-03 -1.583242297587222989e-04
1.248875523771045184e-03 -1.579564781427947025e-04
1.255527598070392678e-03 -1.575903498764473271e-04
1.262193990358888209e-03 -1.572258341342022887e-04
1.268874700636538500e-03 -1.568629201971985943e-04
1.276666833467260571e-03 -1.564426123958330092e-04
1.284478354516158756e-03 -1.560244427022573625e-04
1.292309263783220693e-03 -1.556083947515375611e-04
1.298722922859512534e-03 -1.552699726860142871e-04
1.305149529066291234e-03 -1.549329479325596906e-04
1.311589082403566550e-03 -1.545973118278752318e-04
1.318041582871303137e-03 -1.542630557842390683e-04
1.324507030469532437e-03 -1.539301712928613903e-04
1.330985425198277002e-03 -1.535986499196110102e-04
1.337476767057491729e-03 -1.532684833019122951e-04
1.343981056047208709e-03 -1.529396631528599033e-04
1.351318225877829035e-03 -1.525711210110621734e-04
1.358671801430135027e-03 -1.522042630006046878e-04
1.366041782704172656e-03 -1.518390776216880698e-04
1.373428169699969026e-03 -1.514755534844689324e-04
1.380830962417455184e-03 -1.511136793042938068e-04
1.388250160856691843e-03 -1.507534439056910935e-04
1.395685765017706760e-03 -1.503948362174828011e-04
1.404094459856339468e-03 -1.499921881923116655e-04
1.412524037224192333e-03 -1.495915824905979900e-04
1.420974497121249092e-03 -1.491930036761306545e-04
1.429445839547490230e-03 -1.487964364699406782e-04
1.437938064502992724e-03 -1.484018657521484559e-04
1.446451171987697812e-03 -1.480092765540638549e-04
1.453388484353608555e-03 -1.476915166671470059e-04
1.460339602469118382e-03 -1.473750491032267110e-04
1.467304526334218618e-03 -1.470598660343883026e-04
1.474283255948899722e-03 -1.467459596965622014e-04
1.481275791313190534e-03 -1.464333223898959602e-04
1.488282132427099728e-03 -1.461219464760543836e-04
1.495302279290601716e-03 -1.458118243768279814e-04
1.503442076506408863e-03 -1.454545564049718675e-04
1.511600355955166263e-03 -1.450989453587315083e-04
1.519777117636820574e-03 -1.447449798018513153e-04
1.527972361551446822e-03 -1.443926484064666984e-04
1.536186087699056716e-03 -1.440419399482004896e-04
1.544418296079590408e-03 -1.436928433040859108e-04
1.552668986693128781e-03 -1.433453474559415316e-04
1.560962804354878650e-03 -1.429984140907256866e-04
1.569275214456132723e-03 -1.426530691670812331e-04
1.577606216996969282e-03 -1.423093018711717726e-04
1.585955811977353413e-03 -1.419671014872465897e-04
1.592752463484789840e-03 -1.416902541583695962e-04
1.599561384994752653e-03 -1.414144282520678664e-04
1.606382576507258330e-03 -1.411396181654772262e-04
1.613216038022315113e-03 -1.408658183360770710e-04
1.620061769539911508e-03 -1.405930232433531791e-04
1.626919771060052504e-03 -1.403212274083846312e-04
1.633790042582759349e-03 -1.400504253927130685e-04
1.641359264556888553e-03 -1.397537724552134564e-04
1.648943324425793458e-03 -1.394583076736351506e-04
1.656542222189493797e-03 -1.391640239827310278e-04
1.664155957848018844e-03 -1.388709143737443404e-04
1.671784531401338241e-03 -1.385789718944314302e-04
1.679427942849461746e-03 -1.382881896502686082e-04
1.687086192192458530e-03 -1.379985608020801102e-04
1.695314456062035208e-03 -1.376892716624878365e-04
1.703559780273858001e-03 -1.373812925815740178e-04
1.710136717240413884e-03 -1.371370179539372854e-04
1.716724468722911814e-03 -1.368935644378025329e-04
1.723323034721340732e-03 -1.366509279427669118e-04
1.729932415235744658e-03 -1.364091044075811741e-04
1.736552610266134649e-03 -1.361680897983654544e-04
1.740853458699778786e-03 -1.360121545859764504e-04
1.740901197868414789e-03 -1.360104265326480080e-04
1.740948937597299687e-03 -1.360086985211136890e-04
1.740996677886434783e-03 -1.360069705511776595e-04
1.741200549520841414e-03 -1.359995920773874266e-04
1.741404431371661914e-03 -1.359922143652175883e-04
1.741608323438899320e-03 -1.359848374118356393e-04
1.741812225722546908e-03 -1.359774612161679212e-04
1.742284861138277416e-03 -1.359603678920629432e-04
1.742757551436567793e-03 -1.359432786353502757e-04
1.743230296617457285e-03 -1.359261934445851652e-04
1.743703096680904912e-03 -1.359091123183444065e-04
1.745112057460135443e-03 -1.358582457965908032e-04
1.746521505404981765e-03 -1.358074153030734753e-04
1.747931440515446046e-03 -1.357566208000228578e-04
1.749341862791527202e-03 -1.357058622496836971e-04
1.750752772233225450e-03 -1.356551396143473062e-04
1.755080131942534380e-03 -1.354999021101581651e-04
1.759412067957272533e-03 -1.353450005478933408e-04
1.763748580277446415e-03 -1.351904338515009607e-04
1.768089668903059927e-03 -1.350362009497532560e-04
1.772435333834090085e-03 -1.348823007751846390e-04
1.776785575070554237e-03 -1.347287322662428966e-04
1.782182733057674452e-03 -1.345388890987923836e-04
1.787586918469146087e-03 -1.343495516153593984e-04
1.792998131304961336e-03 -1.341607178247284802e-04
1.798416371565131041e-03 -1.339723857461559350e-04
1.803841639249655418e-03 -1.337845534089633680e-04
1.809273934358535769e-03 -1.335972188543216570e-04
1.814713256891763637e-03 -1.334103801334474365e-04
1.822464400831267468e-03 -1.331453980449393351e-04
1.830229770672608253e-03 -1.328814102234044845e-04
1.838009366415801820e-03 -1.326184111633834338e-04
1.845803188060895442e-03 -1.323563954019927550e-04
1.853611235607883047e-03 -1.320953575172424427e-04
1.861433509056734711e-03 -1.318352921262252151e-04
1.869270008407485561e-03 -1.315761938878586782e-04
1.877120733660173763e-03 -1.313180575008718266e-04
1.884985684814809073e-03 -1.310608777033411680e-04
1.892864861871347039e-03 -1.308046492705643041e-04
1.901050820538522377e-03 -1.305399323442357155e-04
1.909252078146940479e-03 -1.302762272295938082e-04
1.917468634696592672e-03 -1.300135282314040424e-04
1.925700490187435155e-03 -1.297518296967703250e-04
1.933947644619544905e-03 -1.294911260172560623e-04
1.942210097992935584e-03 -1.292314116263477497e-04
1.950487850307573148e-03 -1.289726809984553108e-04
1.956452774784027317e-03 -1.287871416418358728e-04
1.962425618206357913e-03 -1.286021066266734326e-04
1.968406380574573393e-03 -1.284175739350691757e-04
1.974395061888709318e-03 -1.282335415600045813e-04
1.980391662148744437e-03 -1.280500075044473628e-04
1.986396181354661838e-03 -1.278669697826038021e-04
1.992408619506476700e-03 -1.276844264196108094e-04
1.998940713044133118e-03 -1.274869345941221233e-04
2.005482127938807823e-03 -1.272900198691054481e-04
2.012032864190483467e-03 -1.270936797632642027e-04
2.018592921799157881e-03 -1.268979118099253082e-04
2.025162300764855351e-03 -1.267027135571193103e-04
2.031741001087582817e-03 -1.265080825666625209e-04
2.038329022767351555e-03 -1.263140164143846192e-04
2.046442923520986994e-03 -1.260761489886273745e-04
2.054570919092653901e-03 -1.258391275557157042e-04
2.062713009482378297e-03 -1.256029476934682372e-04
2.070869194690189239e-03 -1.253676050104762687e-04
2.079039474716071548e-03 -1.251330951447578860e-04
2.087223849560043004e-03 -1.248994137655526208e-04
2.095422319222126593e-03 -1.246665565724687519e-04
2.105465110106373612e-03 -1.243829735461642874e-04
2.115528970033755778e-03 -1.241006083904720421e-04
2.125613899004329035e-03 -1.238194534257061629e-04
2.135719897018128945e-03 -1.235395010365766323e-04
2.145846964075168086e-03 -1.232607436708421200e-04
2.155995100175454263e-03 -1.229831738395852081e-04
2.166164305319050794e-03 -1.227067841177617287e-04
2.173951038320344215e-03 -1.224963250331706944e-04
2.181750079542844195e-03 -1.222865477834084104e-04
2.189561428986608847e-03 -1.220774491261454305e-04
2.192497960186786700e-03 -1.219991020791677593e-04
2.195436227074840964e-03 -1.219208501018744179e-04
2.198376229650720898e-03 -1.218426930247915827e-04
2.201317967914469004e-03 -1.217646306788543371e-04
2.204261441866092221e-03 -1.216866628954043131e-04
2.207206651505548914e-03 -1.216087895061879431e-04
2.210153596832873778e-03 -1.215310103431559234e-04
2.215811431438789898e-03 -1.213820736243722350e-04
2.221475652822776405e-03 -1.212334818343076514e-04
2.227146260984831563e-03 -1.210852338003702149e-04
2.232823255924953204e-03 -1.209373283553359066e-04
2.238506637643144798e-03 -1.207897643373195227e-04
2.244196406139421524e-03 -1.206425405897356020e-04
2.249892561413757795e-03 -1.204956559603514706e-04
2.257028034183586850e-03 -1.203123638983469984e-04
2.264173503919315530e-03 -1.201295986183148988e-04
2.270042867402824807e-03 -1.199800560151226752e-04
2.275918958844703327e-03 -1.198308652220769641e-04
2.281801778244938080e-03 -1.196820250251095721e-04
2.287691325603498273e-03 -1.195335342152141749e-04
2.293587600920408628e-03 -1.193853915900677006e-04
2.299490604195685191e-03 -1.192375959524578845e-04
2.305400335429352680e-03 -1.190901461107261112e-04
2.314516552485822252e-03 -1.188636955842042121e-04
2.323648732819171003e-03 -1.186380583962216942e-04
2.331169137136244324e-03 -1.184531465589934695e-04
2.338700332740155288e-03 -1.182687792875677848e-04
2.346242319630918206e-03 -1.180849542324025975e-04
2.353795097808555632e-03 -1.179016690576131126e-04
2.361358667273037639e-03 -1.177189214396177225e-04
2.368933028024395888e-03 -1.175367090697176627e-04
2.376518180062650327e-03 -1.173550296521013619e-04
2.385702328163508915e-03 -1.171361045476107602e-04
2.394902247244407208e-03 -1.169179509861068575e-04
2.404117937305327857e-03 -1.167005649869311994e-04
2.413349398346336348e-03 -1.164839425982951013e-04
2.422596630367482122e-03 -1.162680798952174277e-04
2.431859633368759540e-03 -1.160529729796254774e-04
2.441138407350137377e-03 -1.158386179789477975e-04
2.450518971208095337e-03 -1.156230393352802459e-04
2.459915599058684621e-03 -1.154082187353569521e-04
2.469328290901906097e-03 -1.151941522808232004e-04
2.478757046737733744e-03 -1.149808360987114245e-04
2.488201866566247793e-03 -1.147682663441818539e-04
2.495752260942117693e-03 -1.145991260526037849e-04
2.503312890090000995e-03 -1.144304569648650909e-04
2.510883754009908542e-03 -1.142622571610822895e-04
2.518464852701844236e-03 -1.140945247310847643e-04
2.526056186165844940e-03 -1.139272577762701327e-04
2.533657754401894609e-03 -1.137604544078556310e-04
2.541269557410014927e-03 -1.135941127472896509e-04
2.550475934925165462e-03 -1.133938356660961396e-04
2.559697240124136821e-03 -1.131942260004308406e-04
2.566444200301617063e-03 -1.130488018272894396e-04
2.573199129556718191e-03 -1.129037309547477249e-04
2.579962027889442372e-03 -1.127590121280071852e-04
2.586732895299826470e-03 -1.126146440982138272e-04
2.593511731787887832e-03 -1.124706256220652336e-04
2.600298537353586993e-03 -1.123269554619936439e-04
2.607093311996945204e-03 -1.121836323869210880e-04
2.614633731096638845e-03 -1.120251817973791245e-04
2.622183940038243580e-03 -1.118671544283524890e-04
2.629743938821843107e-03 -1.117095486279729777e-04
2.637313727447347655e-03 -1.115523627522990702e-04
2.644893305914843527e-03 -1.113955951663240206e-04
2.652482674224295161e-03 -1.112392442437849023e-04
2.660081832375761970e-03 -1.110833083666097875e-04
2.668105212257194936e-03 -1.109193327544531825e-04
2.676139476695400289e-03 -1.107558149317540967e-04
2.682582434322126202e-03 -1.106251729681529490e-04
2.689032374756471135e-03 -1.104948225389153324e-04
2.695489297998444195e-03 -1.103647626934609478e-04
2.701953204048053621e-03 -1.102349924853378939e-04
2.708424092905315026e-03 -1.101055109721966736e-04
2.714901964570236217e-03 -1.099763172157733890e-04
2.721386819042813290e-03 -1.098474102814316793e-04
2.731702138294627401e-03 -1.096432335159207050e-04
2.742035076711542372e-03 -1.094397744122829373e-04
2.752385634293587693e-03 -1.092370292880546725e-04
2.762753811040861811e-03 -1.090349944857854967e-04
2.773139606953314851e-03 -1.088336663717093651e-04
2.783543022030991482e-03 -1.086330413383012868e-04
2.791987181215848431e-03 -1.084709622360759037e-04
2.800442912595010620e-03 -1.083093406643935544e-04
2.808910216168455497e-03 -1.081481747375770912e-04
2.817389091936189135e-03 -1.079874625798999435e-04
2.824193054710030359e-03 -1.078589820995558236e-04
2.831004451027385391e-03 -1.077307909501550764e-04
2.837823280888271578e-03 -1.076028881804755956e-04
2.844649544292700630e-03 -1.074752728434632057e-04
2.851483241240687725e-03 -1.073479439961711769e-04
2.858324371732210746e-03 -1.072209006990637473e-04
2.865172935767297015e-03 -1.070941420177635989e-04
2.872927089133562890e-03 -1.069511295309965107e-04
2.880690749898552529e-03 -1.068084785336536051e-04
2.888463918062258561e-03 -1.066661876923488439e-04
2.896246593624772058e-03 -1.065242556802468163e-04
2.904038776586022764e-03 -1.063826811762399788e-04
2.911840466946027592e-03 -1.062414628666156292e-04
2.919651664704870243e-03 -1.061005994438901054e-04
2.928445622317664421e-03 -1.059426403721628452e-04
2.937251599058711155e-03 -1.057851264591265137e-04
2.946069594927992231e-03 -1.056280558747580529e-04
2.954899609925471220e-03 -1.054714267984343563e-04
2.963741644051242231e-03 -1.053152374205390025e-04
2.972595697305340390e-03 -1.051594859408863127e-04
2.981461769687745317e-03 -1.050041705691026785e-04
2.990650387686916503e-03 -1.048438839205169122e-04
2.999851879688405446e-03 -1.046840605272158104e-04
3.009066245692259417e-03 -1.045246984373505886e-04
3.018293485698490992e-03 -1.043657957096740077e-04
3.027533599707130530e-03 -1.042073504137468475e-04
3.036786587718219663e-03 -1.040493606299195285e-04
3.046052449731778775e-03 -1.038918244485423662e-04
3.055331185747833887e-03 -1.037347399710920572e-04
3.065212934365654611e-03 -1.035681794232404338e-04
3.075109242972853991e-03 -1.034021253420756777e-04
3.085020111569474963e-03 -1.032365754831361058e-04
3.094945540155532269e-03 -1.030715276145092687e-04
3.104885528731044560e-03 -1.029069795176608230e-04
3.114840077296074719e-03 -1.027429289874099067e-04
3.124809185850663945e-03 -1.025793738312244210e-04
3.135034410198180629e-03 -1.024123756020393878e-04
3.145274907080906901e-03 -1.022458923748987690e-04
3.155530676498871819e-03 -1.020799218354552967e-04
3.165801718452141734e-03 -1.019144616834207693e-04
3.176088032940756548e-03 -1.017495096319238787e-04
3.186389619964770468e-03 -1.015850634076438923e-04
3.196706479524186965e-03 -1.014211207499197509e-04
3.198447465189641244e-03 -1.013935285370826133e-04
3.200662952934361580e-03 -1.013584455417998524e-04
3.202879143359377376e-03 -1.013233856785801832e-04
3.205096036464694705e-03 -1.012883488580386854e-04
3.214858527585656711e-03 -1.011344654970540408e-04
3.224634622078197208e-03 -1.009810269578788284e-04
3.234424319942339615e-03 -1.008280303809142600e-04
3.244227621178115157e-03 -1.006754735633864564e-04
3.277839376195542873e-03 -1.001573093729096113e-04
3.311610068492084388e-03 -9.964418823232688458e-05
3.345539698069144828e-03 -9.913603835012699608e-05
3.379628264928246847e-03 -9.863278958793607722e-05
3.481883201308901693e-03 -9.716531438755743257e-05
3.585542149308547019e-03 -9.573879042858945379e-05
3.690605108973616169e-03 -9.435156995294896403e-05
3.797072080354191911e-03 -9.300209079199335061e-05
3.904943063503910159e-03 -9.168887116701159663e-05
4.030276197352729815e-03 -9.022685261356742144e-05
4.157452849185587149e-03 -8.880859962103821370e-05
4.286473019103266557e-03 -8.743222472960907998e-05
4.417336707214355659e-03 -8.609594644919593351e-05
4.550043913635904054e-03 -8.479808191021391930e-05
4.684594638493788481e-03 -8.353704002944072331e-05
4.881774271494833742e-03 -8.178119105659182057e-05
5.082783850736285677e-03 -8.009450879164436391e-05
5.287623376707592179e-03 -7.847308618678102506e-05
5.496292849949481300e-03 -7.691330118317583886e-05
5.708792271057245953e-03 -7.541179129406489986e-05
5.925121640685372150e-03 -7.396543083357460038e-05
6.168297271606317835e-03 -7.242982388474315076e-05
6.416137101786754081e-03 -7.095420947147719048e-05
6.668641132399642790e-03 -6.953522380550582974e-05
6.925809364736637379e-03 -6.816974626294833219e-05
7.187641800217661053e-03 -6.685487793403541428e-05
7.454138440401048872e-03 -6.558792245748526917e-05
7.725299286993689805e-03 -6.436636881624575944e-05
8.115486926019779834e-03 -6.271692890033302311e-05
8.514944014094985580e-03 -6.114704938669180084e-05
8.923670557781947232e-03 -5.965123568960378802e-05
9.341666564464033012e-03 -5.822448046366040408e-05
9.768932042424367107e-03 -5.686221124164673888e-05
1.020546700093125092e-02 -5.556024468240506437e-05
1.065127145032864278e-02 -5.431474645074763698e-05
1.116743157079713201e-02 -5.296774462745058388e-05
1.169548462278734505e-02 -5.168400263566120883e-05
1.223543062733451446e-02 -5.045925356834956454e-05
1.278726960800324365e-02 -4.928960058477891906e-05
1.335100159112340146e-02 -4.817147800005954064e-05
1.392662660604285577e-02 -4.710161717582474406e-05
1.451414468539733056e-02 -4.607701652448812360e-05
1.522849873088857019e-02 -4.491336202849203216e-05
1.595968116805659628e-02 -4.380560237569551925e-05
1.670769207359862688e-02 -4.274987324939645236e-05
1.747253153359094521e-02 -4.174265413724517889e-05
1.825419964438357995e-02 -4.078073124406306936e-05
1.905269651355272556e-02 -3.986116509418158126e-05
1.986802226092321960e-02 -3.898126214657285295e-05
2.084328123850887407e-02 -3.799885573761506403e-05
2.184157602001842238e-02 -3.706374738200316269e-05
2.286290687393532917e-02 -3.617265105271279095e-05
2.390727410153033541e-02 -3.532257492112433721e-05
2.497467803998216357e-02 -3.451078938932836539e-05
2.606511906571437609e-02 -3.373479919717219214e-05
2.717859759795575661e-02 -3.299231901730088971e-05
2.851105143909896805e-02 -3.216309070609111995e-05
2.987506331623675584e-02 -3.137382996596523000e-05
3.127063416952786945e-02 -3.062174996969644291e-05
3.269776505391120552e-02 -2.990431457881834084e-05
3.415645715002518790e-02 -2.921921099659286397e-05
3.564671177590406775e-02 -2.856432589995057709e-05
3.716853039945067216e-02 -2.793772452723331768e-05
3.906741071592332443e-02 -2.720918406558339944e-05
4.101325295936152082e-02 -2.651715579272719952e-05
4.300606088352567496e-02 -2.585898801961068104e-05
4.504583872001765438e-02 -2.523227756466102213e-05
4.713259122567066417e-02 -2.463484148845486660e-05
4.926632373342097054e-02 -2.406469255515219865e-05
5.144704220679271328e-02 -2.352001794792138645e-05
5.393290840877111580e-02 -2.294095381040308284e-05
5.647715883250536972e-02 -2.238938759286891115e-05
5.907980506629039591e-02 -2.186341897263576722e-05
6.174086009474318015e-02 -2.136131733472183166e-05
6.446033843029985722e-02 -2.088150331400523535e-05
6.723825625363855085e-02 -2.042253272661595224e-05
7.007463156385787539e-02 -1.998308243025070328e-05
7.384787643781041966e-02 -1.943919846346851360e-05
7.771992179538923795e-02 -1.892381495770772729e-05
8.169082377459926936e-02 -1.843475400208050528e-05
8.576064605469077562e-02 -1.797005191197615449e-05
8.992946064732219857e-02 -1.752793356695454295e-05
9.419734874793327106e-02 -1.710679033392103126e-05
9.697027727585467993e-02 -1.684854726788503356e-05
9.895301249139323851e-02 -1.667074541011490392e-05
1.005919215725828847e-01 -1.652785476721113620e-05
1.022443402712878563e-01 -1.638735921022017696e-05
1.035966839322901428e-01 -1.627494491920723828e-05
1.049579505336274976e-01 -1.616404038775931911e-05
1.063281434256617558e-01 -1.605461520011748481e-05
1.077072660695913980e-01 -1.594663973814926825e-05
1.090953220406003649e-01 -1.584008515537780275e-05
1.103993148968607507e-01 -1.574186069346006640e-05
1.113040274388076983e-01 -1.567475146160447600e-05
1.120296276232788796e-01 -1.562152974953522877e-05
1.127576002700507452e-01 -1.556866243854725107e-05
1.134879459312230499e-01 -1.551614596396217136e-05
1.142206651677054735e-01 -1.546397680764449966e-05
1.149557585497390927e-01 -1.541215149751285233e-05
1.158734934347189494e-01 -1.534815806210244481e-05
1.167949041412047195e-01 -1.528468489882195698e-05
1.177199918276107676e-01 -1.522172561123771825e-05
1.186487576753202100e-01 -1.515927390490386638e-05
1.195812028894604057e-01 -1.509732358579787768e-05
1.205173286987539782e-01 -1.503586855773945265e-05
1.216902610089757447e-01 -1.495989162820736661e-05
1.228689252561634554e-01 -1.488466466641150080e-05
1.240533239879239025e-01 -1.481017645359958595e-05
1.252434598137862620e-01 -1.473641598802106913e-05
1.264393354068515385e-01 -1.466337248018039027e-05
1.276409535045828492e-01 -1.459103534745335759e-05
1.290174689059437885e-01 -1.450943925169952356e-05
1.304014515179773293e-01 -1.442873217798266130e-05
1.317929057126902559e-01 -1.434889939308836140e-05
1.331918359804666330e-01 -1.426992647896757004e-05
1.345982469323993569e-01 -1.419179932394827498e-05
1.360121433025784921e-01 -1.411450411420790468e-05
1.374335299517283893e-01 -1.403802732670950224e-05
1.394449348910143383e-01 -1.393184649288797582e-05
1.414711748462696705e-01 -1.382722191937767668e-05
1.435122646598455953e-01 -1.372411874274430314e-05
1.455682197194423655e-01 -1.362250309851788910e-05
1.476390559731708962e-01 -1.352234208521837292e-05
1.497247899470020849e-01 -1.342360372997018474e-05
1.549785209770304095e-01 -1.318393072554877280e-05
1.603248475354090707e-01 -1.295241709707359567e-05
1.657640751369621746e-01 -1.272863722526804466e-05
1.712965362280969295e-01 -1.251219328971169481e-05
1.769225920876087987e-01 -1.230271298660142839e-05
1.826426348246659170e-01 -1.209984745931296434e-05
1.930710256140175107e-01 -1.175369667484352731e-05
2.014267887698958370e-01 -1.149611956913620806e-05
2.099685896220120640e-01 -1.124895653385366519e-05
2.169476681023880804e-01 -1.105798394997388963e-05
2.240481105917218885e-01 -1.087293692745221429e-05
2.312709043633137396e-01 -1.069351135752834166e-05
2.386171199850460889e-01 -1.051942131658160359e-05
2.457843145993402756e-01 -1.035711681640444418e-05
2.530673551750375339e-01 -1.019925379153919968e-05
2.604674350392282012e-01 -1.004561993557019040e-05
2.679858391120107930e-01 -9.896014177650227240e-06
2.756239497981467501e-01 -9.750245887908514367e-06
2.853764920798079197e-01 -9.572547929847099806e-06
2.953229123760351404e-01 -9.400266982945433927e-06
3.054666861254467514e-01 -9.233086367459771970e-06
3.158116071712137596e-01 -9.070708010140977914e-06
3.263618129378585975e-01 -8.912851014360100181e-06
3.407625039509176168e-01 -8.708861944203617167e-06
3.555483644066178006e-01 -8.511858288617565023e-06
3.707326178428492769e-01 -8.321291197284908422e-06
3.863300380745031681e-01 -8.136648524794753648e-06
4.023571144290796764e-01 -7.957451096982826828e-06
4.188322355013550657e-01 -7.783249393993705383e-06
4.443736504728536540e-01 -7.530934690839418568e-06
4.710439850455435673e-01 -7.287550963664622289e-06
4.989357162077120433e-01 -7.051884053231936095e-06
5.281574332319850518e-01 -6.822810717896642761e-06
5.588367033781965754e-01 -6.599287141131765623e-06
5.911235467929856213e-01 -6.380339470637111031e-06
6.361285135278901270e-01 -6.099059453622315062e-06
6.846779216697959081e-01 -5.822164240632093055e-06
7.373743378222271661e-01 -5.547897586099026826e-06
7.949762582738972849e-01 -5.274637844905531507e-06
8.455202365952383392e-01 -5.054524644504374753e-06
9.004828368508283054e-01 -4.833374497674396081e-06
9.606352122441783603e-01 -4.610520592198602437e-06
1.000000000000000000e+00 -4.474411167826249565e-06
